company_id,organization_name,founded_year,headquarters_country,number_of_founders,age,hub_binary,b2b_binary,years_to_seed,total_seed_funding_m,number_seed_rounds,avg_seed_investor_distance,avg_seed_investor_pairwise_distance,average_seed_investors_portfolio_organizations,avg_age_of_seed_investors,specific_vc_in_seed_binary,target_vc_in_seed_binary,hub_vc_in_seed_binary,accelerator_funding_binary,angel_group_funding_binary,micro_vc_funding_binary,corporate_vc_funding_binary,homecountry_investor_in_seed_binary,seed_investor_same_city,energy,materials,industrials,consumer_discretionary,consumer_staples,health_care,financials,information_technology,communication_services,utilities,real_estate,other,degree_global,betweenness_global,closeness_global,eigenvector_global,degree_homecountry,betweenness_homecountry,closeness_homecountry,eigenvector_homecountry,success,exit_binary,funding_success
2121,youmag,2011,France,2.0,0,True,False,0,2.794660476152623,1,264.06959986596473,0.0,2.0,8.0,False,False,False,False,False,False,False,False,False,False,False,False,False,False,False,False,True,True,False,False,False,0.0009440127804807,6.724823726058618e-05,0.2745734977506774,2.972242631028548e-06,0.000709219858156,0.0,0.2527626976266001,0.0001470877900014,False,False,False
1521,Javelo,2015,France,4.0,3,True,True,3,1.224879,1,0.0,0.0,92.0,8.0,False,False,True,False,False,False,False,True,True,False,False,False,False,False,False,False,True,False,False,False,True,0.0051557621087793,0.0005107543813061,0.3415433480554872,0.0001509186681055,0.0248226950354609,0.0012434814299626,0.3421470070771128,0.0064304095523258,False,False,False
2406,Nextmind,2017,France,2.0,1,True,True,1,4.6,1,1726.4737467158766,396.0167542263701,36.5,3.0,True,False,False,False,False,True,False,False,False,False,False,False,True,False,False,False,True,False,False,False,False,0.0034855856510057,0.0005780956040327,0.3239741230663288,0.0001284551110553,0.0042553191489361,0.0003978642648913,0.2968431127144224,0.0007076597407575,True,True,False
1255,Naïo Technologies,2011,France,2.0,4,False,True,4,3.285802,1,489.19045014517934,481.6555457478857,26.5,8.5,True,False,False,False,False,False,False,True,False,False,False,True,False,True,False,False,True,False,False,False,False,0.0017427928255028,7.30372729394081e-05,0.3198961159501869,2.0807302052868983e-05,0.0028368794326241,6.421697801961645e-05,0.269095544461945,0.0002560751134174,True,False,True
2028,ZenDay,2011,France,3.0,2,False,False,2,2.794660476152623,1,501.0256746984162,216.87492002943,8.5,17.5,False,False,False,False,False,False,False,True,False,False,False,False,True,False,False,False,True,True,False,False,False,0.0029046547091714,0.000178460822124,0.32668803388795,0.0001407289704566,0.0049645390070921,0.0028691921636714,0.3067496766667512,0.0033505494823002,False,False,False
2743,WIND my ROOF,2018,France,2.0,2,True,True,2,0.220548,1,360.4259127967867,0.0,151.0,10.0,True,False,False,True,False,False,False,False,False,True,False,False,False,False,False,False,False,False,True,False,False,0.0024689565027957,1.555818748041005e-05,0.300092495045957,7.703215615912478e-06,0.0049645390070921,0.000396747572518,0.2956156429168438,0.0016746284412841,False,False,False
1706,WeMoms,2014,France,2.0,1,True,True,1,0.677226,1,3089.8622644929687,5569.791902778004,15.0,0.0,True,True,False,False,False,True,False,False,False,False,False,False,True,False,False,False,True,True,False,False,False,0.0055188439474257,7.45011152195121e-05,0.3396762587129575,6.17227410346447e-05,0.0163120567375886,0.0008062539349004,0.3219451822909736,0.0035302418299654,False,False,False
1590,AÉRYNE,2014,France,1.0,3,True,False,3,2.794660476152623,1,1543.783158413782,0.0,2.0,1.0,False,False,False,False,False,False,False,False,False,False,False,True,True,False,False,False,False,False,False,False,False,0.0003630818386464,0.0,0.2565894002037815,3.4279329843176683e-06,0.0,0.0,0.0,1.1876262166942208e-190,False,False,False
2737,Youree,2020,France,3.0,2,True,True,2,2.794660476152623,1,1482.9444708599565,0.0,19.0,1.0,False,False,False,False,False,False,False,False,False,True,False,False,False,False,False,False,False,False,True,False,False,0.0006535473095635,1.1823854707635955e-05,0.2811357288574847,4.0437546180051445e-06,0.002127659574468,4.1803226165199097e-05,0.2380345715162821,4.1828122017077865e-05,False,False,False
1621,WINGIT,2012,France,1.0,2,True,False,2,3.783212,2,384.2564794017294,4.695061774566589,41.5,24.5,False,False,False,False,False,True,False,True,False,False,False,False,True,False,False,False,True,True,False,False,False,0.0023237237673371,8.911913649357615e-05,0.3080582295073961,9.142872784567952e-06,0.0177304964539007,0.0012742056369252,0.3209815149955154,0.0019642307410725,False,False,False
1927,UbiCast,2007,France,1.0,4,False,True,4,0.35,1,283.10475167568006,0.0,230.0,1.0,False,False,False,True,False,False,False,False,False,False,False,False,False,False,False,False,True,True,False,False,False,0.0076973349793043,6.021742515640408e-05,0.3257048235130866,0.0004169250850903,0.0184397163120567,0.0004427840350056,0.3354574800878575,0.0061761904240025,False,False,False
1757,Proprioo,2016,France,2.0,1,True,False,1,2.794660476152623,1,780.6161860152033,503.23271378014306,435.0,3.0,False,False,False,False,False,False,False,False,False,False,False,False,False,False,False,False,False,False,False,True,False,0.010674606056205,4.192959822989381e-05,0.3457443285086603,0.0001107728571209,0.0134751773049645,0.0,0.3195467826215598,0.0048974071583235,True,True,True
1890,Stupeflix,2008,France,4.0,0,True,False,0,2.794660476152623,2,3212.758560471691,5744.475558384984,216.0,1.0,False,True,False,True,True,True,False,False,False,False,False,False,False,False,False,False,True,True,False,False,False,0.0229467722024544,0.0010840190721807,0.3738844568179245,0.0013548980586841,0.0177304964539007,0.0023926527606786,0.3254463565040519,0.003098181655071,True,True,False
1580,Naoden,2015,France,3.0,5,False,True,5,1.291666,1,517.2942541736674,363.82697326608866,83.0,12.5,True,False,False,True,False,False,False,True,False,True,False,True,False,False,False,False,False,False,True,False,False,0.0027594219737128,0.0001122697518602,0.3101254381639114,0.0001153896798741,0.0070921985815602,0.0005452013101557,0.289757913446751,0.0030378723325831,False,False,False
2014,Voxygen,2011,France,1.0,2,False,True,2,2.794660476152623,1,526.0773735146136,0.0,230.0,3.0,False,False,False,True,False,False,False,False,False,False,False,False,False,False,False,False,True,False,False,False,False,0.0085687313920557,0.0002959946232574,0.3258928134486132,0.0003041366392217,0.0212765957446808,0.0012857037104578,0.3369507445972823,0.004995022518109,False,False,False
2015,Camping and Co,2008,France,2.0,2,False,False,2,2.794660476152623,1,321.4621541335589,0.0,56.0,0.0,False,False,False,False,False,False,False,True,False,False,False,False,True,False,False,False,True,False,False,False,False,0.0013797109868564,0.0001410350136929,0.2889742484003958,2.094077981082001e-06,0.0106382978723404,0.0,0.2819489249818189,0.0004836398030549,True,True,False
1418,Shadow,2015,France,3.0,0,True,True,0,2.794660476152623,2,0.0,0.0,42.0,2.0,False,False,True,False,False,False,False,True,True,False,False,False,True,False,False,False,True,True,False,False,False,0.0021058746641492,0.0001410350136929,0.3116960138996205,2.367396768810284e-05,0.0177304964539007,0.0,0.3203422687620167,0.0044101223278715,True,False,True
1377,Velco,2015,France,3.0,2,False,True,2,0.538456,1,342.3375072803381,0.0,7.0,9.0,False,False,False,False,True,False,False,True,False,False,False,True,True,False,False,False,True,False,False,False,False,0.0010892455159392,0.0001824445265798,0.3034158716645356,9.94423819562578e-06,0.001418439716312,0.0001925765973947,0.2499640430491494,0.0001237846153643,False,False,False
1448,Keen Eye Technologies,2015,France,1.0,1,True,True,1,1.596254,1,0.0,0.0,197.0,19.0,False,True,True,False,False,False,False,True,True,False,False,True,False,False,True,False,True,False,False,False,False,0.0088591968629729,0.0006956827583264,0.3391794484724663,6.262199739224737e-05,0.0205673758865248,0.0008893107436088,0.3287723284662803,0.0026882722872907,True,True,False
2070,Buzzcar,2010,France,1.0,0,True,False,0,2.794660476152623,1,209.08985766048852,0.0,39.0,0.0,False,False,False,True,False,False,True,True,False,False,False,True,True,False,False,False,False,False,False,False,False,0.0021058746641492,0.0004057272219282,0.2785428377220211,3.0343261202775674e-06,0.0127659574468085,0.0003342392910833,0.2952087390724985,0.0012142607062513,True,True,False
2181,Sonio,2020,France,7.0,2,True,True,2,13.182246,2,88.02319995532157,176.04639991064315,278.6666666666667,30.7,False,True,True,True,False,False,False,True,True,False,False,True,False,False,True,False,True,False,False,False,False,0.0079878004502214,0.0005981043663051,0.3376099080516245,4.635545105175134e-05,0.0460992907801418,0.0073377369873056,0.3760417573398659,0.0128025238836847,True,True,True
3439,Futures Factory,2021,France,2.0,0,True,False,0,2.51451,1,342.60840402510934,0.0,203.0,12.7,False,True,False,True,False,True,False,False,False,False,False,False,True,False,False,False,True,False,False,False,False,0.0190254883450729,0.0002730323075823,0.3677020987347468,0.0012560161610239,0.0141843971631205,0.0007469044344604,0.319388159249695,0.0019057612897568,False,False,False
2479,Hoopcare,2019,France,1.0,3,True,False,3,1.897141,1,4.439911831785372,8.879823663570743,88.0,50.5,False,False,True,False,False,False,False,True,True,False,False,False,False,False,True,False,True,False,False,False,False,0.00508314574105,0.0002103845205989,0.3302520846098667,0.0001352444576212,0.0390070921985815,0.0025196634031374,0.3561624394179411,0.0456503318992412,False,False,False
1592,Sensewaves,2014,France,2.0,1,True,True,1,0.15,3,701.4294326887224,1017.2224946455372,127.0,3.0,True,True,False,True,False,False,False,False,False,True,False,True,False,False,False,False,True,False,True,True,False,0.0114733861012272,0.0010260531113231,0.343894889789312,0.0005637907939226,0.0205673758865248,0.0012903454612916,0.341511383656322,0.0098419757996168,False,False,False
2651,Seekyo,2018,France,2.0,2,False,True,2,1.495928,1,294.02320408268554,0.0,7.0,0.0,False,False,False,True,False,False,False,True,False,False,False,True,False,False,True,False,False,False,False,False,False,7.261636772928619e-05,0.0,0.2536822691653733,8.619069233829017e-07,0.0,0.0,0.0,1.1876262166942208e-190,False,False,False
2437,Purchasely,2020,France,3.0,1,True,False,1,2.14431,1,342.60840402510934,0.0,44.0,3.0,False,False,False,False,False,False,False,False,False,False,False,False,False,False,False,True,True,False,False,False,False,0.0095127441725364,0.0023762132006704,0.3635842634837838,0.0002343153499804,0.0184397163120567,0.00345615432425,0.3448981221165964,0.0039256096964561,False,False,False
1758,What A Nice Place,2014,France,2.0,2,False,False,2,0.910589,1,379.4644997473558,758.9289994947115,34.5,2.0,False,False,True,False,False,False,False,True,True,False,False,True,True,False,False,False,True,False,False,True,False,0.0013070946191271,5.8239365115730375e-06,0.2773530684303396,2.3737470723811986e-06,0.0113475177304964,0.0001635168950103,0.2956156429168438,0.0012725067683519,False,False,False
1649,Kazaden,2014,France,2.0,2,True,False,2,0.532481,1,0.0,0.0,34.0,0.0,False,False,True,False,False,False,False,True,True,False,False,False,True,False,False,False,False,False,False,False,False,0.0014523273545857,0.0001462569743808,0.2923307834304383,7.452372206331052e-06,0.0120567375886524,0.0,0.2843789820148113,0.0005102128501938,False,False,False
1673,Clic and Walk,2012,France,2.0,1,False,False,1,0.979354,1,183.63419815411663,0.0,93.0,0.0,False,True,False,False,False,False,False,True,False,False,False,True,False,False,False,False,True,True,False,False,False,0.0022511073996078,0.0,0.3101032218136919,1.6610340808538334e-05,0.0163120567375886,0.0,0.3215429519282912,0.0064668889052922,False,False,False
2999,Botnik,2017,France,2.0,1,True,False,1,2.794660476152623,1,416.3232901619961,0.0,30.0,21.0,True,False,False,False,False,False,False,False,False,False,False,False,False,False,False,False,True,False,False,False,False,0.0011618618836685,1.5667315778343196e-05,0.2897932011495278,5.258439927320684e-06,0.0035460992907801,0.0,0.2668633126538824,0.0003285753569659,False,False,False
1507,Alkion BioInnovations,2011,France,4.0,10,True,True,10,0.645377,1,270.0195707178622,0.0,659.0,64.0,False,True,False,True,False,False,False,False,False,False,True,True,False,True,True,False,False,False,True,False,False,0.0038486674896521,0.0002121091027484,0.3280496810345262,0.0001398786174063,0.0070921985815602,0.0002102192867218,0.3160930713871336,0.0032340614406684,False,False,False
2253,Colonies,2017,France,3.0,0,True,False,0,2.794660476152623,1,877.1051733706614,0.0,698.0,4.0,False,False,False,False,False,False,False,False,False,False,False,False,True,False,False,False,False,False,False,True,False,0.0079151840824921,0.0,0.3413637915809424,8.526493070794332e-05,0.0134751773049645,0.0,0.3195467826215598,0.0043164312581433,True,False,True
2405,Gama,2020,France,3.0,2,True,True,2,2.0,2,1936.9075249843277,3466.222862736853,190.25,3.2,False,True,False,True,False,False,False,False,False,False,False,True,False,False,False,False,False,False,False,False,False,0.0114733861012272,0.0010745305368475,0.363076009928254,0.000506737483931,0.0333333333333333,0.003535974849336,0.3464768157288695,0.0113360968081278,False,False,False
3515,Pluto,2021,France,2.0,1,True,True,1,2.794660476152623,1,342.60840402510934,0.0,350.0,11.0,False,True,False,True,False,False,False,False,False,False,False,False,False,False,False,True,False,False,False,False,False,0.0103115242175586,0.0,0.3459653867680899,0.0005064798631594,0.0120567375886524,0.0,0.3221063563496924,0.0047895735061952,False,False,False
1484,Hillo,2016,France,2.0,2,True,True,2,1.436604,2,490.9923573225751,0.0,30.0,12.0,False,False,False,False,False,False,False,False,False,False,False,True,False,False,True,False,True,False,False,False,False,0.0005809309418342,5.699799780979103e-06,0.2819597621067738,8.594100641797374e-06,0.0,0.0,0.0,1.1876262166942208e-190,False,False,False
2222,Meilisearch,2018,France,3.0,2,True,True,2,5.0,2,2068.4170176089415,3454.289533926899,367.8,16.8,False,True,False,True,False,True,False,False,False,False,False,False,False,False,False,False,True,False,False,False,False,0.0262871251180016,0.0005735270658922,0.376562261812097,0.0018531146490188,0.0205673758865248,0.002336527984955,0.3391710315279445,0.0051002393832621,True,False,True
2320,YZR,2019,France,3.0,1,True,True,1,2.424098,1,0.0,0.0,29.0,0.0,False,False,True,False,False,False,False,True,True,False,False,False,True,False,False,False,True,False,False,False,False,0.0011618618836685,1.2797871642525709e-07,0.3067701963743129,2.4815161171027345e-05,0.0078014184397163,0.0,0.3146246683660199,0.0016910442703691,False,False,False
1231,MaaT Pharma,2014,France,1.0,1,False,True,1,2.254614,2,391.812013689019,0.0,197.0,18.0,False,True,False,False,False,False,False,True,False,False,False,True,False,False,True,False,False,False,False,False,False,0.0032677365478178,0.0005723362364609,0.3244597807148979,1.5761912344033987e-05,0.0198581560283687,0.0015469823573348,0.3186762985678606,0.0017727280758589,True,True,True
1454,Prevision.io,2016,France,4.0,1,True,True,1,1.749824,1,398.8326676125974,0.0,36.0,4.0,False,False,False,False,False,False,False,True,False,False,False,True,False,False,False,False,True,False,False,False,False,0.0023237237673371,0.000165893304991,0.3203617120929962,0.0001266155956275,0.0141843971631205,0.0020615866076587,0.3351080452127659,0.0051635824659695,True,True,False
2503,Nurea,2018,France,1.0,4,False,True,4,1.047845,1,1443.3364718058565,0.0,6.0,31.0,False,False,False,False,False,False,False,False,False,False,False,False,False,False,True,False,True,False,False,False,False,0.0002178491031878,0.0001515721428129,0.2571126477086022,1.6075323119919229e-06,0.0,0.0,0.0,1.1876262166942208e-190,False,False,False
2308,Vianova,2019,France,3.0,1,True,True,1,3.309444,2,1041.5230403047726,1090.385057067734,27.25,4.5,True,False,False,False,False,False,False,False,False,False,False,True,False,False,False,False,True,False,False,False,False,0.0015975600900442,0.0001266469742583,0.3010874228673326,1.410210093309838e-05,0.001418439716312,0.0,0.2501584163330134,5.9728119932081866e-05,False,False,False
2447,MatchTune,2017,France,5.0,1,True,False,1,2.794660476152623,1,0.0,0.0,39.0,3.0,False,False,True,False,False,False,False,True,True,False,False,False,False,False,False,False,True,True,False,False,False,0.0013070946191271,4.8429924524288166e-06,0.2871404851773009,4.115339898107216e-06,0.0113475177304964,8.685728138706652e-05,0.3196261534071091,0.0022675507641973,False,False,False
2813,NessPay,2020,France,1.0,1,True,True,1,2.794660476152623,1,11.147721166778204,0.0,28.0,1.0,False,False,True,False,False,False,False,True,True,False,False,True,False,False,True,True,False,False,False,False,False,0.0016701764577735,7.077537899972887e-05,0.2996009487176161,7.295893853228185e-06,0.0085106382978723,0.0011304684715384,0.3077768221997181,0.0015839218486619,False,False,False
2406,Nextmind,2017,France,2.0,1,True,True,1,4.6,1,1726.4737467158766,396.0167542263701,36.5,3.0,True,False,False,False,False,True,False,False,False,False,False,False,True,False,False,False,True,False,False,False,False,0.0034855856510057,0.0005780956040327,0.3239741230663288,0.0001284551110553,0.0042553191489361,0.0003978642648913,0.2968431127144224,0.0007076597407575,True,True,False
3155,Cajoo,2021,France,2.0,0,True,False,0,7.180469,1,0.0,0.0,91.0,9.5,False,True,True,False,False,True,False,True,True,False,False,True,True,True,False,False,False,False,False,False,False,0.0038486674896521,0.0001697939283822,0.3237399093362365,3.0109769652914977e-05,0.0297872340425531,0.002161646075568,0.3576472744905562,0.0088935363827262,True,True,True
1391,ReachFive,2013,France,2.0,4,True,True,4,2.558991,1,287.1407924261901,0.0,8.0,2.0,False,False,False,False,False,False,False,False,False,False,False,True,False,False,False,False,True,False,False,False,False,0.0003630818386464,0.0,0.2605952306279606,1.1549768676023368e-06,0.002127659574468,0.0,0.2430704370262601,4.693651410763865e-05,True,True,False
1368,Octoly,2013,France,3.0,2,True,True,2,1.2,1,0.0,0.0,56.0,0.0,False,False,True,False,False,False,False,True,True,False,False,False,False,False,False,False,False,True,False,False,False,0.0013070946191271,0.0,0.2889678183198814,2.094067122992969e-06,0.0106382978723404,0.0,0.2819489249818189,0.0004836398030549,True,True,False
1775,leboncoin Emploi Cadres,2013,France,2.0,2,True,True,2,1.354934,1,1348.7797171985453,0.0,44.0,8.0,False,False,False,False,False,False,False,False,False,False,False,True,False,False,False,False,False,False,False,False,False,0.0,0.0,0.0,5.6269810519241455e-55,0.0,0.0,0.0,1.1876262166942208e-190,True,True,False
1802,Short Edition,2011,France,1.0,2,True,False,2,1.602706,1,198.10416979915829,389.5195163546202,68.0,60.5,False,False,True,True,False,False,True,True,True,False,False,False,True,False,False,False,False,False,False,False,True,0.0011618618836685,0.0,0.2828502324638727,2.681966384920802e-06,0.0106382978723404,0.0,0.3185185380240152,0.0021356030473545,False,False,False
1892,Keycoopt,2011,France,2.0,3,False,True,3,3.908186,1,26.323043807596317,0.0,38.0,1.0,False,False,False,False,False,False,False,True,False,False,False,True,False,False,False,False,True,False,False,False,False,0.0011618618836685,8.913489189825205e-05,0.3032245895935787,1.2161732823688243e-05,0.0078014184397163,2.0552428840414797e-05,0.2948705072449636,0.0010316828945309,False,False,False
3573,ECLO,2021,France,2.0,1,False,False,1,2.794660476152623,1,765.1594382612578,0.0,19.0,4.0,False,False,False,True,False,False,True,True,False,False,False,True,True,False,False,False,False,False,False,False,False,0.0018880255609614,0.000249939657899,0.3193219091473552,2.7407348381296295e-05,0.0063829787234042,0.0010476334346313,0.2757263538926551,0.0010007013794516,False,False,False
1354,Dolead,2007,France,2.0,0,True,True,0,2.794660476152623,1,848.2469801220972,1696.4939602441943,1.0,5.0,False,False,True,False,False,False,True,True,True,False,False,True,False,False,False,False,True,True,False,False,False,0.0009440127804807,5.000750109901157e-07,0.2996769983411512,4.451356000968764e-06,0.0056737588652482,0.0,0.2956835693053817,0.0006641542768783,True,True,False
1859,inWebo,2008,France,3.0,5,True,True,5,2.503329,1,512.6931314063108,0.0,24.0,0.0,False,False,False,False,False,False,False,True,False,False,False,False,False,False,False,False,True,False,False,False,False,0.0018154091932321,0.000215941658676,0.3104368016425738,1.1482759353194422e-05,0.0113475177304964,0.0003226732428784,0.2990506376056289,0.0009522833454105,False,False,False
1421,SmartViser,2014,France,2.0,3,False,True,3,2.794660476152623,1,302.4498608098187,0.0,23.0,0.0,False,False,False,True,False,False,False,True,False,False,False,True,False,False,False,False,True,False,False,False,False,0.0002904654709171,0.0,0.2594965076054309,6.464588455814247e-07,0.001418439716312,0.0,0.2334993456027982,1.909843912139061e-05,False,False,False
1670,Difenso,2015,France,2.0,2,True,True,2,2.275792,1,512.6931314063108,0.0,24.0,0.0,False,False,False,False,False,False,False,True,False,False,False,False,False,False,False,False,True,False,False,False,False,0.0011618618836685,7.08229074554944e-08,0.2904738016264156,2.5627081672995944e-06,0.0099290780141843,0.0,0.2895623072945592,0.0007656591976205,False,False,False
2737,Youree,2020,France,3.0,2,True,True,2,2.794660476152623,1,1482.9444708599565,0.0,19.0,1.0,False,False,False,False,False,False,False,False,False,True,False,False,False,False,False,False,False,False,True,False,False,0.0006535473095635,1.1823854707635955e-05,0.2811357288574847,4.0437546180051445e-06,0.002127659574468,4.1803226165199097e-05,0.2380345715162821,4.1828122017077865e-05,False,False,False
1542,Kombo,2016,France,4.0,2,True,False,2,0.739773,1,287.1407924261901,0.0,113.0,4.0,False,False,False,False,False,False,False,False,False,False,False,False,True,False,False,False,True,False,False,False,False,0.0010892455159392,1.4791202747399112e-05,0.314534555394153,0.000121725160202,0.0035460992907801,0.0001658753902599,0.2722841501517184,0.0003533589808815,False,False,False
2743,WIND my ROOF,2018,France,2.0,2,True,True,2,0.220548,1,360.4259127967867,0.0,151.0,10.0,True,False,False,True,False,False,False,False,False,True,False,False,False,False,False,False,False,False,True,False,False,0.0024689565027957,1.555818748041005e-05,0.300092495045957,7.703215615912478e-06,0.0049645390070921,0.000396747572518,0.2956156429168438,0.0016746284412841,False,False,False
1843,WhiteQuest,2013,France,1.0,3,False,True,3,0.110455,1,12.433437590554654,0.0,22.0,10.0,False,False,True,False,True,False,False,True,True,False,False,True,True,False,False,False,True,False,False,False,True,0.0115460024689565,0.0031459986363421,0.3599163772272543,0.000358807818109,0.0241134751773049,0.0085649560981659,0.3464768157288695,0.0052776766591849,False,False,False
2328,Acheel,2020,France,1.0,1,True,False,1,35.445346,1,3000.350723971333,6000.701447942666,93.0,9.0,False,False,True,False,False,False,False,True,True,False,False,False,False,False,False,True,False,False,False,False,False,0.001524943722315,2.191329931255703e-05,0.3010385665665359,1.4275453749841796e-05,0.0141843971631205,0.0007612843239382,0.3217037234042553,0.0035409631533875,True,False,True
1590,AÉRYNE,2014,France,1.0,3,True,False,3,2.794660476152623,1,1543.783158413782,0.0,2.0,1.0,False,False,False,False,False,False,False,False,False,False,False,True,True,False,False,False,False,False,False,False,False,0.0003630818386464,0.0,0.2565894002037815,3.4279329843176683e-06,0.0,0.0,0.0,1.1876262166942208e-190,False,False,False
1913,Swish,2016,France,1.0,0,True,False,0,2.794660476152623,1,342.60840402510934,0.0,15.0,1.0,False,False,False,False,False,True,False,False,False,False,False,False,True,False,False,False,True,True,False,False,False,0.01219954977852,0.0009185342410679,0.359348701489078,0.0007263531944904,0.0092198581560283,0.0007331483493614,0.320262541965411,0.0024460154346528,False,False,False
2338,Axonaut,2017,France,2.0,2,False,True,2,0.67725,1,395.11150799841425,373.23716340596474,16.0,1.0,False,False,False,False,True,False,True,True,False,False,False,False,False,False,False,True,False,False,False,False,False,0.0005809309418342,8.119590096878258e-05,0.2725394065711183,3.90491157032922e-06,0.0042553191489361,0.0001075505828577,0.2628835329146111,0.0001779737380173,False,False,False
2705,Cyberjobs,2018,France,3.0,4,True,True,4,0.915292,1,308.12846758670935,0.0,22.0,4.0,False,False,False,False,True,False,False,True,False,False,False,True,True,False,False,False,True,False,False,False,False,0.0004356982063757,0.0001410350136929,0.2675808774053487,3.883145586348407e-06,0.0035460992907801,0.0,0.2572086535312854,0.0001645175612105,False,False,False
1879,News Republic,2008,France,2.0,1,False,False,1,1.3,1,912.3636897003552,0.0,59.0,6.0,False,False,False,False,False,False,False,False,False,False,False,False,False,False,False,False,True,True,False,False,False,0.0008713964127514,0.0,0.2832883103510708,8.07776054310618e-06,0.0,0.0,0.0,1.1876262166942208e-190,True,True,False
1757,Proprioo,2016,France,2.0,1,True,False,1,2.794660476152623,1,780.6161860152033,503.23271378014306,435.0,3.0,False,False,False,False,False,False,False,False,False,False,False,False,False,False,False,False,False,False,False,True,False,0.010674606056205,4.192959822989381e-05,0.3457443285086603,0.0001107728571209,0.0134751773049645,0.0,0.3195467826215598,0.0048974071583235,True,True,True
3060,Karmen,2021,France,3.0,1,True,True,1,3.963226,1,2410.328323047041,4199.582936026073,200.33333333333337,6.3,False,True,False,True,False,False,False,False,False,False,False,False,False,False,False,True,True,False,False,False,False,0.0060271585215307,0.0003152485207427,0.3460760219350777,0.0002078416512957,0.0198581560283687,0.0012036717755543,0.3157827959796371,0.0039440412892601,False,False,False
2553,Cryptr,2020,France,1.0,2,False,True,2,2.794660476152623,1,206.0909617549928,228.40560268340624,36.0,4.0,True,False,False,True,False,False,False,True,False,False,False,False,False,False,False,False,True,False,False,False,False,0.0031225038123593,0.0001415961032224,0.3313644133375976,0.0001407151492187,0.0234042553191489,0.0018386385320479,0.330206541857075,0.0066191957111499,False,False,False
1509,Luko,2016,France,2.0,2,True,False,2,2.394301,1,367.2102088570642,734.4033222299057,95.0,11.0,False,False,False,False,False,False,False,True,False,False,False,True,True,False,False,True,True,False,False,True,False,0.0055188439474257,0.0006006064904735,0.3403349945781694,0.0002141025650689,0.0148936170212765,0.0005847960352461,0.341511383656322,0.0057911199065088,True,True,True
1441,Revers.io,2009,France,1.0,2,True,True,2,6.076882,3,0.0,0.0,17.8,8.5,True,False,True,False,False,False,False,True,True,False,False,True,True,False,False,False,True,False,False,False,True,0.0046474475346743,0.0005012358511577,0.3329787113949332,0.0001356599709181,0.0148936170212765,0.003148862539085,0.3369507445972823,0.0053964551651596,False,False,False
2895,Bandit Paris,2018,France,2.0,1,True,False,1,0.21799,1,0.0,0.0,82.0,1.0,False,False,True,True,True,False,False,True,True,False,False,False,True,False,False,False,False,False,False,False,False,0.0024689565027957,0.0,0.3154207403845767,0.0003632140417903,0.0234042553191489,0.0,0.3483527053646511,0.0252406890975677,False,False,False
1706,WeMoms,2014,France,2.0,1,True,True,1,0.677226,1,3089.8622644929687,5569.791902778004,15.0,0.0,True,True,False,False,False,True,False,False,False,False,False,False,True,False,False,False,True,True,False,False,False,0.0055188439474257,7.45011152195121e-05,0.3396762587129575,6.17227410346447e-05,0.0163120567375886,0.0008062539349004,0.3219451822909736,0.0035302418299654,False,False,False
1903,Dynamixyz,2010,France,3.0,4,False,False,4,0.624448,1,208.91328772455,0.0,24.0,0.0,False,False,False,False,False,False,False,True,False,False,False,False,True,False,False,False,True,True,False,False,False,0.001524943722315,2.4531947806267017e-05,0.3077880862492306,0.0001136661141962,0.0120567375886524,0.0008833643300834,0.3012912417740626,0.0009565329599923,True,True,False
3561,payper,2022,France,2.0,0,True,True,0,2.794660476152623,1,342.60840402510934,0.0,350.0,11.0,False,True,False,True,False,False,False,False,False,False,False,False,False,False,False,True,False,False,False,False,True,0.0103115242175586,0.0,0.3459653867680899,0.0005064798631594,0.0120567375886524,0.0,0.3221063563496924,0.0047895735061952,False,False,False
1988,Fermentalg,2009,France,1.0,0,False,True,0,2.87,1,327.886444970703,495.9286243368725,22.333333333333332,10.0,True,False,False,False,False,False,True,True,False,True,False,True,False,False,True,False,False,False,False,False,False,0.0015975600900442,0.000100196147698,0.3163581662147086,1.0963021561454138e-05,0.0085106382978723,0.0007614526614302,0.3071157264002437,0.0012193403639841,True,True,True
2579,Hoggo,2018,France,2.0,1,True,True,1,2.650865,1,877.1051733706614,0.0,698.0,6.0,False,False,False,False,False,False,False,False,False,False,False,True,False,False,False,True,False,False,False,False,False,0.011691235204415,0.0013284164884624,0.3639918920094677,0.0005659858656377,0.025531914893617,0.005358485288016,0.3620750966845867,0.0096720915734217,False,False,False
1843,WhiteQuest,2013,France,1.0,3,False,True,3,0.110455,1,12.433437590554654,0.0,22.0,10.0,False,False,True,False,True,False,False,True,True,False,False,True,True,False,False,False,True,False,False,False,True,0.0115460024689565,0.0031459986363421,0.3599163772272543,0.000358807818109,0.0241134751773049,0.0085649560981659,0.3464768157288695,0.0052776766591849,False,False,False
2213,Veesion,2018,France,3.0,0,True,True,0,2.794660476152623,1,0.0,0.0,79.5,0.5,False,False,True,True,True,False,False,True,True,False,False,False,False,False,False,False,True,False,False,False,False,0.0041391329605693,0.0005467780641715,0.3226700803317959,0.0003727597778589,0.0326241134751773,0.0017125688217528,0.3576472744905562,0.0273826905334023,False,False,False
1857,Mipsology,2015,France,1.0,2,True,True,2,2.794660476152623,1,17.20385270422178,0.0,381.0,35.0,False,True,True,False,False,False,False,True,True,False,False,True,False,False,False,False,True,False,False,False,False,0.0066807058310943,0.0003137176654457,0.3529324579604791,0.0004326434052177,0.0319148936170212,0.0010325756864991,0.3676613981762918,0.0323260532545467,True,True,False
1681,Yelloan,2015,France,3.0,2,True,False,2,1.879938,1,0.0,0.0,197.0,20.0,False,True,True,False,False,False,False,True,True,False,False,False,False,False,False,True,False,False,False,False,False,0.0041391329605693,0.0006502316077251,0.3307651857550249,2.652531071176254e-05,0.0198581560283687,0.0006840148134894,0.3234828792400757,0.0019483255956102,False,False,False
2286,Fairbrics,2019,France,2.0,1,True,True,1,7.197822,2,726.355028198394,1079.0144719961495,55.333333333333336,5.7,False,False,False,False,False,False,True,False,False,False,False,True,False,False,False,False,True,False,False,False,False,0.0011618618836685,3.052584191534549e-05,0.3118157588146799,0.0001233703795341,0.0035460992907801,0.0001226815858369,0.2627761677796653,0.0002282541269566,False,False,False
1960,Argolight,2012,France,2.0,1,False,True,1,0.497238,1,149.66878698442238,297.95881717293145,8.333333333333334,3.5,False,False,True,False,True,True,False,True,True,False,False,True,False,False,True,False,False,False,False,False,False,0.0029046547091714,0.000731179301091,0.3345570941369449,0.0002426969528914,0.0106382978723404,0.0015893977726074,0.3201032073674182,0.0031955267164928,False,False,False
2737,Youree,2020,France,3.0,2,True,True,2,2.794660476152623,1,1482.9444708599565,0.0,19.0,1.0,False,False,False,False,False,False,False,False,False,True,False,False,False,False,False,False,False,False,True,False,False,0.0006535473095635,1.1823854707635955e-05,0.2811357288574847,4.0437546180051445e-06,0.002127659574468,4.1803226165199097e-05,0.2380345715162821,4.1828122017077865e-05,False,False,False
1853,Waga Energy SA,2015,France,3.0,0,False,True,0,2.794660476152623,1,481.2752595031624,0.0,90.0,7.0,False,False,False,False,False,False,False,True,False,True,False,True,False,False,False,False,False,False,False,False,False,0.0017427928255028,0.0,0.294913199116925,7.483797603467416e-06,0.0170212765957446,0.0,0.3131698451246097,0.0025211493665229,False,False,False
2150,Pennylane,2020,France,7.0,0,True,True,0,4.365654,1,438.5525866853307,877.1051733706614,539.5,22.5,False,True,True,False,False,False,False,True,True,False,False,True,False,False,False,True,True,False,False,False,False,0.014741122649045,0.0013086827474006,0.3718290878747578,0.0004007938067428,0.050354609929078,0.0085080729412997,0.3934010680577869,0.0378545069775856,True,False,True
2485,MyDataModels,2018,France,3.0,1,False,True,1,7.563131,2,1024.175066933309,350.99396867903437,222.33333333333337,18.0,False,True,False,False,False,False,False,False,False,False,False,True,True,False,False,False,True,False,False,False,False,0.0115460024689565,0.0004547002786398,0.3752673733778475,0.0009769937480184,0.0092198581560283,0.00041029561822,0.3170275667940431,0.0046287125143511,False,False,False
2094,wezzoo,2012,France,1.0,1,True,False,1,0.65,1,264.06959986596473,0.0,230.0,3.0,False,False,False,True,False,False,False,False,False,False,False,False,False,False,False,False,True,True,False,False,True,0.0076973349793043,6.021742515640408e-05,0.3257048235130866,0.0004169250850903,0.0184397163120567,0.0004427840350056,0.3354574800878575,0.0061761904240025,False,False,False
1507,Alkion BioInnovations,2011,France,4.0,10,True,True,10,0.645377,1,270.0195707178622,0.0,659.0,64.0,False,True,False,True,False,False,False,False,False,False,True,True,False,True,True,False,False,False,True,False,False,0.0038486674896521,0.0002121091027484,0.3280496810345262,0.0001398786174063,0.0070921985815602,0.0002102192867218,0.3160930713871336,0.0032340614406684,False,False,False
2864,TOOPI Organics,2019,France,1.0,0,False,True,0,1.08735,2,334.76287872167075,581.7272400460885,22.0,18.5,True,False,False,False,False,False,False,True,False,False,False,True,False,True,True,False,False,False,False,False,False,0.0019606419286907,0.0001149951551217,0.3232805437532994,2.3647335280616254e-05,0.0049645390070921,0.0001213416038242,0.3069692017216177,0.0016512144788926,False,False,False
2155,GitGuardian,2017,France,2.0,1,True,True,1,2.794660476152623,1,877.1051733706614,0.0,32.0,2.0,False,True,False,False,False,True,False,False,False,False,False,False,True,False,False,False,True,False,False,False,False,0.0031225038123593,7.69302149484771e-05,0.3165972530562371,3.171833611324757e-05,0.0063829787234042,0.0006152074355227,0.2946004793079261,0.0012074099700663,True,False,True
2894,BONE 3D,2018,France,1.0,1,True,True,1,1.559008,1,0.0,0.0,13.0,1.0,False,False,True,False,False,False,False,True,True,False,False,False,False,False,True,False,False,False,False,False,False,0.001524943722315,0.0001332098350809,0.3099773892615775,0.0002256419955723,0.0035460992907801,9.77552485365926e-05,0.2890419796983425,0.0028932218212873,False,False,False
1897,Cleanfox,2016,France,1.0,0,True,True,0,2.794660476152623,1,342.60840402510934,0.0,15.0,1.0,False,False,False,False,False,True,False,False,False,False,False,False,False,False,False,False,True,True,True,False,False,0.0010892455159392,1.6931301599538856e-05,0.3139566464344307,0.0001151251525537,0.0070921985815602,0.0003874966984714,0.3058020184451096,0.0012003902454567,False,False,False
2019,Deliver.ee,2013,France,2.0,1,True,True,1,2.794660476152623,1,143.57039621309505,287.1407924261901,92.0,1.0,True,False,True,True,False,False,False,True,True,False,False,True,True,False,False,False,True,False,False,False,False,0.00406651659284,0.0003522738647855,0.3392060264624211,0.0003624173189687,0.026241134751773,0.0042566822019746,0.3380128430830106,0.0100631282172255,True,True,False
2610,Quortex,2018,France,3.0,2,False,True,2,2.802376,1,154.08972458569414,308.12846758670935,116.5,17.5,False,False,True,False,False,False,False,True,True,False,False,True,False,False,False,False,True,True,False,False,False,0.0048652966378621,0.0002206302928135,0.3214401307669065,2.296481967459619e-05,0.0411347517730496,0.0048531272174149,0.3552774416391555,0.0110673397452407,True,True,False
1879,News Republic,2008,France,2.0,1,False,False,1,1.3,1,912.3636897003552,0.0,59.0,6.0,False,False,False,False,False,False,False,False,False,False,False,False,False,False,False,False,True,True,False,False,False,0.0008713964127514,0.0,0.2832883103510708,8.07776054310618e-06,0.0,0.0,0.0,1.1876262166942208e-190,True,True,False
1542,Kombo,2016,France,4.0,2,True,False,2,0.739773,1,287.1407924261901,0.0,113.0,4.0,False,False,False,False,False,False,False,False,False,False,False,False,True,False,False,False,True,False,False,False,False,0.0010892455159392,1.4791202747399112e-05,0.314534555394153,0.000121725160202,0.0035460992907801,0.0001658753902599,0.2722841501517184,0.0003533589808815,False,False,False
1711,RUBIX S&I,2016,France,1.0,2,False,True,2,2.30754,1,353.0169500768453,0.0,58.0,21.0,False,False,False,False,False,False,False,True,False,False,False,False,True,False,False,False,True,False,False,False,False,0.0015975600900442,3.9126352269941866e-05,0.3099330021506358,0.0001151206979969,0.0120567375886524,0.0,0.3326822372329424,0.005294405176399,False,False,False
1927,UbiCast,2007,France,1.0,4,False,True,4,0.35,1,283.10475167568006,0.0,230.0,1.0,False,False,False,True,False,False,False,False,False,False,False,False,False,False,False,False,True,True,False,False,False,0.0076973349793043,6.021742515640408e-05,0.3257048235130866,0.0004169250850903,0.0184397163120567,0.0004427840350056,0.3354574800878575,0.0061761904240025,False,False,False
1772,HIKOB,2011,France,1.0,1,False,True,1,0.399522,1,392.27918218713705,0.0,8.0,1.0,False,False,False,False,False,False,False,True,False,False,False,False,False,False,False,False,True,False,False,False,True,0.0002904654709171,0.0,0.2662478006214898,7.603811877343847e-07,0.002127659574468,0.0,0.2669186670020786,0.0002434634741072,False,False,False
2075,LittleCorner,2015,France,1.0,1,True,False,1,2.794660476152623,1,411.8271580970157,0.0,9.0,0.0,False,False,False,False,False,False,False,False,False,False,False,False,False,False,False,False,True,False,False,False,False,0.000508314574105,5.444024087857482e-06,0.2405219699426553,6.027678477116949e-08,0.0028368794326241,0.000443646215748,0.2309016496710965,4.050709621160581e-05,False,False,False
2708,TechnoCarbon,2018,France,2.0,4,True,True,4,0.991653,1,0.0,0.0,5.0,8.0,False,False,True,False,False,False,False,True,True,True,False,False,False,False,False,False,False,False,True,True,False,0.000508314574105,3.4456650544320877e-07,0.2745502784954608,3.838741000208667e-06,0.0,0.0,0.0,1.1876262166942208e-190,False,False,False
1590,AÉRYNE,2014,France,1.0,3,True,False,3,2.794660476152623,1,1543.783158413782,0.0,2.0,1.0,False,False,False,False,False,False,False,False,False,False,False,True,True,False,False,False,False,False,False,False,False,0.0003630818386464,0.0,0.2565894002037815,3.4279329843176683e-06,0.0,0.0,0.0,1.1876262166942208e-190,False,False,False
1685,Roofstreet,2015,France,2.0,3,True,True,3,1.228773,1,0.0,0.0,156.0,10.0,False,False,True,False,False,False,False,True,True,False,False,True,True,False,False,False,True,False,False,False,False,0.004574831166945,0.0001335654472027,0.3297070865013148,0.0001349417071011,0.0361702127659574,0.0001877270086829,0.341511383656322,0.0429440900538254,False,False,False
1899,Kwaga,2008,France,1.0,1,True,True,1,0.794867,1,342.60840402510934,0.0,422.0,2.0,False,False,False,True,False,True,False,False,False,False,False,False,False,False,False,False,True,True,False,False,False,0.0185171737709679,0.0007753521456473,0.3688823383926655,0.0013651128684864,0.0120567375886524,0.0016872199016823,0.3161707355324376,0.0041288594665926,False,False,False
3109,DinMo,2022,France,1.0,0,True,True,0,5.523251,2,1370.4736783944495,2677.24147736201,158.625,8.1,False,True,True,True,False,True,False,True,True,False,False,False,False,False,False,False,True,False,False,False,False,0.0214218284801394,0.0007982398889424,0.3740029007607001,0.0011758583278979,0.0312056737588652,0.0022191395279039,0.3470374578255181,0.0068242171485278,False,False,False
1249,Evaneos,2009,France,2.0,2,True,False,2,0.986335,1,0.0,0.0,92.0,1.0,False,False,True,False,False,False,False,True,True,False,False,False,True,False,False,False,True,False,False,False,False,0.0047200639024036,0.0004833062227534,0.3332093889032121,3.4915722857431146e-05,0.026241134751773,0.0027682035135404,0.3411492294848943,0.0057685098644154,True,False,True
1983,CopSonic,2013,France,1.0,4,False,True,4,2.794660476152623,1,577.888452675134,0.0,230.0,7.0,False,False,False,True,False,False,False,False,False,False,False,False,True,False,False,False,True,True,False,False,False,0.0076973349793043,6.021742515640408e-05,0.3257048235130866,0.0004169250850903,0.0184397163120567,0.0004427840350056,0.3354574800878575,0.0061761904240025,False,False,False
1286,ENTEROME,2012,France,2.0,0,True,True,0,2.006056,1,0.0,0.0,197.0,14.0,False,True,True,False,False,False,False,True,True,False,False,True,False,False,True,False,False,False,False,False,False,0.0029046547091714,0.0003699668798376,0.3268360276617957,2.1822824137096717e-05,0.0170212765957446,0.0002453229912131,0.3186762985678606,0.0016994275218411,True,False,True
2096,Lumenaki,2015,France,3.0,0,True,True,0,0.275,1,264.06959986596473,0.0,14.0,1.0,False,False,False,False,False,True,False,False,False,False,False,False,True,False,False,False,True,False,False,False,False,0.0007987800450221,9.436182439190412e-05,0.2940584363180443,7.88214268744038e-06,0.0028368794326241,0.0004426759356997,0.2689830463246282,0.0001440366870924,False,False,False
2858,PixelMe,2017,France,3.0,1,True,True,1,1.3,1,0.0,0.0,99.0,10.0,False,False,True,False,False,False,False,True,True,False,False,True,False,False,False,False,True,True,False,False,False,0.0023963401350664,0.0001273755631587,0.3251502935181219,2.7329741388144167e-05,0.0148936170212765,0.0008318211752917,0.3305458242016494,0.0032534734158489,False,False,False
2732,Yeeld,2017,France,2.0,0,True,False,0,0.711714,1,0.0,0.0,11.0,9.0,False,False,True,False,False,False,False,True,True,False,False,False,False,False,False,True,False,False,False,False,False,0.000508314574105,0.0,0.2798332770882992,2.290768865535944e-06,0.0042553191489361,0.0,0.2856414858195386,0.0010459996796631,False,False,False
1557,Mirakl Target2Sell,2012,France,2.0,2,True,True,2,3.020238,2,292.5372567880787,0.0,9.0,4.5,False,False,False,True,False,True,False,False,False,False,False,True,True,False,False,False,True,False,False,False,False,7.261636772928619e-05,0.0,0.2782325168315755,1.5986323633152832e-06,0.0,0.0,0.0,1.1876262166942208e-190,True,True,False
2432,Vroomly,2017,France,2.0,1,True,False,1,2.451269,1,209.08985766048852,0.0,39.0,8.0,False,False,False,True,False,False,True,True,False,False,False,True,False,False,False,False,False,False,False,False,False,0.001524943722315,1.7888751640155196e-05,0.2746025273431826,2.2017439957413208e-06,0.0120567375886524,0.0,0.2931909076365963,0.0012043736482983,False,False,False
2743,WIND my ROOF,2018,France,2.0,2,True,True,2,0.220548,1,360.4259127967867,0.0,151.0,10.0,True,False,False,True,False,False,False,False,False,True,False,False,False,False,False,False,False,False,True,False,False,0.0024689565027957,1.555818748041005e-05,0.300092495045957,7.703215615912478e-06,0.0049645390070921,0.000396747572518,0.2956156429168438,0.0016746284412841,False,False,False
2884,Briq,2018,France,2.0,1,True,True,1,2.794660476152623,1,229.77958882698675,0.0,50.0,3.0,False,False,False,True,False,False,False,False,False,False,False,True,False,False,False,False,True,False,False,False,False,0.0018880255609614,0.0001853090711119,0.3239822054464073,0.0001279677459005,0.0056737588652482,0.0001634198411606,0.31773207249803,0.0035915926291661,False,False,False
1802,Short Edition,2011,France,1.0,2,True,False,2,1.602706,1,198.10416979915829,389.5195163546202,68.0,60.5,False,False,True,True,False,False,True,True,True,False,False,False,True,False,False,False,False,False,False,False,True,0.0011618618836685,0.0,0.2828502324638727,2.681966384920802e-06,0.0106382978723404,0.0,0.3185185380240152,0.0021356030473545,False,False,False
2314,Kinvent,2018,France,1.0,0,False,True,0,2.794660476152623,1,1781.7953748181128,0.0,27.0,1.0,False,False,False,False,False,False,False,False,False,False,False,True,True,False,True,False,True,False,False,False,False,0.0013797109868564,4.2060123099456275e-05,0.3074383353403989,0.0001211878996341,0.001418439716312,0.0,0.2434383075325428,0.0001045384463328,True,False,True
1923,Parkmatch,2016,France,2.0,1,False,False,1,2.794660476152623,1,562.299707559819,0.0,39.0,7.0,False,False,False,True,False,False,True,True,False,False,False,True,False,False,False,False,True,False,False,True,False,0.0017427928255028,9.533902150104648e-05,0.2957055974477717,7.247381426879705e-06,0.0127659574468085,0.0002290002316437,0.2940619043914582,0.0012240905475222,False,False,False
1306,Kardinal,2015,France,3.0,4,True,True,4,2.210299,1,0.0,0.0,99.0,11.0,False,False,True,False,False,False,False,True,True,False,False,True,False,False,False,False,True,False,False,False,False,0.0021058746641492,6.934417970149763e-05,0.3170455487686773,0.0001258746712341,0.0148936170212765,0.0007830092786146,0.3242981082704186,0.0031148613323458,False,False,False
1523,Nestwave,2014,France,1.0,8,True,True,8,0.420377,1,404.6318395930921,0.0,25.0,3.0,False,False,False,True,False,False,False,False,False,False,False,False,False,False,False,False,True,False,False,False,False,0.0013797109868564,0.0,0.3051124855652513,2.307496412835896e-05,0.000709219858156,0.0,0.2417461757687434,5.526531323878225e-05,True,True,False
2476,Swoopin,2019,France,4.0,2,True,True,2,5.933148,1,391.812013689019,0.0,36.0,8.0,False,False,False,False,False,False,False,True,False,False,False,True,False,False,False,False,True,False,True,False,False,0.0016701764577735,6.441003764100757e-05,0.3216869636639532,0.0001331178890483,0.0063829787234042,0.0003519940717091,0.3094048794462662,0.0022790047421801,False,False,False
1938,In HairCare,2016,France,2.0,6,True,False,6,2.794660476152623,1,3248.7076675630187,6304.816915894473,25.5,5.5,False,False,False,True,False,False,True,True,False,False,False,False,True,False,False,False,False,False,False,False,False,0.0007987800450221,1.5055116268528827e-05,0.2664881950897519,1.3383855417758844e-06,0.0049645390070921,0.0,0.2490448797400853,0.0001122997959885,False,False,False
1539,Fasteesh,2016,France,2.0,5,False,False,5,1.69706,1,391.812013689019,0.0,4.0,9.0,False,False,False,False,False,False,False,True,False,False,False,False,True,False,True,False,False,False,False,False,True,0.0024689565027957,0.0004117587610117,0.3335774247544062,0.0001338149933555,0.0035460992907801,0.0001656759461731,0.2721114175548787,0.0009478779737073,False,False,False
1277,Yogosha,2015,France,4.0,2,True,True,2,1.43496,1,195.9060068445095,391.812013689019,81.0,4.5,False,False,True,False,False,False,False,True,True,False,False,False,False,False,False,False,True,False,False,False,True,0.0063176239924478,0.0005755033500292,0.3425885119664913,0.0001548253285711,0.0468085106382978,0.0079968619792177,0.3617697198810855,0.0114325224238617,False,False,False
2248,Ascendance,2018,France,4.0,3,False,True,3,6.382534,1,487.0632182670104,601.2660196087135,64.66666666666667,16.7,False,False,True,False,False,False,False,True,True,False,False,True,True,False,False,False,True,False,True,False,False,0.0036308183864643,0.0003067334127585,0.3279916836670654,0.0001387083443419,0.0276595744680851,0.0045733944061681,0.3427850009635112,0.0105100294257491,True,False,True
1792,Bon de Visite,2015,France,1.0,1,True,True,1,0.545434,1,0.0,0.0,12.0,6.0,False,False,True,False,False,False,False,True,True,False,False,True,False,False,False,False,True,False,False,True,False,0.0005809309418342,0.0,0.2914974461429326,0.0002284890418051,0.0049645390070921,0.0,0.3052941621867191,0.0058679921460725,False,False,False
2381,ImVitro,2019,France,2.0,1,True,True,1,2.5,2,2352.2765674521997,3436.676198787894,91.16666666666669,10.2,True,True,False,False,False,True,False,False,False,False,False,True,False,False,True,False,True,False,False,False,False,0.0084234986565971,0.0001109690497744,0.3465840064882249,0.0005320163731629,0.0063829787234042,0.0004261062958579,0.2893019095362008,0.0006320300633211,False,False,False
1230,Therapixel,2013,France,3.0,2,False,True,2,4.838828,1,686.1327359326879,0.0,6.5,10.0,False,False,False,False,False,False,False,True,False,False,False,True,False,False,True,False,True,False,False,False,False,0.0018880255609614,0.0001004161408068,0.3148472064177707,2.0861858935635663e-05,0.0035460992907801,0.0002440518698529,0.2830030555568553,0.0010621319070742,True,False,True
2204,Neoplants,2018,France,2.0,4,True,True,4,20.0,1,3235.8805054142476,5045.909471708422,298.4,19.0,True,True,True,True,False,False,False,True,True,False,False,True,False,False,True,False,False,False,False,False,False,0.0187350228741558,0.0010261154645376,0.3742831577114388,0.000948512252269,0.0446808510638297,0.0042233164999156,0.3799276331907355,0.0377563332201421,False,False,False
2444,Mojo,2017,France,4.0,0,False,True,0,5.536749,2,2589.4779498216662,3907.670532807036,39.0,13.0,True,True,False,True,False,False,False,False,False,False,False,True,False,False,True,False,True,False,False,False,False,0.0098032096434536,0.0006260463939017,0.3533934560551265,0.0004364161444686,0.0085106382978723,0.0002355768889382,0.296911604434015,0.002729337953896,False,False,False
2018,BedyCasa,2007,France,1.0,2,False,False,2,2.008178,2,0.0,0.0,16.0,28.0,False,False,True,False,False,False,False,True,True,False,False,False,True,False,False,False,False,False,False,False,False,0.0046474475346743,0.0005437805037768,0.3275532252910381,0.0001410553477773,0.0049645390070921,0.0016060366842785,0.2938604461331403,0.0007357150391088,False,False,False
1475,Sentryo,2014,France,2.0,1,False,True,1,2.202949,2,426.003800838876,432.10751679643954,86.0,12.2,True,False,True,True,False,True,True,True,True,False,False,True,True,False,False,False,True,False,False,False,True,0.0104567569530172,0.0012463380384805,0.3406474496528025,0.0003200123412984,0.0283687943262411,0.0031868928166756,0.3482584285837676,0.0049469944278062,True,True,False
2382,Yumgo,2019,France,1.0,1,True,False,1,2.794660476152623,1,0.0,0.0,71.0,8.0,True,False,True,True,False,False,False,True,True,False,False,False,False,True,True,False,False,False,False,False,False,0.0021784910318785,0.0001410350136929,0.31089757781987,0.0001233707060181,0.0198581560283687,0.0,0.3193089066047199,0.0063183970716183,False,False,False
2688,ShopMeAway,2018,France,3.0,3,True,True,3,0.1,1,1886.9930083270397,0.0,21.0,2.0,False,False,False,False,False,False,True,False,False,False,False,True,True,False,False,False,False,False,False,False,False,0.0018880255609614,7.756029565331125e-05,0.3220938694688308,0.0001319885082963,0.0085106382978723,0.0048463364327598,0.3257759224346889,0.0031924615384236,False,False,False
1239,DNA Script,2014,France,3.0,2,True,True,2,2.775003,1,4.591981092805601,0.0,126.5,25.5,True,True,True,False,False,False,False,True,True,False,False,True,False,False,True,False,False,False,False,False,False,0.0023237237673371,0.0005216140712907,0.3246625680778447,0.0001258336641041,0.0106382978723404,0.0003383246855686,0.3255286854583914,0.0062589866527153,True,False,True
1917,Librinova,2014,France,1.0,3,True,False,3,2.794660476152623,1,830.8359656368743,0.0,2.0,1.0,False,False,False,False,False,False,False,False,False,False,False,False,False,False,False,False,True,True,False,False,False,0.0034855856510057,0.0,0.2839076280685975,2.6850483373720423e-05,0.000709219858156,0.0,0.2487079423303095,0.0001392341948447,False,False,False
1386,Drivy,2010,France,2.0,2,True,False,2,2.794660476152623,1,342.60840402510934,0.0,298.0,0.0,False,True,False,False,False,True,False,False,False,False,False,True,True,False,False,False,True,False,False,True,False,0.0090770459661607,0.0,0.346020695508081,0.0006195626862605,0.0063829787234042,0.0,0.2978738179669031,0.0008351039975683,True,True,True
1813,logmatic.io,2012,France,3.0,3,True,True,3,1.00304,1,0.0,0.0,92.0,5.0,False,False,True,False,False,False,False,True,True,False,False,False,False,False,False,False,True,False,False,False,False,0.0027594219737128,0.0002142545376186,0.3051913593512359,1.122132550012553e-05,0.0219858156028368,0.0002616710493668,0.3320812628689087,0.0054894794567341,True,True,False
2406,Nextmind,2017,France,2.0,1,True,True,1,4.6,1,1726.4737467158766,396.0167542263701,36.5,3.0,True,False,False,False,False,True,False,False,False,False,False,False,True,False,False,False,True,False,False,False,False,0.0034855856510057,0.0005780956040327,0.3239741230663288,0.0001284551110553,0.0042553191489361,0.0003978642648913,0.2968431127144224,0.0007076597407575,True,True,False
2211,Aria,2020,France,2.0,1,True,True,1,4.509202,1,0.0,0.0,56.0,6.0,False,False,True,False,False,False,False,True,True,False,False,False,False,False,False,True,False,False,False,False,False,0.0013070946191271,0.0,0.2889678183198814,2.094067122992969e-06,0.0106382978723404,0.0,0.2819489249818189,0.0004836398030549,True,False,True
2821,Graneet,2020,France,3.0,1,True,True,1,2.8,1,877.1051733706614,0.0,61.0,2.0,False,False,False,False,False,False,False,False,False,False,False,False,False,False,False,False,True,False,False,True,False,0.0017427928255028,0.0001914899588898,0.3186871833892954,1.7592612670077137e-05,0.0028368794326241,0.0002171879235379,0.2664213030262984,9.862742303563028e-05,False,False,False
2240,Convelio,2017,France,2.0,1,True,True,1,2.119637,2,877.1051733706614,0.0,698.0,5.5,False,False,False,False,False,False,False,False,False,False,False,True,False,False,False,False,False,True,False,False,False,0.0084234986565971,0.0002779174315958,0.3429141750445932,8.597221614471772e-05,0.0148936170212765,0.0006022449350313,0.3234828792400757,0.0044489878506595,True,False,True
2069,Jooce,2007,France,1.0,0,True,True,0,2.794660476152623,1,287.1407924261901,0.0,108.0,7.0,False,False,False,False,False,False,False,False,False,False,False,False,False,False,False,False,True,False,False,False,False,0.00101662914821,0.0,0.291680765517009,7.479639366294736e-06,0.000709219858156,0.0,0.2114732775048514,6.1066364807316115e-06,False,False,False
2536,C-Risk,2017,France,2.0,5,True,True,5,2.669024,1,1.1942261423442109,0.0,2.0,4.0,False,False,True,False,False,False,False,True,True,False,False,False,False,False,False,False,True,False,False,False,False,0.0003630818386464,0.0001455789175329,0.2871468341908147,6.431230342600261e-06,0.000709219858156,0.0,0.2543112437978303,9.979851821968816e-05,False,False,False
1302,Wynd,2013,France,2.0,1,True,True,1,2.0,1,287.1407924261901,0.0,113.0,0.0,False,False,False,False,False,False,False,False,False,False,False,False,True,False,False,False,True,False,False,False,False,0.0013797109868564,0.0002191011718231,0.3139262889942417,0.0002288248647995,0.0042553191489361,0.0001182736542708,0.2671403142240027,0.0004177967935444,True,False,True
1698,Tiller Systems,2014,France,4.0,2,True,True,2,1.888128,1,0.0,0.0,136.0,19.0,False,True,True,False,False,False,False,True,True,False,False,False,True,True,False,True,True,False,False,False,False,0.0041391329605693,6.46951165599637e-05,0.3238044861894427,0.000483856601952,0.0191489361702127,3.70590059316128e-05,0.3408781175144427,0.0146675011199779,True,True,False
1472,Reezocar,2013,France,3.0,1,True,False,1,2.794660476152623,1,411.8271580970157,0.0,9.0,0.0,False,False,False,False,False,False,False,False,False,False,False,True,False,False,False,False,False,False,False,False,False,0.0003630818386464,8.310670737399147e-07,0.236828717481787,5.132473319716202e-08,0.002127659574468,0.0,0.2099208635590573,8.557652715284099e-06,True,True,False
2083,AmpliSense,2012,France,4.0,1,False,True,1,0.142948,2,1031.5563047944613,0.0,684.0,2.5,False,True,False,False,False,False,True,False,False,False,False,False,False,False,True,False,True,False,False,False,False,0.0121269334107907,0.0,0.3377943223595732,0.0007608927997898,0.000709219858156,0.0,0.000709219858156,7.708134842568757e-158,False,False,False
2381,ImVitro,2019,France,2.0,1,True,True,1,2.5,2,2352.2765674521997,3436.676198787894,91.16666666666669,10.2,True,True,False,False,False,True,False,False,False,False,False,True,False,False,True,False,True,False,False,False,False,0.0084234986565971,0.0001109690497744,0.3465840064882249,0.0005320163731629,0.0063829787234042,0.0004261062958579,0.2893019095362008,0.0006320300633211,False,False,False
1561,Cleany,2012,France,4.0,6,False,False,6,2.794660476152623,2,2971.2550947836676,5837.1161249608285,71.0,5.0,True,True,False,True,False,True,False,True,False,False,False,False,True,False,False,False,True,False,False,False,False,0.0073342531406579,0.0002819339222364,0.3504277698565474,0.0001842493642379,0.0304964539007092,0.0016478485737019,0.3389030533623969,0.0086592603287706,False,False,False
1323,Interactive Autonomous DYnamic Systems,2016,France,1.0,5,False,True,5,1.872838,1,467.7512179940553,594.3383814191162,4.0,0.0,True,False,False,False,False,False,True,True,False,False,False,True,False,False,False,False,True,False,False,False,False,0.0007987800450221,0.0001574909285257,0.3019484927134737,0.0001131735696519,0.000709219858156,0.0,0.2666421246616289,0.0002184079018381,False,False,False
2183,Essor,2020,France,5.0,0,True,True,0,2.794660476152623,1,3123.6112080778066,6216.735294336018,18.5,2.5,True,False,False,False,False,False,False,False,False,False,False,False,True,False,False,False,False,True,False,False,False,0.001524943722315,5.4202491587362926e-05,0.3129277764605732,1.1179463683051564e-05,0.0056737588652482,0.0001618183864718,0.2805963570904974,0.0002118209018054,True,False,True
1274,Scaleflex,2016,France,3.0,3,False,True,3,2.584001,2,857.214254391255,763.8682636871349,20.666666666666668,2.0,False,True,False,False,False,False,False,False,False,False,False,False,False,False,False,False,True,False,False,False,False,0.0021784910318785,0.0001311790271859,0.3181328905003255,2.229819051705135e-05,0.0049645390070921,0.0001598330414606,0.3058747073014075,0.001601069377559,False,False,False
2195,folk,2019,France,3.0,2,True,True,2,4.5,1,3218.9560933314956,5757.149223211498,22.0,13.0,False,True,False,False,False,False,False,False,False,False,False,False,False,False,False,False,True,True,False,False,False,0.0038486674896521,0.0001254907047572,0.3374344624828195,4.525568333993196e-05,0.0042553191489361,0.0001054737080959,0.2923914777589232,0.0007311013163749,False,False,False
1939,Mini World Lyon,2013,France,1.0,0,False,False,0,0.606369,1,393.0310626981758,0.0,12.0,3.0,False,False,False,False,False,False,False,True,False,False,False,False,True,False,False,False,True,True,False,False,False,0.0009440127804807,1.9976441211669427e-05,0.2995594833713275,0.0002298872741614,0.0063829787234042,0.0003456305693204,0.3134750045352061,0.0059836126679166,False,False,False
1880,Obuu,2015,France,3.0,0,False,True,0,2.794660476152623,1,558.0822200916671,0.0,71.0,23.0,False,False,False,False,False,True,False,False,False,False,False,True,False,False,False,False,False,False,False,False,False,0.0039939002251107,0.0006546456833077,0.3370053905050938,4.2162502629019434e-05,0.0056737588652482,0.0044492397129697,0.2906086028945396,0.0004435970960769,False,False,False
2343,Ubble.ai,2018,France,3.0,2,True,False,2,14.019915,1,0.0,0.0,237.0,22.5,False,True,True,False,False,False,False,True,True,False,False,True,False,False,False,False,True,False,False,False,False,0.00711640403747,0.0002326496349063,0.3480796248388804,0.0003164269126091,0.0475177304964539,0.0038179961235529,0.3750553464345734,0.0388274651976722,True,True,False
1821,Cleanio,2014,France,2.0,2,True,False,2,0.4,1,287.1407924261901,0.0,113.0,2.0,False,False,False,False,False,False,False,False,False,False,False,False,True,False,False,False,True,False,False,False,True,0.0018880255609614,0.0001613691031409,0.3239094785402387,0.0001283424585831,0.0042553191489361,0.0003656718878147,0.2801687118695888,0.0004297897282296,True,True,False
2526,Liberare (Formerly Intimately),2019,France,1.0,2,True,False,2,2.129978,2,342.60840402510934,0.0,127.0,19.5,False,False,False,False,False,False,False,False,False,False,False,True,True,False,False,False,False,False,False,False,False,0.0048652966378621,0.0,0.3211698460025668,0.0001817101821714,0.0,0.0,0.0,1.1876262166942208e-190,False,False,False
1817,StarDust,2011,France,2.0,6,False,True,6,0.0068,1,1955.948728296206,0.0,9.0,1.0,False,False,False,True,False,False,False,False,False,False,False,True,False,False,False,False,True,False,False,False,False,0.0007261636772928,1.903311905310388e-06,0.3067194785808642,0.0002249569484364,0.0028368794326241,1.043836470994505e-05,0.2833145956884679,0.0046188385229906,True,True,False
2075,LittleCorner,2015,France,1.0,1,True,False,1,2.794660476152623,1,411.8271580970157,0.0,9.0,0.0,False,False,False,False,False,False,False,False,False,False,False,False,False,False,False,False,True,False,False,False,False,0.000508314574105,5.444024087857482e-06,0.2405219699426553,6.027678477116949e-08,0.0028368794326241,0.000443646215748,0.2309016496710965,4.050709621160581e-05,False,False,False
1338,Chefclub,2016,France,3.0,0,True,False,0,0.7,1,877.1051733706614,0.0,698.0,3.0,False,False,False,False,False,False,False,False,False,False,False,False,False,True,False,False,True,True,False,False,False,0.0090044295984314,0.0001875658141439,0.3470285586850994,0.0001040976507068,0.0177304964539007,0.0009494978447338,0.3298679552978778,0.0049571746269867,True,False,True
1726,Youboox,2011,France,3.0,5,True,False,5,2.601919,1,227.25609715951356,244.37821825426823,22.0,9.0,False,False,False,False,False,True,False,True,False,False,False,False,False,False,False,False,True,True,False,False,False,0.0013797109868564,3.1681547569435355e-05,0.2988838371257489,5.548527269930525e-06,0.0092198581560283,0.0010419904514206,0.3071890412072144,0.0013487974401924,True,True,False
1996,3D Sound Labs,2014,France,3.0,0,True,True,0,2.794660476152623,1,264.06959986596473,0.0,230.0,4.0,False,False,False,True,False,False,False,False,False,False,False,False,False,False,False,False,True,True,False,False,False,0.0071890204051993,0.0,0.3189533039373659,0.0003020846620304,0.0156028368794326,0.0,0.3247892210037913,0.00346151803483,True,True,False
2416,DiogenX,2019,France,3.0,1,False,True,1,5.069926,1,2477.2546260726117,3941.7334390218857,35.666666666666664,6.0,True,True,False,False,False,False,True,True,False,False,False,True,False,False,True,False,False,False,False,False,False,0.0012344782513978,9.531966420409098e-05,0.2843614426222118,8.33459167725922e-06,0.0028368794326241,0.0,0.2230955086021188,2.3148565838472573e-05,True,False,True
2263,Fintecture,2018,France,4.0,3,True,True,3,7.208887,1,434.1193120513512,709.4812625770127,80.0,42.5,False,True,True,False,False,False,False,True,True,False,False,False,True,False,False,True,True,False,False,False,False,0.0034129692832764,9.795288407010514e-05,0.3218783206046148,2.7974829896419587e-05,0.0056737588652482,0.0002079617544627,0.2749604473540643,0.0006781395182041,True,False,True
1338,Chefclub,2016,France,3.0,0,True,False,0,0.7,1,877.1051733706614,0.0,698.0,3.0,False,False,False,False,False,False,False,False,False,False,False,False,False,True,False,False,True,True,False,False,False,0.0090044295984314,0.0001875658141439,0.3470285586850994,0.0001040976507068,0.0177304964539007,0.0009494978447338,0.3298679552978778,0.0049571746269867,True,False,True
1675,Brandquad,2015,France,2.0,1,False,True,1,0.257523,1,2351.4932654022846,0.0,424.0,3.0,False,False,False,True,False,False,False,False,False,False,False,False,True,False,False,False,True,False,False,False,False,0.0002178491031878,0.0,0.2574388487087677,1.2709731443420956e-06,0.0,0.0,0.0,1.1876262166942208e-190,False,False,False
1964,BioNext,2009,France,1.0,6,False,True,6,1.127824,1,6.733768538762815,0.0,22.0,9.0,False,False,True,False,True,False,False,True,True,False,False,True,False,False,True,False,False,False,False,False,False,0.0008713964127514,4.3196903857962555e-06,0.2918380800268274,4.0698943428242535e-06,0.0078014184397163,0.0,0.2912663860608921,0.0005887962794852,False,False,False
1386,Drivy,2010,France,2.0,2,True,False,2,2.794660476152623,1,342.60840402510934,0.0,298.0,0.0,False,True,False,False,False,True,False,False,False,False,False,True,True,False,False,False,True,False,False,True,False,0.0090770459661607,0.0,0.346020695508081,0.0006195626862605,0.0063829787234042,0.0,0.2978738179669031,0.0008351039975683,True,True,True
1507,Alkion BioInnovations,2011,France,4.0,10,True,True,10,0.645377,1,270.0195707178622,0.0,659.0,64.0,False,True,False,True,False,False,False,False,False,False,True,True,False,True,True,False,False,False,True,False,False,0.0038486674896521,0.0002121091027484,0.3280496810345262,0.0001398786174063,0.0070921985815602,0.0002102192867218,0.3160930713871336,0.0032340614406684,False,False,False
1732,Monsieur peinture,2016,France,3.0,3,True,True,3,1.120505,1,8.879823663570743,0.0,1.0,271.0,False,False,True,False,False,False,True,True,True,False,False,False,False,False,False,False,False,True,False,True,False,0.0004356982063757,3.662648440738541e-05,0.2484836829710079,1.0955892289279735e-06,0.0,0.0,0.0,1.1876262166942208e-190,False,False,False
1570,Cubyn,2014,France,2.0,2,True,True,2,1.211785,1,0.0,0.0,258.5,26.5,False,True,True,False,False,False,False,True,True,False,False,True,True,False,False,False,False,False,False,False,False,0.0085687313920557,0.0005630050902649,0.3514995594411788,0.0006712501199193,0.0496453900709219,0.0101890784559339,0.3902987241786537,0.0462474002956543,True,False,True
3573,ECLO,2021,France,2.0,1,False,False,1,2.794660476152623,1,765.1594382612578,0.0,19.0,4.0,False,False,False,True,False,False,True,True,False,False,False,True,True,False,False,False,False,False,False,False,False,0.0018880255609614,0.000249939657899,0.3193219091473552,2.7407348381296295e-05,0.0063829787234042,0.0010476334346313,0.2757263538926551,0.0010007013794516,False,False,False
1667,Streamdata.io,2008,France,1.0,2,False,True,2,1.35,1,104.90466064278372,0.0,53.0,20.0,False,False,False,False,False,True,False,True,False,False,False,True,False,False,False,True,True,False,False,False,True,0.0021058746641492,0.0002011422497837,0.3215913704896684,2.0054986963263058e-05,0.0113475177304964,0.0,0.3090333558158072,0.0013924428805091,True,True,False
1786,Youshould,2013,France,2.0,3,True,False,3,0.75,1,435.3316059947914,0.0,38.0,1.0,False,False,False,False,False,False,False,False,False,False,False,False,True,False,False,False,True,True,False,False,False,0.0009440127804807,3.670247149915168e-05,0.2770808577762229,1.7204378958303553e-06,0.000709219858156,0.0,0.2770322698852575,0.0006747223299412,False,False,False
2217,Cuure,2019,France,2.0,1,True,False,1,2.146079,1,0.0,0.0,156.0,12.0,False,False,True,False,False,False,False,True,True,False,False,False,True,True,True,False,True,False,False,False,False,0.0054462275796964,0.0001542752922857,0.3273963274117327,4.4520448317440857e-05,0.0368794326241134,0.0004964341762962,0.3435170564914632,0.042964016903975,False,False,False
1507,Alkion BioInnovations,2011,France,4.0,10,True,True,10,0.645377,1,270.0195707178622,0.0,659.0,64.0,False,True,False,True,False,False,False,False,False,False,True,True,False,True,True,False,False,False,True,False,False,0.0038486674896521,0.0002121091027484,0.3280496810345262,0.0001398786174063,0.0070921985815602,0.0002102192867218,0.3160930713871336,0.0032340614406684,False,False,False
2140,l'Orangerie de Paris,2013,France,1.0,1,True,False,1,2.794660476152623,1,411.8271580970157,0.0,9.0,0.0,False,False,False,False,False,False,False,False,False,False,False,False,True,True,False,False,False,False,False,False,False,0.0008713964127514,0.0002609880843518,0.281257503803387,6.718276279138675e-06,0.002127659574468,0.0,0.2099208635590573,8.557652715284099e-06,False,False,False
2382,Yumgo,2019,France,1.0,1,True,False,1,2.794660476152623,1,0.0,0.0,71.0,8.0,True,False,True,True,False,False,False,True,True,False,False,False,False,True,True,False,False,False,False,False,False,0.0021784910318785,0.0001410350136929,0.31089757781987,0.0001233707060181,0.0198581560283687,0.0,0.3193089066047199,0.0063183970716183,False,False,False
2332,Blobr,2020,France,1.0,1,True,True,1,5.369635,3,2445.7386487053336,3213.4164841221136,239.16666666666663,6.8,True,True,False,True,False,True,False,False,False,False,False,False,False,False,False,False,True,False,False,False,False,0.0270132887952944,0.0007724062111168,0.3823608150722468,0.0013998658402764,0.0375886524822695,0.0036509737499797,0.3401572544586363,0.0072458780107377,False,False,False
2735,DriveTrust,2017,France,2.0,2,False,True,2,1.670379,1,531.1425300300185,0.0,230.0,9.0,False,False,False,True,False,False,False,False,False,False,False,True,False,False,False,False,True,False,False,False,False,0.0073342531406579,4.586130772097043e-05,0.3238529357384985,0.0003035001959493,0.0163120567375886,0.0002685675563137,0.3296144707010813,0.0036343377167092,False,False,False
1842,AlertFilm,2016,France,3.0,0,True,True,0,0.044208,1,342.60840402510934,0.0,245.0,7.0,False,False,False,False,False,False,False,False,False,False,False,False,False,False,False,False,True,True,False,False,False,0.0133614116621886,0.0024825473584276,0.3642573410499772,0.0006242318629824,0.0106382978723404,0.0031927184480729,0.3308858044785346,0.0029497817836172,False,False,False
1362,NewHeat,2015,France,2.0,2,False,True,2,2.048213,1,707.2689125258178,0.0,9.0,12.0,False,False,False,False,False,False,False,True,False,True,True,True,False,False,False,False,False,False,True,False,False,0.0013797109868564,0.0001908075067561,0.3247031559723413,0.0002400895256811,0.0056737588652482,0.0002885020417692,0.3071890412072144,0.0013137416108933,True,False,True
2766,Welink,2018,France,1.0,2,True,True,2,1.641824,1,287.1407924261901,0.0,8.0,5.0,False,False,False,False,False,False,False,False,False,False,False,False,False,False,False,False,True,False,False,False,False,0.0004356982063757,7.304901290089452e-07,0.2629485446487768,1.46836542876662e-06,0.0028368794326241,3.805282920586752e-05,0.2487079423303095,9.472860372932787e-05,False,False,False
2144,PlanMeUp,2010,France,1.0,2,True,False,2,0.129521,1,504.5791397761487,0.0,24.0,0.0,False,False,False,False,False,False,False,True,False,False,False,False,True,False,False,False,True,True,False,False,False,0.0018154091932321,7.46063043094116e-05,0.305730223959173,9.734340559501418e-06,0.0099290780141843,0.0,0.2895623072945592,0.0007656591976205,False,False,False
1648,FieldWiz,2012,France,1.0,6,False,True,6,2.794660476152623,1,560.8742941654406,0.0,82.0,21.0,False,False,False,False,False,False,False,False,False,False,False,False,True,False,False,False,True,False,False,False,False,0.0051557621087793,0.0001486713265264,0.3068861857672753,3.4336778791369736e-05,0.001418439716312,0.0,0.2598051471062025,0.0001192720572865,False,False,False
1391,ReachFive,2013,France,2.0,4,True,True,4,2.558991,1,287.1407924261901,0.0,8.0,2.0,False,False,False,False,False,False,False,False,False,False,False,True,False,False,False,False,True,False,False,False,False,0.0003630818386464,0.0,0.2605952306279606,1.1549768676023368e-06,0.002127659574468,0.0,0.2430704370262601,4.693651410763865e-05,True,True,False
1320,Fifteen,2008,France,2.0,7,False,True,7,2.794660476152623,1,566.431745406687,0.0,39.0,5.0,False,False,False,True,False,False,True,True,False,False,False,True,True,False,False,False,False,False,False,False,False,0.00304988744463,0.000258973818855,0.3120180371234182,2.0134417730645577e-05,0.0141843971631205,0.0006246821562539,0.3013618017838457,0.0014634397445979,True,False,True
1476,Deeplink Medical,2014,France,4.0,3,False,True,3,1.05696,1,0.0,0.0,4.0,5.0,True,False,True,False,False,False,False,True,True,False,False,False,False,False,False,False,True,False,False,False,False,0.0003630818386464,2.0941008968543194e-06,0.2578989717627601,4.015503060122681e-07,0.002127659574468,0.0,0.2711938658834608,0.0002517200469161,False,False,False
1941,GreenKub,2013,France,1.0,2,False,True,2,0.453333,1,594.3383814191162,0.0,96.5,5.0,False,False,False,False,False,False,False,True,False,False,False,True,False,False,False,False,False,False,False,False,False,0.00508314574105,0.0002409177831452,0.3196126876135506,0.0001230724928788,0.0468085106382978,0.0081295947683009,0.3536177228955816,0.0457920522149267,False,False,False
1789,PrivateLot,2012,France,2.0,5,True,False,5,0.6,1,0.0,0.0,145.0,13.0,False,True,True,False,False,True,False,True,True,False,False,False,True,False,False,False,False,True,False,False,False,0.0029046547091714,7.449925514862663e-05,0.3215037933085878,2.712350301497603e-05,0.0219858156028368,0.0015197218175491,0.3428763372280899,0.0069030547377064,False,False,False
2314,Kinvent,2018,France,1.0,0,False,True,0,2.794660476152623,1,1781.7953748181128,0.0,27.0,1.0,False,False,False,False,False,False,False,False,False,False,False,True,True,False,True,False,True,False,False,False,False,0.0013797109868564,4.2060123099456275e-05,0.3074383353403989,0.0001211878996341,0.001418439716312,0.0,0.2434383075325428,0.0001045384463328,True,False,True
1735,onTracks,2016,France,1.0,2,False,False,2,1.022465,1,148.9822758326386,156.15642226135375,12.5,11.0,False,False,False,False,False,True,False,True,False,False,False,False,True,False,False,False,True,False,False,False,True,0.0005809309418342,3.64937633320828e-06,0.2716841573873177,1.2838091743662445e-06,0.0042553191489361,0.0004099601584742,0.2654868771646423,0.0001781763183663,False,False,False
2096,Lumenaki,2015,France,3.0,0,True,True,0,0.275,1,264.06959986596473,0.0,14.0,1.0,False,False,False,False,False,True,False,False,False,False,False,False,True,False,False,False,True,False,False,False,False,0.0007987800450221,9.436182439190412e-05,0.2940584363180443,7.88214268744038e-06,0.0028368794326241,0.0004426759356997,0.2689830463246282,0.0001440366870924,False,False,False
2840,Gaoma Therapeutics,2019,France,5.0,2,False,True,2,1.318313,1,278.89557132262007,391.812013689019,2.5,9.0,True,False,False,False,False,True,False,True,False,False,False,True,False,False,True,False,False,False,False,False,False,0.0008713964127514,0.0001783677654504,0.2932218547068976,1.5788843995362207e-05,0.0028368794326241,0.0001551828345238,0.2871072944259307,0.000542141786641,False,False,False
2821,Graneet,2020,France,3.0,1,True,True,1,2.8,1,877.1051733706614,0.0,61.0,2.0,False,False,False,False,False,False,False,False,False,False,False,False,False,False,False,False,True,False,False,True,False,0.0017427928255028,0.0001914899588898,0.3186871833892954,1.7592612670077137e-05,0.0028368794326241,0.0002171879235379,0.2664213030262984,9.862742303563028e-05,False,False,False
1313,Skillup,2016,France,6.0,1,True,True,1,0.530816,1,0.0,0.0,15.0,3.0,False,False,True,False,False,False,False,True,True,False,False,True,True,False,False,False,False,False,False,False,False,0.0010892455159392,2.641059679474884e-06,0.2911771911012061,3.720124070252971e-06,0.0099290780141843,0.000176121322418,0.3095537391428966,0.0016966257143549,False,False,False
2296,Masteos,2019,France,2.0,2,True,True,2,13.358123,1,0.0,0.0,64.0,6.0,False,True,True,False,False,False,False,True,True,False,False,False,False,False,False,True,False,False,False,True,False,0.0007987800450221,1.360931783763726e-06,0.3005300084030776,0.0001162366134169,0.0070921985815602,0.0,0.3088108695985172,0.0045753824779864,True,True,True
1821,Cleanio,2014,France,2.0,2,True,False,2,0.4,1,287.1407924261901,0.0,113.0,2.0,False,False,False,False,False,False,False,False,False,False,False,False,True,False,False,False,True,False,False,False,True,0.0018880255609614,0.0001613691031409,0.3239094785402387,0.0001283424585831,0.0042553191489361,0.0003656718878147,0.2801687118695888,0.0004297897282296,True,True,False
2821,Graneet,2020,France,3.0,1,True,True,1,2.8,1,877.1051733706614,0.0,61.0,2.0,False,False,False,False,False,False,False,False,False,False,False,False,False,False,False,False,True,False,False,True,False,0.0017427928255028,0.0001914899588898,0.3186871833892954,1.7592612670077137e-05,0.0028368794326241,0.0002171879235379,0.2664213030262984,9.862742303563028e-05,False,False,False
1615,TokyWoky,2013,France,3.0,1,True,False,1,0.765039,2,0.0,0.0,57.666666666666664,7.0,True,False,True,True,False,False,False,True,True,False,False,False,True,False,False,False,False,False,False,False,True,0.0029046547091714,0.0001016547764295,0.3153288345744413,0.0001254550613116,0.026241134751773,0.0027416863655949,0.328688350860031,0.0068636453998029,True,True,False
1696,Swello,2016,France,3.0,1,False,False,1,0.529122,1,8.108283940201808,16.216567880403616,9.0,10.0,False,False,True,False,False,False,False,True,True,False,False,False,False,False,False,False,True,True,False,False,False,0.0034855856510057,0.0007095815515508,0.327148899715684,2.498242336819699e-05,0.0085106382978723,0.0025721261795783,0.3183609336014402,0.0012458178054282,False,False,False
1362,NewHeat,2015,France,2.0,2,False,True,2,2.048213,1,707.2689125258178,0.0,9.0,12.0,False,False,False,False,False,False,False,True,False,True,True,True,False,False,False,False,False,False,True,False,False,0.0013797109868564,0.0001908075067561,0.3247031559723413,0.0002400895256811,0.0056737588652482,0.0002885020417692,0.3071890412072144,0.0013137416108933,True,False,True
2289,Bene Bono,2020,France,3.0,1,True,False,1,7.118632,2,609.8567886978853,621.7718451808199,59.75,4.5,True,False,False,False,False,True,False,False,False,False,False,False,False,True,False,False,False,False,False,False,False,0.0047926802701328,7.205567582325334e-05,0.3360635230989776,0.0002581669112951,0.0042553191489361,0.0,0.2767939112964124,0.0003033990332568,False,False,False
1475,Sentryo,2014,France,2.0,1,False,True,1,2.202949,2,426.003800838876,432.10751679643954,86.0,12.2,True,False,True,True,False,True,True,True,True,False,False,True,True,False,False,False,True,False,False,False,True,0.0104567569530172,0.0012463380384805,0.3406474496528025,0.0003200123412984,0.0283687943262411,0.0031868928166756,0.3482584285837676,0.0049469944278062,True,True,False
2537,Ervaccine Technologies,2019,France,1.0,2,False,True,2,7.763787,2,391.812013689019,0.0,197.0,25.0,False,True,False,False,False,False,False,True,False,False,False,True,False,False,True,False,False,False,False,False,False,0.0019606419286907,0.0,0.307846455448946,9.34538195961351e-06,0.0163120567375886,0.0,0.313933860360337,0.0016167388478065,False,False,False
2314,Kinvent,2018,France,1.0,0,False,True,0,2.794660476152623,1,1781.7953748181128,0.0,27.0,1.0,False,False,False,False,False,False,False,False,False,False,False,True,True,False,True,False,True,False,False,False,False,0.0013797109868564,4.2060123099456275e-05,0.3074383353403989,0.0001211878996341,0.001418439716312,0.0,0.2434383075325428,0.0001045384463328,True,False,True
1398,Mipise,2012,France,5.0,7,True,True,7,3.180626,2,143.57039621309505,287.1407924261901,28.0,14.0,False,False,True,False,False,False,False,True,True,False,False,True,False,False,False,True,False,False,False,False,False,0.0007261636772928,1.0337520046748016e-05,0.2903049743620913,5.219474117830906e-06,0.0042553191489361,0.0,0.2785313622547665,0.001034730566402,False,False,False
2437,Purchasely,2020,France,3.0,1,True,False,1,2.14431,1,342.60840402510934,0.0,44.0,3.0,False,False,False,False,False,False,False,False,False,False,False,False,False,False,False,True,True,False,False,False,False,0.0095127441725364,0.0023762132006704,0.3635842634837838,0.0002343153499804,0.0184397163120567,0.00345615432425,0.3448981221165964,0.0039256096964561,False,False,False
1971,Open Ocean,2011,France,2.0,4,True,True,4,1.825871,1,0.0,0.0,145.5,16.0,False,True,True,False,False,False,False,True,True,True,True,True,False,False,False,False,False,False,True,False,False,0.0054462275796964,0.000724576191628,0.3395341644821635,0.0001458887814335,0.0382978723404255,0.0068281279372269,0.3648468652160536,0.0094912026048915,True,True,False
2255,Onepilot,2020,France,5.0,1,True,True,1,1.784408,1,3357.110649165745,6385.086074905369,604.0,4.5,False,False,False,False,False,False,False,False,False,False,False,False,False,False,False,False,True,False,False,False,False,0.0120543170430615,8.835750100612518e-05,0.3568112628616823,0.0002829587677675,0.0283687943262411,0.0010895005647512,0.3365101709249533,0.0074147175953312,False,False,False
2314,Kinvent,2018,France,1.0,0,False,True,0,2.794660476152623,1,1781.7953748181128,0.0,27.0,1.0,False,False,False,False,False,False,False,False,False,False,False,True,True,False,True,False,True,False,False,False,False,0.0013797109868564,4.2060123099456275e-05,0.3074383353403989,0.0001211878996341,0.001418439716312,0.0,0.2434383075325428,0.0001045384463328,True,False,True
3100,Rayon,2021,France,2.0,1,True,True,1,4.202122,2,556.4071117633301,559.594660662738,227.0,13.0,False,True,False,True,False,True,False,False,False,False,False,True,False,False,False,False,True,False,False,True,False,0.0188802556096144,0.0003990458506272,0.3754409575921882,0.0011563383937534,0.0141843971631205,0.0012168383398292,0.3266027648774165,0.0025354453275626,False,False,False
1378,Little Worker,2016,France,2.0,2,True,False,2,0.737545,2,2918.5580624804143,5837.1161249608285,71.0,5.0,True,True,True,True,False,True,False,True,True,False,False,False,True,False,False,False,True,True,False,True,False,0.0069711713020114,0.0001771313301242,0.3469636571405538,0.0001811980039985,0.0304964539007092,0.0016478485737019,0.3389030533623969,0.0086592603287706,False,False,False
1654,Cizoo,2015,France,3.0,3,True,False,3,0.648147,2,2328.6136001095156,2565.2655420206434,11.0,3.0,False,False,False,False,False,False,False,False,False,False,False,False,False,False,False,False,True,True,False,False,False,0.0002178491031878,0.0,0.2671460282052536,1.648543585686217e-06,0.000709219858156,0.0,0.2417461757687434,5.526531323878225e-05,False,False,False
2094,wezzoo,2012,France,1.0,1,True,False,1,0.65,1,264.06959986596473,0.0,230.0,3.0,False,False,False,True,False,False,False,False,False,False,False,False,False,False,False,False,True,True,False,False,True,0.0076973349793043,6.021742515640408e-05,0.3257048235130866,0.0004169250850903,0.0184397163120567,0.0004427840350056,0.3354574800878575,0.0061761904240025,False,False,False
2240,Convelio,2017,France,2.0,1,True,True,1,2.119637,2,877.1051733706614,0.0,698.0,5.5,False,False,False,False,False,False,False,False,False,False,False,True,False,False,False,False,False,True,False,False,False,0.0084234986565971,0.0002779174315958,0.3429141750445932,8.597221614471772e-05,0.0148936170212765,0.0006022449350313,0.3234828792400757,0.0044489878506595,True,False,True
3507,Uku,2021,France,3.0,0,True,False,0,2.794660476152623,1,171.30420201255467,342.60840402510934,11.5,20.0,False,False,True,False,False,False,False,True,True,False,False,False,False,False,False,False,True,False,False,False,False,0.0004356982063757,0.0,0.296339883693809,1.0421971514459608e-05,0.0028368794326241,0.0,0.2702257231451115,0.0002866956415736,False,False,False
2529,GRAPHEAL,2019,France,1.0,2,False,False,2,2.302561,1,669.0882838887567,0.0,10.0,3.0,True,False,False,False,False,False,False,False,False,False,False,True,True,False,True,False,True,False,False,False,False,0.0029772710769007,0.0002190441318912,0.3090332133144656,9.158937503955207e-06,0.0049645390070921,0.0004867505571344,0.2820107152349378,0.000505088760055,False,False,False
1907,Bubble BD,2015,France,2.0,1,False,False,1,2.794660476152623,1,0.0,0.0,29.0,17.0,False,False,True,False,False,False,False,True,True,False,False,False,True,False,False,False,True,True,False,False,False,0.0007987800450221,1.5861813568320212e-07,0.2770276616560815,1.9377259591833e-06,0.0042553191489361,0.0,0.2742572237035425,0.0002796324023799,False,False,False
2329,Boxy,2018,France,2.0,2,True,True,2,5.43675,1,171.30420201255467,342.60840402510934,174.0,5.5,True,True,True,False,False,True,False,True,True,False,False,False,True,False,False,False,True,False,False,False,False,0.0098758260111829,0.0001213789915996,0.3522527659726527,0.0008419338412765,0.0127659574468085,0.0025594367085434,0.3319099545052931,0.0041066509038826,True,False,True
1589,Spare Parts 3D,2016,France,2.0,2,True,True,2,0.354803,1,342.60840402510934,0.0,245.0,9.0,False,False,False,False,False,False,False,False,False,False,False,True,False,False,False,False,False,False,False,False,False,0.0080604168179507,0.0,0.3298745865452598,0.0002308686148538,0.000709219858156,0.0,0.2458099128208254,5.5779523797169784e-05,False,False,False
1859,inWebo,2008,France,3.0,5,True,True,5,2.503329,1,512.6931314063108,0.0,24.0,0.0,False,False,False,False,False,False,False,True,False,False,False,False,False,False,False,False,True,False,False,False,False,0.0018154091932321,0.000215941658676,0.3104368016425738,1.1482759353194422e-05,0.0113475177304964,0.0003226732428784,0.2990506376056289,0.0009522833454105,False,False,False
1505,Livejourney,2016,France,2.0,4,True,True,4,2.246901,1,261.20800912601266,261.20800912601266,78.33333333333333,24.0,False,False,True,False,True,False,False,True,True,False,False,True,False,False,False,False,True,False,False,False,False,0.0052283784765086,0.0001581007840069,0.3215117528994303,2.159933368513492e-05,0.0489361702127659,0.0049722471505261,0.3683981945654226,0.0474488861169213,True,True,False
1798,ZELUP,2012,France,1.0,4,False,True,4,1.0,1,391.812013689019,0.0,90.0,8.0,False,False,False,False,False,False,False,True,False,False,False,True,False,False,False,False,False,False,False,False,False,0.0017427928255028,0.0,0.294913199116925,7.483797603467416e-06,0.0170212765957446,0.0,0.3131698451246097,0.0025211493665229,False,False,False
2075,LittleCorner,2015,France,1.0,1,True,False,1,2.794660476152623,1,411.8271580970157,0.0,9.0,0.0,False,False,False,False,False,False,False,False,False,False,False,False,False,False,False,False,True,False,False,False,False,0.000508314574105,5.444024087857482e-06,0.2405219699426553,6.027678477116949e-08,0.0028368794326241,0.000443646215748,0.2309016496710965,4.050709621160581e-05,False,False,False
1484,Hillo,2016,France,2.0,2,True,True,2,1.436604,2,490.9923573225751,0.0,30.0,12.0,False,False,False,False,False,False,False,False,False,False,False,True,False,False,True,False,True,False,False,False,False,0.0005809309418342,5.699799780979103e-06,0.2819597621067738,8.594100641797374e-06,0.0,0.0,0.0,1.1876262166942208e-190,False,False,False
1606,Stimergy,2013,France,1.0,1,True,True,1,1.35626,2,132.03479993298237,264.06959986596473,147.5,6.5,True,False,True,True,False,False,False,True,True,True,False,False,False,False,False,False,True,False,False,False,False,0.0093675114370779,0.0005338334040322,0.3408083643383752,0.0006540136067551,0.0184397163120567,0.001011570877149,0.3356324709486232,0.0044104564639624,False,False,False
1484,Hillo,2016,France,2.0,2,True,True,2,1.436604,2,490.9923573225751,0.0,30.0,12.0,False,False,False,False,False,False,False,False,False,False,False,True,False,False,True,False,True,False,False,False,False,0.0005809309418342,5.699799780979103e-06,0.2819597621067738,8.594100641797374e-06,0.0,0.0,0.0,1.1876262166942208e-190,False,False,False
2326,Routine,2020,France,2.0,1,True,True,1,2.794660476152623,1,3094.1166085542404,5569.791902778004,324.0,9.0,False,True,False,False,False,False,False,False,False,False,False,False,False,False,False,False,True,False,False,False,False,0.0026868056059835,0.0002047836464011,0.3209713970122044,3.3035143884698255e-05,0.0042553191489361,8.178782995790073e-05,0.2797423681776133,0.0007449278888959,False,False,False
1434,Instant System,2013,France,3.0,2,False,True,2,2.794660476152623,1,825.7809622407019,0.0,230.0,5.0,False,False,False,True,False,False,False,False,False,False,False,True,False,False,False,False,True,False,False,False,False,0.0071890204051993,0.0,0.3189533039373659,0.0003020846620304,0.0156028368794326,0.0,0.3247892210037913,0.00346151803483,False,False,False
1361,Darewise Entertainment,2015,France,1.0,3,True,False,3,3.403487,3,122.02407493249508,244.04814986499017,104.5,10.2,False,True,True,False,False,False,False,True,True,False,False,False,False,False,False,False,False,True,False,False,False,0.0031951201800885,6.0338826226102696e-05,0.324808732007248,3.1107111758844304e-05,0.0141843971631205,0.0001336823690847,0.3207414989075327,0.0034165011723743,True,True,False
3167,Cynoia,2022,France,2.0,0,False,True,0,1.612091,4,829.3385506576948,1.91427213237404,47.166666666666664,8.2,False,False,False,False,False,False,False,False,False,False,False,False,False,False,False,False,True,True,False,False,True,0.0004356982063757,0.0001415293962486,0.26195668629579,1.7208269706934412e-06,0.001418439716312,0.0,0.2282396051112134,3.5259749226693594e-05,False,False,False
3074,Apiday,2021,France,2.0,1,True,True,1,4.872367,2,957.4123627816332,350.99396867903437,165.5,7.0,False,True,False,False,False,False,False,False,False,False,False,False,False,False,False,False,True,False,True,False,False,0.0097305932757243,4.758665535908719e-05,0.3600161544442722,0.0009626340410721,0.0092198581560283,0.0003594634933261,0.3107497931941611,0.0040040131935172,False,False,False
2142,Whally,2014,France,1.0,1,True,True,1,2.794660476152623,1,586.7221848309919,1137.6519558444104,108.5,6.0,True,True,False,False,False,False,False,False,False,False,False,False,False,False,False,False,True,False,False,False,False,0.0048652966378621,0.0001980278488986,0.3176737456730379,1.5525624180385724e-05,0.001418439716312,3.650861664396232e-06,0.2719389039765472,0.0002751959522994,False,False,False
1928,Wheretoget,2011,France,2.0,3,True,False,3,2.0,1,0.0,0.0,130.0,14.0,False,True,True,False,False,False,False,True,True,False,False,True,True,False,False,False,False,False,False,False,False,0.0022511073996078,0.0,0.3135094687278514,0.000122805090602,0.0205673758865248,0.0,0.3328543439257685,0.0076632616158302,False,False,False
2428,LoneScale,2020,France,2.0,1,True,True,1,1.131905,1,0.0,0.0,39.0,6.0,False,False,True,False,False,False,False,True,True,False,False,False,True,False,False,False,True,False,False,False,False,0.0015975600900442,0.0003028741657441,0.2957662094177323,8.853684683007342e-06,0.0106382978723404,0.0,0.3165596294260815,0.002057174749083,False,False,False
1491,Les Opticiens Mobiles,2015,France,1.0,0,False,False,0,2.41677,1,0.0,0.0,58.0,18.0,False,False,True,False,False,False,False,True,True,False,False,False,True,False,False,False,False,False,False,False,False,0.0013070946191271,0.0,0.2971331790398067,6.314584707782209e-06,0.0120567375886524,0.0,0.3326822372329424,0.005294405176399,False,False,False
3363,Hera,2021,France,2.0,0,True,False,0,1.7,1,342.60840402510934,0.0,147.0,12.0,False,True,False,False,False,False,False,False,False,False,False,False,True,False,False,False,True,False,False,False,False,0.0018880255609614,0.0001410350136929,0.3166204096721716,3.372484755971763e-05,0.000709219858156,0.0,0.2482760744003514,0.0001455347958929,False,False,False
1545,Qopius,2015,France,3.0,2,True,True,2,2.007818,1,0.0,0.0,136.0,20.0,False,True,True,False,False,False,False,True,True,False,False,True,True,False,False,False,True,False,False,True,False,0.003558202018735,2.9080222305589596e-05,0.3233932495732697,0.0002614809873983,0.0184397163120567,0.0,0.3404272205336035,0.0124519873396624,True,True,False
2407,Foodomarket,2017,France,1.0,2,True,False,2,1.128049,1,410.10629119478455,0.0,30.0,22.0,True,False,False,False,False,False,False,False,False,False,False,True,False,True,False,False,True,False,False,False,False,0.0011618618836685,1.4693208019681866e-05,0.2933609542584663,5.161137507249733e-06,0.0049645390070921,0.0001553744126612,0.285008835795575,0.0005190746486396,False,False,False
2837,movido,2020,France,2.0,1,True,True,1,2.794660476152623,1,639.5855089406035,0.0,26.0,2.0,False,False,False,True,False,False,False,False,False,False,False,False,True,False,False,True,True,False,False,True,False,0.0018154091932321,0.0001433278067747,0.3158503434943523,0.0001214935780897,0.002127659574468,1.4616069737511456e-05,0.2814555760317194,0.0008560232324663,False,False,False
1917,Librinova,2014,France,1.0,3,True,False,3,2.794660476152623,1,830.8359656368743,0.0,2.0,1.0,False,False,False,False,False,False,False,False,False,False,False,False,False,False,False,False,True,True,False,False,False,0.0034855856510057,0.0,0.2839076280685975,2.6850483373720423e-05,0.000709219858156,0.0,0.2487079423303095,0.0001392341948447,False,False,False
2334,Murfy,2017,France,2.0,2,True,True,2,2.233649,1,0.0,0.0,15.0,14.0,True,False,True,False,False,False,False,True,True,False,False,False,True,False,False,False,False,False,False,True,False,0.0003630818386464,3.4597621320800698e-06,0.2616558414553874,1.1498613776028346e-06,0.0035460992907801,0.0002745469279213,0.2790750148811584,0.0004034636372752,False,False,False
2256,Heex Technologies,2019,France,3.0,2,True,True,2,6.529028,3,3226.0102718551784,4775.177941245459,75.66666666666667,18.4,True,True,True,True,False,False,False,True,True,False,False,True,False,False,False,False,True,False,False,False,False,0.034274925568223,0.0015171232181656,0.3875411137903249,0.0473580532966428,0.0546099290780141,0.0062885307012644,0.3753835745673924,0.1216620087365084,False,False,False
1237,InterCloud,2010,France,3.0,3,True,True,3,2.794660476152623,1,264.06959986596473,0.0,230.0,3.0,False,False,False,True,False,False,False,False,False,False,False,False,False,False,False,False,True,False,False,False,False,0.0088591968629729,0.000518042180861,0.3386399312397661,0.0005402613146236,0.0212765957446808,0.0015158834176599,0.3481642028184581,0.0071918251766353,True,True,True
1586,Monbanquet,2016,France,3.0,0,True,True,0,0.55926,1,0.0,0.0,92.0,6.0,False,False,True,False,False,False,False,True,True,False,False,True,True,True,False,False,False,False,False,False,False,0.0021784910318785,0.0,0.3020889698088764,1.0339177546989228e-05,0.0205673758865248,0.0,0.330206541857075,0.0053214371751826,True,True,False
2332,Blobr,2020,France,1.0,1,True,True,1,5.369635,3,2445.7386487053336,3213.4164841221136,239.16666666666663,6.8,True,True,False,True,False,True,False,False,False,False,False,False,False,False,False,False,True,False,False,False,False,0.0270132887952944,0.0007724062111168,0.3823608150722468,0.0013998658402764,0.0375886524822695,0.0036509737499797,0.3401572544586363,0.0072458780107377,False,False,False
1249,Evaneos,2009,France,2.0,2,True,False,2,0.986335,1,0.0,0.0,92.0,1.0,False,False,True,False,False,False,False,True,True,False,False,False,True,False,False,False,True,False,False,False,False,0.0047200639024036,0.0004833062227534,0.3332093889032121,3.4915722857431146e-05,0.026241134751773,0.0027682035135404,0.3411492294848943,0.0057685098644154,True,False,True
2526,Liberare (Formerly Intimately),2019,France,1.0,2,True,False,2,2.129978,2,342.60840402510934,0.0,127.0,19.5,False,False,False,False,False,False,False,False,False,False,False,True,True,False,False,False,False,False,False,False,False,0.0048652966378621,0.0,0.3211698460025668,0.0001817101821714,0.0,0.0,0.0,1.1876262166942208e-190,False,False,False
2876,Quantilia,2017,France,3.0,0,False,True,0,2.392038,1,686.1327359326879,0.0,99.0,9.0,False,False,False,False,False,False,False,True,False,False,False,False,False,False,False,False,True,False,False,False,False,0.0026141892382543,0.0001208224754213,0.3265155437888464,0.000137974007091,0.0177304964539007,0.0010280445026859,0.3343244722309746,0.0037789500777546,False,False,False
2709,Gryzzly,2018,France,3.0,1,False,True,1,1.001614,2,3.290433930574435,6.58086786114887,31.0,13.7,False,False,True,True,False,True,True,True,True,False,False,True,False,False,False,False,True,False,False,False,False,0.0022511073996078,4.81223139652269e-05,0.3214480872057869,1.6686029643177543e-05,0.0177304964539007,0.0012825873194854,0.3231579341077401,0.0024629602256409,False,False,False
2884,Briq,2018,France,2.0,1,True,True,1,2.794660476152623,1,229.77958882698675,0.0,50.0,3.0,False,False,False,True,False,False,False,False,False,False,False,True,False,False,False,False,True,False,False,False,False,0.0018880255609614,0.0001853090711119,0.3239822054464073,0.0001279677459005,0.0056737588652482,0.0001634198411606,0.31773207249803,0.0035915926291661,False,False,False
2129,Finaho,2013,France,1.0,1,True,True,1,2.794660476152623,1,0.0,0.0,156.0,6.0,False,False,True,False,False,False,False,True,True,False,False,False,False,False,False,True,False,False,False,False,False,0.00406651659284,4.890910903761608e-05,0.3163504597479669,1.8641370055239293e-05,0.0354609929078014,0.0,0.3402471955624064,0.0428380242324078,False,False,False
2891,YupWeGo,2018,France,2.0,2,False,False,2,2.794660476152623,1,4.429671803693875,0.0,20.0,4.0,False,False,True,True,False,False,True,True,True,False,False,False,True,False,False,True,False,False,False,False,False,0.0013797109868564,0.00015578539523,0.3118007856689985,9.47843724002267e-06,0.0078014184397163,0.0005777516572945,0.3101506130674913,0.0013353749953311,False,False,False
1767,Olnica,2010,France,1.0,4,False,True,4,2.794660476152623,1,315.4646378910606,0.0,90.0,6.0,False,False,False,False,False,False,False,True,False,False,False,True,False,False,False,False,False,False,False,False,False,0.00203325829642,2.032802166742604e-05,0.3003006757570537,8.05293779814663e-06,0.0170212765957446,0.0,0.3131698451246097,0.0025211493665229,False,False,False
2257,Modjo,2019,France,3.0,1,True,True,1,0.58894,1,0.0,0.0,72.0,5.0,False,False,True,False,False,False,False,True,True,False,False,False,False,False,False,False,True,False,False,False,False,0.00304988744463,2.9573951935701435e-05,0.3184605488882461,3.3644046789027675e-05,0.026950354609929,0.0009796986268399,0.3364221944096788,0.0069180803094303,False,False,False
1936,miLibris,2009,France,1.0,2,True,True,2,2.050934,1,0.0,0.0,50.0,1.0,True,False,True,False,False,False,False,True,True,False,False,False,False,False,False,False,True,True,False,False,False,0.0009440127804807,1.5684641302263237e-05,0.3234335206991878,0.0001242374181737,0.0049645390070921,3.2613662337376176e-05,0.3076296661766725,0.0033565465400711,True,True,False
1391,ReachFive,2013,France,2.0,4,True,True,4,2.558991,1,287.1407924261901,0.0,8.0,2.0,False,False,False,False,False,False,False,False,False,False,False,True,False,False,False,False,True,False,False,False,False,0.0003630818386464,0.0,0.2605952306279606,1.1549768676023368e-06,0.002127659574468,0.0,0.2430704370262601,4.693651410763865e-05,True,True,False
3074,Apiday,2021,France,2.0,1,True,True,1,4.872367,2,957.4123627816332,350.99396867903437,165.5,7.0,False,True,False,False,False,False,False,False,False,False,False,False,False,False,False,False,True,False,True,False,False,0.0097305932757243,4.758665535908719e-05,0.3600161544442722,0.0009626340410721,0.0092198581560283,0.0003594634933261,0.3107497931941611,0.0040040131935172,False,False,False
1983,CopSonic,2013,France,1.0,4,False,True,4,2.794660476152623,1,577.888452675134,0.0,230.0,7.0,False,False,False,True,False,False,False,False,False,False,False,False,True,False,False,False,True,True,False,False,False,0.0076973349793043,6.021742515640408e-05,0.3257048235130866,0.0004169250850903,0.0184397163120567,0.0004427840350056,0.3354574800878575,0.0061761904240025,False,False,False
2253,Colonies,2017,France,3.0,0,True,False,0,2.794660476152623,1,877.1051733706614,0.0,698.0,4.0,False,False,False,False,False,False,False,False,False,False,False,False,True,False,False,False,False,False,False,True,False,0.0079151840824921,0.0,0.3413637915809424,8.526493070794332e-05,0.0134751773049645,0.0,0.3195467826215598,0.0043164312581433,True,False,True
2944,Stocklear,2017,France,1.0,5,False,True,5,2.794660476152623,1,82.90332288073547,0.0,22.0,6.0,False,False,False,False,False,False,False,False,False,False,False,True,False,False,False,False,True,True,False,False,True,0.0004356982063757,1.2680362200164753e-08,0.2825179525118844,2.5821713606068384e-06,0.0028368794326241,0.0,0.2973232194124356,0.0005784507531527,False,False,False
2121,youmag,2011,France,2.0,0,True,False,0,2.794660476152623,1,264.06959986596473,0.0,2.0,8.0,False,False,False,False,False,False,False,False,False,False,False,False,False,False,False,False,True,True,False,False,False,0.0009440127804807,6.724823726058618e-05,0.2745734977506774,2.972242631028548e-06,0.000709219858156,0.0,0.2527626976266001,0.0001470877900014,False,False,False
2999,Botnik,2017,France,2.0,1,True,False,1,2.794660476152623,1,416.3232901619961,0.0,30.0,21.0,True,False,False,False,False,False,False,False,False,False,False,False,False,False,False,False,True,False,False,False,False,0.0011618618836685,1.5667315778343196e-05,0.2897932011495278,5.258439927320684e-06,0.0035460992907801,0.0,0.2668633126538824,0.0003285753569659,False,False,False
1913,Swish,2016,France,1.0,0,True,False,0,2.794660476152623,1,342.60840402510934,0.0,15.0,1.0,False,False,False,False,False,True,False,False,False,False,False,False,True,False,False,False,True,True,False,False,False,0.01219954977852,0.0009185342410679,0.359348701489078,0.0007263531944904,0.0092198581560283,0.0007331483493614,0.320262541965411,0.0024460154346528,False,False,False
2174,Greenly,2019,France,4.0,2,True,True,2,2.955799,1,410.10629119478455,0.0,32.0,5.0,False,False,False,False,False,False,False,False,False,False,False,True,False,False,False,True,True,False,True,False,False,0.0003630818386464,2.0367284935917857e-06,0.2861913022701763,3.852669522587475e-06,0.002127659574468,4.658916676782142e-05,0.2610701752114062,0.0001056527996661,True,False,True
2932,LN Markets,2019,France,3.0,1,True,True,1,2.794660476152623,2,2630.8746642849846,4552.966966081955,28.666666666666668,4.7,True,False,False,False,False,False,False,False,False,False,False,False,False,False,False,True,False,False,False,False,False,0.0013797109868564,0.0001634698642201,0.3012270997196555,1.952251022310924e-05,0.002127659574468,0.0,0.2654321150200127,0.0002627123148728,False,False,False
2142,Whally,2014,France,1.0,1,True,True,1,2.794660476152623,1,586.7221848309919,1137.6519558444104,108.5,6.0,True,True,False,False,False,False,False,False,False,False,False,False,False,False,False,False,True,False,False,False,False,0.0048652966378621,0.0001980278488986,0.3176737456730379,1.5525624180385724e-05,0.001418439716312,3.650861664396232e-06,0.2719389039765472,0.0002751959522994,False,False,False
1648,FieldWiz,2012,France,1.0,6,False,True,6,2.794660476152623,1,560.8742941654406,0.0,82.0,21.0,False,False,False,False,False,False,False,False,False,False,False,False,True,False,False,False,True,False,False,False,False,0.0051557621087793,0.0001486713265264,0.3068861857672753,3.4336778791369736e-05,0.001418439716312,0.0,0.2598051471062025,0.0001192720572865,False,False,False
1712,Situ8ed,2016,France,1.0,3,False,True,3,2.794660476152623,1,95.99642842120348,0.0,20.0,3.0,False,False,False,True,False,False,True,True,False,False,False,False,False,False,False,False,False,False,False,False,False,0.00203325829642,0.0002879988207943,0.320472391558221,1.1548168901912576e-05,0.0063829787234042,6.316005994233981e-05,0.2849457248930516,0.0005601878605692,False,False,False
1833,Labonnebrique,2015,France,2.0,1,False,False,1,2.794660476152623,1,0.0,0.0,5.0,9.0,False,False,True,False,False,True,False,True,True,False,False,False,False,False,False,False,True,False,False,False,False,0.0009440127804807,3.094152355296411e-05,0.2863806364944492,5.006510372364207e-06,0.001418439716312,0.0,0.2290113709943088,5.565871278603269e-05,False,False,False
2735,DriveTrust,2017,France,2.0,2,False,True,2,1.670379,1,531.1425300300185,0.0,230.0,9.0,False,False,False,True,False,False,False,False,False,False,False,True,False,False,False,False,True,False,False,False,False,0.0073342531406579,4.586130772097043e-05,0.3238529357384985,0.0003035001959493,0.0163120567375886,0.0002685675563137,0.3296144707010813,0.0036343377167092,False,False,False
2407,Foodomarket,2017,France,1.0,2,True,False,2,1.128049,1,410.10629119478455,0.0,30.0,22.0,True,False,False,False,False,False,False,False,False,False,False,True,False,True,False,False,True,False,False,False,False,0.0011618618836685,1.4693208019681866e-05,0.2933609542584663,5.161137507249733e-06,0.0049645390070921,0.0001553744126612,0.285008835795575,0.0005190746486396,False,False,False
1472,Reezocar,2013,France,3.0,1,True,False,1,2.794660476152623,1,411.8271580970157,0.0,9.0,0.0,False,False,False,False,False,False,False,False,False,False,False,True,False,False,False,False,False,False,False,False,False,0.0003630818386464,8.310670737399147e-07,0.236828717481787,5.132473319716202e-08,0.002127659574468,0.0,0.2099208635590573,8.557652715284099e-06,True,True,False
1832,GreenPriz,2013,France,1.0,3,False,True,3,0.291032,1,680.4680427449391,0.0,90.0,8.0,False,False,False,False,False,False,False,True,False,True,False,False,False,False,False,False,False,False,True,False,False,0.0029772710769007,0.0004103819426418,0.3098146986452702,1.2091253239213856e-05,0.0219858156028368,0.0024581789414788,0.3251996193118577,0.0030256533452734,False,False,False
1342,Mindsay,2016,France,4.0,1,True,True,1,1.230125,1,0.0,0.0,196.0,22.0,False,True,True,False,False,False,False,True,True,False,False,True,False,False,False,False,True,False,False,False,True,0.0062450076247186,0.0003495004282411,0.344991172943543,0.0003057688619513,0.0340425531914893,0.002955489800065,0.3686092505348098,0.0325591772184615,True,True,False
1693,Vidmizer,2015,France,4.0,1,True,True,1,2.794660476152623,1,0.0,0.0,6.0,3.0,False,False,True,False,False,False,False,True,True,False,False,False,False,False,False,False,False,True,False,False,False,0.0002178491031878,0.0,0.2598079968613342,6.456475888578622e-07,0.001418439716312,0.0,0.2351205725592949,4.119939103623584e-05,False,False,False
2487,Workelo,2017,France,2.0,2,True,True,2,1.253918,1,195.9060068445095,391.812013689019,11.5,18.5,False,False,True,False,True,False,False,True,True,False,False,True,False,False,False,False,True,False,False,False,False,0.0013797109868564,0.000223086066359,0.3079632602886905,1.2956784278323424e-05,0.0056737588652482,0.0005402614333993,0.3123337120429663,0.0021185852362239,False,False,False
1694,360&1,2016,France,1.0,0,False,True,0,1.239016,1,686.1327359326879,0.0,90.0,8.0,False,False,False,False,False,False,False,True,False,False,False,True,False,False,False,False,True,False,False,False,False,0.0017427928255028,0.0,0.294913199116925,7.483797603467416e-06,0.0170212765957446,0.0,0.3131698451246097,0.0025211493665229,False,False,False
2407,Foodomarket,2017,France,1.0,2,True,False,2,1.128049,1,410.10629119478455,0.0,30.0,22.0,True,False,False,False,False,False,False,False,False,False,False,True,False,True,False,False,True,False,False,False,False,0.0011618618836685,1.4693208019681866e-05,0.2933609542584663,5.161137507249733e-06,0.0049645390070921,0.0001553744126612,0.285008835795575,0.0005190746486396,False,False,False
1863,WiziShop,2008,France,3.0,5,False,False,5,0.198119,1,686.1327359326879,0.0,32.0,3.0,False,False,False,False,False,False,False,True,False,False,False,False,True,False,False,False,True,False,False,False,False,0.0009440127804807,5.000750109901157e-07,0.2996769983411512,4.451356000968764e-06,0.0056737588652482,0.0,0.2956835693053817,0.0006641542768783,False,False,False
1391,ReachFive,2013,France,2.0,4,True,True,4,2.558991,1,287.1407924261901,0.0,8.0,2.0,False,False,False,False,False,False,False,False,False,False,False,True,False,False,False,False,True,False,False,False,False,0.0003630818386464,0.0,0.2605952306279606,1.1549768676023368e-06,0.002127659574468,0.0,0.2430704370262601,4.693651410763865e-05,True,True,False
1540,Bergamotte,2015,France,1.0,1,True,False,1,1.322087,1,294.4066349770383,588.8132699540766,76.0,10.0,False,True,True,False,False,False,False,True,True,False,False,True,True,True,False,False,False,False,False,False,False,0.0042117493282985,7.907286990781737e-05,0.3232564027259867,0.0002661419935818,0.0184397163120567,0.0,0.3404272205336035,0.0127164580177136,True,True,False
2616,Healshape,2020,France,6.0,2,False,True,2,6.314699,1,434.14256130135976,155.0342320507664,73.25,41.2,True,False,False,True,False,False,True,True,False,False,False,True,False,False,True,False,False,False,False,False,False,0.0041391329605693,0.0004701926238792,0.3315336019788565,0.000128760928369,0.0312056737588652,0.0055522179757666,0.3482584285837676,0.0052547653657431,False,False,False
2326,Routine,2020,France,2.0,1,True,True,1,2.794660476152623,1,3094.1166085542404,5569.791902778004,324.0,9.0,False,True,False,False,False,False,False,False,False,False,False,False,False,False,False,False,True,False,False,False,False,0.0026868056059835,0.0002047836464011,0.3209713970122044,3.3035143884698255e-05,0.0042553191489361,8.178782995790073e-05,0.2797423681776133,0.0007449278888959,False,False,False
2308,Vianova,2019,France,3.0,1,True,True,1,3.309444,2,1041.5230403047726,1090.385057067734,27.25,4.5,True,False,False,False,False,False,False,False,False,False,False,True,False,False,False,False,True,False,False,False,False,0.0015975600900442,0.0001266469742583,0.3010874228673326,1.410210093309838e-05,0.001418439716312,0.0,0.2501584163330134,5.9728119932081866e-05,False,False,False
1220,Armis,2015,France,2.0,2,True,True,2,1.062822,1,0.0,0.0,97.0,31.0,False,False,True,False,False,False,False,True,True,False,False,True,True,False,False,False,True,False,False,False,False,0.0011618618836685,7.230407271958158e-05,0.3097629692566022,1.0656788922308625e-05,0.0063829787234042,0.0002205342125159,0.3016443726247119,0.0015419418341992,False,False,False
2553,Cryptr,2020,France,1.0,2,False,True,2,2.794660476152623,1,206.0909617549928,228.40560268340624,36.0,4.0,True,False,False,True,False,False,False,True,False,False,False,False,False,False,False,False,True,False,False,False,False,0.0031225038123593,0.0001415961032224,0.3313644133375976,0.0001407151492187,0.0234042553191489,0.0018386385320479,0.330206541857075,0.0066191957111499,False,False,False
2815,iziwork,2018,France,2.0,0,True,False,0,6.22717,1,877.1051733706614,0.0,698.0,5.0,False,False,False,False,False,False,False,False,False,False,False,True,False,False,False,False,True,False,False,False,False,0.0084961150243264,0.0001428563554078,0.3463344460387175,9.144704457913824e-05,0.0141843971631205,0.0004988164564905,0.3199440312324767,0.0043211839020223,True,False,True
1507,Alkion BioInnovations,2011,France,4.0,10,True,True,10,0.645377,1,270.0195707178622,0.0,659.0,64.0,False,True,False,True,False,False,False,False,False,False,True,True,False,True,True,False,False,False,True,False,False,0.0038486674896521,0.0002121091027484,0.3280496810345262,0.0001398786174063,0.0070921985815602,0.0002102192867218,0.3160930713871336,0.0032340614406684,False,False,False
3300,Ray studios,2021,France,2.0,1,True,False,1,2.794660476152623,1,1816.796079863483,3249.00736448405,215.5,5.2,False,True,False,True,False,False,False,False,False,False,False,True,True,False,False,False,True,False,False,False,False,0.0037760511219228,0.0001304287582404,0.3259909813267512,0.0001485529833323,0.002127659574468,6.629538537413354e-05,0.2687022120728797,0.0003016216023775,False,False,False
2260,Hypr Space (Hybrid Propulsion for Space),2019,France,3.0,3,False,True,3,8.472355,2,249.27353382329903,498.54706764659807,13.5,3.5,False,False,True,False,False,False,False,True,True,False,False,True,False,False,False,False,False,False,False,False,False,0.0006535473095635,6.989431318522978e-05,0.2861345508111266,5.0388749110522106e-06,0.0028368794326241,0.000340022821161,0.2640703660203204,0.000141368734737,False,False,False
2174,Greenly,2019,France,4.0,2,True,True,2,2.955799,1,410.10629119478455,0.0,32.0,5.0,False,False,False,False,False,False,False,False,False,False,False,True,False,False,False,True,True,False,True,False,False,0.0003630818386464,2.0367284935917857e-06,0.2861913022701763,3.852669522587475e-06,0.002127659574468,4.658916676782142e-05,0.2610701752114062,0.0001056527996661,True,False,True
3059,Numeral,2021,France,3.0,0,True,True,0,14.673498,1,342.60840402510934,0.0,239.0,21.0,False,True,False,False,False,False,False,False,False,False,False,False,False,False,False,True,False,False,False,False,False,0.001524943722315,1.0364308056446305e-05,0.3123332144379083,0.0002488587727064,0.001418439716312,0.0,0.2538597146610813,0.0002187308632904,True,True,False
1240,Malt,2013,France,3.0,1,True,False,1,2.4177,2,0.0,0.0,53.5,2.5,False,False,True,False,False,False,False,True,True,False,False,False,True,False,False,False,True,False,False,False,True,0.0043569820637571,0.0002268723179436,0.3298494506899441,0.0001324548425862,0.0319148936170212,0.0024433838946995,0.3522624948308298,0.0080156343388335,True,False,True
3507,Uku,2021,France,3.0,0,True,False,0,2.794660476152623,1,171.30420201255467,342.60840402510934,11.5,20.0,False,False,True,False,False,False,False,True,True,False,False,False,False,False,False,False,True,False,False,False,False,0.0004356982063757,0.0,0.296339883693809,1.0421971514459608e-05,0.0028368794326241,0.0,0.2702257231451115,0.0002866956415736,False,False,False
2722,Once App,2019,France,2.0,1,True,False,1,1.125,1,1275.340260901376,0.0,55.0,10.0,False,False,False,False,False,True,False,False,False,False,False,False,True,False,False,False,True,False,False,False,False,0.0022511073996078,2.2905825503028685e-05,0.3119430886386056,1.819182823033632e-05,0.000709219858156,0.0,0.000709219858156,7.708134842568757e-158,False,False,False
1922,ClearKarma,2012,France,3.0,0,True,False,0,0.064702,1,1051.2604401551862,0.0,684.0,1.0,False,True,False,False,False,False,True,False,False,False,False,False,False,True,False,False,True,False,False,False,False,0.0124900152494372,0.0001339630662477,0.347744081486512,0.0007678174328955,0.000709219858156,0.0,0.000709219858156,7.708134842568757e-158,False,False,False
3515,Pluto,2021,France,2.0,1,True,True,1,2.794660476152623,1,342.60840402510934,0.0,350.0,11.0,False,True,False,True,False,False,False,False,False,False,False,False,False,False,False,True,False,False,False,False,False,0.0103115242175586,0.0,0.3459653867680899,0.0005064798631594,0.0120567375886524,0.0,0.3221063563496924,0.0047895735061952,False,False,False
3082,Najar,2021,France,3.0,1,True,True,1,2.794660476152623,1,1275.340260901376,0.0,55.0,12.0,False,False,False,False,False,True,False,False,False,False,False,True,False,False,False,False,True,False,False,False,False,0.0021058746641492,4.775715879718894e-05,0.3057158295419805,1.23217859697544e-05,0.000709219858156,0.0,0.000709219858156,7.708134842568757e-158,False,False,False
1648,FieldWiz,2012,France,1.0,6,False,True,6,2.794660476152623,1,560.8742941654406,0.0,82.0,21.0,False,False,False,False,False,False,False,False,False,False,False,False,True,False,False,False,True,False,False,False,False,0.0051557621087793,0.0001486713265264,0.3068861857672753,3.4336778791369736e-05,0.001418439716312,0.0,0.2598051471062025,0.0001192720572865,False,False,False
1485,Dronisos - drone shows,2016,France,2.0,2,False,True,2,3.145372,1,0.0,0.0,36.0,18.3,False,False,True,False,False,True,False,True,True,False,False,True,True,False,False,False,True,True,False,False,False,0.0013797109868564,0.0004727683063284,0.2893218982113307,5.321701489518582e-06,0.0049645390070921,0.0003821829998938,0.2985649405143901,0.0006358101686552,False,False,False
3507,Uku,2021,France,3.0,0,True,False,0,2.794660476152623,1,171.30420201255467,342.60840402510934,11.5,20.0,False,False,True,False,False,False,False,True,True,False,False,False,False,False,False,False,True,False,False,False,False,0.0004356982063757,0.0,0.296339883693809,1.0421971514459608e-05,0.0028368794326241,0.0,0.2702257231451115,0.0002866956415736,False,False,False
1961,Finsquare,2014,France,2.0,1,True,True,1,2.794660476152623,1,376.35734760994694,746.1412881645282,25.0,10.5,True,False,False,False,False,False,True,False,False,False,False,False,False,False,False,True,True,False,False,False,False,0.0015975600900442,5.36278119813348e-05,0.3127770405374226,0.0001172164906447,0.0063829787234042,0.0005290943513181,0.2983572672425275,0.0007902312706441,True,True,False
2289,Bene Bono,2020,France,3.0,1,True,False,1,7.118632,2,609.8567886978853,621.7718451808199,59.75,4.5,True,False,False,False,False,True,False,False,False,False,False,False,False,True,False,False,False,False,False,False,False,0.0047926802701328,7.205567582325334e-05,0.3360635230989776,0.0002581669112951,0.0042553191489361,0.0,0.2767939112964124,0.0003033990332568,False,False,False
1294,Sensome,2014,France,2.0,1,True,True,1,9.909645,3,14.686307684505875,0.0,45.333333333333336,5.7,True,True,True,False,False,False,False,True,True,False,False,False,False,False,True,False,False,False,False,False,False,0.0019606419286907,6.710626974105561e-05,0.3229268363325573,0.0003440171920767,0.0141843971631205,0.001063448789313,0.3459179821551132,0.007771867603402,False,False,False
1820,Art2M,2009,France,1.0,6,True,False,6,0.55064,1,0.0,0.0,84.0,0.0,False,False,True,False,False,False,False,True,True,False,False,True,False,False,False,False,False,True,False,False,False,0.0015975600900442,7.757680756411504e-05,0.3172624220827643,0.0001234534236657,0.0042553191489361,0.0001047704492869,0.308145328931279,0.003390631778666,False,False,False
2275,Bigblue,2018,France,3.0,2,True,True,2,3.573271,1,1051.2604401551862,0.0,37.0,4.0,False,False,False,False,False,False,False,False,False,False,False,True,True,False,False,False,True,False,False,False,False,0.0008713964127514,0.0,0.2982180798473784,7.755222970024911e-06,0.0035460992907801,0.0,0.2675290839120626,0.0006085236321566,False,False,False
1304,Karos,2014,France,2.0,1,True,True,1,2.794660476152623,1,264.06959986596473,0.0,230.0,5.0,False,False,False,True,False,False,False,False,False,False,False,True,False,False,False,False,True,False,False,False,False,0.0074068695083871,4.4216119850877234e-05,0.3234174110453202,0.0004115694199071,0.0156028368794326,0.0,0.3247892210037913,0.00346151803483,True,False,True
3574,Piggit,2021,France,2.0,0,True,True,0,2.794660476152623,1,877.1051733706614,0.0,134.0,3.0,False,False,False,False,False,False,False,False,False,False,False,False,False,False,False,True,False,False,False,False,False,0.0068985549342821,0.0005649683947058,0.3342040949898036,0.0004448801418252,0.0,0.0,0.0,1.1876262166942208e-190,False,False,False
3167,Cynoia,2022,France,2.0,0,False,True,0,1.612091,4,829.3385506576948,1.91427213237404,47.166666666666664,8.2,False,False,False,False,False,False,False,False,False,False,False,False,False,False,False,False,True,True,False,False,True,0.0004356982063757,0.0001415293962486,0.26195668629579,1.7208269706934412e-06,0.001418439716312,0.0,0.2282396051112134,3.5259749226693594e-05,False,False,False
2579,Hoggo,2018,France,2.0,1,True,True,1,2.650865,1,877.1051733706614,0.0,698.0,6.0,False,False,False,False,False,False,False,False,False,False,False,True,False,False,False,True,False,False,False,False,False,0.011691235204415,0.0013284164884624,0.3639918920094677,0.0005659858656377,0.025531914893617,0.005358485288016,0.3620750966845867,0.0096720915734217,False,False,False
2618,Pyxo,2018,France,2.0,3,True,True,3,7.84646,1,130.60400456300633,261.20800912601266,36.333333333333336,10.0,True,True,True,False,False,False,False,True,True,False,False,False,False,False,False,False,False,False,True,False,False,0.0019606419286907,2.338502665128816e-05,0.3200616814076104,1.928136419834008e-05,0.0148936170212765,0.000348551826684,0.3395289956773143,0.0063584082327637,True,True,False
1755,Proxem,2007,France,1.0,9,True,True,9,1.222792,2,0.0,0.0,43.0,10.0,False,False,True,False,False,False,False,True,True,False,False,False,False,False,False,False,True,False,False,False,False,0.000508314574105,6.900561871815408e-05,0.3075621145110314,7.194585729418722e-06,0.002127659574468,0.0027090285852347,0.2230181791363988,8.394078724902639e-06,True,True,False
1492,Tilkee,2013,France,2.0,1,False,True,1,0.648122,1,4.820824991058019,8.604958901834735,45.0,8.7,False,False,True,False,False,True,False,True,True,False,False,False,False,False,False,False,True,True,False,False,False,0.00609977488926,0.0010236213941327,0.3442504167933886,0.0001461768921394,0.0404255319148936,0.0057101116926943,0.358144974566385,0.0092785123851826,False,False,False
2304,Finovox,2018,France,1.0,4,True,True,4,3.057422,1,0.0,0.0,28.0,2.0,False,False,True,False,False,False,False,True,True,False,False,True,False,False,False,False,True,False,False,False,False,0.000508314574105,0.0,0.2600108661977694,6.83867360527857e-07,0.0049645390070921,0.0,0.271824016395653,0.0002400390712421,False,False,False
1319,Fizimed,2016,France,2.0,2,False,False,2,0.741569,1,6.733768538762815,0.0,22.0,12.0,False,False,True,False,True,False,False,True,True,False,False,False,True,False,True,False,True,False,False,False,False,0.0066807058310943,0.0013033423639115,0.3520808654768548,0.0004426872635123,0.0127659574468085,0.0013973315345338,0.3118039480535549,0.0010946476634625,False,False,False
2688,ShopMeAway,2018,France,3.0,3,True,True,3,0.1,1,1886.9930083270397,0.0,21.0,2.0,False,False,False,False,False,False,True,False,False,False,False,True,True,False,False,False,False,False,False,False,False,0.0018880255609614,7.756029565331125e-05,0.3220938694688308,0.0001319885082963,0.0085106382978723,0.0048463364327598,0.3257759224346889,0.0031924615384236,False,False,False
2682,IconoClass,2019,France,1.0,2,True,False,2,3.651781,1,726.8369448043971,1453.6738896087943,33.5,3.0,True,False,True,False,False,False,False,True,True,False,False,False,True,False,False,False,False,False,False,False,False,0.0018880255609614,2.707597345561735e-05,0.3121755462286969,3.057180594574813e-05,0.0042553191489361,0.0006667505450813,0.2779297826386654,0.0003826953531216,False,False,False
1654,Cizoo,2015,France,3.0,3,True,False,3,0.648147,2,2328.6136001095156,2565.2655420206434,11.0,3.0,False,False,False,False,False,False,False,False,False,False,False,False,False,False,False,False,True,True,False,False,False,0.0002178491031878,0.0,0.2671460282052536,1.648543585686217e-06,0.000709219858156,0.0,0.2417461757687434,5.526531323878225e-05,False,False,False
2259,inHEART,2017,France,4.0,3,False,True,3,4.157887,1,503.84794219234567,0.0,138.0,18.0,False,False,False,False,False,False,False,True,False,False,False,True,False,False,True,False,True,False,False,False,False,0.0032677365478178,4.346040901201902e-05,0.3160194364898474,1.600729010222328e-05,0.0290780141843971,0.0,0.3449905881010781,0.0101518934489131,False,False,False
1462,LegalVision.fr,2015,France,2.0,1,False,True,1,2.794660476152623,1,983.1424610178656,0.0,45.0,6.0,False,False,False,False,False,False,False,False,False,False,False,True,False,False,False,False,True,False,False,False,False,0.0008713964127514,1.3153330364122685e-05,0.2983276911422616,1.1172366167800888e-05,0.0,0.0,0.0,1.1876262166942208e-190,False,False,False
1352,TEEPTRAK,2014,France,1.0,4,True,True,4,4.481779,2,0.0,0.0,145.0,15.0,False,True,True,False,False,True,False,True,True,False,False,False,False,False,False,False,True,False,False,False,False,0.0026141892382543,6.358420441763187e-06,0.3161040508997345,2.1890304828168236e-05,0.0205673758865248,0.0001302795191935,0.3396186048078705,0.0067412932638858,False,False,False
2384,Outmind,2019,France,2.0,1,True,True,1,1.967731,3,290.73477792175885,581.4695558435177,19.6,1.8,False,False,True,False,False,False,False,True,True,False,False,False,False,False,False,False,True,False,False,False,False,0.0021058746641492,0.0001618860338023,0.3150305102276348,2.869050648712068e-05,0.0113475177304964,0.001749016731586,0.3157053222809179,0.0011653048716696,False,False,False
3574,Piggit,2021,France,2.0,0,True,True,0,2.794660476152623,1,877.1051733706614,0.0,134.0,3.0,False,False,False,False,False,False,False,False,False,False,False,False,False,False,False,True,False,False,False,False,False,0.0068985549342821,0.0005649683947058,0.3342040949898036,0.0004448801418252,0.0,0.0,0.0,1.1876262166942208e-190,False,False,False
1348,Arenametrix,2013,France,2.0,5,True,True,5,3.62261,1,0.0,0.0,156.0,10.0,False,False,True,False,False,False,False,True,True,False,False,False,True,False,False,False,True,True,False,False,False,0.0039212838573814,3.355083545306828e-05,0.3137291086416822,1.4468149437513748e-05,0.0361702127659574,8.058370779006184e-05,0.3411492294848943,0.0430181722470572,False,False,False
