company_id,organization_name,organization_name_url,headquarters_country,latitude,longitude,founded_year,number_of_founders,b2b_binary,hub_binary,energy,materials,industrials,consumer_discretionary,consumer_staples,health_care,financials,information_technology,communication_services,utilities,real_estate,other,age,number_seed_rounds,number_seed_investors,number_lead_seed_investors,total_seed_funding_m,earliest_seed_round_date,latest_seed_round_date,last_equity_funding_type,year_first_round,average_seed_investors_portfolio_organizations,regional_seed_investor_binary,regional_lead_seed_investor_binary,overregional_seed_investor_binary,overregional_lead_seed_investor_binary,avg_age_of_seed_investors,avg_exits_of_seed_investors,specific_vc_in_seed_binary,specific_lead_vc_in_seed_binary,target_vc_in_seed_binary,target_lead_vc_in_seed_binary,accelerator_funding_binary,accelerator_lead_funding_binary,angel_group_funding_binary,angel_group_lead_funding_binary,micro_vc_funding_binary,micro_vc_lead_funding_binary,corporate_vc_funding_binary,corporate_vc_lead_funding_binary,number_seed_investors_same_city,number_seed_lead_investors_same_city,seed_investor_same_city,seed_lead_investor_same_city,seed_investors_all_same_city,seed_investor_same_city_100,seed_lead_investor_same_city_100,seed_investor_same_city_70,seed_lead_investor_same_city_70,seed_investor_same_city_50,seed_lead_investor_same_city_50,seed_investor_same_city_40,seed_lead_investor_same_city_40,seed_investor_same_city_30,seed_lead_investor_same_city_30,seed_investor_same_city_20,seed_lead_investor_same_city_20,number_homecountry_investors,number_homecountry_lead_investors,homecountry_investor_in_seed_binary,homecountry_lead_investor,all_homecountry_investors_in_seed_binary,hub_vc_in_seed_binary,hub_lead_vc_in_seed_binary,global_investor,all_global_investor,us_investor,all_us_investor,dach_investor,all_dach_investor,european_investor,all_european_investor,vcs_within_50km,top_university_count,top_university_ecosystem_binary,founded_startups_in_environment,successful_startups_in_environment,share_successful_startups_in_environment,log_share_successful_startups_in_environment,distance_to_hub,avg_seed_investor_distance,minimum_seed_vc_distance,max_seed_investor_distance,minimum_seed_vc_distance_non_lead,avg_seed_vc_distance_non_lead,maximum_seed_vc_distance_non_lead,minimum_lead_seed_vc_distance,avg_lead_seed_vc_distance,maximum_lead_seed_vc_distance,avg_seed_investor_pairwise_distance,min_seed_investor_pairwise_distance,max_seed_investor_pairwise_distance,gdp_growth_founding_year,investment_volume_first_seed_year,exit_binary,funding_success,post_seed_funding,exit_funding_success,exit_round_success,success,exit_date,years_to_exit,number_seed_investors_same_city_20,number_seed_lead_investors_same_city_20,number_seed_investors_same_city_30,number_seed_lead_investors_same_city_30,number_seed_investors_same_city_40,number_seed_lead_investors_same_city_40,number_seed_investors_same_city_50,number_seed_lead_investors_same_city_50,number_seed_investors_same_city_70,number_seed_lead_investors_same_city_70,number_seed_investors_same_city_100,number_seed_lead_investors_same_city_100
3953,Fear Hunters,https://www.crunchbase.com/organization/fear-hunters,Belgium,50.8465573,4.351697,2008,1.0,False,True,False,False,False,True,False,False,False,False,False,False,False,False,4,1,1,0.0,0.181977,2012-11-27,2012-11-27,Series A,2012,24.0,True,,False,,1.0,4.0,False,,False,,False,,False,,False,,False,,1,0,True,,True,True,,True,,True,,True,,True,,True,,1,,True,,True,True,,False,False,False,False,False,False,True,True,76,0,False,1,0,0.0,0.0,0.0,0.0,0.0,0.0,0.0,0.0,0.0,0.0,0.0,0.0,0.0,0.0,0.0,0.64,4.843399374720342,False,False,True,False,True,True,,,1,0,1,0,1,0,1,0,1,0,1,0
3867,Auctelia,https://www.crunchbase.com/organization/auctelia,Belgium,50.6365628,4.6127019,2009,2.0,True,False,False,False,False,True,False,False,True,False,False,False,False,False,2,1,2,0.0,0.61677,2011-07-01,2011-07-01,Series B,2011,16.5,True,,False,,0.5,3.0,False,,False,,True,,False,,True,,False,,0,0,False,,False,True,,True,,True,,True,,True,,False,,2,,True,,True,True,,False,False,False,False,False,False,True,True,56,0,False,0,0,0.0,0.0,0.029707630437411717,0.037728143398551586,0.029707630437411973,0.045748656359691206,0.029707630437411973,0.037728143398551586,0.045748656359691206,0.0,0.0,0.0,0.06561572008763432,0.06561572008763432,0.06561572008763432,-4.35,4.763881877142913,False,False,True,False,True,True,,,0,0,1,0,1,0,2,0,2,0,2,0
3944,Gameleon,https://www.crunchbase.com/organization/gameleon,Belgium,51.2085526,3.226772,2009,1.0,False,False,False,False,False,False,False,False,False,True,True,False,False,False,4,2,1,0.0,0.065977,2013-01-01,2013-05-01,Seed,2013,161.0,False,,True,,0.0,7.0,True,,False,,False,,False,,False,,False,,0,0,False,,False,False,,False,,False,,False,,False,,False,,0,,False,,False,False,,False,False,False,False,False,False,True,True,15,0,False,0,0,0.0,0.0,0.08837044290525979,1.786082387084565,1.786082387084565,1.786082387084565,1.786082387084565,1.786082387084565,1.786082387084565,0.0,0.0,0.0,0.0,0.0,0.0,-4.35,4.720282993088596,False,False,False,False,False,False,,,0,0,0,0,0,0,0,0,0,0,0,0
3840,CVTrust,https://www.crunchbase.com/organization/cvtrust,Belgium,50.8465573,4.351697,2010,1.0,True,True,False,False,False,False,False,False,False,True,False,False,False,False,3,2,2,1.0,0.333298,2013-01-22,2014-09-01,Seed,2013,119.5,True,True,False,False,3.5,23.0,False,False,False,False,True,True,False,False,True,True,False,False,1,0,True,False,False,True,True,True,True,True,False,True,False,True,False,True,False,2,1.0,True,True,True,True,False,False,False,False,False,False,False,True,True,76,0,False,7,1,0.1428571428571428,0.1335313926245225,0.0,0.03280786004381716,0.0,0.06561572008763432,0.0,0.0,0.0,0.06561572008763432,0.06561572008763432,0.06561572008763432,0.06561572008763432,0.06561572008763432,0.06561572008763432,2.23,4.720282993088596,False,False,False,False,False,False,,,1,0,1,0,1,0,1,0,2,1,2,1
3927,You Know Watt,https://www.crunchbase.com/organization/you-know-watt,Belgium,50.8465573,4.351697,2010,1.0,True,True,False,False,False,False,False,False,False,True,False,False,False,False,4,1,1,1.0,0.0186,2014-07-14,2014-07-14,Seed,2014,7.0,True,True,False,False,0.0,1.0,False,False,False,False,False,False,False,False,False,False,False,False,1,1,True,True,True,True,True,True,True,True,True,True,True,True,True,True,True,1,1.0,True,True,True,True,True,False,False,False,False,False,False,True,True,76,0,False,7,1,0.1428571428571428,0.1335313926245225,0.0,0.0,0.0,0.0,0.0,0.0,0.0,0.0,0.0,0.0,0.0,0.0,0.0,2.23,4.685828089005546,False,False,False,False,False,False,,,1,1,1,1,1,1,1,1,1,1,1,1
3924,Thalento,https://www.crunchbase.com/organization/thalento,Belgium,50.9303735,5.3378043,2010,1.0,True,False,False,False,True,True,False,False,False,True,False,False,False,False,1,1,1,0.0,0.821396,2011-01-26,2011-01-26,Seed,2011,74.0,True,,False,,17.0,15.0,True,,False,,False,,False,,False,,False,,1,0,True,,True,True,,True,,True,,True,,True,,True,,1,,True,,True,False,,False,False,False,False,False,False,True,True,31,0,False,0,0,0.0,0.0,0.06979532034143153,0.0,0.0,0.0,0.0,0.0,0.0,0.0,0.0,0.0,0.0,0.0,0.0,2.23,4.763881877142913,False,False,False,False,False,False,,,1,0,1,0,1,0,1,0,1,0,1,0
3909,D-Sight,https://www.crunchbase.com/organization/d-sight,Belgium,50.8465573,4.351697,2010,2.0,True,True,False,False,False,True,False,False,False,True,False,False,False,False,4,1,1,0.0,1.337188,2014-08-05,2014-08-05,Seed,2014,9.0,True,,False,,4.0,2.0,False,,False,,True,,False,,True,,False,,0,0,False,,False,True,,True,,False,,False,,False,,False,,1,,True,,True,False,,False,False,False,False,False,False,True,True,76,0,False,7,1,0.1428571428571428,0.1335313926245225,0.0,0.06561572008763432,0.06561572008763432,0.06561572008763432,0.06561572008763432,0.06561572008763432,0.06561572008763432,0.0,0.0,0.0,0.0,0.0,0.0,2.23,4.685828089005546,False,False,False,False,False,False,,,0,0,0,0,0,0,0,0,1,0,1,0
3904,Limecraft,https://www.crunchbase.com/organization/limecraft,Belgium,51.0538286,3.7250121,2010,3.0,True,False,False,False,False,False,False,False,False,True,True,False,False,False,2,1,1,0.0,0.621454,2012-12-26,2012-12-26,Seed,2012,2.0,True,,False,,0.0,0.0,False,,False,,False,,False,,False,,False,,0,0,False,,False,True,,True,,False,,False,,False,,False,,1,,True,,True,False,,False,False,False,False,False,False,True,True,52,1,True,0,0,0.0,0.0,0.04958265241978795,0.05061486769299237,0.05061486769299237,0.05061486769299237,0.05061486769299237,0.05061486769299237,0.05061486769299237,0.0,0.0,0.0,0.0,0.0,0.0,2.23,4.843399374720342,False,False,False,False,False,False,,,0,0,0,0,0,0,0,0,1,0,1,0
3900,Hyperverse International,https://www.crunchbase.com/organization/hyperfair,Belgium,50.8171712,4.4270852,2010,2.0,True,True,False,False,False,True,False,False,False,True,True,False,False,False,4,1,3,1.0,2.8,2014-02-13,2014-02-13,Seed,2014,13.0,False,False,True,True,22.0,206.3,False,False,True,True,False,False,False,False,False,False,False,False,0,0,False,False,False,False,False,False,False,False,False,False,False,False,False,False,False,0,0.0,False,False,False,True,False,True,True,True,False,False,False,True,False,68,0,False,7,1,0.1428571428571428,0.1335313926245225,0.006221687279275496,3.413625942884042,0.6445335532381652,8.904461326370544,0.6445335532381652,0.6682082511407905,0.6918829490434157,8.904461326370544,8.904461326370544,8.904461326370544,6.396239367949863,0.05294113750667673,9.590012645278392,2.23,4.685828089005546,False,False,False,False,False,False,,,0,0,0,0,0,0,0,0,0,0,0,0
3885,Pharmasimple,https://www.crunchbase.com/organization/pharmasimple,Belgium,50.4935738,4.167932,2010,1.0,True,False,False,False,False,True,False,True,False,False,False,False,False,False,4,2,2,0.0,2.374465,2014-07-01,2015-01-01,Post-IPO Equity,2014,19.0,False,,True,,33.0,5.0,False,,False,,False,,False,,True,,False,,0,0,False,,False,False,,False,,False,,False,,False,,False,,0,,False,,False,True,,False,False,False,False,False,False,True,True,44,0,False,0,0,0.0,0.0,0.04133128913776689,0.2244873924486868,0.2244873924486868,0.2244873924486868,0.2244873924486868,0.2244873924486868,0.2244873924486868,0.0,0.0,0.0,0.0,0.0,0.0,2.23,4.685828089005546,True,False,False,True,True,True,2017-09-14,7.0,0,0,0,0,0,0,0,0,0,0,0,0
3891,2-Observe,https://www.crunchbase.com/organization/2-observe,Belgium,50.4127007,5.5998807,2010,2.0,True,False,False,False,True,False,False,True,False,False,False,False,False,False,4,1,2,0.0,0.204454,2014-06-25,2014-06-25,Series A,2014,42.0,True,,True,,16.0,3.5,False,,False,,False,,False,,False,,False,,0,0,False,,False,True,,True,,True,,True,,True,,False,,2,,True,,True,True,,False,False,False,False,False,False,True,True,16,0,False,0,0,0.0,0.0,0.10038916106583992,0.06314839505493162,0.02590762904402298,0.10038916106584025,0.02590762904402298,0.06314839505493162,0.10038916106584025,0.0,0.0,0.0,0.08884318134185398,0.08884318134185398,0.08884318134185398,2.23,4.685828089005546,False,False,True,False,True,True,,,0,0,1,0,1,0,1,0,1,0,1,0
3929,dINK,https://www.crunchbase.com/organization/dink,Belgium,51.3129153,4.8878026,2010,1.0,True,False,False,False,False,False,False,False,False,True,True,False,False,False,1,2,2,0.0,0.5,2011-08-01,2015-12-02,Seed,2011,159.0,True,,False,,7.5,32.0,True,,False,,True,,False,,False,,False,,0,0,False,,False,True,,True,,False,,False,,False,,False,,2,,True,,True,True,,False,False,False,False,False,False,True,True,38,0,False,0,0,0.0,0.0,0.06396573522391176,0.06396573522391154,0.06396573522391154,0.06396573522391154,0.06396573522391154,0.06396573522391154,0.06396573522391154,0.0,0.0,0.0,0.0,0.0,0.0,2.23,4.763881877142913,False,False,False,False,False,False,,,0,0,0,0,0,0,0,0,2,0,2,0
3762,Ambassify,https://www.crunchbase.com/organization/ambassify,Belgium,50.5419678,5.5592635,2010,1.0,False,False,False,False,False,False,False,False,False,True,True,False,False,True,6,1,1,1.0,0.069524,2016-06-01,2016-06-01,Venture - Series Unknown,2016,9.0,True,True,False,False,6.0,2.0,False,False,False,False,True,True,False,False,True,True,False,False,0,0,False,False,False,True,True,True,True,True,True,True,True,True,True,False,False,1,1.0,True,True,True,False,False,False,False,False,False,False,False,True,True,27,0,False,0,0,0.0,0.0,0.09155146256615282,0.02759959724644889,0.02759959724644889,0.02759959724644889,0.0,0.0,0.0,0.02759959724644889,0.02759959724644889,0.02759959724644889,0.0,0.0,0.0,2.23,5.303304908059076,False,False,True,False,True,True,,,0,0,1,1,1,1,1,1,1,1,1,1
3955,REstore,https://www.crunchbase.com/organization/restore-eu,Belgium,51.2211097,4.3997081,2010,2.0,True,False,True,False,True,False,False,False,False,True,False,True,False,False,2,1,1,1.0,4.150547,2012-09-01,2012-09-01,Venture - Series Unknown,2012,74.0,True,True,False,False,18.0,15.0,True,True,False,False,False,False,False,False,False,False,False,False,0,0,False,False,False,True,True,False,False,False,False,False,False,False,False,False,False,1,1.0,True,True,True,False,False,False,False,False,False,False,False,True,True,65,0,False,1,0,0.0,0.0,0.04178341661806711,0.07307711809691768,0.07307711809691768,0.07307711809691768,0.0,0.0,0.0,0.07307711809691768,0.07307711809691768,0.07307711809691768,0.0,0.0,0.0,2.23,4.843399374720342,True,False,True,True,True,True,2017-11-03,7.0,0,0,0,0,0,0,0,0,0,0,1,1
3947,Agilys,https://www.crunchbase.com/organization/agilys,Belgium,50.6828722,4.3692706,2010,2.0,False,True,False,False,False,False,False,False,False,True,False,False,False,False,2,1,1,0.0,0.732456,2012-03-01,2012-03-01,Seed,2012,61.0,True,,False,,14.0,23.0,False,,False,,False,,False,,False,,False,,0,0,False,,False,True,,True,,True,,True,,True,,True,,1,,True,,True,True,,False,False,False,False,False,False,True,True,55,0,False,0,0,0.0,0.0,0.01824287022387147,0.018242870223871693,0.018242870223871693,0.018242870223871693,0.018242870223871693,0.018242870223871693,0.018242870223871693,0.0,0.0,0.0,0.0,0.0,0.0,2.23,4.843399374720342,False,False,False,False,False,False,,,1,0,1,0,1,0,1,0,1,0,1,0
3952,Foruforever,https://www.crunchbase.com/organization/foruforever,Belgium,50.8465573,4.351697,2010,1.0,False,True,False,False,True,True,False,True,False,False,True,False,False,False,1,1,1,0.0,0.0,2011-04-01,2011-04-01,Seed,2011,15.0,False,,True,,2.0,2.0,False,,False,,True,,False,,True,,False,,0,0,False,,False,False,,False,,False,,False,,False,,False,,0,,False,,False,False,,True,True,False,False,False,False,False,False,76,0,False,7,1,0.1428571428571428,0.1335313926245225,0.0,2.181314918803012,2.181314918803012,2.181314918803012,2.181314918803012,2.181314918803012,2.181314918803012,0.0,0.0,0.0,0.0,0.0,0.0,2.23,4.763881877142913,False,False,False,False,False,False,,,0,0,0,0,0,0,0,0,0,0,0,0
3861,Zencar,https://www.crunchbase.com/organization/zencar,Belgium,50.8331141,4.3668279,2010,1.0,False,True,True,False,True,False,False,False,True,False,False,True,False,False,5,1,1,0.0,2.071115,2015-07-02,2015-07-02,Seed,2015,24.0,True,,False,,4.0,4.0,False,,False,,False,,False,,False,,False,,1,0,True,,True,True,,True,,True,,True,,True,,True,,1,,True,,True,True,,False,False,False,False,False,False,True,True,67,0,False,7,0,0.0,0.0,0.0018339343299105652,0.001833934329910997,0.001833934329910997,0.001833934329910997,0.001833934329910997,0.001833934329910997,0.001833934329910997,0.0,0.0,0.0,0.0,0.0,0.0,2.23,4.61512051684126,True,False,False,True,True,True,2020-12-21,10.0,1,0,1,0,1,0,1,0,1,0,1,0
3606,ONTOFORCE,https://www.crunchbase.com/organization/ontoforce,Belgium,51.0538286,3.7250121,2011,2.0,True,False,False,False,True,False,False,True,False,True,False,False,False,False,2,2,2,0.0,3.804081,2013-01-20,2016-07-01,Series A,2013,81.0,True,,True,,17.0,17.5,True,,False,,False,,False,,False,,False,,0,0,False,,False,True,,True,,True,,False,,False,,False,,4,,True,,True,True,,False,False,False,False,False,False,True,True,52,1,True,3,2,0.6666666666666666,0.5108256237659906,0.04958265241978795,0.08164496029700151,0.049582652419787716,0.1137072681742153,0.049582652419787716,0.08164496029700151,0.1137072681742153,0.0,0.0,0.0,0.04653021356095431,0.0,0.06979532034143146,1.9,4.720282993088596,False,False,True,False,True,True,,,0,0,0,0,0,0,2,0,2,0,2,0
3849,Invibes Advertising,https://www.crunchbase.com/organization/invibes,Belgium,51.0538286,3.7250121,2011,2.0,True,False,False,False,False,False,False,False,False,True,True,False,False,False,3,2,2,0.0,0.0,2014-04-14,2017-08-01,Post-IPO Equity,2014,30.5,False,,True,,17.5,9.0,True,,False,,False,,False,,False,,False,,0,0,False,,False,False,,False,,False,,False,,False,,False,,0,,False,,False,True,,False,False,False,False,True,False,True,True,52,1,True,3,1,0.3333333333333333,0.2876820724517809,0.04958265241978795,0.4158854133109668,0.2637325251122203,0.5680383015097132,0.2637325251122203,0.4158854133109668,0.5680383015097132,0.0,0.0,0.0,0.41010629119478453,0.41010629119478453,0.41010629119478453,1.9,4.685828089005546,True,False,False,True,True,True,2018-07-12,7.0,0,0,0,0,0,0,0,0,0,0,0,0
3860,Supersec,https://www.crunchbase.com/organization/supersec,Belgium,50.8465573,4.351697,2011,1.0,False,True,False,True,False,False,False,False,False,False,False,True,False,False,5,1,1,1.0,0.168785,2016-06-10,2016-06-10,Seed,2016,11.0,True,True,False,False,3.0,1.0,False,False,False,False,False,False,False,False,False,False,False,False,0,0,False,False,False,True,True,True,True,True,True,True,True,True,True,False,False,1,1.0,True,True,True,False,False,False,False,False,False,False,False,True,True,76,0,False,9,1,0.1111111111111111,0.1053605156578263,0.0,0.024794310156501468,0.024794310156501468,0.024794310156501468,0.0,0.0,0.0,0.024794310156501468,0.024794310156501468,0.024794310156501468,0.0,0.0,0.0,1.9,5.303304908059076,False,False,False,False,False,False,,,0,0,1,1,1,1,1,1,1,1,1,1
3828,Awingu,https://www.crunchbase.com/organization/awingu,Belgium,51.0538286,3.7250121,2011,1.0,True,False,False,False,False,False,False,False,False,True,False,False,False,False,0,1,1,1.0,0.0,2011-03-01,2011-03-01,Venture - Series Unknown,2011,75.0,True,True,False,False,1.0,12.0,False,False,False,False,False,False,False,False,False,False,False,False,0,0,False,False,False,True,True,True,True,False,False,False,False,False,False,False,False,1,1.0,True,True,True,True,True,False,False,False,False,False,False,True,True,52,1,True,3,1,0.3333333333333333,0.2876820724517809,0.04958265241978795,0.056260138463657634,0.056260138463657634,0.056260138463657634,0.0,0.0,0.0,0.056260138463657634,0.056260138463657634,0.056260138463657634,0.0,0.0,0.0,1.9,4.763881877142913,True,False,True,True,True,True,2022-06-13,11.0,0,0,0,0,0,0,0,0,1,1,1,1
3836,2houses,https://www.crunchbase.com/organization/2houses,Belgium,50.482944,4.549699,2011,1.0,False,False,False,False,False,False,False,False,False,True,False,False,False,False,0,1,1,0.0,0.106607,2011-08-08,2011-08-08,Series B,2011,24.0,True,,False,,0.0,4.0,False,,False,,False,,False,,False,,False,,0,0,False,,False,True,,True,,True,,False,,False,,False,,1,,True,,True,True,,False,False,False,False,False,False,True,True,54,0,False,0,0,0.0,0.0,0.04277260226145049,0.042772602261450965,0.042772602261450965,0.042772602261450965,0.042772602261450965,0.042772602261450965,0.042772602261450965,0.0,0.0,0.0,0.0,0.0,0.0,1.9,4.763881877142913,False,False,True,False,True,True,,,0,0,0,0,0,0,1,0,1,0,1,0
3883,Book2Meet,https://www.crunchbase.com/organization/book2meet,Belgium,50.8465573,4.351697,2011,1.0,False,True,False,False,False,True,False,False,False,True,False,False,False,False,4,1,1,0.0,2.283663,2015-09-17,2015-09-17,Seed,2015,1.0,True,,False,,0.0,0.0,False,,False,,False,,False,,False,,False,,1,0,True,,True,True,,True,,True,,True,,True,,True,,1,,True,,True,True,,False,False,False,False,False,False,True,True,76,0,False,9,1,0.1111111111111111,0.1053605156578263,0.0,0.0,0.0,0.0,0.0,0.0,0.0,0.0,0.0,0.0,0.0,0.0,0.0,1.9,4.61512051684126,False,False,False,False,False,False,,,1,0,1,0,1,0,1,0,1,0,1,0
3719,Twikit,https://www.crunchbase.com/organization/twikit,Belgium,51.2211097,4.3997081,2012,3.0,True,False,False,False,True,True,False,True,False,True,False,False,False,False,3,1,1,0.0,1.117157,2015-09-30,2015-09-30,Series A,2015,24.0,False,,True,,0.0,4.0,True,,False,,False,,False,,False,,False,,0,0,False,,False,False,,False,,False,,False,,False,,False,,0,,False,,False,False,,True,True,True,True,False,False,False,False,65,0,False,3,2,0.6666666666666666,0.5108256237659906,0.04178341661806711,5.876678944661746,5.876678944661746,5.876678944661746,5.876678944661746,5.876678944661746,5.876678944661746,0.0,0.0,0.0,0.0,0.0,0.0,-0.7,4.61512051684126,False,False,True,False,True,True,,,0,0,0,0,0,0,0,0,0,0,0,0
3652,Rombit,https://www.crunchbase.com/organization/rombit,Belgium,51.2211097,4.3997081,2012,1.0,True,False,False,False,True,False,False,False,False,True,False,False,True,False,6,1,1,1.0,11.10731,2018-03-27,2018-03-27,Series B,2018,230.0,True,True,False,False,8.0,44.0,False,False,False,False,True,True,False,False,False,False,False,False,0,0,False,False,False,True,True,True,True,True,True,False,False,False,False,False,False,1,1.0,True,True,True,True,True,False,False,False,False,False,False,True,True,65,0,False,3,1,0.3333333333333333,0.2876820724517809,0.04178341661806711,0.041783416618066886,0.041783416618066886,0.041783416618066886,0.0,0.0,0.0,0.041783416618066886,0.041783416618066886,0.041783416618066886,0.0,0.0,0.0,-0.7,5.707110264748875,False,True,True,True,True,True,,,0,0,0,0,0,0,1,1,1,1,1,1
3647,NGDATA,https://www.crunchbase.com/organization/ngdata,Belgium,51.0538286,3.7250121,2012,4.0,True,False,False,False,False,False,False,False,False,True,True,False,False,False,0,1,2,0.0,2.5,2012-10-03,2012-10-03,Series C,2012,3.0,False,,True,,3.5,97.5,False,,True,,True,,False,,False,,False,,0,0,False,,False,False,,False,,False,,False,,False,,False,,1,,True,,False,False,,True,True,True,False,False,False,True,False,52,1,True,6,4,0.6666666666666666,0.5108256237659906,0.04958265241978795,4.483581597388385,0.113261877466937,8.853901317309832,0.113261877466937,4.483581597388385,8.853901317309832,0.0,0.0,0.0,8.950157703392806,8.950157703392806,8.950157703392806,-0.7,4.843399374720342,False,True,True,True,True,True,,,0,0,0,0,0,0,0,0,0,0,0,0
3824,Big Bad Wolf,https://www.crunchbase.com/organization/big-bad-wolf,Belgium,50.7255373,4.5151481,2012,2.0,True,True,False,False,False,False,False,False,False,True,True,False,False,False,7,1,1,0.0,1.286226,2019-05-14,2019-05-14,Seed,2019,50.0,True,,False,,3.0,0.0,False,,False,,True,,False,,False,,False,,0,0,False,,False,True,,True,,True,,True,,False,,False,,1,,True,,True,False,,False,False,False,False,False,False,True,True,55,0,False,0,0,0.0,0.0,0.017695125250923663,0.03526017451198159,0.03526017451198159,0.03526017451198159,0.03526017451198159,0.03526017451198159,0.03526017451198159,0.0,0.0,0.0,0.0,0.0,0.0,-0.7,5.993961427306569,False,False,False,False,False,False,,,0,0,0,0,1,0,1,0,1,0,1,0
3640,Teamleader,https://www.crunchbase.com/organization/teamleader,Belgium,51.0538286,3.7250121,2012,3.0,True,False,False,False,True,False,False,False,False,True,True,False,False,True,2,1,1,1.0,1.365602,2014-05-22,2014-05-22,Series C,2014,45.0,True,True,False,False,1.0,16.0,False,False,False,False,False,False,False,False,False,False,False,False,0,0,False,False,False,True,True,True,True,False,False,False,False,False,False,False,False,1,1.0,True,True,True,False,False,False,False,False,False,False,False,True,True,52,1,True,6,4,0.6666666666666666,0.5108256237659906,0.04958265241978795,0.05061486769299237,0.05061486769299237,0.05061486769299237,0.0,0.0,0.0,0.05061486769299237,0.05061486769299237,0.05061486769299237,0.0,0.0,0.0,-0.7,4.685828089005546,True,True,True,True,True,True,2022-06-23,10.0,0,0,0,0,0,0,0,0,1,1,1,1
3913,TagTagCity,https://www.crunchbase.com/organization/tagtagcity,Belgium,50.8465573,4.351697,2012,2.0,False,True,False,False,False,True,False,False,False,True,True,False,False,False,1,1,1,0.0,0.020334,2013-10-14,2013-10-14,Venture - Series Unknown,2013,31.0,False,,True,,3.0,7.0,False,,False,,True,,False,,False,,False,,0,0,False,,False,False,,False,,False,,False,,False,,False,,0,,False,,False,True,,False,False,False,False,False,False,True,True,76,0,False,13,1,0.0769230769230769,0.0741079721537218,0.0,0.17379892707117045,0.17379892707117045,0.17379892707117045,0.17379892707117045,0.17379892707117045,0.17379892707117045,0.0,0.0,0.0,0.0,0.0,0.0,-0.7,4.720282993088596,False,False,True,False,True,True,,,0,0,0,0,0,0,0,0,0,0,0,0
3905,Aztrix*,https://www.crunchbase.com/organization/aztrix-2,Belgium,50.8465573,4.351697,2012,1.0,True,True,False,False,False,False,False,False,False,True,False,False,False,False,3,1,1,1.0,0.0,2015-09-01,2015-09-01,Seed,2015,14.0,True,True,False,False,1.0,4.0,False,False,False,False,False,False,False,False,True,True,False,False,1,1,True,True,True,True,True,True,True,True,True,True,True,True,True,True,True,1,1.0,True,True,True,True,True,False,False,False,False,False,False,True,True,76,0,False,13,1,0.0769230769230769,0.0741079721537218,0.0,0.0,0.0,0.0,0.0,0.0,0.0,0.0,0.0,0.0,0.0,0.0,0.0,-0.7,4.61512051684126,False,False,False,False,False,False,,,1,1,1,1,1,1,1,1,1,1,1,1
3875,CoScale,https://www.crunchbase.com/organization/co-scale,Belgium,51.0538286,3.7250121,2012,5.0,True,False,False,False,False,False,False,False,False,True,False,False,False,False,2,1,1,1.0,1.382202,2014-03-19,2014-03-19,Venture - Series Unknown,2014,35.0,False,False,True,True,2.0,9.0,False,False,False,False,False,False,False,False,True,True,False,False,0,0,False,False,False,False,False,False,False,False,False,False,False,False,False,False,False,0,0.0,False,False,False,False,False,True,True,True,True,False,False,False,False,52,1,True,6,4,0.6666666666666666,0.5108256237659906,0.04958265241978795,6.502497075083864,6.502497075083864,6.502497075083864,0.0,0.0,0.0,6.502497075083864,6.502497075083864,6.502497075083864,0.0,0.0,0.0,-0.7,4.685828089005546,True,False,True,True,True,True,2018-10-11,6.0,0,0,0,0,0,0,0,0,0,0,0,0
3931,Sharebox,https://www.crunchbase.com/organization/sharebox,Belgium,50.8465573,4.351697,2012,2.0,False,True,False,False,True,False,False,False,False,False,False,False,False,False,1,1,1,1.0,0.206113,2013-12-13,2013-12-13,Seed,2013,11.0,True,True,False,False,0.0,1.0,False,False,False,False,False,False,False,False,False,False,False,False,0,0,False,False,False,True,True,True,True,True,True,True,True,True,True,False,False,1,1.0,True,True,True,False,False,False,False,False,False,False,False,True,True,76,0,False,13,1,0.0769230769230769,0.0741079721537218,0.0,0.024794310156501468,0.024794310156501468,0.024794310156501468,0.0,0.0,0.0,0.024794310156501468,0.024794310156501468,0.024794310156501468,0.0,0.0,0.0,-0.7,4.720282993088596,False,False,False,False,False,False,,,0,0,1,1,1,1,1,1,1,1,1,1
3937,Niceberg Studios,https://www.crunchbase.com/organization/niceberg-studios,Belgium,50.9654864,5.5001456,2012,1.0,False,False,False,False,False,False,False,False,False,True,True,False,False,False,0,1,1,0.0,1.101911,2012-11-20,2012-11-20,Seed,2012,74.0,True,,False,,18.0,15.0,True,,False,,False,,False,,False,,False,,0,0,False,,False,True,,True,,True,,True,,True,,True,,1,,True,,True,False,,False,False,False,False,False,False,True,True,27,0,False,0,0,0.0,0.0,0.08160567538099718,0.012024468307716547,0.012024468307716547,0.012024468307716547,0.012024468307716547,0.012024468307716547,0.012024468307716547,0.0,0.0,0.0,0.0,0.0,0.0,-0.7,4.843399374720342,False,False,False,False,False,False,,,1,0,1,0,1,0,1,0,1,0,1,0
3940,Maily,https://www.crunchbase.com/organization/maily-2,Belgium,50.8465573,4.351697,2012,3.0,False,True,False,False,False,True,False,False,False,True,True,False,False,False,2,1,3,1.0,0.594983,2014-05-01,2014-05-01,Seed,2014,238.66666666666663,False,False,True,True,4.7,34.7,False,False,False,False,True,False,False,False,True,False,False,False,0,0,False,False,False,False,False,False,False,False,False,False,False,False,False,False,False,0,0.0,False,False,False,True,True,False,False,False,False,False,False,True,True,76,0,False,13,1,0.0769230769230769,0.0741079721537218,0.0,0.7854554384337539,0.32144881921361235,1.7134686768740368,0.32144881921361235,1.0174587480438246,1.7134686768740368,0.32144881921361235,0.32144881921361235,0.32144881921361235,1.0560517191003151,0.0,1.5840775786504726,-0.7,4.685828089005546,False,False,False,False,False,False,,,0,0,0,0,0,0,0,0,0,0,0,0
3930,Sign2Pay,https://www.crunchbase.com/organization/sign2pay,Belgium,51.2211097,4.3997081,2013,4.0,False,False,False,False,False,True,False,False,True,True,False,False,False,False,1,1,1,0.0,0.0,2014-07-01,2014-07-01,Angel,2014,230.0,True,,False,,4.0,44.0,False,,False,,True,,False,,False,,False,,0,0,False,,False,True,,True,,True,,False,,False,,False,,1,,True,,True,True,,False,False,False,False,False,False,True,True,65,0,False,9,4,0.4444444444444444,0.3677247801253173,0.04178341661806711,0.041783416618066886,0.041783416618066886,0.041783416618066886,0.041783416618066886,0.041783416618066886,0.041783416618066886,0.0,0.0,0.0,0.0,0.0,0.0,-0.08,4.685828089005546,False,False,False,False,False,False,,,0,0,0,0,0,0,1,0,1,0,1,0
3943,Fish 2 Be,https://www.crunchbase.com/organization/fish-2-be,Belgium,51.1512668,5.8196246,2013,1.0,False,False,False,False,False,False,True,False,False,False,False,False,False,False,0,1,1,0.0,0.593264,2013-05-01,2013-05-01,Seed,2013,74.0,True,,False,,19.0,15.0,True,,False,,False,,False,,False,,False,,0,0,False,,False,True,,True,,True,,False,,False,,False,,1,,True,,True,False,,False,False,False,False,False,False,True,True,23,0,False,0,0,0.0,0.0,0.10816523108027408,0.0416904020181749,0.0416904020181749,0.0416904020181749,0.0416904020181749,0.0416904020181749,0.0416904020181749,0.0,0.0,0.0,0.0,0.0,0.0,-0.08,4.720282993088596,False,False,False,False,False,False,,,0,0,0,0,0,0,1,0,1,0,1,0
3941,Student&Go,https://www.crunchbase.com/organization/student-go,Belgium,50.6450944,5.5736112,2013,2.0,False,False,False,False,True,True,False,False,False,True,True,False,False,False,1,1,1,0.0,0.159498,2014-10-17,2014-10-17,Seed,2014,60.0,True,,False,,29.0,3.0,False,,False,,False,,False,,False,,False,,1,0,True,,True,True,,True,,True,,True,,True,,True,,1,,True,,True,False,,False,False,False,False,False,False,True,True,27,0,False,1,0,0.0,0.0,0.0888431813418539,0.0,0.0,0.0,0.0,0.0,0.0,0.0,0.0,0.0,0.0,0.0,0.0,-0.08,4.685828089005546,False,False,False,False,False,False,,,1,0,1,0,1,0,1,0,1,0,1,0
3949,GroomService,https://www.crunchbase.com/organization/groomservice,Belgium,50.2244872,5.3009737,2013,3.0,False,False,False,False,False,True,False,False,False,True,False,False,False,False,1,1,1,1.0,0.0,2014-07-01,2014-07-01,Seed,2014,32.0,True,True,False,False,0.0,1.0,False,False,False,False,False,False,False,False,False,False,False,False,0,0,False,False,False,True,True,True,True,False,False,False,False,False,False,False,False,1,1.0,True,True,True,False,False,False,False,False,False,False,False,True,True,3,0,False,0,0,0.0,0.0,0.09636117452878024,0.05059879723935284,0.05059879723935284,0.05059879723935284,0.0,0.0,0.0,0.05059879723935284,0.05059879723935284,0.05059879723935284,0.0,0.0,0.0,-0.08,4.685828089005546,False,False,False,False,False,False,,,0,0,0,0,0,0,0,0,1,1,1,1
3858,Wakati,https://www.crunchbase.com/organization/wakati,Belgium,51.2211097,4.3997081,2013,3.0,True,False,False,False,True,False,True,False,False,False,False,False,False,True,2,1,1,1.0,0.0,2015-09-15,2015-09-15,Pre-Seed,2015,0.0,False,False,True,True,20.0,80.0,True,True,True,True,True,True,False,False,False,False,False,False,0,0,False,False,False,False,False,False,False,False,False,False,False,False,False,False,False,0,0.0,False,False,False,False,False,True,True,True,True,False,False,False,False,65,0,False,9,4,0.4444444444444444,0.3677247801253173,0.04178341661806711,5.944959719410823,5.944959719410823,5.944959719410823,0.0,0.0,0.0,5.944959719410823,5.944959719410823,5.944959719410823,0.0,0.0,0.0,-0.08,4.61512051684126,False,False,False,False,False,False,,,0,0,0,0,0,0,0,0,0,0,0,0
3859,Domobios,https://www.crunchbase.com/organization/domobios,Belgium,50.6312136,5.5472481,2013,2.0,False,False,False,False,False,True,False,True,False,False,False,False,False,False,0,3,2,0.0,1.101737,2013-05-02,2016-02-11,Seed,2013,22.0,True,,False,,3.6,4.0,False,,False,,False,,False,,False,,False,,0,0,False,,False,True,,False,,False,,False,,False,,False,,5,,True,,True,True,,False,False,False,False,False,False,True,True,27,0,False,2,0,0.0,0.0,0.08747141432825759,0.0874714143282576,0.0874714143282576,0.0874714143282576,0.0874714143282576,0.0874714143282576,0.0874714143282576,0.0,0.0,0.0,0.0,0.0,0.0,-0.08,4.720282993088596,False,False,False,False,False,False,,,0,0,0,0,0,0,0,0,0,0,5,0
3918,Sky-Hero,https://www.crunchbase.com/organization/sky-hero,Belgium,50.8465573,4.351697,2013,2.0,True,True,False,False,True,True,False,False,False,True,True,False,False,False,1,1,1,1.0,0.0,2014-01-01,2014-01-01,Seed,2014,7.0,True,True,False,False,0.0,1.0,False,False,False,False,False,False,False,False,False,False,False,False,1,1,True,True,True,True,True,True,True,True,True,True,True,True,True,True,True,1,1.0,True,True,True,True,True,False,False,False,False,False,False,True,True,76,0,False,17,1,0.0588235294117647,0.0571584138399486,0.0,0.0,0.0,0.0,0.0,0.0,0.0,0.0,0.0,0.0,0.0,0.0,0.0,-0.08,4.685828089005546,False,False,False,False,False,False,,,1,1,1,1,1,1,1,1,1,1,1,1
3906,Swan Insights,https://www.crunchbase.com/organization/swan-insights,Belgium,50.8465573,4.351697,2013,3.0,True,True,False,False,True,False,False,False,False,True,True,False,False,False,1,1,1,0.0,1.101807,2014-09-12,2014-09-12,Seed,2014,91.0,False,,True,,7.0,10.0,False,,True,,False,,False,,False,,False,,0,0,False,,False,False,,False,,False,,False,,False,,False,,0,,False,,False,False,,True,True,True,True,False,False,False,False,76,0,False,17,1,0.0588235294117647,0.0571584138399486,0.0,5.888774364617384,5.888774364617384,5.888774364617384,5.888774364617384,5.888774364617384,5.888774364617384,0.0,0.0,0.0,0.0,0.0,0.0,-0.08,4.685828089005546,False,False,False,False,False,False,,,0,0,0,0,0,0,0,0,0,0,0,0
3841,Take Eat Easy,https://www.crunchbase.com/organization/take-eat-easy,Belgium,50.8035441,4.3338445,2013,4.0,False,True,False,False,True,False,True,False,False,False,False,False,False,False,1,1,1,1.0,0.470091,2014-07-25,2014-07-25,Series B,2014,11.0,True,True,False,False,1.0,1.0,False,False,False,False,False,False,False,False,False,False,False,False,0,0,False,False,False,True,True,True,True,True,True,True,True,True,True,False,False,1,1.0,True,True,True,False,False,False,False,False,False,False,False,True,True,67,0,False,17,1,0.0588235294117647,0.0571584138399486,0.004944501918906035,0.02712935018830707,0.02712935018830707,0.02712935018830707,0.0,0.0,0.0,0.02712935018830707,0.02712935018830707,0.02712935018830707,0.0,0.0,0.0,-0.08,4.685828089005546,False,False,True,False,True,True,,,0,0,1,1,1,1,1,1,1,1,1,1
3781,Zensor,https://www.crunchbase.com/organization/zensor,Belgium,50.8465573,4.351697,2013,1.0,True,True,True,False,False,False,False,False,True,True,False,True,True,False,4,1,1,1.0,0.0,2017-03-09,2017-03-09,Seed,2017,4.0,False,False,True,True,1.0,0.0,False,False,False,False,False,False,False,False,False,False,False,False,0,0,False,False,False,False,False,False,False,False,False,False,False,False,False,False,False,0,0.0,False,False,False,False,False,False,False,False,False,True,True,True,True,76,0,False,17,1,0.0588235294117647,0.0571584138399486,0.0,0.26036950418996324,0.26036950418996324,0.26036950418996324,0.0,0.0,0.0,0.26036950418996324,0.26036950418996324,0.26036950418996324,0.0,0.0,0.0,-0.08,5.303304908059076,False,False,False,False,False,False,,,0,0,0,0,0,0,0,0,0,0,0,0
3748,SupplyStack,https://www.crunchbase.com/organization/slick-software-solutions,Belgium,51.2211097,4.3997081,2013,1.0,True,False,False,False,True,False,False,False,False,True,False,False,False,False,3,1,1,0.0,1.687194,2016-09-15,2016-09-15,Series A,2016,45.0,True,,False,,3.0,16.0,False,,False,,False,,False,,False,,False,,1,0,True,,True,True,,True,,True,,True,,True,,True,,1,,True,,True,False,,False,False,False,False,False,False,True,True,65,0,False,9,3,0.3333333333333333,0.2876820724517809,0.04178341661806711,0.0,0.0,0.0,0.0,0.0,0.0,0.0,0.0,0.0,0.0,0.0,0.0,-0.08,5.303304908059076,True,False,True,True,True,True,2022-01-13,9.0,1,0,1,0,1,0,1,0,1,0,1,0
3832,Beatswitch,https://www.crunchbase.com/organization/beatswitch,Belgium,51.2211097,4.3997081,2013,3.0,False,False,False,False,False,True,False,False,False,True,True,False,False,True,2,1,1,0.0,0.872457,2015-01-21,2015-01-21,Seed,2015,43.0,True,,False,,1.0,6.0,False,,False,,False,,False,,False,,False,,0,0,False,,False,True,,True,,False,,False,,False,,False,,1,,True,,True,False,,False,False,False,False,False,False,True,True,65,0,False,9,4,0.4444444444444444,0.3677247801253173,0.04178341661806711,0.05061486769299237,0.05061486769299237,0.05061486769299237,0.05061486769299237,0.05061486769299237,0.05061486769299237,0.0,0.0,0.0,0.0,0.0,0.0,-0.08,4.61512051684126,False,False,False,False,False,False,,,0,0,0,0,0,0,0,0,1,0,1,0
3642,Cheqroom,https://www.crunchbase.com/organization/cheqroom,Belgium,51.0538286,3.7250121,2013,2.0,True,False,False,False,True,True,False,False,False,True,False,False,False,False,1,1,2,1.0,0.262661,2014-09-02,2014-09-02,Series A,2014,10.5,True,True,True,False,5.5,2.0,False,False,False,False,False,False,True,False,False,False,False,False,0,0,False,False,False,True,True,False,False,False,False,False,False,False,False,False,False,2,1.0,True,True,True,False,False,False,False,False,False,False,False,True,True,52,1,True,9,6,0.6666666666666666,0.5108256237659906,0.04958265241978795,0.09238447556918632,0.07106168296415735,0.1137072681742153,0.1137072681742153,0.1137072681742153,0.1137072681742153,0.07106168296415735,0.07106168296415735,0.07106168296415735,0.0450024618628125,0.0450024618628125,0.0450024618628125,-0.08,4.685828089005546,False,False,True,False,True,True,,,0,0,0,0,0,0,0,0,0,0,1,1
3616,Silverfin,https://www.crunchbase.com/organization/silverfin-2,Belgium,51.0538286,3.7250121,2013,2.0,True,False,False,False,True,False,False,False,True,True,False,False,False,False,3,1,1,0.0,0.0,2016-03-03,2016-03-03,Series B,2016,26.0,True,,False,,2.0,7.0,False,,False,,False,,False,,False,,False,,0,0,False,,False,True,,True,,True,,False,,False,,False,,1,,True,,True,True,,False,False,False,False,False,False,True,True,52,1,True,9,5,0.5555555555555556,0.4418327522790392,0.04958265241978795,0.049582652419787716,0.049582652419787716,0.049582652419787716,0.049582652419787716,0.049582652419787716,0.049582652419787716,0.0,0.0,0.0,0.0,0.0,0.0,-0.08,5.303304908059076,True,True,True,True,True,True,2023-09-25,10.0,0,0,0,0,0,0,1,0,1,0,1,0
3696,Hysopt,https://www.crunchbase.com/organization/hysopt,Belgium,51.20849,4.4719297,2013,1.0,True,False,False,False,True,False,False,False,False,True,False,False,True,False,5,1,1,0.0,2.221484,2018-07-05,2018-07-05,Series B,2018,35.0,False,,True,,6.0,9.0,False,,False,,False,,False,,True,,False,,0,0,False,,False,False,,False,,False,,False,,False,,False,,0,,False,,False,False,,True,True,True,True,False,False,False,False,65,0,False,9,4,0.4444444444444444,0.3677247801253173,0.041114097536510456,6.537659996235225,6.537659996235225,6.537659996235225,6.537659996235225,6.537659996235225,6.537659996235225,0.0,0.0,0.0,0.0,0.0,0.0,-0.08,5.707110264748875,False,False,True,False,True,True,,,0,0,0,0,0,0,0,0,0,0,0,0
3699,Sensolus,https://www.crunchbase.com/organization/sensolus,Belgium,51.0538286,3.7250121,2013,1.0,True,False,False,False,False,False,False,False,False,True,False,False,False,False,3,2,3,0.0,3.253591,2016-07-04,2017-10-12,Venture - Series Unknown,2016,109.0,True,,False,,16.0,29.3,False,,False,,True,,False,,False,,False,,0,0,False,,False,True,,True,,True,,False,,False,,False,,3,,True,,True,True,,False,False,False,False,False,False,True,True,52,1,True,9,6,0.6666666666666666,0.5108256237659906,0.04958265241978795,0.06390200611603414,0.049582652419787716,0.07106168296415735,0.049582652419787716,0.06390200611603414,0.07106168296415735,0.0,0.0,0.0,0.016529540104334314,0.0,0.024794310156501468,-0.08,5.303304908059076,False,False,True,False,True,True,,,0,0,0,0,0,0,1,0,1,0,3,0
3671,Cashforce,https://www.crunchbase.com/organization/cashforce,Belgium,51.2211097,4.3997081,2013,3.0,True,False,False,False,False,False,False,False,True,True,False,False,False,False,2,3,2,2.0,3.539949,2015-07-01,2018-02-08,Series A,2015,43.0,True,True,True,True,5.0,179.7,False,False,True,True,True,True,False,False,False,False,False,False,0,0,False,False,False,True,True,True,True,False,False,False,False,False,False,False,False,2,2.0,True,True,False,False,False,True,True,True,False,False,False,True,False,65,0,False,9,3,0.3333333333333333,0.2876820724517809,0.04178341661806711,2.6333303018408043,0.05061486769299237,7.7987611701364274,0.0,0.0,0.0,0.05061486769299237,2.6333303018408043,7.7987611701364274,5.182971168294619,0.0,7.774456752441928,-0.08,4.61512051684126,True,False,True,True,True,True,2022-06-16,9.0,0,0,0,0,0,0,0,0,2,2,2,2
3629,Sortlist,https://www.crunchbase.com/organization/sortlist-www-sortlist-com,Belgium,50.7169694,4.610416,2014,4.0,True,False,False,False,False,False,False,False,False,True,True,False,False,True,1,1,1,1.0,0.622898,2015-02-09,2015-02-09,Series B,2015,11.0,True,True,False,False,2.0,1.0,False,False,False,False,False,False,False,False,False,False,False,False,0,0,False,False,False,True,True,True,True,True,True,True,True,True,True,True,True,1,1.0,True,True,True,False,False,False,False,False,False,False,False,True,True,57,1,True,6,1,0.1666666666666666,0.1541506798272582,0.02320538153923182,0.019133790431397405,0.019133790431397405,0.019133790431397405,0.0,0.0,0.0,0.019133790431397405,0.019133790431397405,0.019133790431397405,0.0,0.0,0.0,1.6,4.61512051684126,False,False,True,False,True,True,,,1,1,1,1,1,1,1,1,1,1,1,1
3816,Drawbotics,https://www.crunchbase.com/organization/drawbotics,Belgium,50.8465573,4.351697,2014,3.0,True,True,False,False,False,True,False,False,False,True,True,False,True,False,3,1,1,0.0,0.538599,2017-03-16,2017-03-16,Seed,2017,9.0,True,,False,,4.0,2.0,False,,False,,False,,False,,False,,False,,1,0,True,,True,True,,True,,True,,True,,True,,True,,1,,True,,True,True,,False,False,False,False,False,False,True,True,76,0,False,24,2,0.0833333333333333,0.0800427076735364,0.0,0.0,0.0,0.0,0.0,0.0,0.0,0.0,0.0,0.0,0.0,0.0,0.0,1.6,5.303304908059076,False,False,False,False,False,False,,,1,0,1,0,1,0,1,0,1,0,1,0
3811,Hozint - Horizon Intelligence,https://www.crunchbase.com/organization/hozint-horizon-intelligence,Belgium,50.8465573,4.351697,2014,3.0,True,True,False,False,True,False,False,False,False,True,False,False,False,False,4,1,1,0.0,0.123466,2018-03-21,2018-03-21,Seed,2018,50.0,True,,False,,2.0,0.0,False,,False,,True,,False,,False,,False,,0,0,False,,False,True,,True,,True,,False,,False,,False,,1,,True,,True,False,,False,False,False,False,False,False,True,True,76,0,False,24,2,0.0833333333333333,0.0800427076735364,0.0,0.048803690478805825,0.048803690478805825,0.048803690478805825,0.048803690478805825,0.048803690478805825,0.048803690478805825,0.0,0.0,0.0,0.0,0.0,0.0,1.6,5.707110264748875,False,False,False,False,False,False,,,0,0,0,0,0,0,1,0,1,0,1,0
3798,proUnity,https://www.crunchbase.com/organization/prounity,Belgium,50.8370253,4.4274636,2014,3.0,True,True,False,False,True,False,False,False,False,True,False,False,False,False,3,1,1,0.0,0.60995,2017-10-18,2017-10-18,Seed,2017,22.0,True,,False,,1.0,2.0,False,,False,,False,,False,,False,,False,,1,0,True,,True,True,,True,,True,,True,,True,,True,,1,,True,,True,True,,False,False,False,False,False,False,True,True,67,1,True,24,1,0.0416666666666666,0.040821994520255,0.005424551818052769,0.00687227152794796,0.00687227152794796,0.00687227152794796,0.00687227152794796,0.00687227152794796,0.00687227152794796,0.0,0.0,0.0,0.0,0.0,0.0,1.6,5.303304908059076,True,False,False,True,True,True,2022-07-14,8.0,1,0,1,0,1,0,1,0,1,0,1,0
3797,Commuty,https://www.crunchbase.com/organization/commuty,Belgium,50.91667,4.58333,2014,4.0,True,True,False,False,True,False,False,False,False,False,False,False,False,False,5,1,1,1.0,0.561757,2019-04-18,2019-04-18,Seed,2019,28.0,True,True,False,False,34.0,3.0,False,False,False,False,False,False,False,False,False,False,False,False,0,0,False,False,False,True,True,True,True,False,False,False,False,False,False,False,False,1,1.0,True,True,True,False,False,False,False,False,False,False,False,True,True,66,1,True,1,0,0.0,0.0,0.01802371212266581,0.051327247424203734,0.051327247424203734,0.051327247424203734,0.0,0.0,0.0,0.051327247424203734,0.051327247424203734,0.051327247424203734,0.0,0.0,0.0,1.6,5.993961427306569,False,False,False,False,False,False,,,0,0,0,0,0,0,0,0,1,1,1,1
3772,Opinum,https://www.crunchbase.com/organization/opinum,Belgium,50.6365628,4.6127019,2014,2.0,True,False,False,False,False,False,False,False,False,True,False,False,False,False,1,1,3,0.0,0.54448,2015-10-29,2015-10-29,Series B,2015,48.333333333333336,True,,False,,23.3,7.7,False,,False,,False,,False,,False,,False,,0,0,False,,False,True,,True,,True,,True,,True,,False,,3,,True,,True,True,,False,False,False,False,False,False,True,True,56,0,False,5,0,0.0,0.0,0.029707630437411717,0.040155377045381156,0.02299135025043728,0.06776715044829422,0.02299135025043728,0.040155377045381156,0.06776715044829422,0.0,0.0,0.0,0.07160007290086391,0.04274400002209436,0.08884318134185398,1.6,4.61512051684126,True,False,True,True,True,True,2021-11-10,7.0,0,0,2,0,2,0,2,0,3,0,3,0
3743,UgenTec,https://www.crunchbase.com/organization/ugentec,Belgium,50.9303735,5.3378043,2014,2.0,True,False,False,False,True,False,False,True,False,False,False,False,False,False,0,1,1,0.0,3.855705,2014-04-30,2014-04-30,Series A,2014,230.0,True,,False,,4.0,44.0,False,,False,,True,,False,,False,,False,,0,0,False,,False,True,,True,,False,,False,,False,,False,,1,,True,,True,True,,False,False,False,False,False,False,True,True,31,0,False,1,0,0.0,0.0,0.06979532034143153,0.06979532034143146,0.06979532034143146,0.06979532034143146,0.06979532034143146,0.06979532034143146,0.06979532034143146,0.0,0.0,0.0,0.0,0.0,0.0,1.6,4.685828089005546,False,False,True,False,True,True,,,0,0,0,0,0,0,0,0,1,0,1,0
3686,Wooclap,https://www.crunchbase.com/organization/wooclap,Belgium,50.8361447,4.3861737,2014,3.0,False,True,False,False,False,True,False,False,False,True,False,False,False,False,3,1,1,0.0,0.419017,2017-09-12,2017-09-12,Series A,2017,27.0,True,,False,,1.0,6.0,False,,False,,False,,False,,False,,False,,0,0,False,,False,True,,False,,False,,False,,False,,False,,1,,True,,True,False,,False,False,False,False,False,False,True,True,67,0,False,24,2,0.0833333333333333,0.0800427076735364,0.0026834598594769853,0.08621445281266862,0.08621445281266862,0.08621445281266862,0.08621445281266862,0.08621445281266862,0.08621445281266862,0.0,0.0,0.0,0.0,0.0,0.0,1.6,5.303304908059076,False,False,True,False,True,True,,,0,0,0,0,0,0,0,0,0,0,1,0
3651,Fyteko,https://www.crunchbase.com/organization/fyteko,Belgium,50.8465573,4.351697,2014,1.0,True,True,False,False,False,False,True,False,False,False,False,False,False,False,2,1,1,1.0,0.0,2016-09-30,2016-09-30,Series B,2016,24.0,True,True,False,False,1.0,5.0,True,True,False,False,False,False,False,False,False,False,False,False,1,1,True,True,True,True,True,True,True,True,True,True,True,True,True,True,True,1,1.0,True,True,True,True,True,False,False,False,False,False,False,True,True,76,0,False,24,2,0.0833333333333333,0.0800427076735364,0.0,0.0,0.0,0.0,0.0,0.0,0.0,0.0,0.0,0.0,0.0,0.0,0.0,1.6,5.303304908059076,False,False,True,False,True,True,,,1,1,1,1,1,1,1,1,1,1,1,1
3821,Phasya,https://www.crunchbase.com/organization/phasya,Belgium,50.6152381,5.5089437,2014,2.0,True,False,False,False,False,False,False,True,False,True,False,False,False,False,5,1,3,0.0,1.099333,2019-01-21,2019-01-21,Seed,2019,30.333333333333332,True,,False,,18.7,3.3,False,,False,,False,,False,,False,,False,,3,0,True,,True,True,,True,,True,,True,,True,,True,,3,,True,,True,False,,False,False,False,False,False,False,True,True,28,0,False,5,1,0.2,0.1823215567939546,0.08541351322188066,0.005641483773129823,0.005641483773129822,0.005641483773129822,0.005641483773129822,0.005641483773129823,0.005641483773129822,0.0,0.0,0.0,0.0,0.0,0.0,1.6,5.993961427306569,True,False,False,True,True,True,2021-08-05,7.0,3,0,3,0,3,0,3,0,3,0,3,0
3823,CentralApp,https://www.crunchbase.com/organization/centralapp,Belgium,50.8465573,4.351697,2014,4.0,True,True,False,False,False,True,False,False,False,True,True,False,False,False,2,1,1,1.0,0.562184,2016-09-30,2016-09-30,Seed,2016,9.0,True,True,False,False,3.0,2.0,False,False,False,False,False,False,False,False,False,False,False,False,1,1,True,True,True,True,True,True,True,True,True,True,True,True,True,True,True,1,1.0,True,True,True,True,True,False,False,False,False,False,False,True,True,76,0,False,24,2,0.0833333333333333,0.0800427076735364,0.0,0.0,0.0,0.0,0.0,0.0,0.0,0.0,0.0,0.0,0.0,0.0,0.0,1.6,5.303304908059076,False,False,False,False,False,False,,,1,1,1,1,1,1,1,1,1,1,1,1
3934,Aldento,https://www.crunchbase.com/organization/aldento,Belgium,50.6450944,5.5736112,2014,2.0,False,False,False,False,False,True,True,False,False,False,False,False,False,False,1,1,3,0.0,0.375977,2015-01-16,2015-01-16,Seed,2015,34.333333333333336,True,,False,,11.0,1.7,False,,False,,False,,False,,False,,False,,2,0,True,,False,True,,True,,True,,True,,True,,True,,3,,True,,True,False,,False,False,False,False,False,False,True,True,27,0,False,4,2,0.5,0.4054651081081644,0.0888431813418539,0.022218779598575746,0.0,0.06665633879572724,0.0,0.022218779598575746,0.06665633879572724,0.0,0.0,0.0,0.04443755919715149,0.0,0.06665633879572724,1.6,4.61512051684126,False,False,False,False,False,False,,,2,0,2,0,2,0,2,0,3,0,3,0
3916,Koalect,https://www.crunchbase.com/organization/koalect,Belgium,50.6365628,4.6127019,2014,3.0,False,False,False,False,False,False,False,False,True,True,False,False,False,False,0,1,1,1.0,0.187989,2014-11-18,2014-11-18,Seed,2014,11.0,True,True,False,False,1.0,1.0,False,False,False,False,False,False,False,False,False,False,False,False,0,0,False,False,False,True,True,True,True,True,True,True,True,True,True,False,False,1,1.0,True,True,True,False,False,False,False,False,False,False,False,True,True,56,0,False,5,1,0.2,0.1823215567939546,0.029707630437411717,0.02768857241822666,0.02768857241822666,0.02768857241822666,0.0,0.0,0.0,0.02768857241822666,0.02768857241822666,0.02768857241822666,0.0,0.0,0.0,1.6,4.685828089005546,False,False,False,False,False,False,,,0,0,1,1,1,1,1,1,1,1,1,1
3871,waylay,https://www.crunchbase.com/organization/waylay,Belgium,51.0538286,3.7250121,2014,2.0,True,False,False,False,False,False,False,False,False,True,False,False,False,False,1,2,2,1.0,1.29111,2015-02-19,2017-01-23,Series A,2015,159.0,True,True,False,False,10.5,32.0,True,True,False,False,True,False,False,False,False,False,False,False,0,0,False,False,False,True,True,True,True,True,True,False,False,False,False,False,False,2,1.0,True,True,True,True,True,False,False,False,False,False,False,True,True,52,1,True,10,6,0.6,0.4700036292457355,0.04958265241978795,0.049582652419787716,0.049582652419787716,0.049582652419787716,0.049582652419787716,0.049582652419787716,0.049582652419787716,0.049582652419787716,0.049582652419787716,0.049582652419787716,0.0,0.0,0.0,1.6,4.61512051684126,False,False,True,False,True,True,,,0,0,0,0,0,0,2,1,2,1,2,1
3853,Tconcept,https://www.crunchbase.com/organization/tconcept,Belgium,50.6617107,4.6747213,2014,1.0,False,False,False,False,False,True,True,False,False,False,False,False,False,False,2,1,1,0.0,1.331944,2016-08-30,2016-08-30,Venture - Series Unknown,2016,60.0,True,,False,,31.0,3.0,False,,False,,False,,False,,False,,False,,0,0,False,,False,True,,True,,False,,False,,False,,False,,1,,True,,True,False,,False,False,False,False,False,False,True,True,56,0,False,5,1,0.2,0.1823215567939546,0.030640503711470257,0.06339710621694304,0.06339710621694304,0.06339710621694304,0.06339710621694304,0.06339710621694304,0.06339710621694304,0.0,0.0,0.0,0.0,0.0,0.0,1.6,5.303304908059076,False,False,True,False,True,True,,,0,0,0,0,0,0,0,0,1,0,1,0
3851,Djengo,https://www.crunchbase.com/organization/djengo,Belgium,50.6365628,4.6127019,2014,5.0,False,False,False,False,True,False,False,False,False,True,False,False,False,False,5,1,1,1.0,0.561757,2019-04-18,2019-04-18,Seed,2019,28.0,True,True,False,False,34.0,3.0,False,False,False,False,False,False,False,False,False,False,False,False,0,0,False,False,False,True,True,True,True,True,True,True,True,True,True,False,False,1,1.0,True,True,True,False,False,False,False,False,False,False,False,True,True,56,0,False,5,1,0.2,0.1823215567939546,0.029707630437411717,0.02299135025043728,0.02299135025043728,0.02299135025043728,0.0,0.0,0.0,0.02299135025043728,0.02299135025043728,0.02299135025043728,0.0,0.0,0.0,1.6,5.993961427306569,False,False,False,False,False,False,,,0,0,1,1,1,1,1,1,1,1,1,1
3847,Hoplr,https://www.crunchbase.com/organization/hoplr,Belgium,51.1044488,3.9898689,2014,3.0,True,False,False,False,True,True,False,False,False,True,True,False,True,False,2,1,1,1.0,0.273311,2016-02-26,2016-02-26,Venture - Series Unknown,2016,2.0,True,True,False,False,0.0,0.0,False,False,False,False,False,False,False,False,False,False,False,False,0,0,False,False,False,True,True,True,True,True,True,False,False,False,False,False,False,1,1.0,True,True,True,False,False,False,False,False,False,False,False,True,True,68,1,True,0,0,0.0,0.0,0.03826335575978719,0.04591139306512733,0.04591139306512733,0.04591139306512733,0.0,0.0,0.0,0.04591139306512733,0.04591139306512733,0.04591139306512733,0.0,0.0,0.0,1.6,5.303304908059076,False,False,True,False,True,True,,,0,0,0,0,0,0,1,1,1,1,1,1
3834,Team Cyclis,https://www.crunchbase.com/organization/team-cyclis,Belgium,51.2305657,5.3076895,2014,4.0,True,False,False,False,False,True,False,False,True,False,False,False,False,True,3,1,1,0.0,0.264775,2017-04-07,2017-04-07,Seed,2017,74.0,True,,False,,23.0,15.0,True,,False,,False,,False,,False,,False,,0,0,False,,False,True,,True,,True,,True,,False,,False,,1,,True,,True,False,,False,False,False,False,False,False,True,True,20,0,False,0,0,0.0,0.0,0.07931570759993599,0.03344607349947533,0.03344607349947533,0.03344607349947533,0.03344607349947533,0.03344607349947533,0.03344607349947533,0.0,0.0,0.0,0.0,0.0,0.0,1.6,5.303304908059076,False,False,False,False,False,False,,,0,0,0,0,1,0,1,0,1,0,1,0
3678,Pozyx,https://www.crunchbase.com/organization/pozyx-labs,Belgium,51.0538286,3.7250121,2015,2.0,True,False,False,False,True,True,False,False,False,True,False,False,False,False,4,1,1,1.0,1.477903,2019-03-01,2019-03-01,Series A,2019,16.0,True,True,False,False,25.0,3.0,False,False,False,False,False,False,False,False,False,False,False,False,0,0,False,False,False,True,True,True,True,True,True,True,True,False,False,False,False,1,1.0,True,True,True,True,True,False,False,False,False,False,False,True,True,52,1,True,13,7,0.5384615384615384,0.4307829160924542,0.04958265241978795,0.03978622901511518,0.03978622901511518,0.03978622901511518,0.0,0.0,0.0,0.03978622901511518,0.03978622901511518,0.03978622901511518,0.0,0.0,0.0,2.31,5.993961427306569,False,False,True,False,True,True,,,0,0,0,0,1,1,1,1,1,1,1,1
3710,SHIPNEXT,https://www.crunchbase.com/organization/shipnext,Belgium,51.2211097,4.3997081,2015,1.0,True,False,False,False,True,True,False,False,False,True,False,False,False,False,4,1,1,1.0,0.175,2019-10-03,2019-10-03,Series A,2019,31.0,False,False,True,True,3.0,1.0,False,False,False,False,False,False,False,False,False,False,False,False,0,0,False,False,False,False,False,False,False,False,False,False,False,False,False,False,False,0,0.0,False,False,False,False,False,True,True,False,False,False,False,False,False,65,0,False,17,5,0.2941176470588235,0.2578291093020997,0.04178341661806711,9.37065235195581,9.37065235195581,9.37065235195581,0.0,0.0,0.0,9.37065235195581,9.37065235195581,9.37065235195581,0.0,0.0,0.0,2.31,5.993961427306569,False,False,True,False,True,True,,,0,0,0,0,0,0,0,0,0,0,0,0
3714,Zapfloor,https://www.crunchbase.com/organization/zapfloorhq,Belgium,51.2211097,4.3997081,2015,2.0,True,False,False,False,False,False,False,False,False,True,False,False,False,False,4,1,1,1.0,1.0,2019-10-03,2019-10-03,Series A,2019,32.0,False,False,True,True,5.0,1.0,False,False,False,False,False,False,False,False,False,False,False,False,0,0,False,False,False,False,False,False,False,False,False,False,False,False,False,False,False,1,1.0,True,True,True,False,False,False,False,False,False,False,False,True,True,65,0,False,17,5,0.2941176470588235,0.2578291093020997,0.04178341661806711,0.10425665947933224,0.10425665947933224,0.10425665947933224,0.0,0.0,0.0,0.10425665947933224,0.10425665947933224,0.10425665947933224,0.0,0.0,0.0,2.31,5.993961427306569,False,False,True,False,True,True,,,0,0,0,0,0,0,0,0,0,0,0,0
3721,Iristick,https://www.crunchbase.com/organization/iristick,Belgium,51.2211097,4.3997081,2015,1.0,True,False,False,False,False,True,False,False,False,True,False,False,False,False,2,1,2,1.0,0.0,2017-05-05,2017-05-05,Venture - Series Unknown,2017,20.0,True,True,False,False,12.5,4.0,True,True,False,False,False,False,False,False,False,False,False,False,0,0,False,False,False,True,True,True,True,True,True,False,False,False,False,False,False,2,1.0,True,True,True,True,True,False,False,False,False,False,False,True,True,65,0,False,17,5,0.2941176470588235,0.2578291093020997,0.04178341661806711,0.04654371365323061,0.041783416618066886,0.051304010688394346,0.051304010688394346,0.051304010688394346,0.051304010688394346,0.041783416618066886,0.041783416618066886,0.041783416618066886,0.017417588032569445,0.017417588032569445,0.017417588032569445,2.31,5.303304908059076,False,False,True,False,True,True,,,0,0,0,0,0,0,1,1,2,1,2,1
3741,Oncomfort,https://www.crunchbase.com/organization/oncomfort-inc,Belgium,50.8465573,4.351697,2015,4.0,True,True,False,False,False,False,False,True,False,True,False,False,False,False,3,1,2,1.0,2.942178,2018-09-30,2018-09-30,Series A,2018,18.5,True,True,False,False,8.0,4.5,False,False,False,False,False,False,True,True,False,False,False,False,0,0,False,False,False,True,True,True,True,False,False,False,False,False,False,False,False,2,1.0,True,True,True,False,False,False,False,False,False,False,False,True,True,76,0,False,33,3,0.0909090909090909,0.0870113769896297,0.0,0.07931925084164271,0.06979532034143146,0.08884318134185398,0.08884318134185398,0.08884318134185398,0.08884318134185398,0.06979532034143146,0.06979532034143146,0.06979532034143146,0.03579156273963579,0.03579156273963579,0.03579156273963579,2.31,5.707110264748875,True,False,True,True,True,True,2023-10-04,8.0,0,0,0,0,0,0,0,0,1,1,2,1
3745,Digiteal,https://www.crunchbase.com/organization/digiteal,Belgium,50.6365628,4.6127019,2015,1.0,True,False,False,False,False,False,False,False,True,True,False,False,False,False,1,1,1,0.0,0.660406,2016-12-29,2016-12-29,Series B,2016,32.0,True,,False,,2.0,1.0,False,,False,,False,,False,,False,,False,,0,0,False,,False,True,,True,,False,,False,,False,,False,,1,,True,,True,False,,False,False,False,False,False,False,True,True,56,0,False,8,1,0.125,0.1177830356563834,0.029707630437411717,0.06776715044829422,0.06776715044829422,0.06776715044829422,0.06776715044829422,0.06776715044829422,0.06776715044829422,0.0,0.0,0.0,0.0,0.0,0.0,2.31,5.303304908059076,False,False,True,False,True,True,,,0,0,0,0,0,0,0,0,1,0,1,0
3746,Musimap,https://www.crunchbase.com/organization/musimap,Belgium,50.6450944,5.5736112,2015,3.0,True,False,False,False,True,False,False,False,False,True,True,False,False,True,1,1,1,1.0,0.0,2016-01-01,2016-01-01,Venture - Series Unknown,2016,32.0,True,True,False,False,2.0,1.0,False,False,False,False,False,False,False,False,False,False,False,False,1,1,True,True,True,True,True,True,True,True,True,True,True,True,True,True,True,1,1.0,True,True,True,False,False,False,False,False,False,False,False,True,True,27,0,False,7,2,0.2857142857142857,0.251314428280906,0.0888431813418539,0.0,0.0,0.0,0.0,0.0,0.0,0.0,0.0,0.0,0.0,0.0,0.0,2.31,5.303304908059076,True,False,True,True,True,True,2021-09-28,6.0,1,1,1,1,1,1,1,1,1,1,1,1
3665,MobieTrain,https://www.crunchbase.com/organization/mobietrain,Belgium,50.9654864,5.5001456,2015,3.0,False,False,False,False,True,True,False,False,False,True,False,False,False,False,4,1,1,1.0,1.139351,2019-02-26,2019-02-26,Series B,2019,74.0,True,True,False,False,25.0,15.0,True,True,False,False,False,False,False,False,False,False,False,False,0,0,False,False,False,True,True,True,True,True,True,True,True,True,True,True,True,1,1.0,True,True,True,False,False,False,False,False,False,False,False,True,True,27,0,False,1,0,0.0,0.0,0.08160567538099718,0.012024468307716547,0.012024468307716547,0.012024468307716547,0.0,0.0,0.0,0.012024468307716547,0.012024468307716547,0.012024468307716547,0.0,0.0,0.0,2.31,5.993961427306569,False,False,True,False,True,True,,,1,1,1,1,1,1,1,1,1,1,1,1
3778,MOLECUBES,https://www.crunchbase.com/organization/molecubes,Belgium,51.0538286,3.7250121,2015,3.0,True,False,False,False,True,False,False,True,False,True,False,False,False,False,1,1,1,0.0,2.075672,2016-01-07,2016-01-07,Seed,2016,35.0,False,,True,,4.0,9.0,False,,False,,False,,False,,True,,False,,0,0,False,,False,False,,False,,False,,False,,False,,False,,0,,False,,False,False,,True,True,True,True,False,False,False,False,52,1,True,13,6,0.4615384615384615,0.3794896217049037,0.04958265241978795,6.502497075083864,6.502497075083864,6.502497075083864,6.502497075083864,6.502497075083864,6.502497075083864,0.0,0.0,0.0,0.0,0.0,0.0,2.31,5.303304908059076,True,False,False,True,True,True,2021-11-19,6.0,0,0,0,0,0,0,0,0,0,0,0,0
3796,Sentiance,https://www.crunchbase.com/organization/sentiance,Belgium,51.2211097,4.3997081,2015,1.0,True,False,False,False,True,False,False,False,False,True,False,False,False,False,0,2,3,1.0,8.2,2015-01-21,2015-11-17,Series A,2015,32.8,True,False,True,True,6.0,6.4,False,False,False,False,False,False,False,False,True,True,False,False,1,0,True,False,False,True,False,True,False,True,False,True,False,True,False,True,False,3,0.0,True,False,False,False,False,True,True,True,False,False,False,True,False,65,0,False,17,5,0.2941176470588235,0.2578291093020997,0.04178341661806711,2.6333065717364303,0.0,6.532651561648083,0.0,1.658470324258517,6.532651561648083,6.532651561648083,6.532651561648083,6.532651561648083,3.917652115901761,0.0,6.532651561648083,2.31,4.61512051684126,False,False,True,False,True,True,,,1,0,1,0,1,0,1,0,3,0,3,0
3804,Accounteer,https://www.crunchbase.com/organization/accounteer,Belgium,50.8399894,4.8321318,2015,1.0,True,False,False,False,True,True,False,False,True,True,False,False,False,False,4,1,1,1.0,0.0,2019-05-29,2019-05-29,Pre-Seed,2019,95.0,False,False,True,True,3.0,6.0,False,False,True,True,False,False,False,False,False,False,False,False,0,0,False,False,False,False,False,False,False,False,False,False,False,False,False,False,False,0,0.0,False,False,False,False,False,True,True,False,False,False,False,False,False,58,1,True,0,0,0.0,0.0,0.03374078249388593,4.875663522786136,4.875663522786136,4.875663522786136,0.0,0.0,0.0,4.875663522786136,4.875663522786136,4.875663522786136,0.0,0.0,0.0,2.31,5.993961427306569,True,False,False,True,True,True,2022-08-12,7.0,0,0,0,0,0,0,0,0,0,0,0,0
3805,Utopix Pictures,https://www.crunchbase.com/organization/utopix-io,Belgium,50.6365628,4.6127019,2015,2.0,False,False,False,False,False,False,False,False,False,False,True,False,False,False,4,1,1,0.0,0.815286,2019-05-28,2019-05-28,Seed,2019,28.0,True,,False,,34.0,3.0,False,,False,,False,,False,,False,,False,,0,0,False,,False,True,,True,,True,,True,,True,,False,,1,,True,,True,False,,False,False,False,False,False,False,True,True,56,0,False,8,1,0.125,0.1177830356563834,0.029707630437411717,0.02299135025043728,0.02299135025043728,0.02299135025043728,0.02299135025043728,0.02299135025043728,0.02299135025043728,0.0,0.0,0.0,0.0,0.0,0.0,2.31,5.993961427306569,False,False,False,False,False,False,,,0,0,1,0,1,0,1,0,1,0,1,0
3810,Menu Next Door,https://www.crunchbase.com/organization/menu-next-door,Belgium,50.8465573,4.351697,2015,1.0,False,True,False,False,True,True,True,False,False,False,False,False,False,True,1,1,3,0.0,2.0,2016-05-24,2016-05-24,Seed,2016,476.0,False,,True,,7.0,147.3,True,,True,,False,,False,,True,,False,,0,0,False,,False,False,,False,,False,,False,,False,,False,,0,,False,,False,True,,True,True,True,False,False,False,True,False,76,0,False,33,4,0.1212121212121212,0.1144103511777442,0.0,5.029498612069784,0.32144881921361235,8.878272652378357,0.32144881921361235,5.029498612069784,8.878272652378357,0.0,0.0,0.0,6.10513979945215,4.12891415800097,8.616713337577476,2.31,5.303304908059076,False,False,False,False,False,False,,,0,0,0,0,0,0,0,0,0,0,0,0
3814,Osimis,https://www.crunchbase.com/organization/osimis,Belgium,50.6152381,5.5089437,2015,3.0,True,False,False,False,True,False,False,True,False,False,False,False,False,False,1,1,1,1.0,0.0,2016-06-01,2016-06-01,Venture - Series Unknown,2016,27.0,True,True,False,False,0.0,6.0,False,False,False,False,False,False,False,False,False,False,False,False,1,1,True,True,True,True,True,True,True,True,True,True,True,True,True,True,True,1,1.0,True,True,True,False,False,False,False,False,False,False,False,True,True,28,0,False,8,3,0.375,0.3184537311185346,0.08541351322188066,0.005641483773129822,0.005641483773129822,0.005641483773129822,0.0,0.0,0.0,0.005641483773129822,0.005641483773129822,0.005641483773129822,0.0,0.0,0.0,2.31,5.303304908059076,False,False,True,False,True,True,,,1,1,1,1,1,1,1,1,1,1,1,1
3777,Mozzeno,https://www.crunchbase.com/organization/mozzeno,Belgium,50.8465573,4.351697,2015,2.0,True,True,False,False,False,False,False,False,True,False,False,False,False,False,1,1,1,0.0,1.16625,2016-06-01,2016-06-01,Venture - Series Unknown,2016,27.0,True,,False,,0.0,6.0,False,,False,,False,,False,,False,,False,,0,0,False,,False,True,,False,,False,,False,,False,,False,,1,,True,,True,False,,False,False,False,False,False,False,True,True,76,0,False,33,4,0.1212121212121212,0.1144103511777442,0.0,0.08884318134185398,0.08884318134185398,0.08884318134185398,0.08884318134185398,0.08884318134185398,0.08884318134185398,0.0,0.0,0.0,0.0,0.0,0.0,2.31,5.303304908059076,False,False,True,False,True,True,,,0,0,0,0,0,0,0,0,0,0,1,0
3639,Go Vocal,https://www.crunchbase.com/organization/citizenlab,Belgium,50.8465573,4.351697,2015,3.0,True,True,False,False,True,False,False,False,False,True,False,False,False,True,1,1,1,0.0,0.529465,2016-11-18,2016-11-18,Series A,2016,88.0,True,,False,,15.0,20.0,True,,False,,False,,False,,False,,False,,1,0,True,,True,True,,True,,True,,True,,True,,True,,1,,True,,True,True,,False,False,False,False,False,False,True,True,76,0,False,33,4,0.1212121212121212,0.1144103511777442,0.0,0.0,0.0,0.0,0.0,0.0,0.0,0.0,0.0,0.0,0.0,0.0,0.0,2.31,5.303304908059076,False,False,True,False,True,True,,,1,0,1,0,1,0,1,0,1,0,1,0
3601,Unifly,https://www.crunchbase.com/organization/unifly,Belgium,51.2211097,4.3997081,2015,4.0,True,False,False,False,True,True,False,False,False,True,False,False,True,False,0,1,2,2.0,1.338849,2015-08-12,2015-08-12,Series B,2015,61.5,True,True,True,True,8.5,14.5,True,True,False,False,False,False,False,False,True,True,False,False,0,0,False,False,False,True,True,True,True,True,True,False,False,False,False,False,False,1,1.0,True,True,False,True,True,True,True,True,False,False,False,True,False,65,0,False,17,4,0.2352941176470588,0.2113090936672069,0.04178341661806711,3.2872174891330745,0.041783416618066886,6.532651561648083,0.0,0.0,0.0,0.041783416618066886,3.2872174891330745,6.532651561648083,6.551943037495172,6.551943037495172,6.551943037495172,2.31,4.61512051684126,True,True,True,True,True,True,2023-08-22,8.0,0,0,0,0,0,0,1,1,1,1,1,1
3605,Luzmo,https://www.crunchbase.com/organization/luzmo,Belgium,50.879202,4.7011675,2015,3.0,True,False,False,False,True,False,False,False,False,True,False,False,False,True,2,2,3,2.0,4.817701,2017-10-20,2020-11-25,Series A,2017,49.5,True,True,True,True,9.5,10.8,True,False,False,False,False,False,False,False,False,False,False,False,0,0,False,False,False,True,True,True,True,True,True,True,True,True,True,False,False,3,1.0,True,True,False,True,True,False,False,False,False,False,False,True,True,74,1,True,6,1,0.1666666666666666,0.1541506798272582,0.02479431015650143,0.16603634942632975,0.024794310156501468,0.5695543155295034,0.024794310156501468,0.03489838600965699,0.0450024618628125,0.024794310156501468,0.29717431284300244,0.5695543155295034,0.3083114948387092,0.0,0.5763719300640171,2.31,5.303304908059076,False,False,True,False,True,True,,,0,0,2,1,2,1,3,1,3,1,3,1
3612,Confo Therapeutics,https://www.crunchbase.com/organization/confo-therapeutics,Belgium,50.8465573,4.351697,2015,2.0,True,True,False,False,True,False,False,True,False,False,False,False,False,False,1,1,1,1.0,7.427263,2016-02-03,2016-02-03,Series B,2016,24.0,True,True,False,False,1.0,2.0,True,True,False,False,False,False,False,False,False,False,False,False,0,0,False,False,False,True,True,True,True,True,True,False,False,False,False,False,False,1,1.0,True,True,True,False,False,False,False,False,False,False,False,True,True,76,0,False,33,3,0.0909090909090909,0.0870113769896297,0.0,0.049582652419787716,0.049582652419787716,0.049582652419787716,0.0,0.0,0.0,0.049582652419787716,0.049582652419787716,0.049582652419787716,0.0,0.0,0.0,2.31,5.303304908059076,False,True,True,True,True,True,,,0,0,0,0,0,0,1,1,1,1,1,1
3634,LynxCare,https://www.crunchbase.com/organization/lynxcare,Belgium,50.879202,4.7011675,2015,2.0,True,False,False,False,True,False,False,True,False,True,False,False,False,False,1,2,3,1.0,3.952292,2016-03-01,2020-01-29,Series A,2016,12.666666666666666,True,False,True,True,0.0,1.3,True,True,False,False,False,False,False,False,False,False,False,False,0,0,False,False,False,True,False,True,False,True,False,False,False,False,False,False,False,1,0.0,True,False,False,True,True,True,True,True,False,True,False,True,False,74,1,True,6,1,0.1666666666666666,0.1541506798272582,0.02479431015650143,3.172284568936477,0.04346769385840712,8.891225284805921,0.04346769385840712,4.467346489332164,8.891225284805921,0.5821607281451012,0.5821607281451012,0.5821607281451012,6.300692566370096,0.6193729112366283,9.434160278898844,2.31,5.303304908059076,False,False,True,False,True,True,,,0,0,0,0,0,0,1,0,1,0,1,0
3819,Neveo,https://www.crunchbase.com/organization/neveo,Belgium,50.6365628,4.6127019,2015,2.0,False,False,False,False,False,False,False,False,False,True,True,False,False,False,0,1,1,1.0,0.11359,2015-10-09,2015-10-09,Series A,2015,11.0,True,True,False,False,2.0,1.0,False,False,False,False,False,False,False,False,False,False,False,False,0,0,False,False,False,True,True,True,True,True,True,True,True,True,True,False,False,1,1.0,True,True,True,False,False,False,False,False,False,False,False,True,True,56,0,False,8,1,0.125,0.1177830356563834,0.029707630437411717,0.02768857241822666,0.02768857241822666,0.02768857241822666,0.0,0.0,0.0,0.02768857241822666,0.02768857241822666,0.02768857241822666,0.0,0.0,0.0,2.31,4.61512051684126,False,False,True,False,True,True,,,0,0,1,1,1,1,1,1,1,1,1,1
3950,Godzilist,https://www.crunchbase.com/organization/godzilist,Belgium,50.8465573,4.351697,2015,2.0,True,True,False,False,False,False,False,False,False,True,True,False,False,False,0,1,1,1.0,0.0,2015-03-01,2015-03-01,Seed,2015,14.0,True,True,False,False,1.0,4.0,False,False,False,False,False,False,False,False,True,True,False,False,1,1,True,True,True,True,True,True,True,True,True,True,True,True,True,True,True,1,1.0,True,True,True,True,True,False,False,False,False,False,False,True,True,76,0,False,33,4,0.1212121212121212,0.1144103511777442,0.0,0.0,0.0,0.0,0.0,0.0,0.0,0.0,0.0,0.0,0.0,0.0,0.0,2.31,4.61512051684126,False,False,False,False,False,False,,,1,1,1,1,1,1,1,1,1,1,1,1
3838,InOpSys,https://www.crunchbase.com/organization/inopsys,Belgium,51.0281381,4.4803453,2015,1.0,True,False,False,False,False,False,False,False,False,False,False,True,False,False,0,1,2,1.0,1.092913,2015-12-15,2015-12-15,Seed,2015,25.5,True,True,False,False,9.0,5.0,True,True,False,False,False,False,False,False,True,False,False,False,0,0,False,False,False,True,True,True,True,True,True,True,True,True,True,False,False,2,1.0,True,True,True,True,True,False,False,False,False,False,False,True,True,66,0,False,0,0,0.0,0.0,0.022111844184009858,0.022386426298792447,0.022111844184009743,0.02266100841357515,0.02266100841357515,0.02266100841357515,0.02266100841357515,0.022111844184009743,0.022111844184009743,0.022111844184009743,0.024794310156501468,0.024794310156501468,0.024794310156501468,2.31,4.61512051684126,False,False,False,False,False,False,,,0,0,2,1,2,1,2,1,2,1,2,1
3845,Shiftmeapp,https://www.crunchbase.com/organization/shiftmeapp,Belgium,50.8465573,4.351697,2015,2.0,True,True,False,False,True,False,False,False,False,True,False,False,False,False,2,1,2,1.0,0.171369,2017-07-01,2017-07-01,Seed,2017,19.0,True,True,False,False,4.5,4.0,False,False,False,False,False,False,False,False,True,False,False,False,2,1,True,True,True,True,True,True,True,True,True,True,True,True,True,True,True,2,1.0,True,True,True,True,True,False,False,False,False,False,False,True,True,76,0,False,33,4,0.1212121212121212,0.1144103511777442,0.0,0.0,0.0,0.0,0.0,0.0,0.0,0.0,0.0,0.0,0.0,0.0,0.0,2.31,5.303304908059076,False,False,False,False,False,False,,,2,1,2,1,2,1,2,1,2,1,2,1
3852,CyanView,https://www.crunchbase.com/organization/cyanview,Belgium,51.21989,4.40346,2015,1.0,True,False,False,False,True,False,False,False,False,False,False,False,False,False,3,1,1,0.0,0.174077,2018-09-30,2018-09-30,Seed,2018,50.0,True,,False,,2.0,0.0,False,,False,,True,,False,,False,,False,,0,0,False,,False,True,,False,,False,,False,,False,,False,,1,,True,,True,False,,False,False,False,False,False,False,True,True,65,0,False,18,5,0.2777777777777778,0.245122458032985,0.04167020467070187,0.08992145175683514,0.08992145175683514,0.08992145175683514,0.08992145175683514,0.08992145175683514,0.08992145175683514,0.0,0.0,0.0,0.0,0.0,0.0,2.31,5.707110264748875,False,False,False,False,False,False,,,0,0,0,0,0,0,0,0,0,0,1,0
3863,Flavr,https://www.crunchbase.com/organization/flavr,Belgium,51.2211097,4.3997081,2015,2.0,False,False,False,False,False,True,True,False,False,True,False,False,False,False,1,1,1,0.0,0.499639,2016-11-03,2016-11-03,Seed,2016,43.0,True,,False,,2.0,6.0,False,,False,,False,,False,,False,,False,,0,0,False,,False,True,,True,,False,,False,,False,,False,,1,,True,,True,False,,False,False,False,False,False,False,True,True,65,0,False,17,5,0.2941176470588235,0.2578291093020997,0.04178341661806711,0.05061486769299237,0.05061486769299237,0.05061486769299237,0.05061486769299237,0.05061486769299237,0.05061486769299237,0.0,0.0,0.0,0.0,0.0,0.0,2.31,5.303304908059076,False,False,False,False,False,False,,,0,0,0,0,0,0,0,0,1,0,1,0
3882,BobUp,https://www.crunchbase.com/organization/bobup,Belgium,50.8465573,4.351697,2015,1.0,False,True,False,False,False,True,False,False,False,True,False,False,False,False,3,1,1,0.0,0.116649,2018-05-30,2018-05-30,Seed,2018,50.0,True,,False,,2.0,0.0,False,,False,,True,,False,,False,,False,,0,0,False,,False,True,,True,,True,,False,,False,,False,,1,,True,,True,False,,False,False,False,False,False,False,True,True,76,0,False,33,4,0.1212121212121212,0.1144103511777442,0.0,0.048803690478805825,0.048803690478805825,0.048803690478805825,0.048803690478805825,0.048803690478805825,0.048803690478805825,0.0,0.0,0.0,0.0,0.0,0.0,2.31,5.707110264748875,False,False,False,False,False,False,,,0,0,0,0,0,0,1,0,1,0,1,0
3886,Preesale,https://www.crunchbase.com/organization/preesale-2,Belgium,50.6450944,5.5736112,2015,1.0,False,False,False,False,False,True,False,False,False,True,True,False,False,False,1,1,3,0.0,0.2,2016-07-01,2016-07-01,Seed,2016,46.0,True,,True,,14.3,177.0,False,,True,,True,,False,,False,,False,,2,0,True,,False,True,,True,,True,,True,,True,,True,,2,,True,,False,False,,True,True,True,False,False,False,True,False,27,0,False,7,3,0.4285714285714285,0.3566749439387323,0.0888431813418539,2.6343067841955086,0.0,7.902920352586526,0.0,2.6343067841955086,7.902920352586526,0.0,0.0,0.0,5.268613568391017,0.0,7.902920352586526,2.31,5.303304908059076,False,False,False,False,False,False,,,2,0,2,0,2,0,2,0,2,0,2,0
3890,Marker.io,https://www.crunchbase.com/organization/marker-io,Belgium,50.8465573,4.351697,2015,3.0,True,True,False,False,False,False,False,False,False,True,True,False,False,False,1,1,1,1.0,0.0,2016-01-01,2016-01-01,Undisclosed,2016,32.0,True,True,False,False,2.0,1.0,False,False,False,False,False,False,False,False,False,False,False,False,0,0,False,False,False,True,True,False,False,False,False,False,False,False,False,False,False,1,1.0,True,True,True,False,False,False,False,False,False,False,False,True,True,76,0,False,33,4,0.1212121212121212,0.1144103511777442,0.0,0.08884318134185398,0.08884318134185398,0.08884318134185398,0.0,0.0,0.0,0.08884318134185398,0.08884318134185398,0.08884318134185398,0.0,0.0,0.0,2.31,5.303304908059076,False,False,False,False,False,False,,,0,0,0,0,0,0,0,0,0,0,1,1
3894,Keybate,https://www.crunchbase.com/organization/keybate,Belgium,50.91667,4.58333,2015,2.0,False,True,False,False,True,True,False,False,False,True,True,False,False,False,1,1,1,0.0,0.057246,2016-04-30,2016-04-30,Seed,2016,93.0,True,,False,,37.0,16.0,False,,False,,False,,False,,False,,False,,0,0,False,,False,True,,False,,False,,False,,False,,False,,1,,True,,True,False,,False,False,False,False,False,False,True,True,66,1,True,6,0,0.0,0.0,0.01802371212266581,0.07588987908395782,0.07588987908395782,0.07588987908395782,0.07588987908395782,0.07588987908395782,0.07588987908395782,0.0,0.0,0.0,0.0,0.0,0.0,2.31,5.303304908059076,True,False,False,True,True,True,2018-05-30,3.0,0,0,0,0,0,0,0,0,0,0,1,0
3903,RIALTO,https://www.crunchbase.com/organization/rialto,Belgium,51.0538286,3.7250121,2015,1.0,False,False,False,False,False,False,False,False,False,True,False,False,True,False,0,1,2,1.0,0.045421,2015-05-02,2015-05-02,Seed,2015,163.0,False,False,True,True,3.0,16.0,False,False,False,False,True,False,False,False,False,False,False,False,0,0,False,False,False,False,False,False,False,False,False,False,False,False,False,False,False,0,0.0,False,False,False,True,True,False,False,False,False,False,False,True,True,52,1,True,13,7,0.5384615384615384,0.4307829160924542,0.04958265241978795,0.27344615651506166,0.27344615651506166,0.27344615651506166,0.27344615651506166,0.27344615651506166,0.27344615651506166,0.27344615651506166,0.27344615651506166,0.27344615651506166,0.0,0.0,0.0,2.31,4.61512051684126,False,False,False,False,False,False,,,0,0,0,0,0,0,0,0,0,0,0,0
3912,Ectosense,https://www.crunchbase.com/organization/ectosense,Belgium,50.9514713,4.7094054,2015,2.0,True,False,False,False,False,False,False,True,False,False,False,False,False,False,3,1,1,0.0,0.0,2018-09-09,2018-09-09,Seed,2018,16.0,True,,False,,24.0,3.0,False,,False,,False,,False,,False,,False,,0,0,False,,False,True,,True,,True,,False,,False,,False,,1,,True,,True,True,,False,False,False,False,False,False,True,True,71,1,True,6,1,0.1666666666666666,0.1541506798272582,0.027665735007971856,0.04502351303607562,0.04502351303607562,0.04502351303607562,0.04502351303607562,0.04502351303607562,0.04502351303607562,0.0,0.0,0.0,0.0,0.0,0.0,2.31,5.707110264748875,False,False,False,False,False,False,,,0,0,0,0,0,0,1,0,1,0,1,0
3926,Rein4ced,https://www.crunchbase.com/organization/rein4ced,Belgium,50.9123956,4.6517402,2015,2.0,True,False,False,False,True,False,False,False,False,False,False,False,False,False,2,1,3,0.0,0.0,2017-12-15,2017-12-15,Seed,2017,25.333333333333332,True,,False,,37.7,3.7,True,,False,,False,,False,,True,,False,,1,0,True,,False,True,,True,,True,,True,,True,,True,,3,,True,,True,True,,False,False,False,False,False,False,True,True,72,1,True,6,1,0.1666666666666666,0.1541506798272582,0.022287349025024154,0.03142713374191908,0.005063609147351578,0.06693044305338153,0.005063609147351578,0.03142713374191908,0.06693044305338153,0.0,0.0,0.0,0.050375104186521635,0.024794310156501468,0.07176563811164001,2.31,5.303304908059076,False,False,False,False,False,False,,,1,0,2,0,2,0,2,0,3,0,3,0
3738,A-Mansia Biotech,https://www.crunchbase.com/organization/a-mansia-biotech,Belgium,50.91667,4.58333,2016,1.0,True,True,False,False,True,False,False,True,False,False,False,False,False,False,2,1,1,0.0,0.276,2018-09-10,2018-09-10,Seed,2018,35.0,False,,True,,1.0,4.0,True,,False,,False,,False,,False,,False,,0,0,False,,False,False,,False,,False,,False,,False,,False,,0,,False,,False,True,,False,False,False,False,False,False,True,True,66,1,True,11,2,0.1818181818181818,0.1670540846631661,0.01802371212266581,0.1633435263312237,0.1633435263312237,0.1633435263312237,0.1633435263312237,0.1633435263312237,0.1633435263312237,0.0,0.0,0.0,0.0,0.0,0.0,1.97,5.707110264748875,False,False,False,False,False,False,,,0,0,0,0,0,0,0,0,0,0,0,0
3779,Smovin,https://www.crunchbase.com/organization/smovin,Belgium,50.7313729,4.4893987,2016,3.0,True,True,False,False,False,False,False,False,False,False,False,False,True,False,2,1,1,0.0,1.225495,2018-11-23,2018-11-23,Seed,2018,50.0,True,,False,,2.0,0.0,False,,False,,True,,False,,False,,False,,0,0,False,,False,True,,True,,True,,True,,False,,False,,1,,True,,True,False,,False,False,False,False,False,False,True,True,55,0,False,4,0,0.0,0.0,0.016054287500344443,0.03569546516382796,0.03569546516382796,0.03569546516382796,0.03569546516382796,0.03569546516382796,0.03569546516382796,0.0,0.0,0.0,0.0,0.0,0.0,1.97,5.707110264748875,False,False,False,False,False,False,,,0,0,0,0,1,0,1,0,1,0,1,0
3725,Sensifai,https://www.crunchbase.com/organization/sensifai,Belgium,50.8465573,4.351697,2016,3.0,True,True,False,False,True,False,False,False,False,True,True,False,False,False,1,1,2,1.0,0.985,2017-09-12,2017-09-12,Seed,2017,218.0,False,False,True,True,5.5,281.5,False,False,True,True,True,True,False,False,False,False,True,False,0,0,False,False,False,False,False,False,False,False,False,False,False,False,False,False,False,0,0.0,False,False,False,False,False,True,True,True,True,False,False,False,False,76,0,False,44,6,0.1363636363636363,0.1278333715098848,0.0,8.35060712771695,7.822941603055545,8.878272652378357,8.878272652378357,8.878272652378357,8.878272652378357,7.822941603055545,7.822941603055545,7.822941603055545,1.5022976628921332,1.5022976628921332,1.5022976628921332,1.97,5.303304908059076,False,False,False,False,False,False,,,0,0,0,0,0,0,0,0,0,0,0,0
3803,sympl,https://www.crunchbase.com/organization/sympl-2,Belgium,51.2211097,4.3997081,2016,2.0,True,False,False,False,True,False,False,False,False,True,True,False,False,False,1,1,1,1.0,1.228343,2017-06-21,2017-06-21,Seed,2017,13.0,True,True,False,False,1.0,1.0,True,True,False,False,False,False,False,False,False,False,False,False,0,0,False,False,False,True,True,True,True,True,True,False,False,False,False,False,False,1,1.0,True,True,True,True,True,False,False,False,False,False,False,True,True,65,0,False,23,5,0.217391304347826,0.1967102942460541,0.04178341661806711,0.041783416618066886,0.041783416618066886,0.041783416618066886,0.0,0.0,0.0,0.041783416618066886,0.041783416618066886,0.041783416618066886,0.0,0.0,0.0,1.97,5.303304908059076,False,False,False,False,False,False,,,0,0,0,0,0,0,1,1,1,1,1,1
3809,Aerosint,https://www.crunchbase.com/organization/aerosint,Belgium,50.6450944,5.5736112,2016,2.0,True,False,False,True,True,False,False,False,False,True,False,False,False,False,1,1,2,1.0,0.31827,2017-02-20,2017-02-20,Seed,2017,42.0,True,True,False,False,17.0,4.0,True,True,False,False,False,False,False,False,False,False,False,False,1,0,True,False,False,True,True,True,False,True,False,True,False,True,False,True,False,2,1.0,True,True,True,True,True,False,False,False,False,False,False,True,True,27,0,False,10,3,0.3,0.262364264467491,0.0888431813418539,0.04442159067092699,0.0,0.08884318134185398,0.0,0.0,0.0,0.08884318134185398,0.08884318134185398,0.08884318134185398,0.08884318134185398,0.08884318134185398,0.08884318134185398,1.97,5.303304908059076,True,False,False,True,True,True,2021-07-12,5.0,1,0,1,0,1,0,1,0,1,0,2,1
3815,Hammer-IMS,https://www.crunchbase.com/organization/hammer-ims,Belgium,50.9303735,5.3378043,2016,2.0,True,False,False,False,True,False,False,False,False,False,False,False,False,False,0,1,1,0.0,0.898069,2016-09-28,2016-09-28,Seed,2016,74.0,True,,False,,22.0,15.0,True,,False,,False,,False,,False,,False,,1,0,True,,True,True,,True,,True,,True,,True,,True,,1,,True,,True,False,,False,False,False,False,False,False,True,True,31,0,False,3,1,0.3333333333333333,0.2876820724517809,0.06979532034143153,0.0,0.0,0.0,0.0,0.0,0.0,0.0,0.0,0.0,0.0,0.0,0.0,1.97,5.303304908059076,False,False,False,False,False,False,,,1,0,1,0,1,0,1,0,1,0,1,0
3818,Pootsy,https://www.crunchbase.com/organization/pootsy,Belgium,50.7313729,4.4893987,2016,2.0,False,True,False,False,False,True,False,False,False,True,False,False,False,False,2,1,2,0.0,0.543,2018-01-04,2018-01-04,Seed,2018,29.5,True,,False,,3.0,3.5,False,,False,,False,,False,,False,,False,,0,0,False,,False,True,,False,,False,,False,,False,,False,,2,,True,,True,False,,False,False,False,False,False,False,True,True,55,0,False,4,0,0.0,0.0,0.016054287500344443,0.07697832367770402,0.07697832367770402,0.07697832367770402,0.07697832367770402,0.07697832367770402,0.07697832367770402,0.0,0.0,0.0,0.0,0.0,0.0,1.97,5.707110264748875,False,False,False,False,False,False,,,0,0,0,0,0,0,0,0,0,0,2,0
3720,Sweepatic,https://www.crunchbase.com/organization/sweepatic,Belgium,50.879202,4.7011675,2016,1.0,True,False,False,False,False,False,False,False,True,True,False,False,False,False,2,1,1,1.0,0.0,2018-04-17,2018-04-17,Series A,2018,70.0,False,False,True,True,3.0,12.0,True,True,False,False,False,False,False,False,False,False,False,False,0,0,False,False,False,False,False,False,False,False,False,False,False,False,False,False,False,0,0.0,False,False,False,True,True,False,False,False,False,False,False,True,True,74,1,True,11,1,0.0909090909090909,0.0870113769896297,0.02479431015650143,0.4412767260200065,0.4412767260200065,0.4412767260200065,0.0,0.0,0.0,0.4412767260200065,0.4412767260200065,0.4412767260200065,0.0,0.0,0.0,1.97,5.707110264748875,True,False,True,True,True,True,2023-06-07,7.0,0,0,0,0,0,0,0,0,0,0,0,0
3593,Loop Earplugs,https://www.crunchbase.com/organization/loop-earplugs,Belgium,51.2211097,4.3997081,2016,2.0,False,False,False,False,True,True,False,True,False,True,False,False,False,False,4,1,1,1.0,1.123753,2020-07-02,2020-07-02,Seed,2020,13.0,True,True,False,False,1.0,0.0,False,False,False,False,False,False,False,False,False,False,False,False,0,0,False,False,False,True,True,True,True,False,False,False,False,False,False,False,False,1,1.0,True,True,True,True,True,False,False,False,False,False,False,True,True,65,0,False,23,5,0.217391304347826,0.1967102942460541,0.04178341661806711,0.0530691634269495,0.0530691634269495,0.0530691634269495,0.0,0.0,0.0,0.0530691634269495,0.0530691634269495,0.0530691634269495,0.0,0.0,0.0,1.97,6.2166061010848646,False,False,False,False,False,False,,,0,0,0,0,0,0,0,0,1,1,1,1
3597,intigriti,https://www.crunchbase.com/organization/intigriti,Belgium,51.2211097,4.3997081,2016,1.0,True,False,False,False,False,False,False,False,False,True,False,False,False,False,1,1,1,0.0,0.0,2017-03-22,2017-03-22,Series B,2017,14.0,True,,False,,2.0,2.0,True,,False,,False,,False,,False,,False,,1,0,True,,True,True,,True,,True,,True,,True,,True,,1,,True,,True,False,,False,False,False,False,False,False,True,True,65,0,False,23,5,0.217391304347826,0.1967102942460541,0.04178341661806711,0.0,0.0,0.0,0.0,0.0,0.0,0.0,0.0,0.0,0.0,0.0,0.0,1.97,5.303304908059076,False,False,True,False,True,True,,,1,0,1,0,1,0,1,0,1,0,1,0
3604,Qover,https://www.crunchbase.com/organization/qover,Belgium,50.8465573,4.351697,2016,2.0,True,True,False,False,True,False,False,False,True,False,False,False,False,False,0,1,2,2.0,1.703556,2016-04-19,2016-04-19,Series C,2016,5.5,True,True,False,False,3.0,1.0,False,False,False,False,False,False,False,False,False,False,False,False,2,2,True,True,True,True,True,True,True,True,True,True,True,True,True,True,True,2,2.0,True,True,True,True,True,False,False,False,False,False,False,True,True,76,0,False,44,5,0.1136363636363636,0.1076306641923654,0.0,0.0,0.0,0.0,0.0,0.0,0.0,0.0,0.0,0.0,0.0,0.0,0.0,1.97,5.303304908059076,False,True,True,True,True,True,,,2,2,2,2,2,2,2,2,2,2,2,2
3617,Awell Health,https://www.crunchbase.com/organization/awell-health,Belgium,50.8465573,4.351697,2016,1.0,True,True,False,False,False,False,False,True,False,False,False,False,False,False,4,2,4,2.0,7.415659,2020-09-23,2023-09-19,Seed,2020,197.25,False,False,True,True,7.2,45.2,True,False,True,True,False,False,False,False,True,True,False,False,0,0,False,False,False,False,False,False,False,False,False,False,False,False,False,False,False,0,0.0,False,False,False,True,True,False,False,False,False,True,False,True,True,76,0,False,44,6,0.1363636363636363,0.1278333715098848,0.0,0.4025421203307117,0.31710701594942203,0.6501638269462,0.31710701594942203,0.483635421447811,0.6501638269462,0.32144881921361235,0.32144881921361235,0.32144881921361235,0.5941582263099469,0.0,0.9326577677712301,1.97,6.2166061010848646,False,False,False,False,False,False,,,0,0,0,0,0,0,0,0,0,0,0,0
3661,Nodalview,https://www.crunchbase.com/organization/nodalview,Belgium,50.8465573,4.351697,2016,1.0,True,True,False,False,True,False,False,False,False,True,True,False,True,False,3,1,1,1.0,1.875864,2019-09-05,2019-09-05,Venture - Series Unknown,2019,43.0,True,True,False,False,5.0,6.0,False,False,False,False,False,False,False,False,False,False,False,False,0,0,False,False,False,True,True,True,True,True,True,False,False,False,False,False,False,1,1.0,True,True,True,False,False,False,False,False,False,False,False,True,True,76,0,False,44,6,0.1363636363636363,0.1278333715098848,0.0,0.049582652419787716,0.049582652419787716,0.049582652419787716,0.0,0.0,0.0,0.049582652419787716,0.049582652419787716,0.049582652419787716,0.0,0.0,0.0,1.97,5.993961427306569,False,False,True,False,True,True,,,0,0,0,0,0,0,1,1,1,1,1,1
3664,Sitemark,https://www.crunchbase.com/organization/sitemark,Belgium,50.879202,4.7011675,2016,3.0,True,False,True,False,True,True,False,False,False,True,False,True,False,False,2,1,1,1.0,1.162021,2018-06-15,2018-06-15,Series A,2018,2.0,True,True,False,False,1.0,0.0,True,True,False,False,False,False,False,False,False,False,False,False,0,0,False,False,False,True,True,True,True,True,True,True,True,False,False,False,False,1,1.0,True,True,True,True,True,False,False,False,False,False,False,True,True,74,1,True,11,2,0.1818181818181818,0.1670540846631661,0.02479431015650143,0.03195449800339353,0.03195449800339353,0.03195449800339353,0.0,0.0,0.0,0.03195449800339353,0.03195449800339353,0.03195449800339353,0.0,0.0,0.0,1.97,5.707110264748875,False,False,True,False,True,True,,,0,0,0,0,1,1,1,1,1,1,1,1
3677,Morrow Optics,https://www.crunchbase.com/organization/morrow-optics,Belgium,51.0538286,3.7250121,2016,2.0,True,False,False,False,True,True,False,True,False,False,False,False,False,False,0,1,1,0.0,1.559367,2016-07-01,2016-07-01,Venture - Series Unknown,2016,35.0,False,,True,,4.0,9.0,False,,False,,False,,False,,True,,False,,0,0,False,,False,False,,False,,False,,False,,False,,False,,0,,False,,False,False,,True,True,True,True,False,False,False,False,52,1,True,14,7,0.5,0.4054651081081644,0.04958265241978795,6.502497075083864,6.502497075083864,6.502497075083864,6.502497075083864,6.502497075083864,6.502497075083864,0.0,0.0,0.0,0.0,0.0,0.0,1.97,5.303304908059076,False,False,True,False,True,True,,,0,0,0,0,0,0,0,0,0,0,0,0
3689,myskillcamp,https://www.crunchbase.com/organization/myskillcamp,Belgium,50.6056458,3.3878179,2016,2.0,True,False,False,False,False,True,False,False,False,True,False,False,False,False,1,2,3,2.0,1.134265,2017-12-20,2018-12-04,Series A,2017,34.666666666666664,True,True,True,True,2.3,1.0,False,False,False,False,True,False,False,False,False,False,False,False,0,0,False,False,False,True,True,False,False,False,False,False,False,False,False,False,False,3,2.0,True,True,True,True,True,False,False,False,False,False,False,True,True,17,0,False,1,0,0.0,0.0,0.07294324748306467,0.10107407864669016,0.07120063417918829,0.15424430069727618,0.07777730106360603,0.07777730106360603,0.07777730106360603,0.07120063417918829,0.11272246743823225,0.15424430069727618,0.07409804312131972,0.04821881762054797,0.09014960839536725,1.97,5.303304908059076,False,False,True,False,True,True,,,0,0,0,0,0,0,0,0,0,0,2,1
3825,ALX Systems,https://www.crunchbase.com/organization/alx-systems,Belgium,50.6450944,5.5736112,2016,1.0,True,False,False,False,True,False,False,False,False,False,False,False,False,False,2,2,2,0.0,0.937767,2018-06-06,2019-03-14,Seed,2018,38.5,True,,False,,2.5,3.0,False,,False,,True,,False,,False,,False,,1,0,True,,False,True,,True,,True,,True,,True,,True,,2,,True,,True,False,,False,False,False,False,False,False,True,True,27,0,False,10,4,0.4,0.3364722366212129,0.0888431813418539,0.04196285167402197,0.0,0.08392570334804395,0.0,0.04196285167402197,0.08392570334804395,0.0,0.0,0.0,0.08392570334804395,0.08392570334804395,0.08392570334804395,1.97,5.707110264748875,False,False,False,False,False,False,,,1,0,1,0,1,0,1,0,1,0,2,0
3827,SweepBright,https://www.crunchbase.com/organization/sweepbright,Belgium,51.2211097,4.3997081,2016,2.0,True,False,False,False,False,False,False,False,True,True,True,False,True,False,0,3,3,3.0,4.787799,2016-01-01,2018-10-17,Series A,2016,22.75,True,True,False,False,4.3,3.0,False,False,False,False,False,False,False,False,False,False,False,False,0,0,False,False,False,True,True,True,True,False,False,False,False,False,False,False,False,4,4.0,True,True,True,False,False,False,False,False,False,False,False,True,True,65,0,False,23,5,0.217391304347826,0.1967102942460541,0.04178341661806711,0.057250276514814714,0.05061486769299237,0.07715650298028176,0.0,0.0,0.0,0.05061486769299237,0.057250276514814714,0.07715650298028176,0.013827251506488007,0.0,0.027654503012976017,1.97,5.303304908059076,False,False,True,False,True,True,,,0,0,0,0,0,0,0,0,3,3,4,4
3935,PANORA.ME,https://www.crunchbase.com/organization/panora-me,Belgium,50.8465573,4.351697,2016,2.0,False,True,False,False,False,True,False,False,False,True,True,False,False,False,1,1,1,1.0,0.0,2017-01-01,2017-01-01,Seed,2017,32.0,True,True,False,False,3.0,1.0,False,False,False,False,False,False,False,False,False,False,False,False,0,0,False,False,False,True,True,False,False,False,False,False,False,False,False,False,False,1,1.0,True,True,True,False,False,False,False,False,False,False,False,True,True,76,0,False,44,6,0.1363636363636363,0.1278333715098848,0.0,0.08884318134185398,0.08884318134185398,0.08884318134185398,0.0,0.0,0.0,0.08884318134185398,0.08884318134185398,0.08884318134185398,0.0,0.0,0.0,1.97,5.303304908059076,False,False,False,False,False,False,,,0,0,0,0,0,0,0,0,0,0,1,1
3942,X4C,https://www.crunchbase.com/organization/x4c,Belgium,50.8465573,4.351697,2016,1.0,True,True,False,False,True,False,False,True,False,False,False,False,False,False,0,1,3,1.0,0.0,2016-07-13,2016-07-13,Seed,2016,23.666666666666668,True,True,False,False,12.0,4.0,True,False,False,False,False,False,False,False,False,False,False,False,2,1,True,True,False,True,True,True,True,True,True,True,True,True,True,True,True,3,1.0,True,True,True,True,True,False,False,False,False,False,False,True,True,76,0,False,44,6,0.1363636363636363,0.1278333715098848,0.0,0.014248000007364788,0.0,0.04274400002209436,0.0,0.02137200001104718,0.04274400002209436,0.0,0.0,0.0,0.028496000014729576,0.0,0.04274400002209436,1.97,5.303304908059076,False,False,False,False,False,False,,,2,1,2,1,2,1,3,1,3,1,3,1
3948,Healthbit,https://www.crunchbase.com/organization/healthbit,Belgium,51.1548066,4.4458312,2016,2.0,True,False,False,False,False,False,False,True,False,True,False,False,False,False,1,1,1,0.0,0.0,2017-06-13,2017-06-13,Seed,2017,211.0,False,,True,,6.0,13.0,True,,True,,True,,False,,False,,False,,0,0,False,,False,False,,False,,False,,False,,False,,False,,0,,False,,False,True,,False,False,False,False,False,False,True,True,66,0,False,24,5,0.2083333333333333,0.1892419996385283,0.03490297434426023,0.13890813359571283,0.13890813359571283,0.13890813359571283,0.13890813359571283,0.13890813359571283,0.13890813359571283,0.0,0.0,0.0,0.0,0.0,0.0,1.97,5.303304908059076,False,False,False,False,False,False,,,0,0,0,0,0,0,0,0,0,0,0,0
3951,Kamoon,https://www.crunchbase.com/organization/kamoon,Belgium,50.8465573,4.351697,2016,3.0,False,True,False,False,True,True,True,False,False,True,False,False,False,False,0,1,1,0.0,0.0,2016-05-25,2016-05-25,Seed,2016,9.0,True,,False,,3.0,2.0,False,,False,,False,,False,,False,,False,,1,0,True,,True,True,,True,,True,,True,,True,,True,,1,,True,,True,True,,False,False,False,False,False,False,True,True,76,0,False,44,6,0.1363636363636363,0.1278333715098848,0.0,0.0,0.0,0.0,0.0,0.0,0.0,0.0,0.0,0.0,0.0,0.0,0.0,1.97,5.303304908059076,False,False,False,False,False,False,,,1,0,1,0,1,0,1,0,1,0,1,0
3954,Mimesys,https://www.crunchbase.com/organization/mimesys,Belgium,50.9303735,5.3378043,2016,1.0,True,False,False,False,False,False,False,False,False,True,False,False,False,False,0,1,1,0.0,0.0,2016-09-01,2016-09-01,Seed,2016,74.0,True,,False,,22.0,15.0,True,,False,,False,,False,,False,,False,,1,0,True,,True,True,,True,,True,,True,,True,,True,,1,,True,,True,False,,False,False,False,False,False,False,True,True,31,0,False,3,0,0.0,0.0,0.06979532034143153,0.0,0.0,0.0,0.0,0.0,0.0,0.0,0.0,0.0,0.0,0.0,0.0,1.97,5.303304908059076,True,False,False,True,True,True,2019-05-16,3.0,1,0,1,0,1,0,1,0,1,0,1,0
3877,Inseetu,https://www.crunchbase.com/organization/inseetu,Belgium,50.6365628,4.6127019,2016,2.0,True,False,False,False,False,False,False,False,False,False,False,False,True,False,2,1,1,0.0,0.113927,2018-11-29,2018-11-29,Seed,2018,50.0,True,,False,,2.0,0.0,False,,False,,True,,False,,False,,False,,0,0,False,,False,True,,True,,True,,True,,True,,False,,1,,True,,True,False,,False,False,False,False,False,False,True,True,56,0,False,9,1,0.1111111111111111,0.1053605156578263,0.029707630437411717,0.027693782846145022,0.027693782846145022,0.027693782846145022,0.027693782846145022,0.027693782846145022,0.027693782846145022,0.0,0.0,0.0,0.0,0.0,0.0,1.97,5.707110264748875,False,False,False,False,False,False,,,0,0,1,0,1,0,1,0,1,0,1,0
3835,OneHouseStand,https://www.crunchbase.com/organization/onehousestand-d723,Belgium,50.7175395,4.3977588,2016,2.0,False,True,False,False,False,True,False,False,False,True,True,False,False,False,2,1,2,0.0,0.615664,2018-04-01,2018-04-01,Seed,2018,38.5,True,,False,,2.0,3.0,False,,False,,True,,False,,False,,False,,0,0,False,,False,True,,True,,True,,True,,False,,False,,2,,True,,True,False,,False,False,False,False,False,False,True,True,55,0,False,4,0,0.0,0.0,0.014707089351511795,0.058706479904765504,0.03417635096493289,0.0832366088445981,0.03417635096493289,0.058706479904765504,0.0832366088445981,0.0,0.0,0.0,0.08392570334804395,0.08392570334804395,0.08392570334804395,1.97,5.707110264748875,False,False,False,False,False,False,,,0,0,0,0,1,0,1,0,1,0,2,0
3846,Look Live Media,https://www.crunchbase.com/organization/look-4,Belgium,50.8465573,4.351697,2016,1.0,True,True,False,False,False,False,False,False,False,True,True,False,False,False,0,2,2,0.0,0.525943,2016-03-01,2018-04-01,Seed,2016,18.333333333333332,True,,False,,2.0,4.7,False,,False,,False,,False,,True,,False,,2,0,True,,False,True,,True,,True,,True,,True,,True,,3,,True,,True,True,,False,False,False,False,False,False,True,True,76,0,False,44,5,0.1136363636363636,0.1076306641923654,0.0,0.02961439378061799,0.0,0.08884318134185398,0.0,0.02961439378061799,0.08884318134185398,0.0,0.0,0.0,0.05922878756123598,0.0,0.08884318134185398,1.97,5.303304908059076,True,False,False,True,True,True,2021-01-05,5.0,2,0,2,0,2,0,2,0,2,0,3,0
3854,Tafsquare,https://www.crunchbase.com/organization/tafsquare,Belgium,50.4116233,4.444528,2016,2.0,True,False,False,False,False,False,False,False,False,False,False,False,True,False,1,1,1,0.0,0.109085,2017-04-26,2017-04-26,Seed,2017,50.0,True,,False,,1.0,0.0,False,,False,,True,,False,,False,,False,,1,0,True,,True,True,,True,,True,,True,,True,,True,,1,,True,,True,False,,False,False,False,False,False,False,True,True,43,0,False,1,0,0.0,0.0,0.04880369047880584,0.0,0.0,0.0,0.0,0.0,0.0,0.0,0.0,0.0,0.0,0.0,0.0,1.97,5.303304908059076,False,False,False,False,False,False,,,1,0,1,0,1,0,1,0,1,0,1,0
3855,Piximate,https://www.crunchbase.com/organization/piximate,Belgium,50.91667,4.58333,2016,2.0,True,True,False,False,True,False,False,False,False,True,True,False,False,False,2,1,1,0.0,0.121706,2018-04-25,2018-04-25,Seed,2018,50.0,True,,False,,2.0,0.0,False,,False,,True,,False,,False,,False,,0,0,False,,False,True,,True,,False,,False,,False,,False,,1,,True,,True,False,,False,False,False,False,False,False,True,True,66,1,True,11,2,0.1818181818181818,0.1670540846631661,0.01802371212266581,0.05700436706438901,0.05700436706438901,0.05700436706438901,0.05700436706438901,0.05700436706438901,0.05700436706438901,0.0,0.0,0.0,0.0,0.0,0.0,1.97,5.707110264748875,False,False,False,False,False,False,,,0,0,0,0,0,0,0,0,1,0,1,0
3862,Talundra,https://www.crunchbase.com/organization/talundra,Belgium,50.8465573,4.351697,2016,1.0,False,True,False,False,True,True,False,False,False,False,False,False,False,False,3,1,1,0.0,0.11185,2019-05-23,2019-05-23,Seed,2019,50.0,True,,False,,3.0,0.0,False,,False,,True,,False,,False,,False,,0,0,False,,False,True,,True,,True,,False,,False,,False,,1,,True,,True,False,,False,False,False,False,False,False,True,True,76,0,False,44,6,0.1363636363636363,0.1278333715098848,0.0,0.048803690478805825,0.048803690478805825,0.048803690478805825,0.048803690478805825,0.048803690478805825,0.048803690478805825,0.0,0.0,0.0,0.0,0.0,0.0,1.97,5.993961427306569,False,False,False,False,False,False,,,0,0,0,0,0,0,1,0,1,0,1,0
3865,Drone TechniXX,https://www.crunchbase.com/organization/drone-technixx,Belgium,50.8465573,4.351697,2016,1.0,True,True,False,False,False,True,False,False,False,True,False,False,True,False,1,1,1,0.0,0.116113,2017-11-06,2017-11-06,Seed,2017,50.0,True,,False,,1.0,0.0,False,,False,,True,,False,,False,,False,,0,0,False,,False,True,,True,,True,,False,,False,,False,,1,,True,,True,False,,False,False,False,False,False,False,True,True,76,0,False,44,6,0.1363636363636363,0.1278333715098848,0.0,0.048803690478805825,0.048803690478805825,0.048803690478805825,0.048803690478805825,0.048803690478805825,0.048803690478805825,0.0,0.0,0.0,0.0,0.0,0.0,1.97,5.303304908059076,False,False,False,False,False,False,,,0,0,0,0,0,0,1,0,1,0,1,0
3870,2wappi Engineering,https://www.crunchbase.com/organization/2wappi-engineering,Belgium,50.6056458,3.3878179,2016,1.0,True,False,False,False,True,False,False,False,False,True,False,False,False,False,1,1,1,0.0,0.094163,2017-06-08,2017-06-08,Seed,2017,50.0,True,,False,,1.0,0.0,False,,False,,True,,False,,False,,False,,0,0,False,,False,True,,False,,False,,False,,False,,False,,1,,True,,True,False,,False,False,False,False,False,False,True,True,17,0,False,1,0,0.0,0.0,0.07294324748306467,0.07777730106360603,0.07777730106360603,0.07777730106360603,0.07777730106360603,0.07777730106360603,0.07777730106360603,0.0,0.0,0.0,0.0,0.0,0.0,1.97,5.303304908059076,False,False,False,False,False,False,,,0,0,0,0,0,0,0,0,0,0,1,0
3874,Spacefeeling,https://www.crunchbase.com/organization/spacefeeling,Belgium,50.8465573,4.351697,2016,2.0,False,True,False,False,True,False,False,False,False,False,False,False,True,False,2,1,1,0.0,0.17496,2018-07-12,2018-07-12,Seed,2018,50.0,True,,False,,2.0,0.0,False,,False,,True,,False,,False,,False,,0,0,False,,False,True,,True,,True,,False,,False,,False,,1,,True,,True,False,,False,False,False,False,False,False,True,True,76,0,False,44,6,0.1363636363636363,0.1278333715098848,0.0,0.048803690478805825,0.048803690478805825,0.048803690478805825,0.048803690478805825,0.048803690478805825,0.048803690478805825,0.0,0.0,0.0,0.0,0.0,0.0,1.97,5.707110264748875,False,False,False,False,False,False,,,0,0,0,0,0,0,1,0,1,0,1,0
3595,Cowboy,https://www.crunchbase.com/organization/cowboy,Belgium,50.8465573,4.351697,2017,3.0,False,True,False,False,True,False,False,False,False,True,False,False,False,False,0,3,4,2.0,5.356265,2017-07-30,2018-04-24,Venture - Series Unknown,2017,176.0,False,False,True,True,6.2,58.0,False,False,True,True,False,False,False,False,True,True,False,False,0,0,False,False,False,False,False,False,False,False,False,False,False,False,False,False,False,0,0.0,False,False,False,True,True,True,True,True,False,False,False,True,False,76,0,False,58,7,0.1206896551724138,0.1139442593492177,0.0,2.0098618981075025,0.26406959986596473,8.878272652378357,0.26406959986596473,0.3023224127643965,0.32144881921361235,0.26406959986596473,4.57117112612216,8.878272652378357,3.65099780379851,0.0,8.953058873364853,2.84,5.303304908059076,False,True,True,True,True,True,,,0,0,0,0,0,0,0,0,0,0,0,0
3611,Accountable,https://www.crunchbase.com/organization/accountable-eu,Belgium,50.8465573,4.351697,2017,2.0,False,True,False,False,False,False,False,False,True,False,False,False,False,False,1,1,1,1.0,2.2647,2018-12-11,2018-12-11,Series A,2018,7.0,False,False,True,True,0.0,0.0,False,False,False,False,False,False,False,False,False,False,False,False,0,0,False,False,False,False,False,False,False,False,False,False,False,False,False,False,False,0,0.0,False,False,False,False,False,True,True,True,True,False,False,False,False,76,0,False,58,8,0.1379310344827586,0.1292117314800061,0.0,9.032597803393667,9.032597803393667,9.032597803393667,0.0,0.0,0.0,9.032597803393667,9.032597803393667,9.032597803393667,0.0,0.0,0.0,2.84,5.707110264748875,False,False,True,False,True,True,,,0,0,0,0,0,0,0,0,0,0,0,0
3630,Apicbase,https://www.crunchbase.com/organization/apic,Belgium,51.2211097,4.3997081,2017,4.0,True,False,False,False,False,False,True,False,False,True,True,False,False,False,0,2,2,2.0,1.694172,2017-06-29,2019-06-20,Series A,2017,30.5,True,True,True,True,16.0,8.0,False,False,False,False,False,False,True,True,False,False,False,False,0,0,False,False,False,True,True,False,False,False,False,False,False,False,False,False,False,1,1.0,True,True,False,True,True,False,False,False,False,False,False,True,True,65,0,False,24,5,0.2083333333333333,0.1892419996385283,0.04178341661806711,0.1027878053123882,0.07307711809691768,0.1324984925278587,0.0,0.0,0.0,0.07307711809691768,0.1027878053123882,0.1324984925278587,0.16333646968648535,0.16333646968648535,0.16333646968648535,2.84,5.303304908059076,False,False,True,False,True,True,,,0,0,0,0,0,0,0,0,0,0,1,1
3808,BeInfluence,https://www.crunchbase.com/organization/beinfluence,Belgium,50.8465573,4.351697,2017,1.0,True,True,False,False,False,False,False,False,False,False,True,False,False,False,2,1,1,0.0,0.523477,2019-03-26,2019-03-26,Seed,2019,50.0,True,,False,,3.0,0.0,False,,False,,True,,False,,False,,False,,0,0,False,,False,True,,True,,True,,False,,False,,False,,1,,True,,True,False,,False,False,False,False,False,False,True,True,76,0,False,58,8,0.1379310344827586,0.1292117314800061,0.0,0.048803690478805825,0.048803690478805825,0.048803690478805825,0.048803690478805825,0.048803690478805825,0.048803690478805825,0.0,0.0,0.0,0.0,0.0,0.0,2.84,5.993961427306569,False,False,False,False,False,False,,,0,0,0,0,0,0,1,0,1,0,1,0
3817,Faqbot,https://www.crunchbase.com/organization/faqbot,Belgium,50.8465573,4.351697,2017,1.0,True,True,False,False,True,False,False,False,False,True,False,False,False,False,1,1,1,0.0,0.376611,2018-01-10,2018-01-10,Seed,2018,27.0,True,,False,,2.0,6.0,False,,False,,False,,False,,False,,False,,0,0,False,,False,True,,False,,False,,False,,False,,False,,1,,True,,True,False,,False,False,False,False,False,False,True,True,76,0,False,58,7,0.1206896551724138,0.1139442593492177,0.0,0.08884318134185398,0.08884318134185398,0.08884318134185398,0.08884318134185398,0.08884318134185398,0.08884318134185398,0.0,0.0,0.0,0.0,0.0,0.0,2.84,5.707110264748875,True,False,False,True,True,True,2021-03-11,4.0,0,0,0,0,0,0,0,0,0,0,1,0
3822,MET3R,https://www.crunchbase.com/organization/met3r,Belgium,50.8465573,4.351697,2017,2.0,True,True,True,False,False,False,False,False,False,False,False,False,False,False,1,2,1,0.0,0.1,2018-09-01,2020-05-05,Seed,2018,392.0,False,,True,,20.0,7.0,False,,False,,False,,False,,False,,False,,0,0,False,,False,False,,False,,False,,False,,False,,False,,0,,False,,False,False,,False,False,False,False,False,False,True,True,76,0,False,58,8,0.1379310344827586,0.1292117314800061,0.0,1.1285795783985038,1.1285795783985038,1.1285795783985038,1.1285795783985038,1.1285795783985038,1.1285795783985038,0.0,0.0,0.0,0.0,0.0,0.0,2.84,5.707110264748875,False,False,False,False,False,False,,,0,0,0,0,0,0,0,0,0,0,0,0
3839,Shayp,https://www.crunchbase.com/organization/shayp,Belgium,50.8465573,4.351697,2017,3.0,True,True,False,True,False,False,False,False,True,True,False,True,True,False,3,1,3,1.0,2.307587,2020-12-03,2020-12-03,Seed,2020,14.666666666666666,True,False,True,True,12.7,0.7,False,False,False,False,False,False,False,False,False,False,False,False,1,0,True,False,False,True,False,True,False,True,False,True,False,True,False,True,False,2,0.0,True,False,False,True,True,False,False,False,False,True,False,True,True,76,0,False,58,8,0.1379310344827586,0.1292117314800061,0.0,0.23381196203478818,0.0,0.6501638269462,0.0,0.025636029579082297,0.05127205915816459,0.6501638269462,0.6501638269462,0.6501638269462,0.4648725841126118,0.05127205915816459,0.6931818662334706,2.84,6.2166061010848646,False,False,False,False,False,False,,,1,0,1,0,1,0,1,0,2,0,2,0
3843,Altheria Solutions,https://www.crunchbase.com/organization/altheria-solutions,Belgium,50.8465573,4.351697,2017,2.0,True,True,False,False,False,False,False,False,False,True,False,False,False,False,1,1,1,0.0,0.114328,2018-11-07,2018-11-07,Seed,2018,50.0,True,,False,,2.0,0.0,False,,False,,True,,False,,False,,False,,0,0,False,,False,True,,True,,True,,False,,False,,False,,1,,True,,True,False,,False,False,False,False,False,False,True,True,76,0,False,58,8,0.1379310344827586,0.1292117314800061,0.0,0.048803690478805825,0.048803690478805825,0.048803690478805825,0.048803690478805825,0.048803690478805825,0.048803690478805825,0.0,0.0,0.0,0.0,0.0,0.0,2.84,5.707110264748875,False,False,False,False,False,False,,,0,0,0,0,0,0,1,0,1,0,1,0
3848,Tipaw,https://www.crunchbase.com/organization/tipaw,Belgium,50.8465573,4.351697,2017,1.0,True,True,False,False,False,True,False,False,False,False,False,False,False,False,1,1,1,0.0,0.118203,2018-05-15,2018-05-15,Seed,2018,50.0,True,,False,,2.0,0.0,False,,False,,True,,False,,False,,False,,0,0,False,,False,True,,True,,True,,False,,False,,False,,1,,True,,True,False,,False,False,False,False,False,False,True,True,76,0,False,58,8,0.1379310344827586,0.1292117314800061,0.0,0.048803690478805825,0.048803690478805825,0.048803690478805825,0.048803690478805825,0.048803690478805825,0.048803690478805825,0.0,0.0,0.0,0.0,0.0,0.0,2.84,5.707110264748875,False,False,False,False,False,False,,,0,0,0,0,0,0,1,0,1,0,1,0
3856,Tooddoc,https://www.crunchbase.com/organization/tooddoc,Belgium,50.6108733,4.4510726,2017,2.0,False,False,False,False,False,False,False,True,False,True,False,False,False,False,2,1,1,0.0,0.114285,2019-03-20,2019-03-20,Seed,2019,50.0,True,,False,,3.0,0.0,False,,False,,True,,False,,False,,False,,0,0,False,,False,True,,True,,True,,True,,True,,False,,1,,True,,True,False,,False,False,False,False,False,False,True,True,55,0,False,1,0,0.0,0.0,0.027124232462650808,0.022160421805473198,0.022160421805473198,0.022160421805473198,0.022160421805473198,0.022160421805473198,0.022160421805473198,0.0,0.0,0.0,0.0,0.0,0.0,2.84,5.993961427306569,False,False,False,False,False,False,,,0,0,1,0,1,0,1,0,1,0,1,0
3872,Block0,https://www.crunchbase.com/organization/block0,Belgium,50.6180106,4.6953383,2017,1.0,True,False,False,False,False,False,False,False,False,False,False,False,False,False,1,1,1,0.0,0.114328,2018-11-07,2018-11-07,Seed,2018,50.0,True,,False,,2.0,0.0,False,,False,,True,,False,,False,,False,,0,0,False,,False,True,,True,,True,,True,,True,,False,,1,,True,,True,False,,False,False,False,False,False,False,True,True,56,0,False,10,1,0.1,0.0953101798043248,0.035082308618349656,0.029002694297322204,0.029002694297322204,0.029002694297322204,0.029002694297322204,0.029002694297322204,0.029002694297322204,0.0,0.0,0.0,0.0,0.0,0.0,2.84,5.707110264748875,False,False,False,False,False,False,,,0,0,1,0,1,0,1,0,1,0,1,0
3880,Fishtripr,https://www.crunchbase.com/organization/fishtripr,Belgium,50.8465573,4.351697,2017,3.0,False,True,False,True,False,True,False,False,False,False,False,True,False,False,2,1,2,0.0,0.859154,2019-02-11,2019-02-11,Seed,2019,41.0,True,,False,,4.0,0.5,False,,False,,True,,False,,False,,False,,0,0,False,,False,True,,True,,True,,False,,False,,False,,2,,True,,True,False,,False,False,False,False,False,False,True,True,76,0,False,58,8,0.1379310344827586,0.1292117314800061,0.0,0.06882343591032991,0.048803690478805825,0.08884318134185398,0.048803690478805825,0.06882343591032991,0.08884318134185398,0.0,0.0,0.0,0.08392570334804395,0.08392570334804395,0.08392570334804395,2.84,5.993961427306569,False,False,False,False,False,False,,,0,0,0,0,0,0,1,0,1,0,2,0
3881,Spentys,https://www.crunchbase.com/organization/spentys,Belgium,50.8465573,4.351697,2017,3.0,True,True,False,False,False,False,False,True,False,False,False,False,False,False,3,1,1,1.0,0.0,2020-04-01,2020-04-01,Seed,2020,82.0,False,False,True,True,23.0,5.0,False,False,False,False,False,False,False,False,False,False,False,False,0,0,False,False,False,False,False,False,False,False,False,False,False,False,False,False,False,0,0.0,False,False,False,True,True,False,False,False,False,True,True,True,True,76,0,False,58,8,0.1379310344827586,0.1292117314800061,0.0,0.4918112709441785,0.4918112709441785,0.4918112709441785,0.0,0.0,0.0,0.4918112709441785,0.4918112709441785,0.4918112709441785,0.0,0.0,0.0,2.84,6.2166061010848646,False,False,False,False,False,False,,,0,0,0,0,0,0,0,0,0,0,0,0
3802,Epihunter,https://www.crunchbase.com/organization/epihunter,Belgium,50.9303735,5.3378043,2017,3.0,True,False,False,False,False,False,False,True,False,True,False,False,False,False,0,1,1,1.0,0.0,2017-04-26,2017-04-26,Seed,2017,14.0,True,True,False,False,2.0,2.0,True,True,False,False,False,False,False,False,False,False,False,False,0,0,False,False,False,True,True,False,False,False,False,False,False,False,False,False,False,1,1.0,True,True,True,False,False,False,False,False,False,False,False,True,True,31,0,False,4,1,0.25,0.2231435513142097,0.06979532034143153,0.07307711809691768,0.07307711809691768,0.07307711809691768,0.0,0.0,0.0,0.07307711809691768,0.07307711809691768,0.07307711809691768,0.0,0.0,0.0,2.84,5.303304908059076,False,False,False,False,False,False,,,0,0,0,0,0,0,0,0,0,0,1,1
3684,StoryChief,https://www.crunchbase.com/organization/story-chief,Belgium,51.0538286,3.7250121,2017,3.0,True,False,False,False,False,False,False,False,False,True,True,False,False,False,1,2,2,1.0,2.163611,2018-09-27,2020-01-23,Venture - Series Unknown,2018,74.5,True,False,True,True,15.0,14.0,True,False,False,False,False,False,False,False,False,False,False,False,0,0,False,False,False,True,False,True,False,True,False,False,False,False,False,False,False,1,0.0,True,False,False,True,True,False,False,False,False,False,False,True,True,52,1,True,16,7,0.4375,0.3629054936893685,0.04958265241978795,0.10843731876582524,0.049582652419787716,0.1672919851118628,0.049582652419787716,0.049582652419787716,0.049582652419787716,0.1672919851118628,0.1672919851118628,0.1672919851118628,0.17379892707117045,0.17379892707117045,0.17379892707117045,2.84,5.707110264748875,False,False,True,False,True,True,,,0,0,0,0,0,0,1,0,1,0,1,0
3705,Gabi SmartCare,https://www.crunchbase.com/organization/gabi-smartcare,Belgium,50.6365628,4.6127019,2017,2.0,True,False,False,False,False,False,False,True,False,True,False,False,False,False,1,1,1,0.0,0.805635,2018-01-22,2018-01-22,Series A,2018,50.0,True,,False,,2.0,0.0,False,,False,,True,,False,,False,,False,,0,0,False,,False,True,,True,,True,,True,,True,,False,,1,,True,,True,False,,False,False,False,False,False,False,True,True,56,0,False,11,1,0.0909090909090909,0.0870113769896297,0.029707630437411717,0.027693782846145022,0.027693782846145022,0.027693782846145022,0.027693782846145022,0.027693782846145022,0.027693782846145022,0.0,0.0,0.0,0.0,0.0,0.0,2.84,5.707110264748875,False,False,True,False,True,True,,,0,0,1,0,1,0,1,0,1,0,1,0
3706,SmartEnds,https://www.crunchbase.com/organization/brighterbins,Belgium,51.0538286,3.7250121,2017,2.0,True,False,False,True,False,True,False,False,False,True,False,True,True,False,3,1,1,1.0,0.0,2020-05-26,2020-05-26,Pre-Seed,2020,93.0,False,False,True,True,3.0,4.0,True,True,False,False,True,True,False,False,False,False,False,False,0,0,False,False,False,False,False,False,False,False,False,False,False,False,False,False,False,0,0.0,False,False,False,True,True,False,False,False,False,False,False,True,True,52,1,True,16,7,0.4375,0.3629054936893685,0.04958265241978795,1.0850944910142308,1.0850944910142308,1.0850944910142308,0.0,0.0,0.0,1.0850944910142308,1.0850944910142308,1.0850944910142308,0.0,0.0,0.0,2.84,6.2166061010848646,False,False,False,False,False,False,,,0,0,0,0,0,0,0,0,0,0,0,0
3709,IVEX,https://www.crunchbase.com/organization/ivex,Belgium,50.8645908,4.6937736,2017,4.0,True,False,False,False,True,False,False,False,False,False,False,False,False,False,3,2,3,0.0,2.437587,2020-02-18,2023-02-23,Seed,2020,59.8,True,,True,,23.4,9.2,True,,False,,False,,False,,False,,False,,0,0,False,,False,True,,True,,True,,True,,True,,False,,4,,True,,False,True,,False,False,False,False,False,False,True,True,74,1,True,12,2,0.1666666666666666,0.1541506798272582,0.024095572405663575,0.07104683467147771,0.024095572405663537,0.17398044069822308,0.024095572405663537,0.07104683467147771,0.17398044069822308,0.0,0.0,0.0,0.09768810224596666,0.0,0.1878611105661697,2.84,6.2166061010848646,False,False,False,False,False,False,,,0,0,2,0,2,0,2,0,4,0,4,0
3722,Dog Chef,https://www.crunchbase.com/organization/dog-chef,Belgium,50.7880076,4.6022926,2017,1.0,False,True,False,False,True,True,True,False,False,False,False,False,False,False,3,1,1,1.0,1.21838,2020-12-24,2020-12-24,Series A,2020,22.0,True,True,False,False,4.0,2.0,False,False,False,False,False,False,False,False,False,False,False,False,0,0,False,False,False,True,True,True,True,True,True,True,True,True,True,True,True,1,1.0,True,True,True,True,True,False,False,False,False,False,False,True,True,58,1,True,2,0,0.0,0.0,0.018770182307023923,0.019979830961504443,0.019979830961504443,0.019979830961504443,0.0,0.0,0.0,0.019979830961504443,0.019979830961504443,0.019979830961504443,0.0,0.0,0.0,2.84,6.2166061010848646,False,False,True,False,True,True,,,1,1,1,1,1,1,1,1,1,1,1,1
3747,Elimity,https://www.crunchbase.com/organization/elimity,Belgium,51.0281381,4.4803453,2017,2.0,True,False,False,False,True,False,False,False,False,True,False,False,False,False,2,1,1,0.0,0.893076,2019-05-17,2019-05-17,Seed,2019,27.0,True,,False,,22.0,5.0,False,,False,,False,,False,,True,,False,,0,0,False,,False,True,,True,,True,,True,,True,,False,,1,,True,,True,False,,False,False,False,False,False,False,True,True,66,0,False,1,0,0.0,0.0,0.022111844184009858,0.02266100841357515,0.02266100841357515,0.02266100841357515,0.02266100841357515,0.02266100841357515,0.02266100841357515,0.0,0.0,0.0,0.0,0.0,0.0,2.84,5.993961427306569,False,False,False,False,False,False,,,0,0,1,0,1,0,1,0,1,0,1,0
3755,Seety (ex cPark),https://www.crunchbase.com/organization/cpark,Belgium,50.8465573,4.351697,2017,2.0,False,True,False,False,True,False,False,False,False,True,False,False,True,False,0,1,1,0.0,0.982404,2017-11-06,2017-11-06,Seed,2017,50.0,True,,False,,1.0,0.0,False,,False,,True,,False,,False,,False,,0,0,False,,False,True,,True,,True,,False,,False,,False,,1,,True,,True,False,,False,False,False,False,False,False,True,True,76,0,False,58,8,0.1379310344827586,0.1292117314800061,0.0,0.048803690478805825,0.048803690478805825,0.048803690478805825,0.048803690478805825,0.048803690478805825,0.048803690478805825,0.0,0.0,0.0,0.0,0.0,0.0,2.84,5.303304908059076,False,False,False,False,False,False,,,0,0,0,0,0,0,1,0,1,0,1,0
3757,Shippr,https://www.crunchbase.com/organization/shippr,Belgium,50.8465573,4.351697,2017,5.0,True,True,False,False,False,False,False,False,False,False,False,False,False,True,1,1,1,0.0,2.406501,2018-09-11,2018-09-11,Seed,2018,50.0,True,,False,,2.0,0.0,False,,False,,True,,False,,False,,False,,0,0,False,,False,True,,True,,True,,False,,False,,False,,1,,True,,True,False,,False,False,False,False,False,False,True,True,76,0,False,58,8,0.1379310344827586,0.1292117314800061,0.0,0.048803690478805825,0.048803690478805825,0.048803690478805825,0.048803690478805825,0.048803690478805825,0.048803690478805825,0.0,0.0,0.0,0.0,0.0,0.0,2.84,5.707110264748875,False,False,False,False,False,False,,,0,0,0,0,0,0,1,0,1,0,1,0
3770,Proxideal,https://www.crunchbase.com/organization/proxideal,Belgium,50.8465573,4.351697,2017,2.0,True,True,False,False,True,False,True,False,False,True,False,False,False,False,1,2,1,0.0,1.252697,2018-04-18,2021-06-01,Seed,2018,50.0,True,,False,,3.5,0.0,False,,False,,True,,False,,False,,False,,0,0,False,,False,True,,True,,True,,False,,False,,False,,2,,True,,True,False,,False,False,False,False,False,False,True,True,76,0,False,58,8,0.1379310344827586,0.1292117314800061,0.0,0.048803690478805825,0.048803690478805825,0.048803690478805825,0.048803690478805825,0.048803690478805825,0.048803690478805825,0.0,0.0,0.0,0.0,0.0,0.0,2.84,5.707110264748875,False,False,False,False,False,False,,,0,0,0,0,0,0,2,0,2,0,2,0
3774,Blue Foot Membranes,https://www.crunchbase.com/organization/blue-foot-membranes,Belgium,51.2305657,5.3076895,2017,2.0,True,False,False,False,True,False,False,True,False,False,False,True,False,False,0,1,4,0.0,2.836664,2017-07-05,2017-07-05,Seed,2017,36.25,True,,True,,37.5,8.2,True,,False,,False,,False,,True,,True,,0,0,False,,False,True,,True,,True,,True,,False,,False,,2,,True,,False,True,,True,True,True,False,True,False,True,False,20,0,False,1,0,0.0,0.0,0.07931570759993599,1.8000185457339792,0.03344607349947533,6.585543966399148,0.03344607349947533,1.8000185457339792,6.585543966399148,0.0,0.0,0.0,3.5392249408845204,0.06979532034143146,7.031827714114461,2.84,5.303304908059076,False,False,False,False,False,False,,,0,0,0,0,1,0,1,0,1,0,2,0
3793,Sweagle,https://www.crunchbase.com/organization/sweagle,Belgium,50.9413315,4.5495668,2017,2.0,True,True,False,False,False,False,False,False,False,True,False,False,False,False,2,1,1,1.0,3.0,2019-02-20,2019-02-20,Seed,2019,145.0,False,False,True,True,15.0,37.0,False,False,True,True,False,False,False,False,True,True,False,False,0,0,False,False,False,False,False,False,False,False,False,False,False,False,False,False,False,0,0.0,False,False,False,True,True,False,False,False,False,False,False,True,True,66,1,True,5,1,0.2,0.1823215567939546,0.017425752144977977,0.28060381329531675,0.28060381329531675,0.28060381329531675,0.0,0.0,0.0,0.28060381329531675,0.28060381329531675,0.28060381329531675,0.0,0.0,0.0,2.84,5.993961427306569,True,False,False,True,True,True,2020-06-22,3.0,0,0,0,0,0,0,0,0,0,0,0,0
3897,Frizby,https://www.crunchbase.com/organization/frizby,Belgium,50.8465573,4.351697,2017,2.0,False,True,False,False,True,False,False,False,False,False,False,False,False,False,2,1,1,0.0,0.114297,2019-01-28,2019-01-28,Seed,2019,50.0,True,,False,,3.0,0.0,False,,False,,True,,False,,False,,False,,0,0,False,,False,True,,True,,True,,False,,False,,False,,1,,True,,True,False,,False,False,False,False,False,False,True,True,76,0,False,58,8,0.1379310344827586,0.1292117314800061,0.0,0.048803690478805825,0.048803690478805825,0.048803690478805825,0.048803690478805825,0.048803690478805825,0.048803690478805825,0.0,0.0,0.0,0.0,0.0,0.0,2.84,5.993961427306569,False,False,False,False,False,False,,,0,0,0,0,0,0,1,0,1,0,1,0
3938,Ester,https://www.crunchbase.com/organization/ester,Belgium,50.879202,4.7011675,2018,1.0,False,False,False,False,True,True,True,False,False,True,False,False,False,False,2,1,1,0.0,0.0,2020-04-14,2020-04-14,Seed,2020,0.0,False,,True,,25.0,80.0,True,,True,,True,,False,,False,,False,,0,0,False,,False,False,,False,,False,,False,,False,,False,,0,,False,,False,False,,True,True,True,True,False,False,False,False,74,1,True,16,2,0.125,0.1177830356563834,0.02479431015650143,5.978536634276557,5.978536634276557,5.978536634276557,5.978536634276557,5.978536634276557,5.978536634276557,0.0,0.0,0.0,0.0,0.0,0.0,2.07,6.2166061010848646,False,False,False,False,False,False,,,0,0,0,0,0,0,0,0,0,0,0,0
3933,Zeopore Technologies,https://www.crunchbase.com/organization/zeopore-technologies,Belgium,50.879202,4.7011675,2018,2.0,True,False,True,True,True,False,False,False,False,True,False,False,False,False,0,1,2,0.0,0.0,2018-05-16,2018-05-16,Seed,2018,25.5,True,,False,,12.0,5.0,True,,False,,False,,False,,True,,False,,1,0,True,,False,True,,True,,True,,True,,True,,True,,2,,True,,True,True,,False,False,False,False,False,False,True,True,74,1,True,16,2,0.125,0.1177830356563834,0.02479431015650143,0.012397155078250734,0.0,0.024794310156501468,0.0,0.012397155078250734,0.024794310156501468,0.0,0.0,0.0,0.024794310156501468,0.024794310156501468,0.024794310156501468,2.07,5.707110264748875,False,False,False,False,False,False,,,1,0,2,0,2,0,2,0,2,0,2,0
3914,The Park,https://www.crunchbase.com/organization/the-park,Belgium,51.2211097,4.3997081,2018,1.0,False,False,False,False,False,False,False,False,False,True,True,False,False,False,0,1,1,0.0,0.0,2018-04-10,2018-04-10,Pre-Seed,2018,9.0,True,,False,,0.0,0.0,False,,False,,False,,False,,False,,True,,1,0,True,,True,True,,True,,True,,True,,True,,True,,1,,True,,True,False,,False,False,False,False,False,False,True,True,65,0,False,28,5,0.1785714285714285,0.1643030512912762,0.04178341661806711,0.0,0.0,0.0,0.0,0.0,0.0,0.0,0.0,0.0,0.0,0.0,0.0,2.07,5.707110264748875,False,False,False,False,False,False,,,1,0,1,0,1,0,1,0,1,0,1,0
3876,Cookwork,https://www.crunchbase.com/organization/cookwork,Belgium,50.8465573,4.351697,2018,2.0,False,True,False,False,False,True,False,False,False,False,False,False,False,False,0,1,1,0.0,0.029136,2018-07-19,2018-07-19,Seed,2018,50.0,True,,False,,2.0,0.0,False,,False,,True,,False,,False,,False,,0,0,False,,False,True,,True,,True,,False,,False,,False,,1,,True,,True,False,,False,False,False,False,False,False,True,True,76,0,False,65,9,0.1384615384615384,0.1296778233085326,0.0,0.048803690478805825,0.048803690478805825,0.048803690478805825,0.048803690478805825,0.048803690478805825,0.048803690478805825,0.0,0.0,0.0,0.0,0.0,0.0,2.07,5.707110264748875,False,False,False,False,False,False,,,0,0,0,0,0,0,1,0,1,0,1,0
3893,Pixy Family,https://www.crunchbase.com/organization/pixy-family,Belgium,50.8465573,4.351697,2018,2.0,False,True,False,False,False,False,False,False,False,True,False,False,False,False,1,1,1,0.0,0.11205,2019-04-01,2019-04-01,Seed,2019,50.0,True,,False,,3.0,0.0,False,,False,,True,,False,,False,,False,,0,0,False,,False,True,,True,,True,,False,,False,,False,,1,,True,,True,False,,False,False,False,False,False,False,True,True,76,0,False,65,9,0.1384615384615384,0.1296778233085326,0.0,0.048803690478805825,0.048803690478805825,0.048803690478805825,0.048803690478805825,0.048803690478805825,0.048803690478805825,0.0,0.0,0.0,0.0,0.0,0.0,2.07,5.993961427306569,False,False,False,False,False,False,,,0,0,0,0,0,0,1,0,1,0,1,0
3641,Pharrowtech,https://www.crunchbase.com/organization/pharrowtech,Belgium,50.8645908,4.6937736,2018,5.0,True,False,False,False,True,True,False,False,False,True,False,False,False,False,1,1,3,2.0,6.821096,2019-06-25,2019-06-25,Venture - Series Unknown,2019,17.666666666666668,True,True,True,True,3.7,0.7,True,True,False,False,False,False,False,False,False,False,False,False,1,1,True,True,False,True,True,True,True,True,True,True,True,True,True,True,True,2,1.0,True,True,False,True,True,False,False,False,False,False,False,True,True,74,1,True,16,2,0.125,0.1177830356563834,0.024095572405663575,0.12335260733012124,0.0017055229226288172,0.34425672666207136,0.024095572405663537,0.024095572405663537,0.024095572405663537,0.0017055229226288172,0.17298112479235006,0.34425672666207136,0.23020955464744278,0.024794310156501468,0.3443855345722146,2.07,5.993961427306569,False,False,True,False,True,True,,,1,1,2,1,2,1,2,1,2,1,2,1
3627,InvestSuite,https://www.crunchbase.com/organization/investsuite,Belgium,50.879202,4.7011675,2018,2.0,True,False,False,False,False,False,False,False,True,True,False,False,False,False,0,3,2,1.0,8.125932,2018-11-14,2020-12-23,Series A,2018,69.25,True,True,True,False,14.2,15.2,True,True,False,False,False,False,False,False,False,False,True,False,0,0,False,False,False,True,True,True,True,True,True,True,True,True,True,False,False,3,2.0,True,True,False,True,True,False,False,False,False,False,False,True,True,74,1,True,16,2,0.125,0.1177830356563834,0.02479431015650143,0.2546793972236464,0.024794310156501468,0.9443346584250812,0.024794310156501468,0.48456448429079135,0.9443346584250812,0.024794310156501468,0.024794310156501468,0.024794310156501468,0.48366668084102005,0.0,0.9673333616820401,2.07,5.707110264748875,False,False,True,False,True,True,,,0,0,3,2,3,2,3,2,3,2,3,2
3622,Oper,https://www.crunchbase.com/organization/oper-781f,Belgium,51.2211097,4.3997081,2018,3.0,True,False,False,False,False,False,False,False,True,True,False,False,False,False,2,3,3,1.0,3.030733,2020-01-27,2021-01-31,Series A,2020,77.5,True,False,True,True,7.8,181.2,False,False,True,True,True,True,False,False,False,False,False,False,3,0,True,False,False,True,False,True,False,True,False,True,False,True,False,True,False,3,0.0,True,False,False,False,False,True,True,True,False,True,False,True,False,65,0,False,28,5,0.1785714285714285,0.1643030512912762,0.04178341661806711,2.68971582080076,0.0,7.7987611701364274,0.0,1.667906750933627,7.7987611701364274,7.7987611701364274,7.7987611701364274,7.7987611701364274,4.337234580582197,0.0,8.321816967159636,2.07,6.2166061010848646,False,False,True,False,True,True,,,3,0,3,0,3,0,3,0,3,0,3,0
3596,Soda,https://www.crunchbase.com/organization/soda-data,Belgium,50.8465573,4.351697,2018,2.0,True,True,False,False,False,False,False,False,False,True,False,False,False,False,2,1,3,1.0,3.099892,2020-09-01,2020-09-01,Venture - Series Unknown,2020,100.33333333333331,True,False,True,True,7.7,20.0,False,False,False,False,False,False,False,False,True,False,False,False,1,0,True,False,False,True,False,True,False,True,False,True,False,True,False,True,False,1,0.0,True,False,False,True,True,True,True,True,False,True,False,True,False,76,0,False,65,8,0.123076923076923,0.1160721712527539,0.0,3.178513913847728,0.007105262218627348,8.878272652378357,0.007105262218627348,4.442688957298492,8.878272652378357,0.6501638269462,0.6501638269462,0.6501638269462,6.2128153256505465,0.647689467568971,9.105379103297077,2.07,6.2166061010848646,False,True,True,True,True,True,,,1,0,1,0,1,0,1,0,1,0,1,0
3594,TechWolf,https://www.crunchbase.com/organization/techwolf,Belgium,51.0538286,3.7250121,2018,3.0,True,False,False,False,True,False,False,False,False,True,False,False,False,False,2,1,2,2.0,1.095164,2020-04-01,2020-04-01,Venture - Series Unknown,2020,45.5,True,True,False,False,14.5,10.0,True,True,False,False,False,False,False,False,False,False,False,False,1,1,True,True,False,True,True,True,True,True,True,True,True,True,True,True,True,2,2.0,True,True,True,True,True,False,False,False,False,False,False,True,True,52,1,True,18,7,0.3888888888888889,0.328504066972036,0.04958265241978795,0.024791326209893858,0.0,0.049582652419787716,0.0,0.0,0.0,0.0,0.024791326209893858,0.049582652419787716,0.049582652419787716,0.049582652419787716,0.049582652419787716,2.07,6.2166061010848646,False,True,True,True,True,True,,,1,1,1,1,1,1,2,2,2,2,2,2
3868,Digiboard,https://www.crunchbase.com/organization/digiboard,Belgium,50.4653846,4.4301757,2018,2.0,True,False,False,False,False,False,False,False,False,False,False,False,False,False,0,1,1,0.0,0.113705,2018-12-21,2018-12-21,Seed,2018,50.0,True,,False,,2.0,0.0,False,,False,,True,,False,,False,,False,,1,0,True,,True,True,,True,,True,,True,,True,,True,,1,,True,,True,False,,False,False,False,False,False,False,True,True,52,0,False,5,0,0.0,0.0,0.04274400002209412,0.006063781061860085,0.006063781061860085,0.006063781061860085,0.006063781061860085,0.006063781061860085,0.006063781061860085,0.0,0.0,0.0,0.0,0.0,0.0,2.07,5.707110264748875,False,False,False,False,False,False,,,1,0,1,0,1,0,1,0,1,0,1,0
3713,Contractify,https://www.crunchbase.com/organization/contractify,Belgium,51.1087891,3.7078565,2018,2.0,True,False,False,False,False,False,False,False,False,True,False,False,False,False,2,1,1,0.0,2.469337,2020-09-28,2020-09-28,Seed,2020,50.0,True,,False,,2.0,3.0,False,,True,,False,,False,,False,,False,,0,0,False,,False,True,,True,,True,,False,,False,,False,,1,,True,,True,False,,False,False,False,False,False,False,True,True,30,1,True,18,8,0.4444444444444444,0.3677247801253173,0.05368461910594797,0.04983183922620692,0.04983183922620692,0.04983183922620692,0.04983183922620692,0.04983183922620692,0.04983183922620692,0.0,0.0,0.0,0.0,0.0,0.0,2.07,6.2166061010848646,False,False,False,False,False,False,,,0,0,0,0,0,0,1,0,1,0,1,0
3826,Hirering,https://www.crunchbase.com/organization/hirering,Belgium,50.4116233,4.444528,2018,3.0,False,False,False,False,True,False,False,False,False,False,False,False,False,False,0,2,2,0.0,0.546585,2018-03-05,2021-12-01,Seed,2018,39.0,True,,False,,19.0,1.5,False,,False,,True,,False,,False,,False,,2,0,True,,True,True,,True,,True,,True,,True,,True,,2,,True,,True,False,,False,False,False,False,False,False,True,True,43,0,False,4,0,0.0,0.0,0.04880369047880584,0.0030318905309300423,0.0,0.006063781061860085,0.0,0.0030318905309300423,0.006063781061860085,0.0,0.0,0.0,0.006063781061860085,0.006063781061860085,0.006063781061860085,2.07,5.707110264748875,False,False,False,False,False,False,,,2,0,2,0,2,0,2,0,2,0,2,0
3864,Mainteneo,https://www.crunchbase.com/organization/mainteneo,Belgium,50.8465573,4.351697,2018,2.0,True,True,False,False,False,False,False,False,False,True,False,False,False,False,0,1,1,0.0,0.11373,2018-11-20,2018-11-20,Seed,2018,50.0,True,,False,,2.0,0.0,False,,False,,True,,False,,False,,False,,0,0,False,,False,True,,True,,True,,False,,False,,False,,1,,True,,True,False,,False,False,False,False,False,False,True,True,76,0,False,65,9,0.1384615384615384,0.1296778233085326,0.0,0.048803690478805825,0.048803690478805825,0.048803690478805825,0.048803690478805825,0.048803690478805825,0.048803690478805825,0.0,0.0,0.0,0.0,0.0,0.0,2.07,5.707110264748875,False,False,False,False,False,False,,,0,0,0,0,0,0,1,0,1,0,1,0
3831,Smooved,https://www.crunchbase.com/organization/smooved,Belgium,50.8465573,4.351697,2018,2.0,True,True,False,False,True,False,False,False,False,True,True,False,True,True,2,1,1,0.0,0.0,2020-04-03,2020-04-03,Pre-Seed,2020,50.0,True,,False,,2.0,3.0,False,,True,,False,,False,,False,,False,,0,0,False,,False,True,,True,,True,,False,,False,,False,,1,,True,,True,False,,False,False,False,False,False,False,True,True,76,0,False,65,9,0.1384615384615384,0.1296778233085326,0.0,0.041783416618066886,0.041783416618066886,0.041783416618066886,0.041783416618066886,0.041783416618066886,0.041783416618066886,0.0,0.0,0.0,0.0,0.0,0.0,2.07,6.2166061010848646,False,False,False,False,False,False,,,0,0,0,0,0,0,1,0,1,0,1,0
3800,Smartbeam,https://www.crunchbase.com/organization/smartbeam,Belgium,50.8465573,4.351697,2018,3.0,True,True,False,False,False,False,False,False,False,True,False,False,True,False,0,2,2,0.0,1.130696,2018-01-31,2019-05-15,Seed,2018,39.0,True,,False,,18.0,1.5,False,,False,,True,,False,,False,,False,,0,0,False,,False,True,,True,,True,,False,,False,,False,,2,,True,,True,False,,False,False,False,False,False,False,True,True,76,0,False,65,9,0.1384615384615384,0.1296778233085326,0.0,0.04577384525045009,0.04274400002209436,0.048803690478805825,0.04274400002209436,0.04577384525045009,0.048803690478805825,0.0,0.0,0.0,0.006063781061860085,0.006063781061860085,0.006063781061860085,2.07,5.707110264748875,False,False,False,False,False,False,,,0,0,0,0,0,0,2,0,2,0,2,0
3649,Epic Therapeutics,https://www.crunchbase.com/organization/epic-therapeutics,Belgium,50.4653846,4.4301757,2018,1.0,True,False,False,False,True,False,False,True,False,False,False,False,False,False,0,1,1,1.0,8.439917,2018-05-24,2018-05-24,Seed,2018,93.0,True,True,False,False,39.0,16.0,False,False,False,False,False,False,False,False,False,False,False,False,0,0,False,False,False,True,True,False,False,False,False,False,False,False,False,False,False,1,1.0,True,True,True,False,False,False,False,False,False,False,False,True,True,52,0,False,5,0,0.0,0.0,0.04274400002209412,0.08321303733864338,0.08321303733864338,0.08321303733864338,0.0,0.0,0.0,0.08321303733864338,0.08321303733864338,0.08321303733864338,0.0,0.0,0.0,2.07,5.707110264748875,False,False,False,False,False,False,,,0,0,0,0,0,0,0,0,0,0,1,1
3674,Dockflow,https://www.crunchbase.com/organization/dockflow,Belgium,51.2211097,4.3997081,2018,3.0,True,False,False,False,True,False,False,False,False,True,False,False,False,True,2,2,1,0.0,0.0,2020-01-27,2021-02-28,Pre-Seed,2020,88.0,True,,False,,19.5,20.0,True,,False,,False,,False,,False,,False,,0,0,False,,False,True,,True,,True,,False,,False,,False,,2,,True,,True,True,,False,False,False,False,False,False,True,True,65,0,False,28,5,0.1785714285714285,0.1643030512912762,0.04178341661806711,0.041783416618066886,0.041783416618066886,0.041783416618066886,0.041783416618066886,0.041783416618066886,0.041783416618066886,0.0,0.0,0.0,0.0,0.0,0.0,2.07,6.2166061010848646,False,False,False,False,False,False,,,0,0,0,0,0,0,2,0,2,0,2,0
3866,HeronTrack,https://www.crunchbase.com/organization/herontrack,Belgium,50.4116233,4.444528,2019,3.0,True,False,False,False,True,False,False,False,False,True,False,False,True,False,0,1,1,0.0,0.113685,2019-03-01,2019-03-01,Seed,2019,50.0,True,,False,,3.0,0.0,False,,False,,True,,False,,False,,False,,1,0,True,,True,True,,True,,True,,True,,True,,True,,1,,True,,True,False,,False,False,False,False,False,False,True,True,43,0,False,5,0,0.0,0.0,0.04880369047880584,0.0,0.0,0.0,0.0,0.0,0.0,0.0,0.0,0.0,0.0,0.0,0.0,1.81,5.993961427306569,False,False,False,False,False,False,,,1,0,1,0,1,0,1,0,1,0,1,0
3807,Swave,https://www.crunchbase.com/organization/swave-6687,Belgium,50.8276429,3.2659884,2019,1.0,False,False,False,False,True,True,False,False,True,False,False,False,False,False,1,1,1,0.0,0.0,2020-11-13,2020-11-13,Pre-Seed,2020,50.0,True,,False,,2.0,3.0,False,,True,,False,,False,,False,,False,,0,0,False,,False,True,,False,,False,,False,,False,,False,,1,,True,,True,False,,False,False,False,False,False,False,True,True,27,0,False,0,0,0.0,0.0,0.07626964100528212,0.09056099547272588,0.09056099547272588,0.09056099547272588,0.09056099547272588,0.09056099547272588,0.09056099547272588,0.0,0.0,0.0,0.0,0.0,0.0,1.81,6.2166061010848646,False,False,False,False,False,False,,,0,0,0,0,0,0,0,0,0,0,1,0
3587,Augustine Therapeutics,https://www.crunchbase.com/organization/augustine-therapeutics,Belgium,50.879202,4.7011675,2019,3.0,True,False,False,False,True,False,False,True,False,False,False,False,False,False,0,1,5,1.0,4.677024,2019-12-16,2019-12-16,Series A,2019,35.0,True,True,True,False,14.0,6.2,True,True,False,False,False,False,False,False,True,False,False,False,1,0,True,False,False,True,True,True,False,True,False,True,False,True,False,True,False,4,1.0,True,True,False,True,False,False,False,False,False,False,False,True,True,74,1,True,22,4,0.1818181818181818,0.1670540846631661,0.02479431015650143,0.08965268718341164,0.0,0.281345759832242,0.0,0.0943004382382252,0.281345759832242,0.07106168296415735,0.07106168296415735,0.07106168296415735,0.13389633908470389,0.0,0.281345759832242,1.81,5.993961427306569,False,True,True,True,True,True,,,1,0,2,0,2,0,2,0,2,0,4,1
3707,Classified Cycling,https://www.crunchbase.com/organization/classified-cycling,Belgium,51.2211097,4.3997081,2019,1.0,True,False,False,False,True,True,False,False,False,False,False,False,False,False,1,1,1,0.0,2.358741,2020-08-24,2020-08-24,Venture - Series Unknown,2020,74.0,True,,False,,26.0,15.0,True,,False,,False,,False,,False,,False,,0,0,False,,False,True,,False,,False,,False,,False,,False,,1,,True,,True,False,,False,False,False,False,False,False,True,True,65,0,False,29,5,0.1724137931034483,0.1590646946296873,0.04178341661806711,0.07307711809691768,0.07307711809691768,0.07307711809691768,0.07307711809691768,0.07307711809691768,0.07307711809691768,0.0,0.0,0.0,0.0,0.0,0.0,1.81,6.2166061010848646,False,True,True,True,True,True,,,0,0,0,0,0,0,0,0,0,0,1,0
3737,DeltaQ,https://www.crunchbase.com/organization/deltaq,Belgium,50.8465573,4.351697,2019,1.0,True,True,False,False,True,False,False,False,False,True,False,False,True,False,1,1,1,1.0,1.757558,2020-10-02,2020-10-02,Seed,2020,6.0,True,True,False,False,1.0,0.0,True,True,False,False,False,False,False,False,False,False,False,False,0,0,False,False,False,True,True,True,True,True,True,False,False,False,False,False,False,1,1.0,True,True,True,False,False,False,False,False,False,False,False,True,True,76,0,False,69,9,0.1304347826086956,0.1226023220923323,0.0,0.041783416618066886,0.041783416618066886,0.041783416618066886,0.0,0.0,0.0,0.041783416618066886,0.041783416618066886,0.041783416618066886,0.0,0.0,0.0,1.81,6.2166061010848646,False,False,False,False,False,False,,,0,0,0,0,0,0,1,1,1,1,1,1
3754,ArtiQ,https://www.crunchbase.com/organization/artiq,Belgium,50.879202,4.7011675,2019,1.0,True,False,False,False,True,False,False,True,False,True,False,False,False,False,0,1,1,1.0,1.12598,2019-07-15,2019-07-15,Seed,2019,27.0,True,True,False,False,22.0,5.0,False,False,False,False,False,False,False,False,True,True,False,False,1,1,True,True,True,True,True,True,True,True,True,True,True,True,True,True,True,1,1.0,True,True,True,False,False,False,False,False,False,False,False,True,True,74,1,True,22,4,0.1818181818181818,0.1670540846631661,0.02479431015650143,0.0,0.0,0.0,0.0,0.0,0.0,0.0,0.0,0.0,0.0,0.0,0.0,1.81,5.993961427306569,True,False,False,True,True,True,2024-04-02,5.0,1,1,1,1,1,1,1,1,1,1,1,1
3679,BRIKL,https://www.crunchbase.com/organization/brikl,Belgium,50.8821422,4.8384431,2019,3.0,False,False,False,False,True,True,False,False,False,True,False,False,False,False,1,1,1,0.0,2.785378,2020-11-19,2020-11-19,Seed,2020,16.0,True,,False,,26.0,3.0,False,,False,,False,,False,,False,,False,,0,0,False,,False,True,,True,,False,,False,,False,,False,,1,,True,,True,True,,False,False,False,False,False,False,True,True,70,1,True,15,5,0.3333333333333333,0.2876820724517809,0.03438896976226213,0.05154388659279736,0.05154388659279736,0.05154388659279736,0.05154388659279736,0.05154388659279736,0.05154388659279736,0.0,0.0,0.0,0.0,0.0,0.0,1.81,6.2166061010848646,False,False,False,False,False,False,,,0,0,0,0,0,0,0,0,1,0,1,0
3645,Shyfter,https://www.crunchbase.com/organization/shyfter,Belgium,50.8465573,4.351697,2019,2.0,True,True,False,False,True,False,False,False,False,True,False,False,False,False,1,2,2,0.0,2.993165,2020-02-15,2025-03-15,Seed,2020,26.5,True,,False,,3.0,0.0,False,,False,,True,,False,,False,,False,,1,0,True,,False,True,,True,,True,,True,,True,,True,,2,,True,,True,True,,False,False,False,False,False,False,True,True,76,0,False,69,9,0.1304347826086956,0.1226023220923323,0.0,0.024401845239402913,0.0,0.048803690478805825,0.0,0.024401845239402913,0.048803690478805825,0.0,0.0,0.0,0.048803690478805825,0.048803690478805825,0.048803690478805825,1.81,6.2166061010848646,False,False,False,False,False,False,,,1,0,1,0,1,0,2,0,2,0,2,0
3672,Qollabi,https://www.crunchbase.com/organization/qollabi,Belgium,50.8498357,4.3745921,2019,2.0,True,True,False,False,False,True,False,False,True,True,True,False,False,False,1,2,3,1.0,5.781489,2020-07-03,2022-06-30,Seed,2020,53.75,True,False,True,True,11.8,11.2,True,False,False,False,False,False,False,False,False,False,True,True,2,0,True,False,False,True,False,True,False,True,False,True,False,True,False,True,False,3,0.0,True,False,False,True,False,False,False,False,False,False,False,True,True,67,0,False,69,9,0.1304347826086956,0.1226023220923323,0.001648191552400457,0.04778856591849353,0.0016481915524003683,0.11970500082070304,0.0016481915524003683,0.02381642095109036,0.06815287974847034,0.11970500082070304,0.11970500082070304,0.11970500082070304,0.08425492917429506,0.0,0.12559077601561106,1.81,6.2166061010848646,False,False,False,False,False,False,,,2,0,2,0,2,0,2,0,3,0,3,0
3619,MyCellHub,https://www.crunchbase.com/organization/mycellhub,Belgium,50.879202,4.7011675,2019,3.0,True,False,False,False,True,False,False,False,False,True,False,False,False,False,0,1,3,0.0,1.216197,2019-09-12,2019-09-12,Venture - Series Unknown,2019,33.666666666666664,True,,False,,20.0,3.3,True,,False,,False,,False,,True,,False,,1,0,True,,False,True,,True,,True,,True,,True,,True,,3,,True,,True,False,,False,False,False,False,False,False,True,True,74,1,True,22,5,0.2272727272727272,0.2047944126460131,0.02479431015650143,0.036708010884711456,0.0,0.06665633879572724,0.0,0.036708010884711456,0.06665633879572724,0.0,0.0,0.0,0.07146023071115554,0.04346769385840712,0.10425665947933224,1.81,5.993961427306569,False,False,True,False,True,True,,,1,0,1,0,1,0,2,0,3,0,3,0
3644,MICLEDI Microdisplays,https://www.crunchbase.com/organization/micledi-microdisplays,Belgium,50.879202,4.7011675,2019,2.0,True,False,False,False,True,False,False,False,False,True,False,False,False,False,1,2,4,0.0,13.230714,2020-01-09,2021-04-03,Series A,2020,33.25,True,,False,,9.0,5.8,True,,False,,False,,False,,False,,False,,2,0,True,,False,True,,True,,True,,True,,True,,True,,4,,True,,True,True,,False,False,False,False,False,False,True,True,74,1,True,22,4,0.1818181818181818,0.1670540846631661,0.02479431015650143,0.012397155078250734,0.0,0.024794310156501468,0.0,0.012397155078250734,0.024794310156501468,0.0,0.0,0.0,0.016529540104334314,0.0,0.024794310156501468,1.81,6.2166061010848646,False,True,True,True,True,True,,,2,0,4,0,4,0,4,0,4,0,4,0
3790,BRAUZZ.,https://www.crunchbase.com/organization/brauzz,Belgium,51.0538286,3.7250121,2019,3.0,True,False,False,False,False,True,False,False,False,False,False,False,False,False,1,1,1,0.0,0.0,2020-10-01,2020-10-01,Pre-Seed,2020,50.0,True,,False,,2.0,3.0,False,,True,,False,,False,,False,,False,,0,0,False,,False,True,,True,,False,,False,,False,,False,,1,,True,,True,False,,False,False,False,False,False,False,True,True,52,1,True,19,8,0.4210526315789473,0.3513978868378886,0.04958265241978795,0.05061486769299237,0.05061486769299237,0.05061486769299237,0.05061486769299237,0.05061486769299237,0.05061486769299237,0.0,0.0,0.0,0.0,0.0,0.0,1.81,6.2166061010848646,False,False,False,False,False,False,,,0,0,0,0,0,0,0,0,1,0,1,0
3758,Pulsify Medical,https://www.crunchbase.com/organization/pulsify-medical,Belgium,50.879202,4.7011675,2019,4.0,True,False,False,False,False,False,False,True,False,False,False,False,False,False,0,1,1,1.0,2.868709,2019-10-15,2019-10-15,Seed,2019,26.0,True,True,False,False,2.0,0.0,True,True,False,False,False,False,False,False,False,False,False,False,1,1,True,True,True,True,True,True,True,True,True,True,True,True,True,True,True,1,1.0,True,True,True,False,False,False,False,False,False,False,False,True,True,74,1,True,22,5,0.2272727272727272,0.2047944126460131,0.02479431015650143,0.0,0.0,0.0,0.0,0.0,0.0,0.0,0.0,0.0,0.0,0.0,0.0,1.81,5.993961427306569,False,False,False,False,False,False,,,1,1,1,1,1,1,1,1,1,1,1,1
3789,Compliment.,https://www.crunchbase.com/organization/compliment,Belgium,50.8465573,4.351697,2019,2.0,False,True,False,False,False,True,True,True,False,False,False,False,False,False,1,1,1,1.0,0.756303,2020-04-03,2020-04-03,Seed,2020,9.0,True,True,False,False,7.0,2.0,False,False,False,False,False,False,False,False,False,False,False,False,1,1,True,True,True,True,True,True,True,True,True,True,True,True,True,True,True,1,1.0,True,True,True,True,True,False,False,False,False,False,False,True,True,76,0,False,69,9,0.1304347826086956,0.1226023220923323,0.0,0.0,0.0,0.0,0.0,0.0,0.0,0.0,0.0,0.0,0.0,0.0,0.0,1.81,6.2166061010848646,False,False,False,False,False,False,,,1,1,1,1,1,1,1,1,1,1,1,1
3668,FixForm,https://www.crunchbase.com/organization/fixform,Belgium,50.879202,4.7011675,2020,4.0,True,False,False,False,False,False,False,False,False,True,False,False,True,False,0,2,1,0.0,1.667104,2020-12-02,2024-09-18,Seed,2020,50.0,True,,False,,4.0,3.0,False,,True,,False,,False,,False,,False,,0,0,False,,False,True,,True,,True,,False,,False,,False,,2,,True,,True,False,,False,False,False,False,False,False,True,True,74,1,True,25,5,0.2,0.1823215567939546,0.02479431015650143,0.04346769385840712,0.04346769385840712,0.04346769385840712,0.04346769385840712,0.04346769385840712,0.04346769385840712,0.0,0.0,0.0,0.0,0.0,0.0,-5.65,6.2166061010848646,False,False,False,False,False,False,,,0,0,0,0,0,0,2,0,2,0,2,0
3656,NannyML,https://www.crunchbase.com/organization/nannyml,Belgium,50.879202,4.7011675,2020,3.0,True,False,False,False,True,False,False,False,False,True,False,False,False,False,0,2,3,2.0,0.0,2020-10-30,2023-08-10,Venture - Series Unknown,2020,29.25,True,True,True,True,5.2,2.2,True,True,True,True,False,False,False,False,False,False,False,False,0,0,False,False,False,True,True,False,False,False,False,False,False,False,False,False,False,1,1.0,True,True,False,True,True,False,False,False,False,True,False,True,True,74,1,True,25,5,0.2,0.1823215567939546,0.02479431015650143,0.4010447544527214,0.07106168296415735,0.6258857875072431,0.281345759832242,0.45361577366974254,0.6258857875072431,0.07106168296415735,0.34847373523570024,0.6258857875072431,0.5644368473162058,0.0,0.8771051733706614,-5.65,6.2166061010848646,False,False,True,False,True,True,,,0,0,0,0,0,0,0,0,0,0,1,1
3842,Pillar,https://www.crunchbase.com/organization/pillar-0e68,Belgium,51.0538286,3.7250121,2020,1.0,True,False,False,False,False,False,False,True,False,False,False,False,False,False,0,1,1,0.0,0.0,2020-10-09,2020-10-09,Pre-Seed,2020,50.0,True,,False,,2.0,3.0,False,,True,,False,,False,,False,,False,,0,0,False,,False,True,,True,,False,,False,,False,,False,,1,,True,,True,False,,False,False,False,False,False,False,True,True,52,1,True,22,8,0.3636363636363636,0.3101549283038395,0.04958265241978795,0.05061486769299237,0.05061486769299237,0.05061486769299237,0.05061486769299237,0.05061486769299237,0.05061486769299237,0.0,0.0,0.0,0.0,0.0,0.0,-5.65,6.2166061010848646,False,False,False,False,False,False,,,0,0,0,0,0,0,0,0,1,0,1,0
3829,Just Wash,https://www.crunchbase.com/organization/just-wash,Belgium,50.8465573,4.351697,2020,2.0,False,True,False,False,True,False,False,False,False,True,False,False,False,True,0,2,1,1.0,0.0,2020-02-01,2021-09-01,Seed,2020,50.0,True,True,False,False,4.5,0.0,False,False,False,False,True,True,False,False,False,False,False,False,0,0,False,False,False,True,True,True,True,True,True,False,False,False,False,False,False,2,2.0,True,True,True,False,False,False,False,False,False,False,False,True,True,76,0,False,71,9,0.1267605633802817,0.1193467576325661,0.0,0.048803690478805825,0.048803690478805825,0.048803690478805825,0.0,0.0,0.0,0.048803690478805825,0.048803690478805825,0.048803690478805825,0.0,0.0,0.0,-5.65,6.2166061010848646,False,False,False,False,False,False,,,0,0,0,0,0,0,2,2,2,2,2,2
3769,Runeasi,https://www.crunchbase.com/organization/runeasi-nv,Belgium,50.879202,4.7011675,2020,4.0,True,False,False,False,False,True,False,True,False,True,False,False,False,False,0,1,2,2.0,0.407463,2020-11-01,2020-11-01,Seed,2020,15.5,True,True,False,False,12.0,3.0,False,False,False,False,False,False,True,True,True,True,False,False,1,1,True,True,False,True,True,True,True,True,True,True,True,True,True,True,True,2,2.0,True,True,True,False,False,False,False,False,False,False,False,True,True,74,1,True,25,5,0.2,0.1823215567939546,0.02479431015650143,0.02173384692920356,0.0,0.04346769385840712,0.0,0.0,0.0,0.0,0.02173384692920356,0.04346769385840712,0.04346769385840712,0.04346769385840712,0.04346769385840712,-5.65,6.2166061010848646,False,False,False,False,False,False,,,1,1,1,1,1,1,2,2,2,2,2,2
3756,Animab,https://www.crunchbase.com/organization/animab,Belgium,51.0538286,3.7250121,2020,1.0,True,False,False,False,True,False,False,True,False,False,False,False,False,False,0,1,5,2.0,4.006127,2020-10-27,2020-10-27,Seed,2020,66.8,True,True,True,True,40.2,19.2,True,True,True,True,False,False,False,False,False,False,False,False,2,0,True,False,False,True,True,True,True,True,True,True,False,True,False,True,False,4,1.0,True,True,False,True,True,False,False,False,False,False,False,True,True,52,1,True,22,8,0.3636363636363636,0.3101549283038395,0.04958265241978795,0.07687537209923308,0.0,0.2637325251122203,0.0,0.02368722765471912,0.07106168296415735,0.049582652419787716,0.15665758876600402,0.2637325251122203,0.13389633908470389,0.0,0.281345759832242,-5.65,6.2166061010848646,False,False,False,False,False,False,,,2,0,2,0,2,0,3,1,3,1,4,1
3723,QustomDot,https://www.crunchbase.com/organization/qustomdot,Belgium,51.0538286,3.7250121,2020,2.0,True,False,False,False,True,False,False,False,False,False,False,False,False,False,0,1,3,1.0,3.263956,2020-02-25,2020-02-25,Seed,2020,43.666666666666664,True,False,True,True,10.0,9.7,True,False,False,False,False,False,False,False,True,True,False,False,0,0,False,False,False,True,False,True,False,True,False,False,False,False,False,False,False,1,0.0,True,False,False,True,False,True,True,True,False,False,False,True,False,52,1,True,22,8,0.3636363636363636,0.3101549283038395,0.04958265241978795,2.582952030278636,0.049582652419787716,6.502497075083864,0.049582652419787716,0.6231795078760223,1.1967763633322568,6.502497075083864,6.502497075083864,6.502497075083864,5.031135386497069,1.1594998570001662,7.3819632649958695,-5.65,6.2166061010848646,False,False,False,False,False,False,,,0,0,0,0,0,0,1,0,1,0,1,0
3712,Montis Biosciences,https://www.crunchbase.com/organization/montis-biosciences,Belgium,50.9341625,4.3287322,2020,3.0,True,True,False,False,True,False,False,True,False,False,False,False,False,False,0,1,4,0.0,9.061714,2020-02-20,2020-02-20,Seed,2020,135.0,True,,True,,18.2,62.2,True,,False,,False,,False,,False,,True,,0,0,False,,False,True,,True,,True,,False,,False,,False,,1,,True,,False,False,,True,True,True,False,False,False,True,False,76,0,False,66,7,0.106060606060606,0.1008046991219655,0.009873536556783687,2.925569794772854,0.044297692470448645,5.883703253807227,0.044297692470448645,2.925569794772854,5.883703253807227,0.0,0.0,0.0,3.954453860052311,0.23531566477788432,6.058979478928299,-5.65,6.2166061010848646,False,False,False,False,False,False,,,0,0,0,0,0,0,1,0,1,0,1,0
