company_id,organization_name,organization_name_url,headquarters_country,latitude,longitude,founded_year,number_of_founders,b2b_binary,hub_binary,energy,materials,industrials,consumer_discretionary,consumer_staples,health_care,financials,information_technology,communication_services,utilities,real_estate,other,age,number_seed_rounds,number_seed_investors,number_lead_seed_investors,total_seed_funding_m,earliest_seed_round_date,latest_seed_round_date,last_equity_funding_type,year_first_round,average_seed_investors_portfolio_organizations,regional_seed_investor_binary,regional_lead_seed_investor_binary,overregional_seed_investor_binary,overregional_lead_seed_investor_binary,avg_age_of_seed_investors,avg_exits_of_seed_investors,specific_vc_in_seed_binary,specific_lead_vc_in_seed_binary,target_vc_in_seed_binary,target_lead_vc_in_seed_binary,accelerator_funding_binary,accelerator_lead_funding_binary,angel_group_funding_binary,angel_group_lead_funding_binary,micro_vc_funding_binary,micro_vc_lead_funding_binary,corporate_vc_funding_binary,corporate_vc_lead_funding_binary,number_seed_investors_same_city,number_seed_lead_investors_same_city,seed_investor_same_city,seed_lead_investor_same_city,seed_investors_all_same_city,seed_investor_same_city_100,seed_lead_investor_same_city_100,seed_investor_same_city_70,seed_lead_investor_same_city_70,seed_investor_same_city_50,seed_lead_investor_same_city_50,seed_investor_same_city_40,seed_lead_investor_same_city_40,seed_investor_same_city_30,seed_lead_investor_same_city_30,seed_investor_same_city_20,seed_lead_investor_same_city_20,number_homecountry_investors,number_homecountry_lead_investors,homecountry_investor_in_seed_binary,homecountry_lead_investor,all_homecountry_investors_in_seed_binary,hub_vc_in_seed_binary,hub_lead_vc_in_seed_binary,global_investor,all_global_investor,us_investor,all_us_investor,dach_investor,all_dach_investor,european_investor,all_european_investor,vcs_within_50km,top_university_count,top_university_ecosystem_binary,founded_startups_in_environment,successful_startups_in_environment,share_successful_startups_in_environment,log_share_successful_startups_in_environment,distance_to_hub,avg_seed_investor_distance,minimum_seed_vc_distance,max_seed_investor_distance,minimum_seed_vc_distance_non_lead,avg_seed_vc_distance_non_lead,maximum_seed_vc_distance_non_lead,minimum_lead_seed_vc_distance,avg_lead_seed_vc_distance,maximum_lead_seed_vc_distance,avg_seed_investor_pairwise_distance,min_seed_investor_pairwise_distance,max_seed_investor_pairwise_distance,gdp_growth_founding_year,investment_volume_first_seed_year,exit_binary,funding_success,post_seed_funding,exit_funding_success,exit_round_success,success,exit_date,years_to_exit,number_seed_investors_same_city_20,number_seed_lead_investors_same_city_20,number_seed_investors_same_city_30,number_seed_lead_investors_same_city_30,number_seed_investors_same_city_40,number_seed_lead_investors_same_city_40,number_seed_investors_same_city_50,number_seed_lead_investors_same_city_50,number_seed_investors_same_city_70,number_seed_lead_investors_same_city_70,number_seed_investors_same_city_100,number_seed_lead_investors_same_city_100
16682,Sonik Sports,https://www.crunchbase.com/organization/sonik-sports,United Kingdom,53.3777294,-1.06213,2007,1.0,False,False,False,True,False,True,True,False,False,False,False,False,False,False,3,1,1,0.0,0.694767,2010-08-25,2010-08-25,Seed,2010,285.0,False,,True,,6.0,27.0,False,,True,,False,,False,,False,,False,,0,0,False,,False,False,,False,,False,,False,,False,,False,,1,,True,,True,False,,False,False,False,False,False,False,True,True,9,0,False,0,0,0.0,0.0,0.07918744009431425,0.1804131327540637,0.1804131327540637,0.1804131327540637,0.1804131327540637,0.1804131327540637,0.1804131327540637,0.0,0.0,0.0,0.0,0.0,0.0,3.16,6.55250788703459,False,False,False,False,False,False,,,0,0,0,0,0,0,0,0,0,0,0,0
6765,SEPMAG Technologies,https://www.crunchbase.com/organization/sepmag-technologies,Spain,41.3825802,2.177073,2007,1.0,True,True,False,False,True,False,True,True,False,False,False,False,False,False,2,1,1,0.0,1.146041,2009-02-25,2009-02-25,Seed,2009,162.0,True,,False,,1.0,30.0,False,,True,,False,,False,,False,,False,,1,0,True,,True,True,,True,,True,,True,,True,,True,,1,,True,,True,True,,False,False,False,False,False,False,True,True,87,2,True,5,2,0.4,0.3364722366212129,0.0,0.0,0.0,0.0,0.0,0.0,0.0,0.0,0.0,0.0,0.0,0.0,0.0,3.16,5.268373490174964,False,False,False,False,False,False,,,1,0,1,0,1,0,1,0,1,0,1,0
16464,ScotBio,https://www.crunchbase.com/organization/scottish-bioenergy,United Kingdom,55.8318251,-3.9281024,2007,1.0,True,False,False,False,True,False,True,True,False,False,False,False,False,False,11,1,1,1.0,9.146808,2018-11-26,2018-11-26,Seed,2018,1.0,False,False,True,True,10.0,0.0,False,False,False,False,False,False,False,False,False,False,False,False,0,0,False,False,False,False,False,False,False,False,False,False,False,False,False,False,False,1,1.0,True,True,True,True,True,False,False,False,False,False,False,True,True,19,0,False,0,0,0.0,0.0,0.28306456459828117,0.5432440481039298,0.5432440481039298,0.5432440481039298,0.0,0.0,0.0,0.5432440481039298,0.5432440481039298,0.5432440481039298,0.0,0.0,0.0,3.16,7.696667081526462,False,False,False,False,False,False,,,0,0,0,0,0,0,0,0,0,0,0,0
16517,Graze,https://www.crunchbase.com/organization/graze,United Kingdom,51.4893335,-0.1440551,2008,1.0,False,True,False,False,True,True,True,False,False,False,False,False,True,False,0,1,2,0.0,0.0,2008-01-03,2008-01-03,Venture - Series Unknown,2008,192.5,True,,False,,0.0,45.5,True,,True,,False,,False,,True,,False,,2,0,True,,True,True,,True,,True,,True,,True,,True,,2,,True,,True,True,,False,False,False,False,False,False,True,True,643,5,True,48,18,0.375,0.3184537311185346,0.004639509600861782,0.0,0.0,0.0,0.0,0.0,0.0,0.0,0.0,0.0,0.0,0.0,0.0,0.64,7.244941546337007,True,False,True,True,True,True,2019-02-05,11.0,2,0,2,0,2,0,2,0,2,0,2,0
16680,Rosa's Thai Cafe,https://www.crunchbase.com/organization/rosa-s-thai-cafe,United Kingdom,51.4893335,-0.1440551,2008,1.0,False,True,False,False,False,False,True,False,False,False,False,False,False,False,6,1,1,0.0,0.0,2014-06-20,2014-06-20,Seed,2014,48.0,True,,False,,10.0,7.0,False,,False,,False,,True,,False,,False,,1,0,True,,True,True,,True,,True,,True,,True,,True,,1,,True,,True,True,,False,False,False,False,False,False,True,True,643,5,True,48,18,0.375,0.3184537311185346,0.004639509600861782,0.0,0.0,0.0,0.0,0.0,0.0,0.0,0.0,0.0,0.0,0.0,0.0,0.64,6.803505257608338,True,False,False,True,True,True,2018-06-06,10.0,1,0,1,0,1,0,1,0,1,0,1,0
812,Planktonic AS,https://www.crunchbase.com/organization/planktonic-as,Norway,63.5,11.0,2008,2.0,True,False,False,False,True,False,True,True,False,True,False,False,False,False,11,1,1,1.0,1.051451,2019-01-18,2019-01-18,Seed,2019,87.0,True,True,False,False,11.0,23.0,False,False,False,False,False,False,False,False,False,False,False,False,1,1,True,True,True,True,True,True,True,True,True,True,True,True,True,True,True,1,1.0,True,True,True,False,False,False,False,False,False,False,False,True,True,6,0,False,2,2,1.0,0.6931471805599453,0.3990558334953436,0.0,0.0,0.0,0.0,0.0,0.0,0.0,0.0,0.0,0.0,0.0,0.0,0.64,5.303304908059076,False,False,False,False,False,False,,,1,1,1,1,1,1,1,1,1,1,1,1
20124,Farman,https://www.crunchbase.com/organization/farman,Italy,41.275088,16.4162585,2008,3.0,False,False,False,False,False,True,True,True,False,False,False,False,False,False,5,1,1,0.0,0.540171,2013-11-18,2013-11-18,Seed,2013,14.0,False,,True,,7.0,0.0,False,,False,,True,,False,,False,,False,,0,0,False,,False,False,,False,,False,,False,,False,,False,,1,,True,,True,True,,False,False,False,False,False,False,True,True,1,0,False,0,0,0.0,0.0,0.7466093042102622,0.7466093042102623,0.7466093042102623,0.7466093042102623,0.7466093042102623,0.7466093042102623,0.7466093042102623,0.0,0.0,0.0,0.0,0.0,0.0,0.64,4.370712874773608,False,False,False,False,False,False,,,0,0,0,0,0,0,0,0,0,0,0,0
21675,Wellness Foundry,https://www.crunchbase.com/organization/wellness-foundry,Finland,60.1717794,24.9413548,2008,1.0,True,True,False,False,False,False,True,True,False,False,False,False,False,False,8,1,1,1.0,0.0,2016-11-29,2016-11-29,Seed,2016,6.0,True,True,False,False,1.0,0.0,False,False,False,False,False,False,False,False,False,False,False,False,1,1,True,True,True,True,True,True,True,True,True,True,True,True,True,True,True,1,1.0,True,True,True,True,True,False,False,False,False,False,False,True,True,47,2,True,9,1,0.1111111111111111,0.1053605156578263,0.0004833470476976217,0.0,0.0,0.0,0.0,0.0,0.0,0.0,0.0,0.0,0.0,0.0,0.0,0.64,4.6709579265260945,False,False,False,False,False,False,,,1,1,1,1,1,1,1,1,1,1,1,1
4457,Lieferando,https://www.crunchbase.com/organization/lieferando,The Netherlands,52.3730796,4.8924534,2008,3.0,False,True,False,False,True,True,True,False,False,True,False,False,False,False,0,2,4,1.0,0.0,2008-12-01,2009-12-01,Venture - Series Unknown,2008,78.25,False,False,True,True,16.2,25.0,False,False,True,False,False,False,False,False,False,False,False,False,0,0,False,False,False,False,False,False,False,False,False,False,False,False,False,False,False,0,0.0,False,False,False,True,True,False,False,False,False,True,True,True,True,169,1,True,8,0,0.0,0.0,0.0,0.44222734979398015,0.2139751227370636,0.6140544602670924,0.2139751227370636,0.38495164630294265,0.5764433507366697,0.6140544602670924,0.6140544602670924,0.6140544602670924,0.40617371499357774,0.15260901775752392,0.668271913917405,0.64,5.559141984829935,True,False,True,True,True,True,2014-04-10,6.0,0,0,0,0,0,0,0,0,0,0,0,0
6804,Offerum,https://www.crunchbase.com/organization/offerum,Spain,41.3825802,2.177073,2009,3.0,False,True,False,False,False,True,True,False,False,False,True,False,False,False,2,1,2,0.0,2.0,2011-04-07,2011-04-07,Seed,2011,66.0,False,,True,,7.5,16.0,False,,False,,False,,False,,False,,False,,0,0,False,,False,False,,False,,False,,False,,False,,False,,2,,True,,True,True,,False,False,False,False,False,False,True,True,87,2,True,18,2,0.1111111111111111,0.1053605156578263,0.0,0.5043657437075568,0.5043657437075568,0.5043657437075568,0.5043657437075568,0.5043657437075568,0.5043657437075568,0.0,0.0,0.0,0.0,0.0,0.0,-4.35,5.743644008081332,False,False,False,False,False,False,,,0,0,0,0,0,0,0,0,0,0,0,0
16401,Arnia,https://www.crunchbase.com/organization/arnia,United Kingdom,54.9647154,-1.6389635,2009,2.0,True,False,False,False,False,False,True,False,False,True,False,False,False,False,2,4,1,1.0,0.815926,2011-02-28,2013-07-31,Seed,2011,285.0,True,True,False,False,8.2,27.0,False,False,True,True,False,False,False,False,False,False,False,False,4,2,True,True,True,True,True,True,True,True,True,True,True,True,True,True,True,4,2.0,True,True,True,False,False,False,False,False,False,False,False,True,True,8,0,False,10,0,0.0,0.0,0.16978397999681996,0.0,0.0,0.0,0.0,0.0,0.0,0.0,0.0,0.0,0.0,0.0,0.0,-4.35,6.68586094706836,False,False,False,False,False,False,,,4,2,4,2,4,2,4,2,4,2,4,2
9117,Illucens,https://www.crunchbase.com/organization/illucens,Germany,52.0761541,7.004876,2009,1.0,True,False,False,False,False,False,True,False,False,False,False,False,False,False,9,4,1,1.0,0.0,2018-07-27,2020-05-30,Seed,2018,14.0,True,True,False,False,1.0,1.0,True,True,False,False,False,False,False,False,False,False,False,False,0,0,False,False,False,True,True,True,True,True,True,True,True,False,False,False,False,4,4.0,True,True,True,False,False,False,False,False,False,True,True,True,True,12,0,False,0,0,0.0,0.0,0.1476199467708567,0.03717848100926551,0.03717848100926551,0.03717848100926551,0.0,0.0,0.0,0.03717848100926551,0.03717848100926551,0.03717848100926551,0.0,0.0,0.0,-4.35,7.244941546337007,False,False,False,False,False,False,,,0,0,0,0,4,4,4,4,4,4,4,4
16832,Scratch Meals,https://www.crunchbase.com/organization/scratch-meals,United Kingdom,51.4893335,-0.1440551,2009,3.0,False,True,False,False,False,False,True,False,False,False,False,False,False,False,5,1,1,0.0,0.0,2014-05-23,2014-05-23,Seed,2014,21.0,True,,False,,6.0,5.0,False,,False,,False,,False,,False,,False,,1,0,True,,True,True,,True,,True,,True,,True,,True,,1,,True,,True,True,,False,False,False,False,False,False,True,True,643,5,True,90,35,0.3888888888888889,0.328504066972036,0.004639509600861782,0.0,0.0,0.0,0.0,0.0,0.0,0.0,0.0,0.0,0.0,0.0,0.0,-4.35,6.803505257608338,False,False,False,False,False,False,,,1,0,1,0,1,0,1,0,1,0,1,0
21080,Runtastic,https://www.crunchbase.com/organization/runtastic,Austria,48.2576453,14.2044214,2009,4.0,False,False,False,False,False,True,True,True,False,True,False,False,False,False,2,1,1,0.0,0.214296,2011-12-01,2011-12-01,Angel,2011,16.0,False,,True,,4.0,7.0,False,,False,,True,,False,,False,,False,,0,0,False,,False,False,,False,,False,,False,,False,,False,,0,,False,,False,False,,True,True,True,True,False,False,False,False,10,0,False,0,0,0.0,0.0,0.1606721432172053,9.531711345605133,9.531711345605133,9.531711345605133,9.531711345605133,9.531711345605133,9.531711345605133,0.0,0.0,0.0,0.0,0.0,0.0,-4.35,4.592084946439436,True,False,False,True,True,True,2015-08-05,6.0,0,0,0,0,0,0,0,0,0,0,0,0
16339,Serious Pig,https://www.crunchbase.com/organization/serious-pig,United Kingdom,51.4893335,-0.1440551,2009,2.0,False,True,False,False,False,False,True,False,False,False,False,False,False,False,6,1,2,0.0,0.0,2015-05-08,2015-05-08,Equity Crowdfunding,2015,33.5,True,,False,,2.0,3.0,False,,True,,True,,False,,False,,False,,2,0,True,,True,True,,True,,True,,True,,True,,True,,2,,True,,True,True,,False,False,False,False,False,False,True,True,643,5,True,90,35,0.3888888888888889,0.328504066972036,0.004639509600861782,0.0,0.0,0.0,0.0,0.0,0.0,0.0,0.0,0.0,0.0,0.0,0.0,-4.35,7.170888478512505,False,False,False,False,False,False,,,2,0,2,0,2,0,2,0,2,0,2,0
16460,Outfox Drinks,https://www.crunchbase.com/organization/outfox-e9d0,United Kingdom,51.4129277,-0.3018577,2010,1.0,False,True,False,False,False,False,True,False,False,False,False,False,False,False,7,4,1,1.0,0.25435,2017-04-04,2019-01-18,Venture - Series Unknown,2017,39.0,True,True,False,False,4.0,2.0,False,False,False,False,False,False,False,False,True,True,False,False,0,0,False,False,False,True,True,True,True,True,True,True,True,True,True,True,True,4,2.0,True,True,True,True,True,False,False,False,False,False,False,True,True,645,5,True,2,0,0.0,0.0,0.018486106606485808,0.013847468268258346,0.013847468268258346,0.013847468268258346,0.013847468268258346,0.013847468268258346,0.013847468268258346,0.013847468268258346,0.013847468268258346,0.013847468268258346,0.0,0.0,0.0,2.23,7.696667081526462,False,False,True,False,True,True,,,4,2,4,2,4,2,4,2,4,2,4,2
1536,La Ruche qui dit Oui,https://www.crunchbase.com/organization/la-ruche-qui-dit-oui,France,48.8534951,2.3483915,2010,3.0,False,True,False,False,False,True,True,False,False,True,False,False,False,True,2,1,1,1.0,2.006734,2012-11-01,2012-11-01,Venture - Series Unknown,2012,145.0,True,True,False,False,8.0,37.0,False,False,True,True,False,False,False,False,True,True,False,False,1,1,True,True,True,True,True,True,True,True,True,True,True,True,True,True,True,1,1.0,True,True,True,True,True,False,False,False,False,False,False,True,True,267,4,True,66,28,0.4242424242424242,0.3536400402435783,0.0006205248203236772,0.0,0.0,0.0,0.0,0.0,0.0,0.0,0.0,0.0,0.0,0.0,0.0,2.23,5.993961427306569,False,False,True,False,True,True,,,1,1,1,1,1,1,1,1,1,1,1,1
1631,Bagel Corner,https://www.crunchbase.com/organization/bagel-corner,France,48.8534951,2.3483915,2010,1.0,False,True,False,False,False,False,True,False,False,False,False,False,False,False,4,1,1,0.0,0.0,2014-06-04,2014-06-04,Equity Crowdfunding,2014,90.0,True,,False,,6.0,10.0,False,,False,,False,,False,,False,,False,,1,0,True,,True,True,,True,,True,,True,,True,,True,,1,,True,,True,True,,False,False,False,False,False,False,True,True,267,4,True,66,28,0.4242424242424242,0.3536400402435783,0.0006205248203236772,0.0,0.0,0.0,0.0,0.0,0.0,0.0,0.0,0.0,0.0,0.0,0.0,2.23,5.993961427306569,False,False,False,False,False,False,,,1,0,1,0,1,0,1,0,1,0,1,0
16605,GiveMeTap,https://www.crunchbase.com/organization/givemetap,United Kingdom,51.4893335,-0.1440551,2010,1.0,False,True,False,True,False,False,True,False,False,False,False,False,False,False,5,1,1,0.0,0.0,2015-03-23,2015-03-23,Seed,2015,149.0,False,,True,,4.0,31.0,False,,False,,False,,True,,False,,False,,0,0,False,,False,False,,False,,False,,False,,False,,False,,0,,False,,False,False,,True,True,True,True,False,False,False,False,643,5,True,161,55,0.3416149068322981,0.2938740426997019,0.004639509600861782,8.635723834817247,8.635723834817247,8.635723834817247,8.635723834817247,8.635723834817247,8.635723834817247,0.0,0.0,0.0,0.0,0.0,0.0,2.23,7.170888478512505,False,False,False,False,False,False,,,0,0,0,0,0,0,0,0,0,0,0,0
9507,Fooboo,https://www.crunchbase.com/organization/fooboo,Germany,48.1371079,11.5753822,2010,1.0,True,True,False,False,True,False,True,False,False,True,False,False,False,False,4,3,2,0.0,0.0,2014-10-16,2014-10-16,Seed,2014,191.75,False,,True,,12.8,38.8,False,,True,,False,,False,,False,,False,,0,0,False,,False,False,,False,,False,,False,,False,,False,,4,,True,,True,False,,False,False,False,False,True,True,True,True,129,2,True,21,6,0.2857142857142857,0.251314428280906,0.0,0.4502673904974669,0.433534186946357,0.4558451250145035,0.433534186946357,0.4502673904974669,0.4558451250145035,0.0,0.0,0.0,0.012350485358444432,0.0,0.024700970716888863,2.23,6.55250788703459,False,False,False,False,False,False,,,0,0,0,0,0,0,0,0,0,0,0,0
9029,Coffee Circle,https://www.crunchbase.com/organization/coffee-circle,Germany,52.510885,13.3989367,2010,1.0,False,True,False,False,False,True,True,False,False,False,False,False,False,True,1,6,3,0.0,0.0,2011-07-11,2014-12-20,Series B,2011,56.75,False,,True,,4.5,19.8,False,,False,,False,,False,,True,,False,,0,0,False,,False,False,,False,,False,,False,,False,,False,,9,,True,,False,False,,False,False,False,False,True,False,True,True,171,3,True,48,21,0.4375,0.3629054936893685,0.0,0.4135751425747885,0.14786552184653273,0.6017179238381064,0.14786552184653273,0.4135751425747885,0.6017179238381064,0.0,0.0,0.0,0.22601727268005292,0.0,0.4820054558560445,2.23,6.55250788703459,False,False,True,False,True,True,,,0,0,0,0,0,0,0,0,0,0,0,0
9211,Lieferheld,https://www.crunchbase.com/organization/lieferheld,Germany,52.510885,13.3989367,2010,2.0,False,True,False,False,True,True,True,False,False,True,False,False,False,False,0,3,1,0.0,0.0,2010-11-26,2010-11-26,Venture - Series Unknown,2010,241.0,False,,True,,10.0,92.0,False,,True,,False,,False,,False,,False,,0,0,False,,False,False,,False,,False,,False,,False,,False,,3,,True,,True,True,,False,False,False,False,True,True,True,True,171,3,True,48,20,0.4166666666666667,0.3483066942682158,0.0,0.503232713780143,0.503232713780143,0.503232713780143,0.503232713780143,0.503232713780143,0.503232713780143,0.0,0.0,0.0,0.0,0.0,0.0,2.23,6.398594934535208,True,False,True,True,True,True,2018-12-21,8.0,0,0,0,0,0,0,0,0,0,0,0,0
11261,Cherry Blossom Bakery,https://www.crunchbase.com/organization/cherry-blossom-bakery,Ireland,53.8473852,-9.2881409,2010,1.0,False,False,False,False,False,True,True,False,False,False,False,False,False,False,3,1,1,1.0,0.0,2013-03-20,2013-03-20,Venture - Series Unknown,2013,0.0,False,False,True,True,18.0,80.0,True,True,True,True,True,True,False,False,False,False,False,False,0,0,False,False,False,False,False,False,False,False,False,False,False,False,False,False,False,0,0.0,False,False,False,False,False,True,True,True,True,False,False,False,False,1,0,False,0,0,0.0,0.0,0.20729716743771648,4.976346019166346,4.976346019166346,4.976346019166346,0.0,0.0,0.0,4.976346019166346,4.976346019166346,4.976346019166346,0.0,0.0,0.0,2.23,4.742320024135325,False,False,True,False,True,True,,,0,0,0,0,0,0,0,0,0,0,0,0
6344,Natac,https://www.crunchbase.com/organization/natac,Spain,40.4237276,-3.6899043,2010,2.0,True,True,False,False,True,True,True,True,False,False,False,False,False,False,0,1,1,0.0,0.0,2010-06-08,2010-06-08,Seed,2010,162.0,False,,True,,2.0,30.0,False,,True,,False,,False,,False,,False,,0,0,False,,False,False,,False,,False,,False,,False,,False,,1,,True,,True,True,,False,False,False,False,False,False,True,True,101,2,True,27,3,0.1111111111111111,0.1053605156578263,0.0013966316113990815,0.5043657437075568,0.5043657437075568,0.5043657437075568,0.5043657437075568,0.5043657437075568,0.5043657437075568,0.0,0.0,0.0,0.0,0.0,0.0,2.23,5.540086381985411,False,False,False,False,False,False,,,0,0,0,0,0,0,0,0,0,0,0,0
16429,Magictab,https://www.crunchbase.com/organization/magictab,United Kingdom,51.4893335,-0.1440551,2010,1.0,False,True,False,False,True,True,True,False,False,True,False,False,False,False,5,1,1,0.0,0.91,2015-02-05,2015-02-05,Seed,2015,422.0,True,,False,,8.0,74.0,False,,False,,True,,False,,True,,False,,1,0,True,,True,True,,True,,True,,True,,True,,True,,1,,True,,True,True,,False,False,False,False,False,False,True,True,643,5,True,161,55,0.3416149068322981,0.2938740426997019,0.004639509600861782,0.0,0.0,0.0,0.0,0.0,0.0,0.0,0.0,0.0,0.0,0.0,0.0,2.23,7.170888478512505,False,False,False,False,False,False,,,1,0,1,0,1,0,1,0,1,0,1,0
20136,MiSiedo,https://www.crunchbase.com/organization/misiedo,Italy,45.4371908,12.3345898,2011,2.0,False,False,False,False,False,True,True,False,False,False,False,False,False,False,1,1,2,1.0,0.696432,2012-08-01,2012-08-01,Venture - Series Unknown,2012,49.5,False,False,True,True,0.0,10.5,False,False,True,True,True,False,False,False,False,False,False,False,0,0,False,False,False,False,False,False,False,False,False,False,False,False,False,False,False,2,1.0,True,True,True,True,True,False,False,False,False,False,False,True,True,2,0,False,1,1,1.0,0.6931471805599453,0.24532739962629274,0.22472945491650176,0.20413151020671097,0.2453273996262926,0.20413151020671097,0.20413151020671097,0.20413151020671097,0.2453273996262926,0.2453273996262926,0.2453273996262926,0.24945797158136832,0.24945797158136832,0.24945797158136832,1.9,4.624972813284271,True,False,True,True,True,True,2017-02-28,6.0,0,0,0,0,0,0,0,0,0,0,0,0
9025,nu3,https://www.crunchbase.com/organization/nu3,Germany,52.510885,13.3989367,2011,2.0,True,True,False,False,False,True,True,True,False,True,False,False,False,False,1,4,2,0.0,0.0,2012-03-01,2013-01-01,Venture - Series Unknown,2012,146.5,True,,True,,1.5,39.5,False,,False,,False,,False,,False,,False,,2,0,True,,False,True,,True,,True,,True,,True,,True,,4,,True,,True,True,,False,False,False,False,True,True,True,True,171,3,True,82,37,0.4512195121951219,0.3724042458472762,0.0,0.21130316972560886,0.0,0.4226063394512177,0.0,0.21130316972560886,0.4226063394512177,0.0,0.0,0.0,0.2817375596341451,0.0,0.4226063394512177,1.9,6.398594934535208,True,False,True,True,True,True,2018-07-13,7.0,2,0,2,0,2,0,2,0,2,0,2,0
8978,Pets Premium,https://www.crunchbase.com/organization/petspremium,Germany,48.1371079,11.5753822,2011,1.0,False,True,False,False,False,True,True,False,False,False,False,False,False,False,4,2,1,0.0,3.382252,2015-06-09,2015-06-09,Seed,2015,18.0,True,,False,,9.0,7.0,False,,False,,False,,False,,False,,False,,2,0,True,,True,True,,True,,True,,True,,True,,True,,2,,True,,True,True,,False,False,False,False,True,True,True,True,129,2,True,28,9,0.3214285714285714,0.2787134024690205,0.0,0.0,0.0,0.0,0.0,0.0,0.0,0.0,0.0,0.0,0.0,0.0,0.0,1.9,6.803505257608338,False,False,False,False,False,False,,,2,0,2,0,2,0,2,0,2,0,2,0
16615,CaféPod,https://www.crunchbase.com/organization/cafepod,United Kingdom,51.4893335,-0.1440551,2011,2.0,False,True,False,False,False,False,True,False,False,False,False,False,False,False,1,1,1,0.0,0.0,2012-05-30,2012-05-30,Seed,2012,48.0,True,,False,,8.0,7.0,False,,False,,False,,True,,False,,False,,1,0,True,,True,True,,True,,True,,True,,True,,True,,1,,True,,True,True,,False,False,False,False,False,False,True,True,643,5,True,278,90,0.3237410071942446,0.2804618244782939,0.004639509600861782,0.0,0.0,0.0,0.0,0.0,0.0,0.0,0.0,0.0,0.0,0.0,0.0,1.9,6.55250788703459,False,False,False,False,False,False,,,1,0,1,0,1,0,1,0,1,0,1,0
20161,Cibando,https://www.crunchbase.com/organization/cibando,Italy,41.8933203,12.4829321,2011,1.0,False,False,False,False,False,True,True,False,False,True,False,False,False,False,0,1,1,0.0,0.0,2011-12-30,2011-12-30,Seed,2011,170.0,False,,True,,2.0,42.0,False,,False,,False,,False,,False,,False,,0,0,False,,False,False,,False,,False,,False,,False,,False,,0,,False,,False,True,,False,False,False,False,True,True,True,True,24,1,True,7,3,0.4285714285714285,0.3566749439387323,0.477186331368922,1.18261956218145,1.18261956218145,1.18261956218145,1.18261956218145,1.18261956218145,1.18261956218145,0.0,0.0,0.0,0.0,0.0,0.0,1.9,4.680277658474897,True,False,False,True,True,True,2014-12-18,3.0,0,0,0,0,0,0,0,0,0,0,0,0
8829,Delivery Hero,https://www.crunchbase.com/organization/delivery-hero,Germany,52.510885,13.3989367,2011,6.0,False,True,False,False,True,True,True,False,False,True,False,False,False,False,0,2,1,1.0,0.0,2010-12-01,2010-12-01,Post-IPO Equity,2010,170.0,True,True,False,False,1.0,42.0,False,False,False,False,False,False,False,False,False,False,False,False,2,2,True,True,True,True,True,True,True,True,True,True,True,True,True,True,True,2,2.0,True,True,True,True,True,False,False,False,False,True,True,True,True,171,3,True,82,37,0.4512195121951219,0.3724042458472762,0.0,0.0,0.0,0.0,0.0,0.0,0.0,0.0,0.0,0.0,0.0,0.0,0.0,1.9,6.398594934535208,True,True,False,True,True,True,2017-06-30,6.0,2,2,2,2,2,2,2,2,2,2,2,2
6550,Qualityfry,https://www.crunchbase.com/organization/qualityfry,Spain,40.4237276,-3.6899043,2011,1.0,True,True,False,False,False,True,True,False,False,False,False,False,False,False,5,1,2,1.0,1.449221,2016-01-26,2016-01-26,Seed,2016,78.0,True,True,True,False,8.5,24.0,False,False,False,False,False,False,False,False,False,False,False,False,1,1,True,True,False,True,True,True,True,True,True,True,True,True,True,True,True,2,1.0,True,True,True,True,True,False,False,False,False,False,False,True,True,101,2,True,47,9,0.1914893617021276,0.1752040890250906,0.0013966316113990815,0.2521828718537784,0.0,0.5043657437075568,0.5043657437075568,0.5043657437075568,0.5043657437075568,0.0,0.0,0.0,0.5043657437075568,0.5043657437075568,0.5043657437075568,1.9,5.993961427306569,False,False,False,False,False,False,,,1,1,1,1,1,1,1,1,1,1,1,1
12315,Gifty,https://www.crunchbase.com/organization/gifty,Lithuania,54.6870458,25.2829111,2011,3.0,False,False,False,False,False,True,True,False,False,True,False,False,False,True,4,1,1,1.0,0.685758,2015-01-01,2015-01-01,Seed,2015,71.0,True,True,False,False,4.0,4.0,False,False,False,False,False,False,False,False,False,False,False,False,1,1,True,True,True,True,True,True,True,True,True,True,True,True,True,True,True,1,1.0,True,True,True,False,False,False,False,False,False,False,False,True,True,21,0,False,8,0,0.0,0.0,0.3931527714736103,0.0,0.0,0.0,0.0,0.0,0.0,0.0,0.0,0.0,0.0,0.0,0.0,1.9,3.039749158970765,False,False,False,False,False,False,,,1,1,1,1,1,1,1,1,1,1,1,1
11217,Monford Ag Systems,https://www.crunchbase.com/organization/monford-ag-systems,Ireland,53.7635338,-9.8084904,2011,1.0,True,False,False,False,False,False,True,False,False,True,False,False,False,False,2,1,1,1.0,1.326385,2013-08-05,2013-08-05,Seed,2013,64.0,False,False,True,True,14.0,17.0,False,False,False,False,False,False,False,False,False,False,False,False,0,0,False,False,False,False,False,False,False,False,False,False,False,False,False,False,False,1,1.0,True,True,True,False,False,False,False,False,False,False,False,True,True,0,0,False,0,0,0.0,0.0,0.23880695935289656,0.2259555359509953,0.2259555359509953,0.2259555359509953,0.0,0.0,0.0,0.2259555359509953,0.2259555359509953,0.2259555359509953,0.0,0.0,0.0,1.9,4.742320024135325,False,False,False,False,False,False,,,0,0,0,0,0,0,0,0,0,0,0,0
6885,Onfan,https://www.crunchbase.com/organization/onfan-gastronomy,Spain,41.3825802,2.177073,2011,3.0,False,True,False,False,False,True,True,False,False,True,True,False,False,False,2,2,1,0.0,0.190754,2013-05-01,2014-03-01,Seed,2013,684.0,False,,True,,2.5,52.0,False,,True,,False,,False,,False,,True,,0,0,False,,False,False,,False,,False,,False,,False,,False,,2,,True,,True,True,,False,False,False,False,False,False,True,True,87,2,True,56,17,0.3035714285714285,0.2651077504132418,0.0,0.5043657437075568,0.5043657437075568,0.5043657437075568,0.5043657437075568,0.5043657437075568,0.5043657437075568,0.0,0.0,0.0,0.0,0.0,0.0,1.9,5.303304908059076,False,False,False,False,False,False,,,0,0,0,0,0,0,0,0,0,0,0,0
19765,Cortilia,https://www.crunchbase.com/organization/cortilia,Italy,45.4641943,9.1896346,2011,1.0,False,True,False,False,True,True,True,False,False,False,True,False,False,False,1,1,1,0.0,1.318207,2012-02-10,2012-02-10,Series C,2012,14.0,True,,False,,6.0,0.0,False,,False,,True,,False,,False,,False,,1,0,True,,True,True,,True,,True,,True,,True,,True,,1,,True,,True,True,,False,False,False,False,False,False,True,True,89,1,True,15,4,0.2666666666666666,0.2363887780642303,0.0,0.0,0.0,0.0,0.0,0.0,0.0,0.0,0.0,0.0,0.0,0.0,0.0,1.9,4.624972813284271,False,True,True,True,True,True,,,1,0,1,0,1,0,1,0,1,0,1,0
6812,yocomobien.es,https://www.crunchbase.com/organization/yocomobien-es,Spain,39.4697065,-0.3763353,2011,2.0,False,False,False,False,False,True,True,True,False,False,False,False,False,False,2,1,1,0.0,0.26242,2013-02-27,2013-02-27,Series A,2013,71.0,True,,False,,3.0,2.0,False,,False,,False,,False,,False,,False,,1,0,True,,True,True,,True,,True,,True,,True,,True,,1,,True,,True,False,,False,False,False,False,False,False,True,True,18,0,False,10,0,0.0,0.0,0.3025416859136113,0.0,0.0,0.0,0.0,0.0,0.0,0.0,0.0,0.0,0.0,0.0,0.0,1.9,5.303304908059076,False,False,True,False,True,True,,,1,0,1,0,1,0,1,0,1,0,1,0
16801,Flavrbox,https://www.crunchbase.com/organization/flavrbox,United Kingdom,51.450363,-2.600511,2011,1.0,False,False,False,False,False,True,True,False,False,False,False,False,False,False,1,1,1,0.0,0.0,2012-12-01,2012-12-01,Seed,2012,350.0,False,,True,,1.0,36.0,False,,True,,True,,False,,False,,False,,0,0,False,,False,False,,False,,False,,False,,False,,False,,1,,True,,True,True,,False,False,False,False,False,False,True,True,11,1,True,5,3,0.6,0.4700036292457355,0.09861106188293778,0.1701966800850627,0.1701966800850627,0.1701966800850627,0.1701966800850627,0.1701966800850627,0.1701966800850627,0.0,0.0,0.0,0.0,0.0,0.0,1.9,6.55250788703459,False,False,False,False,False,False,,,0,0,0,0,0,0,0,0,0,0,0,0
16322,SafetyNet Technologies,https://www.crunchbase.com/organization/safetynet,United Kingdom,51.4893335,-0.1440551,2011,3.0,True,True,False,False,True,False,True,False,False,True,False,False,False,False,9,1,1,0.0,1.41757,2020-02-07,2020-02-07,Seed,2020,10.0,False,,True,,2.0,0.0,False,,False,,False,,False,,False,,False,,0,0,False,,False,False,,False,,False,,False,,False,,False,,0,,False,,False,False,,True,True,True,True,False,False,False,False,643,5,True,278,90,0.3237410071942446,0.2804618244782939,0.004639509600861782,5.9028214403455195,5.9028214403455195,5.9028214403455195,5.9028214403455195,5.9028214403455195,5.9028214403455195,0.0,0.0,0.0,0.0,0.0,0.0,1.9,7.901377353792616,False,False,False,False,False,False,,,0,0,0,0,0,0,0,0,0,0,0,0
16285,Weedingtech,https://www.crunchbase.com/organization/weedingtech,United Kingdom,51.4893335,-0.1440551,2011,2.0,True,True,False,False,True,False,True,False,False,False,False,False,False,False,1,1,1,1.0,1.832144,2012-11-23,2012-11-23,Venture - Series Unknown,2012,53.0,False,False,True,True,2.0,5.0,False,False,False,False,False,False,False,False,False,False,False,False,0,0,False,False,False,False,False,False,False,False,False,False,False,False,False,False,False,1,1.0,True,True,True,False,False,False,False,False,False,False,False,True,True,643,5,True,278,90,0.3237410071942446,0.2804618244782939,0.004639509600861782,0.1602789062301372,0.1602789062301372,0.1602789062301372,0.0,0.0,0.0,0.1602789062301372,0.1602789062301372,0.1602789062301372,0.0,0.0,0.0,1.9,6.55250788703459,False,False,True,False,True,True,,,0,0,0,0,0,0,0,0,0,0,0,0
1255,Naïo Technologies,https://www.crunchbase.com/organization/naio-technologies,France,43.518347,1.537372,2011,2.0,True,False,False,False,True,False,True,False,False,True,False,False,False,False,4,1,2,1.0,3.285802,2015-12-22,2015-12-22,Series B,2015,26.5,False,False,True,True,8.5,3.0,True,True,False,False,False,False,False,False,False,False,False,False,0,0,False,False,False,False,False,False,False,False,False,False,False,False,False,False,False,2,1.0,True,True,True,True,True,False,False,False,False,False,False,True,True,5,0,False,1,0,0.0,0.0,0.24321465108325707,0.48919045014517937,0.3818732559440448,0.5965076443463139,0.3818732559440448,0.3818732559440448,0.3818732559440448,0.5965076443463139,0.5965076443463139,0.5965076443463139,0.4816555457478857,0.4816555457478857,0.4816555457478857,1.9,6.2166061010848646,False,True,True,True,True,True,,,0,0,0,0,0,0,0,0,0,0,0,0
1795,Claus Paris,https://www.crunchbase.com/organization/claus-paris,France,48.8534951,2.3483915,2011,1.0,False,True,False,False,True,True,True,False,False,False,False,False,False,False,6,1,1,1.0,0.668189,2017-06-20,2017-06-20,Seed,2017,96.0,False,False,True,True,16.0,18.0,False,False,False,False,False,False,False,False,False,False,False,False,0,0,False,False,False,False,False,False,False,False,False,False,False,False,False,False,False,1,1.0,True,True,True,False,False,False,False,False,False,False,False,True,True,267,4,True,96,39,0.40625,0.3409265869705932,0.0006205248203236772,0.5817272400460884,0.5817272400460884,0.5817272400460884,0.0,0.0,0.0,0.5817272400460884,0.5817272400460884,0.5817272400460884,0.0,0.0,0.0,1.9,6.803505257608338,False,False,False,False,False,False,,,0,0,0,0,0,0,0,0,0,0,0,0
10741,Wisecrop,https://www.crunchbase.com/organization/wisecrop,Portugal,38.7917383,-9.1918696,2012,5.0,True,True,False,False,False,False,True,False,False,True,False,False,False,False,2,1,1,0.0,0.425495,2014-12-30,2014-12-30,Seed,2014,3.0,False,,True,,7.0,1.0,False,,False,,False,,False,,False,,False,,0,0,False,,False,False,,False,,False,,False,,False,,False,,1,,True,,True,False,,False,False,False,False,False,False,True,True,49,0,False,8,2,0.25,0.2231435513142097,0.01049742554763717,0.313607626405343,0.313607626405343,0.313607626405343,0.313607626405343,0.313607626405343,0.313607626405343,0.0,0.0,0.0,0.0,0.0,0.0,-0.7,3.629660094453965,False,False,False,False,False,False,,,0,0,0,0,0,0,0,0,0,0,0,0
6513,Dietox,https://www.crunchbase.com/organization/dietox,Spain,41.3825802,2.177073,2012,1.0,True,True,False,False,False,True,True,True,False,False,False,False,False,False,3,3,3,0.0,1.127526,2015-03-24,2020-12-10,Seed,2015,103.14285714285714,True,,True,,8.4,20.4,False,,True,,False,,False,,False,,False,,2,0,True,,False,True,,True,,True,,True,,True,,True,,7,,True,,True,True,,False,False,False,False,False,False,True,True,87,2,True,85,25,0.2941176470588235,0.2578291093020997,0.0,0.36026124550539773,0.0,0.5043657437075568,0.0,0.36026124550539773,0.5043657437075568,0.0,0.0,0.0,0.24017416367026512,0.0,0.5043657437075568,-0.7,6.2166061010848646,False,False,False,False,False,False,,,2,0,2,0,2,0,2,0,2,0,2,0
6806,ClubKviar,https://www.crunchbase.com/organization/clubkviar,Spain,40.4237276,-3.6899043,2012,3.0,False,True,False,False,False,True,True,False,False,True,False,False,False,False,1,1,1,0.0,0.924702,2013-09-01,2013-09-01,Seed,2013,1.0,True,,False,,10.0,1.0,False,,False,,False,,False,,False,,False,,1,0,True,,True,True,,True,,True,,True,,True,,True,,1,,True,,True,True,,False,False,False,False,False,False,True,True,101,2,True,81,15,0.1851851851851851,0.1698990367953974,0.0013966316113990815,0.0,0.0,0.0,0.0,0.0,0.0,0.0,0.0,0.0,0.0,0.0,0.0,-0.7,5.303304908059076,True,False,False,True,True,True,2018-04-18,6.0,1,0,1,0,1,0,1,0,1,0,1,0
1147,Storyous,https://www.crunchbase.com/organization/storyous,Czech Republic,50.0596288,14.4464593,2012,3.0,True,True,False,False,False,True,True,False,True,True,False,False,False,False,2,1,1,0.0,0.049408,2014-06-10,2014-06-10,Seed,2014,45.0,True,,False,,1.0,10.0,False,,False,,False,,False,,False,,False,,1,0,True,,True,True,,True,,True,,True,,True,,True,,1,,True,,True,True,,False,False,False,False,False,False,True,True,59,0,False,15,3,0.2,0.1823215567939546,0.0,0.0,0.0,0.0,0.0,0.0,0.0,0.0,0.0,0.0,0.0,0.0,0.0,-0.7,2.128231705849268,True,False,False,True,True,True,2020-12-31,8.0,1,0,1,0,1,0,1,0,1,0,1,0
6700,Teterum,https://www.crunchbase.com/organization/teterum-es,Spain,41.3825802,2.177073,2012,2.0,False,True,False,False,False,True,True,False,False,False,False,False,False,False,4,1,1,1.0,0.066651,2016-02-18,2016-02-18,Seed,2016,42.0,True,True,False,False,3.0,3.0,False,False,False,False,True,True,False,False,False,False,False,False,1,1,True,True,True,True,True,True,True,True,True,True,True,True,True,True,True,1,1.0,True,True,True,True,True,False,False,False,False,False,False,True,True,87,2,True,85,25,0.2941176470588235,0.2578291093020997,0.0,0.0,0.0,0.0,0.0,0.0,0.0,0.0,0.0,0.0,0.0,0.0,0.0,-0.7,5.993961427306569,False,False,False,False,False,False,,,1,1,1,1,1,1,1,1,1,1,1,1
6636,Niwa,https://www.crunchbase.com/organization/niwa,Spain,36.8414197,-2.4628135,2012,3.0,False,False,False,False,False,True,True,False,False,True,False,False,False,False,2,2,1,1.0,0.05,2014-01-08,2017-04-19,Seed,2014,0.0,False,False,True,True,20.5,80.0,True,True,True,True,True,True,False,False,False,False,False,False,0,0,False,False,False,False,False,False,False,False,False,False,False,False,False,False,False,0,0.0,False,False,False,False,False,True,True,True,True,False,False,False,False,0,0,False,0,0,0.0,0.0,0.4118911268469424,6.107042054399735,6.107042054399735,6.107042054399735,6.107042054399735,6.107042054399735,6.107042054399735,6.107042054399735,6.107042054399735,6.107042054399735,0.0,0.0,0.0,-0.7,5.707110264748875,False,False,False,False,False,False,,,0,0,0,0,0,0,0,0,0,0,0,0
5373,VitalFields,https://www.crunchbase.com/organization/vitalfields,Estonia,59.4372155,24.7453688,2012,2.0,True,True,False,False,False,False,True,False,False,True,False,False,False,False,0,2,4,1.0,0.680749,2012-07-01,2014-01-07,Series A,2012,140.25,True,True,True,False,1.3,9.5,False,False,True,False,True,False,False,False,False,False,False,False,3,1,True,True,False,True,True,True,True,True,True,True,True,True,True,True,True,3,1.0,True,True,False,True,True,True,True,False,False,False,False,True,False,39,0,False,11,0,0.0,0.0,0.0,2.1705298605557077,0.0,8.682119442222831,0.0,2.8940398140742767,8.682119442222831,0.0,0.0,0.0,4.3410597211114155,0.0,8.682119442222831,-0.7,2.747270914255491,True,False,True,True,True,True,2016-11-21,4.0,3,1,3,1,3,1,3,1,3,1,3,1
11952,CleanGreens Solutions SA,https://www.crunchbase.com/organization/combagroup,Switzerland,46.5228203,6.6261636,2012,2.0,True,True,False,False,False,False,True,False,False,False,False,True,False,False,2,1,1,0.0,1.462534,2014-02-21,2014-02-21,Venture - Series Unknown,2014,160.0,False,,True,,4.0,24.0,False,,True,,False,,False,,False,,False,,0,0,False,,False,False,,False,,False,,False,,False,,False,,1,,True,,True,False,,False,False,False,False,True,True,True,True,15,1,True,5,2,0.4,0.3364722366212129,0.0005123413417637446,0.16072526708118853,0.16072526708118853,0.16072526708118853,0.16072526708118853,0.16072526708118853,0.16072526708118853,0.0,0.0,0.0,0.0,0.0,0.0,-0.7,4.61512051684126,False,False,True,False,True,True,,,0,0,0,0,0,0,0,0,0,0,0,0
16904,Wellbeing Network,https://www.crunchbase.com/organization/wellbeing-network,United Kingdom,51.4893335,-0.1440551,2012,1.0,False,True,False,False,False,True,True,True,False,False,True,False,False,False,2,1,1,0.0,0.251159,2014-03-01,2014-03-01,Seed,2014,203.0,True,,False,,2.0,24.0,False,,True,,False,,False,,True,,False,,1,0,True,,True,True,,True,,True,,True,,True,,True,,1,,True,,True,True,,False,False,False,False,False,False,True,True,643,5,True,440,132,0.3,0.262364264467491,0.004639509600861782,0.0,0.0,0.0,0.0,0.0,0.0,0.0,0.0,0.0,0.0,0.0,0.0,-0.7,6.803505257608338,False,False,False,False,False,False,,,1,0,1,0,1,0,1,0,1,0,1,0
16953,Yucoco,https://www.crunchbase.com/organization/yucoco,United Kingdom,51.4893335,-0.1440551,2012,2.0,False,True,False,False,False,True,True,False,False,False,False,False,False,False,2,1,1,0.0,0.116402,2014-12-29,2014-12-29,Seed,2014,39.0,True,,False,,0.0,2.0,False,,False,,False,,False,,True,,False,,1,0,True,,True,True,,True,,True,,True,,True,,True,,1,,True,,True,True,,False,False,False,False,False,False,True,True,643,5,True,440,132,0.3,0.262364264467491,0.004639509600861782,0.0,0.0,0.0,0.0,0.0,0.0,0.0,0.0,0.0,0.0,0.0,0.0,-0.7,6.803505257608338,False,False,False,False,False,False,,,1,0,1,0,1,0,1,0,1,0,1,0
10993,Talam Biotech,https://www.crunchbase.com/organization/microgen-biotech,Ireland,52.8408344,-6.9261131,2012,1.0,True,False,False,False,True,False,True,True,False,False,False,False,False,False,5,2,2,1.0,0.15,2017-04-26,2018-01-10,Venture - Series Unknown,2017,90.0,False,False,True,True,11.5,5.5,True,True,False,False,True,False,False,False,False,False,False,False,0,0,False,False,False,False,False,False,False,False,False,False,False,False,False,False,False,0,0.0,False,False,False,False,False,True,True,True,False,False,False,False,False,1,0,False,0,0,0.0,0.0,0.07191968818041633,9.737778937397525,8.209411334439354,11.266146540355695,8.209411334439354,8.209411334439354,8.209411334439354,11.266146540355695,11.266146540355695,11.266146540355695,13.65023238047232,13.65023238047232,13.65023238047232,-0.7,5.17105201550216,False,False,True,False,True,True,,,0,0,0,0,0,0,0,0,0,0,0,0
10869,Fresco,https://www.crunchbase.com/organization/fresco-cooks,Ireland,53.3436671,-6.2544366,2012,4.0,False,True,False,False,False,False,True,False,False,True,False,False,False,False,2,4,4,2.0,3.5,2014-01-01,2018-05-15,Series B,2014,163.5,False,False,True,True,8.6,28.6,False,False,False,False,False,False,False,False,False,False,False,False,0,0,False,False,False,False,False,False,False,False,False,False,False,False,False,False,False,0,0.0,False,False,False,True,True,True,True,True,False,False,False,True,False,34,0,False,61,15,0.2459016393442623,0.2198594761130198,0.0007540886496293537,5.895898490545509,0.46265857540425226,8.281609281105307,0.46265857540425226,6.911741532072662,8.281609281105307,0.46265857540425226,4.3721339282547795,8.281609281105307,6.467375648061239,0.0,9.544921548979296,-0.7,4.531523645819793,False,True,True,True,True,True,,,0,0,0,0,0,0,0,0,0,0,0,0
11230,Harpoon Connect,https://www.crunchbase.com/organization/voucherlink,Ireland,52.2692116,-9.7057047,2012,1.0,True,False,False,False,False,True,True,False,True,True,True,False,False,False,2,2,1,0.0,0.122863,2014-03-01,2015-04-01,Venture - Series Unknown,2014,684.0,False,,True,,3.5,52.0,False,,True,,False,,False,,False,,True,,0,0,False,,False,False,,False,,False,,False,,False,,False,,0,,False,,False,True,,False,False,False,False,False,False,True,True,0,0,False,0,0,0.0,0.0,0.26081993292090966,1.3945429355966887,1.3945429355966887,1.3945429355966887,1.3945429355966887,1.3945429355966887,1.3945429355966887,0.0,0.0,0.0,0.0,0.0,0.0,-0.7,4.531523645819793,False,False,True,False,True,True,,,0,0,0,0,0,0,0,0,0,0,0,0
11240,Veronica's Snacks,https://www.crunchbase.com/organization/veronica-s-snacks,Ireland,51.8985136,-8.4726423,2012,1.0,False,False,False,False,False,True,True,True,False,False,False,False,False,False,3,1,2,0.0,0.527121,2015-02-23,2015-02-23,Seed,2015,39.0,False,,True,,18.0,16.0,False,,False,,False,,False,,True,,False,,0,0,False,,False,False,,False,,False,,False,,False,,False,,2,,True,,True,True,,False,False,False,False,False,False,True,True,2,0,False,5,2,0.4,0.3364722366212129,0.2198027074265303,0.2459121387903328,0.21962513333732103,0.2721991442433445,0.21962513333732103,0.2459121387903328,0.2721991442433445,0.0,0.0,0.0,0.0741231112819548,0.0741231112819548,0.0741231112819548,-0.7,4.528289141652134,False,False,False,False,False,False,,,0,0,0,0,0,0,0,0,0,0,0,0
8918,Hundeland.de,https://www.crunchbase.com/organization/hundeland-de,Germany,48.1371079,11.5753822,2012,2.0,False,True,False,False,False,True,True,False,False,False,False,False,False,False,0,4,2,2.0,0.0,2012-03-22,2013-01-01,Venture - Series Unknown,2012,33.0,True,True,True,True,1.5,9.5,False,False,False,False,False,False,False,False,False,False,False,False,2,2,True,True,False,True,True,True,True,True,True,True,True,True,True,True,True,4,4.0,True,True,True,True,True,False,False,False,False,True,True,True,True,129,2,True,54,19,0.3518518518518518,0.3014753945841167,0.0,0.18040565598259134,0.0,0.3608113119651827,0.0,0.0,0.0,0.0,0.18040565598259134,0.3608113119651827,0.2405408746434551,0.0,0.3608113119651827,-0.7,6.398594934535208,True,False,True,True,True,True,2016-08-01,4.0,2,2,2,2,2,2,2,2,2,2,2,2
16298,Zero Carbon Farms,https://www.crunchbase.com/organization/zero-carbon-food,United Kingdom,51.4893335,-0.1440551,2012,2.0,True,True,False,False,False,False,True,False,False,False,False,True,False,False,1,1,2,1.0,0.960818,2013-02-04,2013-02-04,Equity Crowdfunding,2013,12.0,True,False,True,True,4.5,0.5,False,False,False,False,False,False,False,False,False,False,False,False,1,0,True,False,False,True,False,True,False,True,False,True,False,True,False,True,False,1,0.0,True,False,False,True,True,False,False,False,False,True,False,True,True,643,5,True,440,132,0.3,0.262364264467491,0.004639509600861782,0.466328883885615,0.0,0.9326577677712301,0.0,0.0,0.0,0.9326577677712301,0.9326577677712301,0.9326577677712301,0.9326577677712301,0.9326577677712301,0.9326577677712301,-0.7,6.55250788703459,False,False,False,False,False,False,,,1,0,1,0,1,0,1,0,1,0,1,0
9089,P & T,https://www.crunchbase.com/organization/p-t,Germany,52.510885,13.3989367,2012,1.0,False,True,False,False,False,True,True,False,False,False,False,False,False,False,1,2,1,0.0,0.0,2013-12-06,2013-12-06,Series B,2013,172.0,True,,False,,16.0,40.0,False,,False,,False,,False,,False,,False,,2,0,True,,True,True,,True,,True,,True,,True,,True,,2,,True,,True,True,,False,False,False,False,True,True,True,True,171,3,True,149,68,0.4563758389261745,0.3759510475950004,0.0,0.0,0.0,0.0,0.0,0.0,0.0,0.0,0.0,0.0,0.0,0.0,0.0,-0.7,6.55250788703459,False,False,True,False,True,True,,,2,0,2,0,2,0,2,0,2,0,2,0
16254,RootWave,https://www.crunchbase.com/organization/rootwave,United Kingdom,52.1574699,-1.5080688,2012,1.0,True,False,False,False,False,False,True,False,False,True,False,False,False,False,5,1,1,1.0,1.0,2017-08-30,2017-08-30,Series A,2017,23.0,False,False,True,True,1.0,3.0,True,True,False,False,False,False,False,False,False,False,False,False,0,0,False,False,False,False,False,False,False,False,False,False,False,False,False,False,False,0,0.0,False,False,False,True,True,False,False,False,False,False,False,True,True,20,1,True,1,0,0.0,0.0,0.048235283724498805,0.34552582896165157,0.34552582896165157,0.34552582896165157,0.0,0.0,0.0,0.34552582896165157,0.34552582896165157,0.34552582896165157,0.0,0.0,0.0,-0.7,7.696667081526462,False,False,True,False,True,True,,,0,0,0,0,0,0,0,0,0,0,0,0
16283,Farmdrop,https://www.crunchbase.com/organization/farmdrop,United Kingdom,51.4893335,-0.1440551,2012,3.0,False,True,False,False,False,True,True,False,False,True,False,True,False,False,4,1,2,1.0,4.376885,2016-02-03,2016-02-03,Series C,2016,120.5,True,True,False,False,7.0,31.0,True,False,True,True,False,False,False,False,False,False,False,False,2,1,True,True,True,True,True,True,True,True,True,True,True,True,True,True,True,2,1.0,True,True,True,True,True,False,False,False,False,False,False,True,True,643,5,True,440,131,0.2977272727272727,0.2606144827437033,0.004639509600861782,0.0,0.0,0.0,0.0,0.0,0.0,0.0,0.0,0.0,0.0,0.0,0.0,-0.7,6.803505257608338,False,True,True,True,True,True,,,2,1,2,1,2,1,2,1,2,1,2,1
19974,Nutrivend,https://www.crunchbase.com/organization/nutrivend,Italy,43.923546,10.889114,2012,3.0,False,False,False,False,False,True,True,True,False,False,False,False,False,False,5,1,1,1.0,0.805838,2017-03-17,2017-03-17,Seed,2017,4.0,False,False,True,True,20.0,0.0,False,False,False,False,False,False,False,False,False,False,False,False,0,0,False,False,False,False,False,False,False,False,False,False,False,False,False,False,False,0,0.0,False,False,False,False,False,False,False,False,False,False,False,True,True,4,0,False,0,0,0.0,0.0,0.21769071868794912,1.3431769980602497,1.3431769980602497,1.3431769980602497,0.0,0.0,0.0,1.3431769980602497,1.3431769980602497,1.3431769980602497,0.0,0.0,0.0,-0.7,4.906755163608864,False,False,False,False,False,False,,,0,0,0,0,0,0,0,0,0,0,0,0
20143,Tacatì,https://www.crunchbase.com/organization/tacat,Italy,44.8260126,8.2026863,2012,2.0,False,False,False,False,False,True,True,False,False,False,False,False,False,False,1,1,1,0.0,1.319724,2013-09-02,2013-09-02,Seed,2013,38.0,False,,True,,11.0,8.0,False,,False,,False,,False,,False,,False,,0,0,False,,False,False,,False,,False,,False,,False,,False,,1,,True,,True,True,,False,False,False,False,False,False,True,True,14,0,False,0,0,0.0,0.0,0.10500806957463424,0.10500806957463436,0.10500806957463436,0.10500806957463436,0.10500806957463436,0.10500806957463436,0.10500806957463436,0.0,0.0,0.0,0.0,0.0,0.0,-0.7,4.370712874773608,False,False,False,False,False,False,,,0,0,0,0,0,0,0,0,0,0,0,0
20142,Svinando,https://www.crunchbase.com/organization/svinando,Italy,45.0677551,7.6824892,2012,2.0,False,False,False,False,False,True,True,False,False,False,False,False,False,False,2,1,1,0.0,0.136279,2014-06-01,2014-06-01,Seed,2014,18.0,True,,False,,0.0,3.0,False,,False,,False,,False,,False,,False,,1,0,True,,True,True,,True,,True,,True,,True,,True,,1,,True,,True,False,,False,False,False,False,False,False,True,True,14,0,False,7,1,0.1428571428571428,0.1335313926245225,0.12591627866066715,0.0,0.0,0.0,0.0,0.0,0.0,0.0,0.0,0.0,0.0,0.0,0.0,-0.7,3.977810745966149,True,False,False,True,True,True,2018-03-29,6.0,1,0,1,0,1,0,1,0,1,0,1,0
20125,eBoox,https://www.crunchbase.com/organization/eboox,Italy,45.4641943,9.1896346,2012,1.0,True,True,False,False,False,True,True,False,False,False,False,False,True,False,3,1,2,1.0,2.06427,2015-05-06,2015-05-06,Seed,2015,37.5,True,True,False,False,2.0,10.0,False,False,True,True,False,False,False,False,False,False,False,False,2,1,True,True,True,True,True,True,True,True,True,True,True,True,True,True,True,2,1.0,True,True,True,True,True,False,False,False,False,False,False,True,True,89,1,True,31,7,0.2258064516129032,0.2035989552412395,0.0,0.0,0.0,0.0,0.0,0.0,0.0,0.0,0.0,0.0,0.0,0.0,0.0,-0.7,4.33990170837321,False,False,False,False,False,False,,,2,1,2,1,2,1,2,1,2,1,2,1
16428,Soupologie,https://www.crunchbase.com/organization/soupologie,United Kingdom,51.4893335,-0.1440551,2012,2.0,False,True,False,False,False,False,True,False,False,False,False,False,False,False,2,1,1,0.0,0.572982,2014-01-01,2014-01-01,Series A,2014,16.0,False,,True,,22.0,9.0,False,,False,,False,,False,,True,,False,,0,0,False,,False,False,,False,,False,,False,,False,,False,,0,,False,,False,False,,False,False,False,False,False,False,True,True,643,5,True,440,132,0.3,0.262364264467491,0.004639509600861782,2.09147607682961,2.09147607682961,2.09147607682961,2.09147607682961,2.09147607682961,2.09147607682961,0.0,0.0,0.0,0.0,0.0,0.0,-0.7,6.803505257608338,False,False,True,False,True,True,,,0,0,0,0,0,0,0,0,0,0,0,0
20046,Sgnam,https://www.crunchbase.com/organization/sgnam,Italy,44.4938203,11.3426327,2012,2.0,False,False,False,False,False,True,True,False,False,False,False,False,False,False,1,2,3,1.0,0.578816,2013-10-31,2014-07-01,Seed,2013,56.2,True,False,True,True,0.6,11.0,False,False,True,True,True,False,False,False,True,False,False,False,0,0,False,False,False,True,False,False,False,False,False,False,False,False,False,False,False,5,2.0,True,True,True,True,True,False,False,False,False,False,False,True,True,7,1,True,2,0,0.0,0.0,0.2007881922946392,0.17679188928026554,0.08080667722277089,0.2007881922946392,0.08080667722277089,0.16079435393734978,0.2007881922946392,0.2007881922946392,0.2007881922946392,0.2007881922946392,0.09978318863254734,0.0,0.24945797158136832,-0.7,4.370712874773608,False,False,False,False,False,False,,,0,0,0,0,0,0,0,0,0,0,1,0
16141,Gousto,https://www.crunchbase.com/organization/gousto,United Kingdom,51.4893335,-0.1440551,2012,2.0,False,True,False,False,True,True,True,False,False,False,False,False,False,True,1,1,1,1.0,2.0,2013-12-09,2013-12-09,Venture - Series Unknown,2013,121.0,True,True,False,False,13.0,29.0,False,False,False,False,False,False,False,False,False,False,False,False,1,1,True,True,True,True,True,True,True,True,True,True,True,True,True,True,True,1,1.0,True,True,True,True,True,False,False,False,False,False,False,True,True,643,5,True,440,131,0.2977272727272727,0.2606144827437033,0.004639509600861782,0.0,0.0,0.0,0.0,0.0,0.0,0.0,0.0,0.0,0.0,0.0,0.0,-0.7,6.55250788703459,False,True,True,True,True,True,,,1,1,1,1,1,1,1,1,1,1,1,1
9356,9Cookies,https://www.crunchbase.com/organization/9cookies,Germany,52.510885,13.3989367,2012,2.0,False,True,False,False,False,True,True,False,False,False,False,False,False,False,1,2,2,0.0,0.0,2013-04-18,2013-04-18,Seed,2013,30.5,True,,False,,0.5,12.5,False,,False,,False,,True,,False,,False,,4,0,True,,True,True,,True,,True,,True,,True,,True,,4,,True,,True,True,,False,False,False,False,True,True,True,True,171,3,True,149,67,0.4496644295302013,0.3713321017387058,0.0,0.0,0.0,0.0,0.0,0.0,0.0,0.0,0.0,0.0,0.0,0.0,0.0,-0.7,6.55250788703459,True,False,False,True,True,True,2014-06-05,2.0,4,0,4,0,4,0,4,0,4,0,4,0
900,Foodback,https://www.crunchbase.com/organization/foodback-4249,Norway,58.9699675,5.7318101,2012,4.0,True,False,False,False,True,False,True,False,False,True,False,False,False,False,5,1,1,1.0,0.0,2017-01-05,2017-01-05,Undisclosed,2017,4.0,True,True,False,False,2.0,1.0,False,False,False,False,True,True,False,False,False,False,False,False,1,1,True,True,True,True,True,True,True,True,True,True,True,True,True,True,True,1,1.0,True,True,True,False,False,False,False,False,False,False,False,True,True,5,0,False,0,0,0.0,0.0,0.3017902841292199,0.0,0.0,0.0,0.0,0.0,0.0,0.0,0.0,0.0,0.0,0.0,0.0,-0.7,4.330733340286331,False,False,False,False,False,False,,,1,1,1,1,1,1,1,1,1,1,1,1
840,Tag Sensors,https://www.crunchbase.com/organization/tag-sensors,Norway,67.0727278,14.5740001,2012,1.0,True,False,False,False,True,False,True,True,False,False,False,False,False,False,6,1,1,0.0,3.500998,2018-03-20,2018-03-20,Venture - Series Unknown,2018,22.0,False,,True,,4.0,4.0,True,,False,,True,,False,,False,,True,,0,0,False,,False,False,,False,,False,,False,,False,,False,,0,,False,,False,True,,False,False,False,False,False,False,True,True,0,0,False,0,0,0.0,0.0,0.818139575489964,1.9124881760412455,1.9124881760412455,1.9124881760412455,1.9124881760412455,1.9124881760412455,1.9124881760412455,0.0,0.0,0.0,0.0,0.0,0.0,-0.7,4.61512051684126,False,False,True,False,True,True,,,0,0,0,0,0,0,0,0,0,0,0,0
524,Skubacz.pl Sp. z o.o,https://www.crunchbase.com/organization/skubacz-pl-sp-z-o-o,Poland,50.3086154,18.7863749,2012,1.0,False,False,False,False,True,True,True,False,False,True,False,False,False,False,0,1,1,0.0,0.156556,2012-10-25,2012-10-25,Seed,2012,37.0,False,,True,,4.0,4.0,False,,False,,False,,False,,False,,False,,0,0,False,,False,False,,False,,False,,False,,False,,False,,1,,True,,True,True,,False,False,False,False,False,False,True,True,3,0,False,0,0,0.0,0.0,0.26378821093690097,0.26378821093690114,0.26378821093690114,0.26378821093690114,0.26378821093690114,0.26378821093690114,0.26378821093690114,0.0,0.0,0.0,0.0,0.0,0.0,-0.7,2.388762789235098,False,False,False,False,False,False,,,0,0,0,0,0,0,0,0,0,0,0,0
574,OpenCard Sp. z oo,https://www.crunchbase.com/organization/opencard-sp-z-oo,Poland,50.0374531,22.0047174,2012,2.0,True,False,False,False,False,False,True,False,False,False,True,False,False,False,2,1,1,1.0,1.31199,2014-03-05,2014-03-05,Seed,2014,16.0,False,False,True,True,9.0,0.0,False,False,False,False,False,False,False,False,True,True,False,False,0,0,False,False,False,False,False,False,False,False,False,False,False,False,False,False,False,1,1.0,True,True,True,False,False,False,False,False,False,False,False,True,True,0,0,False,0,0,0.0,0.0,0.25375216046178817,0.14766734701428422,0.14766734701428422,0.14766734701428422,0.0,0.0,0.0,0.14766734701428422,0.14766734701428422,0.14766734701428422,0.0,0.0,0.0,-0.7,3.214867803470662,False,False,False,False,False,False,,,0,0,0,0,0,0,0,0,0,0,0,0
9223,futalis,https://www.crunchbase.com/organization/futalis-gmbh-2,Germany,51.3406321,12.3747329,2012,2.0,False,False,False,False,False,True,True,True,False,False,False,False,False,False,0,2,2,0.0,0.0,2012-04-26,2012-04-26,Seed,2012,285.6666666666667,True,,True,,5.0,47.7,False,,True,,False,,False,,False,,False,,2,0,True,,False,True,,True,,True,,True,,True,,True,,3,,True,,True,False,,False,False,False,False,True,True,True,True,5,0,False,9,4,0.4444444444444444,0.3677247801253173,0.14786552184653276,0.12488189125210351,0.0,0.3746456737563105,0.0,0.12488189125210351,0.3746456737563105,0.0,0.0,0.0,0.24976378250420703,0.0,0.3746456737563105,-0.7,6.398594934535208,False,False,False,False,False,False,,,2,0,2,0,2,0,2,0,2,0,2,0
2034,Wineta,https://www.crunchbase.com/organization/wineta,France,44.841225,-0.5800364,2012,3.0,False,False,False,False,True,False,True,False,False,False,False,False,False,False,3,1,1,0.0,0.016774,2015-03-02,2015-03-02,Seed,2015,12.0,True,,False,,2.0,1.0,True,,False,,True,,False,,False,,False,,1,0,True,,True,True,,True,,True,,True,,True,,True,,1,,True,,True,False,,False,False,False,False,False,False,True,True,10,0,False,5,1,0.2,0.1823215567939546,0.4448983784631913,0.0,0.0,0.0,0.0,0.0,0.0,0.0,0.0,0.0,0.0,0.0,0.0,-0.7,6.2166061010848646,False,False,False,False,False,False,,,1,0,1,0,1,0,1,0,1,0,1,0
2058,Steripure,https://www.crunchbase.com/organization/steripure,France,44.4776793,6.2484788,2012,1.0,True,False,False,False,True,False,True,False,False,False,False,False,False,False,1,1,1,0.0,0.600222,2013-09-16,2013-09-16,Seed,2013,8.0,False,,True,,3.0,0.0,False,,False,,False,,False,,False,,False,,0,0,False,,False,False,,False,,False,,False,,False,,False,,1,,True,,True,False,,False,False,False,False,False,False,True,True,1,0,False,2,0,0.0,0.0,0.2292620980241292,0.1805888448298309,0.1805888448298309,0.1805888448298309,0.1805888448298309,0.1805888448298309,0.1805888448298309,0.0,0.0,0.0,0.0,0.0,0.0,-0.7,6.2166061010848646,False,False,False,False,False,False,,,0,0,0,0,0,0,0,0,0,0,0,0
16561,Pact,https://www.crunchbase.com/organization/pactcoffee,United Kingdom,51.5017679,-0.0697911,2012,1.0,False,True,False,False,True,True,True,False,False,False,False,False,False,False,1,1,1,1.0,0.0,2013-03-27,2013-03-27,Venture - Series Unknown,2013,7.0,False,False,True,True,0.0,0.0,False,False,False,False,False,False,False,False,False,False,False,False,0,0,False,False,False,False,False,False,False,False,False,False,False,False,False,False,False,0,0.0,False,False,False,False,False,True,True,True,True,False,False,False,False,642,5,True,440,132,0.3,0.262364264467491,0.0021757171132735253,8.758825248231082,8.758825248231082,8.758825248231082,0.0,0.0,0.0,8.758825248231082,8.758825248231082,8.758825248231082,0.0,0.0,0.0,-0.7,6.55250788703459,False,False,True,False,True,True,,,0,0,0,0,0,0,0,0,0,0,0,0
16552,LYMA.LIFE,https://www.crunchbase.com/organization/lyma-life,United Kingdom,51.4893335,-0.1440551,2012,1.0,True,True,False,False,False,False,True,True,False,False,False,False,False,False,6,1,1,0.0,0.0,2018-01-01,2018-01-01,Seed,2018,46.0,True,,False,,5.0,3.0,True,,False,,False,,False,,False,,False,,1,0,True,,True,True,,True,,True,,True,,True,,True,,1,,True,,True,True,,False,False,False,False,False,False,True,True,643,5,True,440,132,0.3,0.262364264467491,0.004639509600861782,0.0,0.0,0.0,0.0,0.0,0.0,0.0,0.0,0.0,0.0,0.0,0.0,-0.7,7.696667081526462,False,False,False,False,False,False,,,1,0,1,0,1,0,1,0,1,0,1,0
16484,Farmhopping,https://www.crunchbase.com/organization/farmhopping,United Kingdom,51.4893335,-0.1440551,2012,5.0,False,True,False,False,False,True,True,False,True,True,False,True,False,False,0,3,2,0.0,0.245702,2012-09-01,2014-01-01,Seed,2012,248.0,True,,True,,2.3,29.3,True,,False,,True,,False,,True,,False,,1,0,True,,False,True,,True,,True,,True,,True,,True,,1,,True,,False,True,,False,False,False,False,False,False,True,True,643,5,True,440,132,0.3,0.262364264467491,0.004639509600861782,1.3431979829731446,0.0,2.014796974459717,0.0,1.3431979829731446,2.014796974459717,0.0,0.0,0.0,1.3431979829731446,0.0,2.014796974459717,-0.7,6.55250788703459,False,False,False,False,False,False,,,1,0,1,0,1,0,1,0,1,0,1,0
1882,Fitnext,https://www.crunchbase.com/organization/fitnext,France,48.8534951,2.3483915,2012,1.0,False,True,False,False,False,True,True,True,False,False,False,False,False,False,1,1,1,1.0,0.0,2013-01-01,2013-01-01,Seed,2013,96.0,False,False,True,True,12.0,18.0,False,False,False,False,False,False,False,False,False,False,False,False,0,0,False,False,False,False,False,False,False,False,False,False,False,False,False,False,False,1,1.0,True,True,True,False,False,False,False,False,False,False,False,True,True,267,4,True,148,57,0.3851351351351351,0.3257977053742931,0.0006205248203236772,0.5817272400460884,0.5817272400460884,0.5817272400460884,0.0,0.0,0.0,0.5817272400460884,0.5817272400460884,0.5817272400460884,0.0,0.0,0.0,-0.7,6.2166061010848646,False,False,False,False,False,False,,,0,0,0,0,0,0,0,0,0,0,0,0
16689,Henchman App,https://www.crunchbase.com/organization/henchman-app,United Kingdom,51.4893335,-0.1440551,2012,3.0,False,True,False,False,True,True,True,False,False,True,False,False,False,True,3,1,1,0.0,0.0,2015-07-17,2015-07-17,Seed,2015,32.0,True,,False,,2.0,5.0,False,,False,,False,,False,,False,,False,,1,0,True,,True,True,,True,,True,,True,,True,,True,,1,,True,,True,True,,False,False,False,False,False,False,True,True,643,5,True,440,132,0.3,0.262364264467491,0.004639509600861782,0.0,0.0,0.0,0.0,0.0,0.0,0.0,0.0,0.0,0.0,0.0,0.0,-0.7,7.170888478512505,False,False,False,False,False,False,,,1,0,1,0,1,0,1,0,1,0,1,0
1822,Cook Angels,https://www.crunchbase.com/organization/cook-angels,France,48.8534951,2.3483915,2012,2.0,False,True,False,False,True,True,True,False,False,False,False,False,False,False,3,1,1,1.0,0.612938,2015-10-20,2015-10-20,Seed,2015,138.0,True,True,False,False,13.0,43.0,False,False,False,False,False,False,False,False,False,False,False,False,1,1,True,True,True,True,True,True,True,True,True,True,True,True,True,True,True,1,1.0,True,True,True,True,True,False,False,False,False,False,False,True,True,267,4,True,148,56,0.3783783783783784,0.3209077200801013,0.0006205248203236772,0.0,0.0,0.0,0.0,0.0,0.0,0.0,0.0,0.0,0.0,0.0,0.0,-0.7,6.2166061010848646,True,False,False,True,True,True,2018-05-22,6.0,1,1,1,1,1,1,1,1,1,1,1,1
4125,NutriLeads,https://www.crunchbase.com/organization/nutrileads,The Netherlands,51.9663016,5.6662814,2012,2.0,True,False,False,False,False,False,True,True,False,False,False,False,False,False,3,1,3,0.0,0.0,2015-11-18,2015-11-18,Series C,2015,40.666666666666664,True,,True,,9.5,7.0,True,,False,,False,,False,,False,,True,,0,0,False,,False,True,,True,,True,,True,,True,,False,,3,,True,,True,True,,False,False,False,False,False,False,True,True,36,1,True,0,0,0.0,0.0,0.06950468623652849,0.07312613548636528,0.029790199802354818,0.12302347019088791,0.029790199802354818,0.07312613548636528,0.12302347019088791,0.0,0.0,0.0,0.1317992605616065,0.07415849653809517,0.17641424751570609,-0.7,5.303304908059076,False,False,True,False,True,True,,,0,0,1,0,1,0,1,0,2,0,2,0
21153,KochAbo,https://www.crunchbase.com/organization/kochabo,Austria,48.1857192,16.4221587,2012,4.0,False,True,False,False,True,True,True,True,False,False,False,False,False,False,0,4,4,2.0,0.0,2012-01-01,2014-04-25,Seed,2012,170.71428571428572,True,True,True,True,5.5,23.1,True,False,True,True,True,False,False,False,False,False,False,False,1,1,True,True,False,True,True,True,True,True,True,True,True,True,True,True,True,2,2.0,True,True,False,True,True,True,True,True,False,True,False,True,False,63,2,True,26,9,0.3461538461538461,0.2972515234679316,0.004458645788406763,6.903862607453143,0.0,9.626013216013035,9.626013216013035,9.626013216013035,9.626013216013035,0.0,0.09848608605341228,0.19697217210682455,4.574375776002359,0.0,9.626013216013035,-0.7,3.758871825933971,True,False,False,True,True,True,2015-10-22,3.0,1,1,1,1,1,1,1,1,1,1,1,1
1922,ClearKarma,https://www.crunchbase.com/organization/clearkarma,France,48.8534951,2.3483915,2012,3.0,False,True,False,False,False,False,True,False,False,True,False,False,False,False,0,1,1,0.0,0.064702,2012-11-01,2012-11-01,Seed,2012,684.0,False,,True,,1.0,52.0,False,,True,,False,,False,,False,,True,,0,0,False,,False,False,,False,,False,,False,,False,,False,,0,,False,,False,True,,False,False,False,False,False,False,True,True,267,4,True,148,57,0.3851351351351351,0.3257977053742931,0.0006205248203236772,1.0512604401551862,1.0512604401551862,1.0512604401551862,1.0512604401551862,1.0512604401551862,1.0512604401551862,0.0,0.0,0.0,0.0,0.0,0.0,-0.7,5.993961427306569,False,False,False,False,False,False,,,0,0,0,0,0,0,0,0,0,0,0,0
16691,Atlantic Kitchen,https://www.crunchbase.com/organization/atlantic-kitchen,United Kingdom,51.4893335,-0.1440551,2012,2.0,False,True,False,False,False,False,True,False,False,False,False,False,False,False,3,1,1,0.0,0.0,2015-01-01,2015-01-01,Venture - Series Unknown,2015,21.0,True,,False,,7.0,5.0,False,,False,,False,,False,,False,,False,,1,0,True,,True,True,,True,,True,,True,,True,,True,,1,,True,,True,True,,False,False,False,False,False,False,True,True,643,5,True,440,132,0.3,0.262364264467491,0.004639509600861782,0.0,0.0,0.0,0.0,0.0,0.0,0.0,0.0,0.0,0.0,0.0,0.0,-0.7,7.170888478512505,False,False,True,False,True,True,,,1,0,1,0,1,0,1,0,1,0,1,0
1702,La Belle Assiette,https://www.crunchbase.com/organization/la-belle-assiette,France,48.8534951,2.3483915,2012,2.0,False,True,False,False,False,True,True,False,False,True,True,False,False,False,2,2,4,0.0,3.114394,2014-10-20,2016-02-06,Venture - Series Unknown,2014,38.8,False,,True,,3.2,8.8,False,,False,,False,,False,,False,,False,,0,0,False,,False,False,,False,,False,,False,,False,,False,,0,,False,,False,True,,True,True,False,False,False,False,True,False,267,4,True,148,57,0.3851351351351351,0.3257977053742931,0.0006205248203236772,2.537274348086617,0.6395855089406035,9.71635477345609,0.6395855089406035,2.537274348086617,9.71635477345609,0.0,0.0,0.0,4.348363227915216,0.0,10.764784713335368,-0.7,5.993961427306569,False,False,True,False,True,True,,,0,0,0,0,0,0,0,0,0,0,0,0
16876,Sustaination,https://www.crunchbase.com/organization/sustaination,United Kingdom,51.4893335,-0.1440551,2012,1.0,True,True,False,False,False,False,True,False,False,True,False,False,False,False,0,1,1,0.0,0.080696,2012-11-01,2012-11-01,Seed,2012,684.0,False,,True,,1.0,52.0,False,,True,,False,,False,,False,,True,,0,0,False,,False,False,,False,,False,,False,,False,,False,,0,,False,,False,True,,False,False,False,False,False,False,True,True,643,5,True,440,132,0.3,0.262364264467491,0.004639509600861782,1.2602051636283356,1.2602051636283356,1.2602051636283356,1.2602051636283356,1.2602051636283356,1.2602051636283356,0.0,0.0,0.0,0.0,0.0,0.0,-0.7,6.55250788703459,False,False,False,False,False,False,,,0,0,0,0,0,0,0,0,0,0,0,0
16089,The Naughty Sheep,https://www.crunchbase.com/organization/the-naughty-sheep-2,United Kingdom,52.0579324,1.1528095,2013,3.0,False,False,False,False,True,False,True,False,False,False,False,False,False,False,0,1,1,0.0,0.0,2013-07-28,2013-07-28,Seed,2013,8.0,False,,True,,0.0,0.0,False,,False,,False,,False,,False,,False,,0,0,False,,False,False,,False,,False,,False,,False,,False,,1,,True,,True,True,,False,False,False,False,False,False,True,True,0,0,False,0,0,0.0,0.0,0.07246967194064056,0.10935614636853055,0.10935614636853055,0.10935614636853055,0.10935614636853055,0.10935614636853055,0.10935614636853055,0.0,0.0,0.0,0.0,0.0,0.0,-0.08,6.55250788703459,False,False,False,False,False,False,,,0,0,0,0,0,0,0,0,0,0,0,0
3943,Fish 2 Be,https://www.crunchbase.com/organization/fish-2-be,Belgium,51.1512668,5.8196246,2013,1.0,False,False,False,False,False,False,True,False,False,False,False,False,False,False,0,1,1,0.0,0.593264,2013-05-01,2013-05-01,Seed,2013,74.0,True,,False,,19.0,15.0,True,,False,,False,,False,,False,,False,,0,0,False,,False,True,,True,,True,,False,,False,,False,,1,,True,,True,False,,False,False,False,False,False,False,True,True,23,0,False,0,0,0.0,0.0,0.10816523108027408,0.0416904020181749,0.0416904020181749,0.0416904020181749,0.0416904020181749,0.0416904020181749,0.0416904020181749,0.0,0.0,0.0,0.0,0.0,0.0,-0.08,4.720282993088596,False,False,False,False,False,False,,,0,0,0,0,0,0,1,0,1,0,1,0
15366,AGRIVI,https://www.crunchbase.com/organization/agrivi,United Kingdom,51.4893335,-0.1440551,2013,1.0,True,True,False,False,False,False,True,False,False,True,False,False,False,True,3,1,1,1.0,1.665,2016-07-04,2016-07-04,Series A,2016,36.0,False,False,True,True,1.0,6.0,False,False,False,False,True,True,False,False,False,False,False,False,0,0,False,False,False,False,False,False,False,False,False,False,False,False,False,False,False,0,0.0,False,False,False,False,False,True,True,False,False,False,False,False,False,643,5,True,672,185,0.275297619047619,0.2431795780746302,0.004639509600861782,1.6671781924788593,1.6671781924788593,1.6671781924788593,0.0,0.0,0.0,1.6671781924788593,1.6671781924788593,1.6671781924788593,0.0,0.0,0.0,-0.08,6.803505257608338,False,False,True,False,True,True,,,0,0,0,0,0,0,0,0,0,0,0,0
15481,Flypay,https://www.crunchbase.com/organization/flypay,United Kingdom,51.4893335,-0.1440551,2013,2.0,False,True,False,False,True,False,True,False,False,True,False,False,False,True,1,1,1,1.0,1.661792,2014-03-11,2014-03-11,Series A,2014,157.0,False,False,True,True,5.0,38.0,False,False,False,False,False,False,False,False,False,False,False,False,0,0,False,False,False,False,False,False,False,False,False,False,False,False,False,False,False,0,0.0,False,False,False,False,False,True,True,False,False,False,False,False,False,643,5,True,672,185,0.275297619047619,0.2431795780746302,0.004639509600861782,3.556610930283208,3.556610930283208,3.556610930283208,0.0,0.0,0.0,3.556610930283208,3.556610930283208,3.556610930283208,0.0,0.0,0.0,-0.08,6.803505257608338,False,False,True,False,True,True,,,0,0,0,0,0,0,0,0,0,0,0,0
6971,Meetmeals,https://www.crunchbase.com/organization/meetmeals,Spain,39.4697065,-0.3763353,2013,2.0,False,False,False,False,False,False,True,False,False,True,False,False,False,False,0,1,1,0.0,0.0,2013-06-03,2013-06-03,Seed,2013,48.0,True,,False,,1.0,5.0,False,,False,,True,,False,,False,,False,,1,0,True,,True,True,,True,,True,,True,,True,,True,,1,,True,,True,False,,False,False,False,False,False,False,True,True,18,0,False,29,3,0.1034482758620689,0.0984400728132524,0.3025416859136113,0.006806507119519866,0.006806507119519866,0.006806507119519866,0.006806507119519866,0.006806507119519866,0.006806507119519866,0.0,0.0,0.0,0.0,0.0,0.0,-0.08,5.303304908059076,False,False,False,False,False,False,,,1,0,1,0,1,0,1,0,1,0,1,0
15587,CRU Kafe,https://www.crunchbase.com/organization/cru-kafe,United Kingdom,51.4893335,-0.1440551,2013,3.0,False,True,False,False,False,True,True,False,False,False,False,True,False,False,3,1,1,0.0,2.806051,2016-10-22,2016-10-22,Seed,2016,422.0,True,,False,,9.0,74.0,False,,False,,True,,False,,True,,False,,1,0,True,,True,True,,True,,True,,True,,True,,True,,1,,True,,True,True,,False,False,False,False,False,False,True,True,643,5,True,672,185,0.275297619047619,0.2431795780746302,0.004639509600861782,0.0,0.0,0.0,0.0,0.0,0.0,0.0,0.0,0.0,0.0,0.0,0.0,-0.08,6.803505257608338,False,False,False,False,False,False,,,1,0,1,0,1,0,1,0,1,0,1,0
3858,Wakati,https://www.crunchbase.com/organization/wakati,Belgium,51.2211097,4.3997081,2013,3.0,True,False,False,False,True,False,True,False,False,False,False,False,False,True,2,1,1,1.0,0.0,2015-09-15,2015-09-15,Pre-Seed,2015,0.0,False,False,True,True,20.0,80.0,True,True,True,True,True,True,False,False,False,False,False,False,0,0,False,False,False,False,False,False,False,False,False,False,False,False,False,False,False,0,0.0,False,False,False,False,False,True,True,True,True,False,False,False,False,65,0,False,9,4,0.4444444444444444,0.3677247801253173,0.04178341661806711,5.944959719410823,5.944959719410823,5.944959719410823,0.0,0.0,0.0,5.944959719410823,5.944959719410823,5.944959719410823,0.0,0.0,0.0,-0.08,4.61512051684126,False,False,False,False,False,False,,,0,0,0,0,0,0,0,0,0,0,0,0
15591,Square Root Soda,https://www.crunchbase.com/organization/square-root-soda,United Kingdom,51.4893335,-0.1440551,2013,2.0,False,True,False,False,False,False,True,False,False,False,False,False,False,False,6,1,1,0.0,0.0,2019-11-01,2019-11-01,Seed,2019,10.0,True,,False,,1.0,2.0,False,,False,,False,,False,,False,,False,,1,0,True,,True,True,,True,,True,,True,,True,,True,,1,,True,,True,True,,False,False,False,False,False,False,True,True,643,5,True,672,185,0.275297619047619,0.2431795780746302,0.004639509600861782,0.0,0.0,0.0,0.0,0.0,0.0,0.0,0.0,0.0,0.0,0.0,0.0,-0.08,8.006700845440367,False,False,False,False,False,False,,,1,0,1,0,1,0,1,0,1,0,1,0
19934,wineOwine,https://www.crunchbase.com/organization/wineowine,Italy,41.8933203,12.4829321,2013,2.0,False,False,False,False,False,True,True,False,False,False,False,False,False,True,0,2,1,0.0,0.454393,2013-12-17,2014-12-04,Venture - Series Unknown,2013,96.0,True,,False,,0.5,7.0,False,,False,,True,,False,,True,,False,,2,0,True,,True,True,,True,,True,,True,,True,,True,,2,,True,,True,False,,False,False,False,False,False,False,True,True,24,1,True,19,5,0.2631578947368421,0.2336148511815051,0.477186331368922,0.0,0.0,0.0,0.0,0.0,0.0,0.0,0.0,0.0,0.0,0.0,0.0,-0.08,4.370712874773608,False,False,True,False,True,True,,,2,0,2,0,2,0,2,0,2,0,2,0
19941,Lorenzo Vinci,https://www.crunchbase.com/organization/lorenzo-vinci,Italy,45.4641943,9.1896346,2013,3.0,False,True,False,False,True,True,True,False,False,False,False,False,False,False,1,2,3,0.0,0.811961,2014-12-15,2017-02-08,Seed,2014,38.0,True,,True,,3.2,4.8,True,,False,,True,,False,,True,,False,,2,0,True,,False,True,,True,,True,,True,,True,,True,,4,,True,,True,True,,False,False,False,False,False,False,True,True,89,1,True,51,13,0.2549019607843137,0.227057450635346,0.0,0.12472898579068416,0.0,0.24945797158136832,0.0,0.12472898579068416,0.24945797158136832,0.0,0.0,0.0,0.16630531438757887,0.0,0.24945797158136832,-0.08,3.977810745966149,False,False,False,False,False,False,,,2,0,2,0,2,0,2,0,2,0,2,0
9506,NAVINUM,https://www.crunchbase.com/organization/navinum,Germany,53.550341,10.000654,2013,3.0,False,True,False,False,False,True,True,False,False,False,False,False,False,False,0,2,1,0.0,0.0,2013-04-19,2013-04-19,Seed,2013,57.0,False,,True,,3.0,8.0,False,,False,,False,,False,,False,,False,,0,0,False,,False,False,,False,,False,,False,,False,,False,,2,,True,,True,True,,False,False,False,False,True,True,True,True,47,1,True,45,17,0.3777777777777777,0.3204718952747717,0.0,0.2549160007977418,0.2549160007977418,0.2549160007977418,0.2549160007977418,0.2549160007977418,0.2549160007977418,0.0,0.0,0.0,0.0,0.0,0.0,-0.08,6.55250788703459,False,False,False,False,False,False,,,0,0,0,0,0,0,0,0,0,0,0,0
6883,GourmetPay,https://www.crunchbase.com/organization/heyplease,Spain,40.4237276,-3.6899043,2013,3.0,False,True,False,False,False,False,True,False,True,False,False,False,False,False,1,1,1,1.0,0.0,2014-08-01,2014-08-01,Seed,2014,65.0,False,False,True,True,0.0,3.0,False,False,False,False,False,False,False,False,False,False,False,False,0,0,False,False,False,False,False,False,False,False,False,False,False,False,False,False,False,1,1.0,True,True,True,True,True,False,False,False,False,False,False,True,True,101,2,True,110,18,0.1636363636363636,0.1515498981272009,0.0013966316113990815,0.49847143123165,0.49847143123165,0.49847143123165,0.0,0.0,0.0,0.49847143123165,0.49847143123165,0.49847143123165,0.0,0.0,0.0,-0.08,5.707110264748875,False,False,False,False,False,False,,,0,0,0,0,0,0,0,0,0,0,0,0
21585,Ambronite,https://www.crunchbase.com/organization/ambro,Finland,60.83333,26.0,2013,3.0,False,False,False,False,False,False,True,True,False,False,False,True,False,False,2,1,1,0.0,0.6,2015-09-30,2015-09-30,Seed,2015,111.0,True,,False,,6.0,20.0,False,,False,,False,,False,,True,,False,,0,0,False,,False,True,,False,,False,,False,,False,,False,,1,,True,,True,True,,False,False,False,False,False,False,True,True,11,0,False,22,3,0.1363636363636363,0.1278333715098848,0.09398058736034391,0.09364994887113248,0.09364994887113248,0.09364994887113248,0.09364994887113248,0.09364994887113248,0.09364994887113248,0.0,0.0,0.0,0.0,0.0,0.0,-0.08,4.704110133842995,False,False,False,False,False,False,,,0,0,0,0,0,0,0,0,0,0,1,0
20023,Gnammo,https://www.crunchbase.com/organization/gnammo,Italy,45.0677551,7.6824892,2013,2.0,False,False,False,False,False,True,True,False,False,False,True,False,False,True,0,2,2,1.0,0.514176,2013-12-15,2015-06-30,Seed,2013,41.0,False,False,True,True,0.0,6.5,False,False,False,False,False,False,False,False,True,False,False,False,0,0,False,False,False,False,False,False,False,False,False,False,False,False,False,False,False,2,1.0,True,True,True,True,True,False,False,False,False,False,False,True,True,14,0,False,16,2,0.125,0.1177830356563834,0.12591627866066715,0.12591627866066704,0.12591627866066704,0.12591627866066704,0.12591627866066704,0.12591627866066704,0.12591627866066704,0.12591627866066704,0.12591627866066704,0.12591627866066704,0.0,0.0,0.0,-0.08,4.370712874773608,False,False,False,False,False,False,,,0,0,0,0,0,0,0,0,0,0,0,0
16050,Eve Snow,https://www.crunchbase.com/organization/eve-snow,United Kingdom,51.4893335,-0.1440551,2013,1.0,False,True,False,False,False,True,True,False,False,False,False,False,False,True,1,1,1,0.0,0.0,2014-01-01,2014-01-01,Seed,2014,29.0,False,,True,,1.0,9.0,False,,False,,True,,False,,False,,False,,0,0,False,,False,False,,False,,False,,False,,False,,False,,0,,False,,False,False,,True,True,False,False,False,False,False,False,643,5,True,672,185,0.275297619047619,0.2431795780746302,0.004639509600861782,5.712316248406614,5.712316248406614,5.712316248406614,5.712316248406614,5.712316248406614,5.712316248406614,0.0,0.0,0.0,0.0,0.0,0.0,-0.08,6.803505257608338,False,False,False,False,False,False,,,0,0,0,0,0,0,0,0,0,0,0,0
3841,Take Eat Easy,https://www.crunchbase.com/organization/take-eat-easy,Belgium,50.8035441,4.3338445,2013,4.0,False,True,False,False,True,False,True,False,False,False,False,False,False,False,1,1,1,1.0,0.470091,2014-07-25,2014-07-25,Series B,2014,11.0,True,True,False,False,1.0,1.0,False,False,False,False,False,False,False,False,False,False,False,False,0,0,False,False,False,True,True,True,True,True,True,True,True,True,True,False,False,1,1.0,True,True,True,False,False,False,False,False,False,False,False,True,True,67,0,False,17,1,0.0588235294117647,0.0571584138399486,0.004944501918906035,0.02712935018830707,0.02712935018830707,0.02712935018830707,0.0,0.0,0.0,0.02712935018830707,0.02712935018830707,0.02712935018830707,0.0,0.0,0.0,-0.08,4.685828089005546,False,False,True,False,True,True,,,0,0,1,1,1,1,1,1,1,1,1,1
20204,appEatIT,https://www.crunchbase.com/organization/appeatit,Italy,39.2171994,9.113311,2013,4.0,False,False,False,False,False,True,True,False,False,True,True,False,False,False,0,1,1,0.0,0.0,2013-11-27,2013-11-27,Pre-Seed,2013,96.0,False,,True,,0.0,7.0,False,,False,,True,,False,,True,,False,,0,0,False,,False,False,,False,,False,,False,,False,,False,,1,,True,,True,False,,False,False,False,False,False,False,True,True,0,0,False,4,2,0.5,0.4054651081081644,0.6353577151074857,0.41174379942115596,0.41174379942115596,0.41174379942115596,0.41174379942115596,0.41174379942115596,0.41174379942115596,0.0,0.0,0.0,0.0,0.0,0.0,-0.08,4.370712874773608,False,False,False,False,False,False,,,0,0,0,0,0,0,0,0,0,0,0,0
9021,Kitchen Stories,https://www.crunchbase.com/organization/kitchen-stories,Germany,52.510885,13.3989367,2013,3.0,False,True,False,False,False,False,True,False,False,True,False,False,False,False,2,2,4,1.0,3.6,2015-01-22,2015-01-22,Seed,2015,138.0,True,False,True,True,6.2,33.5,False,False,True,True,False,False,False,False,False,False,True,False,4,0,True,False,False,True,False,True,False,True,False,True,False,True,False,True,False,4,0.0,True,False,False,True,True,True,True,True,False,True,False,True,False,171,3,True,225,99,0.44,0.3646431135879092,0.0,1.6855819598992539,0.0,6.385086074905369,0.0,2.1283620249684563,6.385086074905369,0.35724176469164737,0.35724176469164737,0.35724176469164737,2.8103529023962035,0.0,6.385086074905369,-0.08,6.803505257608338,True,False,False,True,True,True,2017-11-21,4.0,4,0,4,0,4,0,4,0,4,0,4,0
8972,Agrilution,https://www.crunchbase.com/organization/agrilution,Germany,48.1371079,11.5753822,2013,2.0,True,True,False,False,False,True,True,True,False,True,False,False,True,False,3,2,1,1.0,1.661508,2016-08-15,2016-08-15,Series A,2016,57.0,False,False,True,True,7.0,24.0,False,False,False,False,False,False,False,False,False,False,False,False,0,0,False,False,False,False,False,False,False,False,False,False,False,False,False,False,False,2,2.0,True,True,True,False,False,False,False,False,False,True,True,True,True,129,2,True,74,26,0.3513513513513513,0.3011050927839216,0.0,0.4932425687508989,0.4932425687508989,0.4932425687508989,0.0,0.0,0.0,0.4932425687508989,0.4932425687508989,0.4932425687508989,0.0,0.0,0.0,-0.08,7.244941546337007,True,False,True,True,True,True,2019-12-09,6.0,0,0,0,0,0,0,0,0,0,0,0,0
8989,KUKIMI,https://www.crunchbase.com/organization/kukimi,Germany,52.510885,13.3989367,2013,1.0,False,True,False,False,True,True,True,False,False,False,False,False,False,False,2,2,3,1.0,2.22985,2015-09-04,2015-09-04,Venture - Series Unknown,2015,351.8,True,True,True,False,6.0,66.2,False,False,True,False,True,False,False,False,True,False,False,False,2,2,True,True,False,True,True,True,True,True,True,True,True,True,True,True,True,3,2.0,True,True,False,True,True,False,False,False,False,True,False,True,True,171,3,True,225,100,0.4444444444444444,0.3677247801253173,0.0,0.46850180095043087,0.0,0.9326577677712301,0.4771934692096946,0.7808363349173848,0.9326577677712301,0.0,0.0,0.0,0.5710104499016029,0.0,0.9326577677712301,-0.08,6.803505257608338,False,False,True,False,True,True,,,2,2,2,2,2,2,2,2,2,2,2,2
20236,Appydrink,https://www.crunchbase.com/organization/appydrink,Italy,45.4641943,9.1896346,2013,3.0,False,True,False,False,False,False,True,False,False,True,False,False,False,False,0,1,1,0.0,0.0,2013-05-01,2013-05-01,Seed,2013,63.0,True,,False,,0.0,9.0,False,,False,,False,,False,,True,,False,,1,0,True,,True,True,,True,,True,,True,,True,,True,,1,,True,,True,True,,False,False,False,False,False,False,True,True,89,1,True,51,13,0.2549019607843137,0.227057450635346,0.0,0.0,0.0,0.0,0.0,0.0,0.0,0.0,0.0,0.0,0.0,0.0,0.0,-0.08,4.370712874773608,False,False,False,False,False,False,,,1,0,1,0,1,0,1,0,1,0,1,0
9058,Ankerkraut,https://www.crunchbase.com/organization/ankerkraut,Germany,53.550341,10.000654,2013,2.0,False,True,False,False,False,False,True,False,False,False,False,False,False,False,3,2,1,1.0,0.0,2016-08-01,2016-08-01,Private Equity,2016,31.0,False,False,True,True,0.0,7.0,True,True,False,False,False,False,False,False,False,False,False,False,0,0,False,False,False,False,False,False,False,False,False,False,False,False,False,False,False,2,2.0,True,True,True,False,False,False,False,False,False,True,True,True,True,47,1,True,45,16,0.3555555555555555,0.3042113744029914,0.0,0.37019550915568705,0.37019550915568705,0.37019550915568705,0.0,0.0,0.0,0.37019550915568705,0.37019550915568705,0.37019550915568705,0.0,0.0,0.0,-0.08,7.244941546337007,True,False,True,True,True,True,2022-04-13,9.0,0,0,0,0,0,0,0,0,0,0,0,0
20230,Chef Dovunque,https://www.crunchbase.com/organization/chef-dovunque,Italy,45.4641943,9.1896346,2013,1.0,False,True,False,False,False,True,True,False,False,False,True,False,False,False,0,1,1,1.0,1.641367,2013-10-21,2013-10-21,Seed,2013,44.0,True,True,False,False,6.0,7.0,False,False,False,False,False,False,False,False,False,False,False,False,1,1,True,True,True,True,True,True,True,True,True,True,True,True,True,True,True,1,1.0,True,True,True,True,True,False,False,False,False,False,False,True,True,89,1,True,51,13,0.2549019607843137,0.227057450635346,0.0,0.0,0.0,0.0,0.0,0.0,0.0,0.0,0.0,0.0,0.0,0.0,0.0,-0.08,4.370712874773608,False,False,False,False,False,False,,,1,1,1,1,1,1,1,1,1,1,1,1
8828,Infarm,https://www.crunchbase.com/organization/infarm,Germany,52.510885,13.3989367,2013,3.0,True,True,False,False,False,False,True,False,False,True,False,False,False,False,4,2,4,1.0,8.946364,2017-06-26,2017-06-26,Series D,2017,127.25,True,True,True,False,3.0,24.2,True,False,True,True,False,False,False,False,True,False,False,False,4,2,True,True,False,True,True,True,True,True,True,True,True,True,True,True,True,4,2.0,True,True,False,True,True,False,False,False,False,True,False,True,True,171,3,True,225,99,0.44,0.3646431135879092,0.0,0.4520308818560107,0.0,0.9326577677712301,0.0,0.6027078424746809,0.9326577677712301,0.0,0.0,0.0,0.6231983347160877,0.0,0.9326577677712301,-0.08,7.244941546337007,False,True,True,True,True,True,,,4,2,4,2,4,2,4,2,4,2,4,2
2081,tok tok tok,https://www.crunchbase.com/organization/tok-tok-tok,France,48.8534951,2.3483915,2013,1.0,False,True,False,False,False,True,True,False,False,True,False,False,False,False,1,1,1,0.0,2.0,2014-01-22,2014-01-22,Seed,2014,28.0,True,,False,,2.0,3.0,False,,False,,False,,False,,False,,False,,1,0,True,,True,True,,True,,True,,True,,True,,True,,1,,True,,True,True,,False,False,False,False,False,False,True,True,267,4,True,220,85,0.3863636363636363,0.32668423025505,0.0006205248203236772,0.0,0.0,0.0,0.0,0.0,0.0,0.0,0.0,0.0,0.0,0.0,0.0,-0.08,5.993961427306569,True,False,False,True,True,True,2016-09-06,3.0,1,0,1,0,1,0,1,0,1,0,1,0
9392,Teatox,https://www.crunchbase.com/organization/teatox,Germany,52.510885,13.3989367,2013,1.0,False,True,False,False,False,True,True,True,False,False,False,False,False,False,1,2,1,1.0,0.0,2014-06-01,2014-06-01,Corporate Round,2014,25.0,True,True,False,False,6.0,6.0,False,False,False,False,False,False,False,False,True,True,False,False,2,2,True,True,True,True,True,True,True,True,True,True,True,True,True,True,True,2,2.0,True,True,True,True,True,False,False,False,False,True,True,True,True,171,3,True,225,100,0.4444444444444444,0.3677247801253173,0.0,0.0,0.0,0.0,0.0,0.0,0.0,0.0,0.0,0.0,0.0,0.0,0.0,-0.08,6.55250788703459,False,False,True,False,True,True,,,2,2,2,2,2,2,2,2,2,2,2,2
2097,At Bout du Champ,https://www.crunchbase.com/organization/at-bout-du-champ,France,48.8534951,2.3483915,2013,1.0,False,True,False,False,False,False,True,False,False,False,False,False,False,False,1,1,1,1.0,0.0,2014-01-01,2014-01-01,Seed,2014,96.0,False,False,True,True,13.0,18.0,False,False,False,False,False,False,False,False,False,False,False,False,0,0,False,False,False,False,False,False,False,False,False,False,False,False,False,False,False,1,1.0,True,True,True,False,False,False,False,False,False,False,False,True,True,267,4,True,220,86,0.3909090909090909,0.3299575556000192,0.0006205248203236772,0.5817272400460884,0.5817272400460884,0.5817272400460884,0.0,0.0,0.0,0.5817272400460884,0.5817272400460884,0.5817272400460884,0.0,0.0,0.0,-0.08,5.993961427306569,False,False,False,False,False,False,,,0,0,0,0,0,0,0,0,0,0,0,0
2140,l'Orangerie de Paris,https://www.crunchbase.com/organization/l-orangerie-de-paris,France,48.8534951,2.3483915,2013,1.0,False,True,False,False,False,True,True,False,False,False,False,False,False,False,1,1,1,0.0,0.0,2014-01-01,2014-01-01,Seed,2014,9.0,False,,True,,0.0,4.0,False,,False,,False,,False,,False,,False,,0,0,False,,False,False,,False,,False,,False,,False,,False,,0,,False,,False,True,,False,False,False,False,True,True,True,True,267,4,True,220,86,0.3909090909090909,0.3299575556000192,0.0006205248203236772,0.4118271580970157,0.4118271580970157,0.4118271580970157,0.4118271580970157,0.4118271580970157,0.4118271580970157,0.0,0.0,0.0,0.0,0.0,0.0,-0.08,5.993961427306569,False,False,False,False,False,False,,,0,0,0,0,0,0,0,0,0,0,0,0
9229,PERORA,https://www.crunchbase.com/organization/perora,Germany,49.4093582,8.694724,2013,2.0,False,False,False,False,True,False,True,True,False,False,False,False,False,False,0,1,1,0.0,0.0,2013-09-16,2013-09-16,Series B,2013,659.0,False,,True,,8.0,125.0,False,,True,,False,,False,,False,,False,,0,0,False,,False,False,,False,,False,,False,,False,,False,,1,,True,,True,False,,False,False,False,False,True,True,True,True,26,1,True,3,0,0.0,0.0,0.226555801077257,0.18613470271791363,0.18613470271791363,0.18613470271791363,0.18613470271791363,0.18613470271791363,0.18613470271791363,0.0,0.0,0.0,0.0,0.0,0.0,-0.08,6.55250788703459,False,False,True,False,True,True,,,0,0,0,0,0,0,0,0,0,0,0,0
20287,OrderYoyo,https://www.crunchbase.com/organization/orderyoyo,Denmark,55.6867243,12.5700724,2013,3.0,False,True,False,False,False,True,True,False,False,False,False,False,False,False,3,1,2,1.0,3.172772,2016-06-22,2016-06-22,Post-IPO Equity,2016,127.5,True,True,False,False,14.0,30.5,False,False,False,False,False,False,False,False,False,False,False,False,2,1,True,True,True,True,True,True,True,True,True,True,True,True,True,True,True,2,1.0,True,True,True,True,True,False,False,False,False,False,False,True,True,66,2,True,56,19,0.3392857142857143,0.2921364228011612,0.0,0.004984324445901672,0.0,0.009968648891803345,0.0,0.0,0.0,0.009968648891803345,0.009968648891803345,0.009968648891803345,0.009968648891803345,0.009968648891803345,0.009968648891803345,-0.08,4.600157644164547,True,False,False,True,True,True,2021-07-02,8.0,2,1,2,1,2,1,2,1,2,1,2,1
19026,Gremon Systems,https://www.crunchbase.com/organization/gremon-systems-zrt,Hungary,46.239954,20.1431222,2013,2.0,True,False,False,False,False,False,True,False,False,True,False,False,True,False,2,3,2,0.0,2.83088,2015-02-27,2019-01-11,Series A,2015,264.6666666666667,False,,True,,14.7,5.0,False,,False,,False,,False,,False,,False,,0,0,False,,False,False,,False,,False,,False,,False,,False,,3,,True,,True,False,,False,False,False,False,False,False,True,True,0,0,False,1,0,0.0,0.0,0.35907254756049395,0.1630738513669068,0.1630738513669068,0.1630738513669068,0.1630738513669068,0.1630738513669068,0.1630738513669068,0.0,0.0,0.0,0.0,0.0,0.0,-0.08,3.927896354584436,False,False,True,False,True,True,,,0,0,0,0,0,0,0,0,0,0,0,0
1747,Hainaut Plast Industry,https://www.crunchbase.com/organization/hainaut-plast-industry,France,50.2134377,3.1297857,2013,1.0,True,False,False,False,True,False,True,False,False,False,False,False,False,False,2,1,2,0.0,0.336499,2015-08-31,2015-08-31,Venture - Series Unknown,2015,61.5,True,,False,,16.5,6.0,False,,False,,False,,False,,True,,False,,0,0,False,,False,True,,True,,True,,True,,True,,False,,2,,True,,True,False,,False,False,False,False,False,False,True,True,9,0,False,0,0,0.0,0.0,0.1114234488783634,0.03355352220165953,0.026561602519303784,0.04054544188401527,0.026561602519303784,0.03355352220165953,0.04054544188401527,0.0,0.0,0.0,0.016650025119484355,0.016650025119484355,0.016650025119484355,-0.08,6.2166061010848646,False,False,True,False,True,True,,,0,0,1,0,1,0,2,0,2,0,2,0
4756,Fortified Food Coatings,https://www.crunchbase.com/organization/fortified-food-coatings,The Netherlands,51.6889387,5.303116,2013,1.0,False,False,False,False,False,False,True,True,False,False,False,False,False,False,2,1,1,0.0,0.0,2015-02-05,2015-02-05,Seed,2015,102.0,True,,False,,32.0,13.0,False,,False,,False,,False,,False,,False,,0,0,False,,False,True,,True,,True,,True,,True,,True,,1,,True,,True,False,,False,False,False,False,False,False,True,True,37,0,False,3,0,0.0,0.0,0.08109443280065959,0.019990599837229082,0.019990599837229082,0.019990599837229082,0.019990599837229082,0.019990599837229082,0.019990599837229082,0.0,0.0,0.0,0.0,0.0,0.0,-0.08,5.303304908059076,False,False,False,False,False,False,,,1,0,1,0,1,0,1,0,1,0,1,0
1331,Algama,https://www.crunchbase.com/organization/algama,France,48.8211559,2.3019814,2013,3.0,True,True,False,False,True,False,True,True,False,False,False,False,False,False,1,3,5,1.0,0.0,2014-01-01,2018-06-30,Series A,2014,65.6,True,False,True,True,7.6,15.2,True,False,False,False,False,False,False,False,False,False,False,False,3,0,True,False,False,True,False,True,False,True,False,True,False,True,False,True,False,3,0.0,True,False,False,True,False,True,True,False,False,True,False,True,False,267,4,True,216,86,0.3981481481481481,0.3351486096907046,0.005344402883603497,2.0169113501591895,0.004946547692628781,9.633913517948413,0.004946547692628781,0.11266080821188391,0.4358035897696493,9.633913517948413,9.633913517948413,9.633913517948413,3.9653980034914498,0.0,9.629158550559294,-0.08,5.993961427306569,False,False,True,False,True,True,,,3,0,3,0,3,0,3,0,3,0,3,0
15950,orderswift,https://www.crunchbase.com/organization/delishery,United Kingdom,51.4893335,-0.1440551,2013,2.0,False,True,False,False,False,True,True,False,False,True,True,False,False,False,0,1,1,0.0,0.12,2013-03-28,2013-03-28,Seed,2013,85.0,True,,False,,1.0,5.0,False,,False,,True,,False,,False,,True,,1,0,True,,True,True,,True,,True,,True,,True,,True,,1,,True,,True,True,,False,False,False,False,False,False,True,True,643,5,True,672,185,0.275297619047619,0.2431795780746302,0.004639509600861782,0.0,0.0,0.0,0.0,0.0,0.0,0.0,0.0,0.0,0.0,0.0,0.0,-0.08,6.55250788703459,False,False,False,False,False,False,,,1,0,1,0,1,0,1,0,1,0,1,0
15782,Tails.com,https://www.crunchbase.com/organization/tails-com,United Kingdom,51.4516003,-0.3415521,2013,5.0,False,True,False,False,True,True,True,False,False,True,False,False,False,False,1,1,3,0.0,8.37197,2014-03-01,2014-03-01,Series A,2014,135.0,True,,False,,8.7,30.7,True,,True,,False,,False,,False,,False,,0,0,False,,False,True,,True,,True,,True,,True,,True,,3,,True,,True,True,,False,False,False,False,False,False,True,True,645,5,True,6,0,0.0,0.0,0.018689168223371806,0.014308670794805314,0.014308670794805314,0.014308670794805314,0.014308670794805314,0.014308670794805314,0.014308670794805314,0.0,0.0,0.0,0.0,0.0,0.0,-0.08,6.803505257608338,True,False,True,True,True,True,2018-04-30,5.0,3,0,3,0,3,0,3,0,3,0,3,0
15654,Bakedin,https://www.crunchbase.com/organization/bakedin,United Kingdom,51.262826,-1.0861976,2013,2.0,False,False,False,False,False,True,True,False,False,False,True,False,False,False,7,1,2,1.0,0.84147,2020-07-02,2020-07-02,Seed,2020,97.5,True,True,False,False,18.0,4.5,False,False,False,False,False,False,False,False,False,False,False,False,0,0,False,False,False,True,True,True,True,True,True,True,True,True,True,True,True,2,1.0,True,True,True,False,False,False,False,False,False,False,False,True,True,14,0,False,0,0,0.0,0.0,0.05567725704998799,0.02148739053450096,0.017848300158941066,0.025126480910060853,0.025126480910060853,0.025126480910060853,0.025126480910060853,0.017848300158941066,0.017848300158941066,0.017848300158941066,0.00864355576901858,0.00864355576901858,0.00864355576901858,-0.08,7.901377353792616,False,False,False,False,False,False,,,1,1,2,1,2,1,2,1,2,1,2,1
5110,Bolt,https://www.crunchbase.com/organization/mtakso,Estonia,59.4372155,24.7453688,2013,3.0,False,True,False,False,True,False,True,False,False,True,False,False,False,False,1,1,2,0.0,2.153275,2014-12-18,2014-12-18,Series F,2014,40.5,False,,True,,4.0,8.0,False,,False,,False,,False,,False,,False,,0,0,False,,False,False,,False,,False,,False,,False,,False,,0,,False,,False,False,,True,True,False,False,False,False,True,False,39,0,False,27,2,0.074074074074074,0.0714589639821448,0.0,4.482706327969335,0.28329321371583815,8.682119442222831,0.28329321371583815,4.482706327969335,8.682119442222831,0.0,0.0,0.0,8.827126613140075,8.827126613140075,8.827126613140075,-0.08,3.261935314328648,False,True,True,True,True,True,,,0,0,0,0,0,0,0,0,0,0,0,0
4813,VanChefs,https://www.crunchbase.com/organization/vanchefs,The Netherlands,52.3730796,4.8924534,2013,2.0,False,True,False,False,True,True,True,False,False,False,False,False,False,False,0,1,1,0.0,0.0,2013-04-12,2013-04-12,Seed,2013,211.0,True,,False,,2.0,13.0,True,,True,,True,,False,,False,,False,,1,0,True,,True,True,,True,,True,,True,,True,,True,,1,,True,,True,True,,False,False,False,False,False,False,True,True,169,1,True,102,29,0.284313725490196,0.2502245099168804,0.0,0.0,0.0,0.0,0.0,0.0,0.0,0.0,0.0,0.0,0.0,0.0,0.0,-0.08,5.303304908059076,False,False,False,False,False,False,,,1,0,1,0,1,0,1,0,1,0,1,0
15680,StreetDots,https://www.crunchbase.com/organization/streetdots,United Kingdom,51.4893335,-0.1440551,2013,2.0,True,True,False,False,False,True,True,False,True,False,False,False,False,False,6,1,1,1.0,1.077854,2019-01-30,2019-01-30,Seed,2019,17.0,True,True,False,False,3.0,2.0,False,False,False,False,False,False,False,False,False,False,False,False,1,1,True,True,True,True,True,True,True,True,True,True,True,True,True,True,True,1,1.0,True,True,True,True,True,False,False,False,False,False,False,True,True,643,5,True,672,185,0.275297619047619,0.2431795780746302,0.004639509600861782,0.0,0.0,0.0,0.0,0.0,0.0,0.0,0.0,0.0,0.0,0.0,0.0,-0.08,8.006700845440367,False,False,False,False,False,False,,,1,1,1,1,1,1,1,1,1,1,1,1
15670,SimplyCook,https://www.crunchbase.com/organization/simplycook,United Kingdom,51.4893335,-0.1440551,2013,3.0,False,True,False,False,False,True,True,False,False,False,False,False,False,False,2,2,3,1.0,3.739623,2015-04-28,2017-07-31,Series A,2015,55.666666666666664,True,True,True,False,4.2,107.5,False,False,True,False,True,False,True,False,True,False,False,False,2,1,True,True,False,True,True,True,True,True,True,True,True,True,True,True,True,2,1.0,True,True,False,True,True,True,True,True,False,False,False,True,False,643,5,True,672,184,0.2738095238095238,0.2420120356185925,0.004639509600861782,3.54662631008887,0.0,8.616713337577476,0.0,4.728835080118493,8.616713337577476,0.0,0.0,0.0,5.416987439785322,0.0,8.616713337577476,-0.08,7.170888478512505,True,False,True,True,True,True,2021-02-24,8.0,2,1,2,1,2,1,2,1,2,1,2,1
20776,Diet4Life,https://www.crunchbase.com/organization/diet4life,Denmark,56.2526132,9.8610556,2013,1.0,True,False,False,False,False,False,True,True,False,False,False,False,False,False,0,1,1,0.0,0.0,2013-01-01,2013-01-01,Seed,2013,150.0,False,,True,,9.0,35.0,False,,False,,False,,False,,False,,False,,0,0,False,,False,False,,False,,False,,False,,False,,False,,1,,True,,True,True,,False,False,False,False,False,False,True,True,7,0,False,0,0,0.0,0.0,0.17992312464199314,0.17992312464199312,0.17992312464199312,0.17992312464199312,0.17992312464199312,0.17992312464199312,0.17992312464199312,0.0,0.0,0.0,0.0,0.0,0.0,-0.08,4.122283930911342,False,False,False,False,False,False,,,0,0,0,0,0,0,0,0,0,0,0,0
19178,RoyalPaté,https://www.crunchbase.com/organization/royalpaté-kft,Hungary,48.0733941,20.7881125,2013,2.0,False,False,False,False,False,True,True,False,False,False,False,False,False,False,6,3,1,0.0,0.0,2019-06-20,2021-11-11,Pre-Seed,2019,392.0,False,,True,,21.0,7.0,False,,False,,False,,False,,False,,False,,0,0,False,,False,False,,False,,False,,False,,False,,False,,3,,True,,True,False,,False,False,False,False,False,False,True,True,0,0,False,1,0,0.0,0.0,0.32793867833483215,0.14542062725753543,0.14542062725753543,0.14542062725753543,0.14542062725753543,0.14542062725753543,0.14542062725753543,0.0,0.0,0.0,0.0,0.0,0.0,-0.08,4.960744524482791,False,False,False,False,False,False,,,0,0,0,0,0,0,0,0,0,0,0,0
5444,KÖÖK,https://www.crunchbase.com/organization/kÖÖk,Estonia,59.4372155,24.7453688,2013,4.0,False,True,False,False,False,True,True,False,False,True,False,False,False,False,1,1,1,0.0,0.012937,2014-09-15,2014-09-15,Seed,2014,38.0,False,,True,,1.0,1.0,True,,False,,False,,False,,False,,False,,0,0,False,,False,False,,False,,False,,False,,False,,False,,0,,False,,False,False,,False,False,False,False,False,False,True,True,39,0,False,27,3,0.1111111111111111,0.1053605156578263,0.0,0.28329321371583815,0.28329321371583815,0.28329321371583815,0.28329321371583815,0.28329321371583815,0.28329321371583815,0.0,0.0,0.0,0.0,0.0,0.0,-0.08,3.261935314328648,False,False,False,False,False,False,,,0,0,0,0,0,0,0,0,0,0,0,0
15694,KisanHub,https://www.crunchbase.com/organization/kisanhub-com,United Kingdom,52.2055314,0.1186637,2013,2.0,True,True,False,False,False,False,True,False,False,True,False,False,False,False,3,2,3,3.0,3.430751,2016-07-06,2018-01-21,Venture - Series Unknown,2016,97.75,True,True,False,False,7.8,20.2,True,True,True,True,False,False,False,False,False,False,False,False,1,1,True,True,False,True,True,True,True,True,True,True,True,True,True,True,True,4,4.0,True,True,True,True,True,False,False,False,False,False,False,True,True,20,1,True,23,9,0.391304347826087,0.3302416868705768,0.0,0.061242429428051554,0.0,0.0816565725707354,0.0,0.0,0.0,0.0,0.061242429428051554,0.0816565725707354,0.0408282862853677,0.0,0.0816565725707354,-0.08,6.803505257608338,False,False,True,False,True,True,,,1,1,1,1,1,1,1,1,1,1,4,4
4786,YES.TAP,https://www.crunchbase.com/organization/yes-tap,The Netherlands,52.3730796,4.8924534,2013,4.0,False,True,False,False,False,False,True,False,False,True,False,False,False,False,0,1,1,0.0,0.317,2013-10-14,2013-10-14,Seed,2013,31.0,True,,False,,3.0,7.0,False,,False,,True,,False,,False,,False,,1,0,True,,True,True,,True,,True,,True,,True,,True,,1,,True,,True,True,,False,False,False,False,False,False,True,True,169,1,True,102,29,0.284313725490196,0.2502245099168804,0.0,0.0,0.0,0.0,0.0,0.0,0.0,0.0,0.0,0.0,0.0,0.0,0.0,-0.08,5.303304908059076,False,False,False,False,False,False,,,1,0,1,0,1,0,1,0,1,0,1,0
10798,5ensesinfood,https://www.crunchbase.com/organization/5ensesinfood,Portugal,41.237635,-8.5277489,2013,2.0,True,False,False,False,False,False,True,False,False,False,False,False,False,False,0,1,1,1.0,1.833034,2013-06-25,2013-06-25,Seed,2013,10.0,False,False,True,True,24.0,3.0,False,False,False,False,False,False,False,False,True,True,False,False,0,0,False,False,False,False,False,False,False,False,False,False,False,False,False,False,False,1,1.0,True,True,True,True,True,False,False,False,False,False,False,True,True,4,0,False,1,0,0.0,0.0,0.2860522165488942,0.27778705387775077,0.27778705387775077,0.27778705387775077,0.0,0.0,0.0,0.27778705387775077,0.27778705387775077,0.27778705387775077,0.0,0.0,0.0,-0.08,3.380994674344636,True,False,False,True,True,True,2018-02-01,5.0,0,0,0,0,0,0,0,0,0,0,0,0
15981,Arlabion,https://www.crunchbase.com/organization/arlabion,United Kingdom,53.4794892,-2.2451148,2013,1.0,True,True,False,False,True,False,True,True,False,False,False,False,False,False,3,1,2,1.0,0.0,2016-01-01,2016-01-01,Seed,2016,56.0,True,True,True,False,9.0,15.0,True,True,False,False,False,False,False,False,False,False,False,False,0,0,False,False,False,True,True,True,True,True,True,True,True,True,True,True,True,2,1.0,True,True,True,True,True,False,False,False,False,False,False,True,True,28,1,True,27,7,0.2592592592592592,0.2305236586118322,0.0,0.07073630409518569,0.01931587684035731,0.12215673135001408,0.12215673135001408,0.12215673135001408,0.12215673135001408,0.01931587684035731,0.01931587684035731,0.01931587684035731,0.10671070210433141,0.10671070210433141,0.10671070210433141,-0.08,6.803505257608338,False,False,False,False,False,False,,,1,1,1,1,1,1,1,1,1,1,1,1
19708,Mymenu,https://www.crunchbase.com/organization/mymenu,Italy,45.4641943,9.1896346,2013,3.0,False,True,False,False,True,False,True,False,False,False,False,False,False,False,5,1,3,0.0,1.751927,2018-07-01,2018-07-01,Seed,2018,54.0,True,,True,,5.3,10.0,False,,True,,True,,False,,True,,False,,2,0,True,,False,True,,True,,True,,True,,True,,True,,3,,True,,True,True,,False,False,False,False,False,False,True,True,89,1,True,51,12,0.2352941176470588,0.2113090936672069,0.0,0.08315265719378943,0.0,0.24945797158136832,0.0,0.08315265719378943,0.24945797158136832,0.0,0.0,0.0,0.16630531438757887,0.0,0.24945797158136832,-0.08,4.61512051684126,True,False,False,True,True,True,2021-02-01,8.0,2,0,2,0,2,0,2,0,2,0,2,0
15723,Natural Nutrients,https://www.crunchbase.com/organization/natural-nutrients,United Kingdom,54.818461,-1.6278591,2013,2.0,False,False,False,False,False,True,True,True,False,False,False,False,False,False,3,1,1,0.0,0.161891,2016-07-08,2016-07-08,Equity Crowdfunding,2016,285.0,True,,False,,12.0,27.0,False,,True,,False,,False,,False,,False,,0,0,False,,False,True,,True,,True,,True,,True,,True,,1,,True,,True,False,,False,False,False,False,False,False,True,True,9,1,True,7,0,0.0,0.0,0.1542164602711307,0.016278244461170842,0.016278244461170842,0.016278244461170842,0.016278244461170842,0.016278244461170842,0.016278244461170842,0.0,0.0,0.0,0.0,0.0,0.0,-0.08,6.803505257608338,False,False,False,False,False,False,,,1,0,1,0,1,0,1,0,1,0,1,0
1814,Cutie Pie,https://www.crunchbase.com/organization/cutie-pie,France,47.3215806,5.0414701,2013,1.0,False,False,False,False,False,False,True,False,False,False,True,False,False,False,3,1,1,0.0,0.504852,2016-09-13,2016-09-13,Seed,2016,9.0,True,,False,,20.0,0.0,False,,False,,False,,False,,False,,False,,0,0,False,,False,True,,False,,False,,False,,False,,False,,1,,True,,True,False,,False,False,False,False,False,False,True,True,1,0,False,1,0,0.0,0.0,0.15003613220280804,0.07472551629919043,0.07472551629919043,0.07472551629919043,0.07472551629919043,0.07472551629919043,0.07472551629919043,0.0,0.0,0.0,0.0,0.0,0.0,-0.08,6.398594934535208,False,False,False,False,False,False,,,0,0,0,0,0,0,0,0,0,0,1,0
1614,Prêt à Pousser,https://www.crunchbase.com/organization/prêt-à-pousser,France,48.9728571,2.343561,2013,2.0,False,True,False,False,False,False,True,False,False,False,False,False,False,False,2,1,1,1.0,0.476295,2015-10-21,2015-10-21,Venture - Series Unknown,2015,8.0,False,False,True,True,0.0,1.0,False,False,False,False,False,False,False,False,False,False,False,False,0,0,False,False,False,False,False,False,False,False,False,False,False,False,False,False,False,0,0.0,False,False,False,False,False,False,False,False,False,False,False,True,True,267,4,True,3,0,0.0,0.0,0.01266282570497811,0.28360911735002964,0.28360911735002964,0.28360911735002964,0.0,0.0,0.0,0.28360911735002964,0.28360911735002964,0.28360911735002964,0.0,0.0,0.0,-0.08,6.2166061010848646,False,False,True,False,True,True,,,0,0,0,0,0,0,0,0,0,0,0,0
4530,Atmos,https://www.crunchbase.com/organization/atmosuav,The Netherlands,52.1809225,4.4285918,2013,6.0,True,False,False,False,True,True,True,False,False,True,False,False,True,False,5,2,1,1.0,0.0,2018-07-05,2019-12-12,Seed,2018,4.0,True,True,False,False,2.5,2.0,False,False,False,False,False,False,False,False,False,False,False,False,0,0,False,False,False,True,True,True,True,True,True,True,True,False,False,False,False,2,2.0,True,True,True,True,True,False,False,False,False,False,False,True,True,190,2,True,3,2,0.6666666666666666,0.5108256237659906,0.038111227906099984,0.03811122790610008,0.03811122790610008,0.03811122790610008,0.0,0.0,0.0,0.03811122790610008,0.03811122790610008,0.03811122790610008,0.0,0.0,0.0,-0.08,5.993961427306569,False,False,False,False,False,False,,,0,0,0,0,2,2,2,2,2,2,2,2
12207,Frontu,https://www.crunchbase.com/organization/tasker-c063,Lithuania,54.8982139,23.9044817,2013,2.0,True,False,False,False,False,False,True,False,False,True,False,False,True,True,5,3,2,2.0,1.325083,2018-09-10,2021-08-24,Seed,2018,19.75,True,True,True,True,2.8,3.2,True,True,False,False,False,False,False,False,False,False,False,False,0,0,False,False,False,True,True,False,False,False,False,False,False,False,False,False,False,3,3.0,True,True,False,False,False,False,False,False,False,False,False,True,True,0,0,False,3,0,0.0,0.0,0.3528033105724979,0.21880640661783451,0.09143308999659236,0.6009263564815609,0.0,0.0,0.0,0.09143308999659236,0.21880640661783451,0.6009263564815609,0.31452532504194053,0.0,0.6290506500838811,-0.08,3.66612246699132,True,False,False,True,True,True,2024-10-17,11.0,0,0,0,0,0,0,0,0,0,0,3,3
6348,MissTipsi,https://www.crunchbase.com/organization/misstipsi,Spain,40.4237276,-3.6899043,2013,1.0,False,True,False,False,False,True,True,False,False,True,False,False,False,False,2,1,2,0.0,0.509105,2015-02-01,2015-02-01,Venture - Series Unknown,2015,40.5,True,,False,,10.5,8.0,False,,False,,False,,False,,False,,False,,2,0,True,,True,True,,True,,True,,True,,True,,True,,2,,True,,True,True,,False,False,False,False,False,False,True,True,101,2,True,110,18,0.1636363636363636,0.1515498981272009,0.0013966316113990815,0.0,0.0,0.0,0.0,0.0,0.0,0.0,0.0,0.0,0.0,0.0,0.0,-0.08,6.2166061010848646,False,False,True,False,True,True,,,2,0,2,0,2,0,2,0,2,0,2,0
10822,FARMCONTROL,https://www.crunchbase.com/organization/farmcontrol,Portugal,38.7077507,-9.1365919,2013,1.0,True,True,False,False,False,False,True,False,False,False,False,False,False,False,4,1,1,0.0,0.0,2017-07-25,2017-07-25,Seed,2017,256.0,True,,False,,5.0,32.0,True,,False,,False,,False,,False,,False,,0,0,False,,False,True,,True,,True,,True,,True,,True,,1,,True,,True,True,,False,False,False,False,False,False,True,True,49,0,False,21,9,0.4285714285714285,0.3566749439387323,0.0,0.010497425547637452,0.010497425547637452,0.010497425547637452,0.010497425547637452,0.010497425547637452,0.010497425547637452,0.0,0.0,0.0,0.0,0.0,0.0,-0.08,3.2228678461377385,False,False,False,False,False,False,,,1,0,1,0,1,0,1,0,1,0,1,0
15362,Entocycle,https://www.crunchbase.com/organization/entocycle,United Kingdom,51.4893335,-0.1440551,2014,1.0,True,True,False,False,True,False,True,True,False,False,False,True,False,False,4,1,2,0.0,3.0,2018-12-01,2018-12-01,Series A,2018,175.0,False,,True,,7.0,57.0,False,,False,,False,,False,,False,,False,,0,0,False,,False,False,,False,,False,,False,,False,,False,,0,,False,,False,False,,True,True,True,True,False,False,False,False,643,5,True,950,253,0.2663157894736842,0.2361117313800923,0.004639509600861782,8.62621858619736,8.616713337577476,8.635723834817247,8.616713337577476,8.62621858619736,8.635723834817247,0.0,0.0,0.0,0.04369680386313251,0.04369680386313251,0.04369680386313251,1.6,7.696667081526462,False,False,True,False,True,True,,,0,0,0,0,0,0,0,0,0,0,0,0
15727,GoKart,https://www.crunchbase.com/organization/gokart-b045,United Kingdom,51.4893335,-0.1440551,2014,1.0,True,True,False,False,False,True,True,False,False,False,False,False,False,False,5,1,1,1.0,0.198165,2019-03-01,2019-03-01,Seed,2019,189.0,True,True,False,False,17.0,9.0,False,False,False,False,False,False,False,False,False,False,False,False,0,0,False,False,False,True,True,True,True,False,False,False,False,False,False,False,False,1,1.0,True,True,True,False,False,False,False,False,False,False,False,True,True,643,5,True,950,253,0.2663157894736842,0.2361117313800923,0.004639509600861782,0.05294940182194702,0.05294940182194702,0.05294940182194702,0.0,0.0,0.0,0.05294940182194702,0.05294940182194702,0.05294940182194702,0.0,0.0,0.0,1.6,8.006700845440367,False,False,False,False,False,False,,,0,0,0,0,0,0,0,0,1,1,1,1
8982,FragPaul,https://www.crunchbase.com/organization/fragpaul,Germany,50.938361,6.959974,2014,2.0,False,False,False,False,True,False,True,False,False,False,False,False,False,False,2,2,3,1.0,0.24,2016-09-12,2016-09-12,Seed,2016,49.0,False,False,True,True,3.7,178.7,True,False,True,True,True,True,False,False,False,False,False,False,0,0,False,False,False,False,False,False,False,False,False,False,False,False,False,False,False,4,0.0,True,False,False,True,False,True,True,True,False,True,False,True,False,54,0,False,32,12,0.375,0.3184537311185346,0.1832177169298696,2.962361397507872,0.4558451250145035,7.954715556396933,0.4558451250145035,0.4661843180633418,0.47652351111218005,7.954715556396933,7.954715556396933,7.954715556396933,4.551907562332915,0.0,8.41055354107772,1.6,7.244941546337007,False,False,False,False,False,False,,,0,0,0,0,0,0,0,0,0,0,0,0
20049,Faberest,https://www.crunchbase.com/organization/faberest,Italy,45.6279075,12.3747797,2014,1.0,False,False,False,False,False,True,True,False,False,True,False,False,False,False,1,1,1,0.0,0.170888,2015-04-17,2015-04-17,Seed,2015,78.0,True,,False,,10.0,19.0,False,,False,,True,,False,,False,,True,,1,0,True,,True,True,,True,,True,,True,,True,,True,,1,,True,,True,False,,False,False,False,False,False,False,True,True,2,0,False,23,4,0.1739130434782608,0.1603426500751793,0.24868984341073422,0.0,0.0,0.0,0.0,0.0,0.0,0.0,0.0,0.0,0.0,0.0,0.0,1.6,4.33990170837321,False,False,False,False,False,False,,,1,0,1,0,1,0,1,0,1,0,1,0
15498,Body Collective,https://www.crunchbase.com/organization/baby2body,United Kingdom,51.4893335,-0.1440551,2014,1.0,False,True,False,False,False,True,True,True,False,True,False,False,False,False,0,2,5,1.0,1.192253,2014-12-01,2016-02-18,Undisclosed,2014,189.4,True,True,True,False,8.2,87.5,False,False,True,False,True,False,True,False,True,False,True,False,4,1,True,True,False,True,True,True,True,True,True,True,True,True,True,True,True,4,1.0,True,True,False,True,True,True,True,True,False,False,False,True,False,643,5,True,950,253,0.2663157894736842,0.2361117313800923,0.004639509600861782,1.646153083534302,0.0,8.616713337577476,0.0,1.9753837002411623,8.616713337577476,0.0,0.0,0.0,3.255041549988298,0.0,9.317949245001227,1.6,6.803505257608338,False,False,False,False,False,False,,,4,1,4,1,4,1,4,1,4,1,4,1
12265,Foodout Group,https://www.crunchbase.com/organization/foodout,Lithuania,54.6870458,25.2829111,2014,1.0,False,False,False,False,True,True,True,False,False,True,False,False,False,False,1,2,1,0.0,1.2,2015-01-10,2015-07-04,Series A,2015,9.0,True,,False,,2.0,1.0,False,,False,,False,,False,,False,,False,,2,0,True,,True,True,,True,,True,,True,,True,,True,,2,,True,,True,False,,False,False,False,False,False,False,True,True,21,0,False,31,3,0.0967741935483871,0.0923733201310151,0.3931527714736103,0.0,0.0,0.0,0.0,0.0,0.0,0.0,0.0,0.0,0.0,0.0,0.0,1.6,3.039749158970765,False,False,True,False,True,True,,,2,0,2,0,2,0,2,0,2,0,2,0
15779,Takestock,https://www.crunchbase.com/organization/takestock-com,United Kingdom,51.4020243,-1.3242212,2014,2.0,True,False,False,False,False,True,True,False,True,True,False,True,False,False,1,1,3,0.0,0.459138,2015-09-01,2015-09-01,Seed,2015,138.33333333333334,True,,True,,7.0,13.0,False,,True,,False,,False,,True,,False,,0,0,False,,False,True,,True,,True,,True,,False,,False,,3,,True,,True,True,,False,False,False,False,False,False,True,True,18,0,False,0,0,0.0,0.0,0.03918630769451356,0.08090567688604913,0.03669097444213837,0.123663822280772,0.03669097444213837,0.08090567688604913,0.123663822280772,0.0,0.0,0.0,0.12180270579515064,0.05294940182194702,0.16239646057450785,1.6,7.170888478512505,False,False,False,False,False,False,,,0,0,0,0,1,0,1,0,1,0,2,0
8986,Marley Spoon,https://www.crunchbase.com/organization/marley-spoon,Germany,52.510885,13.3989367,2014,2.0,False,True,False,False,True,False,True,False,False,False,False,False,False,False,0,2,3,1.0,4.0,2014-06-10,2014-06-10,Post-IPO Equity,2014,332.0,True,True,False,False,2.3,58.3,False,False,False,False,False,False,False,False,False,False,False,False,6,2,True,True,True,True,True,True,True,True,True,True,True,True,True,True,True,6,2.0,True,True,True,True,True,False,False,False,False,True,True,True,True,171,3,True,307,129,0.4201954397394137,0.3507944957618372,0.0,0.0,0.0,0.0,0.0,0.0,0.0,0.0,0.0,0.0,0.0,0.0,0.0,1.6,6.55250788703459,True,True,False,True,True,True,2018-07-02,4.0,6,2,6,2,6,2,6,2,6,2,6,2
15766,Crane Cast Iron Cookware,https://www.crunchbase.com/organization/crane-cast-iron-cookware,United Kingdom,52.4482359,-3.5410891,2014,1.0,False,False,False,False,True,True,True,False,False,False,False,False,False,True,0,1,1,1.0,0.081251,2014-08-17,2014-08-17,Equity Crowdfunding,2014,245.0,False,False,True,True,5.0,22.0,False,False,False,False,False,False,False,False,False,False,False,False,0,0,False,False,False,False,False,False,False,False,False,False,False,False,False,False,False,1,1.0,True,True,True,True,True,False,False,False,False,False,False,True,True,0,0,False,0,0,0.0,0.0,0.14381092135545429,0.2559475645085192,0.2559475645085192,0.2559475645085192,0.0,0.0,0.0,0.2559475645085192,0.2559475645085192,0.2559475645085192,0.0,0.0,0.0,1.6,6.803505257608338,False,False,False,False,False,False,,,0,0,0,0,0,0,0,0,0,0,0,0
15801,DeliveryCube,https://www.crunchbase.com/organization/deliverycube,United Kingdom,51.4893335,-0.1440551,2014,2.0,True,True,False,False,True,True,True,False,False,True,False,False,False,False,1,2,1,1.0,0.391269,2015-02-13,2015-11-16,Seed,2015,245.0,True,True,False,False,6.0,22.0,False,False,False,False,False,False,False,False,False,False,False,False,2,1,True,True,True,True,True,True,True,True,True,True,True,True,True,True,True,2,1.0,True,True,True,True,True,False,False,False,False,False,False,True,True,643,5,True,950,253,0.2663157894736842,0.2361117313800923,0.004639509600861782,0.0,0.0,0.0,0.0,0.0,0.0,0.0,0.0,0.0,0.0,0.0,0.0,1.6,7.170888478512505,False,False,False,False,False,False,,,2,1,2,1,2,1,2,1,2,1,2,1
8838,JustSpices,https://www.crunchbase.com/organization/justspices,Germany,51.2254018,6.7763137,2014,5.0,False,False,False,False,True,False,True,False,False,False,False,False,False,False,0,2,1,1.0,0.0,2014-01-01,2014-01-01,Series B,2014,49.0,False,False,True,True,3.0,14.0,False,False,False,False,False,False,False,False,False,False,False,False,0,0,False,False,False,False,False,False,False,False,False,False,False,False,False,False,False,2,2.0,True,True,True,False,False,False,False,False,False,True,True,True,True,57,0,False,12,3,0.25,0.2231435513142097,0.17468247275260293,0.3894835461924162,0.3894835461924162,0.3894835461924162,0.0,0.0,0.0,0.3894835461924162,0.3894835461924162,0.3894835461924162,0.0,0.0,0.0,1.6,6.55250788703459,True,False,True,True,True,True,2021-12-10,7.0,0,0,0,0,0,0,0,0,0,0,0,0
15767,Naturelly Jelly Juice,https://www.crunchbase.com/organization/naturelly-jelly-juice,United Kingdom,53.3299162,-2.2508629,2014,2.0,False,True,False,False,False,True,True,False,False,False,False,False,False,False,1,1,1,1.0,0.0,2015-08-17,2015-08-17,Angel,2015,39.0,False,False,True,True,1.0,2.0,False,False,False,False,False,False,False,False,True,True,False,False,0,0,False,False,False,False,False,False,False,False,False,False,False,False,False,False,False,1,1.0,True,True,True,True,True,False,False,False,False,False,False,True,True,32,1,True,8,1,0.125,0.1177830356563834,0.016636123077274342,0.24959359413517787,0.24959359413517787,0.24959359413517787,0.0,0.0,0.0,0.24959359413517787,0.24959359413517787,0.24959359413517787,0.0,0.0,0.0,1.6,7.170888478512505,False,False,False,False,False,False,,,0,0,0,0,0,0,0,0,0,0,0,0
15472,City Pantry,https://www.crunchbase.com/organization/city-pantry,United Kingdom,51.4893335,-0.1440551,2014,1.0,False,True,False,False,True,True,True,False,False,False,False,False,False,False,1,1,1,0.0,1.46566,2015-02-11,2015-02-11,Series A,2015,64.0,True,,False,,2.0,5.0,False,,True,,True,,False,,False,,False,,1,0,True,,True,True,,True,,True,,True,,True,,True,,1,,True,,True,True,,False,False,False,False,False,False,True,True,643,5,True,950,252,0.2652631578947368,0.2352801305005663,0.004639509600861782,0.0,0.0,0.0,0.0,0.0,0.0,0.0,0.0,0.0,0.0,0.0,0.0,1.6,7.170888478512505,True,False,True,True,True,True,2019-07-12,5.0,1,0,1,0,1,0,1,0,1,0,1,0
15378,WatchHouse,https://www.crunchbase.com/organization/watchhouse,United Kingdom,51.4893335,-0.1440551,2014,1.0,False,True,False,False,False,True,True,False,False,False,False,False,False,False,5,1,1,1.0,2.1,2019-10-28,2019-10-28,Series A,2019,30.0,True,True,False,False,3.0,1.0,True,True,False,False,False,False,False,False,True,True,False,False,1,1,True,True,True,True,True,True,True,True,True,True,True,True,True,True,True,1,1.0,True,True,True,True,True,False,False,False,False,False,False,True,True,643,5,True,950,253,0.2663157894736842,0.2361117313800923,0.004639509600861782,0.0,0.0,0.0,0.0,0.0,0.0,0.0,0.0,0.0,0.0,0.0,0.0,1.6,8.006700845440367,False,False,True,False,True,True,,,1,1,1,1,1,1,1,1,1,1,1,1
19980,Eattiamo,https://www.crunchbase.com/organization/eattiamo,Italy,44.238366,9.6912326,2014,4.0,False,False,False,False,False,True,True,False,False,True,False,False,False,False,0,2,2,1.0,0.0,2014-11-28,2016-05-09,Angel,2014,78.0,False,False,True,True,15.0,49.5,True,True,True,True,True,True,False,False,False,False,True,False,0,0,False,False,False,False,False,False,False,False,False,False,False,False,False,False,False,1,0.0,True,False,False,False,False,True,True,True,False,False,False,True,False,0,0,False,0,0,0.0,0.0,0.14192449372248217,3.446660803379078,0.2616959729125317,6.6316256338456245,0.2616959729125317,0.2616959729125317,0.2616959729125317,6.6316256338456245,6.6316256338456245,6.6316256338456245,6.742251966605739,6.742251966605739,6.742251966605739,1.6,3.977810745966149,False,False,False,False,False,False,,,0,0,0,0,0,0,0,0,0,0,0,0
15519,Nix & Kix,https://www.crunchbase.com/organization/nix-kix,United Kingdom,51.4893335,-0.1440551,2014,2.0,False,True,False,False,False,False,True,False,False,False,False,False,False,False,3,1,1,0.0,1.817251,2017-11-17,2017-11-17,Seed,2017,39.0,True,,False,,3.0,2.0,False,,False,,False,,False,,True,,False,,1,0,True,,True,True,,True,,True,,True,,True,,True,,1,,True,,True,True,,False,False,False,False,False,False,True,True,643,5,True,950,253,0.2663157894736842,0.2361117313800923,0.004639509600861782,0.0,0.0,0.0,0.0,0.0,0.0,0.0,0.0,0.0,0.0,0.0,0.0,1.6,7.696667081526462,False,False,False,False,False,False,,,1,0,1,0,1,0,1,0,1,0,1,0
16092,Shuttlecook,https://www.crunchbase.com/organization/shuttlecook,United Kingdom,51.4893335,-0.1440551,2014,2.0,False,True,False,False,True,False,True,False,False,False,False,False,False,False,0,1,1,0.0,0.045478,2014-09-29,2014-09-29,Seed,2014,285.0,False,,True,,10.0,27.0,False,,True,,False,,False,,False,,False,,0,0,False,,False,False,,False,,False,,False,,False,,False,,1,,True,,True,False,,False,False,False,False,False,False,True,True,643,5,True,950,253,0.2663157894736842,0.2361117313800923,0.004639509600861782,0.3990266537839707,0.3990266537839707,0.3990266537839707,0.3990266537839707,0.3990266537839707,0.3990266537839707,0.0,0.0,0.0,0.0,0.0,0.0,1.6,6.803505257608338,False,False,False,False,False,False,,,0,0,0,0,0,0,0,0,0,0,0,0
15936,Nom Noms,https://www.crunchbase.com/organization/nom-noms,United Kingdom,51.4893335,-0.1440551,2014,1.0,False,True,False,False,False,True,True,False,False,False,False,False,False,False,5,1,1,0.0,0.0,2019-12-18,2019-12-18,Pre-Seed,2019,82.0,False,,True,,3.0,7.0,False,,False,,False,,False,,False,,False,,0,0,False,,False,False,,False,,False,,False,,False,,False,,0,,False,,False,False,,True,True,True,True,False,False,False,False,643,5,True,950,253,0.2663157894736842,0.2361117313800923,0.004639509600861782,8.635874836560806,8.635874836560806,8.635874836560806,8.635874836560806,8.635874836560806,8.635874836560806,0.0,0.0,0.0,0.0,0.0,0.0,1.6,8.006700845440367,False,False,False,False,False,False,,,0,0,0,0,0,0,0,0,0,0,0,0
15576,ckbk,https://www.crunchbase.com/organization/ckbk,United Kingdom,51.4893335,-0.1440551,2014,3.0,False,True,False,False,False,False,True,False,False,True,True,False,False,False,5,1,1,1.0,0.0,2019-02-04,2019-02-04,Pre-Seed,2019,0.0,False,False,True,True,13.0,527.0,False,False,True,True,True,True,False,False,False,False,False,False,0,0,False,False,False,False,False,False,False,False,False,False,False,False,False,False,False,0,0.0,False,False,False,False,False,True,True,True,True,False,False,False,False,643,5,True,950,253,0.2663157894736842,0.2361117313800923,0.004639509600861782,7.533167020908819,7.533167020908819,7.533167020908819,0.0,0.0,0.0,7.533167020908819,7.533167020908819,7.533167020908819,0.0,0.0,0.0,1.6,8.006700845440367,False,False,False,False,False,False,,,0,0,0,0,0,0,0,0,0,0,0,0
15999,Casso Cocktails,https://www.crunchbase.com/organization/casso-cocktails,United Kingdom,51.4893335,-0.1440551,2014,1.0,False,True,False,False,False,False,True,False,False,False,False,False,False,False,2,1,1,0.0,0.0,2016-10-13,2016-10-13,Seed,2016,64.0,True,,False,,3.0,5.0,False,,True,,True,,False,,False,,False,,1,0,True,,True,True,,True,,True,,True,,True,,True,,1,,True,,True,True,,False,False,False,False,False,False,True,True,643,5,True,950,253,0.2663157894736842,0.2361117313800923,0.004639509600861782,0.0,0.0,0.0,0.0,0.0,0.0,0.0,0.0,0.0,0.0,0.0,0.0,1.6,6.803505257608338,False,False,False,False,False,False,,,1,0,1,0,1,0,1,0,1,0,1,0
10655,Watgrid,https://www.crunchbase.com/organization/watgrid,Portugal,40.640496,-8.6537841,2014,2.0,True,False,False,False,False,False,True,False,False,True,False,False,False,True,1,2,2,1.0,0.127774,2015-03-02,2016-06-30,Venture - Series Unknown,2015,27.0,False,False,True,True,13.5,3.0,True,False,False,False,True,False,False,False,True,True,False,False,0,0,False,False,False,False,False,False,False,False,False,False,False,False,False,False,False,1,1.0,True,True,False,True,True,False,False,False,False,False,False,True,True,0,0,False,1,0,0.0,0.0,0.21884672740316308,0.5131216398120917,0.2188467274031633,0.80739655222102,0.80739655222102,0.80739655222102,0.80739655222102,0.2188467274031633,0.2188467274031633,0.2188467274031633,0.9831424610178656,0.9831424610178656,0.9831424610178656,1.6,3.824284091120139,False,False,True,False,True,True,,,0,0,0,0,0,0,0,0,0,0,0,0
19732,Vino.com,https://www.crunchbase.com/organization/vino75,Italy,43.7697955,11.2556404,2014,4.0,False,False,False,False,False,True,True,False,False,False,False,False,False,False,0,1,1,0.0,0.096969,2013-05-29,2013-05-29,Series A,2013,63.0,False,,True,,0.0,9.0,False,,False,,False,,False,,True,,False,,0,0,False,,False,False,,False,,False,,False,,False,,False,,1,,True,,True,True,,False,False,False,False,False,False,True,True,3,0,False,14,4,0.2857142857142857,0.251314428280906,0.24945797158136823,0.24945797158136832,0.24945797158136832,0.24945797158136832,0.24945797158136832,0.24945797158136832,0.24945797158136832,0.0,0.0,0.0,0.0,0.0,0.0,1.6,4.370712874773608,False,False,True,False,True,True,,,0,0,0,0,0,0,0,0,0,0,0,0
9535,Regional Markt,https://www.crunchbase.com/organization/regional-markt,Germany,48.1371079,11.5753822,2014,2.0,False,True,False,False,False,True,True,False,False,True,False,False,False,True,1,2,1,0.0,0.113134,2015-02-01,2015-02-01,Seed,2015,684.0,False,,True,,4.0,52.0,False,,True,,False,,False,,False,,True,,0,0,False,,False,False,,False,,False,,False,,False,,False,,0,,False,,False,True,,False,False,False,False,False,False,True,True,129,2,True,96,35,0.3645833333333333,0.3108491317333153,0.0,1.4830929897376368,1.4830929897376368,1.4830929897376368,1.4830929897376368,1.4830929897376368,1.4830929897376368,0.0,0.0,0.0,0.0,0.0,0.0,1.6,6.803505257608338,False,False,False,False,False,False,,,0,0,0,0,0,0,0,0,0,0,0,0
16061,Happiour,https://www.crunchbase.com/organization/happiour,United Kingdom,51.4893335,-0.1440551,2014,3.0,False,True,False,False,False,False,True,False,False,True,False,False,False,True,1,1,2,0.0,0.0,2015-02-26,2015-02-26,Venture - Series Unknown,2015,121.5,True,,True,,22.0,41.0,False,,False,,False,,False,,False,,False,,1,0,True,,False,True,,True,,True,,True,,True,,True,,1,,True,,False,True,,True,True,True,False,False,False,True,False,643,5,True,950,252,0.2652631578947368,0.2352801305005663,0.004639509600861782,4.317937418280403,0.0,8.635874836560806,0.0,4.317937418280403,8.635874836560806,0.0,0.0,0.0,8.635874836560806,8.635874836560806,8.635874836560806,1.6,7.170888478512505,True,False,True,True,True,True,2017-10-17,3.0,1,0,1,0,1,0,1,0,1,0,1,0
9533,Koawach,https://www.crunchbase.com/organization/koawach,Germany,52.510885,13.3989367,2014,2.0,False,True,False,False,False,False,True,False,False,False,False,False,False,False,1,2,1,1.0,0.0,2015-01-01,2015-01-01,Seed,2015,10.0,True,True,False,False,3.0,1.0,True,True,False,False,False,False,False,False,False,False,False,False,2,2,True,True,True,True,True,True,True,True,True,True,True,True,True,True,True,2,2.0,True,True,True,True,True,False,False,False,False,True,True,True,True,171,3,True,307,130,0.4234527687296417,0.353085447508393,0.0,0.0,0.0,0.0,0.0,0.0,0.0,0.0,0.0,0.0,0.0,0.0,0.0,1.6,6.803505257608338,False,False,False,False,False,False,,,2,2,2,2,2,2,2,2,2,2,2,2
15617,Not Dogs,https://www.crunchbase.com/organization/not-dogs,United Kingdom,52.4494246,-1.9305743,2014,2.0,False,False,False,False,False,False,True,False,False,False,False,False,False,False,3,3,1,1.0,0.365902,2017-04-04,2019-01-18,Seed,2017,39.0,False,False,True,True,4.0,2.0,False,False,False,False,False,False,False,False,True,True,False,False,0,0,False,False,False,False,False,False,False,False,False,False,False,False,False,False,False,3,1.0,True,True,True,True,True,False,False,False,False,False,False,True,True,11,1,True,21,2,0.0952380952380952,0.0909717782057266,0.09013888067316496,0.16239646057450785,0.16239646057450785,0.16239646057450785,0.16239646057450785,0.16239646057450785,0.16239646057450785,0.16239646057450785,0.16239646057450785,0.16239646057450785,0.0,0.0,0.0,1.6,7.696667081526462,False,False,False,False,False,False,,,0,0,0,0,0,0,0,0,0,0,0,0
9523,Home eat Home,https://www.crunchbase.com/organization/home-eat-home,Germany,52.510885,13.3989367,2014,2.0,False,True,False,False,True,True,True,False,False,True,False,False,False,False,0,2,1,0.0,0.0,2014-01-01,2014-01-01,Seed,2014,9.0,False,,True,,1.0,1.0,False,,False,,False,,False,,False,,True,,0,0,False,,False,False,,False,,False,,False,,False,,False,,0,,False,,False,False,,True,True,True,True,False,False,False,False,171,3,True,307,130,0.4234527687296417,0.353085447508393,0.0,7.57756223383968,7.57756223383968,7.57756223383968,7.57756223383968,7.57756223383968,7.57756223383968,0.0,0.0,0.0,0.0,0.0,0.0,1.6,6.55250788703459,False,False,False,False,False,False,,,0,0,0,0,0,0,0,0,0,0,0,0
19309,KitchenBox,https://www.crunchbase.com/organization/kitchenbox,Hungary,47.4978789,19.0402383,2014,1.0,False,False,False,False,True,False,True,False,False,False,False,False,False,False,2,1,1,0.0,0.13,2016-02-01,2016-02-01,Seed,2016,18.0,True,,False,,29.0,1.0,False,,False,,False,,False,,True,,False,,1,0,True,,True,True,,True,,True,,True,,True,,True,,1,,True,,True,False,,False,False,False,False,False,False,True,True,31,0,False,34,5,0.1470588235294117,0.1372011215134849,0.21414371872684834,0.0,0.0,0.0,0.0,0.0,0.0,0.0,0.0,0.0,0.0,0.0,0.0,1.6,3.9740583963475986,False,False,False,False,False,False,,,1,0,1,0,1,0,1,0,1,0,1,0
11787,CodeCheck,https://www.crunchbase.com/organization/codecheck-info,Switzerland,47.3744489,8.5410422,2014,2.0,False,True,False,False,True,True,True,True,False,True,False,True,False,True,0,1,3,2.0,0.0,2014-08-18,2014-08-18,Venture - Series Unknown,2014,123.0,True,True,True,True,7.3,18.7,False,False,False,False,False,False,True,False,False,False,False,False,1,0,True,False,False,True,True,True,True,True,True,True,False,True,False,True,False,2,1.0,True,True,False,True,True,False,False,False,False,True,True,True,True,123,2,True,43,15,0.3488372093023256,0.2992428948528569,0.0,0.23615414698193865,0.0,0.668271913917405,0.0,0.0,0.0,0.040190527028410826,0.35423122047290795,0.668271913917405,0.46907771011354765,0.040190527028410826,0.698770689394827,1.6,4.61512051684126,True,False,True,True,True,True,2022-05-02,8.0,1,0,1,0,1,0,2,1,2,1,2,1
15535,Wriggle,https://www.crunchbase.com/organization/wriggle,United Kingdom,51.450363,-2.600511,2014,1.0,False,False,False,False,False,True,True,False,False,True,False,False,False,True,0,2,2,0.0,0.496653,2014-10-11,2016-01-01,Pre-Seed,2014,232.0,True,,True,,6.0,38.5,False,,False,,True,,False,,True,,False,,1,0,True,,False,True,,True,,True,,True,,True,,True,,2,,True,,True,True,,False,False,False,False,False,False,True,True,11,1,True,24,5,0.2083333333333333,0.1892419996385283,0.09861106188293778,0.08509834004253135,0.0,0.1701966800850627,0.0,0.08509834004253135,0.1701966800850627,0.0,0.0,0.0,0.1701966800850627,0.1701966800850627,0.1701966800850627,1.6,6.803505257608338,False,False,False,False,False,False,,,1,0,1,0,1,0,1,0,1,0,1,0
15562,Home Run,https://www.crunchbase.com/organization/convibo,United Kingdom,51.4893335,-0.1440551,2014,3.0,False,True,False,False,True,True,True,False,False,True,False,False,False,False,2,2,2,2.0,1.411587,2016-03-01,2017-04-25,Equity Crowdfunding,2016,69.66666666666667,True,True,True,True,2.0,10.7,True,True,True,True,False,False,False,False,False,False,False,False,1,1,True,True,False,True,True,True,True,True,True,True,True,True,True,True,True,1,1.0,True,True,False,True,True,False,False,False,False,False,False,True,True,643,5,True,950,253,0.2663157894736842,0.2361117313800923,0.004639509600861782,1.5951488278514472,0.0,2.392723241777171,2.392723241777171,2.392723241777171,2.392723241777171,0.0,1.1963616208885854,2.392723241777171,1.5951488278514472,0.0,2.392723241777171,1.6,6.803505257608338,False,False,False,False,False,False,,,1,1,1,1,1,1,1,1,1,1,1,1
15662,Human Food,https://www.crunchbase.com/organization/human-food,United Kingdom,53.3418732,-1.2789459,2014,1.0,False,False,False,False,False,False,True,True,False,False,False,False,False,False,5,1,1,1.0,0.616441,2019-09-12,2019-09-12,Seed,2019,65.0,False,False,True,True,3.0,4.0,True,True,False,False,False,False,False,False,False,False,False,False,0,0,False,False,False,False,False,False,False,False,False,False,False,False,False,False,False,0,0.0,False,False,False,True,True,False,False,False,False,True,True,True,True,9,1,True,0,0,0.0,0.0,0.0658405072757255,0.9604888347996637,0.9604888347996637,0.9604888347996637,0.0,0.0,0.0,0.9604888347996637,0.9604888347996637,0.9604888347996637,0.0,0.0,0.0,1.6,8.006700845440367,False,False,False,False,False,False,,,0,0,0,0,0,0,0,0,0,0,0,0
19401,Everli,https://www.crunchbase.com/organization/supermercato24,Italy,45.4641943,9.1896346,2014,2.0,False,True,False,False,True,True,True,False,False,False,False,False,False,False,1,2,5,1.0,1.011376,2015-02-01,2015-05-01,Private Equity,2015,48.6,True,False,True,True,4.4,15.2,False,False,True,True,False,False,False,False,False,False,False,False,2,0,True,False,False,True,False,True,False,True,False,True,False,True,False,True,False,3,0.0,True,False,False,True,True,False,False,False,False,True,False,True,True,89,1,True,68,14,0.2058823529411764,0.1872115420881463,0.0,0.1656803448383865,0.0,0.6395855089406035,0.0,0.04720405381283224,0.12591627866066704,0.6395855089406035,0.6395855089406035,0.6395855089406035,0.29730084233856047,0.0,0.6395855089406035,1.6,4.33990170837321,True,True,True,True,True,True,2024-02-22,10.0,2,0,2,0,2,0,2,0,3,0,3,0
9222,fodjan GmbH,https://www.crunchbase.com/organization/fodjan-gmbh,Germany,51.0493286,13.7381437,2014,4.0,True,False,False,False,False,False,True,False,False,True,False,False,False,False,1,3,2,0.0,0.0,2015-01-28,2016-11-01,Venture - Series Unknown,2015,285.6666666666667,False,,True,,8.7,47.7,False,,True,,False,,False,,False,,False,,0,0,False,,False,False,,False,,False,,False,,False,,False,,3,,True,,True,False,,False,False,False,False,True,True,True,True,6,0,False,16,2,0.125,0.1177830356563834,0.1208908573177236,0.2224404484614988,0.10037440672951983,0.46657253192545683,0.10037440672951983,0.2224404484614988,0.46657253192545683,0.0,0.0,0.0,0.24976378250420703,0.0,0.3746456737563105,1.6,6.803505257608338,False,False,True,False,True,True,,,0,0,0,0,0,0,0,0,0,0,0,0
11378,Ecorobotix,https://www.crunchbase.com/organization/ecorobotix,Switzerland,46.7785711,6.6409158,2014,2.0,True,False,False,False,True,False,True,False,False,True,False,False,False,False,2,1,3,1.0,2.9,2016-11-18,2016-11-18,Series B,2016,83.33333333333333,False,False,True,True,12.5,9.7,False,False,True,False,False,False,False,False,False,False,False,False,0,0,False,False,False,False,False,False,False,False,False,False,False,False,False,False,False,2,0.0,True,False,False,True,False,False,False,False,False,True,False,True,True,14,0,False,0,0,0.0,0.0,0.028555535090492284,0.20772508734494893,0.1488061253190258,0.3159632102410344,0.1488061253190258,0.1536060258969062,0.15840592647478663,0.3159632102410344,0.3159632102410344,0.3159632102410344,0.21669009673604522,0.023026603403582674,0.32260877031093815,1.6,5.707110264748875,False,True,True,True,True,True,,,0,0,0,0,0,0,0,0,0,0,0,0
15549,Redag Crop Protection,https://www.crunchbase.com/organization/redag-crop-protection,United Kingdom,53.2606635,-2.1255158,2014,2.0,True,False,False,False,True,False,True,True,False,False,False,False,False,False,0,1,1,0.0,0.0,2014-10-24,2014-10-24,Venture - Series Unknown,2014,13.0,True,,False,,14.0,6.0,False,,False,,False,,False,,False,,False,,0,0,False,,False,True,,True,,True,,True,,True,,False,,1,,True,,True,True,,False,False,False,False,False,False,True,True,30,0,False,4,0,0.0,0.0,0.025593346469484447,0.025593346469484825,0.025593346469484825,0.025593346469484825,0.025593346469484825,0.025593346469484825,0.025593346469484825,0.0,0.0,0.0,0.0,0.0,0.0,1.6,6.803505257608338,False,False,True,False,True,True,,,0,0,1,0,1,0,1,0,1,0,1,0
11475,Farmy.ch,https://www.crunchbase.com/organization/farmy-ch,Switzerland,47.3744489,8.5410422,2014,2.0,False,True,False,False,True,True,True,False,False,False,False,False,False,False,0,1,1,0.0,0.0,2014-12-11,2014-12-11,Venture - Series Unknown,2014,4.0,True,,False,,0.0,0.0,False,,False,,False,,False,,False,,False,,0,0,False,,False,True,,True,,True,,True,,True,,False,,1,,True,,True,False,,False,False,False,False,True,True,True,True,123,2,True,43,15,0.3488372093023256,0.2992428948528569,0.0,0.023026603403582674,0.023026603403582674,0.023026603403582674,0.023026603403582674,0.023026603403582674,0.023026603403582674,0.0,0.0,0.0,0.0,0.0,0.0,1.6,4.61512051684126,False,True,True,True,True,True,,,0,0,1,0,1,0,1,0,1,0,1,0
21654,Foodiac,https://www.crunchbase.com/organization/foodiac,Finland,60.1717794,24.9413548,2014,1.0,False,True,False,False,False,True,True,False,False,True,False,False,False,False,1,1,1,0.0,0.03,2015-09-01,2015-09-01,Seed,2015,66.0,False,,True,,3.0,2.0,False,,False,,False,,False,,False,,False,,0,0,False,,False,False,,False,,False,,False,,False,,False,,1,,True,,True,False,,False,False,False,False,False,False,True,True,47,2,True,120,29,0.2416666666666666,0.2164545631634131,0.0004833470476976217,0.5388457224376022,0.5388457224376022,0.5388457224376022,0.5388457224376022,0.5388457224376022,0.5388457224376022,0.0,0.0,0.0,0.0,0.0,0.0,1.6,4.704110133842995,False,False,False,False,False,False,,,0,0,0,0,0,0,0,0,0,0,0,0
1972,Les Burgers de Papa,https://www.crunchbase.com/organization/les-burgers-de-papa,France,45.7578137,4.8320114,2014,1.0,False,False,False,False,False,False,True,False,False,False,False,False,False,False,1,1,1,1.0,0.0,2015-01-01,2015-01-01,Seed,2015,96.0,False,False,True,True,14.0,18.0,False,False,False,False,False,False,False,False,False,False,False,False,0,0,False,False,False,False,False,False,False,False,False,False,False,False,False,False,False,1,1.0,True,True,True,False,False,False,False,False,False,False,False,True,True,25,1,True,27,9,0.3333333333333333,0.2876820724517809,0.1626758580550929,0.3530169500768453,0.3530169500768453,0.3530169500768453,0.0,0.0,0.0,0.3530169500768453,0.3530169500768453,0.3530169500768453,0.0,0.0,0.0,1.6,6.2166061010848646,False,False,False,False,False,False,,,0,0,0,0,0,0,0,0,0,0,0,0
2027,BIOMAE,https://www.crunchbase.com/organization/biomae,France,46.1838437,6.211169,2014,4.0,True,False,False,False,True,False,True,True,False,True,False,True,False,False,1,1,2,0.0,0.892191,2015-03-13,2015-03-13,Seed,2015,20.0,False,,True,,14.0,4.0,False,,False,,False,,False,,True,,False,,0,0,False,,False,False,,False,,False,,False,,False,,False,,2,,True,,True,False,,False,False,False,False,False,False,True,True,39,1,True,16,4,0.25,0.2231435513142097,0.0495887818890208,0.11503413427125167,0.11204959613624264,0.11801867240626072,0.11204959613624264,0.11503413427125167,0.11801867240626072,0.0,0.0,0.0,0.007942645596400367,0.007942645596400367,0.007942645596400367,1.6,6.2166061010848646,False,False,False,False,False,False,,,0,0,0,0,0,0,0,0,0,0,0,0
21489,Grainsense,https://www.crunchbase.com/organization/grainsense-oy,Finland,65.0113317,25.4843355,2014,3.0,True,False,False,False,False,True,True,False,False,True,False,False,False,True,2,1,1,0.0,2.536059,2016-02-11,2016-02-11,Venture - Series Unknown,2016,14.0,False,,True,,6.0,2.0,True,,False,,False,,False,,False,,False,,0,0,False,,False,False,,False,,False,,False,,False,,False,,1,,True,,True,False,,False,False,False,False,False,False,True,True,4,0,False,25,3,0.12,0.1133286853070031,0.5393187152150493,0.46530115975652886,0.46530115975652886,0.46530115975652886,0.46530115975652886,0.46530115975652886,0.46530115975652886,0.0,0.0,0.0,0.0,0.0,0.0,1.6,4.6709579265260945,False,False,True,False,True,True,,,0,0,0,0,0,0,0,0,0,0,0,0
1698,Tiller Systems,https://www.crunchbase.com/organization/tiller-systems,France,48.8534951,2.3483915,2014,4.0,True,True,False,False,False,True,True,False,True,True,False,False,False,False,2,1,1,1.0,1.888128,2016-04-05,2016-04-05,Series B,2016,136.0,True,True,False,False,19.0,45.0,False,False,True,True,False,False,False,False,False,False,False,False,1,1,True,True,True,True,True,True,True,True,True,True,True,True,True,True,True,1,1.0,True,True,True,True,True,False,False,False,False,False,False,True,True,267,4,True,302,118,0.390728476821192,0.3298276939025443,0.0006205248203236772,0.0,0.0,0.0,0.0,0.0,0.0,0.0,0.0,0.0,0.0,0.0,0.0,1.6,6.398594934535208,True,False,True,True,True,True,2021-02-03,7.0,1,1,1,1,1,1,1,1,1,1,1,1
1705,Dejbox,https://www.crunchbase.com/organization/dejbox,France,50.4442781,3.0335579,2014,3.0,True,False,False,False,False,False,True,False,False,False,False,False,False,False,2,2,1,1.0,2.1427,2016-02-01,2017-04-20,Seed,2016,381.0,False,False,True,True,34.5,107.0,False,False,True,True,False,False,False,False,False,False,False,False,0,0,False,False,False,False,False,False,False,False,False,False,False,False,False,False,False,2,2.0,True,True,True,True,True,False,False,False,False,False,False,True,True,15,0,False,11,3,0.2727272727272727,0.241162056816888,0.10314483396557551,0.18363419815411663,0.18363419815411663,0.18363419815411663,0.0,0.0,0.0,0.18363419815411663,0.18363419815411663,0.18363419815411663,0.0,0.0,0.0,1.6,6.398594934535208,True,False,False,True,True,True,2020-01-06,6.0,0,0,0,0,0,0,0,0,0,0,0,0
1828,Cuddl'up,https://www.crunchbase.com/organization/cuddlup,France,43.7009358,7.2683912,2014,3.0,False,False,False,False,True,True,True,False,False,False,False,False,False,True,3,1,3,0.0,0.12,2017-09-09,2017-09-09,Seed,2017,49.0,False,,True,,4.7,178.7,True,,True,,True,,False,,False,,False,,0,0,False,,False,False,,False,,False,,False,,False,,False,,0,,False,,False,True,,True,True,True,False,True,False,True,False,1,0,False,5,1,0.2,0.1823215567939546,0.24816394186822846,3.396729908577072,0.595035170995206,8.515885101701251,0.595035170995206,3.396729908577072,8.515885101701251,0.0,0.0,0.0,5.689884452916144,0.503232713780143,8.41055354107772,1.6,6.803505257608338,False,False,False,False,False,False,,,0,0,0,0,0,0,0,0,0,0,0,0
6286,Agroptima,https://www.crunchbase.com/organization/agroptima,Spain,41.3825802,2.177073,2014,3.0,True,True,False,False,False,False,True,False,False,True,False,False,False,True,0,3,3,0.0,2.383042,2014-09-01,2016-05-13,Series A,2014,104.0,False,,True,,5.0,25.7,False,,False,,True,,False,,False,,False,,0,0,False,,False,False,,False,,False,,False,,False,,False,,0,,False,,False,True,,True,True,True,False,False,False,True,False,87,2,True,150,38,0.2533333333333333,0.2258066687336934,0.0,5.606532682594737,1.0654846400888136,9.587593815365441,1.0654846400888136,5.606532682594737,9.587593815365441,0.0,0.0,0.0,6.302963935065083,4.121574014866876,8.89854342571099,1.6,5.707110264748875,True,False,True,True,True,True,2022-12-26,8.0,0,0,0,0,0,0,0,0,0,0,0,0
1800,FoodMeUp,https://www.crunchbase.com/organization/foodmeup,France,48.8534951,2.3483915,2014,1.0,False,True,False,False,True,False,True,False,False,True,False,False,False,False,5,2,2,0.0,0.0,2019-12-03,2020-01-20,Seed,2019,205.0,True,,True,,5.5,28.5,False,,False,,True,,True,,False,,False,,1,0,True,,False,True,,True,,True,,True,,True,,True,,1,,True,,False,True,,True,True,True,False,False,False,True,False,267,4,True,302,119,0.3940397350993377,0.3322058163075117,0.0006205248203236772,4.02084603528053,0.0,8.04169207056106,0.0,4.02084603528053,8.04169207056106,0.0,0.0,0.0,8.04169207056106,8.04169207056106,8.04169207056106,1.6,7.378383712996715,False,False,False,False,False,False,,,1,0,1,0,1,0,1,0,1,0,1,0
7114,"Packaged Ice, SIA",https://www.crunchbase.com/organization/packaged-ice-sia,Latvia,57.3883833,21.5271981,2014,1.0,True,False,False,False,True,False,True,False,False,False,False,False,False,False,1,1,1,1.0,0.24092,2015-01-01,2015-01-01,Seed,2015,38.0,False,False,True,True,0.0,1.0,False,False,False,False,False,False,False,False,False,False,False,False,0,0,False,False,False,False,False,False,False,False,False,False,False,False,False,False,False,1,1.0,True,True,True,False,False,False,False,False,False,False,False,True,True,0,0,False,0,0,0.0,0.0,0.2949291359644556,0.15631287401578337,0.15631287401578337,0.15631287401578337,0.0,0.0,0.0,0.15631287401578337,0.15631287401578337,0.15631287401578337,0.0,0.0,0.0,1.6,3.039749158970765,False,False,False,False,False,False,,,0,0,0,0,0,0,0,0,0,0,0,0
7085,Purified,https://www.crunchbase.com/organization/purified,Latvia,57.0623734,22.895926,2014,1.0,False,False,False,False,False,False,True,True,False,False,False,False,False,False,3,1,1,0.0,0.263809,2017-01-10,2017-01-10,Seed,2017,25.0,True,,False,,4.0,3.0,False,,False,,False,,False,,True,,False,,0,0,False,,False,True,,True,,False,,False,,False,,False,,1,,True,,True,False,,False,False,False,False,False,False,True,True,0,0,False,0,0,0.0,0.0,0.28535642146031576,0.06705545817414807,0.06705545817414807,0.06705545817414807,0.06705545817414807,0.06705545817414807,0.06705545817414807,0.0,0.0,0.0,0.0,0.0,0.0,1.6,2.272125885509337,False,False,False,False,False,False,,,0,0,0,0,0,0,0,0,1,0,1,0
6698,Agricolum,https://www.crunchbase.com/organization/agricolum,Spain,41.3825802,2.177073,2014,1.0,True,True,False,False,False,False,True,False,False,True,False,False,False,False,1,1,1,1.0,0.0,2015-11-02,2015-11-02,Venture - Series Unknown,2015,65.0,True,True,False,False,1.0,3.0,False,False,False,False,False,False,False,False,False,False,False,False,0,0,False,False,False,True,True,True,True,True,True,True,True,True,True,True,True,1,1.0,True,True,True,True,True,False,False,False,False,False,False,True,True,87,2,True,150,39,0.26,0.2311117209633866,0.0,0.012800651212036666,0.012800651212036666,0.012800651212036666,0.0,0.0,0.0,0.012800651212036666,0.012800651212036666,0.012800651212036666,0.0,0.0,0.0,1.6,6.2166061010848646,False,False,True,False,True,True,,,1,1,1,1,1,1,1,1,1,1,1,1
6731,VISUALNACERT,https://www.crunchbase.com/organization/visual-nacert,Spain,39.5884632,-0.3325421,2014,2.0,True,False,False,False,False,False,True,False,False,True,False,False,False,True,0,2,3,0.0,1.077084,2014-05-01,2015-04-01,Seed,2014,342.5,False,,True,,3.5,26.0,False,,True,,False,,False,,False,,True,,0,0,False,,False,False,,False,,False,,False,,False,,False,,3,,True,,True,True,,False,False,False,False,False,False,True,True,17,0,False,0,0,0.0,0.0,0.29125733548263566,0.3006368267967918,0.3006368267967918,0.3006368267967918,0.3006368267967918,0.3006368267967918,0.3006368267967918,0.0,0.0,0.0,0.0,0.0,0.0,1.6,5.707110264748875,False,False,False,False,False,False,,,0,0,0,0,0,0,0,0,0,0,0,0
4033,Connecterra,https://www.crunchbase.com/organization/connecterra-2,The Netherlands,52.3730796,4.8924534,2014,2.0,True,True,False,False,True,False,True,False,False,True,False,False,False,False,2,1,1,1.0,1.8,2016-05-19,2016-05-19,Series B,2016,22.0,False,False,True,True,2.0,4.0,True,True,False,False,True,True,False,False,False,False,True,True,0,0,False,False,False,False,False,False,False,False,False,False,False,False,False,False,False,0,0.0,False,False,False,True,True,False,False,False,False,False,False,True,True,169,1,True,139,36,0.2589928057553957,0.2303120407928223,0.0,0.35894534086299357,0.35894534086299357,0.35894534086299357,0.0,0.0,0.0,0.35894534086299357,0.35894534086299357,0.35894534086299357,0.0,0.0,0.0,1.6,5.303304908059076,False,False,True,False,True,True,,,0,0,0,0,0,0,0,0,0,0,0,0
21195,Wolt,https://www.crunchbase.com/organization/wolt,Finland,60.1717794,24.9413548,2014,6.0,True,True,False,False,True,False,True,False,False,True,False,False,False,False,0,2,3,2.0,3.0,2014-11-18,2015-11-10,Series E,2014,91.0,True,True,False,False,6.2,15.8,False,False,False,False,False,False,False,False,True,True,False,False,5,4,True,True,True,True,True,True,True,True,True,True,True,True,True,True,True,5,4.0,True,True,True,True,True,False,False,False,False,False,False,True,True,47,2,True,120,28,0.2333333333333333,0.209720530982069,0.0004833470476976217,0.0,0.0,0.0,0.0,0.0,0.0,0.0,0.0,0.0,0.0,0.0,0.0,1.6,4.786658062033468,True,True,True,True,True,True,2021-11-09,7.0,5,4,5,4,5,4,5,4,5,4,5,4
3651,Fyteko,https://www.crunchbase.com/organization/fyteko,Belgium,50.8465573,4.351697,2014,1.0,True,True,False,False,False,False,True,False,False,False,False,False,False,False,2,1,1,1.0,0.0,2016-09-30,2016-09-30,Series B,2016,24.0,True,True,False,False,1.0,5.0,True,True,False,False,False,False,False,False,False,False,False,False,1,1,True,True,True,True,True,True,True,True,True,True,True,True,True,True,True,1,1.0,True,True,True,True,True,False,False,False,False,False,False,True,True,76,0,False,24,2,0.0833333333333333,0.0800427076735364,0.0,0.0,0.0,0.0,0.0,0.0,0.0,0.0,0.0,0.0,0.0,0.0,0.0,1.6,5.303304908059076,False,False,True,False,True,True,,,1,1,1,1,1,1,1,1,1,1,1,1
6538,Pycno,https://www.crunchbase.com/organization/pycno,Spain,39.4697065,-0.3763353,2014,2.0,True,False,False,False,False,False,True,False,False,True,False,False,False,False,1,1,1,1.0,0.2,2015-07-06,2015-07-06,Seed,2015,0.0,False,False,True,True,20.0,80.0,True,True,True,True,True,True,False,False,False,False,False,False,0,0,False,False,False,False,False,False,False,False,False,False,False,False,False,False,False,0,0.0,False,False,False,False,False,True,True,True,True,False,False,False,False,18,0,False,43,4,0.0930232558139534,0.088947486016496,0.3025416859136113,6.136295022118292,6.136295022118292,6.136295022118292,0.0,0.0,0.0,6.136295022118292,6.136295022118292,6.136295022118292,0.0,0.0,0.0,1.6,6.2166061010848646,False,False,False,False,False,False,,,0,0,0,0,0,0,0,0,0,0,0,0
3934,Aldento,https://www.crunchbase.com/organization/aldento,Belgium,50.6450944,5.5736112,2014,2.0,False,False,False,False,False,True,True,False,False,False,False,False,False,False,1,1,3,0.0,0.375977,2015-01-16,2015-01-16,Seed,2015,34.333333333333336,True,,False,,11.0,1.7,False,,False,,False,,False,,False,,False,,2,0,True,,False,True,,True,,True,,True,,True,,True,,3,,True,,True,False,,False,False,False,False,False,False,True,True,27,0,False,4,2,0.5,0.4054651081081644,0.0888431813418539,0.022218779598575746,0.0,0.06665633879572724,0.0,0.022218779598575746,0.06665633879572724,0.0,0.0,0.0,0.04443755919715149,0.0,0.06665633879572724,1.6,4.61512051684126,False,False,False,False,False,False,,,2,0,2,0,2,0,2,0,3,0,3,0
3853,Tconcept,https://www.crunchbase.com/organization/tconcept,Belgium,50.6617107,4.6747213,2014,1.0,False,False,False,False,False,True,True,False,False,False,False,False,False,False,2,1,1,0.0,1.331944,2016-08-30,2016-08-30,Venture - Series Unknown,2016,60.0,True,,False,,31.0,3.0,False,,False,,False,,False,,False,,False,,0,0,False,,False,True,,True,,False,,False,,False,,False,,1,,True,,True,False,,False,False,False,False,False,False,True,True,56,0,False,5,1,0.2,0.1823215567939546,0.030640503711470257,0.06339710621694304,0.06339710621694304,0.06339710621694304,0.06339710621694304,0.06339710621694304,0.06339710621694304,0.0,0.0,0.0,0.0,0.0,0.0,1.6,5.303304908059076,False,False,True,False,True,True,,,0,0,0,0,0,0,0,0,1,0,1,0
21706,Pint Please,https://www.crunchbase.com/organization/pint-please,Finland,65.0113317,25.4843355,2014,4.0,False,False,False,False,False,False,True,False,False,True,False,False,False,False,0,1,1,1.0,0.454376,2014-08-13,2014-08-13,Seed,2014,66.0,True,True,False,False,2.0,2.0,False,False,False,False,False,False,False,False,False,False,False,False,1,1,True,True,True,True,True,True,True,True,True,True,True,True,True,True,True,1,1.0,True,True,True,False,False,False,False,False,False,False,False,True,True,4,0,False,25,3,0.12,0.1133286853070031,0.5393187152150493,0.0,0.0,0.0,0.0,0.0,0.0,0.0,0.0,0.0,0.0,0.0,0.0,1.6,4.786658062033468,False,False,False,False,False,False,,,1,1,1,1,1,1,1,1,1,1,1,1
999,Rohlik,https://www.crunchbase.com/organization/rohlik,Czech Republic,50.0961696,14.459067,2014,2.0,False,True,False,False,True,True,True,False,False,False,False,False,False,False,0,2,3,0.0,1.305492,2014-09-01,2015-07-16,Venture - Series Unknown,2014,30.75,True,,False,,6.8,6.0,False,,False,,False,,False,,False,,False,,4,0,True,,True,True,,True,,True,,True,,True,,True,,4,,True,,True,True,,False,False,False,False,False,False,True,True,59,0,False,29,10,0.3448275862068966,0.2962658161431724,0.00416156320480717,0.004161563204807541,0.004161563204807541,0.004161563204807541,0.004161563204807541,0.004161563204807541,0.004161563204807541,0.0,0.0,0.0,0.0,0.0,0.0,1.6,2.128231705849268,False,True,True,True,True,True,,,4,0,4,0,4,0,4,0,4,0,4,0
21689,Slurp,https://www.crunchbase.com/organization/slurp,Finland,60.1717794,24.9413548,2014,3.0,False,True,False,False,False,True,True,False,False,False,False,False,False,False,5,1,1,0.0,0.0,2019-12-01,2019-12-01,Seed,2019,20.0,False,,True,,0.0,0.0,False,,False,,False,,False,,False,,False,,0,0,False,,False,False,,False,,False,,False,,False,,False,,0,,False,,False,False,,False,False,False,False,False,False,True,True,47,2,True,120,29,0.2416666666666666,0.2164545631634131,0.0004833470476976217,2.893676366565138,2.893676366565138,2.893676366565138,2.893676366565138,2.893676366565138,2.893676366565138,0.0,0.0,0.0,0.0,0.0,0.0,1.6,5.707110264748875,False,False,False,False,False,False,,,0,0,0,0,0,0,0,0,0,0,0,0
21841,e-table.gr,https://www.crunchbase.com/organization/e-table-gr,Greece,38.00032,23.72427,2014,2.0,False,False,False,False,False,True,True,False,False,True,False,False,False,False,3,1,1,1.0,4.055956,2017-06-21,2017-06-21,Seed,2017,61.0,True,True,False,False,1.0,6.0,False,False,True,True,False,False,False,False,False,False,False,False,1,1,True,True,True,True,True,True,True,True,True,True,True,True,True,True,True,1,1.0,True,True,True,False,False,False,False,False,False,False,False,True,True,13,0,False,17,2,0.1176470588235294,0.1112256351102243,1.281009941703509,0.002904124910955975,0.002904124910955975,0.002904124910955975,0.0,0.0,0.0,0.002904124910955975,0.002904124910955975,0.002904124910955975,0.0,0.0,0.0,1.6,2.26176309847379,False,False,False,False,False,False,,,1,1,1,1,1,1,1,1,1,1,1,1
21854,Forky,https://www.crunchbase.com/organization/forky,Greece,37.9755648,23.7348324,2014,2.0,False,False,False,False,True,False,True,False,False,False,False,False,False,False,1,1,1,1.0,0.865756,2015-04-07,2015-04-07,Venture - Series Unknown,2015,32.0,False,False,True,True,2.0,5.0,False,False,False,False,False,False,False,False,False,False,False,False,0,0,False,False,False,False,False,False,False,False,False,False,False,False,False,False,False,0,0.0,False,False,False,True,True,False,False,False,False,False,False,True,True,13,0,False,18,1,0.0555555555555555,0.0540672212702757,1.2838943575597856,2.392723241777171,2.392723241777171,2.392723241777171,0.0,0.0,0.0,2.392723241777171,2.392723241777171,2.392723241777171,0.0,0.0,0.0,1.6,3.55820113047182,True,False,True,True,True,True,2017-11-03,3.0,0,0,0,0,0,0,0,0,0,0,0,0
405,Finebite (Everytap),https://www.crunchbase.com/organization/everytap,Poland,54.3706858,18.6129831,2014,3.0,False,False,False,False,False,False,True,False,False,True,False,False,False,False,0,1,1,0.0,0.82044,2014-12-02,2014-12-02,Seed,2014,44.0,True,,False,,0.0,2.0,False,,False,,False,,False,,False,,False,,1,0,True,,True,True,,True,,True,,True,,True,,True,,1,,True,,True,False,,False,False,False,False,False,False,True,True,5,0,False,7,0,0.0,0.0,0.2860719384529203,0.0,0.0,0.0,0.0,0.0,0.0,0.0,0.0,0.0,0.0,0.0,0.0,1.6,3.214867803470662,False,False,False,False,False,False,,,1,0,1,0,1,0,1,0,1,0,1,0
1396,Privateaser,https://www.crunchbase.com/organization/privateaser,France,48.8534951,2.3483915,2014,2.0,False,True,False,False,False,True,True,False,False,True,True,False,False,True,2,2,2,2.0,3.194888,2016-02-23,2016-11-29,Series B,2016,53.5,True,True,False,False,4.0,12.5,False,False,False,False,False,False,False,False,False,False,False,False,2,2,True,True,True,True,True,True,True,True,True,True,True,True,True,True,True,2,2.0,True,True,True,True,True,False,False,False,False,False,False,True,True,267,4,True,302,119,0.3940397350993377,0.3322058163075117,0.0006205248203236772,0.0,0.0,0.0,0.0,0.0,0.0,0.0,0.0,0.0,0.0,0.0,0.0,1.6,6.398594934535208,False,False,True,False,True,True,,,2,2,2,2,2,2,2,2,2,2,2,2
4751,Fruitfunk,https://www.crunchbase.com/organization/fruitfunk,The Netherlands,51.6889387,5.303116,2014,2.0,False,False,False,False,False,True,True,False,False,False,False,False,False,False,1,1,1,0.0,0.0,2015-11-10,2015-11-10,Seed,2015,102.0,True,,False,,32.0,13.0,False,,False,,False,,False,,False,,False,,0,0,False,,False,True,,True,,True,,True,,True,,True,,1,,True,,True,False,,False,False,False,False,False,False,True,True,37,0,False,4,0,0.0,0.0,0.08109443280065959,0.019990599837229082,0.019990599837229082,0.019990599837229082,0.019990599837229082,0.019990599837229082,0.019990599837229082,0.0,0.0,0.0,0.0,0.0,0.0,1.6,5.303304908059076,False,False,False,False,False,False,,,1,0,1,0,1,0,1,0,1,0,1,0
1487,HARi&CO (ICI&LÀ),https://www.crunchbase.com/organization/hari-co-ici-là,France,45.7578137,4.8320114,2014,2.0,False,False,False,False,False,True,True,False,False,False,False,False,False,False,4,1,1,0.0,2.834565,2018-03-22,2018-03-22,Venture - Series Unknown,2018,56.0,False,,True,,3.0,7.0,False,,False,,False,,False,,False,,False,,0,0,False,,False,False,,False,,False,,False,,False,,False,,1,,True,,True,True,,False,False,False,False,False,False,True,True,25,1,True,27,9,0.3333333333333333,0.2876820724517809,0.1626758580550929,0.391812013689019,0.391812013689019,0.391812013689019,0.391812013689019,0.391812013689019,0.391812013689019,0.0,0.0,0.0,0.0,0.0,0.0,1.6,7.0909098220799835,False,False,True,False,True,True,,,0,0,0,0,0,0,0,0,0,0,0,0
1490,Poiscaille,https://www.crunchbase.com/organization/poiscaille,France,48.8534951,2.3483915,2014,1.0,False,True,False,False,False,True,True,False,False,False,False,False,False,False,5,1,2,0.0,1.08995,2019-09-30,2019-09-30,Venture - Series Unknown,2019,19.0,False,,True,,13.0,6.5,True,,False,,False,,False,,False,,False,,0,0,False,,False,False,,False,,False,,False,,False,,False,,0,,False,,False,False,,True,True,True,False,True,False,True,False,267,4,True,302,119,0.3940397350993377,0.3322058163075117,0.0006205248203236772,3.723817326353696,0.41010629119478453,7.037528361512607,0.41010629119478453,3.723817326353696,7.037528361512607,0.0,0.0,0.0,7.416341085411231,7.416341085411231,7.416341085411231,1.6,7.378383712996715,False,False,True,False,True,True,,,0,0,0,0,0,0,0,0,0,0,0,0
14774,Better Origin,https://www.crunchbase.com/organization/betterorigin,United Kingdom,52.2055314,0.1186637,2015,2.0,True,True,True,True,True,False,True,False,False,True,False,True,False,False,4,2,3,2.0,3.0,2019-04-09,2021-02-23,Series A,2019,32.0,True,False,True,True,3.0,2.8,True,False,True,True,False,False,False,False,True,True,False,False,0,0,False,False,False,True,False,False,False,False,False,False,False,False,False,False,False,1,0.0,True,False,False,True,True,False,False,False,False,True,False,True,True,20,1,True,57,15,0.2631578947368421,0.2336148511815051,0.0,1.454538778051904,0.0816565725707354,2.4176395465831804,0.0816565725707354,1.249648059576958,2.4176395465831804,0.9012194464705198,1.6594294965268501,2.4176395465831804,1.5541211324560928,0.0,2.392723241777171,2.31,8.006700845440367,False,False,True,False,True,True,,,0,0,0,0,0,0,0,0,0,0,1,0
14771,VITL,https://www.crunchbase.com/organization/vitl,United Kingdom,51.2151749,-0.7984854,2015,1.0,False,False,False,False,False,True,True,True,False,False,True,False,False,False,0,2,4,0.0,0.0,2015-06-23,2017-09-12,Venture - Series Unknown,2015,55.75,True,,False,,9.2,6.2,False,,True,,True,,True,,False,,False,,0,0,False,,False,True,,True,,False,,False,,False,,False,,4,,True,,True,True,,False,False,False,False,False,False,True,True,14,0,False,3,1,0.3333333333333333,0.2876820724517809,0.05934390514292761,0.05472387220787508,0.05472387220787508,0.05472387220787508,0.05472387220787508,0.05472387220787508,0.05472387220787508,0.0,0.0,0.0,0.0,0.0,0.0,2.31,7.170888478512505,False,False,True,False,True,True,,,0,0,0,0,0,0,0,0,4,0,4,0
14723,OLIO,https://www.crunchbase.com/organization/olio,United Kingdom,51.4893335,-0.1440551,2015,2.0,False,True,False,False,False,True,True,False,False,True,False,False,False,False,0,2,3,0.0,2.2,2015-10-16,2017-01-11,Series B,2015,23.0,False,,True,,16.7,133.0,True,,True,,False,,False,,False,,False,,0,0,False,,False,False,,False,,False,,False,,False,,False,,1,,True,,False,False,,True,True,True,False,True,False,True,False,643,5,True,1299,329,0.2532717474980754,0.225757529891886,0.004639509600861782,3.1840206010222794,0.1701966800850627,8.635723834817247,0.1701966800850627,3.1840206010222794,8.635723834817247,0.0,0.0,0.0,6.2553030776116,0.8653159285276708,9.380802174412484,2.31,7.170888478512505,False,True,True,True,True,True,,,0,0,0,0,0,0,0,0,0,0,0,0
14750,ENOUGH,https://www.crunchbase.com/organization/3fbio,United Kingdom,55.861155,-4.2501687,2015,1.0,False,False,False,False,True,False,True,True,False,True,False,False,False,False,2,1,2,1.0,0.604362,2017-07-16,2017-07-16,Series C,2017,165.0,False,False,True,True,4.5,54.5,False,False,False,False,False,False,False,False,False,False,False,False,0,0,False,False,False,False,False,False,False,False,False,False,False,False,False,False,False,1,1.0,True,True,False,False,False,True,True,True,False,False,False,True,False,10,1,True,18,2,0.1111111111111111,0.1053605156578263,0.29451529660424647,4.103363645980438,0.10476977679026812,8.101957515170607,8.101957515170607,8.101957515170607,8.101957515170607,0.10476977679026812,0.10476977679026812,0.10476977679026812,8.131195286577315,8.131195286577315,8.131195286577315,2.31,7.696667081526462,False,True,True,True,True,True,,,0,0,0,0,0,0,0,0,0,0,0,0
14748,New Motion Labs,https://www.crunchbase.com/organization/new-motion-labs,United Kingdom,50.7256138,-3.5269209,2015,1.0,True,False,False,True,True,True,True,False,False,True,False,False,False,False,2,4,4,3.0,1.941883,2017-12-10,2025-03-31,Seed,2017,85.0,False,False,True,True,13.7,6.8,True,True,False,False,True,True,False,False,False,False,False,False,0,0,False,False,False,False,False,False,False,False,False,False,False,False,False,False,False,4,3.0,True,True,True,True,True,False,False,False,False,False,False,True,True,4,1,True,7,1,0.1428571428571428,0.1335313926245225,0.19486616863761969,0.2378363533798214,0.19849597749839987,0.25094981200696187,0.19849597749839987,0.19849597749839987,0.19849597749839987,0.25094981200696187,0.25094981200696187,0.25094981200696187,0.02647470091097351,0.0,0.05294940182194702,2.31,7.696667081526462,False,False,False,False,False,False,,,0,0,0,0,0,0,0,0,0,0,0,0
14744,Mindful Chef,https://www.crunchbase.com/organization/mindful-chef,United Kingdom,51.4893335,-0.1440551,2015,3.0,False,True,False,False,True,False,True,False,False,False,False,False,False,False,1,1,1,0.0,4.362752,2016-07-13,2016-07-13,Series A,2016,245.0,True,,False,,7.0,22.0,False,,False,,False,,False,,False,,False,,1,0,True,,True,True,,True,,True,,True,,True,,True,,1,,True,,True,True,,False,False,False,False,False,False,True,True,643,5,True,1299,329,0.2532717474980754,0.225757529891886,0.004639509600861782,0.0,0.0,0.0,0.0,0.0,0.0,0.0,0.0,0.0,0.0,0.0,0.0,2.31,6.803505257608338,True,False,True,True,True,True,2020-11-08,5.0,1,0,1,0,1,0,1,0,1,0,1,0
14743,Patch,https://www.crunchbase.com/organization/patch-7cc5,United Kingdom,51.4893335,-0.1440551,2015,1.0,False,True,False,False,True,True,True,False,False,False,False,False,False,False,1,2,1,1.0,0.773191,2016-04-01,2017-06-01,Equity Crowdfunding,2016,66.0,True,True,False,False,3.5,16.0,False,False,False,False,False,False,False,False,False,False,False,False,2,1,True,True,True,True,True,True,True,True,True,True,True,True,True,True,True,2,1.0,True,True,True,True,True,False,False,False,False,False,False,True,True,643,5,True,1299,330,0.2540415704387991,0.2263715919314456,0.004639509600861782,0.0,0.0,0.0,0.0,0.0,0.0,0.0,0.0,0.0,0.0,0.0,0.0,2.31,6.803505257608338,False,False,False,False,False,False,,,2,1,2,1,2,1,2,1,2,1,2,1
14811,FA Bio,https://www.crunchbase.com/organization/fungialert,United Kingdom,51.79588,-0.07854,2015,2.0,True,False,False,False,True,False,True,True,False,False,False,False,False,False,2,1,1,1.0,0.0,2017-01-01,2017-01-01,Venture - Series Unknown,2017,17.0,True,True,False,False,19.0,9.0,False,False,False,False,False,False,False,False,False,False,False,False,0,0,False,False,False,True,True,True,True,True,True,True,True,False,False,False,False,1,1.0,True,True,True,True,True,False,False,False,False,False,False,True,True,653,0,False,6,1,0.1666666666666666,0.1541506798272582,0.031177571740630048,0.034384893646986235,0.034384893646986235,0.034384893646986235,0.0,0.0,0.0,0.034384893646986235,0.034384893646986235,0.034384893646986235,0.0,0.0,0.0,2.31,7.696667081526462,False,False,True,False,True,True,,,0,0,0,0,1,1,1,1,1,1,1,1
11579,algrano,https://www.crunchbase.com/organization/seedl-ng,Switzerland,47.3744489,8.5410422,2015,3.0,True,True,False,False,False,True,True,False,False,True,False,False,False,False,1,1,3,0.0,0.04,2016-08-15,2016-08-15,Series B,2016,52.333333333333336,True,,True,,8.3,4.7,True,,False,,False,,False,,False,,False,,2,0,True,,False,True,,True,,True,,True,,True,,True,,3,,True,,True,True,,False,False,False,False,True,True,True,True,123,2,True,63,23,0.365079365079365,0.311212569861975,0.0,0.07470638641814456,0.0,0.2241191592544337,0.0,0.07470638641814456,0.2241191592544337,0.0,0.0,0.0,0.14941277283628912,0.0,0.2241191592544337,2.31,5.707110264748875,False,False,True,False,True,True,,,2,0,2,0,2,0,2,0,2,0,2,0
14837,MIRICO,https://www.crunchbase.com/organization/mirico,United Kingdom,51.6063587,-1.245999,2015,2.0,True,True,True,True,True,True,True,False,False,True,False,False,False,False,1,1,3,0.0,1.444567,2016-05-12,2016-05-12,Equity Crowdfunding,2016,90.66666666666669,True,,False,,6.3,9.7,True,,False,,False,,False,,False,,False,,2,0,True,,False,True,,True,,True,,True,,True,,True,,3,,True,,True,True,,False,False,False,False,False,False,True,True,22,1,True,10,2,0.2,0.1823215567939546,0.016216628545870526,0.027888008821736178,0.003182353606164429,0.07729931925287968,0.003182353606164429,0.027888008821736178,0.07729931925287968,0.0,0.0,0.0,0.053504101502944906,0.0,0.08025615225441736,2.31,6.803505257608338,False,False,False,False,False,False,,,2,0,2,0,2,0,2,0,2,0,3,0
11496,Bring! Labs,https://www.crunchbase.com/organization/bring-labs,Switzerland,47.3744489,8.5410422,2015,3.0,False,True,False,False,False,True,True,False,False,True,True,False,True,False,1,1,1,0.0,1.332343,2016-08-10,2016-08-10,Series B,2016,160.0,True,,False,,6.0,24.0,False,,True,,False,,False,,False,,False,,0,0,False,,False,True,,True,,True,,True,,True,,False,,1,,True,,True,False,,False,False,False,False,True,True,True,True,123,2,True,63,22,0.3492063492063492,0.2995165300987837,0.0,0.023026603403582674,0.023026603403582674,0.023026603403582674,0.023026603403582674,0.023026603403582674,0.023026603403582674,0.0,0.0,0.0,0.0,0.0,0.0,2.31,5.707110264748875,True,False,True,True,True,True,2021-09-16,6.0,0,0,1,0,1,0,1,0,1,0,1,0
14862,Supper,https://www.crunchbase.com/organization/supper-6cb3,United Kingdom,51.4893335,-0.1440551,2015,1.0,False,True,False,False,True,True,True,False,False,False,False,False,False,False,4,2,2,2.0,3.30331,2019-11-01,2021-10-25,Seed,2019,10.0,True,True,False,False,3.5,1.0,False,False,False,False,False,False,False,False,False,False,False,False,2,2,True,True,True,True,True,True,True,True,True,True,True,True,True,True,True,2,2.0,True,True,True,True,True,False,False,False,False,False,False,True,True,643,5,True,1299,330,0.2540415704387991,0.2263715919314456,0.004639509600861782,0.0,0.0,0.0,0.0,0.0,0.0,0.0,0.0,0.0,0.0,0.0,0.0,2.31,8.006700845440367,False,False,False,False,False,False,,,2,2,2,2,2,2,2,2,2,2,2,2
14813,Wefarm,https://www.crunchbase.com/organization/we-farm,United Kingdom,51.4893335,-0.1440551,2015,1.0,False,True,False,False,False,False,True,False,False,True,True,False,False,False,1,2,5,2.0,6.6,2016-11-16,2018-03-13,Series A,2016,256.0,True,True,True,True,3.9,46.6,False,False,True,True,False,False,False,False,True,True,True,False,4,1,True,True,False,True,True,True,True,True,True,True,True,True,True,True,True,4,1.0,True,True,False,True,True,True,True,True,False,False,False,True,False,643,5,True,1299,329,0.2532717474980754,0.225757529891886,0.004639509600861782,1.618687486411063,0.0,8.635723834817247,0.0,0.5390177140120389,1.4348834064318592,0.0,4.3178619174086235,8.635723834817247,3.1378195526204364,0.0,9.330155640155645,2.31,6.803505257608338,False,True,True,True,True,True,,,4,1,4,1,4,1,4,1,4,1,4,1
4383,SwipeGuide,https://www.crunchbase.com/organization/swipeguide,The Netherlands,52.3730796,4.8924534,2015,2.0,True,True,False,False,True,True,True,False,False,True,False,False,False,True,3,1,1,1.0,1.535061,2018-02-28,2018-02-28,Venture - Series Unknown,2018,51.0,True,True,False,False,18.0,13.0,False,False,False,False,False,False,False,False,False,False,False,False,1,1,True,True,True,True,True,True,True,True,True,True,True,True,True,True,True,1,1.0,True,True,True,True,True,False,False,False,False,False,False,True,True,169,1,True,176,41,0.2329545454545454,0.2094133585023077,0.0,0.0,0.0,0.0,0.0,0.0,0.0,0.0,0.0,0.0,0.0,0.0,0.0,2.31,5.993961427306569,True,False,True,True,True,True,2024-09-04,9.0,1,1,1,1,1,1,1,1,1,1,1,1
21036,LIVIN farms,https://www.crunchbase.com/organization/livin-farms,Austria,48.1857192,16.4221587,2015,2.0,True,True,False,False,False,False,True,False,False,False,False,True,False,False,0,3,2,1.0,0.0,2015-10-20,2019-12-20,Series A,2015,3.0,True,False,True,True,13.6,48.4,True,True,True,True,True,True,True,False,False,False,False,False,2,0,True,False,False,True,False,True,False,True,False,True,False,True,False,True,False,2,0.0,True,False,False,True,False,True,True,True,False,True,False,True,False,63,2,True,63,18,0.2857142857142857,0.251314428280906,0.004458645788406763,4.1213425072273315,0.0,6.868904178712219,0.0,3.43445208935611,6.868904178712219,6.868904178712219,6.868904178712219,6.868904178712219,4.1213425072273315,0.0,6.868904178712219,2.31,4.773223770984341,False,False,True,False,True,True,,,2,0,2,0,2,0,2,0,2,0,2,0
4241,MiniBrew,https://www.crunchbase.com/organization/minibrew,The Netherlands,52.0907006,5.1215634,2015,2.0,False,False,False,False,False,True,True,False,False,True,False,True,True,False,1,1,1,0.0,6.446,2016-04-01,2016-04-01,Seed,2016,12.0,True,,False,,7.0,2.0,False,,False,,False,,False,,False,,False,,0,0,False,,False,True,,True,,True,,True,,False,,False,,1,,True,,True,True,,False,False,False,False,False,False,True,True,194,1,True,19,2,0.1052631578947368,0.1000834585569824,0.035062214289133406,0.03506221428913354,0.03506221428913354,0.03506221428913354,0.03506221428913354,0.03506221428913354,0.03506221428913354,0.0,0.0,0.0,0.0,0.0,0.0,2.31,5.303304908059076,False,False,False,False,False,False,,,0,0,0,0,1,0,1,0,1,0,1,0
21051,Farmdok GmbH,https://www.crunchbase.com/organization/farmdok-gmbh,Austria,48.1298877,15.1376585,2015,2.0,True,False,False,False,True,False,True,False,False,True,False,False,False,False,2,2,1,1.0,0.812195,2017-03-28,2018-08-07,Seed,2017,24.0,True,True,False,False,15.5,8.0,False,False,False,False,False,False,False,False,False,False,False,False,0,0,False,False,False,True,True,True,True,True,True,True,True,False,False,False,False,2,2.0,True,True,True,False,False,False,False,False,False,True,True,True,True,1,0,False,0,0,0.0,0.0,0.09198947074017752,0.03692896971772817,0.03692896971772817,0.03692896971772817,0.0,0.0,0.0,0.03692896971772817,0.03692896971772817,0.03692896971772817,0.0,0.0,0.0,2.31,4.602165676967792,False,False,False,False,False,False,,,0,0,0,0,2,2,2,2,2,2,2,2
3810,Menu Next Door,https://www.crunchbase.com/organization/menu-next-door,Belgium,50.8465573,4.351697,2015,1.0,False,True,False,False,True,True,True,False,False,False,False,False,False,True,1,1,3,0.0,2.0,2016-05-24,2016-05-24,Seed,2016,476.0,False,,True,,7.0,147.3,True,,True,,False,,False,,True,,False,,0,0,False,,False,False,,False,,False,,False,,False,,False,,0,,False,,False,True,,True,True,True,False,False,False,True,False,76,0,False,33,4,0.1212121212121212,0.1144103511777442,0.0,5.029498612069784,0.32144881921361235,8.878272652378357,0.32144881921361235,5.029498612069784,8.878272652378357,0.0,0.0,0.0,6.10513979945215,4.12891415800097,8.616713337577476,2.31,5.303304908059076,False,False,False,False,False,False,,,0,0,0,0,0,0,0,0,0,0,0,0
3863,Flavr,https://www.crunchbase.com/organization/flavr,Belgium,51.2211097,4.3997081,2015,2.0,False,False,False,False,False,True,True,False,False,True,False,False,False,False,1,1,1,0.0,0.499639,2016-11-03,2016-11-03,Seed,2016,43.0,True,,False,,2.0,6.0,False,,False,,False,,False,,False,,False,,0,0,False,,False,True,,True,,False,,False,,False,,False,,1,,True,,True,False,,False,False,False,False,False,False,True,True,65,0,False,17,5,0.2941176470588235,0.2578291093020997,0.04178341661806711,0.05061486769299237,0.05061486769299237,0.05061486769299237,0.05061486769299237,0.05061486769299237,0.05061486769299237,0.0,0.0,0.0,0.0,0.0,0.0,2.31,5.303304908059076,False,False,False,False,False,False,,,0,0,0,0,0,0,0,0,1,0,1,0
1883,Somm'it,https://www.crunchbase.com/organization/somm-it,France,44.841225,-0.5800364,2015,1.0,False,False,False,False,False,False,True,False,False,False,False,False,False,False,2,2,4,0.0,0.0,2017-09-09,2021-06-25,Seed,2017,36.0,False,,True,,4.0,134.0,True,,True,,True,,False,,False,,False,,0,0,False,,False,False,,False,,False,,False,,False,,False,,1,,True,,False,True,,True,True,True,False,True,False,True,False,10,0,False,14,3,0.2142857142857142,0.1941560144409574,0.4448983784631913,2.6972818946365913,0.49854706764659806,7.9613356708777845,0.49854706764659806,2.6972818946365913,7.9613356708777845,0.0,0.0,0.0,4.414110983965791,0.503232713780143,8.41055354107772,2.31,6.803505257608338,False,False,False,False,False,False,,,0,0,0,0,0,0,0,0,0,0,0,0
1840,Actiwine,https://www.crunchbase.com/organization/my-startup-live,France,44.841225,-0.5800364,2015,2.0,False,False,False,False,False,True,True,False,False,False,False,False,False,True,1,1,1,1.0,0.260532,2016-08-05,2016-08-05,Seed,2016,100.0,False,False,True,True,7.0,23.0,False,False,False,False,False,False,False,False,False,False,False,False,0,0,False,False,False,False,False,False,False,False,False,False,False,False,False,False,False,0,0.0,False,False,False,True,True,False,False,False,False,False,False,True,True,10,0,False,14,3,0.2142857142857142,0.1941560144409574,0.4448983784631913,0.5530683657574385,0.5530683657574385,0.5530683657574385,0.0,0.0,0.0,0.5530683657574385,0.5530683657574385,0.5530683657574385,0.0,0.0,0.0,2.31,6.398594934535208,False,False,False,False,False,False,,,0,0,0,0,0,0,0,0,0,0,0,0
1910,Gula,https://www.crunchbase.com/organization/gula,France,48.8534951,2.3483915,2015,1.0,True,True,False,False,True,False,True,True,False,True,False,False,False,False,1,1,1,0.0,0.0,2016-06-01,2016-06-01,Seed,2016,15.0,False,,True,,1.0,5.0,False,,False,,False,,False,,True,,False,,0,0,False,,False,False,,False,,False,,False,,False,,False,,0,,False,,False,True,,False,False,False,False,False,False,True,True,267,4,True,393,146,0.371501272264631,0.3159059590397359,0.0006205248203236772,0.34260840402510934,0.34260840402510934,0.34260840402510934,0.34260840402510934,0.34260840402510934,0.34260840402510934,0.0,0.0,0.0,0.0,0.0,0.0,2.31,6.398594934535208,False,False,False,False,False,False,,,0,0,0,0,0,0,0,0,0,0,0,0
1620,Gofer,https://www.crunchbase.com/organization/gofer-e94a,France,43.632161,3.859425,2015,5.0,True,False,False,False,True,True,True,False,False,True,False,False,True,False,3,2,3,1.0,0.0,2018-11-01,2019-04-17,Pre-Seed,2018,49.0,False,False,True,True,8.0,265.8,True,False,True,True,True,True,False,False,False,False,False,False,0,0,False,False,False,False,False,False,False,False,False,False,False,False,False,False,False,0,0.0,False,False,False,True,False,True,True,True,False,True,False,True,False,4,0,False,4,1,0.25,0.2231435513142097,0.28562160742785886,4.6572469237959995,0.7788303971007479,8.318511627370905,0.7788303971007479,3.436825355937698,8.318511627370905,8.318511627370905,8.318511627370905,8.318511627370905,5.606012333952788,0.0,8.41055354107772,2.31,7.0909098220799835,False,False,False,False,False,False,,,0,0,0,0,0,0,0,0,0,0,0,0
1581,Alchimii,https://www.crunchbase.com/organization/chefing,France,48.8534951,2.3483915,2015,1.0,True,True,False,False,False,False,True,False,False,False,False,False,False,False,1,1,1,0.0,1.139986,2016-06-08,2016-06-08,Venture - Series Unknown,2016,67.0,True,,False,,3.0,7.0,False,,False,,False,,False,,False,,False,,1,0,True,,True,True,,True,,True,,True,,True,,True,,1,,True,,True,True,,False,False,False,False,False,False,True,True,267,4,True,393,146,0.371501272264631,0.3159059590397359,0.0006205248203236772,0.0,0.0,0.0,0.0,0.0,0.0,0.0,0.0,0.0,0.0,0.0,0.0,2.31,6.398594934535208,False,False,True,False,True,True,,,1,0,1,0,1,0,1,0,1,0,1,0
15229,Ordoo,https://www.crunchbase.com/organization/ordable,United Kingdom,51.3813864,-2.3596963,2015,1.0,False,False,False,False,False,False,True,False,False,True,False,False,False,False,1,1,1,0.0,0.0,2016-10-06,2016-10-06,Seed,2016,25.0,True,,False,,10.0,1.0,False,,False,,False,,False,,False,,False,,0,0,False,,False,True,,True,,True,,True,,True,,True,,1,,True,,True,False,,False,False,False,False,False,False,True,True,9,1,True,4,0,0.0,0.0,0.08659288075843347,0.018377106816479544,0.018377106816479544,0.018377106816479544,0.018377106816479544,0.018377106816479544,0.018377106816479544,0.0,0.0,0.0,0.0,0.0,0.0,2.31,6.803505257608338,False,False,False,False,False,False,,,1,0,1,0,1,0,1,0,1,0,1,0
21342,ResQ Club,https://www.crunchbase.com/organization/resq-club,Finland,60.1717794,24.9413548,2015,5.0,False,True,False,False,True,False,True,False,False,True,False,True,False,True,1,1,1,1.0,0.362565,2016-05-25,2016-05-25,Venture - Series Unknown,2016,12.0,True,True,False,False,11.0,1.0,True,True,False,False,False,False,False,False,False,False,False,False,1,1,True,True,True,True,True,True,True,True,True,True,True,True,True,True,True,1,1.0,True,True,True,True,True,False,False,False,False,False,False,True,True,47,2,True,147,35,0.238095238095238,0.2135741002980589,0.0004833470476976217,0.0,0.0,0.0,0.0,0.0,0.0,0.0,0.0,0.0,0.0,0.0,0.0,2.31,4.6709579265260945,False,False,True,False,True,True,,,1,1,1,1,1,1,1,1,1,1,1,1
1016,MIWA,https://www.crunchbase.com/organization/miwa,Czech Republic,50.0596288,14.4464593,2015,1.0,True,True,False,False,True,False,True,False,False,False,False,True,False,False,4,1,1,0.0,0.0,2019-12-18,2019-12-18,Venture - Series Unknown,2019,15.0,True,,False,,1.0,1.0,True,,False,,False,,False,,False,,False,,1,0,True,,True,True,,True,,True,,True,,True,,True,,1,,True,,True,True,,False,False,False,False,False,False,True,True,59,0,False,43,12,0.2790697674418604,0.2461330695389084,0.0,0.0,0.0,0.0,0.0,0.0,0.0,0.0,0.0,0.0,0.0,0.0,0.0,2.31,3.40452517175483,False,False,True,False,True,True,,,1,0,1,0,1,0,1,0,1,0,1,0
21888,ISTMOS,https://www.crunchbase.com/organization/istmos,Greece,39.7953698,21.3806107,2015,2.0,True,False,False,False,False,True,True,False,False,True,False,False,False,False,2,1,1,0.0,0.0,2017-07-12,2017-07-12,Seed,2017,36.0,False,,True,,9.0,1.0,False,,False,,False,,False,,False,,True,,0,0,False,,False,False,,False,,False,,False,,False,,False,,0,,False,,False,False,,True,True,True,True,False,False,False,False,0,0,False,0,0,0.0,0.0,1.017072234946702,8.457283905005394,8.457283905005394,8.457283905005394,8.457283905005394,8.457283905005394,8.457283905005394,0.0,0.0,0.0,0.0,0.0,0.0,2.31,2.26176309847379,False,False,False,False,False,False,,,0,0,0,0,0,0,0,0,0,0,0,0
1432,Myfood,https://www.crunchbase.com/organization/myfood,France,48.5419351,7.4924679,2015,3.0,True,False,False,False,False,False,True,False,False,True,False,False,False,False,2,1,1,0.0,1.1958,2017-09-11,2017-09-11,Equity Crowdfunding,2017,22.0,True,,False,,11.0,1.0,False,,False,,False,,True,,False,,False,,0,0,False,,False,True,,True,,True,,True,,True,,True,,1,,True,,True,False,,False,False,False,False,False,False,True,True,2,0,False,0,0,0.0,0.0,0.15148746752663522,0.016191570032161342,0.016191570032161342,0.016191570032161342,0.016191570032161342,0.016191570032161342,0.016191570032161342,0.0,0.0,0.0,0.0,0.0,0.0,2.31,6.803505257608338,False,False,False,False,False,False,,,1,0,1,0,1,0,1,0,1,0,1,0
1456,FoodChéri,https://www.crunchbase.com/organization/foodcheri,France,48.8623357,2.4412184,2015,3.0,False,True,False,False,True,False,True,False,False,True,False,False,False,False,0,1,1,1.0,1.117157,2015-09-30,2015-09-30,Series A,2015,93.0,True,True,False,False,2.0,16.0,False,False,True,True,False,False,False,False,False,False,False,False,1,1,True,True,True,True,True,True,True,True,True,True,True,True,True,True,True,1,1.0,True,True,True,True,True,False,False,False,False,False,False,True,True,267,4,True,373,137,0.3672922252010724,0.3128323060745559,0.006902453285020628,0.006861839208493576,0.006861839208493576,0.006861839208493576,0.0,0.0,0.0,0.006861839208493576,0.006861839208493576,0.006861839208493576,0.0,0.0,0.0,2.31,6.2166061010848646,True,False,True,True,True,True,2018-01-11,3.0,1,1,1,1,1,1,1,1,1,1,1,1
1540,Bergamotte,https://www.crunchbase.com/organization/bergamotte,France,48.8534951,2.3483915,2015,1.0,False,True,False,False,True,True,True,False,False,False,False,False,False,False,1,1,2,1.0,1.322087,2016-06-27,2016-06-27,Series B,2016,76.0,True,True,True,False,10.0,25.5,False,False,True,True,False,False,False,False,False,False,False,False,1,1,True,True,False,True,True,True,True,True,True,True,True,True,True,True,True,1,1.0,True,True,False,True,True,False,False,False,False,True,False,True,True,267,4,True,393,145,0.3689567430025445,0.3140489482925231,0.0006205248203236772,0.29440663497703834,0.0,0.5888132699540767,0.5888132699540767,0.5888132699540767,0.5888132699540767,0.0,0.0,0.0,0.5888132699540767,0.5888132699540767,0.5888132699540767,2.31,6.398594934535208,True,False,True,True,True,True,2021-07-28,6.0,1,1,1,1,1,1,1,1,1,1,1,1
1518,Nestor,https://www.crunchbase.com/organization/nestor,France,48.8534951,2.3483915,2015,3.0,False,True,False,False,True,True,True,False,False,False,False,False,False,False,1,2,1,0.0,2.438944,2016-05-30,2018-05-01,Seed,2016,37.0,True,,False,,5.0,8.0,False,,False,,False,,False,,False,,False,,2,0,True,,True,True,,True,,True,,True,,True,,True,,2,,True,,True,True,,False,False,False,False,False,False,True,True,267,4,True,393,145,0.3689567430025445,0.3140489482925231,0.0006205248203236772,0.0,0.0,0.0,0.0,0.0,0.0,0.0,0.0,0.0,0.0,0.0,0.0,2.31,6.398594934535208,True,False,False,True,True,True,2021-04-09,6.0,2,0,2,0,2,0,2,0,2,0,2,0
1214,Kolonial.cz,https://www.crunchbase.com/organization/kolonial-cz,Czech Republic,50.12718,14.1964,2015,1.0,False,True,False,False,False,True,True,False,False,True,False,False,False,False,0,1,1,0.0,0.0,2015-01-01,2015-01-01,Seed,2015,45.0,True,,False,,2.0,10.0,False,,False,,False,,False,,False,,False,,0,0,False,,False,True,,True,,True,,True,,True,,True,,1,,True,,True,True,,False,False,False,False,False,False,True,True,59,0,False,0,0,0.0,0.0,0.019355109166311876,0.019355109166312046,0.019355109166312046,0.019355109166312046,0.019355109166312046,0.019355109166312046,0.019355109166312046,0.0,0.0,0.0,0.0,0.0,0.0,2.31,1.7749523509116738,False,False,False,False,False,False,,,1,0,1,0,1,0,1,0,1,0,1,0
1340,Frichti,https://www.crunchbase.com/organization/frichti,France,48.8534951,2.3483915,2015,2.0,False,True,False,False,True,True,True,False,False,False,False,False,False,False,0,1,1,0.0,1.1,2015-11-10,2015-11-10,Series B,2015,130.0,True,,False,,15.0,39.0,False,,True,,False,,False,,False,,False,,1,0,True,,True,True,,True,,True,,True,,True,,True,,1,,True,,True,True,,False,False,False,False,False,False,True,True,267,4,True,393,145,0.3689567430025445,0.3140489482925231,0.0006205248203236772,0.0,0.0,0.0,0.0,0.0,0.0,0.0,0.0,0.0,0.0,0.0,0.0,2.31,6.2166061010848646,True,True,True,True,True,True,2023-09-27,8.0,1,0,1,0,1,0,1,0,1,0,1,0
1329,Popchef,https://www.crunchbase.com/organization/popchef,France,48.8534951,2.3483915,2015,3.0,False,True,False,False,False,True,True,False,False,False,False,False,False,False,0,1,1,0.0,2.196113,2015-06-23,2015-06-23,Series A,2015,32.0,True,,False,,5.0,12.0,False,,False,,False,,False,,False,,False,,1,0,True,,True,True,,True,,True,,True,,True,,True,,1,,True,,True,True,,False,False,False,False,False,False,True,True,267,4,True,393,146,0.371501272264631,0.3159059590397359,0.0006205248203236772,0.0,0.0,0.0,0.0,0.0,0.0,0.0,0.0,0.0,0.0,0.0,0.0,2.31,6.2166061010848646,False,False,True,False,True,True,,,1,0,1,0,1,0,1,0,1,0,1,0
1299,Agricool,https://www.crunchbase.com/organization/agricool,France,48.8534951,2.3483915,2015,2.0,True,True,False,False,False,False,True,False,False,False,False,False,False,False,1,1,2,1.0,4.217852,2016-11-23,2016-11-23,Series B,2016,70.5,True,True,True,False,0.5,7.5,False,False,True,True,False,False,False,False,False,False,False,False,1,1,True,True,False,True,True,True,True,True,True,True,True,True,True,True,True,1,1.0,True,True,False,True,True,False,False,False,False,True,False,True,True,267,4,True,393,145,0.3689567430025445,0.3140489482925231,0.0006205248203236772,0.4385525866853307,0.0,0.8771051733706614,0.8771051733706614,0.8771051733706614,0.8771051733706614,0.0,0.0,0.0,0.8771051733706614,0.8771051733706614,0.8771051733706614,2.31,6.398594934535208,False,True,True,True,True,True,,,1,1,1,1,1,1,1,1,1,1,1,1
15029,LettUs Grow,https://www.crunchbase.com/organization/lettus-grow-ltd,United Kingdom,51.450363,-2.600511,2015,3.0,True,False,False,False,False,False,True,False,False,False,False,True,False,False,2,4,4,1.0,4.382408,2017-11-01,2020-01-09,Series A,2017,132.16666666666666,True,True,True,False,8.3,7.7,True,True,False,False,True,False,False,False,True,False,False,False,0,0,False,False,False,True,True,False,False,False,False,False,False,False,False,False,False,6,1.0,True,True,True,True,True,False,False,False,False,False,False,True,True,11,1,True,31,5,0.1612903225806451,0.1495317339709637,0.09861106188293778,0.14525196907282806,0.09211403221377973,0.1701966800850627,0.09861106188293778,0.1558795564446377,0.1701966800850627,0.09211403221377973,0.09211403221377973,0.09211403221377973,0.044472978273289526,0.0,0.08225276663828812,2.31,7.696667081526462,False,False,True,False,True,True,,,0,0,0,0,0,0,0,0,0,0,2,1
14900,Cheerfy,https://www.crunchbase.com/organization/cheerz,United Kingdom,51.4893335,-0.1440551,2015,2.0,True,True,False,False,False,True,True,False,False,True,True,False,False,True,1,3,5,1.0,1.286729,2016-09-12,2022-09-21,Seed,2016,174.25,False,False,True,True,5.2,186.0,True,False,True,True,True,True,True,False,False,False,False,False,0,0,False,False,False,False,False,False,False,False,False,False,False,False,False,False,False,0,0.0,False,False,False,True,False,True,True,True,False,True,False,True,False,643,5,True,1299,330,0.2540415704387991,0.2263715919314456,0.004639509600861782,3.9033156751103513,0.918452570524003,7.533167020908819,0.918452570524003,3.1773454059506574,7.533167020908819,7.533167020908819,7.533167020908819,7.533167020908819,4.998750345861131,0.0,8.41055354107772,2.31,6.803505257608338,False,False,False,False,False,False,,,0,0,0,0,0,0,0,0,0,0,0,0
14885,DryGro,https://www.crunchbase.com/organization/drygro,United Kingdom,51.7520131,-1.2578499,2015,2.0,True,True,False,False,True,False,True,True,False,False,False,False,False,False,2,1,1,0.0,0.0,2017-11-29,2017-11-29,Series A,2017,52.0,True,,False,,6.0,5.0,False,,False,,True,,False,,False,,False,,0,0,False,,False,True,,False,,False,,False,,False,,False,,1,,True,,True,True,,False,False,False,False,False,False,True,True,18,1,True,38,12,0.3157894736842105,0.2744368457017603,0.0,0.08225276663828812,0.08225276663828812,0.08225276663828812,0.08225276663828812,0.08225276663828812,0.08225276663828812,0.0,0.0,0.0,0.0,0.0,0.0,2.31,7.696667081526462,False,False,True,False,True,True,,,0,0,0,0,0,0,0,0,0,0,1,0
14955,Hexis Lab,https://www.crunchbase.com/organization/hexis-lab,United Kingdom,54.9647154,-1.6389635,2015,1.0,True,False,False,False,True,False,True,True,False,True,False,False,False,False,0,2,1,0.0,0.430585,2015-11-30,2016-11-29,Seed,2015,285.0,True,,False,,11.5,27.0,False,,True,,False,,False,,False,,False,,2,0,True,,True,True,,True,,True,,True,,True,,True,,2,,True,,True,False,,False,False,False,False,False,False,True,True,8,0,False,81,6,0.074074074074074,0.0714589639821448,0.16978397999681996,0.0,0.0,0.0,0.0,0.0,0.0,0.0,0.0,0.0,0.0,0.0,0.0,2.31,7.170888478512505,False,False,False,False,False,False,,,2,0,2,0,2,0,2,0,2,0,2,0
14924,Kafoodle,https://www.crunchbase.com/organization/kafoodle,United Kingdom,51.4893335,-0.1440551,2015,2.0,True,True,False,False,False,False,True,True,False,True,False,False,False,False,3,1,1,0.0,0.642892,2018-09-04,2018-09-04,Venture - Series Unknown,2018,4.0,True,,False,,4.0,2.0,False,,False,,False,,False,,False,,False,,1,0,True,,True,True,,True,,True,,True,,True,,True,,1,,True,,True,True,,False,False,False,False,False,False,True,True,643,5,True,1299,329,0.2532717474980754,0.225757529891886,0.004639509600861782,0.0,0.0,0.0,0.0,0.0,0.0,0.0,0.0,0.0,0.0,0.0,0.0,2.31,7.696667081526462,True,False,True,True,True,True,2023-04-19,8.0,1,0,1,0,1,0,1,0,1,0,1,0
15155,Attractions.io,https://www.crunchbase.com/organization/attractions-io,United Kingdom,52.8980321,-1.8649214,2015,1.0,False,False,False,False,False,True,True,False,False,True,False,False,False,False,2,1,1,1.0,0.0,2017-03-09,2017-03-09,Seed,2017,26.0,False,False,True,True,5.0,5.0,False,False,False,False,False,False,False,False,False,False,False,False,0,0,False,False,False,False,False,False,False,False,False,False,False,False,False,False,False,1,1.0,True,True,True,True,True,False,False,False,False,False,False,True,True,5,0,False,0,0,0.0,0.0,0.06943981270197176,0.19567836755470502,0.19567836755470502,0.19567836755470502,0.0,0.0,0.0,0.19567836755470502,0.19567836755470502,0.19567836755470502,0.0,0.0,0.0,2.31,7.696667081526462,False,False,False,False,False,False,,,0,0,0,0,0,0,0,0,0,0,0,0
15180,BOL foods,https://www.crunchbase.com/organization/bol-foods,United Kingdom,51.4893335,-0.1440551,2015,1.0,False,True,False,False,False,False,True,False,False,False,False,False,False,False,0,1,1,1.0,0.0,2015-01-04,2015-01-04,Seed,2015,87.0,True,True,False,False,3.0,20.0,True,True,False,False,False,False,False,False,False,False,False,False,1,1,True,True,True,True,True,True,True,True,True,True,True,True,True,True,True,1,1.0,True,True,True,True,True,False,False,False,False,False,False,True,True,643,5,True,1299,330,0.2540415704387991,0.2263715919314456,0.004639509600861782,0.0,0.0,0.0,0.0,0.0,0.0,0.0,0.0,0.0,0.0,0.0,0.0,2.31,7.170888478512505,False,False,False,False,False,False,,,1,1,1,1,1,1,1,1,1,1,1,1
15190,Pollen + Grace,https://www.crunchbase.com/organization/pollen-grace,United Kingdom,51.4893335,-0.1440551,2015,2.0,False,True,False,False,False,True,True,False,False,False,False,False,False,False,4,1,1,0.0,0.0,2019-01-01,2019-01-01,Seed,2019,7.0,True,,False,,1.0,0.0,True,,False,,False,,False,,False,,False,,1,0,True,,True,True,,True,,True,,True,,True,,True,,1,,True,,True,True,,False,False,False,False,False,False,True,True,643,5,True,1299,330,0.2540415704387991,0.2263715919314456,0.004639509600861782,0.0,0.0,0.0,0.0,0.0,0.0,0.0,0.0,0.0,0.0,0.0,0.0,2.31,8.006700845440367,False,False,False,False,False,False,,,1,0,1,0,1,0,1,0,1,0,1,0
15062,Canny,https://www.crunchbase.com/organization/canny,United Kingdom,54.9617219,-1.6044065,2015,2.0,False,False,False,False,False,False,True,True,False,False,False,False,False,False,0,1,1,0.0,0.194554,2015-08-04,2015-08-04,Equity Crowdfunding,2015,285.0,True,,False,,11.0,27.0,False,,True,,False,,False,,False,,False,,1,0,True,,True,True,,True,,True,,True,,True,,True,,1,,True,,True,False,,False,False,False,False,False,False,True,True,8,0,False,81,6,0.074074074074074,0.0714589639821448,0.16999683116074532,0.0022309948804054526,0.0022309948804054526,0.0022309948804054526,0.0022309948804054526,0.0022309948804054526,0.0022309948804054526,0.0,0.0,0.0,0.0,0.0,0.0,2.31,7.170888478512505,False,False,False,False,False,False,,,1,0,1,0,1,0,1,0,1,0,1,0
15065,Great North Eastern Brewing Company,https://www.crunchbase.com/organization/great-north-eastern-brewing-company,United Kingdom,54.9617219,-1.6044065,2015,1.0,False,False,False,False,True,False,True,False,False,False,False,False,False,False,5,1,1,1.0,0.064417,2020-09-15,2020-09-15,Seed,2020,32.0,True,True,False,False,31.0,0.0,False,False,False,False,False,False,False,False,False,False,False,False,1,1,True,True,True,True,True,True,True,True,True,True,True,True,True,True,True,1,1.0,True,True,True,False,False,False,False,False,False,False,False,True,True,8,0,False,81,6,0.074074074074074,0.0714589639821448,0.16999683116074532,0.0,0.0,0.0,0.0,0.0,0.0,0.0,0.0,0.0,0.0,0.0,0.0,2.31,7.901377353792616,False,False,False,False,False,False,,,1,1,1,1,1,1,1,1,1,1,1,1
15120,Sure,https://www.crunchbase.com/organization/sure,United Kingdom,51.4893335,-0.1440551,2015,4.0,False,True,False,False,True,True,True,False,False,True,True,False,False,False,2,1,1,0.0,0.025009,2017-04-13,2017-04-13,Seed,2017,5.0,True,,False,,0.0,0.0,False,,False,,False,,False,,False,,False,,1,0,True,,True,True,,True,,True,,True,,True,,True,,1,,True,,True,True,,False,False,False,False,False,False,True,True,643,5,True,1299,330,0.2540415704387991,0.2263715919314456,0.004639509600861782,0.0,0.0,0.0,0.0,0.0,0.0,0.0,0.0,0.0,0.0,0.0,0.0,2.31,7.696667081526462,False,False,False,False,False,False,,,1,0,1,0,1,0,1,0,1,0,1,0
15122,Spoon Guru,https://www.crunchbase.com/organization/spoon-guru,United Kingdom,51.4893335,-0.1440551,2015,3.0,True,True,False,False,True,True,True,True,False,True,False,False,False,False,2,1,1,1.0,0.0,2017-02-01,2017-02-01,Series A,2017,46.0,True,True,False,False,2.0,7.0,False,False,False,False,False,False,False,False,False,False,False,False,1,1,True,True,True,True,True,True,True,True,True,True,True,True,True,True,True,1,1.0,True,True,True,True,True,False,False,False,False,False,False,True,True,643,5,True,1299,330,0.2540415704387991,0.2263715919314456,0.004639509600861782,0.0,0.0,0.0,0.0,0.0,0.0,0.0,0.0,0.0,0.0,0.0,0.0,2.31,7.696667081526462,False,False,True,False,True,True,,,1,1,1,1,1,1,1,1,1,1,1,1
15114,Logameal,https://www.crunchbase.com/organization/logameal,United Kingdom,51.4893335,-0.1440551,2015,1.0,False,True,False,False,False,True,True,False,False,True,False,False,False,False,1,1,1,0.0,0.020934,2016-03-01,2016-03-01,Seed,2016,164.0,True,,False,,4.0,4.0,True,,False,,True,,False,,False,,False,,1,0,True,,True,True,,True,,True,,True,,True,,True,,1,,True,,True,True,,False,False,False,False,False,False,True,True,643,5,True,1299,329,0.2532717474980754,0.225757529891886,0.004639509600861782,0.0,0.0,0.0,0.0,0.0,0.0,0.0,0.0,0.0,0.0,0.0,0.0,2.31,6.803505257608338,True,False,False,True,True,True,2017-03-01,2.0,1,0,1,0,1,0,1,0,1,0,1,0
15102,CityMunch,https://www.crunchbase.com/organization/citymunch,United Kingdom,51.4893335,-0.1440551,2015,1.0,True,True,False,False,False,False,True,False,False,True,False,False,False,True,1,1,1,1.0,0.233573,2016-11-10,2016-11-10,Seed,2016,245.0,True,True,False,False,7.0,22.0,False,False,False,False,False,False,False,False,False,False,False,False,1,1,True,True,True,True,True,True,True,True,True,True,True,True,True,True,True,1,1.0,True,True,True,True,True,False,False,False,False,False,False,True,True,643,5,True,1299,330,0.2540415704387991,0.2263715919314456,0.004639509600861782,0.0,0.0,0.0,0.0,0.0,0.0,0.0,0.0,0.0,0.0,0.0,0.0,2.31,6.803505257608338,False,False,False,False,False,False,,,1,1,1,1,1,1,1,1,1,1,1,1
10511,Nutrium,https://www.crunchbase.com/organization/nutrium,Portugal,41.5510583,-8.4280045,2015,5.0,True,False,False,False,False,False,True,True,False,True,False,False,False,False,2,2,3,2.0,4.990776,2017-10-16,2020-10-13,Seed,2017,140.75,False,False,True,True,11.8,16.2,True,True,False,False,True,True,False,False,False,False,False,False,0,0,False,False,False,False,False,False,False,False,False,False,False,False,False,False,False,4,2.0,True,True,True,True,True,False,False,False,False,False,False,True,True,4,0,False,6,1,0.1666666666666666,0.1541506798272582,0.3218460799635357,0.31566723979489125,0.313607626405343,0.321846079963536,0.313607626405343,0.313607626405343,0.313607626405343,0.313607626405343,0.3177268531844395,0.321846079963536,0.005248712773818727,0.0,0.010497425547637452,2.31,3.2228678461377385,False,False,False,False,False,False,,,0,0,0,0,0,0,0,0,0,0,0,0
10595,EatTasty,https://www.crunchbase.com/organization/eattasty,Portugal,38.7077507,-9.1365919,2015,2.0,False,True,False,False,True,True,True,False,False,False,False,False,False,False,4,2,3,1.0,1.944921,2019-07-26,2019-12-02,Venture - Series Unknown,2019,35.333333333333336,True,True,False,False,13.7,2.0,False,False,False,False,True,True,False,False,False,False,False,False,2,1,True,True,False,True,True,True,True,True,True,True,True,True,True,True,True,3,1.0,True,True,True,True,True,False,False,False,False,False,False,True,True,49,0,False,44,14,0.3181818181818182,0.2762533766281582,0.0,0.0034991418492124845,0.0,0.010497425547637452,0.0,0.005248712773818727,0.010497425547637452,0.0,0.0,0.0,0.006998283698424969,0.0,0.010497425547637452,2.31,3.86702563949741,False,False,True,False,True,True,,,3,1,3,1,3,1,3,1,3,1,3,1
7700,Keatz,https://www.crunchbase.com/organization/keatz,Germany,52.510885,13.3989367,2015,2.0,False,True,False,False,True,False,True,False,False,False,False,False,False,False,1,8,4,3.0,8.059598,2016-01-05,2017-06-01,Venture - Series Unknown,2016,76.6,True,True,True,True,2.2,18.0,True,True,True,True,False,False,False,False,True,True,False,False,6,2,True,True,False,True,True,True,True,True,True,True,True,True,True,True,True,6,2.0,True,True,False,True,True,False,False,False,False,True,False,True,True,171,3,True,400,167,0.4175,0.3488947566197701,0.0,0.531723595336477,0.0,1.8668537054284104,0.0,0.0,0.0,0.0,0.8862059922274615,1.8668537054284104,0.8152490930823428,0.0,1.8668537054284104,2.31,7.244941546337007,False,False,True,False,True,True,,,6,2,6,2,6,2,6,2,6,2,6,2
6661,Bloowatch,https://www.crunchbase.com/organization/bloowatch,Spain,43.2827605,-2.8623645,2015,1.0,False,False,False,False,False,False,True,False,False,True,False,False,False,False,0,1,1,0.0,0.016794,2015-09-25,2015-09-25,Seed,2015,12.0,False,,True,,2.0,1.0,True,,False,,True,,False,,False,,False,,0,0,False,,False,False,,False,,False,,False,,False,,False,,0,,False,,False,False,,False,False,False,False,False,False,True,True,6,0,False,13,2,0.1538461538461538,0.1431008436406733,0.32621353827912036,0.2515508887639233,0.2515508887639233,0.2515508887639233,0.2515508887639233,0.2515508887639233,0.2515508887639233,0.0,0.0,0.0,0.0,0.0,0.0,2.31,6.2166061010848646,False,False,False,False,False,False,,,0,0,0,0,0,0,0,0,0,0,0,0
7730,Flowtify,https://www.crunchbase.com/organization/flowtify,Germany,50.938361,6.959974,2015,3.0,True,False,False,False,False,False,True,False,False,True,False,False,False,False,0,4,5,2.0,0.0,2015-10-13,2016-11-22,Series A,2015,156.14285714285714,True,False,True,True,3.7,138.1,True,False,True,True,True,True,False,False,False,False,True,False,0,0,False,False,False,True,False,True,False,True,False,True,False,True,False,False,False,5,2.0,True,True,False,True,True,True,True,True,False,True,False,True,False,54,0,False,37,12,0.3243243243243243,0.2809023854664021,0.1832177169298696,3.3230191468468835,0.024700970716888863,7.954715556396933,0.024700970716888863,2.608938837320745,6.054151482928915,0.47652351111218005,4.215619533754557,7.954715556396933,4.45098943711167,0.0,8.41055354107772,2.31,6.803505257608338,False,False,True,False,True,True,,,0,0,1,0,1,0,1,0,1,0,1,0
7947,3Bears Foods,https://www.crunchbase.com/organization/3bears-foods,Germany,48.1371079,11.5753822,2015,2.0,False,True,False,False,False,False,True,False,False,False,False,False,False,False,2,2,1,1.0,0.0,2017-06-01,2017-06-01,Seed,2017,31.0,False,False,True,True,0.0,7.0,True,True,False,False,False,False,False,False,False,False,False,False,0,0,False,False,False,False,False,False,False,False,False,False,False,False,False,False,False,2,2.0,True,True,True,False,False,False,False,False,False,True,True,True,True,129,2,True,123,46,0.3739837398373983,0.3177143595506559,0.0,0.433534186946357,0.433534186946357,0.433534186946357,0.0,0.0,0.0,0.433534186946357,0.433534186946357,0.433534186946357,0.0,0.0,0.0,2.31,7.244941546337007,False,False,False,False,False,False,,,0,0,0,0,0,0,0,0,0,0,0,0
6479,ApetEat,https://www.crunchbase.com/organization/apeteat,Spain,40.4237276,-3.6899043,2015,3.0,False,True,False,False,True,False,True,False,False,False,False,False,False,False,4,1,2,2.0,1.101083,2019-10-10,2019-10-10,Seed,2019,59.0,True,True,True,True,5.0,5.5,False,False,True,True,False,False,False,False,False,False,False,False,1,1,True,True,False,True,True,True,True,True,True,True,True,True,True,True,True,2,2.0,True,True,True,True,True,False,False,False,False,False,False,True,True,101,2,True,163,30,0.1840490797546012,0.1689399880981232,0.0013966316113990815,0.16092105237032797,0.0,0.32184210474065594,0.0,0.0,0.0,0.0,0.16092105237032797,0.32184210474065594,0.32184210474065594,0.32184210474065594,0.32184210474065594,2.31,5.993961427306569,False,False,False,False,False,False,,,1,1,1,1,1,1,1,1,1,1,1,1
7972,Foodguide,https://www.crunchbase.com/organization/foodguide,Germany,53.550341,10.000654,2015,2.0,False,True,False,False,True,True,True,False,False,True,True,False,False,False,1,2,2,0.0,0.0,2016-07-01,2016-07-01,Seed,2016,56.0,False,,True,,5.0,100.5,False,,True,,True,,False,,False,,False,,0,0,False,,False,False,,False,,False,,False,,False,,False,,2,,True,,False,True,,True,True,True,False,True,False,True,False,47,1,True,78,25,0.3205128205128205,0.278020161540044,0.0,4.580449007409719,0.2549160007977418,8.905982014021694,0.2549160007977418,4.580449007409719,8.905982014021694,0.0,0.0,0.0,6.088053451992983,0.0,9.132080177989476,2.31,7.244941546337007,False,False,False,False,False,False,,,0,0,0,0,0,0,0,0,0,0,0,0
7964,frischepost,https://www.crunchbase.com/organization/frischepost,Germany,53.550341,10.000654,2015,2.0,False,True,False,False,True,True,True,False,False,False,False,False,False,False,4,2,1,0.0,0.0,2019-06-04,2019-06-04,Seed,2019,24.0,False,,True,,1.0,2.0,True,,False,,False,,False,,False,,False,,0,0,False,,False,False,,False,,False,,False,,False,,False,,2,,True,,True,False,,False,False,False,False,True,True,True,True,47,1,True,78,24,0.3076923076923077,0.2682639865946793,0.0,0.4122926046870579,0.4122926046870579,0.4122926046870579,0.4122926046870579,0.4122926046870579,0.4122926046870579,0.0,0.0,0.0,0.0,0.0,0.0,2.31,7.650168700845001,True,False,False,True,True,True,2022-05-12,7.0,0,0,0,0,0,0,0,0,0,0,0,0
19610,Vita Meals,https://www.crunchbase.com/organization/feat-food,Italy,45.4641943,9.1896346,2015,2.0,False,True,False,False,True,False,True,False,False,False,False,False,False,False,3,2,2,0.0,2.870831,2018-08-01,2021-12-15,Seed,2018,92.5,True,,True,,4.5,1.5,False,,False,,False,,False,,False,,False,,1,0,True,,False,True,,True,,True,,True,,True,,True,,2,,True,,True,True,,False,False,False,False,False,False,True,True,89,1,True,84,19,0.2261904761904762,0.2039121893863221,0.0,0.23859316568446093,0.0,0.47718633136892186,0.0,0.23859316568446093,0.47718633136892186,0.0,0.0,0.0,0.47718633136892186,0.47718633136892186,0.47718633136892186,2.31,4.61512051684126,False,False,False,False,False,False,,,1,0,1,0,1,0,1,0,1,0,1,0
6531,Fotawa,https://www.crunchbase.com/organization/fotawa,Spain,41.3825802,2.177073,2015,2.0,False,True,False,False,True,False,True,False,False,False,False,False,False,False,1,1,3,1.0,0.524293,2016-12-01,2016-12-01,Seed,2016,22.666666666666668,True,False,True,True,2.0,1.0,False,False,False,False,True,True,False,False,True,False,False,False,1,0,True,False,False,True,False,True,False,True,False,True,False,True,False,True,False,3,1.0,True,True,True,True,False,False,False,False,False,False,False,True,True,87,2,True,194,52,0.268041237113402,0.2374733768690346,0.0,0.16958098884380488,0.0,0.3032161910974164,0.0,0.10276338771699917,0.2055267754339983,0.3032161910974164,0.3032161910974164,0.3032161910974164,0.2561876308225434,0.2055267754339983,0.3032161910974164,2.31,5.993961427306569,False,False,False,False,False,False,,,1,0,1,0,1,0,1,0,1,0,1,0
7423,Heycater!,https://www.crunchbase.com/organization/heycater,Germany,52.510885,13.3989367,2015,3.0,False,True,False,False,False,True,True,False,False,True,False,False,False,True,1,4,4,0.0,8.694208,2016-09-28,2019-01-31,Seed,2016,92.5,True,,True,,13.0,25.5,False,,True,,False,,False,,False,,False,,2,0,True,,False,True,,True,,True,,True,,True,,True,,6,,True,,False,True,,False,False,False,False,True,False,True,True,171,3,True,400,167,0.4175,0.3488947566197701,0.0,0.319971674003734,0.0,0.8771051733706614,0.0,0.319971674003734,0.8771051733706614,0.0,0.0,0.0,0.44073210643302,0.0,0.8771051733706614,2.31,7.244941546337007,False,False,False,False,False,False,,,2,0,2,0,2,0,2,0,2,0,2,0
20442,Simple Feast,https://www.crunchbase.com/organization/simple-feast,Denmark,55.6867243,12.5700724,2015,2.0,False,True,False,False,False,False,True,True,False,True,False,False,False,False,1,1,1,0.0,0.0,2016-02-01,2016-02-01,Equity Crowdfunding,2016,43.0,False,,True,,1.0,7.0,False,,False,,False,,False,,False,,False,,0,0,False,,False,False,,False,,False,,False,,False,,False,,0,,False,,False,True,,False,False,False,False,False,False,True,True,66,2,True,109,30,0.2752293577981651,0.243126050901548,0.0,0.5208601256965827,0.5208601256965827,0.5208601256965827,0.5208601256965827,0.5208601256965827,0.5208601256965827,0.0,0.0,0.0,0.0,0.0,0.0,2.31,4.600157644164547,False,True,False,True,False,True,,,0,0,0,0,0,0,0,0,0,0,0,0
7640,dropnostix,https://www.crunchbase.com/organization/dropnostix,Germany,52.4009309,13.0591397,2015,2.0,True,False,False,False,False,False,True,False,False,False,False,False,False,False,1,2,1,1.0,1.454076,2016-06-01,2016-06-01,Seed,2016,57.0,True,True,False,False,23.0,6.0,False,False,False,False,False,False,False,False,False,False,False,False,2,2,True,True,True,True,True,True,True,True,True,True,True,True,True,True,True,2,2.0,True,True,True,False,False,False,False,False,False,True,True,True,True,171,0,False,14,2,0.1428571428571428,0.1335313926245225,0.026069153681937258,0.0,0.0,0.0,0.0,0.0,0.0,0.0,0.0,0.0,0.0,0.0,0.0,2.31,7.244941546337007,False,False,False,False,False,False,,,2,2,2,2,2,2,2,2,2,2,2,2
7631,Smartsleep,https://www.crunchbase.com/organization/smartsleep,Germany,51.2209866,6.9056079,2015,2.0,False,False,False,False,False,False,True,True,False,False,False,False,False,False,3,2,1,0.0,3.532948,2018-09-20,2018-09-20,Seed,2018,56.0,False,,True,,2.0,7.0,False,,False,,False,,False,,False,,False,,0,0,False,,False,False,,False,,False,,False,,False,,False,,2,,True,,True,True,,False,False,False,False,True,True,True,True,56,0,False,13,4,0.3076923076923077,0.2682639865946793,0.1833641184133611,0.4681627541355713,0.4681627541355713,0.4681627541355713,0.4681627541355713,0.4681627541355713,0.4681627541355713,0.0,0.0,0.0,0.0,0.0,0.0,2.31,7.244941546337007,False,False,False,False,False,False,,,0,0,0,0,0,0,0,0,0,0,0,0
20568,FarmBackup,https://www.crunchbase.com/organization/farmbackup,Denmark,55.6867243,12.5700724,2015,2.0,True,True,False,False,False,True,True,False,False,True,False,False,False,False,3,1,1,1.0,1.1368,2018-11-08,2018-11-08,Seed,2018,9.0,True,True,False,False,2.0,3.0,False,False,False,False,False,False,False,False,False,False,False,False,1,1,True,True,True,True,True,True,True,True,True,True,True,True,True,True,True,1,1.0,True,True,True,True,True,False,False,False,False,False,False,True,True,66,2,True,109,31,0.2844036697247706,0.2502945403801606,0.0,0.0,0.0,0.0,0.0,0.0,0.0,0.0,0.0,0.0,0.0,0.0,0.0,2.31,5.707110264748875,False,False,False,False,False,False,,,1,1,1,1,1,1,1,1,1,1,1,1
20235,AromaPass,https://www.crunchbase.com/organization/aromapass,Italy,45.6279075,12.3747797,2015,2.0,False,False,False,False,False,True,True,False,False,False,False,False,False,False,0,1,1,0.0,0.0,2015-07-25,2015-07-25,Seed,2015,78.0,True,,False,,10.0,19.0,False,,False,,True,,False,,False,,True,,1,0,True,,True,True,,True,,True,,True,,True,,True,,1,,True,,True,False,,False,False,False,False,False,False,True,True,2,0,False,25,4,0.16,0.1484200051182732,0.24868984341073422,0.0,0.0,0.0,0.0,0.0,0.0,0.0,0.0,0.0,0.0,0.0,0.0,2.31,4.33990170837321,False,False,False,False,False,False,,,1,0,1,0,1,0,1,0,1,0,1,0
7582,Asana Rebel,https://www.crunchbase.com/organization/asana-yoga,Germany,52.510885,13.3989367,2015,2.0,False,True,False,False,False,True,True,True,False,True,False,False,False,False,1,2,2,1.0,1.8,2016-03-17,2016-03-17,Series B,2016,234.33333333333337,False,False,True,True,10.3,49.0,False,False,True,True,False,False,False,False,False,False,False,False,0,0,False,False,False,False,False,False,False,False,False,False,False,False,False,False,False,3,1.0,True,True,True,True,False,False,False,False,False,True,True,True,True,171,3,True,400,167,0.4175,0.3488947566197701,0.0,0.4945529655899936,0.4771934692096946,0.503232713780143,0.503232713780143,0.503232713780143,0.503232713780143,0.4771934692096946,0.4771934692096946,0.4771934692096946,0.2890227912975713,0.0,0.433534186946357,2.31,7.244941546337007,False,False,True,False,True,True,,,0,0,0,0,0,0,0,0,0,0,0,0
10904,Buymie,https://www.crunchbase.com/organization/buymie,Ireland,53.3436671,-6.2544366,2015,2.0,False,True,False,False,True,True,True,False,False,False,False,False,False,False,5,1,3,1.0,3.412245,2020-04-28,2020-04-28,Venture - Series Unknown,2020,54.333333333333336,True,True,True,False,15.0,22.3,False,False,False,False,False,False,False,False,False,False,False,False,2,1,True,True,False,True,True,True,True,True,True,True,True,True,True,True,True,2,1.0,True,True,False,True,True,False,False,False,False,False,False,True,True,34,0,False,115,29,0.2521739130434782,0.2248811712127505,0.0007540886496293537,0.15421952513475073,0.0,0.46265857540425226,0.0,0.23132928770212613,0.46265857540425226,0.0,0.0,0.0,0.30843905026950147,0.0,0.46265857540425226,2.31,5.303304908059076,True,False,True,True,True,True,2023-02-03,8.0,2,1,2,1,2,1,2,1,2,1,2,1
11238,Ageria,https://www.crunchbase.com/organization/ageria,Ireland,51.8985136,-8.4726423,2015,3.0,True,False,False,False,True,False,True,True,False,False,False,False,False,False,0,2,1,1.0,0.0,2015-04-30,2016-05-23,Seed,2015,0.0,False,False,True,True,20.5,80.0,True,True,True,True,True,True,False,False,False,False,False,False,0,0,False,False,False,False,False,False,False,False,False,False,False,False,False,False,False,0,0.0,False,False,False,False,False,True,True,True,True,False,False,False,False,2,0,False,14,4,0.2857142857142857,0.251314428280906,0.2198027074265303,5.073185548969997,5.073185548969997,5.073185548969997,0.0,0.0,0.0,5.073185548969997,5.073185548969997,5.073185548969997,0.0,0.0,0.0,2.31,4.528289141652134,False,False,False,False,False,False,,,0,0,0,0,0,0,0,0,0,0,0,0
6378,Deliberry,https://www.crunchbase.com/organization/deliberry-3,Spain,41.3825802,2.177073,2015,2.0,True,True,False,False,True,True,True,False,False,True,False,False,False,False,1,1,2,0.0,3.331005,2016-03-14,2016-03-14,Equity Crowdfunding,2016,13.5,True,,False,,3.0,1.5,False,,False,,False,,False,,False,,False,,2,0,True,,True,True,,True,,True,,True,,True,,True,,2,,True,,True,True,,False,False,False,False,False,False,True,True,87,2,True,194,52,0.268041237113402,0.2374733768690346,0.0,0.0,0.0,0.0,0.0,0.0,0.0,0.0,0.0,0.0,0.0,0.0,0.0,2.31,5.993961427306569,False,False,False,False,False,False,,,2,0,2,0,2,0,2,0,2,0,2,0
19867,Wallfarm,https://www.crunchbase.com/organization/wallfarm,Italy,41.8933203,12.4829321,2015,6.0,True,False,False,False,True,False,True,False,False,False,False,False,True,False,3,2,1,1.0,0.411523,2018-08-07,2020-01-17,Seed,2018,2.0,False,False,True,True,4.0,0.0,True,True,False,False,False,False,False,False,False,False,False,False,0,0,False,False,False,False,False,False,False,False,False,False,False,False,False,False,False,2,2.0,True,True,True,True,True,False,False,False,False,False,False,True,True,24,1,True,38,5,0.131578947368421,0.1236139559671766,0.477186331368922,0.47718633136892186,0.47718633136892186,0.47718633136892186,0.0,0.0,0.0,0.47718633136892186,0.47718633136892186,0.47718633136892186,0.0,0.0,0.0,2.31,4.61512051684126,False,False,False,False,False,False,,,0,0,0,0,0,0,0,0,0,0,0,0
19919,My Foody,https://www.crunchbase.com/organization/my-foody,Italy,45.4641943,9.1896346,2015,3.0,False,True,False,False,False,False,True,False,False,True,True,True,False,False,3,1,2,1.0,0.463084,2018-10-01,2018-10-01,Seed,2018,46.0,True,True,False,False,2.5,7.5,False,False,False,False,False,False,False,False,False,False,False,False,2,1,True,True,True,True,True,True,True,True,True,True,True,True,True,True,True,2,1.0,True,True,True,True,True,False,False,False,False,False,False,True,True,89,1,True,84,18,0.2142857142857142,0.1941560144409574,0.0,0.0,0.0,0.0,0.0,0.0,0.0,0.0,0.0,0.0,0.0,0.0,0.0,2.31,4.61512051684126,True,False,False,True,True,True,2021-10-14,6.0,2,1,2,1,2,1,2,1,2,1,2,1
19988,Mamma M’Ama,https://www.crunchbase.com/organization/mamma-m-ama,Italy,45.4641943,9.1896346,2015,1.0,False,True,False,False,False,True,True,False,False,False,False,False,False,False,2,1,3,0.0,0.403614,2017-04-26,2017-04-26,Seed,2017,37.333333333333336,True,,False,,2.3,11.3,True,,False,,False,,False,,False,,False,,3,0,True,,True,True,,True,,True,,True,,True,,True,,3,,True,,True,True,,False,False,False,False,False,False,True,True,89,1,True,84,19,0.2261904761904762,0.2039121893863221,0.0,0.0,0.0,0.0,0.0,0.0,0.0,0.0,0.0,0.0,0.0,0.0,0.0,2.31,4.906755163608864,False,False,False,False,False,False,,,3,0,3,0,3,0,3,0,3,0,3,0
6120,Glovo,https://www.crunchbase.com/organization/glovo-app,Spain,41.3825802,2.177073,2015,4.0,False,True,False,False,True,False,True,False,False,True,False,False,False,False,0,1,2,0.0,2.129427,2015-11-24,2015-11-24,Series F,2015,14.0,True,,True,,2.5,4.5,False,,False,,False,,False,,False,,False,,1,0,True,,False,True,,True,,True,,True,,True,,True,,2,,True,,True,True,,False,False,False,False,False,False,True,True,87,2,True,194,51,0.2628865979381443,0.2334000514813988,0.0,0.2521828718537784,0.0,0.5043657437075568,0.0,0.2521828718537784,0.5043657437075568,0.0,0.0,0.0,0.5043657437075568,0.5043657437075568,0.5043657437075568,2.31,6.2166061010848646,True,True,True,True,True,True,2021-12-31,6.0,1,0,1,0,1,0,1,0,1,0,1,0
10985,Flipdish,https://www.crunchbase.com/organization/flipdish,Ireland,53.2698337,-6.2245713,2015,2.0,True,True,False,False,True,True,True,False,False,True,True,False,False,False,2,2,2,2.0,2.881905,2017-03-26,2018-07-13,Series C,2017,29.0,True,True,False,False,4.0,2.3,False,False,False,False,False,False,False,False,False,False,False,False,3,2,True,True,True,True,True,True,True,True,True,True,True,True,True,True,True,3,2.0,True,True,True,True,True,False,False,False,False,False,False,True,True,34,0,False,112,29,0.2589285714285714,0.2302610190830737,0.00916255043090235,0.008446299691586386,0.008446299691586386,0.008446299691586386,0.008446299691586386,0.008446299691586386,0.008446299691586386,0.008446299691586386,0.008446299691586386,0.008446299691586386,0.0,0.0,0.0,2.31,5.17105201550216,False,True,True,True,True,True,,,3,2,3,2,3,2,3,2,3,2,3,2
11132,Gigliotti,https://www.crunchbase.com/organization/gigliotti-co-limited,Ireland,52.9314122,-8.4273297,2015,2.0,False,False,False,False,False,True,True,False,False,True,False,False,False,False,3,1,1,1.0,0.125342,2018-01-03,2018-01-03,Seed,2018,876.0,False,False,True,True,8.0,9.0,False,False,False,False,True,True,False,False,True,True,False,False,0,0,False,False,False,False,False,False,False,False,False,False,False,False,False,False,False,0,0.0,False,False,False,False,False,True,True,False,False,False,False,False,False,1,0,False,0,0,0.0,0.0,0.1518074433865546,6.059596441010879,6.059596441010879,6.059596441010879,0.0,0.0,0.0,6.059596441010879,6.059596441010879,6.059596441010879,0.0,0.0,0.0,2.31,5.707110264748875,False,False,False,False,False,False,,,0,0,0,0,0,0,0,0,0,0,0,0
6262,Ever Health,https://www.crunchbase.com/organization/ever-health,Spain,40.4237276,-3.6899043,2015,1.0,True,True,False,False,False,False,True,True,False,False,False,False,False,False,3,1,1,1.0,0.525931,2018-03-14,2018-03-14,Series A,2018,5.0,False,False,True,True,12.0,1.0,False,False,False,False,False,False,False,False,False,False,False,False,0,0,False,False,False,False,False,False,False,False,False,False,False,False,False,False,False,0,0.0,False,False,False,False,False,True,True,False,False,False,False,False,False,101,2,True,163,30,0.1840490797546012,0.1689399880981232,0.0013966316113990815,9.063523944093667,9.063523944093667,9.063523944093667,0.0,0.0,0.0,9.063523944093667,9.063523944093667,9.063523944093667,0.0,0.0,0.0,2.31,6.2166061010848646,False,False,True,False,True,True,,,0,0,0,0,0,0,0,0,0,0,0,0
11137,FruitCubed,https://www.crunchbase.com/organization/fruitcubed,Ireland,51.8947981,-8.4354471,2015,1.0,False,False,False,False,False,False,True,True,False,False,False,False,False,False,2,1,1,0.0,0.0,2017-01-16,2017-01-16,Pre-Seed,2017,0.0,False,,True,,22.0,80.0,True,,True,,True,,False,,False,,False,,0,0,False,,False,False,,False,,False,,False,,False,,False,,0,,False,,False,False,,True,True,True,True,False,False,False,False,3,0,False,14,4,0.2857142857142857,0.251314428280906,0.21841563714813245,5.075766043115534,5.075766043115534,5.075766043115534,5.075766043115534,5.075766043115534,5.075766043115534,0.0,0.0,0.0,0.0,0.0,0.0,2.31,5.17105201550216,False,False,False,False,False,False,,,0,0,0,0,0,0,0,0,0,0,0,0
8010,Berliner Berg,https://www.crunchbase.com/organization/berliner-berg,Germany,52.510885,13.3989367,2015,2.0,False,True,False,False,False,False,True,False,False,False,False,False,False,False,1,2,1,1.0,0.0,2016-06-01,2016-06-01,Seed,2016,5.0,False,False,True,True,5.0,2.0,False,False,False,False,False,False,False,False,False,False,False,False,0,0,False,False,False,False,False,False,False,False,False,False,False,False,False,False,False,2,2.0,True,True,True,False,False,False,False,False,False,True,True,True,True,171,3,True,400,167,0.4175,0.3488947566197701,0.0,0.47652351111218005,0.47652351111218005,0.47652351111218005,0.0,0.0,0.0,0.47652351111218005,0.47652351111218005,0.47652351111218005,0.0,0.0,0.0,2.31,7.244941546337007,False,False,False,False,False,False,,,0,0,0,0,0,0,0,0,0,0,0,0
11222,PowCow,https://www.crunchbase.com/organization/powcow,Ireland,53.3436671,-6.2544366,2015,1.0,False,True,False,False,False,True,True,True,False,False,False,False,False,False,2,1,1,1.0,0.0,2017-09-22,2017-09-22,Seed,2017,0.0,False,False,True,True,22.0,80.0,True,True,True,True,True,True,False,False,False,False,False,False,0,0,False,False,False,False,False,False,False,False,False,False,False,False,False,False,False,0,0.0,False,False,False,False,False,True,True,True,True,False,False,False,False,34,0,False,115,30,0.2608695652173913,0.2318016140573243,0.0007540886496293537,5.183691226271597,5.183691226271597,5.183691226271597,0.0,0.0,0.0,5.183691226271597,5.183691226271597,5.183691226271597,0.0,0.0,0.0,2.31,5.17105201550216,False,False,False,False,False,False,,,0,0,0,0,0,0,0,0,0,0,0,0
7992,Pumperlgsund,https://www.crunchbase.com/organization/pumperlgsund,Germany,48.1371079,11.5753822,2015,2.0,False,True,False,False,False,False,True,False,False,False,False,False,False,False,1,2,1,1.0,0.0,2016-06-01,2016-06-01,Seed,2016,31.0,False,False,True,True,0.0,7.0,True,True,False,False,False,False,False,False,False,False,False,False,0,0,False,False,False,False,False,False,False,False,False,False,False,False,False,False,False,2,2.0,True,True,True,False,False,False,False,False,False,True,True,True,True,129,2,True,123,46,0.3739837398373983,0.3177143595506559,0.0,0.433534186946357,0.433534186946357,0.433534186946357,0.0,0.0,0.0,0.433534186946357,0.433534186946357,0.433534186946357,0.0,0.0,0.0,2.31,7.244941546337007,False,False,False,False,False,False,,,0,0,0,0,0,0,0,0,0,0,0,0
6238,Wetaca,https://www.crunchbase.com/organization/wetaca,Spain,40.4237276,-3.6899043,2015,2.0,False,True,False,False,True,False,True,True,False,False,False,False,False,False,1,3,3,2.0,1.92568,2016-07-04,2020-03-17,Venture - Series Unknown,2016,55.166666666666664,True,True,True,False,5.8,11.8,False,False,False,False,False,False,False,False,False,False,False,False,4,3,True,True,False,True,True,True,True,True,True,True,True,True,True,True,True,6,3.0,True,True,True,True,True,False,False,False,False,False,False,True,True,101,2,True,163,30,0.1840490797546012,0.1689399880981232,0.0013966316113990815,0.1681219145691856,0.0,0.5043657437075568,0.0,0.3362438291383712,0.5043657437075568,0.0,0.0,0.0,0.268995063310697,0.0,0.5043657437075568,2.31,5.993961427306569,False,False,True,False,True,True,,,4,3,4,3,4,3,4,3,4,3,4,3
6270,Kibus Petcare,https://www.crunchbase.com/organization/kibus-petcare,Spain,41.5790182,1.617346,2016,3.0,False,False,False,False,False,False,True,True,False,False,False,False,False,False,4,1,1,0.0,0.0,2020-10-09,2020-10-09,Venture - Series Unknown,2020,43.0,False,,True,,2.0,0.0,False,,False,,False,,False,,False,,False,,0,0,False,,False,False,,False,,False,,False,,False,,False,,1,,True,,True,False,,False,False,False,False,False,False,True,True,1,0,False,1,1,1.0,0.6931471805599453,0.05149040076063524,0.3533340055408031,0.3533340055408031,0.3533340055408031,0.3533340055408031,0.3533340055408031,0.3533340055408031,0.0,0.0,0.0,0.0,0.0,0.0,1.97,6.68586094706836,False,False,True,False,True,True,,,0,0,0,0,0,0,0,0,0,0,0,0
19508,Miscusi,https://www.crunchbase.com/organization/miscusi,Italy,45.4641943,9.1896346,2016,2.0,False,True,False,False,False,True,True,False,False,False,False,False,False,False,0,2,2,1.0,0.0,2016-12-01,2017-06-01,Venture - Series Unknown,2016,123.33333333333331,True,False,True,True,1.5,11.3,False,False,False,False,False,False,False,False,False,False,False,False,1,0,True,False,False,True,False,True,False,True,False,True,False,True,False,True,False,1,0.0,True,False,False,True,True,False,False,False,False,True,False,True,True,89,1,True,104,23,0.2211538461538461,0.1997961873172185,0.0,0.2321731683702708,0.0,0.3482597525554062,0.0,0.1741298762777031,0.3482597525554062,0.3482597525554062,0.3482597525554062,0.3482597525554062,0.2321731683702708,0.0,0.3482597525554062,1.97,4.35799005684564,False,False,True,False,True,True,,,1,0,1,0,1,0,1,0,1,0,1,0
19056,Supp.li,https://www.crunchbase.com/organization/supp-li,Hungary,47.1753833,20.1946279,2016,1.0,False,False,False,False,False,True,True,False,False,False,False,False,False,False,3,3,1,0.0,0.905578,2019-03-06,2021-01-06,Seed,2019,392.0,True,,False,,21.0,7.0,False,,False,,False,,False,,False,,False,,0,0,False,,False,True,,False,,False,,False,,False,,False,,3,,True,,True,False,,False,False,False,False,False,False,True,True,0,0,False,0,0,0.0,0.0,0.3082294268757824,0.09408997817602692,0.09408997817602692,0.09408997817602692,0.09408997817602692,0.09408997817602692,0.09408997817602692,0.0,0.0,0.0,0.0,0.0,0.0,1.97,4.960744524482791,False,False,False,False,False,False,,,0,0,0,0,0,0,0,0,0,0,3,0
11073,MicroSynbiotiX,https://www.crunchbase.com/organization/microsynbiotix,Ireland,51.8985136,-8.4726423,2016,3.0,True,False,False,False,True,False,True,True,False,False,False,False,False,False,0,2,3,2.0,1.292385,2016-05-13,2017-09-05,Seed,2016,12.0,False,False,True,True,11.2,41.0,True,True,True,True,True,True,False,False,False,False,False,False,0,0,False,False,False,False,False,False,False,False,False,False,False,False,False,False,False,1,0.0,True,False,False,True,False,True,True,True,False,True,False,True,False,2,0,False,17,4,0.2352941176470588,0.2113090936672069,0.2198027074265303,2.9117236874230246,0.21962513333732103,5.073185548969997,0.21962513333732103,0.21962513333732103,0.21962513333732103,1.280898518414782,3.8090898721182587,5.073185548969997,3.990812684658617,0.0,6.236300938935128,1.97,5.306285536197214,True,False,False,True,True,True,2021-11-19,5.0,0,0,0,0,0,0,0,0,0,0,0,0
20452,Nordic Harvest,https://www.crunchbase.com/organization/nordic-harvest,Denmark,55.6522136,12.292049,2016,1.0,False,True,False,False,False,True,True,False,False,False,False,True,False,False,4,1,2,1.0,9.097045,2020-04-01,2020-04-01,Seed,2020,115.5,True,True,False,False,28.0,21.5,False,False,False,False,False,False,False,False,False,False,False,False,0,0,False,False,False,True,True,True,True,True,True,True,True,True,True,True,True,2,1.0,True,True,True,True,True,False,False,False,False,False,False,True,True,65,2,True,6,1,0.1666666666666666,0.1541506798272582,0.017852195831434464,0.019386179166704216,0.019386179166704216,0.019386179166704216,0.019386179166704216,0.019386179166704216,0.019386179166704216,0.019386179166704216,0.019386179166704216,0.019386179166704216,0.0,0.0,0.0,1.97,5.707110264748875,False,False,False,False,False,False,,,2,1,2,1,2,1,2,1,2,1,2,1
20492,Nordetect,https://www.crunchbase.com/organization/nordetect,Denmark,55.6867243,12.5700724,2016,2.0,True,True,False,False,False,False,True,False,False,True,False,False,False,False,4,3,4,0.0,1.5,2020-01-10,2021-03-15,Seed,2020,174.0,True,,True,,21.4,44.0,True,,True,,True,,False,,False,,False,,4,0,True,,False,True,,True,,True,,True,,True,,True,,4,,True,,False,True,,True,True,True,False,False,False,True,False,66,2,True,144,38,0.2638888888888889,0.2341933875007947,0.0,2.226518502104147,0.005227359580048748,6.254970153874683,0.005227359580048748,2.226518502104147,6.254970153874683,0.0,0.0,0.0,3.210973687112717,0.0,6.252611396488356,1.97,5.707110264748875,False,False,False,False,False,False,,,4,0,4,0,4,0,4,0,4,0,4,0
20939,Gronda,https://www.crunchbase.com/organization/gronda-gmbh,Austria,47.2935786,11.5907326,2016,3.0,False,False,False,False,False,False,True,False,False,True,False,False,False,True,1,1,2,0.0,0.5,2017-03-01,2017-03-01,Undisclosed,2017,38.0,False,,True,,6.5,11.0,True,,False,,False,,False,,True,,False,,0,0,False,,False,False,,False,,False,,False,,False,,False,,0,,False,,False,False,,False,False,False,False,True,False,True,True,5,0,False,0,0,0.0,0.0,0.09380320826186715,0.3558442061704331,0.23464787379378227,0.47704053854708395,0.23464787379378227,0.3558442061704331,0.47704053854708395,0.0,0.0,0.0,0.2477368471844537,0.2477368471844537,0.2477368471844537,1.97,4.602165676967792,False,False,False,False,False,False,,,0,0,0,0,0,0,0,0,0,0,0,0
3968,Mosa Meat,https://www.crunchbase.com/organization/mosa-meat,The Netherlands,50.8512438,5.6909768,2016,2.0,True,False,False,False,False,False,True,False,False,False,False,False,False,False,1,1,2,0.0,0.0,2017-12-08,2017-12-08,Venture - Series Unknown,2017,47.0,False,,True,,0.5,4.0,True,,False,,False,,False,,False,,False,,0,0,False,,False,False,,False,,False,,False,,False,,False,,0,,False,,False,True,,False,False,False,False,True,True,True,True,26,0,False,2,0,0.0,0.0,0.09402413760919519,0.46913654764271384,0.43865947941024147,0.4996136158751862,0.43865947941024147,0.46913654764271384,0.4996136158751862,0.0,0.0,0.0,0.16217259717506852,0.16217259717506852,0.16217259717506852,1.97,5.993961427306569,False,True,True,True,True,True,,,0,0,0,0,0,0,0,0,0,0,0,0
3951,Kamoon,https://www.crunchbase.com/organization/kamoon,Belgium,50.8465573,4.351697,2016,3.0,False,True,False,False,True,True,True,False,False,True,False,False,False,False,0,1,1,0.0,0.0,2016-05-25,2016-05-25,Seed,2016,9.0,True,,False,,3.0,2.0,False,,False,,False,,False,,False,,False,,1,0,True,,True,True,,True,,True,,True,,True,,True,,1,,True,,True,True,,False,False,False,False,False,False,True,True,76,0,False,44,6,0.1363636363636363,0.1278333715098848,0.0,0.0,0.0,0.0,0.0,0.0,0.0,0.0,0.0,0.0,0.0,0.0,0.0,1.97,5.303304908059076,False,False,False,False,False,False,,,1,0,1,0,1,0,1,0,1,0,1,0
6480,3D CLICK,https://www.crunchbase.com/organization/3d-click,Spain,41.3825802,2.177073,2016,1.0,True,True,False,False,True,True,True,False,False,True,False,False,False,False,4,1,1,1.0,0.227338,2020-06-10,2020-06-10,Seed,2020,22.0,False,False,True,True,21.0,2.0,False,False,False,False,False,False,False,False,False,False,False,False,0,0,False,False,False,False,False,False,False,False,False,False,False,False,False,False,False,1,1.0,True,True,True,False,False,False,False,False,False,False,False,True,True,87,2,True,227,58,0.2555066079295154,0.2275391627872478,0.0,0.89913636810631,0.89913636810631,0.89913636810631,0.0,0.0,0.0,0.89913636810631,0.89913636810631,0.89913636810631,0.0,0.0,0.0,1.97,6.68586094706836,False,False,False,False,False,False,,,0,0,0,0,0,0,0,0,0,0,0,0
10785,Undersee,https://www.crunchbase.com/organization/undersee,Portugal,40.2111931,-8.4294632,2016,1.0,True,False,False,True,True,False,True,False,False,False,False,True,False,False,3,1,1,1.0,0.0,2019-03-14,2019-03-14,Seed,2019,38.0,False,False,True,True,1.0,0.0,True,True,False,False,True,True,False,False,False,False,False,False,0,0,False,False,False,False,False,False,False,False,False,False,False,False,False,False,False,0,0.0,False,False,False,True,True,False,False,False,False,False,False,True,True,1,0,False,9,1,0.1111111111111111,0.1053605156578263,0.17785466043470477,2.568273762377335,2.568273762377335,2.568273762377335,0.0,0.0,0.0,2.568273762377335,2.568273762377335,2.568273762377335,0.0,0.0,0.0,1.97,3.86702563949741,False,False,False,False,False,False,,,0,0,0,0,0,0,0,0,0,0,0,0
6418,Instamaki,https://www.crunchbase.com/organization/instamaki,Spain,41.3825802,2.177073,2016,1.0,False,True,False,False,False,True,True,False,False,False,False,False,False,False,2,1,2,0.0,0.0,2018-01-12,2018-01-12,Venture - Series Unknown,2018,53.0,True,,False,,2.0,8.5,False,,False,,False,,False,,False,,False,,2,0,True,,True,True,,True,,True,,True,,True,,True,,2,,True,,True,True,,False,False,False,False,False,False,True,True,87,2,True,227,57,0.2511013215859031,0.2240242206798033,0.0,0.0,0.0,0.0,0.0,0.0,0.0,0.0,0.0,0.0,0.0,0.0,0.0,1.97,6.2166061010848646,True,False,True,True,True,True,2019-12-13,3.0,2,0,2,0,2,0,2,0,2,0,2,0
20635,chefmade,https://www.crunchbase.com/organization/chef-made-2439,Denmark,56.1496278,10.2134046,2016,1.0,False,False,False,False,False,False,True,False,False,True,False,False,False,False,2,2,1,0.0,1.828384,2018-02-27,2019-08-12,Seed,2018,3.0,False,,True,,0.5,0.0,False,,False,,False,,False,,False,,False,,0,0,False,,False,False,,False,,False,,False,,False,,False,,2,,True,,True,True,,False,False,False,False,False,False,True,True,7,1,True,27,5,0.1851851851851851,0.1698990367953974,0.1555965689136978,0.1555965689136978,0.1555965689136978,0.1555965689136978,0.1555965689136978,0.1555965689136978,0.1555965689136978,0.0,0.0,0.0,0.0,0.0,0.0,1.97,5.707110264748875,False,False,False,False,False,False,,,0,0,0,0,0,0,0,0,0,0,0,0
11027,Hexafly,https://www.crunchbase.com/organization/hexafly,Ireland,53.7274118,-6.8761704,2016,3.0,True,False,False,False,True,False,True,True,False,False,False,True,False,True,0,6,2,1.0,3.951992,2016-05-01,2022-09-15,Seed,2016,23.0,True,False,True,True,20.6,69.0,True,True,True,True,True,True,False,False,False,False,False,False,0,0,False,False,False,True,False,True,False,False,False,False,False,False,False,False,False,1,0.0,True,False,False,True,False,True,True,True,False,False,False,True,False,2,0,False,0,0,0.0,0.0,0.05849625218796246,4.409351040565113,0.05923616375939184,5.1343701866994,0.05923616375939184,4.119343382111398,5.1343701866994,5.1343701866994,5.1343701866994,5.1343701866994,1.4810546360775994,0.0,5.183691226271597,1.97,5.306285536197214,False,False,False,False,False,False,,,0,0,0,0,0,0,0,0,1,0,1,0
10924,VROMO,https://www.crunchbase.com/organization/vromo,Ireland,53.3436671,-6.2544366,2016,2.0,True,True,False,False,True,False,True,False,False,True,True,False,False,False,3,1,1,0.0,2.506915,2019-12-01,2019-12-01,Series B,2019,49.0,False,,True,,2.0,7.0,False,,False,,True,,False,,False,,True,,0,0,False,,False,False,,False,,False,,False,,False,,False,,0,,False,,False,False,,True,True,True,True,False,False,False,False,34,0,False,131,33,0.2519083969465648,0.2246691046230468,0.0007540886496293537,5.11542168614692,5.11542168614692,5.11542168614692,5.11542168614692,5.11542168614692,5.11542168614692,0.0,0.0,0.0,0.0,0.0,0.0,1.97,5.303304908059076,True,False,True,True,True,True,2024-02-12,8.0,0,0,0,0,0,0,0,0,0,0,0,0
6585,Osigris,https://www.crunchbase.com/organization/osigris,Spain,43.3709703,-8.3959425,2016,1.0,True,False,False,False,False,False,True,False,False,False,False,False,False,False,2,1,1,0.0,0.0,2018-09-29,2018-09-29,Seed,2018,43.0,False,,True,,0.0,0.0,False,,False,,False,,False,,False,,False,,0,0,False,,False,False,,False,,False,,False,,False,,False,,1,,True,,True,False,,False,False,False,False,False,False,True,True,1,0,False,4,0,0.0,0.0,0.5085374167744446,0.5183949216917474,0.5183949216917474,0.5183949216917474,0.5183949216917474,0.5183949216917474,0.5183949216917474,0.0,0.0,0.0,0.0,0.0,0.0,1.97,6.2166061010848646,False,False,False,False,False,False,,,0,0,0,0,0,0,0,0,0,0,0,0
20592,Pantrii,https://www.crunchbase.com/organization/råhandel,Denmark,55.6867243,12.5700724,2016,2.0,False,True,False,False,False,True,True,False,False,False,False,False,False,False,4,1,1,0.0,1.660913,2020-11-17,2020-11-17,Seed,2020,211.0,False,,True,,9.0,13.0,True,,True,,True,,False,,False,,False,,0,0,False,,False,False,,False,,False,,False,,False,,False,,0,,False,,False,True,,False,False,False,False,False,False,True,True,66,2,True,144,38,0.2638888888888889,0.2341933875007947,0.0,0.6216820201847851,0.6216820201847851,0.6216820201847851,0.6216820201847851,0.6216820201847851,0.6216820201847851,0.0,0.0,0.0,0.0,0.0,0.0,1.97,5.707110264748875,False,False,False,False,False,False,,,0,0,0,0,0,0,0,0,0,0,0,0
10578,Agri Marketplace,https://www.crunchbase.com/organization/agri-marketplace,Portugal,38.5241783,-8.8932341,2016,4.0,True,False,False,False,True,True,True,False,True,True,False,False,False,False,3,2,2,1.0,0.77839,2019-03-22,2020-02-24,Seed,2019,215.5,True,False,True,True,8.5,21.5,True,True,False,False,True,True,False,False,False,False,False,False,0,0,False,False,False,True,False,True,False,True,False,True,False,False,False,False,False,1,0.0,True,False,False,True,False,True,True,True,False,False,False,True,False,49,0,False,0,0,0.0,0.0,0.02938882482094954,4.599910279376304,0.039465710118434305,9.16035484863417,0.039465710118434305,0.039465710118434305,0.039465710118434305,9.16035484863417,9.16035484863417,9.16035484863417,9.121156269488532,9.121156269488532,9.121156269488532,1.97,3.86702563949741,False,False,False,False,False,False,,,0,0,0,0,1,0,1,0,1,0,1,0
20154,Thymus,https://www.crunchbase.com/organization/thymus,Italy,45.7795804,10.425873,2016,1.0,False,False,False,False,True,False,True,True,False,False,False,False,False,False,3,1,1,0.0,0.0,2019-10-18,2019-10-18,Pre-Seed,2019,82.0,False,,True,,3.0,7.0,False,,False,,False,,False,,False,,False,,0,0,False,,False,False,,False,,False,,False,,False,,False,,0,,False,,False,False,,True,True,True,True,False,False,False,False,2,0,False,1,0,0.0,0.0,0.1023356932338544,9.618574823335685,9.618574823335685,9.618574823335685,9.618574823335685,9.618574823335685,9.618574823335685,0.0,0.0,0.0,0.0,0.0,0.0,1.97,5.303304908059076,False,False,False,False,False,False,,,0,0,0,0,0,0,0,0,0,0,0,0
8013,GURMEO,https://www.crunchbase.com/organization/gurmeo,Germany,52.510885,13.3989367,2016,2.0,False,True,False,False,False,True,True,False,False,True,False,False,False,True,1,2,1,1.0,0.0,2017-11-01,2017-11-01,Seed,2017,5.0,False,False,True,True,12.0,0.0,False,False,False,False,False,False,False,False,False,False,False,False,0,0,False,False,False,False,False,False,False,False,False,False,False,False,False,False,False,2,2.0,True,True,True,True,True,False,False,False,False,True,True,True,True,171,3,True,495,201,0.406060606060606,0.3407918977657293,0.0,0.503232713780143,0.503232713780143,0.503232713780143,0.0,0.0,0.0,0.503232713780143,0.503232713780143,0.503232713780143,0.0,0.0,0.0,1.97,7.244941546337007,False,False,False,False,False,False,,,0,0,0,0,0,0,0,0,0,0,0,0
19804,I'm Ok,https://www.crunchbase.com/organization/imok,Italy,40.8358846,14.2487679,2016,4.0,True,False,False,False,False,True,True,False,False,True,False,False,False,False,4,1,1,0.0,0.703541,2020-12-01,2020-12-01,Seed,2020,45.0,False,,True,,4.0,2.0,False,,False,,False,,False,,False,,False,,0,0,False,,False,False,,False,,False,,False,,False,,False,,1,,True,,True,True,,False,False,False,False,False,False,True,True,2,0,False,7,0,0.0,0.0,0.6579640257134732,0.6579640257134731,0.6579640257134731,0.6579640257134731,0.6579640257134731,0.6579640257134731,0.6579640257134731,0.0,0.0,0.0,0.0,0.0,0.0,1.97,5.993961427306569,False,False,False,False,False,False,,,0,0,0,0,0,0,0,0,0,0,0,0
8000,Lizza,https://www.crunchbase.com/organization/lizza,Germany,50.0464196,8.6717748,2016,1.0,False,False,False,False,False,False,True,False,False,False,False,False,False,False,0,2,2,2.0,0.0,2016-06-01,2016-06-01,Seed,2016,43.5,False,False,True,True,0.0,7.0,True,True,False,False,False,False,False,False,False,False,False,False,0,0,False,False,False,False,False,False,False,False,False,False,False,False,False,False,False,4,4.0,True,True,True,True,True,False,False,False,False,True,True,True,True,48,0,False,24,11,0.4583333333333333,0.377294231141468,0.2972642548218313,0.2814691411069513,0.135065092364697,0.4278731898492057,0.0,0.0,0.0,0.135065092364697,0.2814691411069513,0.4278731898492057,0.31812897947312974,0.0,0.4771934692096946,1.97,7.244941546337007,True,False,False,True,True,True,2020-01-01,4.0,0,0,0,0,0,0,0,0,0,0,0,0
1296,SENCROP,https://www.crunchbase.com/organization/sencrop,France,50.4442781,3.0335579,2016,2.0,True,False,False,False,False,False,True,False,False,True,False,False,False,False,1,1,3,1.0,1.486285,2017-01-12,2017-01-12,Series B,2017,62.333333333333336,False,False,True,True,11.3,9.0,True,False,True,True,False,False,False,False,False,False,False,False,0,0,False,False,False,False,False,False,False,False,False,False,False,False,False,False,False,3,1.0,True,True,True,True,True,False,False,False,False,False,False,True,True,15,0,False,18,5,0.2777777777777778,0.245122458032985,0.10314483396557551,0.3285077545484821,0.18363419815411663,0.6182548673372129,0.18363419815411663,0.4009445327456648,0.6182548673372129,0.18363419815411663,0.18363419815411663,0.18363419815411663,0.3211036971652571,0.0,0.4816555457478857,1.97,6.803505257608338,True,False,True,True,True,True,2025-01-07,9.0,0,0,0,0,0,0,0,0,0,0,0,0
1338,Chefclub,https://www.crunchbase.com/organization/chefclub,France,48.8534951,2.3483915,2016,3.0,False,True,False,False,False,False,True,False,False,True,True,False,False,False,0,1,1,0.0,0.7,2016-10-01,2016-10-01,Series B,2016,698.0,False,,True,,3.0,104.0,False,,False,,False,,False,,False,,False,,0,0,False,,False,False,,False,,False,,False,,False,,False,,0,,False,,False,True,,False,False,False,False,True,True,True,True,267,4,True,500,176,0.352,0.3015849776207723,0.0006205248203236772,0.8771051733706614,0.8771051733706614,0.8771051733706614,0.8771051733706614,0.8771051733706614,0.8771051733706614,0.0,0.0,0.0,0.0,0.0,0.0,1.97,6.398594934535208,False,False,True,False,True,True,,,0,0,0,0,0,0,0,0,0,0,0,0
20026,Diet to go,https://www.crunchbase.com/organization/diet-to-go,Italy,45.4641943,9.1896346,2016,2.0,False,True,False,False,True,True,True,False,False,False,False,False,False,False,0,2,1,0.0,0.500711,2016-04-15,2017-01-11,Seed,2016,43.0,True,,False,,10.5,12.0,False,,False,,False,,False,,False,,False,,2,0,True,,True,True,,True,,True,,True,,True,,True,,2,,True,,True,True,,False,False,False,False,False,False,True,True,89,1,True,104,22,0.2115384615384615,0.1918910078101053,0.0,0.0,0.0,0.0,0.0,0.0,0.0,0.0,0.0,0.0,0.0,0.0,0.0,1.97,4.35799005684564,True,False,False,True,True,True,2020-12-01,4.0,2,0,2,0,2,0,2,0,2,0,2,0
21800,Augmenta,https://www.crunchbase.com/organization/augmenta-2274,Greece,37.9755648,23.7348324,2016,2.0,True,False,False,False,True,False,True,False,False,True,False,False,False,False,2,2,2,2.0,3.120788,2018-07-17,2019-10-08,Series A,2018,31.0,True,True,True,True,2.3,4.7,False,False,True,True,False,False,False,False,True,True,False,False,2,2,True,True,False,True,True,True,True,True,True,True,True,True,True,True,True,2,2.0,True,True,False,True,True,False,False,False,False,False,False,True,True,13,0,False,29,3,0.1034482758620689,0.0984400728132524,1.2838943575597856,0.6990094463666405,0.0,2.097028339099922,0.0,0.0,0.0,0.0,0.6990094463666405,2.097028339099922,1.398018892733281,0.0,2.097028339099922,1.97,3.456316680883235,True,False,True,True,True,True,2023-03-13,7.0,2,2,2,2,2,2,2,2,2,2,2,2
20130,WAMI - Water with a Mission,https://www.crunchbase.com/organization/wami-water-with-a-mission,Italy,45.4641943,9.1896346,2016,1.0,False,True,False,False,False,True,True,True,False,False,False,False,True,True,1,1,1,0.0,0.0,2017-12-20,2017-12-20,Seed,2017,56.0,True,,False,,4.0,18.0,False,,False,,False,,False,,False,,False,,1,0,True,,True,True,,True,,True,,True,,True,,True,,1,,True,,True,True,,False,False,False,False,False,False,True,True,89,1,True,104,23,0.2211538461538461,0.1997961873172185,0.0,0.0,0.0,0.0,0.0,0.0,0.0,0.0,0.0,0.0,0.0,0.0,0.0,1.97,4.906755163608864,False,False,False,False,False,False,,,1,0,1,0,1,0,1,0,1,0,1,0
20043,FRUITSAPP,https://www.crunchbase.com/organization/fruitsapp,Italy,41.8933203,12.4829321,2016,1.0,True,False,False,False,False,False,True,False,False,True,False,False,False,False,1,1,1,0.0,0.283624,2017-05-01,2017-05-01,Seed,2017,71.0,False,,True,,7.0,2.0,False,,False,,False,,False,,False,,False,,0,0,False,,False,False,,False,,False,,False,,False,,False,,0,,False,,False,False,,False,False,False,False,False,False,True,True,24,1,True,52,6,0.1153846153846153,0.1091992919649919,0.477186331368922,1.116139358028982,1.116139358028982,1.116139358028982,1.116139358028982,1.116139358028982,1.116139358028982,0.0,0.0,0.0,0.0,0.0,0.0,1.97,4.906755163608864,False,False,False,False,False,False,,,0,0,0,0,0,0,0,0,0,0,0,0
20031,Direttoo.it,https://www.crunchbase.com/organization/direttoo,Italy,41.8933203,12.4829321,2016,1.0,True,False,False,False,False,True,True,False,False,True,True,False,False,False,0,2,1,1.0,0.307687,2016-07-06,2017-02-02,Seed,2016,96.0,True,True,False,False,3.5,7.0,False,False,False,False,True,True,False,False,True,True,False,False,2,2,True,True,True,True,True,True,True,True,True,True,True,True,True,True,True,2,2.0,True,True,True,False,False,False,False,False,False,False,False,True,True,24,1,True,52,6,0.1153846153846153,0.1091992919649919,0.477186331368922,0.0,0.0,0.0,0.0,0.0,0.0,0.0,0.0,0.0,0.0,0.0,0.0,1.97,4.35799005684564,False,False,False,False,False,False,,,2,2,2,2,2,2,2,2,2,2,2,2
381,Dailyvery,https://www.crunchbase.com/organization/dailyvery,Poland,52.2319581,21.0067249,2016,1.0,False,True,False,False,True,False,True,False,False,False,False,False,False,False,1,1,1,1.0,0.799721,2017-07-01,2017-07-01,Seed,2017,12.0,False,False,True,True,24.0,0.0,False,False,False,False,False,False,False,False,False,False,False,False,0,0,False,False,False,False,False,False,False,False,False,False,False,False,False,False,False,0,0.0,False,False,False,True,True,False,False,False,False,False,False,True,True,58,0,False,100,14,0.14,0.1310282624064041,0.0,1.1594998570001662,1.1594998570001662,1.1594998570001662,0.0,0.0,0.0,1.1594998570001662,1.1594998570001662,1.1594998570001662,0.0,0.0,0.0,1.97,3.843744164674851,False,False,False,False,False,False,,,0,0,0,0,0,0,0,0,0,0,0,0
388,No Spoilers,https://www.crunchbase.com/organization/stktk,Poland,54.1558708,19.4044583,2016,2.0,True,False,False,False,False,True,True,False,False,True,False,False,False,False,3,1,1,1.0,0.261496,2019-05-01,2019-05-01,Seed,2019,32.0,False,False,True,True,2.0,0.0,True,True,False,False,False,False,False,False,False,False,False,False,0,0,False,False,False,False,False,False,False,False,False,False,False,False,False,False,False,1,1.0,True,True,True,True,True,False,False,False,False,False,False,True,True,1,0,False,0,0,0.0,0.0,0.2390644388313465,0.23906443883134657,0.23906443883134657,0.23906443883134657,0.0,0.0,0.0,0.23906443883134657,0.23906443883134657,0.23906443883134657,0.0,0.0,0.0,1.97,4.619073091157083,False,False,False,False,False,False,,,0,0,0,0,0,0,0,0,0,0,0,0
528,Lunching.pl,https://www.crunchbase.com/organization/lunching-pl,Poland,50.0619474,19.9368564,2016,1.0,True,False,False,False,True,False,True,True,False,False,False,False,False,False,3,1,3,2.0,0.0,2019-06-14,2019-06-14,Seed,2019,19.666666666666668,False,False,True,True,2.3,2.7,False,False,False,False,False,False,True,True,False,False,False,False,0,0,False,False,False,False,False,False,False,False,False,False,False,False,False,False,False,1,1.0,True,True,False,True,True,True,True,False,False,False,False,True,False,13,0,False,41,5,0.1219512195121951,0.1150693297847871,0.25256392777356135,2.5500814726593384,0.25256392777356124,6.407759376325527,6.407759376325527,6.407759376325527,6.407759376325527,0.25256392777356124,0.6212425208262449,0.9899211138789284,4.95305428737234,1.0807239637088346,7.376420540521353,1.97,4.619073091157083,True,False,False,True,True,True,2022-05-05,6.0,0,0,0,0,0,0,0,0,0,0,0,0
390,Plantalux,https://www.crunchbase.com/organization/plantalux,Poland,51.226236,22.4614994,2016,2.0,True,False,False,False,True,True,True,False,False,True,False,False,False,False,2,1,1,1.0,0.79,2018-04-04,2018-04-04,Seed,2018,10.0,False,False,True,True,1.0,0.0,True,True,False,False,False,False,False,False,False,False,False,False,0,0,False,False,False,False,False,False,False,False,False,False,False,False,False,False,False,1,1.0,True,True,True,True,True,False,False,False,False,False,False,True,True,2,0,False,2,0,0.0,0.0,0.1501434481837009,0.1501434481837008,0.1501434481837008,0.1501434481837008,0.0,0.0,0.0,0.1501434481837008,0.1501434481837008,0.1501434481837008,0.0,0.0,0.0,1.97,3.535145354171894,False,False,False,False,False,False,,,0,0,0,0,0,0,0,0,0,0,0,0
8079,Mealsaver,https://www.crunchbase.com/organization/mealsaver,Germany,52.510885,13.3989367,2016,1.0,False,True,False,False,True,False,True,False,False,False,False,False,False,True,0,2,1,0.0,0.0,2016-10-18,2016-10-18,Seed,2016,44.0,False,,True,,6.0,4.0,False,,False,,False,,False,,False,,False,,0,0,False,,False,False,,False,,False,,False,,False,,False,,2,,True,,True,True,,False,False,False,False,True,True,True,True,171,3,True,495,200,0.404040404040404,0.3393540829961017,0.0,0.503232713780143,0.503232713780143,0.503232713780143,0.503232713780143,0.503232713780143,0.503232713780143,0.0,0.0,0.0,0.0,0.0,0.0,1.97,7.244941546337007,True,False,False,True,True,True,2017-05-16,1.0,0,0,0,0,0,0,0,0,0,0,0,0
21627,The Meal Planner,https://www.crunchbase.com/organization/the-meal-planner,Finland,61.4789039,22.5944165,2016,1.0,False,False,False,False,False,False,True,True,False,False,False,False,False,False,1,1,1,1.0,1.175438,2017-08-08,2017-08-08,Seed,2017,154.0,False,False,True,True,34.0,15.0,False,False,False,False,False,False,False,False,False,False,False,False,0,0,False,False,False,False,False,False,False,False,False,False,False,False,False,False,False,1,1.0,True,True,True,True,True,False,False,False,False,False,False,True,True,2,0,False,13,2,0.1538461538461538,0.1431008436406733,0.193545941836843,0.193131491121286,0.193131491121286,0.193131491121286,0.0,0.0,0.0,0.193131491121286,0.193131491121286,0.193131491121286,0.0,0.0,0.0,1.97,5.303304908059076,False,False,False,False,False,False,,,0,0,0,0,0,0,0,0,0,0,0,0
7555,tsenso,https://www.crunchbase.com/organization/tsenso,Germany,48.7784485,9.1800132,2016,4.0,True,False,False,False,True,False,True,False,False,True,False,False,False,False,0,2,3,1.0,0.0,2016-09-12,2016-09-12,Pre-Seed,2016,49.0,False,False,True,True,3.7,178.7,True,False,True,True,True,True,False,False,False,False,False,False,0,0,False,False,False,False,False,False,False,False,False,False,False,False,False,False,False,4,0.0,True,False,False,True,False,True,True,True,False,True,False,True,False,35,0,False,20,5,0.25,0.2231435513142097,0.16317386253745605,2.9784335714464074,0.19047946463028415,8.234380172689496,0.19047946463028415,0.35046027082486275,0.5104410770194413,8.234380172689496,8.234380172689496,8.234380172689496,4.551907562332915,0.0,8.41055354107772,1.97,7.244941546337007,False,False,False,False,False,False,,,0,0,0,0,0,0,0,0,0,0,0,0
1933,GoCater,https://www.crunchbase.com/organization/gocater,France,48.8534951,2.3483915,2016,2.0,False,True,False,False,False,True,True,False,False,False,False,False,False,False,1,1,2,0.0,0.0,2017-11-17,2017-11-17,Seed,2017,19.0,False,,True,,3.5,6.5,False,,False,,False,,False,,False,,False,,0,0,False,,False,False,,False,,False,,False,,False,,False,,0,,False,,False,True,,True,True,False,False,False,False,True,False,267,4,True,500,175,0.35,0.300104592450338,0.0006205248203236772,5.177970141198346,0.6395855089406035,9.71635477345609,0.6395855089406035,5.177970141198346,9.71635477345609,0.0,0.0,0.0,9.719489986403769,9.719489986403769,9.719489986403769,1.97,6.803505257608338,True,False,False,True,True,True,2018-07-23,2.0,0,0,0,0,0,0,0,0,0,0,0,0
7671,Ordercube,https://www.crunchbase.com/organization/ordercube,Germany,48.1371079,11.5753822,2016,2.0,False,True,False,False,False,True,True,False,False,True,False,False,False,False,1,2,2,0.0,0.0,2017-09-09,2017-09-09,Seed,2017,58.0,False,,True,,6.5,266.0,False,,True,,True,,False,,False,,False,,0,0,False,,False,False,,False,,False,,False,,False,,False,,2,,True,,False,True,,True,True,True,False,True,False,True,False,129,2,True,144,52,0.3611111111111111,0.3083013596545166,0.0,4.456893127428931,0.503232713780143,8.41055354107772,0.503232713780143,4.456893127428931,8.41055354107772,0.0,0.0,0.0,5.437244735927047,0.0,8.155867103890571,1.97,7.244941546337007,False,False,False,False,False,False,,,0,0,0,0,0,0,0,0,0,0,0,0
7403,Smunch.co,https://www.crunchbase.com/organization/smunch-co,Germany,52.510885,13.3989367,2016,2.0,False,True,False,False,False,False,True,False,False,False,False,False,False,False,0,2,3,0.0,0.0,2016-09-12,2016-09-12,Series A,2016,49.0,True,,True,,3.7,178.7,True,,True,,True,,False,,False,,False,,2,0,True,,False,True,,True,,True,,True,,True,,True,,4,,True,,False,True,,True,True,True,False,True,False,True,False,171,3,True,495,201,0.406060606060606,0.3407918977657293,0.0,2.886366605890238,0.0,8.155867103890571,0.0,2.886366605890238,8.155867103890571,0.0,0.0,0.0,4.551907562332915,0.0,8.41055354107772,1.97,7.244941546337007,False,False,True,False,True,True,,,2,0,2,0,2,0,2,0,2,0,2,0
20346,Kaffe Bueno,https://www.crunchbase.com/organization/kafe-bueno,Denmark,55.736468,12.5088728,2016,3.0,False,True,False,False,True,False,True,True,False,False,False,False,False,False,4,1,2,0.0,1.2961,2020-10-27,2020-10-27,Series A,2020,114.5,True,,True,,16.0,21.0,True,,False,,False,,False,,False,,False,,1,0,True,,False,True,,True,,True,,True,,True,,True,,1,,True,,False,True,,False,False,False,False,False,False,True,True,66,2,True,148,39,0.2635135135135135,0.2338963430904715,0.0067299315781749955,0.61936693480074,0.003561358375034998,1.235172511226445,0.003561358375034998,0.61936693480074,1.235172511226445,0.0,0.0,0.0,1.2386839397506397,1.2386839397506397,1.2386839397506397,1.97,5.707110264748875,False,False,True,False,True,True,,,1,0,1,0,1,0,1,0,1,0,1,0
21282,Foodello - Fiksuruoka.fi,https://www.crunchbase.com/organization/fiksu-ruoka,Finland,60.83333,26.0,2016,3.0,False,False,False,False,False,True,True,False,False,True,False,False,False,False,4,1,1,0.0,3.479433,2020-02-16,2020-02-16,Venture - Series Unknown,2020,63.0,True,,False,,6.0,4.0,False,,False,,False,,False,,False,,False,,0,0,False,,False,True,,False,,False,,False,,False,,False,,1,,True,,True,True,,False,False,False,False,False,False,True,True,11,0,False,44,9,0.2045454545454545,0.1861022796338606,0.09398058736034391,0.09364994887113248,0.09364994887113248,0.09364994887113248,0.09364994887113248,0.09364994887113248,0.09364994887113248,0.0,0.0,0.0,0.0,0.0,0.0,1.97,5.993961427306569,False,False,True,False,True,True,,,0,0,0,0,0,0,0,0,0,0,1,0
7511,Pottsalat,https://www.crunchbase.com/organization/pottsalat,Germany,51.4582235,7.0158171,2016,3.0,False,False,False,False,True,False,True,False,False,False,False,False,False,True,3,2,1,0.0,0.0,2019-12-09,2019-12-09,Undisclosed,2019,24.0,False,,True,,1.0,2.0,True,,False,,False,,False,,False,,False,,0,0,False,,False,False,,False,,False,,False,,False,,False,,2,,True,,True,False,,False,False,False,False,True,True,True,True,30,0,False,1,0,0.0,0.0,0.17763477524829596,0.18478159988215925,0.18478159988215925,0.18478159988215925,0.18478159988215925,0.18478159988215925,0.18478159988215925,0.0,0.0,0.0,0.0,0.0,0.0,1.97,7.650168700845001,False,False,False,False,False,False,,,0,0,0,0,0,0,0,0,0,0,0,0
7507,Oculyze,https://www.crunchbase.com/organization/oculyze,Germany,52.3214429,13.6348744,2016,4.0,True,False,False,False,True,False,True,True,False,True,False,False,False,False,0,2,1,1.0,1.960992,2016-11-27,2016-11-27,Series A,2016,57.0,True,True,False,False,23.0,6.0,False,False,False,False,False,False,False,False,False,False,False,False,0,0,False,False,False,True,True,True,True,True,True,False,False,False,False,False,False,2,2.0,True,True,True,False,False,False,False,False,False,True,True,True,True,171,0,False,2,0,0.0,0.0,0.026453269596305153,0.04008165550020187,0.04008165550020187,0.04008165550020187,0.0,0.0,0.0,0.04008165550020187,0.04008165550020187,0.04008165550020187,0.0,0.0,0.0,1.97,7.244941546337007,False,False,True,False,True,True,,,0,0,0,0,0,0,2,2,2,2,2,2
7841,Runtime,https://www.crunchbase.com/organization/runtime,Germany,52.510885,13.3989367,2016,1.0,False,True,False,False,False,True,True,True,False,False,True,False,False,False,2,2,2,1.0,0.0,2018-03-16,2018-03-16,Series A,2018,84.5,False,False,True,True,3.5,6.0,True,True,False,False,False,False,False,False,False,False,False,False,0,0,False,False,False,False,False,False,False,False,False,False,False,False,False,False,False,2,0.0,True,False,False,False,False,True,True,True,False,True,False,True,False,171,3,True,495,201,0.406060606060606,0.3407918977657293,0.0,4.772635445281569,0.43989178726606465,9.105379103297077,0.43989178726606465,0.43989178726606465,0.43989178726606465,9.105379103297077,9.105379103297077,9.105379103297077,6.101781713664687,0.0,9.15267257049703,1.97,7.244941546337007,False,False,True,False,True,True,,,0,0,0,0,0,0,0,0,0,0,0,0
1566,Seaver,https://www.crunchbase.com/organization/seaver,France,48.8534951,2.3483915,2016,2.0,True,True,False,False,False,True,True,False,False,True,False,False,False,False,1,1,2,0.0,2.13327,2017-11-29,2017-11-29,Venture - Series Unknown,2017,63.0,False,,True,,7.5,6.5,False,,False,,False,,False,,False,,False,,0,0,False,,False,False,,False,,False,,False,,False,,False,,2,,True,,True,False,,False,False,False,False,False,False,True,True,267,4,True,500,176,0.352,0.3015849776207723,0.0006205248203236772,0.25277003330888465,0.19741159903105993,0.30812846758670936,0.19741159903105993,0.25277003330888465,0.30812846758670936,0.0,0.0,0.0,0.1580160492398552,0.1580160492398552,0.1580160492398552,1.97,6.803505257608338,False,False,True,False,True,True,,,0,0,0,0,0,0,0,0,0,0,0,0
1586,Monbanquet,https://www.crunchbase.com/organization/monbanquet-fr,France,48.8534951,2.3483915,2016,3.0,True,True,False,False,True,True,True,False,False,False,False,False,False,False,0,1,1,0.0,0.55926,2016-06-01,2016-06-01,Series A,2016,92.0,True,,False,,6.0,25.0,False,,False,,False,,False,,False,,False,,1,0,True,,True,True,,True,,True,,True,,True,,True,,1,,True,,True,True,,False,False,False,False,False,False,True,True,267,4,True,500,175,0.35,0.300104592450338,0.0006205248203236772,0.0,0.0,0.0,0.0,0.0,0.0,0.0,0.0,0.0,0.0,0.0,0.0,1.97,6.398594934535208,True,False,True,True,True,True,2020-01-06,4.0,1,0,1,0,1,0,1,0,1,0,1,0
1510,Karnott,https://www.crunchbase.com/organization/karnott,France,50.4442781,3.0335579,2016,2.0,True,False,False,False,False,False,True,False,False,False,False,False,False,False,1,1,1,0.0,1.227046,2017-05-17,2017-05-17,Venture - Series Unknown,2017,26.0,False,,True,,0.0,3.0,False,,False,,False,,False,,False,,False,,0,0,False,,False,False,,False,,False,,False,,False,,False,,1,,True,,True,True,,False,False,False,False,False,False,True,True,15,0,False,18,6,0.3333333333333333,0.2876820724517809,0.10314483396557551,0.18363419815411663,0.18363419815411663,0.18363419815411663,0.18363419815411663,0.18363419815411663,0.18363419815411663,0.0,0.0,0.0,0.0,0.0,0.0,1.97,6.803505257608338,False,False,True,False,True,True,,,0,0,0,0,0,0,0,0,0,0,0,0
7736,flaschenpost,https://www.crunchbase.com/organization/flaschenpost,Germany,51.9625101,7.6251879,2016,2.0,False,False,False,False,True,True,True,False,False,False,False,False,False,False,1,2,1,1.0,0.0,2017-06-01,2017-06-01,Series D,2017,10.0,False,False,True,True,0.0,3.0,False,False,False,False,False,False,False,False,False,False,False,False,0,0,False,False,False,False,False,False,False,False,False,False,False,False,False,False,False,2,2.0,True,True,True,True,True,False,False,False,False,True,True,True,True,6,0,False,4,1,0.25,0.2231435513142097,0.1918736231113386,0.39775708946801297,0.39775708946801297,0.39775708946801297,0.0,0.0,0.0,0.39775708946801297,0.39775708946801297,0.39775708946801297,0.0,0.0,0.0,1.97,7.244941546337007,True,True,True,True,True,True,2020-11-02,4.0,0,0,0,0,0,0,0,0,0,0,0,0
1763,Epicery,https://www.crunchbase.com/organization/epicery,France,48.8534951,2.3483915,2016,2.0,False,True,False,False,True,True,True,False,False,False,True,False,False,False,0,1,1,0.0,2.246308,2016-09-09,2016-09-09,Series A,2016,67.0,True,,False,,3.0,7.0,False,,False,,False,,False,,False,,False,,1,0,True,,True,True,,True,,True,,True,,True,,True,,1,,True,,True,True,,False,False,False,False,False,False,True,True,267,4,True,500,175,0.35,0.300104592450338,0.0006205248203236772,0.0,0.0,0.0,0.0,0.0,0.0,0.0,0.0,0.0,0.0,0.0,0.0,1.97,6.398594934535208,True,False,True,True,True,True,2021-09-16,5.0,1,0,1,0,1,0,1,0,1,0,1,0
1826,Aveine,https://www.crunchbase.com/organization/aveine,France,48.8534951,2.3483915,2016,1.0,False,True,False,False,False,True,True,False,False,True,False,False,True,False,3,1,1,1.0,0.0015,2019-02-04,2019-02-04,Seed,2019,156.0,True,True,False,False,11.0,34.0,False,False,False,False,False,False,False,False,False,False,False,False,1,1,True,True,True,True,True,True,True,True,True,True,True,True,True,True,True,1,1.0,True,True,True,True,True,False,False,False,False,False,False,True,True,267,4,True,500,176,0.352,0.3015849776207723,0.0006205248203236772,0.0,0.0,0.0,0.0,0.0,0.0,0.0,0.0,0.0,0.0,0.0,0.0,1.97,7.378383712996715,False,False,False,False,False,False,,,1,1,1,1,1,1,1,1,1,1,1,1
7795,NOMOO,https://www.crunchbase.com/organization/nomoo,Germany,50.938361,6.959974,2016,1.0,False,False,False,False,True,False,True,False,False,False,False,False,False,False,3,2,2,0.0,0.0,2019-04-30,2019-04-30,Series A,2019,1.0,True,,True,,0.0,0.0,True,,False,,False,,False,,False,,False,,0,0,False,,False,True,,True,,False,,False,,False,,False,,4,,True,,True,True,,False,False,False,False,True,True,True,True,54,0,False,43,12,0.2790697674418604,0.2461330695389084,0.1832177169298696,0.25689100000921655,0.057936875003929585,0.4558451250145035,0.057936875003929585,0.25689100000921655,0.4558451250145035,0.0,0.0,0.0,0.32882837916726587,0.0,0.4932425687508989,1.97,7.650168700845001,False,False,True,False,True,True,,,0,0,0,0,0,0,0,0,2,0,2,0
13270,Whey Box,https://www.crunchbase.com/organization/whey-box,United Kingdom,53.7435722,-0.3394758,2016,4.0,False,False,False,False,True,True,True,True,False,False,False,False,False,False,1,1,1,1.0,0.336926,2017-09-25,2017-09-25,Seed,2017,7.0,False,False,True,True,28.0,2.0,False,False,False,False,False,False,False,False,False,False,False,False,0,0,False,False,False,False,False,False,False,False,False,False,False,False,False,False,False,0,0.0,False,False,False,True,True,False,False,False,False,False,False,True,True,0,0,False,2,0,0.0,0.0,0.12908934291938184,1.5022311606447831,1.5022311606447831,1.5022311606447831,0.0,0.0,0.0,1.5022311606447831,1.5022311606447831,1.5022311606447831,0.0,0.0,0.0,1.97,7.696667081526462,False,False,False,False,False,False,,,0,0,0,0,0,0,0,0,0,0,0,0
13255,Phytoponics,https://www.crunchbase.com/organization/phytoponics,United Kingdom,52.4143113,-4.0816846,2016,2.0,True,False,False,False,True,False,True,False,False,False,False,False,False,False,2,1,1,0.0,1.281977,2018-10-16,2018-10-16,Seed,2018,5.0,False,,True,,4.0,0.0,False,,False,,False,,False,,False,,False,,0,0,False,,False,False,,False,,False,,False,,False,,False,,1,,True,,True,False,,False,False,False,False,False,False,True,True,0,0,False,0,0,0.0,0.0,0.17078307933966586,0.12074998874905192,0.12074998874905192,0.12074998874905192,0.12074998874905192,0.12074998874905192,0.12074998874905192,0.0,0.0,0.0,0.0,0.0,0.0,1.97,7.696667081526462,False,False,False,False,False,False,,,0,0,0,0,0,0,0,0,0,0,0,0
13232,My Baker,https://www.crunchbase.com/organization/my-baker,United Kingdom,51.4893335,-0.1440551,2016,3.0,False,True,False,False,False,True,True,False,False,False,False,False,False,True,1,2,2,0.0,0.235183,2017-03-01,2018-04-01,Seed,2017,22.5,True,,False,,6.0,0.0,False,,False,,False,,False,,False,,False,,2,0,True,,True,True,,True,,True,,True,,True,,True,,2,,True,,True,True,,False,False,False,False,False,False,True,True,643,5,True,1628,418,0.2567567567567567,0.2285343999490861,0.004639509600861782,0.0,0.0,0.0,0.0,0.0,0.0,0.0,0.0,0.0,0.0,0.0,0.0,1.97,7.696667081526462,False,False,False,False,False,False,,,2,0,2,0,2,0,2,0,2,0,2,0
13222,Millo,https://www.crunchbase.com/organization/millo,United Kingdom,52.2055314,0.1186637,2016,3.0,False,True,False,False,False,False,True,True,False,False,False,False,False,False,1,2,2,1.0,1.580103,2017-06-07,2019-06-07,Seed,2017,22.0,False,False,True,True,5.5,0.5,True,False,True,False,False,False,False,False,False,False,False,False,0,0,False,False,False,False,False,False,False,False,False,False,False,False,False,False,False,0,0.0,False,False,False,False,False,True,True,True,False,False,False,True,False,20,1,True,69,22,0.3188405797101449,0.2767530019195906,0.0,3.621286720225587,1.679791325151184,5.56278211529999,5.56278211529999,5.56278211529999,5.56278211529999,1.679791325151184,1.679791325151184,1.679791325151184,6.953312848848014,6.953312848848014,6.953312848848014,1.97,7.696667081526462,False,False,False,False,False,False,,,0,0,0,0,0,0,0,0,0,0,0,0
11932,Piavita,https://www.crunchbase.com/organization/piavita-ag,Switzerland,47.3744489,8.5410422,2016,2.0,True,True,False,False,False,True,True,True,False,True,False,False,False,True,0,1,2,0.0,1.031825,2016-06-24,2016-06-24,Series A,2016,121.0,True,,False,,12.5,14.5,False,,True,,False,,False,,False,,False,,1,0,True,,False,True,,True,,True,,True,,True,,True,,2,,True,,True,True,,False,False,False,False,True,True,True,True,123,2,True,81,26,0.3209876543209876,0.2783796797894673,0.0,0.011513301701791337,0.0,0.023026603403582674,0.0,0.011513301701791337,0.023026603403582674,0.0,0.0,0.0,0.023026603403582674,0.023026603403582674,0.023026603403582674,1.97,5.707110264748875,False,False,True,False,True,True,,,1,0,2,0,2,0,2,0,2,0,2,0
13327,Apparier,https://www.crunchbase.com/organization/apparier,United Kingdom,51.5061349,-0.1011379,2016,2.0,False,True,False,False,False,False,True,False,False,False,False,False,False,False,0,1,3,0.0,0.12,2016-09-12,2016-09-12,Seed,2016,49.0,False,,True,,3.7,178.7,True,,True,,True,,False,,False,,False,,0,0,False,,False,False,,False,,False,,False,,False,,False,,0,,False,,False,True,,True,True,True,False,True,False,True,False,643,5,True,1628,418,0.2567567567567567,0.2285343999490861,0.0012295909230211678,3.1266823990489554,0.9162731497139968,7.5344158259070575,0.9162731497139968,3.1266823990489554,7.5344158259070575,0.0,0.0,0.0,5.689884452916144,0.503232713780143,8.41055354107772,1.97,6.803505257608338,False,False,False,False,False,False,,,0,0,0,0,0,0,0,0,0,0,0,0
13284,Farmstand,https://www.crunchbase.com/organization/farmstand-limited,United Kingdom,51.4893335,-0.1440551,2016,1.0,False,True,False,False,True,False,True,True,False,False,False,True,False,True,4,3,5,0.0,0.0,2020-10-20,2022-10-19,Pre-Seed,2020,133.25,True,,True,,9.0,48.0,True,,True,,True,,False,,True,,False,,2,0,True,,False,True,,True,,True,,True,,True,,True,,2,,True,,False,True,,True,True,True,False,True,False,True,False,643,5,True,1628,418,0.2567567567567567,0.2285343999490861,0.004639509600861782,2.229658177891703,0.0,8.616713337577476,0.0,2.229658177891703,8.616713337577476,0.0,0.0,0.0,4.236667246266196,0.0,9.362026540896341,1.97,7.901377353792616,False,False,False,False,False,False,,,2,0,2,0,2,0,2,0,2,0,2,0
13283,Xihelm,https://www.crunchbase.com/organization/xihelm,United Kingdom,51.4893335,-0.1440551,2016,1.0,True,True,False,False,True,True,True,False,False,True,False,False,False,False,0,2,2,0.0,0.013304,2016-09-08,2019-10-09,Series A,2016,181.5,True,,False,,5.5,20.0,False,,True,,True,,False,,False,,False,,2,0,True,,True,True,,True,,True,,True,,True,,True,,2,,True,,True,True,,False,False,False,False,False,False,True,True,643,5,True,1628,418,0.2567567567567567,0.2285343999490861,0.004639509600861782,0.0,0.0,0.0,0.0,0.0,0.0,0.0,0.0,0.0,0.0,0.0,0.0,1.97,6.803505257608338,False,False,True,False,True,True,,,2,0,2,0,2,0,2,0,2,0,2,0
13277,IntelligentX,https://www.crunchbase.com/organization/intelligentx,United Kingdom,51.4893335,-0.1440551,2016,2.0,False,True,False,False,True,False,True,False,False,True,False,False,False,True,0,1,1,0.0,0.0,2016-10-03,2016-10-03,Pre-Seed,2016,0.0,False,,True,,10.0,527.0,False,,True,,True,,False,,False,,False,,0,0,False,,False,False,,False,,False,,False,,False,,False,,0,,False,,False,False,,True,True,True,True,False,False,False,False,643,5,True,1628,418,0.2567567567567567,0.2285343999490861,0.004639509600861782,7.533167020908819,7.533167020908819,7.533167020908819,7.533167020908819,7.533167020908819,7.533167020908819,0.0,0.0,0.0,0.0,0.0,0.0,1.97,6.803505257608338,False,False,False,False,False,False,,,0,0,0,0,0,0,0,0,0,0,0,0
13289,Meal IQ,https://www.crunchbase.com/organization/meal-iq,United Kingdom,51.4893335,-0.1440551,2016,1.0,False,True,False,False,False,True,True,False,False,True,False,False,False,False,3,1,1,0.0,0.0,2019-02-04,2019-02-04,Pre-Seed,2019,0.0,False,,True,,13.0,527.0,False,,True,,True,,False,,False,,False,,0,0,False,,False,False,,False,,False,,False,,False,,False,,0,,False,,False,False,,True,True,True,True,False,False,False,False,643,5,True,1628,418,0.2567567567567567,0.2285343999490861,0.004639509600861782,7.533167020908819,7.533167020908819,7.533167020908819,7.533167020908819,7.533167020908819,7.533167020908819,0.0,0.0,0.0,0.0,0.0,0.0,1.97,8.006700845440367,False,False,False,False,False,False,,,0,0,0,0,0,0,0,0,0,0,0,0
13304,Nexyst360,https://www.crunchbase.com/organization/nexyst360,United Kingdom,51.4893335,-0.1440551,2016,1.0,True,True,False,False,True,False,True,False,False,False,False,False,False,False,4,1,1,1.0,0.0,2020-02-14,2020-02-14,Pre-Seed,2020,135.0,False,False,True,True,13.0,10.0,True,True,False,False,False,False,False,False,False,False,False,False,0,0,False,False,False,False,False,False,False,False,False,False,False,False,False,False,False,0,0.0,False,False,False,False,False,True,True,True,True,False,False,False,False,643,5,True,1628,418,0.2567567567567567,0.2285343999490861,0.004639509600861782,7.0247078882690746,7.0247078882690746,7.0247078882690746,0.0,0.0,0.0,7.0247078882690746,7.0247078882690746,7.0247078882690746,0.0,0.0,0.0,1.97,7.901377353792616,False,False,False,False,False,False,,,0,0,0,0,0,0,0,0,0,0,0,0
13299,Redi,https://www.crunchbase.com/organization/redi-2,United Kingdom,51.4893335,-0.1440551,2016,3.0,False,True,False,False,False,True,True,False,False,True,False,False,False,False,1,1,1,0.0,0.985709,2017-08-03,2017-08-03,Seed,2017,2.0,False,,True,,0.0,0.0,False,,False,,False,,False,,False,,False,,0,0,False,,False,False,,False,,False,,False,,False,,False,,0,,False,,False,False,,True,True,False,False,False,False,False,False,643,5,True,1628,418,0.2567567567567567,0.2285343999490861,0.004639509600861782,0.28246403733791525,0.28246403733791525,0.28246403733791525,0.28246403733791525,0.28246403733791525,0.28246403733791525,0.0,0.0,0.0,0.0,0.0,0.0,1.97,7.696667081526462,False,False,False,False,False,False,,,0,0,0,0,0,0,0,0,0,0,0,0
13120,EBar,https://www.crunchbase.com/organization/ebar-initiatives-ltd,United Kingdom,57.1426487,-2.0976346,2016,2.0,True,False,False,False,False,True,True,False,False,False,True,False,False,False,2,2,2,1.0,2.526693,2018-06-08,2021-07-22,Equity Crowdfunding,2018,108.33333333333331,False,False,True,True,9.0,7.3,False,False,False,False,False,False,False,False,False,False,False,False,0,0,False,False,False,False,False,False,False,False,False,False,False,False,False,False,False,3,1.0,True,True,True,True,True,False,False,False,False,False,False,True,True,1,0,False,1,0,0.0,0.0,0.40743139733901984,0.6411935697638845,0.6411935697638845,0.6411935697638845,0.6411935697638845,0.6411935697638845,0.6411935697638845,0.6411935697638845,0.6411935697638845,0.6411935697638845,0.0,0.0,0.0,1.97,7.696667081526462,False,False,False,False,False,False,,,0,0,0,0,0,0,0,0,0,0,0,0
13040,Mootral,https://www.crunchbase.com/organization/mootral,United Kingdom,51.7299485,-3.1359867,2016,3.0,True,False,False,False,True,False,True,True,False,False,False,False,False,False,3,3,15,3.0,9.0,2019-01-01,2022-01-01,Series A,2019,59.75,False,False,True,True,5.0,19.7,True,True,True,True,True,False,True,False,True,False,False,False,0,0,False,False,False,False,False,False,False,False,False,False,False,False,False,False,False,1,0.0,True,False,False,True,False,True,True,True,False,True,False,True,False,12,0,False,0,0,0.0,0.0,0.12933665047072954,6.909239850702287,0.2083143146635224,8.581970745711882,0.2083143146635224,7.195226039127709,8.581970745711882,0.913539740974632,5.574637638050324,8.45343150361728,3.0897411600473523,0.0,9.495356004485648,1.97,8.006700845440367,False,False,True,False,True,True,,,0,0,0,0,0,0,0,0,0,0,0,0
13041,Qkine,https://www.crunchbase.com/organization/qkine,United Kingdom,52.2055314,0.1186637,2016,2.0,True,True,False,False,True,False,True,True,False,False,False,False,False,False,2,2,2,1.0,0.696501,2018-05-02,2019-06-03,Series B,2018,99.0,True,True,False,False,11.7,12.7,False,False,False,False,False,False,False,False,False,False,False,False,2,2,True,True,False,True,True,True,True,True,True,True,True,True,True,True,True,3,2.0,True,True,True,True,True,False,False,False,False,False,False,True,True,20,1,True,69,22,0.3188405797101449,0.2767530019195906,0.0,0.027218857523578468,0.0,0.0816565725707354,0.0816565725707354,0.0816565725707354,0.0816565725707354,0.0,0.0,0.0,0.054437715047156936,0.0,0.0816565725707354,1.97,7.696667081526462,False,False,True,False,True,True,,,2,2,2,2,2,2,2,2,2,2,3,2
13127,GROUNDED,https://www.crunchbase.com/organization/grounded,United Kingdom,51.4893335,-0.1440551,2016,1.0,False,True,False,False,False,False,True,False,False,False,False,True,False,False,3,3,5,1.0,0.78,2019-01-10,2022-12-09,Venture - Series Unknown,2019,140.16666666666666,False,False,True,True,7.8,5.5,True,False,False,False,True,False,False,False,False,False,False,False,0,0,False,False,False,False,False,False,False,False,False,False,False,False,False,False,False,1,0.0,True,False,False,True,True,True,True,True,False,True,False,True,False,643,5,True,1628,418,0.2567567567567567,0.2285343999490861,0.004639509600861782,6.365153873461789,0.16007841429695,16.905322508871333,0.16007841429695,7.482939311803783,16.905322508871333,0.7762266817518254,0.7762266817518254,0.7762266817518254,9.512840195240233,0.0,16.932347521346962,1.97,8.006700845440367,False,False,True,False,True,True,,,0,0,0,0,0,0,0,0,0,0,0,0
13095,Feedr,https://www.crunchbase.com/organization/feedr,United Kingdom,51.4893335,-0.1440551,2016,1.0,False,True,False,False,True,True,True,False,False,True,False,False,False,False,2,1,1,1.0,1.918134,2018-11-20,2018-11-20,Seed,2018,67.0,True,True,False,False,5.0,8.0,False,False,False,False,False,False,False,False,False,False,False,False,1,1,True,True,True,True,True,True,True,True,True,True,True,True,True,True,True,1,1.0,True,True,True,True,True,False,False,False,False,False,False,True,True,643,5,True,1628,417,0.2561425061425061,0.2280455219144165,0.004639509600861782,0.0,0.0,0.0,0.0,0.0,0.0,0.0,0.0,0.0,0.0,0.0,0.0,1.97,7.696667081526462,True,False,False,True,True,True,2023-02-07,7.0,1,1,1,1,1,1,1,1,1,1,1,1
13195,Vertical Future,https://www.crunchbase.com/organization/vertical-future,United Kingdom,51.4893335,-0.1440551,2016,2.0,True,True,False,False,False,False,True,False,False,True,False,False,False,False,3,1,1,0.0,6.237427,2019-10-08,2019-10-08,Series A,2019,13.0,False,,True,,19.0,6.0,False,,False,,False,,False,,False,,False,,0,0,False,,False,False,,False,,False,,False,,False,,False,,1,,True,,True,True,,False,False,False,False,False,False,True,True,643,5,True,1628,417,0.2561425061425061,0.2280455219144165,0.004639509600861782,0.2630580556465361,0.2630580556465361,0.2630580556465361,0.2630580556465361,0.2630580556465361,0.2630580556465361,0.0,0.0,0.0,0.0,0.0,0.0,1.97,8.006700845440367,False,True,True,True,True,True,,,0,0,0,0,0,0,0,0,0,0,0,0
13153,Tropic Biosciences,https://www.crunchbase.com/organization/tropic-biosciences,United Kingdom,51.4893335,-0.1440551,2016,4.0,True,True,False,False,True,False,True,True,False,False,False,False,False,False,1,1,2,1.0,0.0,2017-06-01,2017-06-01,Series C,2017,123.0,True,True,False,False,8.0,14.5,False,False,False,False,False,False,False,False,False,False,False,False,1,0,True,False,False,True,True,True,False,True,False,True,False,True,False,True,False,2,1.0,True,True,True,True,True,False,False,False,False,False,False,True,True,643,5,True,1628,417,0.2561425061425061,0.2280455219144165,0.004639509600861782,0.04012807612720868,0.0,0.08025615225441736,0.0,0.0,0.0,0.08025615225441736,0.08025615225441736,0.08025615225441736,0.08025615225441736,0.08025615225441736,0.08025615225441736,1.97,7.696667081526462,False,True,True,True,True,True,,,1,0,1,0,1,0,1,0,1,0,2,1
13164,The Vurger Co.,https://www.crunchbase.com/organization/the-vurger-co,United Kingdom,51.4893335,-0.1440551,2016,2.0,False,True,False,False,False,False,True,False,False,False,False,False,False,False,3,2,3,1.0,0.0,2019-10-30,2020-04-01,Seed,2019,33.0,True,True,True,False,2.3,2.7,True,True,False,False,False,False,False,False,False,False,False,False,1,1,True,True,False,True,True,True,True,True,True,True,True,True,True,True,True,1,1.0,True,True,False,True,True,False,False,False,False,True,False,True,True,643,5,True,1628,418,0.2567567567567567,0.2285343999490861,0.004639509600861782,0.5127683555729473,0.0,0.7762266817518254,0.7620783849670164,0.7691525333594209,0.7762266817518254,0.0,0.0,0.0,0.5668258879646367,0.16217259717506852,0.7762266817518254,1.97,8.006700845440367,False,False,False,False,False,False,,,1,1,1,1,1,1,1,1,1,1,1,1
13174,SENS Foods,https://www.crunchbase.com/organization/sens-foods,United Kingdom,51.4893335,-0.1440551,2016,2.0,False,True,False,False,False,False,True,False,False,False,False,True,False,False,0,2,3,2.0,2.100384,2016-12-01,2019-11-14,Seed,2016,35.25,False,False,True,True,3.2,3.8,False,False,False,False,False,False,False,False,False,False,False,False,0,0,False,False,False,False,False,False,False,False,False,False,False,False,False,False,False,0,0.0,False,False,False,True,True,False,False,False,False,False,False,True,True,643,5,True,1628,418,0.2567567567567567,0.2285343999490861,0.004639509600861782,1.0364103703773473,1.0364103703773473,1.0364103703773473,1.0364103703773473,1.0364103703773473,1.0364103703773473,1.0364103703773473,1.0364103703773473,1.0364103703773473,0.0,0.0,0.0,1.97,6.803505257608338,False,False,False,False,False,False,,,0,0,0,0,0,0,0,0,0,0,0,0
12976,AllPlants,https://www.crunchbase.com/organization/allplants,United Kingdom,51.4893335,-0.1440551,2016,2.0,True,True,False,False,True,False,True,True,False,False,False,False,False,False,1,2,3,2.0,7.001027,2017-05-17,2020-01-01,Venture - Series Unknown,2017,113.0,True,True,False,False,5.3,13.3,False,False,False,False,False,False,False,False,False,False,False,False,3,2,True,True,True,True,True,True,True,True,True,True,True,True,True,True,True,3,2.0,True,True,True,True,True,False,False,False,False,False,False,True,True,643,5,True,1628,417,0.2561425061425061,0.2280455219144165,0.004639509600861782,0.0,0.0,0.0,0.0,0.0,0.0,0.0,0.0,0.0,0.0,0.0,0.0,1.97,7.696667081526462,False,True,True,True,True,True,,,3,2,3,2,3,2,3,2,3,2,3,2
13325,NextChef,https://www.crunchbase.com/organization/nextchef,United Kingdom,51.4893335,-0.1440551,2016,2.0,True,True,False,False,False,False,True,False,False,True,False,False,False,False,0,1,1,0.0,0.084085,2016-10-05,2016-10-05,Seed,2016,422.0,True,,False,,9.0,74.0,False,,False,,True,,False,,True,,False,,1,0,True,,True,True,,True,,True,,True,,True,,True,,1,,True,,True,True,,False,False,False,False,False,False,True,True,643,5,True,1628,418,0.2567567567567567,0.2285343999490861,0.004639509600861782,0.0,0.0,0.0,0.0,0.0,0.0,0.0,0.0,0.0,0.0,0.0,0.0,1.97,6.803505257608338,False,False,False,False,False,False,,,1,0,1,0,1,0,1,0,1,0,1,0
11731,SwissDeCode,https://www.crunchbase.com/organization/swissdecode,Switzerland,46.5349093,6.5928442,2016,2.0,True,True,False,False,True,False,True,True,False,False,False,True,False,False,3,1,2,0.0,0.0,2019-01-30,2019-01-30,Series A,2019,20.0,True,,True,,2.5,3.5,True,,False,,False,,False,,False,,False,,0,0,False,,False,True,,True,,True,,True,,True,,False,,1,,True,,False,False,,True,True,False,False,True,False,True,False,15,1,True,24,5,0.2083333333333333,0.1892419996385283,0.0033784471203716724,4.738154686690473,0.027094941629807454,9.449214431751136,0.027094941629807454,4.738154686690473,9.449214431751136,0.0,0.0,0.0,9.459536241862569,9.459536241862569,9.459536241862569,1.97,5.993961427306569,False,False,True,False,True,True,,,0,0,1,0,1,0,1,0,1,0,1,0
13441,Cookoo,https://www.crunchbase.com/organization/cookoo-3,United Kingdom,51.4893335,-0.1440551,2016,1.0,False,True,False,False,True,False,True,False,False,False,False,False,True,False,0,1,2,0.0,0.0,2016-01-01,2016-01-01,Seed,2016,106.0,True,,True,,2.0,18.0,False,,False,,False,,False,,False,,False,,1,0,True,,False,True,,True,,True,,True,,True,,True,,1,,True,,False,True,,True,True,True,False,False,False,True,False,643,5,True,1628,418,0.2567567567567567,0.2285343999490861,0.004639509600861782,2.785139038624521,0.0,5.570278077249042,0.0,2.785139038624521,5.570278077249042,0.0,0.0,0.0,5.570278077249042,5.570278077249042,5.570278077249042,1.97,6.803505257608338,False,False,False,False,False,False,,,1,0,1,0,1,0,1,0,1,0,1,0
13451,EatUpp,https://www.crunchbase.com/organization/eatupp-com,United Kingdom,51.4893335,-0.1440551,2016,3.0,False,True,False,False,True,True,True,False,False,False,False,False,False,False,1,1,1,1.0,0.0,2017-01-01,2017-01-01,Seed,2017,46.0,True,True,False,False,5.0,20.0,False,False,False,False,False,False,False,False,False,False,False,False,1,1,True,True,True,True,True,True,True,True,True,True,True,True,True,True,True,1,1.0,True,True,True,True,True,False,False,False,False,False,False,True,True,643,5,True,1628,418,0.2567567567567567,0.2285343999490861,0.004639509600861782,0.0,0.0,0.0,0.0,0.0,0.0,0.0,0.0,0.0,0.0,0.0,0.0,1.97,7.696667081526462,False,False,False,False,False,False,,,1,1,1,1,1,1,1,1,1,1,1,1
13430,Evermore Health,https://www.crunchbase.com/organization/evermore-foods,United Kingdom,51.4893335,-0.1440551,2016,1.0,False,True,False,False,False,False,True,True,False,False,False,False,False,True,1,1,1,0.0,0.0,2017-01-10,2017-01-10,Seed,2017,127.0,True,,False,,4.0,16.0,False,,False,,False,,False,,False,,False,,1,0,True,,True,True,,True,,True,,True,,True,,True,,1,,True,,True,True,,False,False,False,False,False,False,True,True,643,5,True,1628,418,0.2567567567567567,0.2285343999490861,0.004639509600861782,0.0,0.0,0.0,0.0,0.0,0.0,0.0,0.0,0.0,0.0,0.0,0.0,1.97,7.696667081526462,False,False,False,False,False,False,,,1,0,1,0,1,0,1,0,1,0,1,0
12918,Different Dog,https://www.crunchbase.com/organization/different-dog,United Kingdom,52.707755,-2.7540658,2016,2.0,False,False,False,False,False,True,True,True,False,False,False,False,False,False,3,2,2,0.0,0.0,2019-02-01,2020-01-01,Venture - Series Unknown,2019,15.0,False,,True,,8.5,0.5,False,,False,,False,,False,,True,,False,,0,0,False,,False,False,,False,,False,,False,,False,,False,,1,,True,,False,False,,True,True,False,False,False,False,True,False,2,0,False,0,0,0.0,0.0,0.09229674047311832,5.57022544929525,0.14020874909992034,11.00024214949058,0.14020874909992034,5.57022544929525,11.00024214949058,0.0,0.0,0.0,11.023778497889976,11.023778497889976,11.023778497889976,1.97,8.006700845440367,False,False,True,False,True,True,,,0,0,0,0,0,0,0,0,0,0,0,0
19165,Fruitdock Kft,https://www.crunchbase.com/organization/fruitdock-kft,Hungary,47.4978789,19.0402383,2016,1.0,False,False,False,False,False,False,True,False,False,False,False,False,False,False,1,2,1,0.0,1.098523,2017-12-21,2019-07-11,Seed,2017,392.0,True,,False,,19.0,7.0,False,,False,,False,,False,,False,,False,,2,0,True,,True,True,,True,,True,,True,,True,,True,,2,,True,,True,False,,False,False,False,False,False,False,True,True,31,0,False,84,8,0.0952380952380952,0.0909717782057266,0.21414371872684834,0.0,0.0,0.0,0.0,0.0,0.0,0.0,0.0,0.0,0.0,0.0,0.0,1.97,3.933784497209659,False,False,False,False,False,False,,,2,0,2,0,2,0,2,0,2,0,2,0
5177,Gelatex Technologies,https://www.crunchbase.com/organization/gelatex,Estonia,59.4372155,24.7453688,2016,2.0,True,True,True,False,True,False,True,True,False,False,False,False,False,False,3,2,3,3.0,1.2,2019-09-09,2021-11-25,Seed,2019,22.5,True,True,True,True,6.3,176.7,False,False,True,True,True,True,False,False,False,False,False,False,1,1,True,True,False,True,True,True,True,True,True,True,True,True,True,True,True,1,1.0,True,True,False,True,True,True,True,True,False,False,False,True,False,39,0,False,68,6,0.088235294117647,0.084557388028063,0.0,2.8075501930773403,0.0,8.044611135538457,0.0,0.0,0.0,0.0,2.8075501930773403,8.044611135538457,5.410579169133269,0.3780394436935638,8.044611135538457,1.97,3.616308761279101,False,False,False,False,False,False,,,1,1,1,1,1,1,1,1,1,1,1,1
5125,eAgronom,https://www.crunchbase.com/organization/eagronom,Estonia,58.3801207,26.72245,2016,3.0,True,False,False,False,False,False,True,False,False,True,False,True,False,False,2,2,7,1.0,2.552018,2018-11-15,2020-10-09,Series A,2018,34.142857142857146,False,False,True,True,2.7,3.7,False,False,False,False,False,False,True,False,False,False,False,False,0,0,False,False,False,False,False,False,False,False,False,False,False,False,False,False,False,3,0.0,True,False,False,True,False,True,True,False,False,False,False,True,False,1,0,False,14,2,0.1428571428571428,0.1335313926245225,0.1634029903936329,1.5491005897586128,0.16340299039363307,8.844891579023628,0.16340299039363307,1.737283131936117,8.844891579023628,0.42000533669358653,0.42000533669358653,0.42000533669358653,2.807024309265682,0.0,9.050859326654804,1.97,3.66612246699132,False,False,True,False,True,True,,,0,0,0,0,0,0,0,0,0,0,0,0
12963,Tenzo,https://www.crunchbase.com/organization/tenzo,United Kingdom,51.4893335,-0.1440551,2016,2.0,True,True,False,False,False,False,True,False,False,True,False,False,False,False,0,4,4,2.0,2.665413,2016-06-22,2018-11-05,Series A,2016,232.6,True,False,True,True,6.7,120.2,False,False,True,False,True,False,False,False,False,False,False,False,1,0,True,False,False,True,False,True,False,True,False,True,False,True,False,True,False,1,0.0,True,False,False,True,False,True,True,True,False,False,False,True,False,643,5,True,1628,418,0.2567567567567567,0.2285343999490861,0.004639509600861782,6.5419453222832304,0.0,8.616713337577476,0.0,5.733590351096053,7.700597191737697,7.700597191737697,8.158655264657588,8.616713337577476,3.2559885506721415,0.0,8.616713337577476,1.97,6.803505257608338,False,False,True,False,True,True,,,1,0,1,0,1,0,1,0,1,0,1,0
19103,Makery World,https://www.crunchbase.com/organization/makery-world-franchise,Hungary,47.4978789,19.0402383,2016,4.0,False,False,False,False,False,False,True,False,False,True,False,False,False,True,3,1,1,0.0,0.574907,2019-12-20,2019-12-20,Seed,2019,392.0,True,,False,,20.0,7.0,False,,False,,False,,False,,False,,False,,1,0,True,,True,True,,True,,True,,True,,True,,True,,1,,True,,True,False,,False,False,False,False,False,False,True,True,31,0,False,84,8,0.0952380952380952,0.0909717782057266,0.21414371872684834,0.0,0.0,0.0,0.0,0.0,0.0,0.0,0.0,0.0,0.0,0.0,0.0,1.97,4.960744524482791,False,False,False,False,False,False,,,1,0,1,0,1,0,1,0,1,0,1,0
11900,Klarys,https://www.crunchbase.com/organization/procsea,Switzerland,46.5218269,6.6327025,2016,2.0,False,True,False,False,True,False,True,False,False,True,False,False,False,False,0,3,5,0.0,2.947376,2016-11-20,2019-02-02,Venture - Series Unknown,2016,100.16666666666669,True,,True,,3.4,26.4,True,,True,,False,,True,,True,,False,,0,0,False,,False,True,,True,,False,,False,,False,,False,,4,,True,,False,True,,True,True,True,False,True,False,True,False,14,1,True,24,5,0.2083333333333333,0.1892419996385283,0.0,1.2139247750487723,0.05155619726540343,6.234968925962223,0.05155619726540343,1.2139247750487723,6.234968925962223,0.0,0.0,0.0,2.1978703158381077,0.0,6.32382960221017,1.97,5.707110264748875,False,False,True,False,True,True,,,0,0,0,0,0,0,0,0,2,0,2,0
13345,Observe Technologies,https://www.crunchbase.com/organization/observe-technologies,United Kingdom,51.4893335,-0.1440551,2016,1.0,True,True,False,False,True,False,True,False,False,True,False,False,False,False,1,1,1,1.0,0.0,2017-10-31,2017-10-31,Corporate Round,2017,45.0,True,True,False,False,0.0,5.0,False,False,False,False,False,False,False,False,False,False,False,False,1,1,True,True,True,True,True,True,True,True,True,True,True,True,True,True,True,1,1.0,True,True,True,True,True,False,False,False,False,False,False,True,True,643,5,True,1628,417,0.2561425061425061,0.2280455219144165,0.004639509600861782,0.0,0.0,0.0,0.0,0.0,0.0,0.0,0.0,0.0,0.0,0.0,0.0,1.97,7.696667081526462,True,False,True,True,True,True,2024-07-05,8.0,1,1,1,1,1,1,1,1,1,1,1,1
13410,Snapsaver,https://www.crunchbase.com/organization/snapsaver,United Kingdom,54.9617219,-1.6044065,2016,2.0,False,False,False,False,False,False,True,False,False,True,True,False,False,False,2,1,1,0.0,0.0,2018-01-01,2018-01-01,Seed,2018,10.0,False,,True,,3.0,0.0,False,,False,,False,,False,,False,,False,,0,0,False,,False,False,,False,,False,,False,,False,,False,,1,,True,,True,False,,False,False,False,False,False,False,True,True,8,0,False,84,6,0.0714285714285714,0.0689928714869514,0.16999683116074532,0.1423533982149157,0.1423533982149157,0.1423533982149157,0.1423533982149157,0.1423533982149157,0.1423533982149157,0.0,0.0,0.0,0.0,0.0,0.0,1.97,7.696667081526462,False,False,False,False,False,False,,,0,0,0,0,0,0,0,0,0,0,0,0
20688,Take Daily,https://www.crunchbase.com/organization/take-daily,Denmark,55.6867243,12.5700724,2016,1.0,False,True,False,False,False,True,True,False,False,True,False,False,False,False,1,1,1,1.0,0.155287,2017-07-18,2017-07-18,Seed,2017,21.0,False,False,True,True,19.0,1.0,False,False,False,False,False,False,False,False,False,False,False,False,0,0,False,False,False,False,False,False,False,False,False,False,False,False,False,False,False,1,1.0,True,True,True,False,False,False,False,False,False,False,False,True,True,66,2,True,144,38,0.2638888888888889,0.2341933875007947,0.0,0.1555965689136978,0.1555965689136978,0.1555965689136978,0.0,0.0,0.0,0.1555965689136978,0.1555965689136978,0.1555965689136978,0.0,0.0,0.0,1.97,4.804840381116659,False,False,False,False,False,False,,,0,0,0,0,0,0,0,0,0,0,0,0
12954,MiAlgae,https://www.crunchbase.com/organization/mialgae,United Kingdom,55.9519018,-3.1904199,2016,1.0,True,False,False,False,True,False,True,True,True,True,False,False,False,True,4,1,1,0.0,1.973351,2020-01-08,2020-01-08,Series A,2020,50.0,True,,False,,9.0,2.0,False,,False,,False,,False,,False,,False,,1,0,True,,True,True,,True,,True,,True,,True,,True,,1,,True,,True,False,,False,False,False,False,False,False,True,True,14,1,True,37,7,0.1891891891891892,0.1732717212740367,0.28153747747239416,0.0,0.0,0.0,0.0,0.0,0.0,0.0,0.0,0.0,0.0,0.0,0.0,1.97,7.901377353792616,False,False,True,False,True,True,,,1,0,1,0,1,0,1,0,1,0,1,0
12418,Togather,https://www.crunchbase.com/organization/feast-it,United Kingdom,51.4893335,-0.1440551,2017,2.0,False,True,False,False,False,True,True,False,False,True,False,False,False,False,0,5,6,2.0,12.606163,2017-01-22,2021-11-22,Series A,2017,84.0,True,True,True,False,4.1,8.1,False,False,True,False,False,False,False,False,True,False,True,False,6,2,True,True,False,True,True,True,True,True,True,True,True,True,True,True,True,6,2.0,True,True,False,True,True,False,False,False,False,True,False,True,True,643,5,True,1905,471,0.247244094488189,0.2209363929217342,0.004639509600861782,0.13323682396731856,0.0,0.9326577677712301,0.0,0.186531553554246,0.9326577677712301,0.0,0.0,0.0,0.2664736479346371,0.0,0.9326577677712301,2.84,7.696667081526462,False,False,True,False,True,True,,,6,2,6,2,6,2,6,2,6,2,6,2
12394,MoA Technology,https://www.crunchbase.com/organization/moa-technology-ltd,United Kingdom,53.794414,-1.548621,2017,2.0,True,False,False,False,True,False,True,True,False,False,False,False,False,False,0,1,1,1.0,0.0,2017-11-02,2017-11-02,Series B,2017,165.0,False,False,True,True,8.0,30.0,False,False,False,False,False,False,False,False,False,False,False,False,0,0,False,False,False,False,False,False,False,False,False,False,False,False,False,False,False,1,1.0,True,True,True,True,True,False,False,False,False,False,False,True,True,11,1,True,13,0,0.0,0.0,0.0577466785551441,0.2732581836738058,0.2732581836738058,0.2732581836738058,0.0,0.0,0.0,0.2732581836738058,0.2732581836738058,0.2732581836738058,0.0,0.0,0.0,2.84,7.696667081526462,False,True,True,True,True,True,,,0,0,0,0,0,0,0,0,0,0,0,0
12392,Taster,https://www.crunchbase.com/organization/taster,United Kingdom,51.4893335,-0.1440551,2017,1.0,False,True,False,False,True,True,True,False,False,False,False,False,False,False,0,2,3,2.0,4.1,2017-09-01,2018-06-27,Equity Crowdfunding,2017,349.0,True,True,True,True,4.0,67.2,False,False,True,True,False,False,False,False,True,True,False,False,2,1,True,True,False,True,True,True,True,True,True,True,True,True,True,True,True,2,1.0,True,True,False,True,True,False,False,False,False,True,False,True,True,643,5,True,1905,470,0.2467191601049868,0.2205154289079401,0.004639509600861782,0.4727133464116815,0.0,0.9581956178754963,0.0,0.466328883885615,0.9326577677712301,0.0,0.4790978089377481,0.9581956178754963,0.6898247559975166,0.0,0.9581956178754963,2.84,7.696667081526462,False,True,False,True,False,True,,,2,1,2,1,2,1,2,1,2,1,2,1
12376,Daye,https://www.crunchbase.com/organization/daye,United Kingdom,51.4893335,-0.1440551,2017,1.0,True,True,False,False,True,True,True,True,False,False,False,False,False,False,2,1,3,1.0,5.5,2019-05-10,2019-05-10,Series A,2019,457.6666666666667,True,False,True,True,14.0,149.0,False,False,True,True,False,False,False,False,False,False,False,False,1,0,True,False,False,True,False,True,False,True,False,True,False,True,False,True,False,1,0.0,True,False,False,True,False,True,True,True,False,False,False,True,False,643,5,True,1905,471,0.247244094488189,0.2209363929217342,0.004639509600861782,5.7508627247127615,0.0,8.635874836560806,0.0,4.308356668788738,8.616713337577476,8.635874836560806,8.635874836560806,8.635874836560806,5.764911519109023,0.042146383188786544,8.635874836560806,2.84,8.006700845440367,False,False,True,False,True,True,,,1,0,1,0,1,0,1,0,1,0,1,0
12421,Phytoform Labs,https://www.crunchbase.com/organization/phytoform-labs,United Kingdom,51.0690613,-1.7954134,2017,2.0,True,False,False,False,True,False,True,True,False,False,False,False,False,False,2,2,8,1.0,11.151498,2019-12-12,2021-12-16,Seed,2019,97.5,False,False,True,True,5.2,17.8,True,False,False,False,False,False,False,False,True,False,False,False,0,0,False,False,False,False,False,False,False,False,False,False,False,False,False,False,False,1,0.0,True,False,False,True,False,True,True,True,False,False,False,True,False,1,0,False,3,0,0.0,0.0,0.08459877483425453,5.657361393441998,0.1239999688497736,8.586185793640679,0.1239999688497736,5.683415177760226,8.586185793640679,5.474984903214402,5.474984903214402,5.474984903214402,4.59569259081292,0.017901351679127944,8.823744810169567,2.84,8.006700845440367,False,False,False,False,False,False,,,0,0,0,0,0,0,0,0,0,0,0,0
12639,the gut stuff,https://www.crunchbase.com/organization/the-gut-stuff,United Kingdom,51.4893335,-0.1440551,2017,2.0,False,True,False,False,False,True,True,True,False,False,False,False,False,False,2,1,1,0.0,0.0,2019-12-01,2019-12-01,Equity Crowdfunding,2019,41.0,False,,True,,2.0,4.0,True,,False,,False,,False,,False,,False,,0,0,False,,False,False,,False,,False,,False,,False,,False,,0,,False,,False,False,,False,False,False,False,False,False,True,True,643,5,True,1905,471,0.247244094488189,0.2209363929217342,0.004639509600861782,0.4694962831397988,0.4694962831397988,0.4694962831397988,0.4694962831397988,0.4694962831397988,0.4694962831397988,0.0,0.0,0.0,0.0,0.0,0.0,2.84,8.006700845440367,False,False,False,False,False,False,,,0,0,0,0,0,0,0,0,0,0,0,0
12613,Unrooted,https://www.crunchbase.com/organization/unrooted,United Kingdom,51.4893335,-0.1440551,2017,1.0,False,True,False,False,False,True,True,True,False,False,False,False,False,False,3,3,1,1.0,0.0,2020-06-30,2022-03-07,Undisclosed,2020,23.0,True,True,False,False,1.0,2.0,False,False,False,False,True,True,False,False,False,False,True,True,3,1,True,True,True,True,True,True,True,True,True,True,True,True,True,True,True,3,1.0,True,True,True,True,True,False,False,False,False,False,False,True,True,643,5,True,1905,471,0.247244094488189,0.2209363929217342,0.004639509600861782,0.0,0.0,0.0,0.0,0.0,0.0,0.0,0.0,0.0,0.0,0.0,0.0,2.84,7.901377353792616,False,False,False,False,False,False,,,3,1,3,1,3,1,3,1,3,1,3,1
12711,Pesky Fish,https://www.crunchbase.com/organization/pesky-fish,United Kingdom,51.4893335,-0.1440551,2017,2.0,True,True,False,False,True,False,True,False,False,False,False,False,False,False,1,2,1,0.0,0.0,2018-07-31,2020-03-24,Seed,2018,0.0,False,,True,,13.0,527.0,False,,True,,True,,False,,False,,False,,0,0,False,,False,False,,False,,False,,False,,False,,False,,0,,False,,False,False,,True,True,True,True,False,False,False,False,643,5,True,1905,471,0.247244094488189,0.2209363929217342,0.004639509600861782,7.533167020908819,7.533167020908819,7.533167020908819,7.533167020908819,7.533167020908819,7.533167020908819,0.0,0.0,0.0,0.0,0.0,0.0,2.84,7.696667081526462,False,False,False,False,False,False,,,0,0,0,0,0,0,0,0,0,0,0,0
12667,No1 Rosemary Water,https://www.crunchbase.com/organization/no1-rosemary-water,United Kingdom,51.4893335,-0.1440551,2017,1.0,False,True,False,True,False,False,True,False,False,False,False,False,False,False,1,1,1,1.0,0.0,2018-01-01,2018-01-01,Equity Crowdfunding,2018,24.0,True,True,False,False,1.0,4.0,False,False,False,False,False,False,False,False,False,False,False,False,1,1,True,True,True,True,True,True,True,True,True,True,True,True,True,True,True,1,1.0,True,True,True,True,True,False,False,False,False,False,False,True,True,643,5,True,1905,471,0.247244094488189,0.2209363929217342,0.004639509600861782,0.0,0.0,0.0,0.0,0.0,0.0,0.0,0.0,0.0,0.0,0.0,0.0,2.84,7.696667081526462,False,False,False,False,False,False,,,1,1,1,1,1,1,1,1,1,1,1,1
12674,Agrolabs,https://www.crunchbase.com/organization/agrolabs,United Kingdom,51.4893335,-0.1440551,2017,1.0,True,True,False,False,True,False,True,False,False,True,False,False,False,False,2,1,1,1.0,0.0,2019-10-01,2019-10-01,Pre-Seed,2019,532.0,False,False,True,True,15.0,24.0,False,False,False,False,False,False,False,False,False,False,False,False,0,0,False,False,False,False,False,False,False,False,False,False,False,False,False,False,False,0,0.0,False,False,False,False,False,True,True,False,False,False,False,False,False,643,5,True,1905,471,0.247244094488189,0.2209363929217342,0.004639509600861782,16.905322508871333,16.905322508871333,16.905322508871333,0.0,0.0,0.0,16.905322508871333,16.905322508871333,16.905322508871333,0.0,0.0,0.0,2.84,8.006700845440367,False,False,False,False,False,False,,,0,0,0,0,0,0,0,0,0,0,0,0
12681,Collectiv Food,https://www.crunchbase.com/organization/collectivfood,United Kingdom,51.4893335,-0.1440551,2017,1.0,True,True,False,False,True,True,True,False,False,False,False,False,False,True,0,2,3,2.0,4.413146,2017-09-20,2019-10-14,Series A,2017,162.5,True,True,True,True,13.2,38.8,False,False,True,True,False,False,False,False,False,False,False,False,2,1,True,True,False,True,True,True,True,True,True,True,True,True,True,True,True,2,1.0,True,True,False,True,True,True,True,True,False,False,False,True,False,643,5,True,1905,471,0.247244094488189,0.2209363929217342,0.004639509600861782,1.4781000767007784,0.0,5.569791902778005,0.0,2.7848959513890024,5.569791902778005,0.0,0.17130420201255467,0.34260840402510934,2.9436527897611757,0.0,5.837116124960828,2.84,7.696667081526462,False,False,True,False,True,True,,,2,1,2,1,2,1,2,1,2,1,2,1
12688,Supplant,https://www.crunchbase.com/organization/cambridge-glycoscience,United Kingdom,52.2055314,0.1186637,2017,2.0,True,True,False,False,True,False,True,True,False,False,False,False,False,False,1,1,3,0.0,9.084994,2018-08-20,2018-08-20,Series A,2018,281.0,False,,True,,3.7,56.0,False,,False,,False,,False,,False,,False,,0,0,False,,False,False,,False,,False,,False,,False,,False,,0,,False,,False,True,,True,True,True,False,True,False,True,False,20,1,True,85,24,0.2823529411764706,0.2486966257388272,0.0,5.989741821802091,0.8078500398742601,8.590406885068733,0.8078500398742601,5.989741821802091,8.590406885068733,0.0,0.0,0.0,6.268006573703026,0.04369680386313251,9.39024018472256,2.84,7.696667081526462,False,True,True,True,True,True,,,0,0,0,0,0,0,0,0,0,0,0,0
12492,The Small Robot Company,https://www.crunchbase.com/organization/the-small-robot-company,United Kingdom,51.0690613,-1.7954134,2017,2.0,True,False,False,False,True,False,True,False,False,True,False,False,False,False,3,2,2,1.0,5.541721,2020-11-01,2021-08-01,Seed,2020,349.0,False,False,True,True,8.0,21.0,False,False,True,True,False,False,False,False,True,True,False,False,0,0,False,False,False,False,False,False,False,False,False,False,False,False,False,False,False,3,1.0,True,True,True,True,True,False,False,False,False,False,False,True,True,1,0,False,3,0,0.0,0.0,0.08459877483425453,0.12509795826473305,0.1239999688497736,0.12729393709465192,0.1239999688497736,0.12564695297221276,0.12729393709465192,0.1239999688497736,0.1239999688497736,0.1239999688497736,0.1672998746713079,0.0,0.25094981200696187,2.84,7.901377353792616,False,False,False,False,False,False,,,0,0,0,0,0,0,0,0,0,0,0,0
12501,Parsley Box,https://www.crunchbase.com/organization/parsley-box,United Kingdom,55.9519018,-3.1904199,2017,2.0,False,False,False,False,True,False,True,False,False,True,False,False,False,False,2,1,1,1.0,3.797637,2019-05-28,2019-05-28,Venture - Series Unknown,2019,43.0,False,False,True,True,19.0,13.0,False,False,False,False,False,False,False,False,False,False,False,False,0,0,False,False,False,False,False,False,False,False,False,False,False,False,False,False,False,1,1.0,True,True,True,True,True,False,False,False,False,False,False,True,True,14,1,True,45,9,0.2,0.1823215567939546,0.28153747747239416,0.5350383793731515,0.5350383793731515,0.5350383793731515,0.0,0.0,0.0,0.5350383793731515,0.5350383793731515,0.5350383793731515,0.0,0.0,0.0,2.84,8.006700845440367,True,True,True,True,True,True,2021-03-31,4.0,0,0,0,0,0,0,0,0,0,0,0,0
12511,Good Club,https://www.crunchbase.com/organization/good-club,United Kingdom,51.4893335,-0.1440551,2017,3.0,False,True,False,False,False,True,True,False,False,False,False,False,False,False,0,3,3,1.0,2.869866,2017-10-01,2020-12-16,Equity Crowdfunding,2017,25.25,True,True,False,False,5.0,1.5,True,True,False,False,True,False,False,False,False,False,False,False,4,1,True,True,True,True,True,True,True,True,True,True,True,True,True,True,True,4,1.0,True,True,True,True,True,False,False,False,False,False,False,True,True,643,5,True,1905,471,0.247244094488189,0.2209363929217342,0.004639509600861782,0.0,0.0,0.0,0.0,0.0,0.0,0.0,0.0,0.0,0.0,0.0,0.0,2.84,7.696667081526462,False,False,False,False,False,False,,,4,1,4,1,4,1,4,1,4,1,4,1
7837,MYMY catering,https://www.crunchbase.com/organization/mein-wunschcatering-de,Germany,52.510885,13.3989367,2017,1.0,False,True,False,False,True,False,True,False,False,False,False,False,False,False,1,4,1,1.0,0.0,2018-10-31,2019-04-01,Seed,2018,9.0,True,True,False,False,3.5,2.0,False,False,False,False,False,False,False,False,True,True,False,False,4,2,True,True,True,True,True,True,True,True,True,True,True,True,True,True,True,4,2.0,True,True,True,True,True,False,False,False,False,True,True,True,True,171,3,True,578,224,0.3875432525951557,0.327534739194137,0.0,0.0,0.0,0.0,0.0,0.0,0.0,0.0,0.0,0.0,0.0,0.0,0.0,2.84,7.244941546337007,False,False,False,False,False,False,,,4,2,4,2,4,2,4,2,4,2,4,2
12459,Snappy Shopper,https://www.crunchbase.com/organization/snappy-shopper,United Kingdom,56.4605938,-2.97019,2017,1.0,False,False,False,False,False,True,True,False,False,False,False,False,False,False,2,1,1,0.0,0.0,2019-11-14,2019-11-14,Venture - Series Unknown,2019,65.0,False,,True,,9.0,16.0,False,,False,,False,,False,,False,,False,,0,0,False,,False,False,,False,,False,,False,,False,,False,,1,,True,,True,False,,False,False,False,False,False,False,True,True,4,1,True,4,2,0.5,0.4054651081081644,0.33469349582912855,0.4700072100325377,0.4700072100325377,0.4700072100325377,0.4700072100325377,0.4700072100325377,0.4700072100325377,0.0,0.0,0.0,0.0,0.0,0.0,2.84,8.006700845440367,False,False,True,False,True,True,,,0,0,0,0,0,0,0,0,0,0,0,0
12553,Fox Robotics,https://www.crunchbase.com/organization/fox-robotics,United Kingdom,51.2151749,-0.7984854,2017,1.0,True,False,False,False,True,False,True,False,False,True,False,False,False,False,1,3,3,2.0,6.237402,2018-12-21,2021-10-27,Venture - Series Unknown,2018,35.25,True,True,True,True,4.8,2.0,True,True,True,True,False,False,False,False,True,True,False,False,0,0,False,False,False,True,True,True,True,False,False,False,False,False,False,False,False,3,1.0,True,True,False,True,True,True,True,True,False,False,False,True,False,14,0,False,6,1,0.1666666666666666,0.1541506798272582,0.05934390514292761,2.192952556289053,0.05472387220787508,8.607638608532586,0.05472387220787508,0.05472387220787508,0.05472387220787508,0.05472387220787508,4.33118124037023,8.607638608532586,4.308356668788738,0.0,8.616713337577476,2.84,7.696667081526462,False,False,True,False,True,True,,,0,0,0,0,0,0,0,0,3,1,3,1
7748,Share,https://www.crunchbase.com/organization/share-74a8,Germany,52.510885,13.3989367,2017,2.0,True,True,False,False,True,True,True,False,False,False,False,False,False,False,2,2,1,0.0,0.0,2019-05-20,2019-05-20,Venture - Series Unknown,2019,14.0,False,,True,,1.0,3.0,False,,False,,False,,False,,False,,False,,0,0,False,,False,False,,False,,False,,False,,False,,False,,2,,True,,True,False,,False,False,False,False,True,True,True,True,171,3,True,578,224,0.3875432525951557,0.327534739194137,0.0,0.5551679206563547,0.5551679206563547,0.5551679206563547,0.5551679206563547,0.5551679206563547,0.5551679206563547,0.0,0.0,0.0,0.0,0.0,0.0,2.84,7.650168700845001,False,False,True,False,True,True,,,0,0,0,0,0,0,0,0,0,0,0,0
12570,Bella & Duke Ltd,https://www.crunchbase.com/organization/bella-and-duke,United Kingdom,56.5903642,-3.3409023,2017,1.0,False,False,False,False,False,False,True,True,False,False,False,False,False,False,2,1,1,0.0,1.475735,2019-04-03,2019-04-03,Venture - Series Unknown,2019,105.0,False,,True,,5.0,7.0,False,,False,,False,,False,,False,,False,,0,0,False,,False,False,,False,,False,,False,,False,,False,,1,,True,,True,False,,False,False,False,False,False,False,True,True,4,0,False,0,0,0.0,0.0,0.3528786534450935,0.2747633468685984,0.2747633468685984,0.2747633468685984,0.2747633468685984,0.2747633468685984,0.2747633468685984,0.0,0.0,0.0,0.0,0.0,0.0,2.84,8.006700845440367,False,False,True,False,True,True,,,0,0,0,0,0,0,0,0,0,0,0,0
7727,Die Frischemanufaktur,https://www.crunchbase.com/organization/die-frischemanufaktur,Germany,48.1371079,11.5753822,2017,1.0,False,True,False,False,True,False,True,False,False,False,False,False,False,False,1,2,1,0.0,0.2945,2018-03-01,2018-03-01,Seed,2018,94.0,False,,True,,21.0,18.0,False,,False,,False,,False,,False,,False,,0,0,False,,False,False,,False,,False,,False,,False,,False,,2,,True,,True,True,,False,False,False,False,True,True,True,True,129,2,True,171,63,0.3684210526315789,0.3136575588550416,0.0,0.503232713780143,0.503232713780143,0.503232713780143,0.503232713780143,0.503232713780143,0.503232713780143,0.0,0.0,0.0,0.0,0.0,0.0,2.84,7.244941546337007,False,False,False,False,False,False,,,0,0,0,0,0,0,0,0,0,0,0,0
12524,Mimica,https://www.crunchbase.com/organization/mimica,United Kingdom,51.4893335,-0.1440551,2017,1.0,True,True,False,False,True,False,True,False,False,False,False,False,False,False,1,2,2,0.0,3.042347,2018-02-12,2021-11-15,Seed,2018,392.0,False,,True,,11.0,101.5,False,,True,,False,,False,,False,,True,,0,0,False,,False,False,,False,,False,,False,,False,,False,,0,,False,,False,False,,True,True,True,True,False,False,False,False,643,5,True,1905,471,0.247244094488189,0.2209363929217342,0.004639509600861782,7.102833369669406,5.569791902778005,8.635874836560806,5.569791902778005,7.102833369669406,8.635874836560806,0.0,0.0,0.0,4.121574014866876,4.121574014866876,4.121574014866876,2.84,7.696667081526462,False,False,False,False,False,False,,,0,0,0,0,0,0,0,0,0,0,0,0
8076,ahead® | The Human Performance Company,https://www.crunchbase.com/organization/ahead-8dce,Germany,53.550341,10.000654,2017,1.0,False,True,False,False,False,False,True,True,False,False,False,False,False,False,2,4,2,0.0,0.0,2019-08-01,2020-10-07,Seed,2019,31.0,False,,True,,4.7,2.7,True,,False,,False,,False,,False,,False,,0,0,False,,False,False,,False,,False,,False,,False,,False,,6,,True,,True,True,,False,False,False,False,True,True,True,True,47,1,True,111,32,0.2882882882882883,0.2533144289475731,0.0,0.3634077640458573,0.2549160007977418,0.4176536456699151,0.2549160007977418,0.3634077640458573,0.4176536456699151,0.0,0.0,0.0,0.2346089532085678,0.0,0.43989178726606465,2.84,7.650168700845001,False,False,False,False,False,False,,,0,0,0,0,0,0,0,0,0,0,0,0
371,ThermoEye,https://www.crunchbase.com/organization/thermoeye,Poland,51.3017158,19.6447455,2017,2.0,True,False,False,False,True,False,True,True,False,False,False,False,False,False,1,1,1,1.0,0.0,2018-05-11,2018-05-11,Pre-Seed,2018,10.0,False,False,True,True,1.0,0.0,True,True,False,False,False,False,False,False,False,False,False,False,0,0,False,False,False,False,False,False,False,False,False,False,False,False,False,False,False,1,1.0,True,True,True,True,True,False,False,False,False,False,False,True,True,0,0,False,0,0,0.0,0.0,0.13957881685450985,0.1395788168545098,0.1395788168545098,0.1395788168545098,0.0,0.0,0.0,0.1395788168545098,0.1395788168545098,0.1395788168545098,0.0,0.0,0.0,2.84,3.535145354171894,False,False,False,False,False,False,,,0,0,0,0,0,0,0,0,0,0,0,0
19901,Sooneat,https://www.crunchbase.com/organization/sooneat,Italy,45.4641943,9.1896346,2017,2.0,False,True,False,False,False,True,True,False,False,True,False,False,False,False,2,1,1,1.0,0.0,2019-01-01,2019-01-01,Seed,2019,43.0,False,False,True,True,12.0,1.0,False,False,False,False,False,False,False,False,False,False,False,False,0,0,False,False,False,False,False,False,False,False,False,False,False,False,False,False,False,1,1.0,True,True,True,False,False,False,False,False,False,False,False,True,True,89,1,True,118,26,0.2203389830508474,0.1991286751103358,0.0,0.47718633136892186,0.47718633136892186,0.47718633136892186,0.0,0.0,0.0,0.47718633136892186,0.47718633136892186,0.47718633136892186,0.0,0.0,0.0,2.84,5.303304908059076,False,False,False,False,False,False,,,0,0,0,0,0,0,0,0,0,0,0,0
654,Aquabyte,https://www.crunchbase.com/organization/aquabyte,Norway,60.38672,5.29799,2017,1.0,True,False,False,False,False,False,True,False,False,True,False,False,False,False,1,1,7,2.0,3.5,2018-01-30,2018-01-30,Series B,2018,73.66666666666667,False,False,True,True,10.9,98.1,True,False,True,True,False,False,False,False,False,False,False,False,0,0,False,False,False,False,False,False,False,False,False,False,False,False,False,False,False,1,0.0,True,False,False,True,False,True,True,True,False,False,False,True,False,5,0,False,6,2,0.3333333333333333,0.2876820724517809,0.3056053885564479,6.57127254884407,0.306285006080755,8.340941576798174,0.306285006080755,5.946524215317641,8.340941576798174,8.133084266149162,8.133143382660142,8.133202499171123,3.4351356262946418,0.0018130659135467818,8.58219694851764,2.84,4.61512051684126,False,True,True,True,True,True,,,0,0,0,0,0,0,0,0,0,0,0,0
11455,KITRO,https://www.crunchbase.com/organization/kitro,Switzerland,46.5349093,6.5928442,2017,2.0,True,True,False,False,True,False,True,False,False,True,False,True,False,False,0,2,3,0.0,0.687232,2017-09-09,2018-10-08,Venture - Series Unknown,2017,49.0,False,,True,,6.8,265.8,True,,True,,True,,False,,False,,False,,0,0,False,,False,False,,False,,False,,False,,False,,False,,0,,False,,False,True,,True,True,True,False,True,False,True,False,15,1,True,31,7,0.2258064516129032,0.2035989552412395,0.0033784471203716724,4.441567888983188,0.4154820699300435,8.2625923561911,0.4154820699300435,4.441567888983188,8.2625923561911,0.0,0.0,0.0,5.606012333952788,0.0,8.41055354107772,2.84,5.707110264748875,False,False,True,False,True,True,,,0,0,0,0,0,0,0,0,0,0,0,0
62,Sundose,https://www.crunchbase.com/organization/sundose,Poland,51.250559,22.5701022,2017,4.0,False,False,False,False,True,False,True,True,False,True,False,False,False,False,2,2,4,1.0,1.357686,2019-01-15,2020-03-10,Series A,2019,46.5,False,False,True,True,9.8,4.8,True,False,False,False,False,False,True,False,True,True,False,False,0,0,False,False,False,False,False,False,False,False,False,False,False,False,False,False,False,2,1.0,True,True,False,True,True,True,True,False,False,False,False,True,False,2,0,False,3,0,0.0,0.0,0.1532766390685305,4.506002105858522,0.15327663906853053,15.499298956774675,0.38622022436455083,5.9569105947885195,15.499298956774675,0.15327663906853053,0.15327663906853053,0.15327663906853053,8.421993405943432,0.3011089548473384,15.884110920005822,2.84,4.619073091157083,False,False,True,False,True,True,,,0,0,0,0,0,0,0,0,0,0,0,0
19347,Pickies Kft,https://www.crunchbase.com/organization/pickies-kft,Hungary,47.1910169,18.410811,2017,2.0,True,False,False,False,False,False,True,True,False,False,False,False,False,False,0,2,1,0.0,0.0,2017-11-22,2018-04-26,Pre-Seed,2017,392.0,True,,False,,18.5,7.0,False,,False,,False,,False,,False,,False,,0,0,False,,False,True,,True,,False,,False,,False,,False,,2,,True,,True,False,,False,False,False,False,False,False,True,True,0,0,False,3,0,0.0,0.0,0.18989643436847958,0.0584231524336408,0.0584231524336408,0.0584231524336408,0.0584231524336408,0.0584231524336408,0.0584231524336408,0.0,0.0,0.0,0.0,0.0,0.0,2.84,3.933784497209659,False,False,False,False,False,False,,,0,0,0,0,0,0,0,0,2,0,2,0
11403,OneSoil,https://www.crunchbase.com/organization/onesoil,Switzerland,47.3744489,8.5410422,2017,3.0,True,True,False,False,False,False,True,False,False,True,False,False,False,False,0,2,1,0.0,1.2,2017-11-03,2019-01-01,Series A,2017,8.0,False,,True,,0.5,3.0,True,,False,,False,,False,,False,,False,,0,0,False,,False,False,,False,,False,,False,,False,,False,,0,,False,,False,False,,False,False,False,False,False,False,True,True,123,2,True,106,32,0.3018867924528302,0.2638145910451375,0.0,2.4752958885590117,2.4752958885590117,2.4752958885590117,2.4752958885590117,2.4752958885590117,2.4752958885590117,0.0,0.0,0.0,0.0,0.0,0.0,2.84,5.707110264748875,False,False,True,False,True,True,,,0,0,0,0,0,0,0,0,0,0,0,0
339,Purella Food,https://www.crunchbase.com/organization/purella-food,Poland,52.2319581,21.0067249,2017,1.0,False,True,False,False,False,True,True,True,False,False,False,False,False,False,0,1,1,1.0,0.65,2017-09-01,2017-09-01,Seed,2017,36.0,True,True,False,False,1.0,6.0,False,False,False,False,False,False,False,False,False,False,False,False,1,1,True,True,True,True,True,True,True,True,True,True,True,True,True,True,True,1,1.0,True,True,True,True,True,False,False,False,False,False,False,True,True,58,0,False,117,15,0.1282051282051282,0.1206279877886147,0.0,0.0,0.0,0.0,0.0,0.0,0.0,0.0,0.0,0.0,0.0,0.0,0.0,2.84,3.843744164674851,False,False,False,False,False,False,,,1,1,1,1,1,1,1,1,1,1,1,1
12249,Cogastro,https://www.crunchbase.com/organization/cogastro,Lithuania,54.6870458,25.2829111,2017,2.0,True,False,False,False,False,False,True,False,False,True,False,False,False,False,3,2,2,0.0,0.700396,2020-04-01,2021-10-27,Seed,2020,24.666666666666668,True,,False,,3.7,0.0,False,,False,,False,,False,,False,,False,,3,0,True,,True,True,,True,,True,,True,,True,,True,,3,,True,,True,False,,False,False,False,False,False,False,True,True,21,0,False,56,9,0.1607142857142857,0.1490355791604878,0.3931527714736103,0.0,0.0,0.0,0.0,0.0,0.0,0.0,0.0,0.0,0.0,0.0,0.0,2.84,3.845883202923601,False,False,False,False,False,False,,,3,0,3,0,3,0,3,0,3,0,3,0
5276,Decomer Technology,https://www.crunchbase.com/organization/decomer-technology,Estonia,58.3801207,26.72245,2017,1.0,True,False,False,False,True,False,True,True,False,False,False,False,False,False,1,4,5,1.0,0.0,2018-12-10,2024-05-24,Seed,2018,258.0,False,False,True,True,10.4,21.4,True,False,True,False,True,True,False,False,False,False,False,False,0,0,False,False,False,False,False,False,False,False,False,False,False,False,False,False,False,1,0.0,True,False,False,True,False,True,True,True,False,False,False,True,False,1,0,False,16,2,0.125,0.1177830356563834,0.1634029903936329,4.934133088542732,0.16340299039363307,8.945333079850007,0.16340299039363307,4.226093092005879,8.945333079850007,7.766293074690144,7.766293074690144,7.766293074690144,7.522051334564302,0.7843814545125806,12.991125305492982,2.84,3.66612246699132,False,False,False,False,False,False,,,0,0,0,0,0,0,0,0,0,0,0,0
19459,Latitudo40,https://www.crunchbase.com/organization/latitudo40,Italy,40.8358846,14.2487679,2017,4.0,True,False,False,False,True,False,True,False,False,True,False,False,True,False,1,3,3,1.0,0.929954,2018-06-01,2021-08-04,Seed,2018,148.0,False,False,True,True,8.3,177.3,False,False,True,True,True,True,False,False,False,False,False,False,0,0,False,False,False,False,False,False,False,False,False,False,False,False,False,False,False,1,0.0,True,False,False,False,False,True,True,True,False,False,False,True,False,2,0,False,9,0,0.0,0.0,0.6579640257134732,6.574062073724297,0.18851880386121386,10.388463939966957,0.18851880386121386,5.288491371914086,10.388463939966957,9.145203477344719,9.145203477344719,9.145203477344719,6.837189566562592,1.3478120216898763,10.204960805100363,2.84,4.61512051684126,False,False,False,False,False,False,,,0,0,0,0,0,0,0,0,0,0,0,0
6211,ZoomAgri,https://www.crunchbase.com/organization/zoomagri,Spain,40.4166109,-3.5799118,2017,3.0,True,True,False,False,False,False,True,False,False,True,False,False,False,False,2,3,3,0.0,6.6,2019-03-15,2021-08-25,Series A,2019,165.85714285714286,False,,True,,6.9,7.1,True,,False,,True,,False,,True,,False,,0,0,False,,False,False,,False,,False,,False,,False,,False,,0,,False,,False,False,,True,True,False,False,False,False,False,False,101,2,True,214,38,0.1775700934579439,0.1634530724895718,0.010469748165979183,14.296866003629955,10.043009901694091,17.674298930271892,10.043009901694091,14.296866003629955,17.674298930271892,0.0,0.0,0.0,6.873614157531674,0.0,11.87173792100306,2.84,5.993961427306569,False,False,True,False,True,True,,,0,0,0,0,0,0,0,0,0,0,0,0
5137,FoodDocs,https://www.crunchbase.com/organization/fooddocs,Estonia,59.4372155,24.7453688,2017,2.0,True,True,False,False,False,True,True,False,False,True,False,False,False,False,2,1,1,1.0,0.299989,2019-01-22,2019-01-22,Venture - Series Unknown,2019,40.0,True,True,False,False,2.0,3.0,False,False,False,False,False,False,True,True,False,False,False,False,1,1,True,True,True,True,True,True,True,True,True,True,True,True,True,True,True,1,1.0,True,True,True,True,True,False,False,False,False,False,False,True,True,39,0,False,89,8,0.0898876404494382,0.0860746087712429,0.0,0.0,0.0,0.0,0.0,0.0,0.0,0.0,0.0,0.0,0.0,0.0,0.0,2.84,3.616308761279101,False,False,True,False,True,True,,,1,1,1,1,1,1,1,1,1,1,1,1
7973,ONO Labs GmbH,https://www.crunchbase.com/organization/ono-labs-gmbh,Germany,52.510885,13.3989367,2017,1.0,False,True,False,False,False,True,True,True,False,False,False,False,False,False,0,2,2,1.0,0.0,2017-12-19,2017-12-19,Seed,2017,78.0,True,True,True,False,9.0,21.5,False,False,False,False,False,False,False,False,False,False,False,False,2,2,True,True,False,True,True,True,True,True,True,True,True,True,True,True,True,2,2.0,True,True,False,True,True,False,False,False,False,True,True,True,True,171,3,True,578,224,0.3875432525951557,0.327534739194137,0.0,0.3341359569587025,0.0,0.668271913917405,0.668271913917405,0.668271913917405,0.668271913917405,0.0,0.0,0.0,0.44551460927826997,0.0,0.668271913917405,2.84,7.244941546337007,False,False,False,False,False,False,,,2,2,2,2,2,2,2,2,2,2,2,2
7968,ORDA,https://www.crunchbase.com/organization/orda,Germany,48.1371079,11.5753822,2017,3.0,False,True,False,False,False,False,True,False,False,True,False,False,False,False,1,2,1,0.0,0.0,2018-08-01,2018-08-01,Pre-Seed,2018,11.0,False,,True,,7.0,4.0,False,,False,,False,,False,,True,,False,,0,0,False,,False,False,,False,,False,,False,,False,,False,,2,,True,,True,False,,False,False,False,False,True,True,True,True,129,2,True,171,63,0.3684210526315789,0.3136575588550416,0.0,0.4558451250145035,0.4558451250145035,0.4558451250145035,0.4558451250145035,0.4558451250145035,0.4558451250145035,0.0,0.0,0.0,0.0,0.0,0.0,2.84,7.244941546337007,False,False,False,False,False,False,,,0,0,0,0,0,0,0,0,0,0,0,0
19244,Adalékmentesen,https://www.crunchbase.com/organization/adalékmentes-kft,Hungary,47.4978789,19.0402383,2017,2.0,False,False,False,False,True,False,True,False,False,False,False,False,False,False,0,2,1,0.0,0.0,2017-12-21,2018-07-06,Pre-Seed,2017,392.0,True,,False,,18.5,7.0,False,,False,,False,,False,,False,,False,,2,0,True,,True,True,,True,,True,,True,,True,,True,,2,,True,,True,False,,False,False,False,False,False,False,True,True,31,0,False,115,11,0.0956521739130434,0.0913497785882278,0.21414371872684834,0.0,0.0,0.0,0.0,0.0,0.0,0.0,0.0,0.0,0.0,0.0,0.0,2.84,3.933784497209659,False,False,False,False,False,False,,,2,0,2,0,2,0,2,0,2,0,2,0
1022,Manifesto Market,https://www.crunchbase.com/organization/manifesto-market,Czech Republic,50.0596288,14.4464593,2017,1.0,True,True,False,False,True,True,True,False,True,True,False,False,True,False,1,1,1,1.0,1.9,2018-12-15,2018-12-15,Venture - Series Unknown,2018,45.0,True,True,False,False,5.0,10.0,False,False,False,False,False,False,False,False,False,False,False,False,1,1,True,True,True,True,True,True,True,True,True,True,True,True,True,True,True,1,1.0,True,True,True,True,True,False,False,False,False,False,False,True,True,59,0,False,85,16,0.188235294117647,0.1724692603509429,0.0,0.0,0.0,0.0,0.0,0.0,0.0,0.0,0.0,0.0,0.0,0.0,0.0,2.84,2.6100697927420065,False,False,True,False,True,True,,,1,1,1,1,1,1,1,1,1,1,1,1
848,Fishency Innovation,https://www.crunchbase.com/organization/fishency-innovation,Norway,58.9699675,5.7318101,2017,1.0,True,False,False,False,True,False,True,False,False,True,False,False,False,False,2,1,1,1.0,0.15,2019-01-01,2019-01-01,Seed,2019,38.0,False,False,True,True,1.0,0.0,True,True,False,False,True,True,False,False,False,False,False,False,0,0,False,False,False,False,False,False,False,False,False,False,False,False,False,False,False,1,1.0,True,True,True,True,True,False,False,False,False,False,False,True,True,5,0,False,5,0,0.0,0.0,0.3017902841292199,0.3058328175538439,0.3058328175538439,0.3058328175538439,0.0,0.0,0.0,0.3058328175538439,0.3058328175538439,0.3058328175538439,0.0,0.0,0.0,2.84,5.303304908059076,False,False,False,False,False,False,,,0,0,0,0,0,0,0,0,0,0,0,0
11962,CBD Solution,https://www.crunchbase.com/organization/cbd-solution,Switzerland,47.5816927,7.6479737,2017,1.0,True,False,False,False,False,True,True,True,False,False,False,True,False,False,0,1,1,0.0,0.203245,2017-11-30,2017-11-30,Seed,2017,82.0,True,,False,,20.0,5.0,False,,False,,False,,False,,False,,False,,0,0,False,,False,True,,False,,False,,False,,False,,False,,1,,True,,True,True,,False,False,False,False,True,True,True,True,18,0,False,11,3,0.2727272727272727,0.241162056816888,0.07096270749586092,0.0709627074958611,0.0709627074958611,0.0709627074958611,0.0709627074958611,0.0709627074958611,0.0709627074958611,0.0,0.0,0.0,0.0,0.0,0.0,2.84,5.707110264748875,False,False,False,False,False,False,,,0,0,0,0,0,0,0,0,0,0,1,0
1201,Reakiro,https://www.crunchbase.com/organization/reakiro,Czech Republic,50.0596288,14.4464593,2017,2.0,True,True,False,False,True,True,True,True,False,False,False,False,False,False,2,1,1,0.0,0.0,2019-02-15,2019-02-15,Seed,2019,20.0,False,,True,,5.0,2.0,True,,False,,False,,False,,False,,False,,0,0,False,,False,False,,False,,False,,False,,False,,False,,0,,False,,False,False,,True,True,True,True,False,False,False,False,59,0,False,85,16,0.188235294117647,0.1724692603509429,0.0,9.373109951413621,9.373109951413621,9.373109951413621,9.373109951413621,9.373109951413621,9.373109951413621,0.0,0.0,0.0,0.0,0.0,0.0,2.84,3.40452517175483,False,False,False,False,False,False,,,0,0,0,0,0,0,0,0,0,0,0,0
6640,Kento Shop,https://www.crunchbase.com/organization/kento-shop,Spain,39.4697065,-0.3763353,2017,1.0,False,False,False,False,True,True,True,False,False,False,False,False,False,False,1,2,1,1.0,0.0,2018-10-22,2020-10-18,Seed,2018,58.0,True,True,False,False,12.0,4.0,False,False,False,False,False,False,False,False,True,True,False,False,2,1,True,True,True,True,True,True,True,True,True,True,True,True,True,True,True,2,1.0,True,True,True,False,False,False,False,False,False,False,False,True,True,18,0,False,64,6,0.09375,0.0896121586896871,0.3025416859136113,0.0,0.0,0.0,0.0,0.0,0.0,0.0,0.0,0.0,0.0,0.0,0.0,2.84,6.2166061010848646,False,False,False,False,False,False,,,2,1,2,1,2,1,2,1,2,1,2,1
10600,Tesselo,https://www.crunchbase.com/organization/tesselo,Portugal,38.7077507,-9.1365919,2017,4.0,True,True,False,False,True,False,True,False,False,True,False,False,False,False,3,1,2,0.0,0.0,2020-08-29,2020-08-29,Seed,2020,145.5,True,,False,,10.0,17.5,True,,False,,False,,False,,False,,True,,1,0,True,,False,True,,True,,True,,True,,True,,True,,2,,True,,True,True,,False,False,False,False,False,False,True,True,49,0,False,58,15,0.2586206896551724,0.2300164306019717,0.0,0.005248712773818727,0.0,0.010497425547637452,0.0,0.005248712773818727,0.010497425547637452,0.0,0.0,0.0,0.010497425547637452,0.010497425547637452,0.010497425547637452,2.84,3.7184382563554808,False,False,False,False,False,False,,,2,0,2,0,2,0,2,0,2,0,2,0
6717,PickaDeli.co,https://www.crunchbase.com/organization/fudybudy-com,Spain,40.4237276,-3.6899043,2017,2.0,False,True,False,False,True,True,True,False,False,True,False,False,False,False,0,1,3,0.0,0.0,2017-09-09,2017-09-09,Seed,2017,49.0,False,,True,,4.7,178.7,True,,True,,True,,False,,False,,False,,0,0,False,,False,False,,False,,False,,False,,False,,False,,0,,False,,False,True,,True,True,True,False,True,False,True,False,101,2,True,214,38,0.1775700934579439,0.1634530724895718,0.0013966316113990815,3.805669631360617,1.4830929897376368,8.067062198915803,1.4830929897376368,3.805669631360617,8.067062198915803,0.0,0.0,0.0,5.689884452916144,0.503232713780143,8.41055354107772,2.84,6.398594934535208,False,False,False,False,False,False,,,0,0,0,0,0,0,0,0,0,0,0,0
19660,EatsReady,https://www.crunchbase.com/organization/eatsready,Italy,45.4641943,9.1896346,2017,4.0,False,True,False,False,False,True,True,False,True,True,False,False,False,False,1,1,2,0.0,2.307881,2018-03-20,2018-03-20,Venture - Series Unknown,2018,6.0,True,,True,,2.0,2.0,True,,False,,False,,False,,False,,False,,1,0,True,,False,True,,True,,True,,True,,True,,True,,1,,True,,False,True,,False,False,False,False,False,False,True,True,89,1,True,118,25,0.211864406779661,0.1921600057942425,0.0,0.5933962677675809,0.0,1.1867925355351614,0.0,0.5933962677675809,1.1867925355351614,0.0,0.0,0.0,1.1867925355351614,1.1867925355351614,1.1867925355351614,2.84,4.61512051684126,True,False,True,True,True,True,2023-03-07,6.0,1,0,1,0,1,0,1,0,1,0,1,0
7047,Alternative Plants,https://www.crunchbase.com/organization/alternative-plants,Latvia,56.9222396,23.9726434,2017,2.0,False,False,False,False,True,True,True,True,False,False,False,True,False,False,0,3,2,1.0,0.536607,2017-04-03,2022-05-27,Seed,2017,38.0,True,False,True,True,15.8,40.5,True,True,True,True,True,True,False,False,False,False,False,False,2,0,True,False,False,True,False,True,False,True,False,True,False,True,False,True,False,2,0.0,True,False,False,False,False,True,True,True,False,False,False,True,False,12,0,False,42,6,0.1428571428571428,0.1335313926245225,0.2832932137158386,3.408613460244677,0.0,6.817226920489354,0.0,2.2724089734964514,6.817226920489354,6.817226920489354,6.817226920489354,6.817226920489354,4.544817946992903,0.0,6.817226920489354,2.84,2.272125885509337,False,False,False,False,False,False,,,2,0,2,0,2,0,2,0,2,0,2,0
7053,AgroPlatforma,https://www.crunchbase.com/organization/agroplatforma,Latvia,56.6406585,23.7321516,2017,1.0,True,False,False,False,False,False,True,False,False,False,False,False,False,False,2,3,1,1.0,0.054074,2019-04-02,2020-04-27,Seed,2019,447.0,False,False,True,True,7.3,13.0,False,False,True,True,True,True,False,False,False,False,False,False,0,0,False,False,False,False,False,False,False,False,False,False,False,False,False,False,False,0,0.0,False,False,False,True,True,False,False,False,False,False,False,True,True,12,0,False,4,0,0.0,0.0,0.3166203665538694,0.31662036655386894,0.31662036655386894,0.31662036655386894,0.31662036655386894,0.31662036655386894,0.31662036655386894,0.31662036655386894,0.31662036655386894,0.31662036655386894,0.0,0.0,0.0,2.84,3.616308761279101,False,False,False,False,False,False,,,0,0,0,0,0,0,0,0,0,0,0,0
3630,Apicbase,https://www.crunchbase.com/organization/apic,Belgium,51.2211097,4.3997081,2017,4.0,True,False,False,False,False,False,True,False,False,True,True,False,False,False,0,2,2,2.0,1.694172,2017-06-29,2019-06-20,Series A,2017,30.5,True,True,True,True,16.0,8.0,False,False,False,False,False,False,True,True,False,False,False,False,0,0,False,False,False,True,True,False,False,False,False,False,False,False,False,False,False,1,1.0,True,True,False,True,True,False,False,False,False,False,False,True,True,65,0,False,24,5,0.2083333333333333,0.1892419996385283,0.04178341661806711,0.1027878053123882,0.07307711809691768,0.1324984925278587,0.0,0.0,0.0,0.07307711809691768,0.1027878053123882,0.1324984925278587,0.16333646968648535,0.16333646968648535,0.16333646968648535,2.84,5.303304908059076,False,False,True,False,True,True,,,0,0,0,0,0,0,0,0,0,0,1,1
7226,Foodji,https://www.crunchbase.com/organization/foodji,Germany,48.0486558,11.5300727,2017,3.0,False,True,False,False,True,True,True,False,False,False,False,False,False,False,2,4,2,0.0,5.0,2019-09-01,2021-05-01,Series A,2019,31.5,False,,True,,3.0,3.0,True,,False,,False,,False,,False,,False,,0,0,False,,False,False,,False,,False,,False,,False,,False,,2,,True,,False,True,,True,True,True,False,True,False,True,False,129,2,True,7,2,0.2857142857142857,0.251314428280906,0.010395175565169935,4.9594653500806345,0.513593685149451,9.405337015011815,0.513593685149451,4.9594653500806345,9.405337015011815,0.0,0.0,0.0,6.045303867736052,0.0,9.067955801604079,2.84,7.650168700845001,False,True,True,True,True,True,,,0,0,0,0,0,0,0,0,0,0,0,0
7215,yfood Labs,https://www.crunchbase.com/organization/yfood-labs-gmbh,Germany,48.1371079,11.5753822,2017,2.0,True,True,False,False,False,False,True,True,False,False,False,False,False,False,1,2,1,1.0,2.4,2018-11-13,2018-11-13,Corporate Round,2018,31.0,False,False,True,True,1.0,7.0,True,True,False,False,False,False,False,False,False,False,False,False,0,0,False,False,False,False,False,False,False,False,False,False,False,False,False,False,False,2,2.0,True,True,True,False,False,False,False,False,False,True,True,True,True,129,2,True,171,62,0.3625730994152046,0.3093748970630406,0.0,0.433534186946357,0.433534186946357,0.433534186946357,0.0,0.0,0.0,0.433534186946357,0.433534186946357,0.433534186946357,0.0,0.0,0.0,2.84,7.244941546337007,False,True,True,True,True,True,,,0,0,0,0,0,0,0,0,0,0,0,0
10988,ApisProtect,https://www.crunchbase.com/organization/apisprotect,Ireland,51.8985136,-8.4726423,2017,1.0,True,False,False,False,False,False,True,False,False,True,False,False,False,False,1,1,4,2.0,1.8,2018-11-20,2018-11-20,Seed,2018,43.25,False,False,True,True,7.8,10.8,True,True,False,False,False,False,True,True,False,False,False,False,0,0,False,False,False,False,False,False,False,False,False,False,False,False,False,False,False,2,1.0,True,True,False,True,True,True,True,True,False,False,False,True,False,2,0,False,26,6,0.2307692307692307,0.2076393647782444,0.2198027074265303,4.279148987394855,0.21962513333732103,8.33867284145239,0.21962513333732103,4.279148987394855,8.33867284145239,0.21962513333732103,4.279148987394855,8.33867284145239,5.579400617756539,0.0,8.369100926634808,2.84,5.707110264748875,False,False,False,False,False,False,,,0,0,0,0,0,0,0,0,0,0,0,0
4234,Verdify,https://www.crunchbase.com/organization/verdi-food,The Netherlands,51.3924489,6.1511724,2017,2.0,False,False,False,False,False,False,True,False,False,True,False,False,False,False,3,2,2,2.0,5.797628,2020-10-13,2021-12-13,Seed,2020,10.0,True,True,False,False,10.0,0.0,False,False,False,False,False,False,False,False,False,False,False,False,1,1,True,True,False,True,True,True,True,True,True,True,True,True,True,True,True,2,2.0,True,True,True,False,False,False,False,False,False,False,False,True,True,24,0,False,0,0,0.0,0.0,0.13911465632298553,0.026067808165794768,0.0,0.05213561633158953,0.0,0.0,0.0,0.0,0.026067808165794768,0.05213561633158953,0.05213561633158953,0.05213561633158953,0.05213561633158953,2.84,6.55250788703459,False,False,False,False,False,False,,,1,1,1,1,1,1,1,1,2,2,2,2
20907,ToolSense,https://www.crunchbase.com/organization/toolsense,Austria,48.1857192,16.4221587,2017,4.0,True,True,False,False,True,False,True,False,False,True,False,False,True,False,0,3,3,3.0,3.534268,2017-09-29,2020-07-29,Series A,2017,24.0,True,True,True,True,3.2,3.2,True,True,False,False,False,False,False,False,False,False,False,False,2,1,True,True,False,True,True,True,True,True,True,True,True,True,True,True,True,5,2.0,True,True,False,True,True,False,False,False,False,True,True,True,True,63,2,True,89,27,0.3033707865168539,0.2649538213742248,0.004458645788406763,0.24720498405547456,0.0,0.3745864505515096,0.0,0.2497243003676731,0.3745864505515096,0.0,0.24468566774327602,0.3745864505515096,0.2165246288967531,0.0,0.3745864505515096,2.84,4.602165676967792,False,False,True,False,True,True,,,2,1,2,1,2,1,2,1,2,1,2,1
4595,CEVAP Technology,https://www.crunchbase.com/organization/cevap-technology,The Netherlands,51.4392648,5.478633,2017,2.0,True,False,True,False,True,False,True,True,False,False,False,True,False,False,0,1,1,0.0,0.0,2017-03-07,2017-03-07,Seed,2017,39.0,False,,True,,8.0,2.0,True,,False,,False,,False,,False,,False,,0,0,False,,False,False,,False,,False,,False,,False,,False,,1,,True,,True,True,,False,False,False,False,False,False,True,True,15,1,True,23,4,0.1739130434782608,0.1603426500751793,0.1025854152192535,0.10500463728541412,0.10500463728541412,0.10500463728541412,0.10500463728541412,0.10500463728541412,0.10500463728541412,0.0,0.0,0.0,0.0,0.0,0.0,2.84,5.993961427306569,False,False,False,False,False,False,,,0,0,0,0,0,0,0,0,0,0,0,0
20734,Empirical,https://www.crunchbase.com/organization/empirical-spirits,Denmark,55.6867243,12.5700724,2017,2.0,False,True,False,False,True,False,True,False,False,True,False,False,False,False,0,2,3,0.0,0.0,2017-06-01,2019-11-01,Series A,2017,37.666666666666664,False,,True,,5.3,9.3,True,,False,,False,,False,,True,,False,,0,0,False,,False,False,,False,,False,,False,,False,,False,,0,,False,,False,False,,True,True,True,True,False,False,False,False,66,2,True,171,42,0.2456140350877192,0.2196286092067652,0.0,9.005384142742255,8.999910410263096,9.014773056179191,8.999910410263096,9.005384142742255,9.014773056179191,0.0,0.0,0.0,0.0200585564860968,0.015120148011419645,0.023208506923721138,2.84,4.804840381116659,False,False,True,False,True,True,,,0,0,0,0,0,0,0,0,0,0,0,0
3722,Dog Chef,https://www.crunchbase.com/organization/dog-chef,Belgium,50.7880076,4.6022926,2017,1.0,False,True,False,False,True,True,True,False,False,False,False,False,False,False,3,1,1,1.0,1.21838,2020-12-24,2020-12-24,Series A,2020,22.0,True,True,False,False,4.0,2.0,False,False,False,False,False,False,False,False,False,False,False,False,0,0,False,False,False,True,True,True,True,True,True,True,True,True,True,True,True,1,1.0,True,True,True,True,True,False,False,False,False,False,False,True,True,58,1,True,2,0,0.0,0.0,0.018770182307023923,0.019979830961504443,0.019979830961504443,0.019979830961504443,0.0,0.0,0.0,0.019979830961504443,0.019979830961504443,0.019979830961504443,0.0,0.0,0.0,2.84,6.2166061010848646,False,False,True,False,True,True,,,1,1,1,1,1,1,1,1,1,1,1,1
3770,Proxideal,https://www.crunchbase.com/organization/proxideal,Belgium,50.8465573,4.351697,2017,2.0,True,True,False,False,True,False,True,False,False,True,False,False,False,False,1,2,1,0.0,1.252697,2018-04-18,2021-06-01,Seed,2018,50.0,True,,False,,3.5,0.0,False,,False,,True,,False,,False,,False,,0,0,False,,False,True,,True,,True,,False,,False,,False,,2,,True,,True,False,,False,False,False,False,False,False,True,True,76,0,False,58,8,0.1379310344827586,0.1292117314800061,0.0,0.048803690478805825,0.048803690478805825,0.048803690478805825,0.048803690478805825,0.048803690478805825,0.048803690478805825,0.0,0.0,0.0,0.0,0.0,0.0,2.84,5.707110264748875,False,False,False,False,False,False,,,0,0,0,0,0,0,2,0,2,0,2,0
11129,PLANTEDIT,https://www.crunchbase.com/organization/plantedit,Ireland,51.8985136,-8.4726423,2017,2.0,True,False,False,False,True,False,True,True,False,False,False,False,False,True,0,1,1,1.0,0.0,2017-04-19,2017-04-19,Seed,2017,0.0,False,False,True,True,22.0,80.0,True,True,True,True,True,True,False,False,False,False,False,False,0,0,False,False,False,False,False,False,False,False,False,False,False,False,False,False,False,0,0.0,False,False,False,False,False,True,True,True,True,False,False,False,False,2,0,False,26,6,0.2307692307692307,0.2076393647782444,0.2198027074265303,5.073185548969997,5.073185548969997,5.073185548969997,0.0,0.0,0.0,5.073185548969997,5.073185548969997,5.073185548969997,0.0,0.0,0.0,2.84,5.17105201550216,False,False,False,False,False,False,,,0,0,0,0,0,0,0,0,0,0,0,0
2684,Jow,https://www.crunchbase.com/organization/jow,France,48.8534951,2.3483915,2017,4.0,False,True,False,False,False,True,True,False,False,True,False,False,False,False,1,2,4,2.0,8.738528,2018-10-11,2019-12-09,Series A,2018,150.6,True,False,True,True,8.8,33.0,False,False,True,True,False,False,False,False,True,False,False,False,1,0,True,False,False,True,False,True,False,True,False,True,False,True,False,True,False,1,0.0,True,False,False,True,True,True,True,True,False,False,False,True,False,267,4,True,577,196,0.3396880415944541,0.2924367820793224,0.0006205248203236772,5.440357004823934,0.0,8.953058873364853,0.0,5.968705915576568,8.953058873364853,0.34260840402510934,4.647833638694982,8.953058873364853,5.30519250368521,0.0,8.953058873364853,2.84,7.0909098220799835,False,True,True,True,True,True,,,1,0,1,0,1,0,1,0,1,0,1,0
2692,Champerché,https://www.crunchbase.com/organization/champerché,France,48.8534951,2.3483915,2017,3.0,False,True,False,False,False,True,True,False,False,False,False,False,False,False,3,1,1,1.0,1.298467,2020-11-12,2020-11-12,Seed,2020,13.0,True,True,False,False,2.0,0.0,False,False,False,False,False,False,False,False,False,False,False,False,1,1,True,True,True,True,True,True,True,True,True,True,True,True,True,True,True,1,1.0,True,True,True,True,True,False,False,False,False,False,False,True,True,267,4,True,577,197,0.341421143847487,0.2937296070816275,0.0006205248203236772,0.0,0.0,0.0,0.0,0.0,0.0,0.0,0.0,0.0,0.0,0.0,0.0,2.84,7.244941546337007,False,False,False,False,False,False,,,1,1,1,1,1,1,1,1,1,1,1,1
2623,Les Nouveaux Affineurs,https://www.crunchbase.com/organization/les-nouvelles-affineurs,France,48.8534951,2.3483915,2017,1.0,False,True,False,False,True,False,True,False,False,False,False,False,False,False,3,1,3,1.0,3.928767,2020-03-02,2020-03-02,Seed,2020,83.33333333333333,True,True,True,False,9.3,16.7,True,True,False,False,False,False,False,False,False,False,False,False,2,1,True,True,False,True,True,True,True,True,True,True,True,True,True,True,True,2,1.0,True,True,False,True,True,False,False,False,False,True,False,True,True,267,4,True,577,196,0.3396880415944541,0.2924367820793224,0.0006205248203236772,0.14506162475759946,0.0,0.43518487427279845,0.0,0.21759243713639922,0.43518487427279845,0.0,0.0,0.0,0.2901232495151989,0.0,0.43518487427279845,2.84,7.244941546337007,True,False,False,True,True,True,2025-02-04,8.0,2,1,2,1,2,1,2,1,2,1,2,1
7549,Thankyoujane / Cantura,https://www.crunchbase.com/organization/thankyoujane-cantura,Germany,48.1371079,11.5753822,2017,1.0,False,True,False,False,False,True,True,True,False,False,True,False,False,False,3,4,1,1.0,1.865778,2020-12-01,2022-01-15,Seed,2020,4.0,False,False,True,True,0.0,0.0,False,False,False,False,False,False,False,False,False,False,False,False,0,0,False,False,False,False,False,False,False,False,False,False,False,False,False,False,False,0,0.0,False,False,False,False,False,False,False,False,False,False,False,True,True,129,2,True,171,63,0.3684210526315789,0.3136575588550416,0.0,0.6267824063598554,0.6267824063598554,0.6267824063598554,0.0,0.0,0.0,0.6267824063598554,0.6267824063598554,0.6267824063598554,0.0,0.0,0.0,2.84,7.550135342488429,False,False,False,False,False,False,,,0,0,0,0,0,0,0,0,0,0,0,0
2826,Vite Mon Marché,https://www.crunchbase.com/organization/vite-mon-marché,France,47.2186371,-1.5541362,2017,2.0,False,False,False,False,True,False,True,False,False,False,False,False,False,False,1,1,1,1.0,0.739827,2018-04-12,2018-04-12,Seed,2018,95.0,True,True,False,False,15.0,12.0,False,False,False,False,False,False,False,False,False,False,False,False,0,0,False,False,False,True,True,False,False,False,False,False,False,False,False,False,False,1,1.0,True,True,True,False,False,False,False,False,False,False,False,True,True,4,0,False,18,2,0.1111111111111111,0.1053605156578263,0.34256202158335125,0.09971046940792026,0.09971046940792026,0.09971046940792026,0.0,0.0,0.0,0.09971046940792026,0.09971046940792026,0.09971046940792026,0.0,0.0,0.0,2.84,7.0909098220799835,False,False,False,False,False,False,,,0,0,0,0,0,0,0,0,0,0,1,1
2780,TOTEM,https://www.crunchbase.com/organization/totem-55f0,France,48.8534951,2.3483915,2017,3.0,False,True,False,False,True,False,True,False,False,False,False,False,False,False,1,2,3,2.0,4.697399,2018-07-25,2020-09-29,Seed,2018,64.4,False,False,True,True,5.6,10.6,False,False,True,True,False,False,False,False,False,False,False,False,0,0,False,False,False,False,False,False,False,False,False,False,False,False,False,False,False,0,0.0,False,False,False,True,True,True,True,True,False,False,False,True,False,267,4,True,577,197,0.341421143847487,0.2937296070816275,0.0006205248203236772,4.38356059241161,1.0512604401551862,8.953058873364853,1.0512604401551862,6.319126062294964,8.953058873364853,1.0512604401551862,1.4802123875865787,1.9091643350179708,6.061056538367825,0.0,9.317949245001227,2.84,7.0909098220799835,False,False,False,False,False,False,,,0,0,0,0,0,0,0,0,0,0,0,0
2890,Linkinfarm,https://www.crunchbase.com/organization/linkinfarm,France,49.429517,1.112287,2017,2.0,False,False,False,False,False,False,True,False,False,False,False,False,False,False,1,1,1,1.0,1.175255,2018-09-24,2018-09-24,Seed,2018,31.0,False,False,True,True,2.0,1.0,False,False,False,False,False,False,False,False,False,False,False,False,0,0,False,False,False,False,False,False,False,False,False,False,False,False,False,False,False,1,1.0,True,True,True,False,False,False,False,False,False,False,False,True,True,1,0,False,6,0,0.0,0.0,0.10995490403104108,0.10578819019614095,0.10578819019614095,0.10578819019614095,0.0,0.0,0.0,0.10578819019614095,0.10578819019614095,0.10578819019614095,0.0,0.0,0.0,2.84,7.0909098220799835,False,False,False,False,False,False,,,0,0,0,0,0,0,0,0,0,0,0,0
12723,Hofmeister,https://www.crunchbase.com/organization/hofmeister,United Kingdom,51.2376557,-0.2057067,2017,2.0,False,False,False,False,False,False,True,False,False,False,False,False,False,False,2,2,3,2.0,1.917044,2019-12-11,2020-01-27,Seed,2019,109.66666666666669,True,True,False,False,15.0,10.0,False,False,False,False,True,False,False,False,False,False,False,False,0,0,False,False,False,True,True,True,True,True,True,True,True,True,False,False,False,3,2.0,True,True,True,True,False,False,False,False,False,False,False,True,True,642,0,False,0,0,0.0,0.0,0.031899669702919554,0.03713196850262731,0.028310734742948183,0.04384342632145621,0.028310734742948183,0.028310734742948183,0.028310734742948183,0.03924174444347753,0.04154258538246687,0.04384342632145621,0.035518363773373106,0.00864355576901858,0.05294940182194702,2.84,8.006700845440367,False,False,False,False,False,False,,,0,0,1,0,2,1,3,2,3,2,3,2
2306,Feed.,https://www.crunchbase.com/organization/feed-2,France,48.8534951,2.3483915,2017,1.0,False,True,False,False,False,False,True,False,False,False,False,False,False,False,0,2,2,1.0,4.107979,2017-01-31,2017-09-04,Series B,2017,21.333333333333332,True,True,False,False,2.0,2.3,False,False,False,False,False,False,False,False,False,False,False,False,3,1,True,True,True,True,True,True,True,True,True,True,True,True,True,True,True,3,1.0,True,True,True,True,True,False,False,False,False,False,False,True,True,267,4,True,577,196,0.3396880415944541,0.2924367820793224,0.0006205248203236772,0.0,0.0,0.0,0.0,0.0,0.0,0.0,0.0,0.0,0.0,0.0,0.0,2.84,6.803505257608338,False,True,True,True,True,True,,,3,1,3,1,3,1,3,1,3,1,3,1
21603,Entis,https://www.crunchbase.com/organization/entis,Finland,62.0,24.0,2017,1.0,False,False,False,False,False,False,True,False,False,False,False,False,False,False,1,1,3,1.0,0.232193,2018-08-08,2018-08-08,Venture - Series Unknown,2018,4.333333333333333,True,True,False,False,7.3,0.0,False,False,False,False,False,False,False,False,False,False,False,False,3,1,True,True,True,True,True,True,True,True,True,True,True,True,True,True,True,3,1.0,True,True,True,False,False,False,False,False,False,False,False,True,True,6,0,False,18,2,0.1111111111111111,0.1053605156578263,0.20997009474927936,0.0,0.0,0.0,0.0,0.0,0.0,0.0,0.0,0.0,0.0,0.0,0.0,2.84,5.303304908059076,False,False,True,False,True,True,,,3,1,3,1,3,1,3,1,3,1,3,1
2478,MYCOPHYTO,https://www.crunchbase.com/organization/mycophyto,France,43.641141,7.0086255,2017,1.0,True,False,False,False,True,False,True,True,False,False,False,True,False,False,2,1,3,2.0,1.53319,2019-09-25,2019-09-25,Venture - Series Unknown,2019,10.333333333333334,True,True,True,False,0.0,0.7,False,False,False,False,True,False,False,False,False,False,False,False,0,0,False,False,False,True,True,True,True,True,True,False,False,False,False,False,False,2,2.0,True,True,False,False,False,True,True,False,False,False,False,True,False,2,0,False,9,1,0.1111111111111111,0.1053605156578263,0.26636049077673396,0.6081778397888247,0.045451533921444076,1.6874588792452552,1.6874588792452552,1.6874588792452552,1.6874588792452552,0.045451533921444076,0.0685373200606094,0.09162310619977473,1.0983212691874256,0.05362644601325339,1.645420639719954,2.84,7.378383712996715,False,False,True,False,True,True,,,0,0,0,0,0,0,1,1,1,1,2,2
7585,KitchenAdvisor,https://www.crunchbase.com/organization/kitchenadvisor,Germany,53.550341,10.000654,2017,2.0,True,True,False,False,False,True,True,False,False,False,False,False,False,False,1,2,1,0.0,1.876624,2018-02-01,2018-02-01,Seed,2018,70.0,True,,False,,7.0,5.0,False,,False,,False,,False,,False,,False,,2,0,True,,True,True,,True,,True,,True,,True,,True,,2,,True,,True,True,,False,False,False,False,True,True,True,True,47,1,True,111,32,0.2882882882882883,0.2533144289475731,0.0,0.0,0.0,0.0,0.0,0.0,0.0,0.0,0.0,0.0,0.0,0.0,0.0,2.84,7.244941546337007,False,False,False,False,False,False,,,2,0,2,0,2,0,2,0,2,0,2,0
2407,Foodomarket,https://www.crunchbase.com/organization/foodomarket,France,48.8534951,2.3483915,2017,1.0,False,True,False,False,True,False,True,False,False,True,False,False,False,False,2,1,1,0.0,1.128049,2019-08-10,2019-08-10,Series A,2019,30.0,False,,True,,22.0,10.0,True,,False,,False,,False,,False,,False,,0,0,False,,False,False,,False,,False,,False,,False,,False,,0,,False,,False,False,,False,False,False,False,True,True,True,True,267,4,True,577,197,0.341421143847487,0.2937296070816275,0.0006205248203236772,0.41010629119478453,0.41010629119478453,0.41010629119478453,0.41010629119478453,0.41010629119478453,0.41010629119478453,0.0,0.0,0.0,0.0,0.0,0.0,2.84,7.378383712996715,False,False,True,False,True,True,,,0,0,0,0,0,0,0,0,0,0,0,0
21529,iFarm,https://www.crunchbase.com/organization/ifarm-project,Finland,60.1717794,24.9413548,2017,3.0,True,True,False,False,False,False,True,False,False,True,False,False,False,False,3,1,3,1.0,4.0,2020-08-20,2020-08-20,Seed,2020,12.333333333333334,False,False,True,True,3.7,1.7,True,True,False,False,False,False,False,False,True,False,False,False,0,0,False,False,False,False,False,False,False,False,False,False,False,False,False,False,False,0,0.0,False,False,False,False,False,True,True,True,False,False,False,True,False,47,2,True,194,45,0.2319587628865979,0.2086053928681825,0.0004833470476976217,4.737659980157827,2.893676366565138,6.781042610278194,2.893676366565138,3.7159686650976433,4.538260963630148,6.781042610278194,6.781042610278194,6.781042610278194,7.510853377252858,2.3810327718386386,11.183255379863013,2.84,5.993961427306569,False,False,False,False,False,False,,,0,0,0,0,0,0,0,0,0,0,0,0
7422,BIOMES,https://www.crunchbase.com/organization/biomes,Germany,52.3214429,13.6348744,2017,4.0,True,False,False,False,True,True,True,True,False,True,False,False,False,False,3,4,2,0.0,9.180476,2020-02-13,2020-12-07,Corporate Round,2020,19.5,True,,True,,5.0,4.0,False,,False,,False,,False,,False,,False,,0,0,False,,False,True,,True,,True,,True,,True,,False,,4,,True,,True,True,,False,False,False,False,True,True,True,True,171,0,False,3,0,0.0,0.0,0.026453269596305153,0.2622913358314079,0.026453269596305097,0.4981294020665107,0.026453269596305097,0.2622913358314079,0.4981294020665107,0.0,0.0,0.0,0.34239579009963406,0.0,0.513593685149451,2.84,7.550135342488429,False,False,True,False,True,True,,,0,0,2,0,2,0,2,0,2,0,2,0
7414,keleya,https://www.crunchbase.com/organization/keleya,Germany,52.510885,13.3989367,2017,3.0,False,True,False,False,False,True,True,True,False,False,False,False,False,False,3,2,1,0.0,0.0,2020-04-30,2020-04-30,Series A,2020,82.0,False,,True,,0.0,3.0,True,,False,,False,,False,,True,,False,,0,0,False,,False,False,,False,,False,,False,,False,,False,,0,,False,,False,True,,False,False,False,False,True,True,True,True,171,3,True,578,224,0.3875432525951557,0.327534739194137,0.0,0.5264909530185515,0.5264909530185515,0.5264909530185515,0.5264909530185515,0.5264909530185515,0.5264909530185515,0.0,0.0,0.0,0.0,0.0,0.0,2.84,7.550135342488429,False,False,True,False,True,True,,,0,0,0,0,0,0,0,0,0,0,0,0
12860,Sentiment Search,https://www.crunchbase.com/organization/sentiment-search,United Kingdom,51.4893335,-0.1440551,2017,1.0,True,True,False,False,False,True,True,False,False,True,True,False,False,False,1,1,2,0.0,0.0,2018-11-12,2018-11-12,Pre-Seed,2018,58.0,False,,True,,7.5,266.0,False,,True,,True,,False,,False,,False,,0,0,False,,False,False,,False,,False,,False,,False,,False,,0,,False,,False,True,,True,True,True,False,True,False,True,False,643,5,True,1905,471,0.247244094488189,0.2209363929217342,0.004639509600861782,4.232912394340024,0.9326577677712301,7.533167020908819,0.9326577677712301,4.232912394340024,7.533167020908819,0.0,0.0,0.0,8.155867103890571,8.155867103890571,8.155867103890571,2.84,7.696667081526462,False,False,False,False,False,False,,,0,0,0,0,0,0,0,0,0,0,0,0
12864,Dynium Robot,https://www.crunchbase.com/organization/dynium-robot,United Kingdom,51.7520131,-1.2578499,2017,2.0,True,True,False,False,False,False,True,False,False,True,False,False,False,False,1,1,1,1.0,0.0,2018-01-31,2018-01-31,Seed,2018,45.0,True,True,False,False,1.0,5.0,False,False,False,False,False,False,False,False,False,False,False,False,0,0,False,False,False,True,True,False,False,False,False,False,False,False,False,False,False,1,1.0,True,True,True,True,True,False,False,False,False,False,False,True,True,18,1,True,65,25,0.3846153846153846,0.3254224004346279,0.0,0.08225276663828812,0.08225276663828812,0.08225276663828812,0.0,0.0,0.0,0.08225276663828812,0.08225276663828812,0.08225276663828812,0.0,0.0,0.0,2.84,7.696667081526462,False,False,False,False,False,False,,,0,0,0,0,0,0,0,0,0,0,1,1
12850,Project Blu,https://www.crunchbase.com/organization/project-blu,United Kingdom,54.0604605,-2.8043933,2017,1.0,False,False,False,False,False,True,True,False,False,False,False,False,False,False,3,1,1,0.0,0.0,2020-02-20,2020-02-20,Corporate Round,2020,70.0,False,,True,,4.0,7.0,False,,False,,False,,False,,False,,False,,0,0,False,,False,False,,False,,False,,False,,False,,False,,0,,False,,False,False,,True,True,True,True,False,False,False,False,1,1,True,1,0,0.0,0.0,0.07432479668682299,8.444681581150267,8.444681581150267,8.444681581150267,8.444681581150267,8.444681581150267,8.444681581150267,0.0,0.0,0.0,0.0,0.0,0.0,2.84,7.901377353792616,False,False,True,False,True,True,,,0,0,0,0,0,0,0,0,0,0,0,0
12870,Nell Health,https://www.crunchbase.com/organization/nell-natural-elements,United Kingdom,51.4893335,-0.1440551,2017,1.0,True,True,False,False,False,True,True,True,False,False,False,False,False,False,0,1,1,0.0,0.0,2017-07-17,2017-07-17,Seed,2017,0.0,False,,True,,11.0,527.0,False,,True,,True,,False,,False,,False,,0,0,False,,False,False,,False,,False,,False,,False,,False,,0,,False,,False,False,,True,True,True,True,False,False,False,False,643,5,True,1905,470,0.2467191601049868,0.2205154289079401,0.004639509600861782,7.533167020908819,7.533167020908819,7.533167020908819,7.533167020908819,7.533167020908819,7.533167020908819,0.0,0.0,0.0,0.0,0.0,0.0,2.84,7.696667081526462,True,False,False,True,True,True,2021-06-28,4.0,0,0,0,0,0,0,0,0,0,0,0,0
7392,Cansativa Group,https://www.crunchbase.com/organization/cansativa-group,Germany,50.1106444,8.6820917,2017,3.0,True,False,False,False,False,True,True,True,False,False,False,False,False,True,2,2,1,1.0,4.0,2019-02-19,2019-02-19,Series B,2019,1.0,False,False,True,True,2.0,0.0,False,False,False,False,False,False,False,False,False,False,False,False,0,0,False,False,False,False,False,False,False,False,False,False,False,False,False,False,False,0,0.0,False,False,False,False,False,True,True,True,True,False,False,False,False,48,0,False,27,12,0.4444444444444444,0.3677247801253173,0.30406814137426386,6.202693901832568,6.202693901832568,6.202693901832568,0.0,0.0,0.0,6.202693901832568,6.202693901832568,6.202693901832568,0.0,0.0,0.0,2.84,7.650168700845001,False,False,True,False,True,True,,,0,0,0,0,0,0,0,0,0,0,0,0
7390,Agrando,https://www.crunchbase.com/organization/agrando,Germany,48.1371079,11.5753822,2017,5.0,True,True,False,False,True,False,True,False,False,False,False,False,False,True,1,4,3,1.0,0.0,2018-04-30,2020-02-12,Series A,2018,8.333333333333334,False,False,True,True,4.7,0.7,False,False,False,False,False,False,False,False,False,False,False,False,0,0,False,False,False,False,False,False,False,False,False,False,False,False,False,False,False,4,2.0,True,True,False,True,True,False,False,False,False,True,False,True,True,129,2,True,171,63,0.3684210526315789,0.3136575588550416,0.0,0.5752511418928032,0.3040681413742637,0.918452570524003,0.3040681413742637,0.6112603559491333,0.918452570524003,0.503232713780143,0.503232713780143,0.503232713780143,0.5316740929747865,0.0,0.9326577677712301,2.84,7.244941546337007,False,False,True,False,True,True,,,0,0,0,0,0,0,0,0,0,0,0,0
7378,Delicious Data,https://www.crunchbase.com/organization/noyanum,Germany,48.1371079,11.5753822,2017,2.0,True,True,False,False,True,False,True,False,False,True,False,False,False,False,2,6,4,1.0,0.0,2019-08-14,2022-10-01,Venture - Series Unknown,2019,64.66666666666667,True,False,True,True,14.2,10.2,True,True,False,False,False,False,False,False,False,False,False,False,0,0,False,False,False,True,False,True,False,False,False,False,False,False,False,False,False,8,0.0,True,False,False,True,True,True,True,False,False,True,False,True,False,129,2,True,171,63,0.3684210526315789,0.3136575588550416,0.0,0.34098301760968935,0.06151340423856037,1.3789372473767745,0.06151340423856037,0.3607502813144527,1.3789372473767745,0.2421466990858727,0.2421466990858727,0.2421466990858727,0.5430545153718626,0.0,1.5296482506654918,2.84,7.650168700845001,False,False,True,False,True,True,,,0,0,0,0,0,0,0,0,4,0,4,0
12793,Agronomex,https://www.crunchbase.com/organization/agronomex,United Kingdom,51.4893335,-0.1440551,2017,2.0,True,True,False,False,True,False,True,False,False,True,False,False,False,False,2,1,1,0.0,0.0,2019-03-01,2019-03-01,Pre-Seed,2019,164.0,True,,False,,7.0,4.0,True,,False,,True,,False,,False,,False,,1,0,True,,True,True,,True,,True,,True,,True,,True,,1,,True,,True,True,,False,False,False,False,False,False,True,True,643,5,True,1905,471,0.247244094488189,0.2209363929217342,0.004639509600861782,0.0,0.0,0.0,0.0,0.0,0.0,0.0,0.0,0.0,0.0,0.0,0.0,2.84,8.006700845440367,False,False,False,False,False,False,,,1,0,1,0,1,0,1,0,1,0,1,0
12809,Olombria,https://www.crunchbase.com/organization/pollinator-and-orchard-management,United Kingdom,51.4893335,-0.1440551,2017,3.0,True,True,False,False,False,False,True,False,False,False,False,False,False,False,0,3,2,0.0,0.0,2017-12-19,2019-04-16,Pre-Seed,2017,143.0,True,,True,,13.3,15.7,True,,False,,True,,False,,False,,False,,2,0,True,,False,True,,True,,True,,True,,True,,True,,2,,True,,False,True,,True,True,True,False,False,False,True,False,643,5,True,1905,471,0.247244094488189,0.2209363929217342,0.004639509600861782,2.882410586373228,0.0,8.647231759119684,0.0,2.882410586373228,8.647231759119684,0.0,0.0,0.0,5.764821172746456,0.0,8.647231759119684,2.84,7.696667081526462,False,False,False,False,False,False,,,2,0,2,0,2,0,2,0,2,0,2,0
12801,Optimal Agriculture,https://www.crunchbase.com/organization/optimal-ag,United Kingdom,51.4893335,-0.1440551,2017,2.0,True,True,False,False,True,False,True,False,False,True,False,False,False,False,1,1,5,1.0,0.0,2018-01-22,2018-01-22,Venture - Series Unknown,2018,216.6,True,False,True,True,6.8,46.2,False,False,True,False,False,False,False,False,True,False,False,False,3,0,True,False,False,True,False,True,False,True,False,True,False,True,False,True,False,3,0.0,True,False,False,True,False,True,True,True,False,False,False,True,False,643,5,True,1905,471,0.247244094488189,0.2209363929217342,0.004639509600861782,3.2634621058630344,0.0,8.616713337577476,0.0,2.154178334394369,8.616713337577476,7.700597191737697,7.700597191737697,7.700597191737697,5.0044398444501335,0.0,8.616713337577476,2.84,7.696667081526462,False,False,True,False,True,True,,,3,0,3,0,3,0,3,0,3,0,3,0
19144,ALZAGRO,https://www.crunchbase.com/organization/alzagro,Hungary,47.1753833,20.1946279,2018,3.0,True,False,False,False,True,True,True,False,False,True,False,False,False,False,0,2,1,1.0,0.0,2018-06-01,2019-03-22,Pre-Seed,2018,392.0,True,True,False,False,19.5,7.0,False,False,False,False,False,False,False,False,False,False,False,False,0,0,False,False,False,True,True,False,False,False,False,False,False,False,False,False,False,2,1.0,True,True,True,False,False,False,False,False,False,False,False,True,True,0,0,False,1,0,0.0,0.0,0.3082294268757824,0.09408997817602692,0.09408997817602692,0.09408997817602692,0.09408997817602692,0.09408997817602692,0.09408997817602692,0.09408997817602692,0.09408997817602692,0.09408997817602692,0.0,0.0,0.0,2.07,4.244200317766478,False,False,False,False,False,False,,,0,0,0,0,0,0,0,0,0,0,2,1
20642,Nature Preserve,https://www.crunchbase.com/organization/nature-preserve,Denmark,55.6867243,12.5700724,2018,4.0,True,True,False,False,False,False,True,False,False,True,False,False,False,False,2,2,3,0.0,0.0,2020-04-14,2022-10-01,Pre-Seed,2020,224.5,False,,True,,20.7,43.2,True,,True,,True,,False,,False,,False,,0,0,False,,False,False,,False,,False,,False,,False,,False,,0,,False,,False,True,,True,True,True,False,False,False,True,False,66,2,True,191,45,0.2356020942408377,0.2115583769789802,0.0,3.545293121572806,0.8356160892709296,6.254970153874683,0.8356160892709296,3.545293121572806,6.254970153874683,0.0,0.0,0.0,4.476302985681756,0.0,6.714454478522636,2.07,5.707110264748875,False,False,False,False,False,False,,,0,0,0,0,0,0,0,0,0,0,0,0
19377,Mitomarin,https://www.crunchbase.com/organization/mitomarin,Hungary,47.4978789,19.0402383,2018,2.0,True,False,False,False,True,False,True,True,False,False,False,False,False,False,0,3,1,0.0,0.0,2018-09-15,2020-05-18,Seed,2018,1.0,False,,True,,2.0,0.0,False,,False,,False,,True,,False,,False,,0,0,False,,False,False,,False,,False,,False,,False,,False,,0,,False,,False,False,,True,True,True,True,False,False,False,False,31,0,False,134,11,0.0820895522388059,0.0788939424696629,0.21414371872684834,6.929209939898239,6.929209939898239,6.929209939898239,6.929209939898239,6.929209939898239,6.929209939898239,0.0,0.0,0.0,0.0,0.0,0.0,2.07,4.244200317766478,False,False,False,False,False,False,,,0,0,0,0,0,0,0,0,0,0,0,0
19143,Growberry,https://www.crunchbase.com/organization/agro-innováció-kft,Hungary,47.8208159,19.6434085,2018,1.0,True,False,False,False,False,False,True,False,False,True,False,False,False,False,0,4,2,1.0,0.75,2018-07-20,2021-05-13,Pre-Seed,2018,405.75,True,True,True,False,17.2,8.5,False,False,True,False,True,False,False,False,False,False,False,False,0,0,False,False,False,True,True,True,True,False,False,False,False,False,False,False,False,3,1.0,True,True,False,True,False,False,False,False,False,False,False,True,True,0,0,False,0,0,0.0,0.0,0.24706589226956785,0.3767320077946006,0.05770691388181596,1.3338072895329545,0.05770691388181596,0.4830737057655288,1.3338072895329545,0.05770691388181596,0.05770691388181596,0.05770691388181596,0.6895087838987914,0.0,1.3790175677975829,2.07,4.244200317766478,False,False,False,False,False,False,,,0,0,0,0,0,0,0,0,3,1,3,1
20423,Seasony,https://www.crunchbase.com/organization/seasony,Denmark,55.6867243,12.5700724,2018,3.0,True,True,False,False,True,False,True,False,False,True,False,False,False,False,2,2,2,1.0,1.614805,2020-08-05,2023-12-11,Seed,2020,105.5,True,True,False,False,28.0,19.5,False,False,False,False,False,False,False,False,False,False,False,False,2,1,True,True,True,True,True,True,True,True,True,True,True,True,True,True,True,2,1.0,True,True,True,True,True,False,False,False,False,False,False,True,True,66,2,True,191,45,0.2356020942408377,0.2115583769789802,0.0,0.002613679790024374,0.0,0.005227359580048748,0.005227359580048748,0.005227359580048748,0.005227359580048748,0.0,0.0,0.0,0.005227359580048748,0.005227359580048748,0.005227359580048748,2.07,5.707110264748875,False,False,False,False,False,False,,,2,1,2,1,2,1,2,1,2,1,2,1
19786,AdvisorEat,https://www.crunchbase.com/organization/advisoreat,Italy,45.4641943,9.1896346,2018,2.0,True,True,False,False,False,False,True,False,False,False,True,False,False,False,1,1,1,0.0,0.744998,2019-01-01,2019-01-01,Seed,2019,26.0,True,,False,,8.0,9.0,False,,False,,False,,False,,False,,False,,1,0,True,,True,True,,True,,True,,True,,True,,True,,1,,True,,True,True,,False,False,False,False,False,False,True,True,89,1,True,134,27,0.2014925373134328,0.1835645650335516,0.0,0.0,0.0,0.0,0.0,0.0,0.0,0.0,0.0,0.0,0.0,0.0,0.0,2.07,5.303304908059076,True,False,False,True,True,True,2021-07-15,3.0,1,0,1,0,1,0,1,0,1,0,1,0
19726,MyLab Nutrition,https://www.crunchbase.com/organization/mylab-nutrition,Italy,41.8933203,12.4829321,2018,2.0,False,False,False,False,False,True,True,True,False,False,False,False,False,False,0,2,3,1.0,0.693241,2018-01-15,2021-10-06,Seed,2018,91.5,True,True,True,False,5.0,3.8,False,False,False,False,True,True,False,False,True,True,False,False,3,1,True,True,False,True,True,True,True,True,True,True,True,True,True,True,True,4,1.0,True,True,True,True,False,False,False,False,False,False,False,True,True,24,1,True,69,8,0.1159420289855072,0.1096989172564244,0.477186331368922,0.11929658284223046,0.0,0.47718633136892186,0.0,0.1590621104563073,0.47718633136892186,0.0,0.0,0.0,0.23859316568446093,0.0,0.47718633136892186,2.07,4.61512051684126,False,False,False,False,False,False,,,3,1,3,1,3,1,3,1,3,1,3,1
19718,Dishcovery,https://www.crunchbase.com/organization/dishcovery,Italy,44.5384728,10.9359609,2018,3.0,False,False,False,False,False,False,True,False,False,False,False,False,False,False,1,1,1,1.0,0.668742,2019-10-25,2019-10-25,Equity Crowdfunding,2019,48.0,False,False,True,True,3.0,8.0,False,False,False,False,False,False,False,False,True,True,False,False,0,0,False,False,False,False,False,False,False,False,False,False,False,False,False,False,False,1,1.0,True,True,True,True,True,False,False,False,False,False,False,True,True,7,0,False,4,1,0.25,0.2231435513142097,0.17159814133979895,0.171598141339799,0.171598141339799,0.171598141339799,0.0,0.0,0.0,0.171598141339799,0.171598141339799,0.171598141339799,0.0,0.0,0.0,2.07,5.303304908059076,False,False,False,False,False,False,,,0,0,0,0,0,0,0,0,0,0,0,0
21492,Yield Systems,https://www.crunchbase.com/organization/yield-systems,Finland,60.83333,26.0,2018,3.0,True,False,False,False,True,False,True,False,False,True,False,False,False,False,2,1,1,1.0,0.71064,2020-08-19,2020-08-19,Seed,2020,63.0,True,True,False,False,6.0,4.0,False,False,False,False,False,False,False,False,False,False,False,False,0,0,False,False,False,True,True,False,False,False,False,False,False,False,False,False,False,1,1.0,True,True,True,True,True,False,False,False,False,False,False,True,True,11,0,False,55,10,0.1818181818181818,0.1670540846631661,0.09398058736034391,0.09364994887113248,0.09364994887113248,0.09364994887113248,0.0,0.0,0.0,0.09364994887113248,0.09364994887113248,0.09364994887113248,0.0,0.0,0.0,2.07,5.993961427306569,False,False,False,False,False,False,,,0,0,0,0,0,0,0,0,0,0,1,1
21008,BioCraft Pet Nutrition,https://www.crunchbase.com/organization/because-animals,Austria,48.1857192,16.4221587,2018,2.0,False,True,False,False,False,True,True,True,False,False,False,False,False,False,0,5,3,3.0,0.0,2018-07-19,2022-12-19,Seed,2018,150.0,False,False,True,True,15.0,59.3,True,True,True,True,True,True,False,False,False,False,False,False,0,0,False,False,False,False,False,False,False,False,False,False,False,False,False,False,False,0,0.0,False,False,False,False,False,True,True,True,True,False,False,False,False,63,2,True,98,28,0.2857142857142857,0.251314428280906,0.004458645788406763,7.7909715110858375,6.868904178712219,9.65086667775732,6.868904178712219,7.698764777848475,9.65086667775732,6.868904178712219,7.906229927632539,9.65086667775732,1.974215341865613,0.0,4.086374494121357,2.07,4.439115601658009,False,False,False,False,False,False,,,0,0,0,0,0,0,0,0,0,0,0,0
20971,Blue Planet Ecosystems,https://www.crunchbase.com/organization/blue-planet-ecosystems,Austria,48.1857192,16.4221587,2018,5.0,True,True,False,False,False,False,True,False,False,False,False,False,False,False,1,2,3,0.0,2.45,2019-10-28,2021-09-01,Seed,2019,470.5,False,,True,,31.0,38.7,True,,True,,True,,False,,False,,False,,0,0,False,,False,False,,False,,False,,False,,False,,False,,0,,False,,False,True,,True,True,True,False,False,False,True,False,63,2,True,98,28,0.2857142857142857,0.251314428280906,0.004458645788406763,5.804633057968724,0.9189817791809166,9.626013216013035,0.9189817791809166,5.804633057968724,9.626013216013035,0.0,0.0,0.0,6.306139697459335,4.083058672374313,8.878272652378357,2.07,4.2456340097683265,False,False,False,False,False,False,,,0,0,0,0,0,0,0,0,0,0,0,0
20945,Orderlion,https://www.crunchbase.com/organization/orderlion,Austria,48.1857192,16.4221587,2018,2.0,True,True,False,False,True,True,True,False,False,False,False,False,False,True,1,3,6,1.0,4.0,2019-12-01,2023-07-07,Undisclosed,2019,56.714285714285715,True,True,True,False,9.3,5.1,True,False,True,False,True,False,False,False,False,False,False,False,1,0,True,False,False,True,True,True,True,True,False,True,False,True,False,True,False,3,1.0,True,True,False,True,False,False,False,False,False,True,False,True,True,63,2,True,98,28,0.2857142857142857,0.251314428280906,0.004458645788406763,0.3487470663429366,0.0,0.9407887574949384,0.0,0.39699190200198625,0.9407887574949384,0.05927805238863838,0.05927805238863838,0.05927805238863838,0.4858209120411051,0.0,0.9407887574949384,2.07,4.2456340097683265,False,False,False,False,False,False,,,1,0,1,0,1,0,1,0,3,1,3,1
19092,MOOW,https://www.crunchbase.com/organization/moow,Hungary,47.4978789,19.0402383,2018,1.0,True,False,False,False,False,False,True,True,False,False,False,False,False,False,1,1,2,1.0,1.04173,2019-12-30,2019-12-30,Seed,2019,14.5,True,True,False,False,8.0,1.0,False,False,False,False,False,False,False,False,False,False,False,False,2,1,True,True,True,True,True,True,True,True,True,True,True,True,True,True,True,2,1.0,True,True,True,False,False,False,False,False,False,False,False,True,True,31,0,False,134,11,0.0820895522388059,0.0788939424696629,0.21414371872684834,0.0,0.0,0.0,0.0,0.0,0.0,0.0,0.0,0.0,0.0,0.0,0.0,2.07,4.960744524482791,False,False,False,False,False,False,,,2,1,2,1,2,1,2,1,2,1,2,1
11157,Iamus Technologies,https://www.crunchbase.com/organization/iamus-technologies,Ireland,53.3436671,-6.2544366,2018,1.0,True,True,False,False,True,False,True,False,False,True,False,False,False,False,2,2,2,2.0,0.0,2020-09-07,2022-03-16,Pre-Seed,2020,175.0,False,False,True,True,13.0,269.0,True,True,True,True,True,True,False,False,False,False,False,False,0,0,False,False,False,False,False,False,False,False,False,False,False,False,False,False,False,0,0.0,False,False,False,False,False,True,True,True,True,False,False,False,False,34,0,False,163,39,0.2392638036809816,0.2145174965944424,0.0007540886496293537,7.6406360965702325,7.0753062371514615,8.205965955989,0.0,0.0,0.0,7.0753062371514615,7.6406360965702325,8.205965955989,1.481563356940379,1.481563356940379,1.481563356940379,2.07,5.303304908059076,False,False,False,False,False,False,,,0,0,0,0,0,0,0,0,0,0,0,0
4478,reNature,https://www.crunchbase.com/organization/renature-be7b,The Netherlands,52.3730796,4.8924534,2018,2.0,True,True,False,False,True,False,True,False,False,False,False,True,False,True,0,2,3,0.0,0.6557,2014-10-07,2021-01-07,Venture - Series Unknown,2014,127.0,True,,True,,13.0,9.7,True,,False,,True,,False,,False,,False,,2,0,True,,False,True,,True,,True,,True,,True,,True,,2,,True,,False,True,,True,True,True,False,False,False,True,False,169,1,True,256,52,0.203125,0.184922338494012,0.0,2.063279182440139,0.0,6.189837547320418,0.0,2.063279182440139,6.189837547320418,0.0,0.0,0.0,4.126558364880278,0.0,6.189837547320418,2.07,5.303304908059076,False,False,True,False,True,True,,,2,0,2,0,2,0,2,0,2,0,2,0
11892,AgroSustain,https://www.crunchbase.com/organization/agrosustain,Switzerland,46.3820585,6.2402791,2018,3.0,True,False,False,False,True,False,True,True,False,False,False,True,False,False,2,1,1,1.0,4.207585,2020-01-14,2020-01-14,Series A,2020,1.0,False,False,True,True,1.0,0.0,True,True,False,False,False,False,False,False,False,False,False,False,0,0,False,False,False,False,False,False,False,False,False,False,False,False,False,False,False,0,0.0,False,False,False,False,False,True,True,True,True,False,False,False,False,38,0,False,4,2,0.5,0.4054651081081644,0.0338427724886732,9.369666206595411,9.369666206595411,9.369666206595411,0.0,0.0,0.0,9.369666206595411,9.369666206595411,9.369666206595411,0.0,0.0,0.0,2.07,6.2166061010848646,False,False,True,False,True,True,,,0,0,0,0,0,0,0,0,0,0,0,0
11829,iSense,https://www.crunchbase.com/organization/isense,Switzerland,47.3744489,8.5410422,2018,1.0,True,True,False,False,True,True,True,False,False,True,False,True,False,False,1,1,1,0.0,0.0,2019-04-24,2019-04-24,Seed,2019,215.0,True,,False,,5.0,17.0,False,,False,,False,,True,,False,,False,,1,0,True,,True,True,,True,,True,,True,,True,,True,,1,,True,,True,True,,False,False,False,False,True,True,True,True,123,2,True,124,34,0.2741935483870967,0.2423134674219298,0.0,0.0,0.0,0.0,0.0,0.0,0.0,0.0,0.0,0.0,0.0,0.0,0.0,2.07,5.993961427306569,False,False,False,False,False,False,,,1,0,1,0,1,0,1,0,1,0,1,0
13465,THIS,https://www.crunchbase.com/organization/this-co,United Kingdom,51.4893335,-0.1440551,2018,2.0,False,True,False,False,False,False,True,False,False,False,False,True,False,False,2,1,4,1.0,7.142779,2020-01-09,2020-01-09,Series C,2020,139.5,True,True,True,False,6.2,22.2,True,False,True,False,True,False,False,False,True,False,False,False,3,1,True,True,False,True,True,True,True,True,True,True,True,True,True,True,True,3,1.0,True,True,False,True,True,False,False,False,False,False,False,True,True,643,5,True,2148,507,0.2360335195530726,0.2119074780472838,0.004639509600861782,0.08565210100627733,0.0,0.34260840402510934,0.0,0.11420280134170312,0.34260840402510934,0.0,0.0,0.0,0.17130420201255467,0.0,0.34260840402510934,2.07,7.901377353792616,False,True,True,True,True,True,,,3,1,3,1,3,1,3,1,3,1,3,1
4193,Pieter Pot,https://www.crunchbase.com/organization/pieter-pot,The Netherlands,51.9244424,4.47775,2018,3.0,False,False,False,False,True,True,True,False,False,False,False,False,False,False,2,1,3,0.0,3.195667,2020-11-13,2020-11-13,Equity Crowdfunding,2020,38.666666666666664,True,,False,,6.7,3.3,True,,False,,False,,False,,False,,False,,0,0,False,,False,True,,True,,True,,True,,True,,False,,3,,True,,True,True,,False,False,False,False,False,False,True,True,68,2,True,33,5,0.1515151515151515,0.1410785982599055,0.05735189574909011,0.030306819857547504,0.02070965903556591,0.04950114150151069,0.02070965903556591,0.030306819857547504,0.04950114150151069,0.0,0.0,0.0,0.02989641063024976,0.0,0.04484461594537464,2.07,6.55250788703459,False,False,False,False,False,False,,,0,0,2,0,2,0,3,0,3,0,3,0
4418,Eden Advanced Technologies,https://www.crunchbase.com/organization/eden-advanced-technologies,The Netherlands,52.2209855,6.8940537,2018,4.0,False,False,False,False,False,False,True,False,False,False,False,False,False,False,2,1,1,1.0,0.021981,2020-01-15,2020-01-15,Pre-Seed,2020,2.0,True,True,False,False,4.0,0.0,False,False,False,False,False,False,False,False,False,False,False,False,1,1,True,True,True,True,True,True,True,True,True,True,True,True,True,True,True,1,1.0,True,True,True,False,False,False,False,False,False,False,False,True,True,9,0,False,11,1,0.0909090909090909,0.0870113769896297,0.13715743374761244,0.0,0.0,0.0,0.0,0.0,0.0,0.0,0.0,0.0,0.0,0.0,0.0,2.07,6.55250788703459,False,False,False,False,False,False,,,1,1,1,1,1,1,1,1,1,1,1,1
5339,guavaHR,https://www.crunchbase.com/organization/guavahr,Estonia,58.3801207,26.72245,2018,1.0,True,False,False,False,False,True,True,True,False,True,False,False,False,False,1,1,1,0.0,0.0,2019-04-01,2019-04-01,Pre-Seed,2019,29.0,False,,True,,1.0,2.0,False,,False,,True,,True,,False,,False,,0,0,False,,False,False,,False,,False,,False,,False,,False,,0,,False,,False,False,,False,False,False,False,False,False,True,True,1,0,False,18,2,0.1111111111111111,0.1053605156578263,0.1634029903936329,0.23028327572562224,0.23028327572562224,0.23028327572562224,0.23028327572562224,0.23028327572562224,0.23028327572562224,0.0,0.0,0.0,0.0,0.0,0.0,2.07,3.616308761279101,False,False,False,False,False,False,,,0,0,0,0,0,0,0,0,0,0,0,0
10772,Sensaway,https://www.crunchbase.com/organization/sensaway,Portugal,38.717239,-9.3020403,2018,2.0,True,True,False,False,False,False,True,False,False,True,False,False,False,False,0,1,1,0.0,0.0,2018-01-01,2018-01-01,Seed,2018,26.0,False,,True,,1.0,1.0,True,,False,,True,,False,,False,,False,,0,0,False,,False,False,,False,,False,,False,,False,,False,,0,,False,,False,False,,False,False,False,False,False,False,True,True,49,0,False,5,0,0.0,0.0,0.014393804274428325,2.6172786619942037,2.6172786619942037,2.6172786619942037,2.6172786619942037,2.6172786619942037,2.6172786619942037,0.0,0.0,0.0,0.0,0.0,0.0,2.07,3.265759410767051,False,False,False,False,False,False,,,0,0,0,0,0,0,0,0,0,0,0,0
10838,Manna Air Delivery,https://www.crunchbase.com/organization/manna-16b7,Ireland,53.3436671,-6.2544366,2018,1.0,False,True,False,False,True,True,True,False,False,True,False,False,False,False,1,1,4,0.0,3.0,2019-12-18,2019-12-18,Venture - Series Unknown,2019,45.75,True,,True,,6.2,10.5,True,,False,,False,,False,,False,,False,,2,0,True,,False,True,,True,,True,,True,,True,,True,,2,,True,,False,True,,True,True,True,False,False,False,True,False,34,0,False,163,38,0.2331288343558282,0.2095547072523134,0.0007540886496293537,4.088486465127879,0.0,8.17697293025576,0.0,4.088486465127879,8.17697293025576,0.0,0.0,0.0,5.451315286837173,0.0,8.17697293025576,2.07,5.303304908059076,False,True,True,True,True,True,,,2,0,2,0,2,0,2,0,2,0,2,0
11204,Alune,https://www.crunchbase.com/organization/alune,Ireland,51.8985136,-8.4726423,2018,1.0,True,False,False,False,False,False,True,False,False,False,False,False,False,False,0,1,1,0.0,0.0,2018-01-01,2018-01-01,Seed,2018,26.0,False,,True,,1.0,1.0,True,,False,,True,,False,,False,,False,,0,0,False,,False,False,,False,,False,,False,,False,,False,,0,,False,,False,False,,False,False,False,False,False,False,True,True,2,0,False,27,6,0.2222222222222222,0.2006706954621511,0.2198027074265303,1.2688100723820597,1.2688100723820597,1.2688100723820597,1.2688100723820597,1.2688100723820597,1.2688100723820597,0.0,0.0,0.0,0.0,0.0,0.0,2.07,5.707110264748875,False,False,False,False,False,False,,,0,0,0,0,0,0,0,0,0,0,0,0
13477,OCEANIUM,https://www.crunchbase.com/organization/oceanium,United Kingdom,56.4120166,-5.4723731,2018,2.0,True,False,False,False,True,False,True,False,True,False,False,True,False,False,2,4,3,1.0,8.047498,2020-08-01,2022-10-01,Undisclosed,2020,11.0,False,False,True,True,2.0,0.0,True,True,False,False,False,False,False,False,False,False,False,False,0,0,False,False,False,False,False,False,False,False,False,False,False,False,False,False,False,3,1.0,True,True,False,True,True,True,True,True,False,False,False,True,False,0,0,False,0,0,0.0,0.0,0.3442555286520464,2.305993140468257,0.6485625446117187,4.792139034253064,0.6485625446117187,2.7203507894323913,4.792139034253064,0.6485625446117187,0.6485625446117187,0.6485625446117187,3.1584883095597385,0.0,5.264147182599564,2.07,7.901377353792616,False,False,False,False,False,False,,,0,0,0,0,0,0,0,0,0,0,0,0
13592,Flox,https://www.crunchbase.com/organization/flox,United Kingdom,51.4893335,-0.1440551,2018,2.0,True,True,False,False,True,False,True,False,False,True,False,False,False,False,2,2,2,1.0,0.0,2020-04-07,2021-12-10,Venture - Series Unknown,2020,260.3333333333333,False,False,True,True,10.3,54.0,False,False,False,False,False,False,False,False,False,False,False,False,0,0,False,False,False,False,False,False,False,False,False,False,False,False,False,False,False,0,0.0,False,False,False,False,False,True,True,True,True,False,False,False,False,643,5,True,2148,508,0.2364990689013035,0.2122840549675691,0.004639509600861782,8.012306072764215,7.700597191737697,8.635723834817247,7.700597191737697,7.700597191737697,7.700597191737697,8.635723834817247,8.635723834817247,8.635723834817247,0.7531803263206442,0.0,1.1297704894809666,2.07,7.901377353792616,False,False,True,False,True,True,,,0,0,0,0,0,0,0,0,0,0,0,0
3938,Ester,https://www.crunchbase.com/organization/ester,Belgium,50.879202,4.7011675,2018,1.0,False,False,False,False,True,True,True,False,False,True,False,False,False,False,2,1,1,0.0,0.0,2020-04-14,2020-04-14,Seed,2020,0.0,False,,True,,25.0,80.0,True,,True,,True,,False,,False,,False,,0,0,False,,False,False,,False,,False,,False,,False,,False,,0,,False,,False,False,,True,True,True,True,False,False,False,False,74,1,True,16,2,0.125,0.1177830356563834,0.02479431015650143,5.978536634276557,5.978536634276557,5.978536634276557,5.978536634276557,5.978536634276557,5.978536634276557,0.0,0.0,0.0,0.0,0.0,0.0,2.07,6.2166061010848646,False,False,False,False,False,False,,,0,0,0,0,0,0,0,0,0,0,0,0
3983,Meatable,https://www.crunchbase.com/organization/meatable,The Netherlands,52.1594747,4.4908843,2018,3.0,False,False,False,False,False,False,True,False,False,False,False,False,False,False,0,2,5,1.0,10.5,2018-10-01,2019-12-06,Venture - Series Unknown,2018,45.5,False,False,True,True,2.0,3.0,True,True,True,True,False,False,False,False,False,False,False,False,0,0,False,False,False,False,False,False,False,False,False,False,False,False,False,False,False,0,0.0,False,False,False,True,True,False,False,False,False,True,False,True,True,200,2,True,13,5,0.3846153846153846,0.3254224004346279,0.036206397071092675,0.4573629780840376,0.20115130480282983,0.6061275319270996,0.20115130480282983,0.38298070116250665,0.6061275319270996,0.6061275319270996,0.6061275319270996,0.6061275319270996,0.5359002072518484,0.0,0.9326577677712301,2.07,5.993961427306569,False,True,True,True,True,True,,,0,0,0,0,0,0,0,0,0,0,0,0
13564,Breedr,https://www.crunchbase.com/organization/breedr,United Kingdom,50.799782,-0.8737383,2018,1.0,True,False,False,False,True,False,True,False,False,True,False,False,False,False,0,3,4,1.0,5.586537,2018-03-01,2023-02-01,Venture - Series Unknown,2018,96.75,True,True,True,False,5.0,23.0,True,False,True,True,False,False,False,False,True,True,False,False,0,0,False,False,False,True,True,False,False,False,False,False,False,False,False,False,False,2,1.0,True,True,False,True,True,True,True,True,False,False,False,True,False,1,0,False,0,0,0.0,0.0,0.0964763271803686,3.7958525470456825,0.0920315772766293,8.656079347764427,0.0920315772766293,5.0304595369687,8.656079347764427,0.0920315772766293,0.0920315772766293,0.0920315772766293,5.492506213264285,0.0,8.635874836560806,2.07,7.696667081526462,False,False,True,False,True,True,,,0,0,0,0,0,0,0,0,0,0,2,1
8116,DiscoEat,https://www.crunchbase.com/organization/discoeat,Germany,52.510885,13.3989367,2018,3.0,True,True,False,False,False,True,True,False,False,True,True,False,False,False,0,8,4,1.0,0.0,2018-08-15,2021-10-26,Seed,2018,269.14285714285717,True,False,True,True,9.7,43.6,False,False,True,False,False,False,False,False,False,False,False,False,10,0,True,False,False,True,False,True,False,True,False,True,False,True,False,True,False,14,2.0,True,True,True,True,True,False,False,False,False,True,True,True,True,171,3,True,669,250,0.3736920777279521,0.3175020622274585,0.0,0.07283314308506908,0.0,0.2549160007977418,0.0,0.04248600013295697,0.2549160007977418,0.2549160007977418,0.2549160007977418,0.2549160007977418,0.11205098936164477,0.0,0.2549160007977418,2.07,7.244941546337007,True,False,False,True,True,True,2023-06-20,5.0,10,0,10,0,10,0,10,0,10,0,10,0
7283,OroraTech,https://www.crunchbase.com/organization/ororatech,Germany,48.1371079,11.5753822,2018,4.0,True,True,False,False,True,False,True,False,False,True,False,True,False,False,1,4,2,1.0,3.062846,2019-01-01,2020-05-06,Series B,2019,1.3333333333333333,True,False,True,True,16.0,0.0,True,False,False,False,False,False,False,False,False,False,False,False,2,0,True,False,False,True,False,True,False,True,False,True,False,True,False,True,False,6,4.0,True,True,True,True,False,False,False,False,False,True,True,True,True,129,2,True,202,74,0.3663366336633663,0.3121331683159452,0.0,0.20271209424950912,0.0,0.3040681413742637,0.0,0.0,0.0,0.3040681413742637,0.3040681413742637,0.3040681413742637,0.1621696753996073,0.0,0.3040681413742637,2.07,7.650168700845001,False,True,True,True,True,True,,,2,0,2,0,2,0,2,0,2,0,2,0
7428,Bella & Bona,https://www.crunchbase.com/organization/bella-bona,Germany,48.1371079,11.5753822,2018,3.0,False,True,False,False,False,True,True,False,False,False,False,False,False,True,2,2,1,0.0,6.61361,2020-01-28,2020-01-28,Seed,2020,0.0,False,,True,,14.0,194.0,False,,True,,True,,False,,False,,False,,0,0,False,,False,False,,False,,False,,False,,False,,False,,0,,False,,False,False,,True,True,True,True,False,False,False,False,129,2,True,202,75,0.3712871287128713,0.3157498087861337,0.0,9.457788871731681,9.457788871731681,9.457788871731681,9.457788871731681,9.457788871731681,9.457788871731681,0.0,0.0,0.0,0.0,0.0,0.0,2.07,7.550135342488429,False,False,False,False,False,False,,,0,0,0,0,0,0,0,0,0,0,0,0
7376,VlyFoods,https://www.crunchbase.com/organization/vlyfoods,Germany,52.510885,13.3989367,2018,3.0,False,True,False,False,False,False,True,True,False,False,False,False,False,False,1,4,3,1.0,3.0,2019-06-22,2021-04-05,Series A,2019,273.6666666666667,True,True,True,False,7.7,51.0,True,False,False,False,False,False,False,False,False,False,False,False,4,2,True,True,False,True,True,True,True,True,True,True,True,True,True,True,True,6,2.0,True,True,True,True,True,False,False,False,False,True,True,True,True,171,3,True,669,251,0.375186846038864,0.3185896099148576,0.0,0.13506856593910713,0.0,0.4052056978173213,0.0,0.20260284890866062,0.4052056978173213,0.0,0.0,0.0,0.21610970550257136,0.0,0.4052056978173213,2.07,7.650168700845001,False,False,True,False,True,True,,,4,2,4,2,4,2,4,2,4,2,4,2
7870,Harvesto,https://www.crunchbase.com/organization/ag-supply,Germany,51.9625101,7.6251879,2018,2.0,True,False,False,False,False,True,True,False,False,False,False,True,False,True,1,6,3,3.0,0.0,2019-10-01,2022-08-02,Seed,2019,71.66666666666667,False,False,True,True,4.0,4.3,True,True,True,True,True,True,False,False,False,False,True,True,0,0,False,False,False,False,False,False,False,False,False,False,False,False,False,False,False,0,0.0,False,False,False,True,True,True,True,True,False,False,False,True,False,6,0,False,8,3,0.375,0.3184537311185346,0.1918736231113386,3.4963451250296975,0.19187362311133865,6.800816626948056,0.0,0.0,0.0,0.19187362311133865,3.4963451250296975,6.800816626948056,4.406442912923509,0.0,6.609664369385264,2.07,7.650168700845001,False,False,False,False,False,False,,,0,0,0,0,0,0,0,0,0,0,0,0
7910,denovoMATRIX,https://www.crunchbase.com/organization/denovomatrix,Germany,51.0493286,13.7381437,2018,3.0,True,False,False,False,True,False,True,True,False,False,False,False,False,False,0,2,2,0.0,0.0,2018-12-13,2018-12-13,Seed,2018,285.6666666666667,False,,True,,11.0,47.7,False,,True,,False,,False,,False,,False,,0,0,False,,False,False,,False,,False,,False,,False,,False,,3,,True,,True,False,,False,False,False,False,True,True,True,True,6,0,False,27,4,0.1481481481481481,0.1381503384808171,0.1208908573177236,0.2224404484614988,0.10037440672951983,0.46657253192545683,0.10037440672951983,0.2224404484614988,0.46657253192545683,0.0,0.0,0.0,0.24976378250420703,0.0,0.3746456737563105,2.07,7.244941546337007,False,False,False,False,False,False,,,0,0,0,0,0,0,0,0,0,0,0,0
6536,Catevering,https://www.crunchbase.com/organization/catevering,Spain,41.3825802,2.177073,2018,2.0,False,True,False,False,False,True,True,False,False,True,False,False,False,False,0,2,2,0.0,0.550923,2018-09-01,2019-12-01,Seed,2018,29.5,True,,False,,2.0,2.5,False,,False,,False,,False,,True,,False,,4,0,True,,True,True,,True,,True,,True,,True,,True,,4,,True,,True,True,,False,False,False,False,False,False,True,True,87,2,True,283,65,0.2296819787985865,0.2067555821312366,0.0,0.0,0.0,0.0,0.0,0.0,0.0,0.0,0.0,0.0,0.0,0.0,0.0,2.07,6.2166061010848646,False,False,False,False,False,False,,,4,0,4,0,4,0,4,0,4,0,4,0
6155,NOVAMEAT,https://www.crunchbase.com/organization/novameat,Spain,41.3825802,2.177073,2018,1.0,True,True,False,False,False,False,True,False,False,False,False,False,False,False,1,3,8,3.0,6.275183,2019-09-05,2022-02-18,Series A,2019,27.125,False,False,True,True,6.6,2.5,True,True,False,False,False,False,False,False,False,False,False,False,0,0,False,False,False,False,False,False,False,False,False,False,False,False,False,False,False,1,1.0,True,True,False,True,True,True,True,True,False,False,False,True,False,87,2,True,283,65,0.2296819787985865,0.2067555821312366,0.0,4.41533511396744,0.5043657437075568,9.572215345516584,1.1376519558444105,5.53755204689834,9.572215345516584,0.5043657437075568,2.544973559082605,6.166519592329956,4.991725857387488,0.0,9.317949245001227,2.07,5.993961427306569,False,False,True,False,True,True,,,0,0,0,0,0,0,0,0,0,0,0,0
7204,Infinite Roots,https://www.crunchbase.com/organization/mushlabs,Germany,53.550341,10.000654,2018,1.0,True,True,False,False,True,False,True,True,False,False,False,False,False,False,0,2,1,0.0,0.0,2018-04-19,2018-04-19,Series B,2018,55.0,False,,True,,2.0,4.0,True,,False,,False,,False,,False,,False,,0,0,False,,False,False,,False,,False,,False,,False,,False,,2,,True,,True,True,,False,False,False,False,True,True,True,True,47,1,True,129,35,0.2713178294573643,0.2400540234625263,0.0,0.2549160007977418,0.2549160007977418,0.2549160007977418,0.2549160007977418,0.2549160007977418,0.2549160007977418,0.0,0.0,0.0,0.0,0.0,0.0,2.07,7.244941546337007,False,True,True,True,True,True,,,0,0,0,0,0,0,0,0,0,0,0,0
7182,Sanity Group,https://www.crunchbase.com/organization/sanity-group,Germany,52.510885,13.3989367,2018,2.0,True,True,False,False,True,True,True,True,False,False,False,False,False,False,1,2,3,0.0,3.358034,2019-06-01,2019-06-01,Series B,2019,130.33333333333334,True,,True,,7.7,35.7,True,,True,,False,,False,,False,,False,,2,0,True,,False,True,,True,,True,,True,,True,,True,,4,,True,,False,True,,True,True,True,False,True,False,True,False,171,3,True,669,250,0.3736920777279521,0.3175020622274585,0.0,2.296106262895171,0.0,6.385086074905369,0.0,2.296106262895171,6.385086074905369,0.0,0.0,0.0,3.5670493160927688,0.0,6.48811614666237,2.07,7.650168700845001,False,True,True,True,True,True,,,2,0,2,0,2,0,2,0,2,0,2,0
7218,Stenon,https://www.crunchbase.com/organization/stenon,Germany,52.4009309,13.0591397,2018,1.0,True,False,False,False,False,False,True,False,False,True,False,False,False,False,0,4,2,2.0,7.65485,2018-07-30,2019-10-01,Series A,2018,131.5,True,True,False,False,5.5,23.5,False,False,True,True,False,False,False,False,False,False,False,False,0,0,False,False,False,True,True,True,True,True,True,True,True,True,True,False,False,4,4.0,True,True,True,True,True,False,False,False,False,True,True,True,True,171,0,False,18,2,0.1111111111111111,0.1053605156578263,0.026069153681937258,0.026069153681937376,0.026069153681937376,0.026069153681937376,0.0,0.0,0.0,0.026069153681937376,0.026069153681937376,0.026069153681937376,0.0,0.0,0.0,2.07,7.244941546337007,False,False,True,False,True,True,,,0,0,4,4,4,4,4,4,4,4,4,4
7155,Formo,https://www.crunchbase.com/organization/formo-bio,Germany,52.510885,13.3989367,2018,2.0,True,True,False,False,True,False,True,True,False,False,False,False,False,False,0,6,6,2.0,9.4,2018-05-14,2019-12-19,Venture - Series Unknown,2018,30.0,True,True,True,True,7.0,4.7,True,True,False,False,False,False,False,False,False,False,False,False,4,2,True,True,False,True,True,True,True,True,True,True,True,True,True,True,True,8,2.0,True,True,False,True,True,False,False,False,False,True,False,True,True,171,3,True,669,250,0.3736920777279521,0.3175020622274585,0.0,0.5034871672610659,0.0,1.1726184609584032,0.0,0.4620761356519982,0.9326577677712301,0.0,0.5863092304792016,1.1726184609584032,0.6185084142557685,0.0,1.1726184609584032,2.07,7.244941546337007,False,True,True,True,True,True,,,4,2,4,2,4,2,4,2,4,2,4,2
7152,air up,https://www.crunchbase.com/organization/air-up,Germany,48.1371079,11.5753822,2018,5.0,False,True,False,False,True,True,True,False,False,False,False,False,False,True,0,4,2,0.0,0.0,2018-07-20,2020-08-12,Venture - Series Unknown,2018,20.5,False,,True,,1.5,4.0,True,,False,,False,,False,,False,,False,,0,0,False,,False,False,,False,,False,,False,,False,,False,,4,,True,,True,True,,False,False,False,False,True,True,True,True,129,2,True,202,74,0.3663366336633663,0.3121331683159452,0.0,0.5227436676163001,0.433534186946357,0.6119531482862431,0.433534186946357,0.5227436676163001,0.6119531482862431,0.0,0.0,0.0,0.24679700610379135,0.0,0.37019550915568705,2.07,7.244941546337007,False,True,True,True,True,True,,,0,0,0,0,0,0,0,0,0,0,0,0
7149,Choco,https://www.crunchbase.com/organization/choco,Germany,52.510885,13.3989367,2018,3.0,False,True,False,False,False,False,True,False,False,True,True,False,False,False,0,2,1,1.0,0.0,2018-03-01,2018-03-01,Venture - Series Unknown,2018,128.0,True,True,False,False,5.0,29.0,False,False,False,False,False,False,False,False,False,False,False,False,2,2,True,True,True,True,True,True,True,True,True,True,True,True,True,True,True,2,2.0,True,True,True,True,True,False,False,False,False,True,True,True,True,171,3,True,669,250,0.3736920777279521,0.3175020622274585,0.0,0.0,0.0,0.0,0.0,0.0,0.0,0.0,0.0,0.0,0.0,0.0,0.0,2.07,7.244941546337007,False,True,True,True,True,True,,,2,2,2,2,2,2,2,2,2,2,2,2
14005,Wineapp,https://www.crunchbase.com/organization/wineapp,United Kingdom,51.4893335,-0.1440551,2018,1.0,False,True,False,False,True,True,True,False,False,True,False,False,False,False,0,1,2,0.0,0.0,2018-06-01,2018-06-01,Angel,2018,503.5,False,,True,,6.0,76.0,False,,True,,False,,False,,False,,False,,0,0,False,,False,False,,False,,False,,False,,False,,False,,0,,False,,False,True,,False,False,False,False,True,True,True,True,643,5,True,2148,508,0.2364990689013035,0.2122840549675691,0.004639509600861782,1.086539637179333,0.9326577677712301,1.2404215065874356,0.9326577677712301,1.086539637179333,1.2404215065874356,0.0,0.0,0.0,0.5264909530185515,0.5264909530185515,0.5264909530185515,2.07,7.696667081526462,False,False,False,False,False,False,,,0,0,0,0,0,0,0,0,0,0,0,0
13969,Blossom Genetics,https://www.crunchbase.com/organization/blossom-genetics,United Kingdom,51.4893335,-0.1440551,2018,1.0,True,True,False,False,True,True,True,True,False,False,False,False,False,False,2,1,1,1.0,0.0,2020-04-01,2020-04-01,Series A,2020,61.0,False,False,True,True,10.0,0.0,False,False,True,True,False,False,False,False,False,False,False,False,0,0,False,False,False,False,False,False,False,False,False,False,False,False,False,False,False,1,1.0,True,True,True,False,False,False,False,False,False,False,False,True,True,643,5,True,2148,508,0.2364990689013035,0.2122840549675691,0.004639509600861782,0.24949794507114065,0.24949794507114065,0.24949794507114065,0.0,0.0,0.0,0.24949794507114065,0.24949794507114065,0.24949794507114065,0.0,0.0,0.0,2.07,7.901377353792616,False,False,True,False,True,True,,,0,0,0,0,0,0,0,0,0,0,0,0
13907,Mini Mealtimes,https://www.crunchbase.com/organization/mini-mealtimes,United Kingdom,51.4893335,-0.1440551,2018,1.0,False,True,False,False,False,False,True,True,False,True,False,False,False,False,1,1,1,0.0,0.049167,2019-10-01,2019-10-01,Seed,2019,164.0,True,,False,,7.0,4.0,True,,False,,True,,False,,False,,False,,1,0,True,,True,True,,True,,True,,True,,True,,True,,1,,True,,True,True,,False,False,False,False,False,False,True,True,643,5,True,2148,508,0.2364990689013035,0.2122840549675691,0.004639509600861782,0.0,0.0,0.0,0.0,0.0,0.0,0.0,0.0,0.0,0.0,0.0,0.0,2.07,8.006700845440367,False,False,False,False,False,False,,,1,0,1,0,1,0,1,0,1,0,1,0
13903,Glas Data,https://www.crunchbase.com/organization/glas-data,United Kingdom,50.1685457,-5.1034063,2018,2.0,True,False,False,False,True,False,True,False,False,True,False,False,False,False,1,1,2,1.0,0.45449,2019-12-01,2019-12-01,Seed,2019,105.5,True,False,True,True,9.0,4.5,False,False,False,False,False,False,False,False,False,False,False,False,0,0,False,False,False,True,False,True,False,True,False,True,False,True,False,True,False,2,1.0,True,True,True,False,False,False,False,False,False,False,False,True,True,1,0,False,2,0,0.0,0.0,0.3217131590660357,0.1681579769411976,0.011159284405094899,0.32515666947730026,0.011159284405094899,0.011159284405094899,0.011159284405094899,0.32515666947730026,0.32515666947730026,0.32515666947730026,0.3176178697473883,0.3176178697473883,0.3176178697473883,2.07,8.006700845440367,False,False,False,False,False,False,,,1,0,1,0,1,0,1,0,1,0,1,0
13891,CLUBZERØ,https://www.crunchbase.com/organization/clubzero,United Kingdom,51.4893335,-0.1440551,2018,1.0,True,True,False,False,True,False,True,False,False,True,False,True,False,False,0,1,1,1.0,0.241029,2018-12-31,2018-12-31,Seed,2018,422.0,True,True,False,False,11.0,74.0,False,False,False,False,True,True,False,False,True,True,False,False,1,1,True,True,True,True,True,True,True,True,True,True,True,True,True,True,True,1,1.0,True,True,True,True,True,False,False,False,False,False,False,True,True,643,5,True,2148,508,0.2364990689013035,0.2122840549675691,0.004639509600861782,0.0,0.0,0.0,0.0,0.0,0.0,0.0,0.0,0.0,0.0,0.0,0.0,2.07,7.696667081526462,False,False,False,False,False,False,,,1,1,1,1,1,1,1,1,1,1,1,1
13887,Sellar,https://www.crunchbase.com/organization/sellar,United Kingdom,51.4893335,-0.1440551,2018,3.0,False,True,False,False,True,True,True,False,True,True,False,False,False,False,0,1,2,1.0,0.0,2018-11-03,2018-11-03,Pre-Seed,2018,58.0,False,False,True,True,7.5,266.0,False,False,True,True,True,True,False,False,False,False,False,False,0,0,False,False,False,False,False,False,False,False,False,False,False,False,False,False,False,0,0.0,False,False,False,True,False,True,True,True,False,True,False,True,False,643,5,True,2148,508,0.2364990689013035,0.2122840549675691,0.004639509600861782,4.232912394340024,0.9326577677712301,7.533167020908819,0.9326577677712301,0.9326577677712301,0.9326577677712301,7.533167020908819,7.533167020908819,7.533167020908819,8.155867103890571,8.155867103890571,8.155867103890571,2.07,7.696667081526462,False,False,False,False,False,False,,,0,0,0,0,0,0,0,0,0,0,0,0
13925,Apiary Book,https://www.crunchbase.com/organization/apiary-book,United Kingdom,51.4893335,-0.1440551,2018,2.0,True,True,False,False,False,False,True,False,False,True,False,False,False,True,0,1,1,0.0,0.027218,2018-05-01,2018-05-01,Seed,2018,164.0,True,,False,,6.0,4.0,True,,False,,True,,False,,False,,False,,1,0,True,,True,True,,True,,True,,True,,True,,True,,1,,True,,True,True,,False,False,False,False,False,False,True,True,643,5,True,2148,508,0.2364990689013035,0.2122840549675691,0.004639509600861782,0.0,0.0,0.0,0.0,0.0,0.0,0.0,0.0,0.0,0.0,0.0,0.0,2.07,7.696667081526462,False,False,False,False,False,False,,,1,0,1,0,1,0,1,0,1,0,1,0
607,Caterfly,https://www.crunchbase.com/organization/caterfly-pl,Poland,52.2319581,21.0067249,2018,1.0,False,True,False,False,False,True,True,False,False,False,False,False,False,True,0,1,1,1.0,0.0,2018-09-01,2018-09-01,Pre-Seed,2018,9.0,True,True,False,False,7.0,3.0,False,False,False,False,False,False,False,False,False,False,False,False,1,1,True,True,True,True,True,True,True,True,True,True,True,True,True,True,True,1,1.0,True,True,True,True,True,False,False,False,False,False,False,True,True,58,0,False,129,15,0.1162790697674418,0.1100008952143284,0.0,0.0,0.0,0.0,0.0,0.0,0.0,0.0,0.0,0.0,0.0,0.0,0.0,2.07,3.535145354171894,True,False,False,True,True,True,2019-06-01,1.0,1,1,1,1,1,1,1,1,1,1,1,1
739,Farmable,https://www.crunchbase.com/organization/farmable-4092,Norway,59.9723975,10.7757292,2018,2.0,True,True,False,False,False,False,True,False,False,True,False,False,False,False,0,4,1,0.0,4.268672,2018-10-01,2021-11-01,Seed,2018,10.0,True,,False,,4.8,0.0,False,,False,,False,,False,,False,,False,,4,0,True,,True,True,,True,,True,,True,,True,,True,,4,,True,,True,True,,False,False,False,False,False,False,True,True,55,1,True,76,22,0.2894736842105263,0.2542341383842408,0.0068796624669323235,0.0,0.0,0.0,0.0,0.0,0.0,0.0,0.0,0.0,0.0,0.0,0.0,2.07,4.61512051684126,False,False,False,False,False,False,,,4,0,4,0,4,0,4,0,4,0,4,0
815,GroGro,https://www.crunchbase.com/organization/grogro,Norway,59.9723975,10.7757292,2018,2.0,False,True,False,False,False,True,True,False,False,False,False,False,False,False,1,3,2,1.0,0.74,2019-03-04,2021-10-12,Seed,2019,8.0,True,True,True,False,2.3,4.7,False,False,True,False,False,False,False,False,False,False,False,False,2,1,True,True,False,True,True,True,True,True,True,True,True,True,True,True,True,2,1.0,True,True,False,True,True,True,True,False,False,False,False,True,False,55,1,True,76,22,0.2894736842105263,0.2542341383842408,0.0068796624669323235,3.3514464863426863,0.0,10.05433945902806,0.0,5.027169729514029,10.05433945902806,0.0,0.0,0.0,6.7028929726853725,0.0,10.05433945902806,2.07,5.303304908059076,False,False,False,False,False,False,,,2,1,2,1,2,1,2,1,2,1,2,1
870,Livly,https://www.crunchbase.com/organization/livly-b4ff,Norway,59.9723975,10.7757292,2018,1.0,False,True,False,False,False,False,True,False,False,False,False,False,False,False,0,1,1,0.0,0.0,2018-01-01,2018-01-01,Pre-Seed,2018,156.0,False,,True,,22.0,62.0,False,,False,,False,,False,,False,,False,,0,0,False,,False,False,,False,,False,,False,,False,,False,,0,,False,,False,False,,True,True,True,True,False,False,False,False,55,1,True,76,22,0.2894736842105263,0.2542341383842408,0.0068796624669323235,6.497482568237169,6.497482568237169,6.497482568237169,6.497482568237169,6.497482568237169,6.497482568237169,0.0,0.0,0.0,0.0,0.0,0.0,2.07,4.61512051684126,False,False,False,False,False,False,,,0,0,0,0,0,0,0,0,0,0,0,0
915,Dynaspace,https://www.crunchbase.com/organization/dynaspace,Norway,60.39299,5.32415,2018,1.0,True,False,False,False,True,False,True,False,False,True,False,False,False,False,1,1,1,1.0,0.0,2019-08-14,2019-08-14,Seed,2019,11.0,False,False,True,True,2.0,0.0,True,True,False,False,True,True,False,False,False,False,False,False,0,0,False,False,False,False,False,False,False,False,False,False,False,False,False,False,False,0,0.0,False,False,False,False,False,False,False,False,False,False,False,True,True,5,0,False,9,3,0.3333333333333333,0.2876820724517809,0.30427361317826307,1.2688100723820597,1.2688100723820597,1.2688100723820597,0.0,0.0,0.0,1.2688100723820597,1.2688100723820597,1.2688100723820597,0.0,0.0,0.0,2.07,5.303304908059076,False,False,False,False,False,False,,,0,0,0,0,0,0,0,0,0,0,0,0
297,Cateringoo,https://www.crunchbase.com/organization/cateringoo-pl,Poland,52.2319581,21.0067249,2018,2.0,True,True,False,False,False,True,True,False,False,True,False,False,False,True,1,2,2,2.0,0.5,2019-06-01,2020-02-20,Seed,2019,11.0,True,True,False,False,10.0,1.5,False,False,False,False,False,False,False,False,True,True,False,False,2,2,True,True,True,True,True,True,True,True,True,True,True,True,True,True,True,2,2.0,True,True,True,True,True,False,False,False,False,False,False,True,True,58,0,False,129,16,0.1240310077519379,0.1169213380589022,0.0,0.0,0.0,0.0,0.0,0.0,0.0,0.0,0.0,0.0,0.0,0.0,0.0,2.07,4.619073091157083,False,False,False,False,False,False,,,2,2,2,2,2,2,2,2,2,2,2,2
377,Nomi Biotech Corporation,https://www.crunchbase.com/organization/nomi-biotech,Poland,52.1355556,20.8502778,2018,4.0,True,True,False,False,True,False,True,True,False,False,False,False,False,False,1,1,1,1.0,0.27025,2019-04-11,2019-04-11,Seed,2019,44.0,False,False,True,True,5.0,2.0,False,False,False,False,False,False,False,False,False,False,False,False,0,0,False,False,False,False,False,False,False,False,False,False,False,False,False,False,False,1,1.0,True,True,True,False,False,False,False,False,False,False,False,True,True,58,0,False,0,0,0.0,0.0,0.015121923519469232,0.2896595945853878,0.2896595945853878,0.2896595945853878,0.0,0.0,0.0,0.2896595945853878,0.2896595945853878,0.2896595945853878,0.0,0.0,0.0,2.07,4.619073091157083,False,False,False,False,False,False,,,0,0,0,0,0,0,0,0,0,0,0,0
2341,protera,https://www.crunchbase.com/organization/protera,France,48.884683,2.2695658,2018,2.0,True,True,False,False,True,False,True,True,False,True,False,False,False,False,2,1,1,0.0,0.0,2020-05-13,2020-05-13,Series A,2020,282.0,False,,True,,6.0,6.0,False,,False,,True,,False,,False,,False,,0,0,False,,False,False,,False,,False,,False,,False,,False,,0,,False,,False,False,,True,True,True,True,False,False,False,False,267,4,True,629,211,0.3354531001589825,0.2892706351369187,0.006342678327641487,8.946652037291246,8.946652037291246,8.946652037291246,8.946652037291246,8.946652037291246,8.946652037291246,0.0,0.0,0.0,0.0,0.0,0.0,2.07,7.244941546337007,False,False,True,False,True,True,,,0,0,0,0,0,0,0,0,0,0,0,0
13788,Optimiz,https://www.crunchbase.com/organization/optimiz-claims,United Kingdom,51.4893335,-0.1440551,2018,1.0,True,True,False,False,True,False,True,False,True,True,False,False,False,False,1,3,4,2.0,0.0,2019-03-03,2022-01-01,Pre-Seed,2019,213.5,False,False,True,True,9.0,195.8,True,False,True,True,True,True,False,False,True,False,False,False,0,0,False,False,False,False,False,False,False,False,False,False,False,False,False,False,False,0,0.0,False,False,False,True,False,True,True,True,False,True,False,True,False,643,5,True,2148,508,0.2364990689013035,0.2122840549675691,0.004639509600861782,5.610641732229448,0.7228946676534945,8.616713337577476,0.7228946676534945,4.669804002615485,8.616713337577476,5.569791902778005,6.551479461843412,7.533167020908819,5.1983683773163385,1.5022976628921332,8.88023009524111,2.07,8.006700845440367,False,False,False,False,False,False,,,0,0,0,0,0,0,0,0,0,0,0,0
2740,Kipli,https://www.crunchbase.com/organization/kipli,France,48.8534951,2.3483915,2018,2.0,False,True,False,False,True,True,True,False,False,False,False,False,False,False,1,2,2,1.0,2.224501,2019-12-19,2019-12-19,Seed,2019,12.5,True,True,True,False,6.0,0.0,False,False,False,False,False,False,False,False,False,False,False,False,1,1,True,True,True,True,True,True,True,True,True,True,True,True,True,True,True,1,1.0,True,True,True,True,True,False,False,False,False,False,False,True,True,267,4,True,645,213,0.3302325581395349,0.2853537826921898,0.0006205248203236772,0.0,0.0,0.0,0.0,0.0,0.0,0.0,0.0,0.0,0.0,0.0,0.0,2.07,7.378383712996715,False,False,False,False,False,False,,,1,1,1,1,1,1,1,1,1,1,1,1
13737,Mighty Pea,https://www.crunchbase.com/organization/mighty-pea,United Kingdom,51.4893335,-0.1440551,2018,2.0,False,True,False,False,False,False,True,False,False,False,False,False,False,False,1,2,4,1.0,7.204658,2019-01-30,2021-12-08,Venture - Series Unknown,2019,20.0,False,False,True,True,3.2,2.8,True,False,False,False,False,False,False,False,False,False,False,False,0,0,False,False,False,False,False,False,False,False,False,False,False,False,False,False,False,1,0.0,True,False,False,False,False,False,False,False,False,True,False,True,True,643,5,True,2148,508,0.2364990689013035,0.2122840549675691,0.004639509600861782,0.516624251500018,0.16007841429695,0.7620783849670164,0.16007841429695,0.522662242119948,0.7620783849670164,0.49851027964022776,0.49851027964022776,0.49851027964022776,0.5411525234644627,0.15410867083800245,0.9151790426998512,2.07,8.006700845440367,False,False,True,False,True,True,,,0,0,0,0,0,0,0,0,0,0,0,0
13757,Brenpower,https://www.crunchbase.com/organization/bren-i-leri,United Kingdom,51.4893335,-0.1440551,2018,2.0,True,True,True,True,True,False,True,False,False,True,False,True,False,False,2,2,2,2.0,0.201,2020-07-10,2021-07-13,Seed,2020,39.0,False,False,True,True,8.5,0.0,False,False,False,False,False,False,True,True,False,False,False,False,0,0,False,False,False,False,False,False,False,False,False,False,False,False,False,False,False,0,0.0,False,False,False,False,False,True,True,False,False,False,False,False,False,643,5,True,2148,508,0.2364990689013035,0.2122840549675691,0.004639509600861782,2.4984789294397642,2.4957024738994806,2.501255384980048,0.0,0.0,0.0,2.4957024738994806,2.4984789294397642,2.501255384980048,0.019282556806512946,0.019282556806512946,0.019282556806512946,2.07,7.901377353792616,False,False,False,False,False,False,,,0,0,0,0,0,0,0,0,0,0,0,0
13860,BANCONE,https://www.crunchbase.com/organization/bancone,United Kingdom,51.4893335,-0.1440551,2018,1.0,False,True,False,False,False,True,True,False,False,False,False,False,False,False,2,1,1,0.0,0.0,2020-01-01,2020-01-01,Equity Crowdfunding,2020,7.0,True,,False,,2.0,0.0,True,,False,,False,,False,,False,,False,,1,0,True,,True,True,,True,,True,,True,,True,,True,,1,,True,,True,True,,False,False,False,False,False,False,True,True,643,5,True,2148,508,0.2364990689013035,0.2122840549675691,0.004639509600861782,0.0,0.0,0.0,0.0,0.0,0.0,0.0,0.0,0.0,0.0,0.0,0.0,2.07,7.901377353792616,False,False,False,False,False,False,,,1,0,1,0,1,0,1,0,1,0,1,0
13856,Kitche,https://www.crunchbase.com/organization/kitche,United Kingdom,51.4893335,-0.1440551,2018,1.0,False,True,False,False,False,False,True,False,False,False,False,False,False,False,2,1,1,1.0,0.0,2020-03-10,2020-03-10,Seed,2020,111.0,True,True,False,False,5.0,13.0,False,False,False,False,False,False,True,True,True,True,False,False,1,1,True,True,True,True,True,True,True,True,True,True,True,True,True,True,True,1,1.0,True,True,True,True,True,False,False,False,False,False,False,True,True,643,5,True,2148,507,0.2360335195530726,0.2119074780472838,0.004639509600861782,0.0,0.0,0.0,0.0,0.0,0.0,0.0,0.0,0.0,0.0,0.0,0.0,2.07,7.901377353792616,True,False,False,True,True,True,2025-02-17,7.0,1,1,1,1,1,1,1,1,1,1,1,1
2864,TOOPI Organics,https://www.crunchbase.com/organization/toopi-organics,France,44.5474936,-0.044911,2019,1.0,True,False,False,False,True,False,True,True,False,False,False,False,False,False,0,2,2,1.0,1.08735,2019-05-02,2020-04-17,Series A,2019,22.0,False,False,True,True,18.5,0.5,True,False,False,False,False,False,False,False,False,False,False,False,0,0,False,False,False,False,False,False,False,False,False,False,False,False,False,False,False,2,1.0,True,True,True,True,False,False,False,False,False,False,False,True,True,0,0,False,0,0,0.0,0.0,0.3956088876381576,0.33476287872167076,0.1571845148037007,0.5123412426396408,0.5123412426396408,0.5123412426396408,0.5123412426396408,0.1571845148037007,0.1571845148037007,0.1571845148037007,0.5817272400460884,0.5817272400460884,0.5817272400460884,1.81,7.378383712996715,False,False,True,False,True,True,,,0,0,0,0,0,0,0,0,0,0,0,0
21349,Alvar Pet,https://www.crunchbase.com/organization/alvar-pet,Finland,60.1717794,24.9413548,2019,4.0,True,True,False,False,False,True,True,False,False,False,False,False,False,False,1,4,5,1.0,4.209005,2020-08-19,2023-08-25,Seed,2020,57.666666666666664,True,True,True,False,7.2,6.3,True,True,True,False,True,False,False,False,False,False,False,False,4,1,True,True,False,True,True,True,True,True,True,True,True,True,True,True,True,4,1.0,True,True,False,True,True,False,False,False,False,False,False,True,True,47,2,True,227,49,0.2158590308370044,0.1954508482357473,0.0004833470476976217,0.542372084798039,0.0,2.46957203535111,0.0,0.6508465017576469,2.46957203535111,0.0,0.0,0.0,1.0418967283279295,0.0,2.6115208897660005,1.81,5.993961427306569,False,False,False,False,False,False,,,4,1,4,1,4,1,4,1,4,1,4,1
2217,Cuure,https://www.crunchbase.com/organization/cuure-4978,France,48.8534951,2.3483915,2019,2.0,False,True,False,False,False,True,True,True,False,True,False,False,False,False,1,1,1,1.0,2.146079,2020-09-01,2020-09-01,Series A,2020,156.0,True,True,False,False,12.0,34.0,False,False,False,False,False,False,False,False,False,False,False,False,1,1,True,True,True,True,True,True,True,True,True,True,True,True,True,True,True,1,1.0,True,True,True,True,True,False,False,False,False,False,False,True,True,267,4,True,710,232,0.3267605633802817,0.2827403045410019,0.0006205248203236772,0.0,0.0,0.0,0.0,0.0,0.0,0.0,0.0,0.0,0.0,0.0,0.0,1.81,7.244941546337007,False,False,True,False,True,True,,,1,1,1,1,1,1,1,1,1,1,1,1
2233,GOURMEY,https://www.crunchbase.com/organization/gourmey,France,48.8534951,2.3483915,2019,3.0,False,True,False,False,True,False,True,True,False,False,False,False,False,False,0,3,9,3.0,10.0,2019-10-01,2021-07-14,Series A,2019,148.45454545454547,True,False,True,True,9.5,31.1,True,False,True,False,True,True,False,False,True,True,False,False,2,0,True,False,False,True,False,True,False,True,False,True,False,True,False,True,False,2,0.0,True,False,False,True,True,True,True,True,False,True,False,True,False,267,4,True,710,231,0.3253521126760563,0.2816781695500185,0.0006205248203236772,3.7486688859968376,0.0,8.953058873364853,0.0,4.269938018183653,8.953058873364853,0.3616323021645064,2.3586178668319984,5.837116124960828,4.89288921876857,0.0,9.378335087208955,1.81,7.378383712996715,False,True,True,True,True,True,,,2,0,2,0,2,0,2,0,2,0,2,0
21133,AVISIO,https://www.crunchbase.com/organization/avisio,Austria,48.1857192,16.4221587,2019,2.0,True,True,False,False,True,True,True,False,False,True,False,False,False,False,1,2,2,2.0,0.0,2020-07-14,2021-01-04,Seed,2020,3.5,False,False,True,True,4.0,0.0,True,True,False,False,True,True,True,True,False,False,False,False,0,0,False,False,False,False,False,False,False,False,False,False,False,False,False,False,False,1,1.0,True,True,False,False,False,False,False,False,False,True,True,True,True,63,2,True,108,31,0.287037037037037,0.252342706006472,0.004458645788406763,0.5075518655737907,0.2548512000313805,0.7602525311162007,0.0,0.0,0.0,0.2548512000313805,0.5075518655737907,0.7602525311162007,0.6569470656792008,0.6569470656792008,0.6569470656792008,1.81,4.387014176184921,False,False,False,False,False,False,,,0,0,0,0,0,0,0,0,0,0,0,0
21819,BibeCoffee,https://www.crunchbase.com/organization/bibecoffee,Greece,37.9755648,23.7348324,2019,3.0,True,False,False,False,False,False,True,False,False,True,False,False,False,False,0,3,3,2.0,3.708002,2019-04-04,2023-01-25,Seed,2019,60.666666666666664,True,True,True,True,5.3,3.2,True,True,True,False,False,False,False,False,False,False,False,False,5,1,True,True,False,True,True,True,True,True,True,True,True,True,True,True,True,5,1.0,True,True,False,False,False,False,False,False,False,False,False,True,True,13,0,False,47,8,0.1702127659574468,0.1571855835224123,1.2838943575597856,0.08738653293022826,0.0,0.5243191975813695,0.0,0.0,0.0,0.0,0.26215959879068473,0.5243191975813695,0.17477306586045652,0.0,0.5243191975813695,1.81,3.258096538021482,False,False,False,False,False,False,,,5,1,5,1,5,1,5,1,5,1,5,1
1103,Uget,https://www.crunchbase.com/organization/uget-1553,Czech Republic,50.0596288,14.4464593,2019,1.0,True,True,False,False,False,True,True,False,False,True,False,False,False,False,0,2,2,1.0,0.353175,2019-10-29,2021-08-25,Seed,2019,35.0,True,True,False,False,10.5,2.0,False,False,False,False,False,False,False,False,False,False,False,False,2,1,True,True,True,True,True,True,True,True,True,True,True,True,True,True,True,2,1.0,True,True,True,True,True,False,False,False,False,False,False,True,True,59,0,False,112,22,0.1964285714285714,0.1793409286558168,0.0,0.0,0.0,0.0,0.0,0.0,0.0,0.0,0.0,0.0,0.0,0.0,0.0,1.81,3.40452517175483,False,False,False,False,False,False,,,2,1,2,1,2,1,2,1,2,1,2,1
4002,Revyve,https://www.crunchbase.com/organization/fumi-ingredients,The Netherlands,51.9663016,5.6662814,2019,2.0,False,False,False,False,True,False,True,True,False,False,False,False,False,False,1,1,2,0.0,0.552248,2020-02-04,2020-02-04,Series A,2020,37.0,True,,False,,7.0,3.0,True,,False,,False,,False,,False,,False,,0,0,False,,False,True,,True,,False,,False,,False,,False,,2,,True,,True,True,,False,False,False,False,False,False,True,True,36,1,True,1,0,0.0,0.0,0.06950468623652849,0.06803471135119077,0.06656473646585308,0.06950468623652846,0.06656473646585308,0.06803471135119077,0.06950468623652846,0.0,0.0,0.0,0.00812344441187767,0.00812344441187767,0.00812344441187767,1.81,6.55250788703459,False,False,True,False,True,True,,,0,0,0,0,0,0,0,0,2,0,2,0
4013,Orbisk,https://www.crunchbase.com/organization/orbisk,The Netherlands,52.0907006,5.1215634,2019,3.0,True,False,False,False,True,False,True,False,False,True,False,True,False,False,1,3,3,3.0,2.40017,2020-02-01,2022-12-22,Series A,2020,25.0,True,True,True,True,28.2,1.8,True,True,False,False,False,False,False,False,False,False,False,False,0,0,False,False,False,True,True,True,True,True,True,True,True,False,False,False,False,5,2.0,True,True,False,True,True,True,True,False,False,False,False,True,False,194,1,True,34,5,0.1470588235294117,0.1372011215134849,0.035062214289133406,0.3600975581837003,0.03506221428913354,1.942814945409632,0.03506221428913354,0.04213876966361721,0.056291880412584566,0.03506221428913354,0.6780563467037835,1.942814945409632,0.683475846871492,0.0,1.9778760698979505,1.81,6.55250788703459,False,False,True,False,True,True,,,0,0,0,0,3,1,3,1,5,2,5,2
972,NutritionPro,https://www.crunchbase.com/organization/nutritionpro,Czech Republic,50.0596288,14.4464593,2019,2.0,True,True,False,False,True,False,True,True,False,True,False,False,False,True,0,4,4,0.0,4.60419,2019-01-12,2022-10-01,Seed,2019,23.2,True,,False,,3.4,0.6,False,,False,,True,,False,,False,,False,,5,0,True,,True,True,,True,,True,,True,,True,,True,,5,,True,,True,True,,False,False,False,False,False,False,True,True,59,0,False,112,22,0.1964285714285714,0.1793409286558168,0.0,0.0,0.0,0.0,0.0,0.0,0.0,0.0,0.0,0.0,0.0,0.0,0.0,1.81,3.40452517175483,False,False,False,False,False,False,,,5,0,5,0,5,0,5,0,5,0,5,0
3789,Compliment.,https://www.crunchbase.com/organization/compliment,Belgium,50.8465573,4.351697,2019,2.0,False,True,False,False,False,True,True,True,False,False,False,False,False,False,1,1,1,1.0,0.756303,2020-04-03,2020-04-03,Seed,2020,9.0,True,True,False,False,7.0,2.0,False,False,False,False,False,False,False,False,False,False,False,False,1,1,True,True,True,True,True,True,True,True,True,True,True,True,True,True,True,1,1.0,True,True,True,True,True,False,False,False,False,False,False,True,True,76,0,False,69,9,0.1304347826086956,0.1226023220923323,0.0,0.0,0.0,0.0,0.0,0.0,0.0,0.0,0.0,0.0,0.0,0.0,0.0,1.81,6.2166061010848646,False,False,False,False,False,False,,,1,1,1,1,1,1,1,1,1,1,1,1
2448,Futura gaia,https://www.crunchbase.com/organization/futura-gaia,France,43.83093,4.436729,2019,1.0,True,False,False,False,False,False,True,False,False,False,False,True,False,False,1,1,1,0.0,2.737911,2020-04-01,2020-04-01,Series A,2020,13.0,False,,True,,0.0,0.0,True,,False,,False,,False,,False,,False,,0,0,False,,False,False,,False,,False,,False,,False,,False,,1,,True,,True,True,,False,False,False,False,False,False,True,True,1,0,False,0,0,0.0,0.0,0.3290847115809506,0.5809737556421405,0.5809737556421405,0.5809737556421405,0.5809737556421405,0.5809737556421405,0.5809737556421405,0.0,0.0,0.0,0.0,0.0,0.0,1.81,7.244941546337007,False,False,True,False,True,True,,,0,0,0,0,0,0,0,0,0,0,0,0
2772,Bocoloco,https://www.crunchbase.com/organization/bocoloco,France,48.8534951,2.3483915,2019,1.0,False,True,False,False,False,True,True,False,False,False,False,False,False,False,1,2,2,1.0,1.502425,2020-12-06,2023-05-30,Seed,2020,18.0,True,True,True,False,2.0,0.0,True,True,False,False,True,False,False,False,False,False,True,False,1,1,True,True,False,True,True,True,True,True,True,True,True,True,True,True,True,2,1.0,True,True,True,True,True,False,False,False,False,False,False,True,True,267,4,True,710,232,0.3267605633802817,0.2827403045410019,0.0006205248203236772,0.33014960508260466,0.0,0.6602992101652093,0.6602992101652093,0.6602992101652093,0.6602992101652093,0.0,0.0,0.0,0.6602992101652093,0.6602992101652093,0.6602992101652093,1.81,7.244941546337007,False,False,False,False,False,False,,,1,1,1,1,1,1,1,1,1,1,1,1
2738,Qilibri,https://www.crunchbase.com/organization/qilibri,France,48.8534951,2.3483915,2019,2.0,False,True,False,False,False,False,True,True,False,False,False,False,False,False,1,1,2,0.0,3.842776,2020-05-20,2020-05-20,Seed,2020,112.5,True,,True,,13.5,34.0,False,,False,,False,,False,,False,,False,,1,0,True,,False,True,,True,,True,,True,,True,,True,,1,,True,,False,True,,True,True,True,False,False,False,True,False,267,4,True,710,231,0.3253521126760563,0.2816781695500185,0.0006205248203236772,4.485910946470216,0.0,8.971821892940431,0.0,4.485910946470216,8.971821892940431,0.0,0.0,0.0,8.971821892940431,8.971821892940431,8.971821892940431,1.81,7.244941546337007,True,False,False,True,True,True,2023-09-04,4.0,1,0,1,0,1,0,1,0,1,0,1,0
2382,Yumgo,https://www.crunchbase.com/organization/yumgo,France,48.8534951,2.3483915,2019,1.0,False,True,False,False,False,False,True,True,False,False,False,False,False,False,1,1,1,0.0,0.0,2020-12-01,2020-12-01,Series A,2020,71.0,True,,False,,8.0,8.0,True,,False,,True,,False,,False,,False,,1,0,True,,True,True,,True,,True,,True,,True,,True,,1,,True,,True,True,,False,False,False,False,False,False,True,True,267,4,True,710,232,0.3267605633802817,0.2827403045410019,0.0006205248203236772,0.0,0.0,0.0,0.0,0.0,0.0,0.0,0.0,0.0,0.0,0.0,0.0,1.81,7.244941546337007,False,False,True,False,True,True,,,1,0,1,0,1,0,1,0,1,0,1,0
7038,SpirulinaNord,https://www.crunchbase.com/organization/spirulinanord,Latvia,56.9222396,23.9726434,2019,3.0,True,False,False,False,False,True,True,True,False,False,False,False,False,False,1,2,1,1.0,0.635896,2020-09-18,2023-10-20,Seed,2020,38.0,True,True,False,False,8.5,1.0,True,True,False,False,False,False,False,False,False,False,False,False,2,2,True,True,True,True,True,True,True,True,True,True,True,True,True,True,True,2,2.0,True,True,True,False,False,False,False,False,False,False,False,True,True,12,0,False,59,6,0.1016949152542373,0.0968498259899176,0.2832932137158386,0.0,0.0,0.0,0.0,0.0,0.0,0.0,0.0,0.0,0.0,0.0,0.0,1.81,3.845883202923601,False,False,False,False,False,False,,,2,2,2,2,2,2,2,2,2,2,2,2
2642,Epycure,https://www.crunchbase.com/organization/epycure,France,48.8534951,2.3483915,2019,1.0,False,True,False,False,False,True,True,True,False,True,True,False,False,False,0,2,1,1.0,3.306689,2019-07-01,2021-04-07,Seed,2019,82.0,True,True,False,False,2.0,3.0,False,False,False,False,True,True,True,True,False,False,False,False,2,1,True,True,True,True,True,True,True,True,True,True,True,True,True,True,True,2,1.0,True,True,True,True,True,False,False,False,False,False,False,True,True,267,4,True,710,232,0.3267605633802817,0.2827403045410019,0.0006205248203236772,0.0,0.0,0.0,0.0,0.0,0.0,0.0,0.0,0.0,0.0,0.0,0.0,1.81,7.378383712996715,False,False,False,False,False,False,,,2,1,2,1,2,1,2,1,2,1,2,1
5871,Talent Class,https://www.crunchbase.com/organization/talent-class,Spain,40.4237276,-3.6899043,2019,2.0,False,True,False,False,False,True,True,False,False,True,False,False,False,False,1,1,2,0.0,0.590647,2020-10-12,2020-10-12,Equity Crowdfunding,2020,45.5,False,,True,,3.5,4.0,False,,False,,False,,False,,True,,False,,0,0,False,,False,False,,False,,False,,False,,False,,False,,2,,True,,True,True,,False,False,False,False,False,False,True,True,101,2,True,250,43,0.172,0.1587116911548208,0.0013966316113990815,0.5043657437075568,0.5043657437075568,0.5043657437075568,0.5043657437075568,0.5043657437075568,0.5043657437075568,0.0,0.0,0.0,0.0,0.0,0.0,1.81,6.68586094706836,False,False,False,False,False,False,,,0,0,0,0,0,0,0,0,0,0,0,0
20752,anna,https://www.crunchbase.com/organization/anna,Denmark,55.6867243,12.5700724,2019,2.0,True,True,False,False,False,True,True,False,False,True,False,False,False,False,0,1,2,0.0,0.0,2019-12-29,2019-12-29,Pre-Seed,2019,104.5,False,,True,,8.0,23.0,True,,True,,False,,False,,False,,False,,0,0,False,,False,False,,False,,False,,False,,False,,False,,0,,False,,False,True,,False,False,False,False,True,False,True,True,66,2,True,204,47,0.230392156862745,0.2073329452875674,0.0,0.6577186912835719,0.35724176469164737,0.9581956178754963,0.35724176469164737,0.6577186912835719,0.9581956178754963,0.0,0.0,0.0,0.9326577677712301,0.9326577677712301,0.9326577677712301,1.81,5.707110264748875,False,False,False,False,False,False,,,0,0,0,0,0,0,0,0,0,0,0,0
5663,Katoo,https://www.crunchbase.com/organization/katoo,Spain,40.4237276,-3.6899043,2019,2.0,True,True,False,False,True,True,True,False,False,False,False,False,False,False,1,2,8,2.0,7.176192,2020-11-24,2021-09-30,Seed,2020,192.875,True,True,True,True,6.1,34.3,True,False,True,True,True,False,False,False,True,True,False,False,1,1,True,True,False,True,True,True,True,True,True,True,True,True,True,True,True,1,1.0,True,True,False,True,True,True,True,True,False,True,False,True,False,101,2,True,250,42,0.168,0.1552928844060353,0.0013966316113990815,3.4161261896817976,0.0,9.317949245001227,0.5042571842946573,4.241982180997286,9.317949245001227,0.0,0.5256302200775931,1.0512604401551862,4.732737912331019,0.0,9.317949245001227,1.81,6.68586094706836,True,False,False,True,True,True,2023-01-23,4.0,1,1,1,1,1,1,1,1,1,1,1,1
6100,Bat2go,https://www.crunchbase.com/organization/bat2go,Spain,40.4237276,-3.6899043,2019,1.0,False,True,True,False,False,True,True,False,False,False,False,False,False,False,0,1,1,1.0,0.0,2019-09-29,2019-09-29,Seed,2019,42.0,False,False,True,True,6.0,1.0,False,False,False,False,True,True,False,False,False,False,False,False,0,0,False,False,False,False,False,False,False,False,False,False,False,False,False,False,False,1,1.0,True,True,True,False,False,False,False,False,False,False,False,True,True,101,2,True,250,43,0.172,0.1587116911548208,0.0013966316113990815,0.3017089752238981,0.3017089752238981,0.3017089752238981,0.0,0.0,0.0,0.3017089752238981,0.3017089752238981,0.3017089752238981,0.0,0.0,0.0,1.81,5.993961427306569,False,False,False,False,False,False,,,0,0,0,0,0,0,0,0,0,0,0,0
6098,Entoma Foods,https://www.crunchbase.com/organization/entoma-foods,Spain,40.4237276,-3.6899043,2019,1.0,True,True,False,False,False,False,True,False,False,False,False,False,False,False,0,1,1,1.0,0.0,2019-10-01,2019-10-01,Seed,2019,3.0,True,True,False,False,0.0,0.0,False,False,False,False,False,False,False,False,False,False,False,False,1,1,True,True,True,True,True,True,True,True,True,True,True,True,True,True,True,1,1.0,True,True,True,True,True,False,False,False,False,False,False,True,True,101,2,True,250,43,0.172,0.1587116911548208,0.0013966316113990815,0.0,0.0,0.0,0.0,0.0,0.0,0.0,0.0,0.0,0.0,0.0,0.0,1.81,5.993961427306569,False,False,False,False,False,False,,,1,1,1,1,1,1,1,1,1,1,1,1
14415,Tonic Health,https://www.crunchbase.com/organization/tonic-nutrition,United Kingdom,51.4893335,-0.1440551,2019,1.0,True,True,False,False,False,True,True,True,False,False,False,False,False,False,1,1,1,0.0,1.745317,2020-04-27,2020-04-27,Equity Crowdfunding,2020,1.0,True,,False,,2.0,0.0,False,,False,,False,,False,,False,,False,,1,0,True,,True,True,,True,,True,,True,,True,,True,,1,,True,,True,True,,False,False,False,False,False,False,True,True,643,5,True,2353,534,0.2269443263918402,0.2045267909355726,0.004639509600861782,0.0,0.0,0.0,0.0,0.0,0.0,0.0,0.0,0.0,0.0,0.0,0.0,1.81,7.901377353792616,False,False,False,False,False,False,,,1,0,1,0,1,0,1,0,1,0,1,0
11282,Planted Foods,https://www.crunchbase.com/organization/planted-foods,Switzerland,47.4528517,8.7058075,2019,4.0,False,True,False,False,False,False,True,True,False,False,False,False,False,False,0,1,6,0.0,7.171181,2019-10-23,2019-10-23,Venture - Series Unknown,2019,84.66666666666667,True,,True,,15.2,14.7,True,,False,,False,,False,,True,,True,,0,0,False,,False,True,,True,,True,,True,,True,,True,,1,,True,,False,True,,True,True,True,False,True,False,True,False,122,2,True,9,0,0.0,0.0,0.015156205521712393,4.631007066672895,0.015156205521712493,9.37053025744509,0.015156205521712493,4.631007066672895,9.37053025744509,0.0,0.0,0.0,5.579851271133386,0.0,9.431983965645237,1.81,5.993961427306569,False,True,True,True,True,True,,,1,0,1,0,1,0,1,0,2,0,2,0
12113,Growcer AG,https://www.crunchbase.com/organization/growcer-5b83,Switzerland,47.5581077,7.5878261,2019,1.0,True,False,False,False,False,False,True,False,False,False,True,False,False,False,1,1,1,1.0,0.0,2020-06-09,2020-06-09,Pre-Seed,2020,9.0,True,True,False,False,3.0,0.0,False,False,False,False,False,False,False,False,False,False,False,False,0,0,False,False,False,True,True,False,False,False,False,False,False,False,False,False,False,1,1.0,True,True,True,True,True,False,False,False,False,True,True,True,True,16,0,False,15,3,0.2,0.1823215567939546,0.07450650865265336,0.0745065086526533,0.0745065086526533,0.0745065086526533,0.0,0.0,0.0,0.0745065086526533,0.0745065086526533,0.0745065086526533,0.0,0.0,0.0,1.81,6.2166061010848646,False,False,False,False,False,False,,,0,0,0,0,0,0,0,0,0,0,1,1
19477,Finapp,https://www.crunchbase.com/organization/finapp,Italy,45.391408,11.8058487,2019,1.0,True,False,True,True,False,False,True,False,False,False,False,True,False,False,1,1,1,1.0,0.0,2020-01-01,2020-01-01,Pre-Seed,2020,9.0,False,False,True,True,1.0,0.0,False,False,False,False,False,False,False,False,False,False,False,False,0,0,False,False,False,False,False,False,False,False,False,False,False,False,False,False,False,0,0.0,False,False,False,False,False,False,False,False,False,False,False,True,True,2,0,False,5,1,0.2,0.1823215567939546,0.20431393613843182,0.6325362174850891,0.6325362174850891,0.6325362174850891,0.0,0.0,0.0,0.6325362174850891,0.6325362174850891,0.6325362174850891,0.0,0.0,0.0,1.81,5.993961427306569,False,False,False,False,False,False,,,0,0,0,0,0,0,0,0,0,0,0,0
14400,Planty,https://www.crunchbase.com/organization/planty,United Kingdom,51.4893335,-0.1440551,2019,3.0,False,True,False,False,False,False,True,False,False,False,False,False,False,False,1,2,2,1.0,1.101116,2020-09-02,2021-10-12,Seed,2020,18.333333333333332,False,False,True,True,1.3,1.7,True,True,False,False,False,False,False,False,False,False,True,False,0,0,False,False,False,False,False,False,False,False,False,False,False,False,False,False,False,2,1.0,True,True,False,True,False,False,False,False,False,False,False,True,True,643,5,True,2353,534,0.2269443263918402,0.2045267909355726,0.004639509600861782,0.585013411675253,0.16007841429695,1.4348834064318592,0.16007841429695,0.7974809103644046,1.4348834064318592,0.16007841429695,0.16007841429695,0.16007841429695,0.9293004806982208,0.0,1.393950721047331,1.81,7.901377353792616,False,False,False,False,False,False,,,0,0,0,0,0,0,0,0,0,0,0,0
11614,AgFlow,https://www.crunchbase.com/organization/agflow,Switzerland,46.2017559,6.1466014,2019,5.0,True,False,False,False,False,False,True,False,False,True,False,False,False,False,0,1,1,0.0,0.0,2019-08-01,2019-08-01,Pre-Seed,2019,13.0,True,,False,,0.0,0.0,False,,False,,False,,False,,False,,False,,1,0,True,,True,True,,True,,True,,True,,True,,True,,1,,True,,True,False,,False,False,False,False,True,True,True,True,32,1,True,32,6,0.1875,0.1718502569266592,0.05155619726540332,0.0,0.0,0.0,0.0,0.0,0.0,0.0,0.0,0.0,0.0,0.0,0.0,1.81,5.993961427306569,False,False,False,False,False,False,,,1,0,1,0,1,0,1,0,1,0,1,0
14404,Jack & Bry,https://www.crunchbase.com/organization/jack-bry,United Kingdom,51.4893335,-0.1440551,2019,2.0,False,True,False,False,False,True,True,False,False,False,False,False,False,False,0,2,3,1.0,1.677731,2019-04-01,2020-12-01,Seed,2019,21.5,True,False,True,True,3.0,2.2,True,True,False,False,False,False,False,False,True,False,False,False,1,0,True,False,False,True,False,True,False,True,False,True,False,True,False,True,False,2,0.0,True,False,False,True,False,False,False,False,False,True,False,True,True,643,5,True,2353,534,0.2269443263918402,0.2045267909355726,0.004639509600861782,0.4468037063951422,0.0,0.7620783849670164,0.0,0.3417121468711842,0.7620783849670164,0.7620783849670164,0.7620783849670164,0.7620783849670164,0.6378273515568493,0.0,1.019874641880263,1.81,8.006700845440367,False,False,False,False,False,False,,,1,0,1,0,1,0,1,0,1,0,1,0
19489,Soplaya,https://www.crunchbase.com/organization/soplaya,Italy,46.0634632,13.2358377,2019,4.0,False,False,False,False,False,False,True,False,False,False,False,False,False,False,1,1,2,1.0,4.0,2020-07-09,2020-07-09,Venture - Series Unknown,2020,50.5,False,False,True,True,5.5,9.0,False,False,True,True,False,False,False,False,False,False,False,False,0,0,False,False,False,False,False,False,False,False,False,False,False,False,False,False,False,2,1.0,True,True,True,True,True,False,False,False,False,False,False,True,True,0,0,False,2,1,0.5,0.4054651081081644,0.2625921792676362,0.3208271175279023,0.3208271175279023,0.3208271175279023,0.3208271175279023,0.3208271175279023,0.3208271175279023,0.3208271175279023,0.3208271175279023,0.3208271175279023,0.0,0.0,0.0,1.81,5.993961427306569,False,False,True,False,True,True,,,0,0,0,0,0,0,0,0,0,0,0,0
14465,Kedeon,https://www.crunchbase.com/organization/kedeon,United Kingdom,51.4893335,-0.1440551,2019,3.0,True,True,False,False,True,False,True,False,False,True,False,False,False,True,0,3,3,2.0,0.0,2019-11-18,2021-01-25,Pre-Seed,2019,18.5,False,False,True,True,5.3,176.3,False,False,True,True,True,True,True,True,True,False,False,False,0,0,False,False,False,False,False,False,False,False,False,False,False,False,False,False,False,0,0.0,False,False,False,False,False,True,True,True,False,False,False,True,False,643,5,True,2353,534,0.2269443263918402,0.2045267909355726,0.004639509600861782,3.6243235515075902,1.6699018168069766,7.533167020908819,1.6699018168069766,1.6699018168069766,1.6699018168069766,1.6699018168069766,4.601534418857899,7.533167020908819,5.49130991168122,0.0,8.23696486752183,1.81,8.006700845440367,False,False,False,False,False,False,,,0,0,0,0,0,0,0,0,0,0,0,0
10530,Kitch,https://www.crunchbase.com/organization/kitch,Portugal,38.7077507,-9.1365919,2019,2.0,False,True,False,False,True,False,True,False,False,False,False,False,False,False,1,2,4,3.0,3.946871,2020-05-20,2021-05-11,Seed,2020,165.16666666666666,True,True,True,True,6.5,27.0,True,True,False,False,True,True,False,False,True,True,False,False,2,1,True,True,False,True,True,True,True,True,True,True,True,True,True,True,True,2,1.0,True,True,False,True,True,False,False,False,False,True,False,True,True,49,0,False,71,16,0.2253521126760563,0.2032282416132682,0.0,1.1986829928148581,0.0,2.3122961113679437,0.0,1.0985747556235774,1.7116466882202601,0.0,1.2987912300061388,2.3122961113679437,1.1888350629381568,0.0,2.3122961113679437,1.81,3.7184382563554808,True,False,False,True,True,True,2022-03-15,3.0,2,1,2,1,2,1,2,1,2,1,2,1
14461,MPowder,https://www.crunchbase.com/organization/mpowder,United Kingdom,51.4893335,-0.1440551,2019,1.0,False,True,False,False,False,True,True,True,False,False,False,False,False,False,1,1,1,1.0,0.65598,2020-11-03,2020-11-03,Seed,2020,6.0,True,True,False,False,1.0,0.0,False,False,False,False,False,False,False,False,False,False,False,False,1,1,True,True,True,True,True,True,True,True,True,True,True,True,True,True,True,1,1.0,True,True,True,True,True,False,False,False,False,False,False,True,True,643,5,True,2353,534,0.2269443263918402,0.2045267909355726,0.004639509600861782,0.0,0.0,0.0,0.0,0.0,0.0,0.0,0.0,0.0,0.0,0.0,0.0,1.81,7.901377353792616,False,False,False,False,False,False,,,1,1,1,1,1,1,1,1,1,1,1,1
14228,CroBio,https://www.crunchbase.com/organization/crobio,United Kingdom,53.3027551,-2.2378849,2019,2.0,True,True,False,False,True,False,True,True,False,False,False,False,False,False,1,3,5,2.0,2.170841,2020-07-15,2024-04-23,Seed,2020,108.25,True,True,True,True,16.5,32.7,True,True,True,True,True,True,False,False,False,False,False,False,1,1,True,True,False,True,True,True,True,True,True,True,True,True,True,True,True,3,1.0,True,True,False,True,True,True,True,True,False,False,False,True,False,27,1,True,20,3,0.15,0.1397619423751586,0.019657782294049166,3.268878277985492,0.0003431321377025081,8.373038701312396,0.10646750623604029,3.5423842519959625,8.373038701312396,0.0003431321377025081,2.7218663299645502,5.443389527791398,4.490567064900051,0.0,8.616713337577476,1.81,7.901377353792616,False,False,False,False,False,False,,,1,1,1,1,1,1,1,1,1,1,1,1
14247,CleanCo,https://www.crunchbase.com/organization/cleanco,United Kingdom,51.4893335,-0.1440551,2019,1.0,False,True,False,False,True,False,True,False,False,False,False,False,False,False,1,1,1,1.0,2.733254,2020-01-18,2020-01-18,Series A,2020,839.0,False,False,True,True,20.0,250.0,False,False,True,True,False,False,False,False,False,False,False,False,0,0,False,False,False,False,False,False,False,False,False,False,False,False,False,False,False,0,0.0,False,False,False,False,False,True,True,True,True,False,False,False,False,643,5,True,2353,534,0.2269443263918402,0.2045267909355726,0.004639509600861782,8.635874836560806,8.635874836560806,8.635874836560806,0.0,0.0,0.0,8.635874836560806,8.635874836560806,8.635874836560806,0.0,0.0,0.0,1.81,7.901377353792616,False,False,True,False,True,True,,,0,0,0,0,0,0,0,0,0,0,0,0
14256,Omni,https://www.crunchbase.com/organization/omni-e6ba,United Kingdom,51.4893335,-0.1440551,2019,2.0,False,True,False,False,False,True,True,False,False,False,False,False,False,False,0,2,6,0.0,1.474525,2019-07-09,2022-01-19,Equity Crowdfunding,2019,50.166666666666664,False,,True,,4.2,1.2,True,,False,,True,,False,,False,,True,,0,0,False,,False,False,,False,,False,,False,,False,,False,,0,,False,,False,True,,True,True,False,False,True,False,True,False,643,5,True,2353,534,0.2269443263918402,0.2045267909355726,0.004639509600861782,2.517250987194547,0.7406241703999934,9.627799404361111,0.7406241703999934,2.517250987194547,9.627799404361111,0.0,0.0,0.0,3.4367266412750066,0.0,9.475558035750675,1.81,8.006700845440367,False,False,False,False,False,False,,,0,0,0,0,0,0,0,0,0,0,0,0
14144,Feel,https://www.crunchbase.com/organization/feel-c09a,United Kingdom,51.4893335,-0.1440551,2019,1.0,False,True,False,False,False,False,True,True,False,False,False,False,False,False,1,1,1,1.0,1.6,2020-07-02,2020-07-02,Series A,2020,140.0,True,True,False,False,7.0,6.0,False,False,False,False,False,False,False,False,False,False,False,False,1,1,True,True,True,True,True,True,True,True,True,True,True,True,True,True,True,1,1.0,True,True,True,True,True,False,False,False,False,False,False,True,True,643,5,True,2353,534,0.2269443263918402,0.2045267909355726,0.004639509600861782,0.0,0.0,0.0,0.0,0.0,0.0,0.0,0.0,0.0,0.0,0.0,0.0,1.81,7.901377353792616,False,False,True,False,True,True,,,1,1,1,1,1,1,1,1,1,1,1,1
14145,Rooser,https://www.crunchbase.com/organization/rooser,United Kingdom,51.4893335,-0.1440551,2019,2.0,True,True,False,False,False,False,True,False,False,True,False,False,False,False,1,1,2,0.0,3.0,2020-01-01,2020-01-01,Venture - Series Unknown,2020,94.5,False,,True,,8.5,21.0,False,,False,,False,,False,,False,,False,,0,0,False,,False,False,,False,,False,,False,,False,,False,,1,,True,,False,True,,False,False,False,False,True,False,True,True,643,5,True,2353,533,0.2265193370165746,0.2041803506064537,0.004639509600861782,0.7496127303373205,0.566567692903411,0.9326577677712301,0.566567692903411,0.7496127303373205,0.9326577677712301,0.0,0.0,0.0,1.1274560062537213,1.1274560062537213,1.1274560062537213,1.81,7.901377353792616,False,True,True,True,True,True,,,0,0,0,0,0,0,0,0,0,0,0,0
14127,Multus,https://www.crunchbase.com/organization/multus-media,United Kingdom,51.4893335,-0.1440551,2019,3.0,True,True,False,False,True,False,True,True,False,False,False,False,False,False,1,2,4,0.0,2.050161,2020-05-05,2021-07-19,Series A,2020,101.66666666666669,True,,True,,13.6,33.2,True,,True,,True,,False,,False,,False,,1,0,True,,False,True,,True,,True,,True,,True,,True,,1,,True,,False,True,,True,True,True,False,False,False,True,False,643,5,True,2353,534,0.2269443263918402,0.2045267909355726,0.004639509600861782,7.377781122040257,0.0,16.9959239764173,0.0,7.377781122040257,16.9959239764173,0.0,0.0,0.0,8.886447561167333,0.0,16.9959239764173,1.81,7.901377353792616,False,False,True,False,True,True,,,1,0,1,0,1,0,1,0,1,0,1,0
14176,Weezy,https://www.crunchbase.com/organization/weezy,United Kingdom,51.4893335,-0.1440551,2019,2.0,False,True,False,False,True,False,True,False,False,True,False,False,False,False,1,1,1,1.0,0.0,2020-08-05,2020-08-05,Series A,2020,102.0,False,False,True,True,13.0,23.0,False,False,True,True,False,False,False,False,False,False,False,False,0,0,False,False,False,False,False,False,False,False,False,False,False,False,False,False,False,0,0.0,False,False,False,True,True,False,False,False,False,False,False,True,True,643,5,True,2353,533,0.2265193370165746,0.2041803506064537,0.004639509600861782,0.9581956178754963,0.9581956178754963,0.9581956178754963,0.0,0.0,0.0,0.9581956178754963,0.9581956178754963,0.9581956178754963,0.0,0.0,0.0,1.81,7.901377353792616,True,False,True,True,True,True,2021-11-23,2.0,0,0,0,0,0,0,0,0,0,0,0,0
12266,Dserve,https://www.crunchbase.com/organization/dserve,Lithuania,54.6870458,25.2829111,2019,3.0,True,False,False,False,True,True,True,False,False,True,False,False,False,False,1,1,1,1.0,0.0,2020-09-01,2020-09-01,Pre-Seed,2020,447.0,False,False,True,True,8.0,13.0,False,False,True,True,True,True,False,False,False,False,False,False,0,0,False,False,False,False,False,False,False,False,False,False,False,False,False,False,False,0,0.0,False,False,False,True,True,False,False,False,False,False,False,True,True,21,0,False,80,10,0.125,0.1177830356563834,0.3931527714736103,0.529189015945934,0.529189015945934,0.529189015945934,0.0,0.0,0.0,0.529189015945934,0.529189015945934,0.529189015945934,0.0,0.0,0.0,1.81,3.845883202923601,False,False,False,False,False,False,,,0,0,0,0,0,0,0,0,0,0,0,0
12256,LastMile,https://www.crunchbase.com/organization/lastmile-bf90,Lithuania,54.6870458,25.2829111,2019,3.0,False,False,False,False,True,True,True,False,False,False,False,False,False,False,0,2,1,1.0,0.0,2019-07-01,2020-01-27,Seed,2019,26.0,True,True,False,False,2.5,1.0,True,True,False,False,False,False,False,False,False,False,False,False,2,1,True,True,True,True,True,True,True,True,True,True,True,True,True,True,True,2,1.0,True,True,True,False,False,False,False,False,False,False,False,True,True,21,0,False,80,10,0.125,0.1177830356563834,0.3931527714736103,0.0,0.0,0.0,0.0,0.0,0.0,0.0,0.0,0.0,0.0,0.0,0.0,1.81,3.616308761279101,False,False,False,False,False,False,,,2,1,2,1,2,1,2,1,2,1,2,1
14316,Greenforce,https://www.crunchbase.com/organization/the-meatless-farm,United Kingdom,53.794414,-1.548621,2019,1.0,False,False,False,False,True,False,True,False,False,False,False,False,False,False,0,1,1,0.0,1.31226,2019-05-30,2019-05-30,Venture - Series Unknown,2019,29.0,False,,True,,2.0,4.0,True,,False,,False,,False,,False,,False,,0,0,False,,False,False,,False,,False,,False,,False,,False,,0,,False,,False,False,,False,False,False,False,True,True,True,True,11,1,True,17,1,0.0588235294117647,0.0571584138399486,0.0577466785551441,1.0155732543988183,1.0155732543988183,1.0155732543988183,1.0155732543988183,1.0155732543988183,1.0155732543988183,0.0,0.0,0.0,0.0,0.0,0.0,1.81,8.006700845440367,False,True,True,True,True,True,,,0,0,0,0,0,0,0,0,0,0,0,0
14262,Kbox Global,https://www.crunchbase.com/organization/kbox-global,United Kingdom,51.4893335,-0.1440551,2019,1.0,True,True,False,False,False,False,True,False,False,True,False,False,False,False,1,1,3,1.0,6.302706,2020-07-09,2020-07-09,Series A,2020,82.0,True,True,True,False,7.3,19.3,False,False,False,False,False,False,False,False,True,True,False,False,1,1,True,True,False,True,True,True,True,True,True,True,True,True,True,True,True,1,1.0,True,True,False,True,True,True,True,False,False,False,False,True,False,643,5,True,2353,533,0.2265193370165746,0.2041803506064537,0.004639509600861782,1.8362807255580893,0.0,5.018193891217523,0.490648285456745,2.754421088337134,5.018193891217523,0.0,0.0,0.0,3.4377310532819427,0.490648285456745,5.018193891217523,1.81,7.901377353792616,True,False,True,True,True,True,2024-02-19,5.0,1,1,1,1,1,1,1,1,1,1,1,1
14279,Bother,https://www.crunchbase.com/organization/bother,United Kingdom,51.4893335,-0.1440551,2019,1.0,False,True,False,False,True,True,True,False,False,False,False,False,False,False,0,4,4,4.0,6.113208,2019-11-22,2022-05-31,Seed,2019,76.8,True,True,True,True,20.0,12.6,False,False,False,False,True,True,False,False,True,True,True,True,4,3,True,True,False,True,True,True,True,True,True,True,True,True,True,True,True,4,3.0,True,True,False,True,True,True,True,False,False,False,False,True,False,643,5,True,2353,534,0.2269443263918402,0.2045267909355726,0.004639509600861782,1.9259135661481817,0.0,9.629567830740909,0.0,0.0,0.0,0.0,2.4073919576852267,9.629567830740909,3.851827132296363,0.0,9.629567830740909,1.81,8.006700845440367,False,False,False,False,False,False,,,4,3,4,3,4,3,4,3,4,3,4,3
19992,Squiseat,https://www.crunchbase.com/organization/squiseat,Italy,44.4938203,11.3426327,2019,1.0,False,False,False,False,False,False,True,False,False,True,False,True,False,False,1,1,1,0.0,0.0,2020-04-01,2020-04-01,Pre-Seed,2020,43.0,True,,False,,8.0,5.0,False,,False,,True,,False,,False,,False,,0,0,False,,False,True,,False,,False,,False,,False,,False,,1,,True,,True,False,,False,False,False,False,False,False,True,True,7,1,True,8,1,0.125,0.1177830356563834,0.2007881922946392,0.08080667722277089,0.08080667722277089,0.08080667722277089,0.08080667722277089,0.08080667722277089,0.08080667722277089,0.0,0.0,0.0,0.0,0.0,0.0,1.81,5.993961427306569,False,False,False,False,False,False,,,0,0,0,0,0,0,0,0,0,0,1,0
8354,Aitme,https://www.crunchbase.com/organization/aitme,Germany,52.510885,13.3989367,2019,2.0,True,True,False,False,True,False,True,False,False,True,False,False,False,False,0,2,4,0.0,6.647448,2019-08-01,2019-08-01,Venture - Series Unknown,2019,220.5,True,,False,,6.0,32.5,True,,False,,False,,False,,False,,False,,8,0,True,,True,True,,True,,True,,True,,True,,True,,8,,True,,True,True,,False,False,False,False,True,True,True,True,171,3,True,737,269,0.3649932157394844,0.3111494584703479,0.0,0.0,0.0,0.0,0.0,0.0,0.0,0.0,0.0,0.0,0.0,0.0,0.0,1.81,7.650168700845001,True,False,True,True,True,True,2023-08-29,4.0,8,0,8,0,8,0,8,0,8,0,8,0
8429,Peace of Meat,https://www.crunchbase.com/organization/peace-of-meat,Germany,52.510885,13.3989367,2019,2.0,False,True,False,False,True,True,True,False,False,False,False,False,False,False,0,4,2,1.0,0.0,2009-12-10,2019-08-27,Corporate Round,2009,67.0,False,False,True,True,0.0,4.0,True,False,False,False,True,True,False,False,True,True,False,False,0,0,False,False,False,False,False,False,False,False,False,False,False,False,False,False,False,0,0.0,False,False,False,False,False,True,True,True,False,False,False,True,False,171,3,True,737,269,0.3649932157394844,0.3111494584703479,0.0,3.493401999371738,0.6017179238381064,6.385086074905369,0.6017179238381064,0.6017179238381064,0.6017179238381064,6.385086074905369,6.385086074905369,6.385086074905369,4.0393196526188655,0.0,6.058979478928299,1.81,6.55250788703459,True,False,True,True,True,True,2020-12-08,1.0,0,0,0,0,0,0,0,0,0,0,0,0
8481,Honest & Rare,https://www.crunchbase.com/organization/craft-exchange,Germany,52.510885,13.3989367,2019,2.0,False,True,False,False,False,True,True,False,False,False,False,False,False,False,0,4,1,0.0,0.689536,2019-06-05,2022-07-07,Seed,2019,131.0,False,,True,,2.5,1.0,False,,False,,False,,False,,False,,False,,0,0,False,,False,False,,False,,False,,False,,False,,False,,0,,False,,False,False,,True,True,False,False,False,False,False,False,171,3,True,737,270,0.3663500678426051,0.3121430005292256,0.0,6.476096304525294,6.476096304525294,6.476096304525294,6.476096304525294,6.476096304525294,6.476096304525294,0.0,0.0,0.0,0.0,0.0,0.0,1.81,7.650168700845001,False,False,False,False,False,False,,,0,0,0,0,0,0,0,0,0,0,0,0
8701,Gesundheit!,https://www.crunchbase.com/organization/gesundheit,Germany,52.510885,13.3989367,2019,1.0,False,True,False,False,False,True,True,True,False,False,False,False,False,False,0,2,1,0.0,0.0,2018-01-01,2018-01-01,Seed,2018,10.0,False,,True,,1.0,0.0,True,,False,,False,,False,,False,,False,,0,0,False,,False,False,,False,,False,,False,,False,,False,,0,,False,,False,False,,True,True,True,True,False,False,False,False,171,3,True,737,270,0.3663500678426051,0.3121430005292256,0.0,9.09726949493066,9.09726949493066,9.09726949493066,9.09726949493066,9.09726949493066,9.09726949493066,0.0,0.0,0.0,0.0,0.0,0.0,1.81,7.244941546337007,False,False,False,False,False,False,,,0,0,0,0,0,0,0,0,0,0,0,0
14540,Curie London,https://www.crunchbase.com/organization/curie-london,United Kingdom,51.4893335,-0.1440551,2019,1.0,False,True,False,False,True,True,True,True,False,False,False,False,False,False,1,1,1,1.0,0.0,2020-01-27,2020-01-27,Pre-Seed,2020,0.0,False,False,True,True,14.0,527.0,False,False,True,True,True,True,False,False,False,False,False,False,0,0,False,False,False,False,False,False,False,False,False,False,False,False,False,False,False,0,0.0,False,False,False,False,False,True,True,True,True,False,False,False,False,643,5,True,2353,534,0.2269443263918402,0.2045267909355726,0.004639509600861782,7.533167020908819,7.533167020908819,7.533167020908819,0.0,0.0,0.0,7.533167020908819,7.533167020908819,7.533167020908819,0.0,0.0,0.0,1.81,7.901377353792616,False,False,False,False,False,False,,,0,0,0,0,0,0,0,0,0,0,0,0
14531,Science Says,https://www.crunchbase.com/organization/science2innovation,United Kingdom,51.4893335,-0.1440551,2019,2.0,True,True,False,False,False,True,True,False,False,True,True,False,False,False,0,2,1,1.0,0.0,2019-08-17,2020-04-04,Pre-Seed,2019,0.0,False,False,True,True,1.5,12.0,False,False,True,True,False,False,False,False,False,False,False,False,0,0,False,False,False,False,False,False,False,False,False,False,False,False,False,False,False,0,0.0,False,False,False,False,False,True,True,False,False,False,False,False,False,643,5,True,2353,534,0.2269443263918402,0.2045267909355726,0.004639509600861782,10.856912543700851,10.856912543700851,10.856912543700851,10.856912543700851,10.856912543700851,10.856912543700851,10.856912543700851,10.856912543700851,10.856912543700851,0.0,0.0,0.0,1.81,8.006700845440367,False,False,False,False,False,False,,,0,0,0,0,0,0,0,0,0,0,0,0
8704,Kalea,https://www.crunchbase.com/organization/kalea,Germany,48.7784485,9.1800132,2019,3.0,False,False,False,False,True,False,True,False,False,False,False,True,False,False,0,2,1,0.0,0.0,2019-11-01,2019-11-01,Pre-Seed,2019,9.0,True,,False,,1.0,2.0,True,,False,,False,,False,,False,,True,,0,0,False,,False,True,,True,,True,,True,,True,,True,,2,,True,,True,False,,False,False,False,False,True,True,True,True,35,0,False,33,8,0.2424242424242424,0.2170645052378275,0.16317386253745605,0.019251998398846695,0.019251998398846695,0.019251998398846695,0.019251998398846695,0.019251998398846695,0.019251998398846695,0.0,0.0,0.0,0.0,0.0,0.0,1.81,7.650168700845001,False,False,False,False,False,False,,,2,0,2,0,2,0,2,0,2,0,2,0
8635,Airfarm,https://www.crunchbase.com/organization/airfarm,Germany,52.510885,13.3989367,2019,2.0,False,True,False,False,False,False,True,False,False,True,False,False,False,False,1,6,4,1.0,0.0,2020-10-08,2021-08-13,Seed,2020,48.0,True,True,True,False,5.5,31.2,True,True,True,False,False,False,False,False,True,False,False,False,4,2,True,True,False,True,True,True,True,True,True,True,True,True,True,True,True,4,2.0,True,True,False,True,True,True,True,True,False,True,False,True,False,171,3,True,737,270,0.3663500678426051,0.3121430005292256,0.0,1.7286930322748697,0.0,6.385086074905369,0.0,2.30492404303316,6.385086074905369,0.0,0.0,0.0,2.963415256907033,0.0,6.914362540150274,1.81,7.550135342488429,False,False,False,False,False,False,,,4,2,4,2,4,2,4,2,4,2,4,2
19939,Leonard,https://www.crunchbase.com/organization/leonard-system,Italy,41.8933203,12.4829321,2019,2.0,False,False,False,False,False,False,True,False,False,True,False,False,False,False,0,1,1,0.0,0.0,2019-01-01,2019-01-01,Pre-Seed,2019,151.0,False,,True,,3.0,7.0,False,,True,,False,,False,,True,,False,,0,0,False,,False,False,,False,,False,,False,,False,,False,,0,,False,,False,False,,True,True,False,False,False,False,False,False,24,1,True,71,8,0.1126760563380281,0.106767975425706,0.477186331368922,10.024915363181005,10.024915363181005,10.024915363181005,10.024915363181005,10.024915363181005,10.024915363181005,0.0,0.0,0.0,0.0,0.0,0.0,1.81,5.303304908059076,False,False,False,False,False,False,,,0,0,0,0,0,0,0,0,0,0,0,0
14574,Noir Food,https://www.crunchbase.com/organization/noir-food,United Kingdom,51.4893335,-0.1440551,2019,1.0,False,True,False,False,False,False,True,False,False,False,False,False,False,False,0,1,1,1.0,0.0,2019-07-15,2019-07-15,Pre-Seed,2019,0.0,False,False,True,True,13.0,527.0,False,False,True,True,True,True,False,False,False,False,False,False,0,0,False,False,False,False,False,False,False,False,False,False,False,False,False,False,False,0,0.0,False,False,False,False,False,True,True,True,True,False,False,False,False,643,5,True,2353,534,0.2269443263918402,0.2045267909355726,0.004639509600861782,7.533167020908819,7.533167020908819,7.533167020908819,0.0,0.0,0.0,7.533167020908819,7.533167020908819,7.533167020908819,0.0,0.0,0.0,1.81,8.006700845440367,False,False,False,False,False,False,,,0,0,0,0,0,0,0,0,0,0,0,0
8594,VAHA,https://www.crunchbase.com/organization/vaha,Germany,52.510885,13.3989367,2019,2.0,False,True,False,False,False,True,True,True,False,False,False,False,False,False,0,2,4,0.0,0.0,2019-12-20,2019-12-20,Series B,2019,294.25,True,,True,,11.2,59.0,False,,True,,False,,False,,False,,False,,2,0,True,,False,True,,True,,True,,True,,True,,True,,4,,True,,False,True,,True,True,True,False,True,False,True,False,171,3,True,737,269,0.3649932157394844,0.3111494584703479,0.0,1.9552441391141857,0.0,6.385086074905369,0.0,1.9552441391141857,6.385086074905369,0.0,0.0,0.0,2.9710481680601597,0.0,6.48811614666237,1.81,7.650168700845001,True,False,True,True,True,True,2022-12-06,3.0,2,0,2,0,2,0,2,0,2,0,2,0
17560,Better Dairy,https://www.crunchbase.com/organization/better-dairy,United Kingdom,51.4893335,-0.1440551,2020,2.0,True,True,False,False,False,False,True,False,False,False,False,False,False,False,0,2,5,2.0,2.17099,2020-01-28,2020-12-17,Series A,2020,135.83333333333334,True,True,True,True,5.2,13.2,True,False,True,True,True,True,False,False,True,False,False,False,3,1,True,True,False,True,True,True,True,True,True,True,True,True,True,True,True,4,1.0,True,True,False,True,True,True,True,True,False,False,False,True,False,643,5,True,2441,545,0.2232691519868906,0.2015269077061756,0.004639509600861782,2.798409072583248,0.0,9.627517654238297,0.0,1.7907341953152973,7.002858366964239,0.0,4.813758827119148,9.627517654238297,5.295193377275156,0.0,12.574707130287468,-5.65,7.901377353792616,False,False,True,False,True,True,,,3,1,3,1,3,1,3,1,3,1,3,1
21541,Taimi.love,https://www.crunchbase.com/organization/powder-love,Finland,60.1717794,24.9413548,2020,1.0,False,True,False,False,False,False,True,True,False,False,False,False,False,False,0,1,1,0.0,0.43,2020-04-23,2020-04-23,Seed,2020,66.0,False,,True,,8.0,2.0,False,,False,,False,,False,,False,,False,,0,0,False,,False,False,,False,,False,,False,,False,,False,,1,,True,,True,False,,False,False,False,False,False,False,True,True,47,2,True,233,50,0.2145922746781116,0.194408444077537,0.0004833470476976217,0.5388457224376022,0.5388457224376022,0.5388457224376022,0.5388457224376022,0.5388457224376022,0.5388457224376022,0.0,0.0,0.0,0.0,0.0,0.0,-5.65,5.993961427306569,False,False,False,False,False,False,,,0,0,0,0,0,0,0,0,0,0,0,0
770,Savvie,https://www.crunchbase.com/organization/savvie-fea4,Norway,59.9723975,10.7757292,2020,2.0,True,True,False,False,True,False,True,False,False,True,False,False,False,False,0,2,2,1.0,0.0,2020-06-01,2020-12-15,Pre-Seed,2020,3.0,True,False,True,True,9.0,6.0,False,False,True,True,False,False,False,False,False,False,False,False,0,0,False,False,False,True,False,True,False,True,False,True,False,True,False,True,False,1,0.0,True,False,False,True,False,True,True,False,False,False,False,True,False,55,1,True,93,24,0.2580645161290322,0.2295744416445001,0.0068796624669323235,5.032931077420836,0.011522695813611634,10.05433945902806,0.011522695813611634,0.011522695813611634,0.011522695813611634,10.05433945902806,10.05433945902806,10.05433945902806,10.062992495325185,10.062992495325185,10.062992495325185,-5.65,4.61512051684126,False,False,False,False,False,False,,,1,0,1,0,1,0,1,0,1,0,1,0
80,SUPERSONIC Food,https://www.crunchbase.com/organization/supersonic-food-company,Poland,52.2319581,21.0067249,2020,2.0,False,True,False,False,False,True,True,True,False,False,False,False,False,False,0,3,2,2.0,3.003931,2020-12-20,2023-03-15,Seed,2020,13.25,True,True,True,True,11.8,0.0,True,True,False,False,False,False,False,False,True,True,False,False,3,1,True,True,False,True,True,True,True,True,True,True,True,True,True,True,True,4,2.0,True,True,True,True,True,False,False,False,False,False,False,True,True,58,0,False,150,17,0.1133333333333333,0.1073585183204993,0.0,0.06937575848033287,0.0,0.27750303392133147,0.0,0.0,0.0,0.0,0.13875151696066573,0.27750303392133147,0.13875151696066573,0.0,0.27750303392133147,-5.65,4.93806460126142,False,False,False,False,False,False,,,3,1,3,1,3,1,3,1,3,1,3,1
21672,Snappmeal,https://www.crunchbase.com/organization/snappmeal,Finland,60.1717794,24.9413548,2020,1.0,False,True,False,False,False,False,True,False,False,True,True,False,False,False,0,1,1,1.0,0.0,2020-12-02,2020-12-02,Pre-Seed,2020,154.0,True,True,False,False,37.0,15.0,False,False,False,False,False,False,False,False,False,False,False,False,1,1,True,True,True,True,True,True,True,True,True,True,True,True,True,True,True,1,1.0,True,True,True,True,True,False,False,False,False,False,False,True,True,47,2,True,233,50,0.2145922746781116,0.194408444077537,0.0004833470476976217,0.0,0.0,0.0,0.0,0.0,0.0,0.0,0.0,0.0,0.0,0.0,0.0,-5.65,5.993961427306569,False,False,False,False,False,False,,,1,1,1,1,1,1,1,1,1,1,1,1
10417,Eatster,https://www.crunchbase.com/organization/eatster,Slovakia (Slovak Republic),48.14816,17.10674,2020,1.0,False,False,False,False,True,False,True,False,False,True,False,False,False,False,0,1,1,1.0,0.281285,2020-07-01,2020-07-01,Seed,2020,53.0,False,False,True,True,4.0,5.0,False,False,False,False,False,False,False,False,False,False,False,False,0,0,False,False,False,False,False,False,False,False,False,False,False,False,False,False,False,0,0.0,False,False,False,False,False,True,True,False,False,False,False,False,False,12,0,False,29,4,0.1379310344827586,0.1292117314800061,0.05485068933799905,3.738799863582138,3.738799863582138,3.738799863582138,0.0,0.0,0.0,3.738799863582138,3.738799863582138,3.738799863582138,0.0,0.0,0.0,-5.65,,False,False,False,False,False,False,,,0,0,0,0,0,0,0,0,0,0,0,0
10563,Lyzer,https://www.crunchbase.com/organization/360hyper,Portugal,39.0930856,-9.260741,2020,3.0,True,False,False,False,True,True,True,False,False,False,False,False,False,False,0,2,3,2.0,0.858604,2020-08-01,2021-11-11,Seed,2020,29.5,True,True,False,False,4.5,1.0,False,False,False,False,True,True,False,False,False,False,False,False,0,0,False,False,False,True,True,True,True,True,True,False,False,False,False,False,False,4,3.0,True,True,True,True,True,False,False,False,False,False,False,True,True,49,0,False,3,1,0.3333333333333333,0.2876820724517809,0.04417362351640521,0.0441736235164054,0.0441736235164054,0.0441736235164054,0.0441736235164054,0.0441736235164054,0.0441736235164054,0.0441736235164054,0.0441736235164054,0.0441736235164054,0.0,0.0,0.0,-5.65,3.7184382563554808,False,False,False,False,False,False,,,0,0,0,0,0,0,4,3,4,3,4,3
10880,Micron AgriTech,https://www.crunchbase.com/organization/micron-agritech,Ireland,53.3436671,-6.2544366,2020,4.0,True,True,False,False,False,False,True,True,False,True,False,False,False,False,0,2,3,3.0,3.49229,2020-12-08,2023-09-18,Seed,2020,60.75,True,True,False,False,14.8,24.0,True,True,False,False,False,False,False,False,False,False,False,False,4,3,True,True,True,True,True,True,True,True,True,True,True,True,True,True,True,4,3.0,True,True,True,True,True,False,False,False,False,False,False,True,True,34,0,False,175,43,0.2457142857142857,0.2197090888655749,0.0007540886496293537,0.0,0.0,0.0,0.0,0.0,0.0,0.0,0.0,0.0,0.0,0.0,0.0,-5.65,5.303304908059076,False,False,False,False,False,False,,,4,3,4,3,4,3,4,3,4,3,4,3
8326,Bringoo,https://www.crunchbase.com/organization/bringoo,Germany,53.550341,10.000654,2020,3.0,True,True,False,False,True,True,True,False,False,True,False,False,False,False,0,3,3,1.0,1.12514,2020-07-01,2022-01-27,Series A,2020,21.2,True,False,True,True,38.0,1.8,False,False,False,False,False,False,True,False,False,False,False,False,2,0,True,False,False,True,False,True,False,True,False,True,False,True,False,True,False,2,0.0,True,False,False,True,False,True,True,False,False,True,False,True,False,47,1,True,141,37,0.2624113475177305,0.2330236599139168,0.0,0.6609913436901561,0.0,1.9868198283298704,0.0,0.3295342225302276,0.6590684450604553,1.9868198283298704,1.9868198283298704,1.9868198283298704,1.0076191893750308,0.0,1.9868198283298704,-5.65,7.550135342488429,False,False,True,False,True,True,,,2,0,2,0,2,0,2,0,2,0,2,0
8331,Klim,https://www.crunchbase.com/organization/klim,Germany,52.510885,13.3989367,2020,3.0,True,True,False,False,False,False,True,False,True,True,False,True,False,False,0,6,7,3.0,13.012792,2020-09-01,2022-09-08,Series A,2020,41.3,True,True,True,True,5.7,2.8,True,True,False,False,False,False,False,False,True,False,False,False,6,4,True,True,False,True,True,True,True,True,True,True,True,True,True,True,True,14,6.0,True,True,False,True,True,True,True,True,False,True,False,True,False,171,3,True,774,280,0.3617571059431524,0.3087758555115805,0.0,1.26002797918408,0.0,9.105379103297077,0.0,1.7281495825800937,9.105379103297077,0.0,0.16774423792671436,0.503232713780143,2.081316184856859,0.0,9.434160278898844,-5.65,7.550135342488429,False,False,True,False,True,True,,,6,4,6,4,6,4,6,4,6,4,6,4
7032,WeedBot,https://www.crunchbase.com/organization/weedbot,Latvia,56.9222396,23.9726434,2020,1.0,True,False,False,False,True,False,True,False,False,False,False,False,False,False,0,2,2,1.0,0.820993,2020-03-09,2023-05-12,Seed,2020,40.0,True,True,True,False,7.3,4.0,False,False,False,False,True,True,True,True,False,False,False,False,2,1,True,True,False,True,True,True,True,True,True,True,True,True,True,True,True,2,1.0,True,True,False,True,False,False,False,False,False,False,False,True,True,12,0,False,66,6,0.0909090909090909,0.0870113769896297,0.2832932137158386,0.23860229535935704,0.0,0.7158068860780711,0.0,0.35790344303903554,0.7158068860780711,0.0,0.0,0.0,0.4772045907187141,0.0,0.7158068860780711,-5.65,3.845883202923601,False,False,False,False,False,False,,,2,1,2,1,2,1,2,1,2,1,2,1
8524,Gorillas,https://www.crunchbase.com/organization/gorillas,Germany,52.510885,13.3989367,2020,6.0,False,True,False,False,True,True,True,False,False,False,False,False,False,False,0,2,2,1.0,2.83062,2020-08-12,2020-08-12,Series C,2020,44.5,True,True,False,False,2.0,3.0,True,True,False,False,False,False,False,False,True,False,False,False,4,2,True,True,True,True,True,True,True,True,True,True,True,True,True,True,True,4,2.0,True,True,True,True,True,False,False,False,False,True,True,True,True,171,3,True,774,279,0.3604651162790697,0.3078266385442483,0.0,0.0,0.0,0.0,0.0,0.0,0.0,0.0,0.0,0.0,0.0,0.0,0.0,-5.65,7.550135342488429,True,True,True,True,True,True,2022-12-09,2.0,4,2,4,2,4,2,4,2,4,2,4,2
11744,Agrinorm,https://www.crunchbase.com/organization/agrinorm,Switzerland,47.3744489,8.5410422,2020,2.0,True,True,False,False,True,True,True,False,True,False,False,False,False,True,0,2,2,2.0,1.0,2020-07-01,2022-12-05,Seed,2020,112.0,True,True,False,False,3.5,8.5,False,False,False,False,False,False,True,True,False,False,False,False,2,2,True,True,True,True,True,True,True,True,True,True,True,True,True,True,True,2,2.0,True,True,True,True,True,False,False,False,False,True,True,True,True,123,2,True,142,37,0.2605633802816901,0.2315587482394942,0.0,0.0,0.0,0.0,0.0,0.0,0.0,0.0,0.0,0.0,0.0,0.0,0.0,-5.65,6.2166061010848646,False,False,False,False,False,False,,,2,2,2,2,2,2,2,2,2,2,2,2
21275,Munchfam,https://www.crunchbase.com/organization/munchfam,Finland,60.1717794,24.9413548,2020,5.0,False,True,False,False,False,True,True,False,False,True,False,False,False,False,0,3,4,3.0,1.390435,2020-10-01,2024-10-10,Seed,2020,26.166666666666668,True,False,True,True,6.8,2.8,False,False,True,True,False,False,False,False,True,True,False,False,1,0,True,False,False,True,False,True,False,True,False,True,False,True,False,True,False,1,0.0,True,False,False,True,True,True,True,False,False,False,False,True,False,47,2,True,233,50,0.2145922746781116,0.194408444077537,0.0004833470476976217,2.713987264521777,0.0,13.480168240791231,0.0,0.19800837711318506,0.3960167542263701,0.3960167542263701,3.9719767082260726,13.480168240791231,4.745811492458932,0.0,13.480168240791231,-5.65,5.993961427306569,False,False,False,False,False,False,,,1,0,1,0,1,0,1,0,1,0,1,0
21238,Enifer,https://www.crunchbase.com/organization/eniferbio,Finland,60.83333,26.0,2020,5.0,True,False,False,False,True,False,True,True,False,False,False,False,False,False,0,1,2,1.0,1.186249,2020-10-23,2020-10-23,Series B,2020,22.5,True,True,False,False,0.5,0.5,True,True,False,False,False,False,False,False,False,False,False,False,0,0,False,False,False,True,True,False,False,False,False,False,False,False,False,False,False,2,1.0,True,True,True,True,True,False,False,False,False,False,False,True,True,11,0,False,59,11,0.1864406779661017,0.1709577981436395,0.09398058736034391,0.09364994887113248,0.09364994887113248,0.09364994887113248,0.09364994887113248,0.09364994887113248,0.09364994887113248,0.09364994887113248,0.09364994887113248,0.09364994887113248,0.0,0.0,0.0,-5.65,5.993961427306569,False,False,True,False,True,True,,,0,0,0,0,0,0,0,0,0,0,2,1
17677,Dishpatch,https://www.crunchbase.com/organization/dishpatch,United Kingdom,51.4893335,-0.1440551,2020,2.0,False,True,False,False,False,False,True,False,False,False,False,False,False,False,0,2,5,3.0,14.080798,2020-12-08,2021-06-15,Equity Crowdfunding,2020,254.66666666666663,True,True,True,True,5.7,62.5,False,False,True,True,False,False,False,False,True,True,False,False,4,2,True,True,False,True,True,True,True,True,True,True,True,True,True,True,True,4,2.0,True,True,False,True,True,True,True,True,False,False,False,True,False,643,5,True,2441,544,0.2228594838181073,0.2011919554337423,0.004639509600861782,2.032080961140669,0.0,8.635874836560806,0.0,1.1855369767610693,3.556610930283208,0.0,2.8786249455202686,8.635874836560806,4.04610774758231,0.0,11.9216731463586,-5.65,7.901377353792616,True,False,False,True,True,True,2024-06-07,4.0,4,2,4,2,4,2,4,2,4,2,4,2
17608,Living Optics,https://www.crunchbase.com/organization/living-optics,United Kingdom,51.6714842,-1.2779715,2020,4.0,True,True,False,False,True,False,True,True,False,True,False,False,False,False,0,2,3,2.0,7.159812,2020-04-16,2021-01-01,Series A,2020,43.8,True,True,False,False,5.6,5.4,True,True,False,False,False,False,False,False,False,False,False,False,2,1,True,True,False,True,True,True,True,True,True,True,True,True,True,True,True,5,2.0,True,True,True,True,True,False,False,False,False,False,False,True,True,17,1,True,87,30,0.3448275862068966,0.2962658161431724,0.009061088460714586,0.052180210958802535,0.009061088460714442,0.08092629262419458,0.009061088460714442,0.056971224569701204,0.08092629262419458,0.009061088460714442,0.04499369054245451,0.08092629262419458,0.04935165998297288,0.0,0.08225276663828812,-5.65,7.901377353792616,False,False,True,False,True,True,,,2,1,2,1,2,1,2,1,2,1,5,2
17707,SATIS.AI,https://www.crunchbase.com/organization/satis-ai,United Kingdom,51.4893335,-0.1440551,2020,2.0,False,True,False,False,True,False,True,False,False,True,False,False,False,True,0,2,7,0.0,2.6,2020-09-08,2021-09-02,Seed,2020,47.166666666666664,True,,True,,8.6,80.9,True,,True,,True,,False,,True,,True,,3,0,True,,False,True,,True,,True,,True,,True,,True,,3,,True,,False,True,,True,True,True,False,True,False,True,False,643,5,True,2441,545,0.2232691519868906,0.2015269077061756,0.004639509600861782,3.4680715057932217,0.0,8.616713337577476,0.0,3.4680715057932217,8.616713337577476,0.0,0.0,0.0,5.943847057236069,0.0,13.496187702329237,-5.65,7.901377353792616,False,False,False,False,False,False,,,3,0,3,0,3,0,3,0,3,0,3,0
19202,Byome Kft.,https://www.crunchbase.com/organization/byome-kft,Hungary,47.5198856,21.6287627,2020,3.0,True,False,False,False,False,False,True,False,False,False,False,False,False,False,0,2,2,2.0,0.0,2020-08-11,2021-07-01,Pre-Seed,2020,261.6666666666667,False,False,True,True,15.7,5.0,False,False,False,False,False,False,False,False,False,False,True,True,0,0,False,False,False,False,False,False,False,False,False,False,False,False,False,False,False,3,2.0,True,True,True,False,False,False,False,False,False,False,False,True,True,0,0,False,27,1,0.037037037037037,0.0363676441708748,0.39943331529835063,0.1944291595406349,0.1944291595406349,0.1944291595406349,0.1944291595406349,0.1944291595406349,0.1944291595406349,0.1944291595406349,0.1944291595406349,0.1944291595406349,0.0,0.0,0.0,-5.65,4.873669439023098,True,False,False,True,True,True,2021-07-01,1.0,0,0,0,0,0,0,0,0,0,0,0,0
19174,Borindex,https://www.crunchbase.com/organization/borindex-kft,Hungary,47.7799838,19.9291176,2020,1.0,False,False,False,False,False,True,True,False,False,True,False,False,False,False,0,2,1,0.0,0.0,2020-12-07,2021-10-19,Pre-Seed,2020,392.0,True,,False,,21.5,7.0,False,,False,,False,,False,,False,,False,,0,0,False,,False,True,,False,,False,,False,,False,,False,,2,,True,,True,False,,False,False,False,False,False,False,True,True,0,0,False,1,0,0.0,0.0,0.26888224844907577,0.07361488797271636,0.07361488797271636,0.07361488797271636,0.07361488797271636,0.07361488797271636,0.07361488797271636,0.0,0.0,0.0,0.0,0.0,0.0,-5.65,4.873669439023098,False,False,False,False,False,False,,,0,0,0,0,0,0,0,0,0,0,2,0
4291,BeeSage,https://www.crunchbase.com/organization/beesage,The Netherlands,52.0799838,4.3113461,2020,2.0,True,False,False,False,False,False,True,False,False,True,False,True,False,False,0,2,3,2.0,0.0,2020-07-21,2022-02-14,Pre-Seed,2020,242.5,False,False,True,True,11.0,180.3,True,True,True,True,True,True,False,False,False,False,False,False,0,0,False,False,False,False,False,False,False,False,False,False,False,False,False,False,False,0,0.0,False,False,False,True,False,True,True,True,False,False,False,True,False,56,2,True,36,6,0.1666666666666666,0.1541506798272582,0.05127095594048748,3.5380420319922834,1.3727705587964265,7.732965863796111,1.5083896733843125,1.5083896733843125,1.5083896733843125,1.3727705587964265,4.552868211296269,7.732965863796111,5.521623072258709,0.28329321371583815,8.23696486752183,-5.65,6.55250788703459,False,False,False,False,False,False,,,0,0,0,0,0,0,0,0,0,0,0,0
4296,Trabotyx,https://www.crunchbase.com/organization/trabotyx,The Netherlands,51.6889387,5.303116,2020,2.0,True,False,False,False,False,False,True,False,False,False,False,False,False,False,0,2,2,1.0,0.562005,2020-05-20,2021-06-01,Pre-Seed,2020,16.0,True,False,True,True,20.0,7.0,False,False,True,True,False,False,False,False,False,False,False,False,0,0,False,False,False,True,False,True,False,True,False,True,False,True,False,True,False,1,0.0,True,False,False,False,False,True,True,False,False,False,False,True,False,37,0,False,6,0,0.0,0.0,0.08109443280065959,5.251148111825421,0.019990599837229082,10.482305623813613,0.019990599837229082,0.019990599837229082,0.019990599837229082,10.482305623813613,10.482305623813613,10.482305623813613,10.500042758850594,10.500042758850594,10.500042758850594,-5.65,6.55250788703459,False,False,False,False,False,False,,,1,0,1,0,1,0,1,0,1,0,1,0
19130,Ongo Vettech,https://www.crunchbase.com/organization/ongo-vettech,Hungary,47.3299049,18.7687291,2020,1.0,True,False,False,False,True,False,True,True,False,False,False,False,False,False,0,1,1,1.0,0.849147,2020-08-24,2020-08-24,Seed,2020,22.0,True,True,False,False,7.0,0.0,False,False,False,False,False,False,False,False,False,False,False,False,0,0,False,False,False,True,True,True,True,True,True,True,True,True,True,False,False,1,1.0,True,True,True,False,False,False,False,False,False,False,False,True,True,31,0,False,1,0,0.0,0.0,0.2039782921201789,0.02768098992309521,0.02768098992309521,0.02768098992309521,0.0,0.0,0.0,0.02768098992309521,0.02768098992309521,0.02768098992309521,0.0,0.0,0.0,-5.65,4.873669439023098,False,False,False,False,False,False,,,0,0,1,1,1,1,1,1,1,1,1,1
18193,Gratsi,https://www.crunchbase.com/organization/gratsi,United Kingdom,54.5975804,-5.9277097,2020,1.0,True,False,False,False,True,False,True,False,True,False,False,False,False,False,0,1,1,1.0,0.0,2020-11-01,2020-11-01,Pre-Seed,2020,28.0,True,True,False,False,18.0,7.0,False,False,False,False,False,False,False,False,False,False,False,False,1,1,True,True,True,True,True,True,True,True,True,True,True,True,True,True,True,1,1.0,True,True,True,False,False,False,False,False,False,False,False,True,True,11,0,False,52,4,0.0769230769230769,0.0741079721537218,0.1404898807118673,0.0,0.0,0.0,0.0,0.0,0.0,0.0,0.0,0.0,0.0,0.0,0.0,-5.65,7.901377353792616,True,False,False,True,True,True,2021-06-17,1.0,1,1,1,1,1,1,1,1,1,1,1,1
8389,DIDIT,https://www.crunchbase.com/organization/didit-001d,Germany,52.510885,13.3989367,2020,2.0,False,True,False,False,False,False,True,False,True,True,False,False,False,False,0,4,3,2.0,4.71756,2020-02-15,2021-08-15,Seed,2020,101.0,True,True,True,True,9.3,18.0,False,False,True,True,False,False,False,False,False,False,False,False,4,2,True,True,False,True,True,True,True,True,True,True,True,True,True,True,True,6,4.0,True,True,True,True,True,False,False,False,False,True,True,True,True,171,3,True,774,279,0.3604651162790697,0.3078266385442483,0.0,0.08497200026591394,0.0,0.2549160007977418,0.0,0.0,0.0,0.0,0.1274580003988709,0.2549160007977418,0.1359552004254623,0.0,0.2549160007977418,-5.65,7.550135342488429,True,False,False,True,True,True,2023-06-01,3.0,4,2,4,2,4,2,4,2,4,2,4,2
