company_id,organization_name,organization_name_url,headquarters_country,latitude,longitude,founded_year,number_of_founders,b2b_binary,hub_binary,energy,materials,industrials,consumer_discretionary,consumer_staples,health_care,financials,information_technology,communication_services,utilities,real_estate,other,age,number_seed_rounds,number_seed_investors,mixed_syndicate,one_seed_investor_binary,pre_seed_binary,single_lead_investor,number_lead_seed_investors,lead_investor_in_seed,total_seed_funding_m,low_seed_financing_binary,earliest_seed_round_date,latest_seed_round_date,last_equity_funding_type,year_first_round,average_seed_investors_portfolio_organizations,regional_seed_investor_binary,regional_lead_seed_investor_binary,overregional_seed_investor_binary,overregional_lead_seed_investor_binary,avg_age_of_seed_investors,avg_exits_of_seed_investors,specific_vc_in_seed_binary,specific_lead_vc_in_seed_binary,target_vc_in_seed_binary,target_lead_vc_in_seed_binary,accelerator_funding_binary,accelerator_lead_funding_binary,angel_group_funding_binary,angel_group_lead_funding_binary,micro_vc_funding_binary,micro_vc_lead_funding_binary,corporate_vc_funding_binary,corporate_vc_lead_funding_binary,number_seed_investors_same_city,number_seed_lead_investors_same_city,seed_investor_same_city,seed_lead_investor_same_city,seed_investors_all_same_city,seed_investor_same_city_100,seed_lead_investor_same_city_100,seed_investor_same_city_70,seed_lead_investor_same_city_70,seed_investor_same_city_50,seed_lead_investor_same_city_50,seed_investor_same_city_40,seed_lead_investor_same_city_40,seed_investor_same_city_30,seed_lead_investor_same_city_30,seed_investor_same_city_20,seed_lead_investor_same_city_20,number_homecountry_investors,number_homecountry_lead_investors,homecountry_investor_in_seed_binary,homecountry_lead_investor,all_homecountry_investors_in_seed_binary,hub_vc_in_seed_binary,hub_lead_vc_in_seed_binary,global_investor,all_global_investor,us_investor,all_us_investor,dach_investor,all_dach_investor,european_investor,all_european_investor,vcs_within_50km,top_university_count,top_university_ecosystem_binary,founded_startups_in_environment,successful_startups_in_environment,share_successful_startups_in_environment,log_share_successful_startups_in_environment,distance_to_hub,avg_seed_investor_distance,minimum_seed_vc_distance,max_seed_investor_distance,minimum_seed_vc_distance_non_lead,avg_seed_vc_distance_non_lead,maximum_seed_vc_distance_non_lead,minimum_lead_seed_vc_distance,avg_lead_seed_vc_distance,maximum_lead_seed_vc_distance,avg_seed_investor_pairwise_distance,min_seed_investor_pairwise_distance,max_seed_investor_pairwise_distance,local_portfolio,local_coinv,local_network_score,high_local_net_median,high_local_net_top20,high_portfolio_top20,high_coinv_top20,in_peer_top10_20km,in_coinv_peer_top20_30km,in_portfolio_peer_top20_30km,gdp_growth_founding_year,investment_volume_first_seed_year,exit_binary,funding_success,post_seed_funding,exit_funding_success,exit_round_success,success,exit_date,years_to_exit,peer_coinv_top20_threshold,peer_portfolio_top20_threshold
1711,Safetica Technologies,https://www.crunchbase.com/organization/safetica-technologies,Czech Republic,50.0596288,14.4464593,2007,1.0,True,True,False,False,False,False,False,False,False,True,False,False,False,False,5,3,3,True,False,True,False,2.0,True,5.076417,False,2012-03-27,2016-02-29,Venture - Series Unknown,2012,5.5,True,True,True,False,2.0,2.8,False,False,False,False,False,False,False,False,False,False,False,False,5,3,True,True,False,True,True,True,True,True,True,True,True,True,True,True,True,5,3.0,True,True,False,True,True,False,False,False,False,False,False,True,True,124,0,False,1,0,0.0,0.0,0.0,0.04791774061367713,0.0,0.2875064436820628,0.0,0.09583548122735426,0.2875064436820628,0.0,0.0,0.0,0.09583548122735426,0.0,0.2875064436820628,1.0,0.0,0.0,0,0,0,0,0,0,0,3.16,1.824549292051046,False,False,True,False,True,True,,,2.6000000000000085,6.0
1900,Webnode,https://www.crunchbase.com/organization/webnode,Czech Republic,49.1922443,16.6113382,2008,1.0,True,False,False,False,True,False,False,False,False,True,False,False,False,False,11,1,1,False,True,True,True,1.0,True,0.0,True,2019-06-01,2019-06-01,Seed,2019,52.0,False,False,True,True,7.0,14.0,False,False,False,False,False,False,False,False,False,False,False,False,0,0,False,False,False,False,False,False,False,False,False,False,False,False,False,False,False,1,1.0,True,True,True,True,True,False,False,False,False,False,False,True,True,13,0,False,0,0,0.0,0.0,0.11079863865773769,0.18334102074028633,0.18334102074028633,0.18334102074028633,0.0,0.0,0.0,0.18334102074028633,0.18334102074028633,0.18334102074028633,0.0,0.0,0.0,2.0,0.0,0.0402231640645322,0,0,0,0,1,1,1,0.64,3.40452517175483,True,False,False,True,True,True,2020-12-09,12.0,0.0,1.6000000000000014
1925,NejRemeslnici.cz,https://www.crunchbase.com/organization/nejremeslnici-cz,Czech Republic,50.0596288,14.4464593,2009,3.0,False,True,False,False,True,True,False,False,False,True,False,False,False,False,5,1,1,False,True,False,False,0.0,False,0.519807,False,2014-07-01,2014-07-01,Seed,2014,13.0,True,,False,,1.0,5.0,False,,False,,False,,False,,False,,False,,1,0,True,,True,True,,True,,True,,True,,True,,True,,1,,True,,True,True,,False,False,False,False,False,False,True,True,124,0,False,2,0,0.0,0.0,0.0,0.0,0.0,0.0,0.0,0.0,0.0,0.0,0.0,0.0,0.0,0.0,0.0,0.0,0.0,0.0,0,0,0,0,0,0,0,-4.35,2.128231705849268,True,False,False,True,True,True,2018-10-02,9.0,2.6000000000000085,6.0
1923,Snippets,https://www.crunchbase.com/organization/snippets,Czech Republic,48.9747357,14.474285,2009,1.0,True,False,False,False,False,False,False,False,False,True,True,False,False,False,3,1,1,False,True,False,False,0.0,False,0.025,True,2012-01-01,2012-01-01,Seed,2012,211.0,False,,True,,1.0,31.0,False,,True,,False,,False,,False,,False,,0,0,False,,False,False,,False,,False,,False,,False,,False,,0,,False,,False,False,,True,True,False,False,False,False,False,False,0,0,False,0,0,0.0,0.0,0.12065132910283802,11.458071310720731,11.458071310720731,11.458071310720731,11.458071310720731,11.458071310720731,11.458071310720731,0.0,0.0,0.0,0.0,0.0,0.0,0.0,0.0,0.0,0,0,0,0,1,1,1,-4.35,1.824549292051046,False,False,False,False,False,False,,,0.0,0.0
1971,mySchoolNotebook,https://www.crunchbase.com/organization/myschoolnotebook,Czech Republic,50.0596288,14.4464593,2010,2.0,False,True,False,False,False,True,False,False,False,True,False,False,False,False,1,1,1,False,True,False,False,0.0,False,0.0,True,2011-05-31,2011-05-31,Undisclosed,2011,2.0,False,,True,,0.0,0.0,False,,False,,False,,False,,False,,False,,0,0,False,,False,False,,False,,False,,False,,False,,False,,0,,False,,False,False,,False,False,False,False,True,True,True,True,124,0,False,4,2,0.5,0.4054651081081644,0.0,0.5413682784344356,0.5413682784344356,0.5413682784344356,0.5413682784344356,0.5413682784344356,0.5413682784344356,0.0,0.0,0.0,0.0,0.0,0.0,0.0,0.0,0.0,0,0,0,0,0,0,0,2.23,1.5040773967762742,False,False,False,False,False,False,,,2.6000000000000085,6.0
1927,Ušetřeno.cz s.r.o.,https://www.crunchbase.com/organization/adfinance,Czech Republic,50.0596288,14.4464593,2010,2.0,False,True,False,False,False,False,False,False,True,False,True,False,False,False,1,1,1,False,True,False,False,0.0,False,0.0,True,2011-04-20,2011-04-20,Seed,2011,1.0,True,,False,,0.0,1.0,False,,False,,False,,False,,False,,False,,0,0,False,,False,True,,True,,True,,True,,True,,True,,1,,True,,True,True,,False,False,False,False,False,False,True,True,124,0,False,4,1,0.25,0.2231435513142097,0.0,0.019355109166312046,0.019355109166312046,0.019355109166312046,0.019355109166312046,0.019355109166312046,0.019355109166312046,0.0,0.0,0.0,0.0,0.0,0.0,0.0,0.0,0.0,0,0,0,0,0,0,0,2.23,1.5040773967762742,True,False,False,True,True,True,2018-04-04,8.0,2.6000000000000085,6.0
1907,Samba.ai,https://www.crunchbase.com/organization/samba-ai,Czech Republic,50.0596288,14.4464593,2011,1.0,True,True,False,False,True,True,False,False,False,True,True,False,False,False,4,1,2,False,False,False,False,2.0,True,0.0,True,2015-09-30,2015-09-30,Seed,2015,31.0,True,True,False,False,1.0,5.0,False,False,True,True,False,False,False,False,False,False,False,False,2,2,True,True,True,True,True,True,True,True,True,True,True,True,True,True,True,2,2.0,True,True,True,True,True,False,False,False,False,False,False,True,True,124,0,False,9,2,0.2222222222222222,0.2006706954621511,0.0,0.0,0.0,0.0,0.0,0.0,0.0,0.0,0.0,0.0,0.0,0.0,0.0,6.0,1.0,0.1880081363765889,1,0,0,0,0,0,1,1.9,1.7749523509116738,False,False,False,False,False,False,,,2.6000000000000085,6.0
1941,BIG Launcher,https://www.crunchbase.com/organization/big-launcher,Czech Republic,50.0385812,15.7791356,2011,2.0,False,False,False,False,False,True,False,False,True,True,False,False,False,False,2,1,1,False,True,False,False,0.0,False,0.053158,True,2013-11-01,2013-11-01,Seed,2013,685.0,False,,True,,2.0,53.0,False,,True,,False,,False,,False,,True,,0,0,False,,False,False,,False,,False,,False,,False,,False,,0,,False,,False,True,,False,False,False,False,False,False,True,True,2,0,False,0,0,0.0,0.0,0.09518285627745059,1.853106654037776,1.853106654037776,1.853106654037776,1.853106654037776,1.853106654037776,1.853106654037776,0.0,0.0,0.0,0.0,0.0,0.0,0.0,0.0,0.0,0,0,0,0,1,1,0,1.9,1.7047480922384253,False,False,False,False,False,False,,,0.0,0.4000000000000003
1963,Tapomat,https://www.crunchbase.com/organization/proactify-com,Czech Republic,50.0596288,14.4464593,2011,2.0,True,True,False,False,False,True,False,False,False,False,False,False,False,False,0,3,3,True,False,True,False,2.0,True,0.351051,True,2011-09-01,2012-09-01,Seed,2011,43.8,True,True,False,False,0.3,5.2,False,False,False,False,True,True,False,False,False,False,False,False,5,2,True,True,True,True,True,True,True,True,True,True,True,True,True,True,True,5,2.0,True,True,True,True,True,False,False,False,False,False,False,True,True,124,0,False,9,2,0.2222222222222222,0.2006706954621511,0.0,0.0,0.0,0.0,0.0,0.0,0.0,0.0,0.0,0.0,0.0,0.0,0.0,1.0,0.0,0.0,0,0,0,0,0,0,0,1.9,1.5040773967762742,False,False,False,False,False,False,,,2.6000000000000085,6.0
1898,StartupJobs,https://www.crunchbase.com/organization/startupjobs,Czech Republic,50.0596288,14.4464593,2012,1.0,False,True,False,False,True,False,False,False,False,True,False,False,False,False,1,1,1,False,True,True,False,0.0,False,0.0,True,2013-04-01,2013-04-01,Pre-Seed,2013,33.0,True,,False,,13.0,4.0,False,,False,,False,,False,,False,,False,,1,0,True,,True,True,,True,,True,,True,,True,,True,,1,,True,,True,True,,False,False,False,False,False,False,True,True,124,0,False,16,4,0.25,0.2231435513142097,0.0,0.0,0.0,0.0,0.0,0.0,0.0,0.0,0.0,0.0,0.0,0.0,0.0,2.0,3.0,0.1676849278940113,0,0,0,0,0,1,0,-0.7,1.7047480922384253,False,False,False,False,False,False,,,2.6000000000000085,6.0
1910,Storyous,https://www.crunchbase.com/organization/storyous,Czech Republic,50.0596288,14.4464593,2012,3.0,True,True,False,False,False,True,True,False,True,True,False,False,False,False,2,1,1,False,True,False,False,0.0,False,0.049408,True,2014-06-10,2014-06-10,Seed,2014,45.0,True,,False,,1.0,10.0,False,,False,,False,,False,,False,,False,,1,0,True,,True,True,,True,,True,,True,,True,,True,,1,,True,,True,True,,False,False,False,False,False,False,True,True,124,0,False,16,3,0.1875,0.1718502569266592,0.0,0.0,0.0,0.0,0.0,0.0,0.0,0.0,0.0,0.0,0.0,0.0,0.0,4.0,0.0,0.0908983577180024,0,0,0,0,0,0,0,-0.7,2.128231705849268,True,False,False,True,True,True,2020-12-31,8.0,2.6000000000000085,6.0
1942,Designeros,https://www.crunchbase.com/organization/designeros,Czech Republic,50.4319053,15.8139947,2012,3.0,True,False,False,False,True,True,False,False,False,True,True,False,False,False,1,1,1,False,True,False,True,1.0,True,0.156282,True,2013-06-28,2013-06-28,Seed,2013,1.0,False,False,True,True,0.0,0.0,False,False,False,False,False,False,False,False,False,False,False,False,0,0,False,False,False,False,False,False,False,False,False,False,False,False,False,False,False,1,1.0,True,True,True,True,True,False,False,False,False,False,False,True,True,1,0,False,0,0,0.0,0.0,0.1056856273793183,0.10568562737931857,0.10568562737931857,0.10568562737931857,0.0,0.0,0.0,0.10568562737931857,0.10568562737931857,0.10568562737931857,0.0,0.0,0.0,0.0,0.0,0.0,0,0,0,0,1,1,0,-0.7,1.7047480922384253,False,False,False,False,False,False,,,0.0,0.8
1913,OnSinch,https://www.crunchbase.com/organization/sinch-4,Czech Republic,50.0596288,14.4464593,2012,1.0,True,True,False,False,True,False,False,False,False,True,False,False,False,False,8,2,3,True,False,False,False,1.0,True,0.0,True,2020-01-01,2022-12-16,Seed,2020,28.333333333333332,True,True,True,False,4.5,0.7,True,False,True,False,False,False,False,False,False,False,False,False,2,1,True,True,False,True,True,True,True,True,True,True,True,True,True,True,True,3,1.0,True,True,True,True,True,False,False,False,False,False,False,True,True,124,0,False,16,4,0.25,0.2231435513142097,0.0,0.06111367358009544,0.0,0.18334102074028633,0.0,0.09167051037014316,0.18334102074028633,0.0,0.0,0.0,0.12222734716019087,0.0,0.18334102074028633,9.0,3.0,0.2871220746896815,1,0,0,0,0,1,1,-0.7,2.928523523860541,False,False,False,False,False,False,,,2.6000000000000085,6.0
1915,Videoflot,https://www.crunchbase.com/organization/videoflot,Czech Republic,49.1922443,16.6113382,2012,1.0,True,False,False,False,False,True,False,False,False,False,True,False,False,False,0,2,2,False,False,False,False,0.0,False,1.539301,False,2012-12-13,2014-04-04,Seed,2012,14.0,True,,True,,2.0,23.5,False,,False,,True,,False,,False,,True,,1,0,True,,False,True,,True,,True,,True,,True,,True,,1,,True,,False,False,,True,True,False,False,False,False,True,False,13,0,False,1,1,1.0,0.6931471805599453,0.11079863865773769,6.283533842151399,0.0,12.567067684302797,0.0,6.283533842151399,12.567067684302797,0.0,0.0,0.0,12.567067684302797,12.567067684302797,12.567067684302797,1.0,0.0,0.0,0,0,0,0,1,1,0,-0.7,1.824549292051046,False,False,False,False,False,False,,,0.0,1.6000000000000014
1974,SQLdep,https://www.crunchbase.com/organization/sqldep,Czech Republic,50.0596288,14.4464593,2012,2.0,True,True,False,False,True,False,False,False,False,True,False,False,False,False,2,1,1,False,True,False,True,1.0,True,0.0,True,2014-12-14,2014-12-14,Seed,2014,45.0,True,True,False,False,1.0,10.0,False,False,False,False,False,False,False,False,False,False,False,False,1,1,True,True,True,True,True,True,True,True,True,True,True,True,True,True,True,1,1.0,True,True,True,True,True,False,False,False,False,False,False,True,True,124,0,False,16,3,0.1875,0.1718502569266592,0.0,0.0,0.0,0.0,0.0,0.0,0.0,0.0,0.0,0.0,0.0,0.0,0.0,4.0,0.0,0.0908983577180024,0,0,0,0,0,0,0,-0.7,2.128231705849268,True,False,False,True,True,True,2019-07-10,7.0,2.6000000000000085,6.0
1979,Edueto,https://www.crunchbase.com/organization/edueto,Czech Republic,50.0596288,14.4464593,2012,1.0,True,True,False,False,False,True,False,False,False,False,False,False,False,False,0,2,2,True,False,False,False,1.0,True,0.09,True,2012-05-01,2014-06-01,Seed,2012,44.5,True,True,False,False,2.0,4.5,False,False,False,False,True,False,False,False,True,True,False,False,2,1,True,True,True,True,True,True,True,True,True,True,True,True,True,True,True,2,1.0,True,True,True,True,True,False,False,False,False,False,False,True,True,124,0,False,16,4,0.25,0.2231435513142097,0.0,0.0,0.0,0.0,0.0,0.0,0.0,0.0,0.0,0.0,0.0,0.0,0.0,1.0,2.0,0.1010110579727503,0,0,0,0,0,0,0,-0.7,1.824549292051046,False,False,False,False,False,False,,,2.6000000000000085,6.0
1909,Persoo,https://www.crunchbase.com/organization/persoo,Czech Republic,50.0596288,14.4464593,2013,2.0,True,True,False,False,False,True,False,False,False,True,True,False,False,False,6,2,2,True,False,False,False,2.0,True,0.0,True,2019-06-19,2019-11-20,Seed,2019,50.666666666666664,True,True,False,False,1.7,2.7,False,False,True,True,True,True,False,False,False,False,False,False,3,2,True,True,True,True,True,True,True,True,True,True,True,True,True,True,True,3,2.0,True,True,True,True,True,False,False,False,False,False,False,True,True,124,0,False,24,6,0.25,0.2231435513142097,0.0,0.0,0.0,0.0,0.0,0.0,0.0,0.0,0.0,0.0,0.0,0.0,0.0,5.0,2.0,0.2099961751794825,1,0,0,0,0,0,0,-0.08,3.40452517175483,True,False,False,True,True,True,2024-01-08,11.0,2.6000000000000085,6.0
1906,Comprimato,https://www.crunchbase.com/organization/comprimato,Czech Republic,49.1922443,16.6113382,2013,2.0,False,False,False,False,True,False,False,False,False,True,True,False,False,False,0,1,2,False,False,False,False,0.0,False,0.275142,True,2013-10-22,2013-10-22,Venture - Series Unknown,2013,46.0,True,,True,,2.5,9.0,False,,True,,False,,False,,False,,True,,1,0,True,,False,True,,True,,True,,True,,True,,True,,2,,True,,True,True,,False,False,False,False,False,False,True,True,13,0,False,3,2,0.6666666666666666,0.5108256237659906,0.11079863865773769,0.09167051037014316,0.0,0.18334102074028633,0.0,0.09167051037014316,0.18334102074028633,0.0,0.0,0.0,0.18334102074028633,0.18334102074028633,0.18334102074028633,0.0,0.0,0.0,0,0,0,0,1,1,0,-0.08,1.7047480922384253,False,False,True,False,True,True,,,0.0,1.6000000000000014
1931,Proděti.cz,https://www.crunchbase.com/organization/proděti-cz,Czech Republic,50.0596288,14.4464593,2013,1.0,False,True,False,False,True,True,False,False,False,False,False,False,False,False,0,2,2,True,False,False,False,1.0,True,0.0,True,2013-10-23,2014-01-01,Seed,2013,39.0,True,True,False,False,7.0,7.0,False,False,False,False,False,False,False,False,False,False,False,False,2,1,True,True,True,True,True,True,True,True,True,True,True,True,True,True,True,2,1.0,True,True,True,True,True,False,False,False,False,False,False,True,True,124,0,False,24,7,0.2916666666666667,0.2559333741372006,0.0,0.0,0.0,0.0,0.0,0.0,0.0,0.0,0.0,0.0,0.0,0.0,0.0,6.0,3.0,0.2517390182913285,1,0,0,0,0,1,1,-0.08,1.7047480922384253,False,False,False,False,False,False,,,2.6000000000000085,6.0
1934,Bileto,https://www.crunchbase.com/organization/bileto,Czech Republic,50.0596288,14.4464593,2013,1.0,True,True,False,False,True,False,False,False,False,False,False,False,False,True,1,2,2,True,False,False,False,1.0,True,0.0,True,2014-01-01,2015-10-01,Seed,2014,23.5,True,True,False,False,1.0,5.0,False,False,False,False,False,False,False,False,False,False,False,False,2,1,True,True,True,True,True,True,True,True,True,True,True,True,True,True,True,2,1.0,True,True,True,True,True,False,False,False,False,False,False,True,True,124,0,False,24,7,0.2916666666666667,0.2559333741372006,0.0,0.0,0.0,0.0,0.0,0.0,0.0,0.0,0.0,0.0,0.0,0.0,0.0,4.0,0.0,0.0908983577180024,0,0,0,0,0,0,0,-0.08,2.128231705849268,False,False,False,False,False,False,,,2.6000000000000085,6.0
1745,Smartsupp,https://www.crunchbase.com/organization/smartsupp-2,Czech Republic,49.1922443,16.6113382,2013,2.0,True,False,False,False,True,False,False,False,False,True,True,False,False,True,3,1,3,False,False,False,False,0.0,False,0.446653,True,2016-08-01,2016-08-01,Venture - Series Unknown,2016,19.666666666666668,True,,True,,6.0,7.0,False,,False,,False,,False,,False,,False,,2,0,True,,False,True,,True,,True,,True,,True,,True,,3,,True,,True,True,,False,False,False,False,False,False,True,True,13,0,False,3,1,0.3333333333333333,0.2876820724517809,0.11079863865773769,0.06111367358009544,0.0,0.18334102074028633,0.0,0.06111367358009544,0.18334102074028633,0.0,0.0,0.0,0.12222734716019087,0.0,0.18334102074028633,1.0,0.0,0.0,0,0,0,0,1,1,0,-0.08,2.186051276738094,True,False,True,True,True,True,2024-10-02,11.0,0.0,1.6000000000000014
1847,Dateio,https://www.crunchbase.com/organization/dateio,Czech Republic,50.0749464,14.4048437,2013,2.0,True,True,False,False,False,False,False,False,True,True,True,False,False,False,2,3,3,True,False,False,False,1.0,True,0.303677,True,2015-10-27,2018-12-01,Seed,2015,17.333333333333332,True,True,True,False,0.7,2.3,True,False,False,False,False,False,False,False,False,False,True,False,2,1,True,True,False,True,True,True,True,True,True,True,True,True,True,True,True,2,1.0,True,True,False,True,True,False,False,False,False,False,False,True,True,124,0,False,24,7,0.2916666666666667,0.2559333741372006,0.0034239883503052963,0.09921130460415599,0.0034239883503054086,0.2907859371118571,0.0034239883503054086,0.14710496273108126,0.2907859371118571,0.0034239883503054086,0.0034239883503054086,0.0034239883503054086,0.19167096245470852,0.0,0.2875064436820628,0.0,0.0,0.0,0,0,0,0,0,0,0,-0.08,1.7749523509116738,False,False,False,False,False,False,,,2.6000000000000085,6.0
1978,SiftyNet,https://www.crunchbase.com/organization/siftynet,Czech Republic,50.0596288,14.4464593,2013,2.0,True,True,False,False,False,False,False,False,False,True,True,False,False,False,0,1,1,False,True,True,False,0.0,False,0.02025,True,2013-09-23,2013-09-23,Pre-Seed,2013,448.0,False,,True,,1.0,13.0,False,,True,,True,,False,,False,,False,,0,0,False,,False,False,,False,,False,,False,,False,,False,,0,,False,,False,True,,False,False,False,False,False,False,True,True,124,0,False,24,7,0.2916666666666667,0.2559333741372006,0.0,1.2314858992471651,1.2314858992471651,1.2314858992471651,1.2314858992471651,1.2314858992471651,1.2314858992471651,0.0,0.0,0.0,0.0,0.0,0.0,0.0,0.0,0.0,0,0,0,0,0,0,0,-0.08,1.7047480922384253,False,False,False,False,False,False,,,2.6000000000000085,6.0
1808,Twisto,https://www.crunchbase.com/organization/twisto-payments,Czech Republic,50.0596288,14.4464593,2013,2.0,False,True,False,False,False,True,False,False,True,True,False,False,False,False,0,1,4,False,False,False,False,0.0,False,0.0,True,2013-07-30,2013-07-30,Series C,2013,20.0,True,,False,,6.3,4.0,False,,True,,False,,False,,False,,False,,3,0,True,,False,True,,True,,True,,True,,True,,True,,4,,True,,True,True,,False,False,False,False,False,False,True,True,124,0,False,24,6,0.25,0.2231435513142097,0.0,0.004838777291578012,0.0,0.019355109166312046,0.0,0.004838777291578012,0.019355109166312046,0.0,0.0,0.0,0.009677554583156023,0.0,0.019355109166312046,2.0,0.0,0.0402231640645322,0,0,0,0,0,0,0,-0.08,1.7047480922384253,True,True,True,True,True,True,2023-08-16,10.0,2.6000000000000085,6.0
1744,ROI Hunter,https://www.crunchbase.com/organization/roi-hunter,Czech Republic,49.1922443,16.6113382,2014,1.0,True,False,False,False,False,True,False,False,False,True,True,False,False,False,0,1,1,False,True,False,False,0.0,False,0.0,True,2014-11-01,2014-11-01,Series A,2014,44.0,False,,True,,4.0,10.0,False,,True,,False,,False,,False,,False,,0,0,False,,False,False,,False,,False,,False,,False,,False,,1,,True,,True,True,,False,False,False,False,False,False,True,True,13,0,False,5,2,0.4,0.3364722366212129,0.11079863865773769,0.18334102074028633,0.18334102074028633,0.18334102074028633,0.18334102074028633,0.18334102074028633,0.18334102074028633,0.0,0.0,0.0,0.0,0.0,0.0,0.0,0.0,0.0,0,0,0,0,1,1,0,1.6,2.128231705849268,False,False,True,False,True,True,,,0.0,1.6000000000000014
1762,Rohlik,https://www.crunchbase.com/organization/rohlik,Czech Republic,50.0961696,14.459067,2014,2.0,False,True,False,False,True,True,True,False,False,False,False,False,False,False,0,2,4,False,False,False,False,0.0,False,1.305492,False,2014-09-01,2015-07-16,Venture - Series Unknown,2014,25.0,True,,False,,10.0,4.8,False,,True,,False,,False,,False,,False,,5,0,True,,True,True,,True,,True,,True,,True,,True,,5,,True,,True,True,,False,False,False,False,False,False,True,True,124,0,False,30,10,0.3333333333333333,0.2876820724517809,0.00416156320480717,0.0036347028976286126,0.0015272616689128993,0.004161563204807541,0.0015272616689128993,0.0036347028976286126,0.004161563204807541,0.0,0.0,0.0,0.001201741830440222,0.0,0.003004354576100555,4.0,1.0,0.154629239632742,0,0,0,0,0,0,0,1.6,2.128231705849268,False,True,True,True,True,True,,,2.6000000000000085,6.0
1854,MonkeyData,https://www.crunchbase.com/organization/monkeydata,Czech Republic,49.8349139,18.2820084,2014,3.0,False,False,False,False,False,True,False,False,False,True,False,False,False,False,1,2,1,False,True,False,False,0.0,False,1.011897,False,2015-07-01,2016-09-26,Seed,2015,1.0,False,,True,,0.0,0.0,False,,False,,False,,False,,False,,False,,0,0,False,,False,False,,False,,False,,False,,False,,False,,2,,True,,True,True,,False,False,False,False,False,False,True,True,2,0,False,0,0,0.0,0.0,0.22823701396932616,0.27554967414502357,0.27554967414502357,0.27554967414502357,0.27554967414502357,0.27554967414502357,0.27554967414502357,0.0,0.0,0.0,0.0,0.0,0.0,0.0,0.0,0.0,0,0,0,0,1,1,1,1.6,1.7749523509116738,False,False,False,False,False,False,,,0.0,0.0
1888,VersionPress,https://www.crunchbase.com/organization/versionpress,Czech Republic,50.0385812,15.7791356,2014,1.0,True,False,False,False,False,False,False,False,False,True,True,False,False,False,1,1,1,False,True,False,True,1.0,True,0.353802,True,2015-10-26,2015-10-26,Seed,2015,78.0,True,True,False,False,6.0,17.0,False,False,True,True,False,False,False,False,False,False,False,False,0,0,False,False,False,True,True,False,False,False,False,False,False,False,False,False,False,1,1.0,True,True,True,True,True,False,False,False,False,False,False,True,True,2,0,False,2,0,0.0,0.0,0.09518285627745059,0.09518285627745056,0.09518285627745056,0.09518285627745056,0.0,0.0,0.0,0.09518285627745056,0.09518285627745056,0.09518285627745056,0.0,0.0,0.0,0.0,0.0,0.0,0,0,0,0,1,1,0,1.6,1.7749523509116738,False,False,False,False,False,False,,,0.0,0.4000000000000003
1800,Avocode,https://www.crunchbase.com/organization/avocode,Czech Republic,50.0596288,14.4464593,2014,3.0,False,True,False,False,True,False,False,False,False,True,True,False,False,True,2,1,7,False,False,False,False,0.0,False,1.025,False,2016-05-17,2016-05-17,Seed,2016,194.16666666666663,True,,True,,6.7,89.1,True,,True,,True,,True,,True,,False,,1,0,True,,False,True,,True,,True,,True,,True,,True,,1,,True,,False,True,,True,True,True,False,False,False,True,False,124,0,False,30,10,0.3333333333333333,0.2876820724517809,0.0,5.494284611883649,0.0,9.401221681489584,0.0,5.494284611883649,9.401221681489584,0.0,0.0,0.0,5.272647213042071,0.0,9.401221681489584,1.0,1.0,0.0637308819147395,0,0,0,0,0,0,0,1.6,2.186051276738094,True,False,False,True,True,True,2021-10-20,7.0,2.6000000000000085,6.0
1799,FeedYou,https://www.crunchbase.com/organization/feedyou,Czech Republic,50.0385812,15.7791356,2014,2.0,True,False,False,False,True,False,False,False,False,True,False,False,False,True,4,2,7,False,False,False,False,0.0,False,1.371271,False,2018-09-25,2023-08-09,Seed,2018,10.571428571428571,True,,True,,2.0,0.4,False,,True,,False,,False,,False,,False,,0,0,False,,False,True,,False,,False,,False,,False,,False,,5,,True,,True,True,,False,False,False,False,False,False,True,True,2,0,False,2,0,0.0,0.0,0.09518285627745059,0.09518285627745056,0.09518285627745056,0.09518285627745056,0.09518285627745056,0.09518285627745056,0.09518285627745056,0.0,0.0,0.0,0.0,0.0,0.0,0.0,0.0,0.0,0,0,0,0,1,1,0,1.6,2.6100697927420065,False,False,False,False,False,False,,,0.0,0.4000000000000003
1968,Geo Applications Ltd.,https://www.crunchbase.com/organization/geo-applications-ltd,Czech Republic,49.1922443,16.6113382,2014,2.0,True,False,True,True,False,False,False,False,False,True,False,False,False,False,1,2,2,False,False,False,False,0.0,False,0.0,True,2015-11-04,2018-03-14,Seed,2015,7.666666666666667,True,,True,,3.0,0.7,False,,False,,True,,False,,False,,False,,2,0,True,,False,True,,True,,True,,True,,True,,True,,3,,True,,True,True,,False,False,False,False,False,False,True,True,13,0,False,5,2,0.4,0.3364722366212129,0.11079863865773769,0.06111367358009544,0.0,0.18334102074028633,0.0,0.06111367358009544,0.18334102074028633,0.0,0.0,0.0,0.12222734716019087,0.0,0.18334102074028633,0.0,0.0,0.0,0,0,0,0,1,1,0,1.6,1.7749523509116738,False,False,False,False,False,False,,,0.0,1.6000000000000014
1981,DATY,https://www.crunchbase.com/organization/daty,Czech Republic,50.0596288,14.4464593,2014,1.0,True,True,False,False,True,False,False,False,False,True,False,False,False,True,0,1,1,False,True,False,False,0.0,False,0.068969,True,2014-04-01,2014-04-01,Seed,2014,685.0,False,,True,,3.0,53.0,False,,True,,False,,False,,False,,True,,0,0,False,,False,False,,False,,False,,False,,False,,False,,0,,False,,False,True,,False,False,False,False,False,False,True,True,124,0,False,30,10,0.3333333333333333,0.2876820724517809,0.0,1.7710374379498866,1.7710374379498866,1.7710374379498866,1.7710374379498866,1.7710374379498866,1.7710374379498866,0.0,0.0,0.0,0.0,0.0,0.0,0.0,0.0,0.0,0,0,0,0,0,0,0,1.6,2.128231705849268,True,False,False,True,True,True,2016-12-07,2.0,2.6000000000000085,6.0
1928,PurposeFly,https://www.crunchbase.com/organization/purposefly,Czech Republic,50.0596288,14.4464593,2015,1.0,True,True,False,False,False,False,False,False,False,True,False,False,False,False,0,1,1,False,True,False,False,0.0,False,0.0,True,2015-11-01,2015-11-01,Seed,2015,5.0,True,,False,,0.0,1.0,False,,False,,False,,False,,False,,True,,1,0,True,,True,True,,True,,True,,True,,True,,True,,1,,True,,True,True,,False,False,False,False,False,False,True,True,124,0,False,44,12,0.2727272727272727,0.241162056816888,0.0,0.0,0.0,0.0,0.0,0.0,0.0,0.0,0.0,0.0,0.0,0.0,0.0,1.0,0.0,0.0,0,0,0,0,0,0,0,2.31,1.7749523509116738,False,False,False,False,False,False,,,2.6000000000000085,6.0
1880,LidskáSíla,https://www.crunchbase.com/organization/lidskasila,Czech Republic,50.0961696,14.459067,2015,2.0,False,True,False,False,True,True,False,False,False,False,False,False,False,True,0,2,3,True,False,True,False,2.0,True,1.21816,False,2015-07-09,2016-09-13,Seed,2015,4.333333333333333,True,True,True,False,2.0,1.3,False,False,False,False,False,False,False,False,False,False,False,False,2,2,True,True,False,True,True,True,True,True,True,True,True,True,True,True,True,2,2.0,True,True,False,True,True,False,False,False,False,False,False,True,True,124,0,False,44,12,0.2727272727272727,0.241162056816888,0.00416156320480717,0.7667196144066585,0.004161563204807541,2.2918357168103602,2.2918357168103602,2.2918357168103602,2.2918357168103602,0.004161563204807541,0.004161563204807541,0.004161563204807541,1.5266054499275559,0.0,2.2899081748913335,2.0,5.0,0.2049651039520221,1,0,0,0,0,1,0,2.31,1.7749523509116738,False,False,False,False,False,False,,,2.6000000000000085,6.0
1826,Mindpax,https://www.crunchbase.com/organization/mindpax-me,Czech Republic,50.0596288,14.4464593,2015,3.0,False,True,False,False,False,False,False,True,True,True,False,False,False,False,5,1,4,False,False,False,False,0.0,False,1.503514,False,2020-02-24,2020-02-24,Seed,2020,10.0,True,,True,,5.0,0.0,False,,False,,False,,False,,False,,False,,2,0,True,,False,True,,True,,True,,True,,True,,True,,3,,True,,True,True,,False,False,False,False,False,False,True,True,124,0,False,44,12,0.2727272727272727,0.241162056816888,0.0,0.06111367358009544,0.0,0.18334102074028633,0.0,0.06111367358009544,0.18334102074028633,0.0,0.0,0.0,0.12222734716019087,0.0,0.18334102074028633,4.0,0.0,0.0908983577180024,0,0,0,0,0,0,0,2.31,2.928523523860541,False,False,False,False,False,False,,,2.6000000000000085,6.0
1818,DOT Glasses,https://www.crunchbase.com/organization/dot-glasses,Czech Republic,49.1922443,16.6113382,2015,2.0,True,False,False,False,False,True,False,True,False,False,False,False,False,True,5,1,2,False,False,True,False,0.0,False,1.166867,False,2020-04-03,2020-04-03,Pre-Seed,2020,26.0,False,,True,,1.5,0.5,True,,False,,False,,False,,False,,False,,0,0,False,,False,False,,False,,False,,False,,False,,False,,2,,True,,True,True,,False,False,False,False,False,False,True,True,13,0,False,8,2,0.25,0.2231435513142097,0.11079863865773769,0.18334102074028633,0.18334102074028633,0.18334102074028633,0.18334102074028633,0.18334102074028633,0.18334102074028633,0.0,0.0,0.0,0.0,0.0,0.0,0.0,0.0,0.0,0,0,0,0,1,1,0,2.31,2.928523523860541,False,False,False,False,False,False,,,0.0,1.6000000000000014
1804,Flatio,https://www.crunchbase.com/organization/flatio,Czech Republic,49.1922443,16.6113382,2015,3.0,False,False,False,False,False,True,False,False,False,False,False,False,True,False,1,2,2,True,False,True,False,1.0,True,0.261575,True,2016-02-22,2017-02-01,Seed,2016,24.5,False,False,True,True,3.5,6.0,True,True,True,False,False,False,False,False,False,False,False,False,0,0,False,False,False,False,False,False,False,False,False,False,False,False,False,False,False,2,1.0,True,True,True,True,True,False,False,False,False,False,False,True,True,13,0,False,8,2,0.25,0.2231435513142097,0.11079863865773769,0.18334102074028633,0.18334102074028633,0.18334102074028633,0.18334102074028633,0.18334102074028633,0.18334102074028633,0.18334102074028633,0.18334102074028633,0.18334102074028633,0.0,0.0,0.0,1.0,0.0,0.0,0,0,0,0,1,1,0,2.31,2.186051276738094,False,False,False,False,False,False,,,0.0,1.6000000000000014
1817,Techloop.io,https://www.crunchbase.com/organization/techloop-io,Czech Republic,50.0596288,14.4464593,2015,3.0,True,True,False,False,True,True,False,False,False,True,False,False,False,False,0,2,2,False,False,True,False,0.0,False,0.0,True,2015-12-01,2017-01-23,Venture - Series Unknown,2015,25.0,True,,False,,4.0,5.5,False,,False,,False,,False,,False,,True,,2,0,True,,True,True,,True,,True,,True,,True,,True,,2,,True,,True,True,,False,False,False,False,False,False,True,True,124,0,False,44,11,0.25,0.2231435513142097,0.0,0.0,0.0,0.0,0.0,0.0,0.0,0.0,0.0,0.0,0.0,0.0,0.0,8.0,0.0,0.1492082812712644,0,0,0,0,0,0,1,2.31,1.7749523509116738,True,False,True,True,True,True,2021-01-07,6.0,2.6000000000000085,6.0
1779,MIWA,https://www.crunchbase.com/organization/miwa,Czech Republic,50.0596288,14.4464593,2015,1.0,True,True,False,False,True,False,True,False,False,False,False,True,False,False,4,1,1,False,True,True,False,0.0,False,0.222318,True,2019-12-18,2019-12-18,Venture - Series Unknown,2019,15.0,True,,False,,1.0,1.0,True,,False,,False,,False,,False,,False,,1,0,True,,True,True,,True,,True,,True,,True,,True,,1,,True,,True,True,,False,False,False,False,False,False,True,True,124,0,False,44,12,0.2727272727272727,0.241162056816888,0.0,0.0,0.0,0.0,0.0,0.0,0.0,0.0,0.0,0.0,0.0,0.0,0.0,0.0,0.0,0.0,0,0,0,0,0,0,0,2.31,3.40452517175483,False,False,True,False,True,True,,,2.6000000000000085,6.0
1955,Gettick,https://www.crunchbase.com/organization/gettick,Czech Republic,50.0596288,14.4464593,2015,1.0,True,True,False,False,True,False,False,False,False,True,False,False,False,True,1,1,1,False,True,False,True,1.0,True,0.0,True,2016-06-01,2016-06-01,Seed,2016,15.0,True,True,False,False,0.0,0.0,False,False,False,False,False,False,False,False,False,False,False,False,1,1,True,True,True,True,True,True,True,True,True,True,True,True,True,True,True,1,1.0,True,True,True,True,True,False,False,False,False,False,False,True,True,124,0,False,44,12,0.2727272727272727,0.241162056816888,0.0,0.0,0.0,0.0,0.0,0.0,0.0,0.0,0.0,0.0,0.0,0.0,0.0,1.0,0.0,0.0,0,0,0,0,0,0,0,2.31,2.186051276738094,False,False,False,False,False,False,,,2.6000000000000085,6.0
1960,VimVic,https://www.crunchbase.com/organization/vimvic,Czech Republic,50.0596288,14.4464593,2015,1.0,True,True,False,False,True,False,False,False,False,False,False,False,False,False,1,1,1,False,True,False,True,1.0,True,0.0,True,2016-02-01,2016-02-01,Seed,2016,7.0,True,True,False,False,0.0,0.0,False,False,False,False,False,False,False,False,False,False,False,False,1,1,True,True,True,True,True,True,True,True,True,True,True,True,True,True,True,1,1.0,True,True,True,True,True,False,False,False,False,False,False,True,True,124,0,False,44,12,0.2727272727272727,0.241162056816888,0.0,0.0,0.0,0.0,0.0,0.0,0.0,0.0,0.0,0.0,0.0,0.0,0.0,1.0,0.0,0.0,0,0,0,0,0,0,0,2.31,2.186051276738094,False,False,False,False,False,False,,,2.6000000000000085,6.0
1977,Kolonial.cz,https://www.crunchbase.com/organization/kolonial-cz,Czech Republic,50.12718,14.1964,2015,1.0,False,True,False,False,False,True,True,False,False,True,False,False,False,False,0,1,1,False,True,False,False,0.0,False,0.0,True,2015-01-01,2015-01-01,Seed,2015,45.0,True,,False,,2.0,10.0,False,,False,,False,,False,,False,,False,,0,0,False,,False,True,,True,,True,,True,,True,,True,,1,,True,,True,True,,False,False,False,False,False,False,True,True,124,0,False,0,0,0.0,0.0,0.019355109166311876,0.019355109166312046,0.019355109166312046,0.019355109166312046,0.019355109166312046,0.019355109166312046,0.019355109166312046,0.0,0.0,0.0,0.0,0.0,0.0,6.0,2.0,0.2252883124345997,1,0,0,0,0,0,1,2.31,1.7749523509116738,False,False,False,False,False,False,,,2.6000000000000085,6.0
1755,Sharry,https://www.crunchbase.com/organization/sharry-europe-9815,Czech Republic,50.0596288,14.4464593,2015,4.0,True,True,False,False,False,False,False,False,True,True,False,False,True,False,4,2,2,False,False,False,False,2.0,True,3.397051,False,2019-06-18,2022-01-24,Seed,2019,47.0,True,True,False,False,5.5,3.5,False,False,True,True,False,False,False,False,False,False,False,False,2,2,True,True,True,True,True,True,True,True,True,True,True,True,True,True,True,2,2.0,True,True,True,True,True,False,False,False,False,False,False,True,True,124,0,False,44,12,0.2727272727272727,0.241162056816888,0.0,0.0,0.0,0.0,0.0,0.0,0.0,0.0,0.0,0.0,0.0,0.0,0.0,8.0,2.0,0.2502193392440147,1,0,0,0,0,0,1,2.31,3.40452517175483,False,False,False,False,False,False,,,2.6000000000000085,6.0
1749,Leadspicker,https://www.crunchbase.com/organization/leadspicker-com,Czech Republic,50.0596288,14.4464593,2015,2.0,True,True,False,False,False,True,False,False,False,True,False,False,False,False,5,1,2,False,False,False,False,0.0,False,2.189918,False,2020-05-21,2020-05-21,Seed,2020,43.0,True,,False,,7.0,9.5,False,,False,,False,,False,,False,,False,,2,0,True,,True,True,,True,,True,,True,,True,,True,,2,,True,,True,True,,False,False,False,False,False,False,True,True,124,0,False,44,12,0.2727272727272727,0.241162056816888,0.0,0.0,0.0,0.0,0.0,0.0,0.0,0.0,0.0,0.0,0.0,0.0,0.0,8.0,2.0,0.2502193392440147,1,0,0,0,0,0,1,2.31,2.928523523860541,False,False,False,False,False,False,,,2.6000000000000085,6.0
1708,Apify,https://www.crunchbase.com/organization/apify,Czech Republic,50.0596288,14.4464593,2015,2.0,True,True,False,False,False,True,False,False,False,True,False,False,False,False,1,3,2,True,False,False,False,2.0,True,0.5,True,2016-11-07,2019-06-19,Venture - Series Unknown,2016,40.25,True,True,False,False,4.2,11.0,True,True,False,False,False,False,False,False,False,False,False,False,4,2,True,True,True,True,True,True,True,True,True,True,True,True,True,True,True,4,2.0,True,True,True,True,True,False,False,False,False,False,False,True,True,124,0,False,44,12,0.2727272727272727,0.241162056816888,0.0,0.0,0.0,0.0,0.0,0.0,0.0,0.0,0.0,0.0,0.0,0.0,0.0,4.0,8.0,0.2929204736635031,1,0,0,0,1,1,0,2.31,2.186051276738094,False,False,True,False,True,True,,,2.6000000000000085,6.0
1973,Knedlik,https://www.crunchbase.com/organization/black-cat-2,Czech Republic,50.0596288,14.4464593,2016,1.0,False,True,False,False,False,True,False,False,False,True,False,False,False,False,0,1,1,False,True,False,False,0.0,False,0.0,True,2016-06-02,2016-06-02,Seed,2016,6.0,False,,True,,5.0,1.0,False,,False,,False,,False,,True,,False,,0,0,False,,False,False,,False,,False,,False,,False,,False,,0,,False,,False,False,,True,True,False,False,False,False,False,False,124,0,False,62,14,0.2258064516129032,0.2035989552412395,0.0,7.763767614980988,7.763767614980988,7.763767614980988,7.763767614980988,7.763767614980988,7.763767614980988,0.0,0.0,0.0,0.0,0.0,0.0,0.0,0.0,0.0,0,0,0,0,0,0,0,1.97,2.186051276738094,False,False,False,False,False,False,,,2.6000000000000085,6.0
1737,Smartlook,https://www.crunchbase.com/organization/smartsupp,Czech Republic,49.1922443,16.6113382,2016,3.0,True,False,False,False,True,False,False,False,False,True,False,False,False,False,0,1,2,False,False,False,False,0.0,False,0.2,True,2016-09-06,2016-09-06,Series A,2016,28.0,True,,True,,6.0,9.0,False,,False,,False,,False,,False,,False,,1,0,True,,False,True,,True,,True,,True,,True,,True,,2,,True,,True,True,,False,False,False,False,False,False,True,True,13,0,False,12,3,0.25,0.2231435513142097,0.11079863865773769,0.09167051037014316,0.0,0.18334102074028633,0.0,0.09167051037014316,0.18334102074028633,0.0,0.0,0.0,0.18334102074028633,0.18334102074028633,0.18334102074028633,1.0,1.0,0.0637308819147395,0,0,0,0,1,1,0,1.97,2.186051276738094,True,False,True,True,True,True,2023-04-20,7.0,0.0,1.6000000000000014
1761,signageOS,https://www.crunchbase.com/organization/signageos,Czech Republic,50.0596288,14.4464593,2016,1.0,True,True,False,False,False,False,False,False,False,True,True,False,False,False,4,1,1,False,True,False,True,1.0,True,2.0,False,2020-07-27,2020-07-27,Seed,2020,52.0,True,True,False,False,8.0,14.0,False,False,False,False,False,False,False,False,False,False,False,False,1,1,True,True,True,True,True,True,True,True,True,True,True,True,True,True,True,1,1.0,True,True,True,True,True,False,False,False,False,False,False,True,True,124,0,False,62,14,0.2258064516129032,0.2035989552412395,0.0,0.0,0.0,0.0,0.0,0.0,0.0,0.0,0.0,0.0,0.0,0.0,0.0,5.0,1.0,0.1727159991214717,1,0,0,0,0,0,0,1.97,2.928523523860541,False,False,False,False,False,False,,,2.6000000000000085,6.0
1764,Yieldigo,https://www.crunchbase.com/organization/yieldigo,Czech Republic,50.0596288,14.4464593,2016,3.0,True,True,False,False,False,True,False,False,False,True,False,False,False,True,0,2,5,True,False,True,False,1.0,True,2.353149,False,2016-08-01,2020-10-07,Seed,2016,137.0,True,True,True,False,5.0,16.2,False,False,True,False,True,False,False,False,False,False,False,False,3,1,True,True,False,True,True,True,True,True,True,True,True,True,True,True,True,3,1.0,True,True,False,True,True,True,True,True,False,False,False,True,False,124,0,False,62,14,0.2258064516129032,0.2035989552412395,0.0,1.962784801930001,0.0,9.373109951413621,0.0,2.453481002412501,9.373109951413621,0.0,0.0,0.0,3.923276101261169,0.0,9.790988983661686,4.0,1.0,0.154629239632742,0,0,0,0,0,0,0,1.97,2.186051276738094,False,False,False,False,False,False,,,2.6000000000000085,6.0
1870,eParkomat,https://www.crunchbase.com/organization/eParkomat,Czech Republic,50.0749464,14.4048437,2016,1.0,True,True,False,False,True,False,False,False,False,True,False,False,False,True,1,1,1,False,True,False,True,1.0,True,0.236271,True,2017-10-10,2017-10-10,Seed,2017,48.0,False,False,True,True,5.0,8.0,False,False,False,False,True,True,False,False,False,False,False,False,0,0,False,False,False,False,False,False,False,False,False,False,False,False,False,False,False,0,0.0,False,False,False,True,True,False,False,False,False,True,True,True,True,124,0,False,62,14,0.2258064516129032,0.2035989552412395,0.0034239883503052963,0.2797416661376056,0.2797416661376056,0.2797416661376056,0.0,0.0,0.0,0.2797416661376056,0.2797416661376056,0.2797416661376056,0.0,0.0,0.0,0.0,0.0,0.0,0,0,0,0,0,0,0,1.97,1.9740810260220096,False,False,False,False,False,False,,,2.6000000000000085,6.0
1874,Expando,https://www.crunchbase.com/organization/expando-6,Czech Republic,50.0596288,14.4464593,2016,1.0,True,True,False,False,True,True,False,False,False,True,False,False,False,True,0,1,1,False,True,False,False,0.0,False,0.113934,True,2016-04-01,2016-04-01,Seed,2016,5.0,True,,False,,0.0,2.0,True,,False,,False,,False,,False,,False,,1,0,True,,True,True,,True,,True,,True,,True,,True,,1,,True,,True,True,,False,False,False,False,False,False,True,True,124,0,False,62,14,0.2258064516129032,0.2035989552412395,0.0,0.0,0.0,0.0,0.0,0.0,0.0,0.0,0.0,0.0,0.0,0.0,0.0,1.0,1.0,0.0637308819147395,0,0,0,0,0,0,0,1.97,2.186051276738094,False,False,False,False,False,False,,,2.6000000000000085,6.0
1902,Divr Labs,https://www.crunchbase.com/organization/divr-labs,Czech Republic,50.0596288,14.4464593,2016,4.0,False,True,False,False,False,True,False,False,False,True,True,False,False,False,1,4,4,True,False,False,False,3.0,True,0.0,True,2017-06-20,2022-03-01,Seed,2017,21.8,True,True,True,True,6.5,6.2,False,False,False,False,False,False,False,False,False,False,False,False,4,2,True,True,False,True,True,True,True,True,True,True,True,True,True,True,True,4,2.0,True,True,False,True,True,True,True,True,False,False,False,True,False,124,0,False,62,13,0.2096774193548387,0.1903537284912188,0.0,1.314766583864934,0.0,6.573832919324671,0.0,0.0,0.0,0.0,2.1912776397748903,6.573832919324671,2.629533167729868,0.0,6.573832919324671,3.0,2.0,0.1697730111149502,1,0,0,0,0,0,0,1.97,1.9740810260220096,True,False,False,True,True,True,2022-03-22,6.0,2.6000000000000085,6.0
1920,Tipli,https://www.crunchbase.com/organization/tipli,Czech Republic,50.0596288,14.4464593,2016,2.0,False,True,False,False,False,True,False,False,False,True,True,False,False,False,0,1,1,False,True,False,True,1.0,True,0.0,True,2016-11-01,2016-11-01,Seed,2016,7.0,True,True,False,False,0.0,0.0,False,False,False,False,False,False,False,False,False,False,False,False,1,1,True,True,True,True,True,True,True,True,True,True,True,True,True,True,True,1,1.0,True,True,True,True,True,False,False,False,False,False,False,True,True,124,0,False,62,14,0.2258064516129032,0.2035989552412395,0.0,0.0,0.0,0.0,0.0,0.0,0.0,0.0,0.0,0.0,0.0,0.0,0.0,1.0,0.0,0.0,0,0,0,0,0,0,0,1.97,2.186051276738094,False,False,False,False,False,False,,,2.6000000000000085,6.0
1937,Hunter Games,https://www.crunchbase.com/organization/hunter-games,Czech Republic,50.0596288,14.4464593,2016,2.0,False,True,False,False,False,False,False,False,False,True,True,False,False,False,0,1,1,False,True,False,False,0.0,False,0.0,True,2016-11-07,2016-11-07,Seed,2016,15.0,True,,False,,0.0,0.0,False,,False,,False,,False,,False,,False,,1,0,True,,True,True,,True,,True,,True,,True,,True,,1,,True,,True,True,,False,False,False,False,False,False,True,True,124,0,False,62,14,0.2258064516129032,0.2035989552412395,0.0,0.0,0.0,0.0,0.0,0.0,0.0,0.0,0.0,0.0,0.0,0.0,0.0,1.0,0.0,0.0,0,0,0,0,0,0,0,1.97,2.186051276738094,False,False,False,False,False,False,,,2.6000000000000085,6.0
1845,Neuron Soundware,https://www.crunchbase.com/organization/neuron-software,Czech Republic,50.0596288,14.4464593,2016,4.0,True,True,False,False,True,False,False,False,False,True,False,False,False,False,0,4,5,True,False,False,False,3.0,True,0.714631,False,2016-02-17,2017-06-19,Venture - Series Unknown,2016,38.8,True,True,True,False,5.2,3.2,False,False,False,False,True,False,False,False,False,False,False,False,4,3,True,True,False,True,True,True,True,True,True,True,True,True,True,True,True,4,3.0,True,True,False,True,True,False,False,False,False,True,False,True,True,124,0,False,62,14,0.2258064516129032,0.2035989552412395,0.0,0.056425355356446404,0.0,0.282126776782232,0.0,0.141063388391116,0.282126776782232,0.0,0.0,0.0,0.11285071071289281,0.0,0.282126776782232,5.0,2.0,0.2099961751794825,1,0,0,0,0,0,0,1.97,2.186051276738094,False,False,True,False,True,True,,,2.6000000000000085,6.0
1819,Reas,https://www.crunchbase.com/organization/reas,Czech Republic,50.0596288,14.4464593,2016,1.0,True,True,False,False,False,False,False,False,False,True,False,False,True,False,3,2,2,True,False,False,False,1.0,True,0.873635,False,2019-05-09,2019-11-01,Seed,2019,22.333333333333332,True,True,False,False,19.0,2.7,False,False,False,False,False,False,False,False,False,False,False,False,3,2,True,True,True,True,True,True,True,True,True,True,True,True,True,True,True,3,2.0,True,True,True,True,True,False,False,False,False,False,False,True,True,124,0,False,62,14,0.2258064516129032,0.2035989552412395,0.0,0.0,0.0,0.0,0.0,0.0,0.0,0.0,0.0,0.0,0.0,0.0,0.0,7.0,6.0,0.3164391113148159,1,0,0,0,1,1,1,1.97,3.40452517175483,False,False,False,False,False,False,,,2.6000000000000085,6.0
1820,Pekat Vision,https://www.crunchbase.com/organization/pekat-vision,Czech Republic,49.1922443,16.6113382,2016,1.0,True,False,False,False,True,False,False,False,False,True,False,False,False,False,3,1,1,False,True,False,True,1.0,True,0.75,False,2019-06-05,2019-06-05,Seed,2019,46.0,False,False,True,True,1.0,3.0,False,False,False,False,True,True,False,False,False,False,False,False,0,0,False,False,False,False,False,False,False,False,False,False,False,False,False,False,False,1,1.0,True,True,True,True,True,False,False,False,False,False,False,True,True,13,0,False,12,3,0.25,0.2231435513142097,0.11079863865773769,0.18334102074028633,0.18334102074028633,0.18334102074028633,0.0,0.0,0.0,0.18334102074028633,0.18334102074028633,0.18334102074028633,0.0,0.0,0.0,0.0,0.0,0.0,0,0,0,0,1,1,0,1.97,3.40452517175483,True,False,False,True,True,True,2022-03-21,6.0,0.0,1.6000000000000014
1724,Dataddo,https://www.crunchbase.com/organization/dataddo-com,Czech Republic,50.0596288,14.4464593,2016,3.0,True,True,False,False,True,False,False,False,False,True,False,False,False,False,0,2,2,True,False,True,False,1.0,True,1.986045,False,2016-07-01,2020-01-01,Venture - Series Unknown,2016,5.0,True,True,False,False,7.0,2.0,False,False,False,False,False,False,False,False,False,False,False,False,2,1,True,True,True,True,True,True,True,True,True,True,True,True,True,True,True,2,1.0,True,True,True,True,True,False,False,False,False,False,False,True,True,124,0,False,62,14,0.2258064516129032,0.2035989552412395,0.0,0.0,0.0,0.0,0.0,0.0,0.0,0.0,0.0,0.0,0.0,0.0,0.0,2.0,0.0,0.0402231640645322,0,0,0,0,0,0,0,1.97,2.186051276738094,False,False,True,False,True,True,,,2.6000000000000085,6.0
1785,Manifesto Market,https://www.crunchbase.com/organization/manifesto-market,Czech Republic,50.0596288,14.4464593,2017,1.0,True,True,False,False,True,True,True,False,True,True,False,False,True,False,1,1,1,False,True,True,True,1.0,True,2.29,False,2018-12-15,2018-12-15,Venture - Series Unknown,2018,45.0,True,True,False,False,5.0,10.0,False,False,False,False,False,False,False,False,False,False,False,False,1,1,True,True,True,True,True,True,True,True,True,True,True,True,True,True,True,1,1.0,True,True,True,True,True,False,False,False,False,False,False,True,True,124,0,False,86,16,0.1860465116279069,0.1706255170307632,0.0,0.0,0.0,0.0,0.0,0.0,0.0,0.0,0.0,0.0,0.0,0.0,0.0,8.0,0.0,0.1492082812712644,0,0,0,0,0,0,1,2.84,2.6100697927420065,False,False,True,False,True,True,,,2.6000000000000085,6.0
1884,Entry.do,https://www.crunchbase.com/organization/entrydo,Czech Republic,50.0596288,14.4464593,2017,2.0,True,True,False,False,False,True,False,False,False,True,True,False,False,True,0,1,1,False,True,True,True,1.0,True,0.2,True,2017-01-11,2017-01-11,Pre-Seed,2017,15.0,True,True,False,False,1.0,0.0,False,False,False,False,False,False,False,False,False,False,False,False,1,1,True,True,True,True,True,True,True,True,True,True,True,True,True,True,True,1,1.0,True,True,True,True,True,False,False,False,False,False,False,True,True,124,0,False,86,16,0.1860465116279069,0.1706255170307632,0.0,0.0,0.0,0.0,0.0,0.0,0.0,0.0,0.0,0.0,0.0,0.0,0.0,2.0,0.0,0.0402231640645322,0,0,0,0,0,0,0,2.84,1.9740810260220096,False,False,False,False,False,False,,,2.6000000000000085,6.0
1891,Vistag,https://www.crunchbase.com/organization/vistag,Czech Republic,50.0961696,14.459067,2017,1.0,False,True,False,False,False,True,False,False,False,True,True,False,False,False,1,1,2,True,False,True,False,1.0,True,0.070011,True,2018-06-01,2018-06-01,Pre-Seed,2018,49.0,True,True,False,False,4.5,3.5,False,False,False,False,True,False,False,False,False,False,False,False,2,1,True,True,True,True,True,True,True,True,True,True,True,True,True,True,True,2,1.0,True,True,True,True,True,False,False,False,False,False,False,True,True,124,0,False,86,16,0.1860465116279069,0.1706255170307632,0.00416156320480717,0.004161563204807541,0.004161563204807541,0.004161563204807541,0.004161563204807541,0.004161563204807541,0.004161563204807541,0.004161563204807541,0.004161563204807541,0.004161563204807541,0.0,0.0,0.0,7.0,1.0,0.2012547881991394,1,0,0,0,0,0,1,2.84,2.6100697927420065,False,False,False,False,False,False,,,2.6000000000000085,6.0
1821,Davinci Travel System,https://www.crunchbase.com/organization/davinci-travel-system,Czech Republic,50.0596288,14.4464593,2017,1.0,True,True,False,False,False,True,False,False,False,False,True,False,False,False,0,3,5,False,False,False,False,5.0,True,2.32183,False,2017-07-12,2019-09-12,Venture - Series Unknown,2017,91.0,True,True,True,True,6.5,16.3,False,False,True,True,True,True,False,False,True,True,False,False,5,5,True,True,False,True,True,True,True,True,True,True,True,True,True,True,True,5,5.0,True,True,False,True,True,False,False,False,False,False,False,True,True,124,0,False,86,16,0.1860465116279069,0.1706255170307632,0.0,0.17273506172955788,0.0,1.0364103703773473,0.0,0.0,0.0,0.0,0.17273506172955788,1.0364103703773473,0.34547012345911576,0.0,1.0364103703773473,5.0,1.0,0.1727159991214717,1,0,0,0,0,0,0,2.84,1.9740810260220096,False,False,True,False,True,True,,,2.6000000000000085,6.0
1825,Twigsee,https://www.crunchbase.com/organization/twigsee,Czech Republic,50.0596288,14.4464593,2017,3.0,False,True,False,False,False,True,False,False,False,True,False,False,False,False,3,2,1,False,True,True,True,1.0,True,0.604679,False,2020-11-25,2021-09-08,Seed,2020,7.0,False,False,True,True,0.0,1.0,False,False,False,False,False,False,False,False,False,False,False,False,0,0,False,False,False,False,False,False,False,False,False,False,False,False,False,False,False,2,2.0,True,True,True,False,False,False,False,False,False,False,False,True,True,124,0,False,86,15,0.1744186046511628,0.1607732205877517,0.0,0.18334102074028633,0.18334102074028633,0.18334102074028633,0.0,0.0,0.0,0.18334102074028633,0.18334102074028633,0.18334102074028633,0.0,0.0,0.0,0.0,0.0,0.0,0,0,0,0,0,0,0,2.84,2.928523523860541,True,False,False,True,True,True,2023-04-20,6.0,2.6000000000000085,6.0
1839,Domotron,https://www.crunchbase.com/organization/domotron,Czech Republic,50.0596288,14.4464593,2017,2.0,True,True,False,False,True,True,False,False,False,True,False,False,True,False,0,1,1,False,True,False,True,1.0,True,0.85708,False,2017-04-20,2017-04-20,Series A,2017,60.0,True,True,False,False,1.0,2.0,False,False,True,True,False,False,False,False,False,False,False,False,1,1,True,True,True,True,True,True,True,True,True,True,True,True,True,True,True,1,1.0,True,True,True,True,True,False,False,False,False,False,False,True,True,124,0,False,86,16,0.1860465116279069,0.1706255170307632,0.0,0.0,0.0,0.0,0.0,0.0,0.0,0.0,0.0,0.0,0.0,0.0,0.0,1.0,0.0,0.0,0,0,0,0,0,0,0,2.84,1.9740810260220096,False,False,True,False,True,True,,,2.6000000000000085,6.0
1840,Precismo,https://www.crunchbase.com/organization/precismo,Czech Republic,50.0596288,14.4464593,2017,2.0,True,True,False,False,False,False,False,False,False,True,True,False,False,False,1,3,3,False,False,False,False,3.0,True,3.15595,False,2018-01-01,2021-10-07,Seed,2018,19.666666666666668,True,True,False,False,1.0,0.0,False,False,True,True,True,True,False,False,True,True,True,True,3,3,True,True,True,True,True,True,True,True,True,True,True,True,True,True,True,3,3.0,True,True,True,True,True,False,False,False,False,False,False,True,True,124,0,False,86,16,0.1860465116279069,0.1706255170307632,0.0,0.0,0.0,0.0,0.0,0.0,0.0,0.0,0.0,0.0,0.0,0.0,0.0,3.0,0.0,0.0687619531421999,0,0,0,0,0,0,0,2.84,2.6100697927420065,False,False,False,False,False,False,,,2.6000000000000085,6.0
1849,Dayswaps,https://www.crunchbase.com/organization/dayswaps,Czech Republic,50.0596288,14.4464593,2017,1.0,True,True,False,False,False,False,False,False,False,True,False,False,False,False,3,1,1,False,True,False,True,1.0,True,0.441786,True,2020-09-16,2020-09-16,Seed,2020,46.0,True,True,False,False,2.0,3.0,False,False,False,False,True,True,False,False,False,False,False,False,1,1,True,True,True,True,True,True,True,True,True,True,True,True,True,True,True,1,1.0,True,True,True,True,True,False,False,False,False,False,False,True,True,124,0,False,86,16,0.1860465116279069,0.1706255170307632,0.0,0.0,0.0,0.0,0.0,0.0,0.0,0.0,0.0,0.0,0.0,0.0,0.0,3.0,0.0,0.0687619531421999,0,0,0,0,0,0,0,2.84,2.928523523860541,False,False,False,False,False,False,,,2.6000000000000085,6.0
1768,Sense Arena,https://www.crunchbase.com/organization/sense-arena-s-r-o,Czech Republic,50.0596288,14.4464593,2017,1.0,False,True,False,False,False,True,False,False,False,True,False,False,False,False,1,1,1,False,True,False,True,1.0,True,2.45,False,2018-09-06,2018-09-06,Venture - Series Unknown,2018,33.0,True,True,False,False,18.0,4.0,False,False,False,False,False,False,False,False,False,False,False,False,1,1,True,True,True,True,True,True,True,True,True,True,True,True,True,True,True,1,1.0,True,True,True,True,True,False,False,False,False,False,False,True,True,124,0,False,86,16,0.1860465116279069,0.1706255170307632,0.0,0.0,0.0,0.0,0.0,0.0,0.0,0.0,0.0,0.0,0.0,0.0,0.0,5.0,1.0,0.1727159991214717,1,0,0,0,0,0,0,2.84,2.6100697927420065,False,False,True,False,True,True,,,2.6000000000000085,6.0
1775,Poetizer,https://www.crunchbase.com/organization/poetizer,Czech Republic,50.0596288,14.4464593,2017,2.0,True,True,False,False,False,True,False,False,False,True,True,False,False,False,3,1,1,False,True,True,False,0.0,False,3.399226,False,2020-11-18,2020-11-18,Seed,2020,15.0,True,,False,,4.0,0.0,False,,False,,False,,False,,False,,False,,1,0,True,,True,True,,True,,True,,True,,True,,True,,1,,True,,True,True,,False,False,False,False,False,False,True,True,124,0,False,86,16,0.1860465116279069,0.1706255170307632,0.0,0.0,0.0,0.0,0.0,0.0,0.0,0.0,0.0,0.0,0.0,0.0,0.0,5.0,1.0,0.1727159991214717,1,0,0,0,0,0,0,2.84,2.928523523860541,False,False,False,False,False,False,,,2.6000000000000085,6.0
1714,Zuri,https://www.crunchbase.com/organization/zuri-c2c7,Czech Republic,50.0596288,14.4464593,2017,1.0,True,True,False,False,True,True,False,False,False,True,False,False,False,False,1,4,7,True,False,False,False,3.0,True,4.425433,False,2018-10-22,2024-12-17,Seed,2018,3.2857142857142856,True,True,True,True,5.0,0.3,False,False,True,True,False,False,False,False,False,False,False,False,5,2,True,True,False,True,True,True,True,True,True,True,True,True,True,True,True,6,3.0,True,True,False,True,True,True,True,True,False,False,False,True,False,124,0,False,86,16,0.1860465116279069,0.1706255170307632,0.0,1.3652072817362721,0.0,9.373109951413621,0.0,2.343277487853405,9.373109951413621,0.0,0.06111367358009544,0.18334102074028633,2.729520013422105,0.0,9.537665421094681,2.0,0.0,0.0402231640645322,0,0,0,0,0,0,0,2.84,2.6100697927420065,False,False,False,False,False,False,,,2.6000000000000085,6.0
1777,Trisbee,https://www.crunchbase.com/organization/trisbee,Czech Republic,50.0596288,14.4464593,2017,2.0,True,True,False,False,False,True,False,False,True,False,False,False,False,False,1,1,2,False,False,True,False,0.0,False,0.988364,False,2018-03-06,2018-03-06,Pre-Seed,2018,347.0,False,,True,,7.5,18.5,False,,True,,True,,False,,False,,False,,0,0,False,,False,False,,False,,False,,False,,False,,False,,0,,False,,False,True,,False,False,False,False,False,False,True,True,124,0,False,86,16,0.1860465116279069,0.1706255170307632,0.0,1.1339481348122564,1.0364103703773473,1.2314858992471651,1.0364103703773473,1.1339481348122564,1.2314858992471651,0.0,0.0,0.0,1.7854362637165104,1.7854362637165104,1.7854362637165104,1.0,0.0,0.0,0,0,0,0,0,0,0,2.84,2.6100697927420065,False,False,False,False,False,False,,,2.6000000000000085,6.0
1743,Vitadio,https://www.crunchbase.com/organization/vitadio,Czech Republic,50.0596288,14.4464593,2017,1.0,False,True,False,False,False,False,False,True,False,True,False,False,False,False,3,3,5,True,False,False,False,2.0,True,4.793615,False,2020-04-03,2023-09-25,Seed,2020,11.428571428571429,True,False,True,True,5.3,0.0,True,False,False,False,True,False,False,False,False,False,False,False,3,0,True,False,False,True,False,True,False,True,False,True,False,True,False,True,False,3,0.0,True,False,False,True,False,False,False,False,False,False,False,True,True,124,0,False,86,16,0.1860465116279069,0.1706255170307632,0.0,0.17004314538558987,0.0,0.6801725815423595,0.0,0.0,0.0,0.6801725815423595,0.6801725815423595,0.6801725815423595,0.34008629077117974,0.0,0.6801725815423595,6.0,5.0,0.2890191943493392,1,0,0,0,1,1,1,2.84,2.928523523860541,False,False,False,False,False,False,,,2.6000000000000085,6.0
1731,Time is Ltd.,https://www.crunchbase.com/organization/time-is-ltd,Czech Republic,50.0596288,14.4464593,2017,3.0,True,True,False,False,True,False,False,False,False,True,True,False,False,False,2,3,6,True,False,False,False,1.0,True,8.985714,False,2019-02-04,2021-06-10,Seed,2019,102.28571428571428,False,False,True,True,15.0,102.0,True,False,True,False,False,False,False,False,False,False,False,False,0,0,False,False,False,False,False,False,False,False,False,False,False,False,False,False,False,0,0.0,False,False,False,True,True,True,True,True,False,False,False,True,False,124,0,False,86,16,0.1860465116279069,0.1706255170307632,0.0,6.24155900582575,1.0364103703773473,9.396410146483882,1.0364103703773473,7.7287443302395795,9.396410146483882,1.0364103703773473,1.0364103703773473,1.0364103703773473,4.803926970120766,0.0,8.635874836560806,0.0,0.0,0.0,0,0,0,0,0,0,0,2.84,3.40452517175483,False,False,False,False,False,False,,,2.6000000000000085,6.0
1706,Rossum,https://www.crunchbase.com/organization/rossum,Czech Republic,50.0596288,14.4464593,2017,3.0,True,True,False,False,True,False,False,False,False,True,False,False,False,False,0,4,8,True,False,False,False,3.0,True,9.5,False,2017-01-17,2019-11-27,Series A,2017,99.16666666666669,True,True,True,True,10.4,16.4,False,False,True,True,True,False,False,False,True,True,False,False,7,3,True,True,False,True,True,True,True,True,True,True,True,True,True,True,True,7,3.0,True,True,False,True,True,True,True,True,False,False,False,True,False,124,0,False,86,15,0.1744186046511628,0.1607732205877517,0.0,2.3002872573904374,0.0,9.583683477192265,0.0,3.320879589788488,9.583683477192265,0.0,0.2591025925943368,1.0364103703773473,3.754173189670153,0.0,9.583683477192265,12.0,5.0,0.3504294492496432,1,0,0,0,1,1,1,2.84,1.9740810260220096,False,True,True,True,True,True,,,2.6000000000000085,6.0
1964,Reakiro,https://www.crunchbase.com/organization/reakiro,Czech Republic,50.0596288,14.4464593,2017,2.0,True,True,False,False,True,True,True,True,False,False,False,False,False,False,2,1,1,False,True,False,False,0.0,False,0.0,True,2019-02-15,2019-02-15,Seed,2019,20.0,False,,True,,5.0,2.0,True,,False,,False,,False,,False,,False,,0,0,False,,False,False,,False,,False,,False,,False,,False,,0,,False,,False,False,,True,True,True,True,False,False,False,False,124,0,False,86,16,0.1860465116279069,0.1706255170307632,0.0,9.373109951413621,9.373109951413621,9.373109951413621,9.373109951413621,9.373109951413621,9.373109951413621,0.0,0.0,0.0,0.0,0.0,0.0,0.0,0.0,0.0,0,0,0,0,0,0,0,2.84,3.40452517175483,False,False,False,False,False,False,,,2.6000000000000085,6.0
1965,Nulisec,https://www.crunchbase.com/organization/nulisec,Czech Republic,50.0596288,14.4464593,2017,3.0,True,True,False,False,False,True,False,False,False,True,False,False,False,True,2,1,2,False,False,False,False,0.0,False,0.0,True,2019-10-02,2019-10-02,Seed,2019,24.5,True,,False,,1.5,1.5,False,,False,,True,,False,,False,,False,,2,0,True,,True,True,,True,,True,,True,,True,,True,,2,,True,,True,True,,False,False,False,False,False,False,True,True,124,0,False,86,16,0.1860465116279069,0.1706255170307632,0.0,0.0,0.0,0.0,0.0,0.0,0.0,0.0,0.0,0.0,0.0,0.0,0.0,1.0,1.0,0.0637308819147395,0,0,0,0,0,0,0,2.84,3.40452517175483,False,False,False,False,False,False,,,2.6000000000000085,6.0
1812,Wereldo.com,https://www.crunchbase.com/organization/wereldo-com,Czech Republic,49.1922443,16.6113382,2018,3.0,True,False,False,False,True,False,False,False,False,True,False,False,False,False,2,2,3,False,False,False,False,3.0,True,1.407171,False,2020-01-27,2020-08-26,Seed,2020,21.333333333333332,True,True,True,True,8.0,1.3,False,False,False,False,True,True,False,False,False,False,False,False,1,1,True,True,False,True,True,True,True,True,True,True,True,True,True,True,True,3,3.0,True,True,True,True,True,False,False,False,False,False,False,True,True,13,0,False,14,4,0.2857142857142857,0.251314428280906,0.11079863865773769,0.12222734716019087,0.0,0.18334102074028633,0.0,0.0,0.0,0.0,0.12222734716019087,0.18334102074028633,0.12222734716019087,0.0,0.18334102074028633,2.0,0.0,0.0402231640645322,0,0,0,0,1,1,1,2.07,2.928523523860541,False,False,False,False,False,False,,,0.0,1.6000000000000014
1795,Roivenue,https://www.crunchbase.com/organization/roivenue,Czech Republic,50.0596288,14.4464593,2018,5.0,True,True,False,False,False,False,False,False,False,True,True,False,False,False,0,2,1,True,True,False,True,1.0,True,0.744366,False,2018-09-05,2021-08-06,Seed,2018,11.0,True,True,False,False,4.5,1.0,False,False,False,False,False,False,False,False,False,False,False,False,2,1,True,True,True,True,True,True,True,True,True,True,True,True,True,True,True,2,1.0,True,True,True,True,True,False,False,False,False,False,False,True,True,124,0,False,101,18,0.1782178217821782,0.1640029762702699,0.0,0.0,0.0,0.0,0.0,0.0,0.0,0.0,0.0,0.0,0.0,0.0,0.0,1.0,2.0,0.1010110579727503,0,0,0,0,0,0,0,2.07,2.6100697927420065,True,False,False,True,True,True,2022-11-29,4.0,2.6000000000000085,6.0
1782,SprayVision,https://www.crunchbase.com/organization/sprayvision,Czech Republic,49.841415,18.1677155,2018,2.0,True,False,False,False,False,False,False,False,False,True,False,False,False,False,2,1,1,False,True,False,True,1.0,True,0.704643,False,2020-10-01,2020-10-01,Series A,2020,34.0,False,False,True,True,6.0,5.0,False,False,False,False,False,False,False,False,False,False,False,False,0,0,False,False,False,False,False,False,False,False,False,False,False,False,False,False,False,1,1.0,True,True,True,True,True,False,False,False,False,False,False,True,True,1,0,False,1,0,0.0,0.0,0.2238335114301367,0.26732458380925656,0.26732458380925656,0.26732458380925656,0.0,0.0,0.0,0.26732458380925656,0.26732458380925656,0.26732458380925656,0.0,0.0,0.0,0.0,0.0,0.0,0,0,0,0,1,1,1,2.07,2.928523523860541,False,False,True,False,True,True,,,0.0,0.0
1857,Stavario,https://www.crunchbase.com/organization/stavario,Czech Republic,50.6040315,13.7461464,2018,1.0,True,False,False,False,False,False,False,False,False,True,False,False,False,False,2,2,3,False,False,False,False,1.0,True,0.893155,False,2020-11-10,2020-11-10,Seed,2020,13.0,True,True,True,False,1.0,0.0,False,False,False,False,False,False,False,False,False,False,False,False,0,0,False,False,False,True,True,False,False,False,False,False,False,False,False,False,False,1,1.0,True,True,True,True,True,False,False,False,False,False,False,True,True,17,0,False,0,0,0.0,0.0,0.07832794158386708,0.07832794158386748,0.07832794158386748,0.07832794158386748,0.0,0.0,0.0,0.07832794158386748,0.07832794158386748,0.07832794158386748,0.0,0.0,0.0,0.0,0.0,0.0,0,0,0,0,1,1,1,2.07,2.928523523860541,False,False,False,False,False,False,,,0.0,0.0
1904,Beat Saber,https://www.crunchbase.com/organization/beat-games-beat-saber,Czech Republic,50.0596288,14.4464593,2018,3.0,False,True,False,False,False,False,False,False,False,True,True,False,False,False,0,1,1,False,True,False,False,0.0,False,0.0,True,2018-04-28,2018-04-28,Seed,2018,50.0,False,,True,,2.0,9.0,True,,True,,False,,False,,False,,False,,0,0,False,,False,False,,False,,False,,False,,False,,False,,0,,False,,False,False,,True,True,True,True,False,False,False,False,124,0,False,101,18,0.1782178217821782,0.1640029762702699,0.0,9.3903843406487,9.3903843406487,9.3903843406487,9.3903843406487,9.3903843406487,9.3903843406487,0.0,0.0,0.0,0.0,0.0,0.0,0.0,0.0,0.0,0,0,0,0,0,0,0,2.07,2.6100697927420065,True,False,False,True,True,True,2019-11-26,1.0,2.6000000000000085,6.0
1861,Elphogene,https://www.crunchbase.com/organization/elphogene,Czech Republic,50.0596288,14.4464593,2018,2.0,True,True,False,False,True,False,False,True,False,False,False,False,False,False,1,2,1,False,True,True,True,1.0,True,0.5,True,2019-04-05,2020-04-01,Seed,2019,5.0,True,True,False,False,2.5,0.0,True,True,False,False,False,False,False,False,False,False,False,False,2,2,True,True,True,True,True,True,True,True,True,True,True,True,True,True,True,2,2.0,True,True,True,True,True,False,False,False,False,False,False,True,True,124,0,False,101,19,0.1881188118811881,0.1723712259407865,0.0,0.0,0.0,0.0,0.0,0.0,0.0,0.0,0.0,0.0,0.0,0.0,0.0,0.0,0.0,0.0,0,0,0,0,0,0,0,2.07,3.40452517175483,False,False,False,False,False,False,,,2.6000000000000085,6.0
1922,Kareer,https://www.crunchbase.com/organization/kareer,Czech Republic,50.0596288,14.4464593,2018,2.0,False,True,False,False,True,True,False,False,False,True,False,False,False,False,1,1,2,True,False,True,False,1.0,True,0.0,True,2019-10-07,2019-10-07,Pre-Seed,2019,23.5,True,True,False,False,1.5,1.0,False,False,False,False,False,False,True,True,True,True,False,False,2,1,True,True,True,True,True,True,True,True,True,True,True,True,True,True,True,2,1.0,True,True,True,True,True,False,False,False,False,False,False,True,True,124,0,False,101,19,0.1881188118811881,0.1723712259407865,0.0,0.0,0.0,0.0,0.0,0.0,0.0,0.0,0.0,0.0,0.0,0.0,0.0,1.0,0.0,0.0,0,0,0,0,0,0,0,2.07,3.40452517175483,False,False,False,False,False,False,,,2.6000000000000085,6.0
1933,Genster,https://www.crunchbase.com/organization/genster,Czech Republic,50.0596288,14.4464593,2018,2.0,False,True,False,False,True,True,False,False,False,False,False,False,False,False,1,2,2,False,False,False,False,2.0,True,0.0,True,2019-01-08,2020-01-21,Seed,2019,22.666666666666668,True,True,False,False,4.0,0.7,False,False,True,True,False,False,False,False,False,False,False,False,3,3,True,True,True,True,True,True,True,True,True,True,True,True,True,True,True,3,3.0,True,True,True,True,True,False,False,False,False,False,False,True,True,124,0,False,101,19,0.1881188118811881,0.1723712259407865,0.0,0.0,0.0,0.0,0.0,0.0,0.0,0.0,0.0,0.0,0.0,0.0,0.0,6.0,3.0,0.2517390182913285,1,0,0,0,0,1,1,2.07,3.40452517175483,False,False,False,False,False,False,,,2.6000000000000085,6.0
1769,Cyrkl,https://www.crunchbase.com/organization/cyrkl,Czech Republic,50.0596288,14.4464593,2018,3.0,True,True,False,False,False,False,False,False,True,True,False,True,False,True,2,1,1,False,True,True,True,1.0,True,2.154061,False,2020-09-17,2020-09-17,Seed,2020,15.0,True,True,False,False,2.0,1.0,True,True,False,False,False,False,False,False,False,False,False,False,1,1,True,True,True,True,True,True,True,True,True,True,True,True,True,True,True,1,1.0,True,True,True,True,True,False,False,False,False,False,False,True,True,124,0,False,101,19,0.1881188118811881,0.1723712259407865,0.0,0.0,0.0,0.0,0.0,0.0,0.0,0.0,0.0,0.0,0.0,0.0,0.0,1.0,0.0,0.0,0,0,0,0,0,0,0,2.07,2.928523523860541,False,False,False,False,False,False,,,2.6000000000000085,6.0
1710,SmartGuide,https://www.crunchbase.com/organization/smartguide,Czech Republic,50.0596288,14.4464593,2018,3.0,False,True,False,False,True,True,False,False,False,True,True,False,False,False,0,2,2,False,False,True,False,2.0,True,1.742746,False,2018-07-02,2019-01-31,Seed,2018,7.5,True,True,True,True,0.5,0.0,False,False,False,False,False,False,True,True,True,True,False,False,1,1,True,True,False,True,True,True,True,True,True,True,True,True,True,True,True,1,1.0,True,True,False,True,True,False,False,False,False,True,False,True,True,124,0,False,101,19,0.1881188118811881,0.1723712259407865,0.0,0.1265681330485271,0.0,0.2531362660970542,0.0,0.0,0.0,0.0,0.1265681330485271,0.2531362660970542,0.2531362660970542,0.2531362660970542,0.2531362660970542,1.0,1.0,0.0637308819147395,0,0,0,0,0,0,0,2.07,2.6100697927420065,False,False,False,False,False,False,,,2.6000000000000085,6.0
1712,Supernova.io,https://www.crunchbase.com/organization/supernova-technology-ltd,Czech Republic,50.0596288,14.4464593,2018,5.0,True,True,False,False,True,False,False,False,False,True,False,False,False,False,0,4,12,True,False,True,False,4.0,True,8.5647,False,2017-12-12,2022-11-16,Seed,2017,49.57142857142857,True,True,True,True,8.9,88.2,False,False,True,True,True,True,True,False,False,False,False,False,5,1,True,True,False,True,True,True,True,True,True,True,True,True,True,True,True,5,1.0,True,True,False,True,True,True,True,True,False,True,False,True,False,124,0,False,101,19,0.1881188118811881,0.1723712259407865,0.0,3.7949457506617983,0.0,9.398884936770996,0.0,3.2759017384293867,9.398884936770996,0.0,4.9627947781847235,9.398884936770996,4.879608991317386,0.0,9.398884936770996,4.0,1.0,0.154629239632742,0,0,0,0,0,0,0,2.07,1.9740810260220096,False,False,False,False,False,False,,,2.6000000000000085,6.0
1715,Woltair,https://www.crunchbase.com/organization/topite,Czech Republic,50.0596288,14.4464593,2018,3.0,True,True,True,True,False,False,False,False,False,True,False,True,False,False,1,2,2,False,False,True,False,2.0,True,0.864366,False,2019-01-01,2019-11-22,Series B,2019,49.333333333333336,True,True,False,False,7.0,7.3,False,False,True,True,False,False,False,False,False,False,False,False,3,3,True,True,True,True,True,True,True,True,True,True,True,True,True,True,True,3,3.0,True,True,True,True,True,False,False,False,False,False,False,True,True,124,0,False,101,18,0.1782178217821782,0.1640029762702699,0.0,0.0,0.0,0.0,0.0,0.0,0.0,0.0,0.0,0.0,0.0,0.0,0.0,7.0,5.0,0.3022658461718897,1,0,0,0,1,1,1,2.07,3.40452517175483,False,True,True,True,True,True,,,2.6000000000000085,6.0
1736,PARTORY,https://www.crunchbase.com/organization/partory,Czech Republic,50.2092113,15.8327512,2018,2.0,True,False,False,False,True,False,False,False,False,True,False,False,False,True,2,5,9,True,False,False,False,2.0,True,2.334211,False,2020-01-06,2024-09-28,Seed,2020,29.454545454545453,False,False,True,True,7.4,1.8,False,False,True,False,True,True,False,False,True,False,False,False,0,0,False,False,False,False,False,False,False,False,False,False,False,False,False,False,False,7,3.0,True,True,False,True,True,False,False,False,False,False,False,True,True,2,0,False,1,0,0.0,0.0,0.10019613965578758,0.35461309420513343,0.10019613965578762,1.3610638730026219,0.10019613965578762,0.44677096016053786,1.3610638730026219,0.10019613965578762,0.10885878499072167,0.1261840756605898,0.5745900013725871,0.0,2.0762928718304887,1.0,0.0,0.0,0,0,0,0,1,1,1,2.07,2.928523523860541,False,False,False,False,False,False,,,0.0,0.2000000000000001
1713,Oddin.gg,https://www.crunchbase.com/organization/oddin-gg,Czech Republic,50.0596288,14.4464593,2018,2.0,True,True,False,False,True,True,False,False,False,True,True,False,False,False,2,2,3,False,False,False,False,3.0,True,4.664703,False,2020-02-01,2021-03-08,Series A,2020,22.666666666666668,True,True,True,True,4.0,1.0,False,False,True,True,False,False,False,False,False,False,False,False,1,1,True,True,False,True,True,True,True,True,True,True,True,True,True,True,True,1,1.0,True,True,False,True,True,True,True,True,False,False,False,True,False,124,0,False,101,19,0.1881188118811881,0.1723712259407865,0.0,5.426913781811443,0.0,9.596020279407458,0.0,0.0,0.0,0.0,5.426913781811443,9.596020279407458,6.624061580511035,3.591443396098775,9.596020279407458,6.0,4.0,0.272255779691632,1,0,0,0,0,1,1,2.07,2.928523523860541,False,False,True,False,True,True,,,2.6000000000000085,6.0
1739,Qerko,https://www.crunchbase.com/organization/qerko,Czech Republic,50.0749464,14.4048437,2019,1.0,True,True,False,False,False,False,False,False,True,True,False,False,False,False,0,3,3,False,False,True,False,0.0,False,3.438203,False,2019-06-25,2022-04-13,Seed,2019,22.2,True,,True,,20.7,2.4,False,,False,,False,,False,,False,,False,,3,0,True,,False,True,,True,,True,,True,,True,,True,,3,,True,,False,True,,True,True,True,False,False,False,True,False,124,0,False,113,22,0.1946902654867256,0.1778869597260888,0.0034239883503052963,2.3941578862424655,0.0034239883503054086,9.566359579918945,0.0034239883503054086,2.3941578862424655,9.566359579918945,0.0,0.0,0.0,4.784761093728154,0.0,9.56952218745631,9.0,7.0,0.350852956604421,1,0,0,0,1,1,1,1.81,3.40452517175483,False,False,False,False,False,False,,,2.6000000000000085,6.0
1735,NutritionPro,https://www.crunchbase.com/organization/nutritionpro,Czech Republic,50.0596288,14.4464593,2019,2.0,True,True,False,False,True,False,True,True,False,True,False,False,False,True,0,5,8,False,False,True,False,0.0,False,5.113282,False,2019-01-12,2022-10-01,Seed,2019,13.7,True,,True,,2.9,0.7,False,,False,,True,,False,,False,,False,,9,0,True,,True,True,,True,,True,,True,,True,,True,,9,,True,,True,True,,False,False,False,False,False,False,True,True,124,0,False,113,22,0.1946902654867256,0.1778869597260888,0.0,0.0,0.0,0.0,0.0,0.0,0.0,0.0,0.0,0.0,0.0,0.0,0.0,14.0,5.0,0.3646254148122245,1,0,0,0,1,1,1,1.81,3.40452517175483,False,False,False,False,False,False,,,2.6000000000000085,6.0
1754,Advanto,https://www.crunchbase.com/organization/advanto,Czech Republic,50.0596288,14.4464593,2019,2.0,True,True,False,False,False,False,False,False,True,True,False,False,False,False,1,4,6,True,False,True,False,1.0,True,2.093235,False,2020-04-03,2023-08-23,Seed,2020,22.25,True,True,True,False,3.8,1.1,True,False,True,False,False,False,False,False,False,False,False,False,6,1,True,True,False,True,True,True,True,True,True,True,True,True,True,True,True,6,1.0,True,True,False,True,True,True,True,False,False,False,False,True,False,124,0,False,113,22,0.1946902654867256,0.1778869597260888,0.0,1.5465879762649037,0.0,10.701900740390682,0.0,1.7675291157313187,10.701900740390682,0.0,0.0,0.0,2.9838012125588387,0.0,10.70757073937226,6.0,7.0,0.3154699002060681,1,0,0,0,1,1,1,1.81,2.928523523860541,False,False,False,False,False,False,,,2.6000000000000085,6.0
1869,Blabu,https://www.crunchbase.com/organization/blabu,Czech Republic,50.0596288,14.4464593,2019,3.0,False,True,False,False,False,True,False,False,False,True,False,False,False,False,1,1,1,False,True,True,False,0.0,False,0.969489,False,2020-10-06,2020-10-06,Pre-Seed,2020,33.0,True,,False,,20.0,4.0,False,,False,,False,,False,,False,,False,,1,0,True,,True,True,,True,,True,,True,,True,,True,,1,,True,,True,True,,False,False,False,False,False,False,True,True,124,0,False,113,22,0.1946902654867256,0.1778869597260888,0.0,0.0,0.0,0.0,0.0,0.0,0.0,0.0,0.0,0.0,0.0,0.0,0.0,8.0,0.0,0.1492082812712644,0,0,0,0,0,0,1,1.81,2.928523523860541,False,False,False,False,False,False,,,2.6000000000000085,6.0
1866,Uget,https://www.crunchbase.com/organization/uget-1553,Czech Republic,50.0596288,14.4464593,2019,1.0,True,True,False,False,False,True,True,False,False,True,False,False,False,False,0,2,3,True,False,True,False,1.0,True,0.788223,False,2019-10-29,2021-08-25,Seed,2019,23.666666666666668,True,True,True,False,10.5,1.3,False,False,False,False,False,False,False,False,False,False,False,False,2,1,True,True,True,True,True,True,True,True,True,True,True,True,True,True,True,2,1.0,True,True,True,True,True,False,False,False,False,False,False,True,True,124,0,False,113,22,0.1946902654867256,0.1778869597260888,0.0,0.0,0.0,0.0,0.0,0.0,0.0,0.0,0.0,0.0,0.0,0.0,0.0,10.0,0.0,0.1691153217171828,1,0,0,0,0,0,1,1.81,3.40452517175483,False,False,False,False,False,False,,,2.6000000000000085,6.0
1830,Pealock,https://www.crunchbase.com/organization/pealock,Czech Republic,49.1922443,16.6113382,2019,1.0,False,False,False,False,False,True,False,False,True,True,False,False,False,False,1,3,5,True,False,True,False,1.0,True,0.494039,True,2020-08-01,2023-10-27,Seed,2020,24.0,False,False,True,True,7.0,0.6,True,True,True,True,True,False,False,False,False,False,False,False,0,0,False,False,False,False,False,False,False,False,False,False,False,False,False,False,False,2,0.0,True,False,False,True,False,True,True,True,False,False,False,True,False,13,0,False,16,4,0.25,0.2231435513142097,0.11079863865773769,1.8830068427176692,0.18334102074028633,6.757819587923733,0.18334102074028633,0.6643036564161526,1.42049032385896,6.757819587923733,6.757819587923733,6.757819587923733,3.0394564505234953,0.0,6.57472318107138,1.0,0.0,0.0,0,0,0,0,1,1,0,1.81,2.928523523860541,False,False,False,False,False,False,,,0.0,1.6000000000000014
1863,Realtify,https://www.crunchbase.com/organization/realtorify,Czech Republic,50.0596288,14.4464593,2019,1.0,True,True,False,False,False,False,False,False,False,True,False,False,True,False,1,1,1,False,True,True,True,1.0,True,0.11743,True,2020-10-13,2020-10-13,Pre-Seed,2020,448.0,False,False,True,True,8.0,13.0,False,False,True,True,True,True,False,False,False,False,False,False,0,0,False,False,False,False,False,False,False,False,False,False,False,False,False,False,False,0,0.0,False,False,False,True,True,False,False,False,False,False,False,True,True,124,0,False,113,21,0.1858407079646017,0.1704519812385707,0.0,1.2314858992471651,1.2314858992471651,1.2314858992471651,0.0,0.0,0.0,1.2314858992471651,1.2314858992471651,1.2314858992471651,0.0,0.0,0.0,3.0,0.0,0.0687619531421999,0,0,0,0,0,0,0,1.81,2.928523523860541,True,False,False,True,True,True,2021-06-24,2.0,2.6000000000000085,6.0
1876,GuardIoT,https://www.crunchbase.com/organization/guardiot,Czech Republic,50.0596288,14.4464593,2020,3.0,True,True,False,False,True,False,False,False,False,True,False,False,False,False,0,1,2,False,False,True,False,1.0,True,0.119223,True,2020-02-17,2020-02-17,Pre-Seed,2020,224.5,False,False,True,True,8.0,6.5,False,False,True,True,True,True,False,False,False,False,False,False,0,0,False,False,False,False,False,False,False,False,False,False,False,False,False,False,False,0,0.0,False,False,False,True,True,False,False,False,False,False,False,True,True,124,0,False,121,23,0.1900826446280991,0.1740227539792594,0.0,1.2314858992471651,1.2314858992471651,1.2314858992471651,0.0,0.0,0.0,1.2314858992471651,1.2314858992471651,1.2314858992471651,0.0,0.0,0.0,3.0,0.0,0.0687619531421999,0,0,0,0,0,0,0,-5.65,2.928523523860541,False,False,False,False,False,False,,,2.6000000000000085,6.0
1774,Localazy,https://www.crunchbase.com/organization/localazy,Czech Republic,49.1922443,16.6113382,2020,2.0,True,False,False,False,True,False,False,False,False,True,True,False,False,False,0,2,4,True,False,False,False,1.0,True,2.392075,False,2020-04-29,2023-06-29,Seed,2020,22.6,True,False,True,True,9.0,1.2,False,False,False,False,True,True,True,False,False,False,False,False,2,0,True,False,False,True,False,True,False,True,False,True,False,True,False,True,False,4,1.0,True,True,False,True,True,False,False,False,False,True,False,True,True,13,0,False,17,4,0.2352941176470588,0.2113090936672069,0.11079863865773769,0.2004754379698108,0.0,0.6300641020420764,0.0,0.20475904227719194,0.6300641020420764,0.18334102074028633,0.18334102074028633,0.18334102074028633,0.304857203212957,0.0,0.6300641020420764,2.0,1.0,0.1039540459792718,0,0,0,0,1,1,1,-5.65,2.928523523860541,False,False,False,False,False,False,,,0.0,1.6000000000000014
1809,Accomango,https://www.crunchbase.com/organization/accomango,Czech Republic,50.0596288,14.4464593,2020,2.0,True,True,False,False,False,True,False,False,False,True,False,False,False,True,0,2,7,True,False,True,False,2.0,True,2.26,False,2020-09-01,2021-04-21,Seed,2020,12.625,True,True,True,False,7.0,2.5,False,False,True,True,False,False,False,False,True,True,False,False,7,2,True,True,False,True,True,True,True,True,True,True,True,True,True,True,True,7,2.0,True,True,False,True,True,False,False,False,False,True,False,True,True,124,0,False,121,23,0.1900826446280991,0.1740227539792594,0.0,0.035265847097779,0.0,0.282126776782232,0.0,0.04702112946370533,0.282126776782232,0.0,0.0,0.0,0.070531694195558,0.0,0.282126776782232,5.0,1.0,0.1727159991214717,1,0,0,0,0,0,0,-5.65,2.928523523860541,False,False,False,False,False,False,,,2.6000000000000085,6.0
1727,Readmio,https://www.crunchbase.com/organization/readmio,Czech Republic,50.0596288,14.4464593,2020,4.0,False,True,False,False,False,True,False,False,False,True,True,False,False,False,0,3,4,True,False,True,False,3.0,True,2.307011,False,2020-12-11,2025-01-22,Seed,2020,35.0,True,True,True,True,5.0,0.5,True,True,False,False,False,False,False,False,True,False,False,False,2,1,True,True,False,True,True,True,True,True,True,True,True,True,True,True,True,2,1.0,True,True,False,True,True,False,False,False,False,False,False,True,True,124,0,False,121,23,0.1900826446280991,0.1740227539792594,0.0,0.20117481457428665,0.0,0.5171928146150837,0.0,0.0,0.0,0.0,0.2682330860990489,0.5171928146150837,0.35691185037964934,0.0,0.5320725856836028,1.0,0.0,0.0,0,0,0,0,0,0,0,-5.65,2.928523523860541,False,False,False,False,False,False,,,2.6000000000000085,6.0
1728,Hedepy,https://www.crunchbase.com/organization/hedepy,Czech Republic,50.0596288,14.4464593,2020,3.0,False,True,False,False,False,False,False,True,False,True,False,False,False,False,0,3,8,True,False,True,False,7.0,True,3.331439,False,2020-11-13,2023-12-01,Seed,2020,14.454545454545457,True,True,True,True,7.8,0.5,True,True,False,False,False,False,False,False,False,False,False,False,4,2,True,True,False,True,True,True,True,True,True,True,True,True,True,True,True,8,5.0,True,True,False,True,True,True,True,True,False,False,False,True,False,124,0,False,121,23,0.1900826446280991,0.1740227539792594,0.0,0.7892847927943578,0.0,6.865656270862772,0.0,0.06111367358009544,0.18334102074028633,0.0,1.1013581296004702,6.865656270862772,1.536344692398399,0.0,7.299669946913315,7.0,9.0,0.3492333134289221,1,0,0,0,1,1,1,-5.65,2.928523523860541,False,False,False,False,False,False,,,2.6000000000000085,6.0
1729,Superface,https://www.crunchbase.com/organization/superface,Czech Republic,50.0596288,14.4464593,2020,2.0,True,True,False,False,True,False,False,False,False,True,True,False,False,False,0,2,9,True,False,True,False,2.0,True,4.457227,False,2020-04-01,2022-01-01,Seed,2020,19.0,True,False,True,True,5.8,2.3,False,False,True,True,False,False,True,False,True,True,False,False,3,0,True,False,False,True,False,True,False,True,False,True,False,True,False,True,False,3,0.0,True,False,False,True,True,True,True,True,False,True,False,True,False,124,0,False,121,23,0.1900826446280991,0.1740227539792594,0.0,1.1068151899483205,0.0,6.268876016116197,0.0,1.1827261936142688,6.268876016116197,0.29894544765593745,0.7652156734515513,1.2314858992471651,1.9573725146486785,0.0,7.764269752754795,0.0,0.0,0.0,0,0,0,0,0,0,0,-5.65,2.928523523860541,False,False,False,False,False,False,,,2.6000000000000085,6.0
1756,Inventoro,https://www.crunchbase.com/organization/inventoro,Czech Republic,50.0596288,14.4464593,2020,1.0,True,True,False,False,True,False,False,False,False,True,True,False,False,False,0,2,2,False,False,False,False,2.0,True,1.699982,False,2020-07-03,2022-05-19,Seed,2020,34.0,True,True,False,False,5.5,1.5,False,False,True,True,False,False,False,False,False,False,False,False,2,2,True,True,True,True,True,True,True,True,True,True,True,True,True,True,True,2,2.0,True,True,True,True,True,False,False,False,False,False,False,True,True,124,0,False,121,22,0.1818181818181818,0.1670540846631661,0.0,0.0,0.0,0.0,0.0,0.0,0.0,0.0,0.0,0.0,0.0,0.0,0.0,8.0,4.0,0.2971868065010471,1,0,0,0,1,1,1,-5.65,2.928523523860541,True,False,False,True,True,True,2024-05-02,4.0,2.6000000000000085,6.0
1746,Patron GO,https://www.crunchbase.com/organization/patron-go,Czech Republic,50.08333,14.46667,2020,2.0,False,True,False,False,False,False,False,False,True,True,False,False,False,False,0,5,7,True,False,True,False,2.0,True,4.166055,False,2020-01-20,2024-08-12,Seed,2020,20.77777777777778,True,True,True,True,6.8,1.3,True,False,True,False,True,True,False,False,False,False,False,False,4,1,True,True,False,True,True,True,True,True,True,True,True,True,True,True,True,5,1.0,True,True,False,True,True,True,True,True,False,False,False,True,False,124,0,False,121,23,0.1900826446280991,0.1740227539792594,0.0030043545761005734,1.908966317772297,0.003004354576100555,9.582468229872342,0.003004354576100555,1.4645184794833082,9.582468229872342,0.003004354576100555,3.4645337517837596,6.926063148991418,3.429249820902976,0.0,9.869672774938135,5.0,6.0,0.2879003222371482,1,0,0,0,0,1,0,-5.65,2.928523523860541,False,False,False,False,False,False,,,2.6000000000000085,6.0
7865,YaClass,https://www.crunchbase.com/organization/yaklass,Latvia,56.9222396,23.9726434,2007,2.0,False,False,False,False,False,True,False,False,False,True,False,False,False,False,6,2,4,False,False,False,False,0.0,False,0.34098,True,2013-05-24,2015-04-05,Seed,2013,127.75,False,,True,,4.7,1.2,False,,False,,True,,True,,False,,False,,0,0,False,,False,False,,False,,False,,False,,False,,False,,0,,False,,False,False,,True,True,True,False,False,False,False,False,19,0,False,2,0,0.0,0.0,0.2832932137158386,2.8892049100074457,0.8449286699626054,9.02203363014197,0.8449286699626054,2.8892049100074457,9.02203363014197,0.0,0.0,0.0,4.721466706518739,0.0,9.442933413037476,0.0,0.0,0.0,0,0,0,0,0,0,0,3.16,2.8903717578961645,False,False,False,False,False,False,,,2.0,10.0
7780,Naco Technologies,https://www.crunchbase.com/organization/naco-technologies-ltd,Latvia,56.9222396,23.9726434,2009,3.0,True,False,False,False,True,False,False,False,False,False,False,False,False,True,1,3,3,True,False,False,False,2.0,True,1.394157,False,2010-08-18,2013-03-22,Venture - Series Unknown,2010,38.5,True,True,False,False,2.3,3.5,False,False,False,False,False,False,True,True,True,True,False,False,4,2,True,True,True,True,True,True,True,True,True,True,True,True,True,True,True,4,2.0,True,True,True,False,False,False,False,False,False,False,False,True,True,19,0,False,6,0,0.0,0.0,0.2832932137158386,0.0,0.0,0.0,0.0,0.0,0.0,0.0,0.0,0.0,0.0,0.0,0.0,0.0,0.0,0.0,0,0,0,0,0,0,0,-4.35,2.128231705849268,True,False,True,True,True,True,2015-12-07,6.0,2.0,10.0
7841,BranchTrack,https://www.crunchbase.com/organization/branchtrack,Latvia,56.9222396,23.9726434,2009,3.0,False,False,False,False,True,False,False,False,False,True,False,False,False,True,5,2,3,False,False,False,False,0.0,False,0.277683,True,2014-12-03,2016-03-15,Seed,2014,161.33333333333334,True,,True,,6.5,26.7,False,,True,,True,,False,,True,,False,,1,0,True,,False,True,,True,,True,,True,,True,,True,,1,,True,,False,True,,False,False,False,False,False,False,True,True,19,0,False,6,1,0.1666666666666666,0.1541506798272582,0.2832932137158386,0.6438574619398864,0.0,1.6699018168069766,0.0,0.6438574619398864,1.6699018168069766,0.0,0.0,0.0,1.2187784297626936,0.2616705690126822,1.7247629034684222,6.0,0.0,0.1242772544618494,0,0,0,0,0,0,0,-4.35,3.261935314328648,False,False,False,False,False,False,,,2.0,10.0
7866,HYGEN,https://www.crunchbase.com/organization/hygen,Latvia,56.9222396,23.9726434,2009,2.0,False,False,True,False,True,False,False,False,False,False,False,False,False,False,6,2,5,True,False,False,False,2.0,True,3.5,False,2015-05-05,2019-06-17,Seed,2015,49.8,False,False,True,True,10.2,2.8,True,True,False,False,True,True,False,False,False,False,False,False,0,0,False,False,False,False,False,False,False,False,False,False,False,False,False,False,False,0,0.0,False,False,False,True,False,True,True,True,False,True,False,True,False,19,0,False,6,1,0.1666666666666666,0.1541506798272582,0.2832932137158386,4.457973622405171,1.2835084498710223,6.753667775939925,1.2835084498710223,4.830513905742387,6.753667775939925,1.3432670944888065,3.8991631973993464,6.455059300309887,3.724425555181042,0.004800812959295969,6.488576795307503,0.0,0.0,0.0,0,0,0,0,0,0,0,-4.35,3.039749158970765,False,False,False,False,False,False,,,2.0,10.0
7874,RentMama,https://www.crunchbase.com/organization/rentmama,Latvia,56.9222396,23.9726434,2009,2.0,False,False,False,False,True,False,False,False,False,True,False,False,False,True,1,2,5,False,False,False,False,0.0,False,0.052136,True,2010-07-09,2011-10-11,Seed,2010,222.0,False,,True,,4.2,24.4,False,,True,,True,,False,,True,,False,,0,0,False,,False,False,,False,,False,,False,,False,,False,,0,,False,,False,True,,False,False,False,False,False,False,True,True,19,0,False,6,1,0.1666666666666666,0.1541506798272582,0.2832932137158386,1.5863641167079041,1.3221384488278327,1.6699018168069766,1.3221384488278327,1.5863641167079041,1.6699018168069766,0.0,0.0,0.0,0.27914527433429326,0.0,0.5175367594020396,0.0,0.0,0.0,0,0,0,0,0,0,0,-4.35,2.128231705849268,False,False,False,False,False,False,,,2.0,10.0
7867,Mailigen,https://www.crunchbase.com/organization/mailigen,Latvia,56.9222396,23.9726434,2010,1.0,True,False,False,False,False,True,False,False,False,True,True,False,False,False,4,1,1,False,True,False,True,1.0,True,0.395609,True,2014-07-29,2014-07-29,Seed,2014,25.0,True,True,False,False,1.0,3.0,False,False,False,False,False,False,False,False,True,True,False,False,1,1,True,True,True,True,True,True,True,True,True,True,True,True,True,True,True,1,1.0,True,True,True,False,False,False,False,False,False,False,False,True,True,19,0,False,8,1,0.125,0.1177830356563834,0.2832932137158386,0.0,0.0,0.0,0.0,0.0,0.0,0.0,0.0,0.0,0.0,0.0,0.0,2.0,0.0,0.0402231640645322,0,0,0,0,0,0,0,2.23,3.261935314328648,True,False,False,True,True,True,2020-03-05,10.0,2.0,10.0
7884,MightyFingers,https://www.crunchbase.com/organization/mightyfingers,Latvia,56.9222396,23.9726434,2011,1.0,False,False,False,False,False,False,False,False,False,True,True,False,False,False,1,1,1,False,True,False,False,0.0,False,0.0,True,2012-04-19,2012-04-19,Seed,2012,423.0,False,,True,,5.0,74.0,False,,True,,True,,False,,True,,False,,0,0,False,,False,False,,False,,False,,False,,False,,False,,0,,False,,False,True,,False,False,False,False,False,False,True,True,19,0,False,9,2,0.2222222222222222,0.2006706954621511,0.2832932137158386,1.6699018168069766,1.6699018168069766,1.6699018168069766,1.6699018168069766,1.6699018168069766,1.6699018168069766,0.0,0.0,0.0,0.0,0.0,0.0,0.0,0.0,0.0,0,0,0,0,0,0,0,1.9,2.747270914255491,False,False,False,False,False,False,,,2.0,10.0
7857,Fabula,https://www.crunchbase.com/organization/fabula,Latvia,56.9222396,23.9726434,2012,1.0,False,False,False,False,False,True,False,False,False,True,True,False,False,False,2,2,2,False,False,False,False,0.0,False,0.316671,True,2014-05-22,2015-08-28,Seed,2014,63.0,True,,True,,4.0,8.0,False,,False,,False,,False,,True,,False,,1,0,True,,False,True,,True,,True,,True,,True,,True,,1,,True,,False,True,,False,False,False,False,False,False,True,True,19,0,False,12,3,0.25,0.2231435513142097,0.2832932137158386,0.18283358413326464,0.0,0.3656671682665293,0.0,0.18283358413326464,0.3656671682665293,0.0,0.0,0.0,0.3656671682665293,0.3656671682665293,0.3656671682665293,1.0,0.0,0.0,0,0,0,0,0,0,0,-0.7,3.261935314328648,False,False,False,False,False,False,,,2.0,10.0
7863,Infogram,https://www.crunchbase.com/organization/infogram,Latvia,56.9222396,23.9726434,2012,3.0,True,False,False,False,True,False,False,False,False,True,False,False,False,False,0,2,3,True,False,False,False,2.0,True,2.066348,False,2012-03-01,2014-02-13,Seed,2012,50.5,False,False,True,True,3.2,12.5,False,False,False,False,False,False,True,False,False,False,False,False,0,0,False,False,False,False,False,False,False,False,False,False,False,False,False,False,False,0,0.0,False,False,False,True,True,True,True,True,False,True,False,True,False,19,0,False,12,2,0.1666666666666666,0.1541506798272582,0.2832932137158386,3.0123011782233426,0.8362828958470448,9.293476911101619,0.959722452972352,0.959722452972352,0.959722452972352,0.8362828958470448,5.064879903474333,9.293476911101619,4.66189498969147,0.0,9.310025904967146,0.0,0.0,0.0,0,0,0,0,0,0,0,-0.7,2.747270914255491,True,False,False,True,True,True,2017-05-16,5.0,2.0,10.0
7879,Prakse,https://www.crunchbase.com/organization/sia-prakse-lv,Latvia,56.9222396,23.9726434,2012,1.0,False,False,False,False,True,False,False,False,False,False,False,False,False,True,2,1,1,False,True,False,True,1.0,True,0.248122,True,2014-12-11,2014-12-11,Seed,2014,25.0,True,True,False,False,1.0,3.0,False,False,False,False,False,False,False,False,True,True,False,False,1,1,True,True,True,True,True,True,True,True,True,True,True,True,True,True,True,1,1.0,True,True,True,False,False,False,False,False,False,False,False,True,True,19,0,False,12,3,0.25,0.2231435513142097,0.2832932137158386,0.0,0.0,0.0,0.0,0.0,0.0,0.0,0.0,0.0,0.0,0.0,0.0,2.0,0.0,0.0402231640645322,0,0,0,0,0,0,0,-0.7,3.261935314328648,False,False,False,False,False,False,,,2.0,10.0
7890,Square Audio,https://www.crunchbase.com/organization/square-audio,Latvia,57.5389148,25.4261688,2012,2.0,True,False,False,False,True,True,False,False,False,True,True,False,False,False,2,1,1,False,True,True,True,1.0,True,0.062365,True,2014-12-01,2014-12-01,Pre-Seed,2014,28.0,False,False,True,True,9.0,1.0,False,False,False,False,False,False,False,False,False,False,False,False,0,0,False,False,False,False,False,False,False,False,False,False,False,False,False,False,False,1,1.0,True,True,True,False,False,False,False,False,False,False,False,True,True,0,0,False,0,0,0.0,0.0,0.2147548315284602,0.11114859131175972,0.11114859131175972,0.11114859131175972,0.0,0.0,0.0,0.11114859131175972,0.11114859131175972,0.11114859131175972,0.0,0.0,0.0,0.0,0.0,0.0,0,0,0,0,1,1,1,-0.7,3.261935314328648,False,False,False,False,False,False,,,0.0,0.0
7786,Airdog,https://www.crunchbase.com/organization/helico-aerospace-industries,Latvia,56.9222396,23.9726434,2013,3.0,True,False,False,False,True,True,False,False,False,True,False,False,False,False,2,1,18,True,False,False,False,1.0,True,2.499329,False,2015-03-19,2015-03-19,Series A,2015,42.666666666666664,True,False,True,True,5.4,10.7,False,False,True,False,False,False,True,True,True,False,False,False,3,0,True,False,False,True,False,True,False,True,False,True,False,True,False,True,False,3,0.0,True,False,False,False,False,True,True,True,False,False,False,True,False,19,0,False,13,3,0.2307692307692307,0.2076393647782444,0.2832932137158386,8.373624987886862,0.0,15.32632839784665,0.0,8.402699937393233,15.32632839784665,7.8793508462785775,7.8793508462785775,7.8793508462785775,6.914966852307607,0.0,15.571682551053147,7.0,3.0,0.2649856701138789,1,0,0,0,1,1,0,-0.08,3.039749158970765,True,False,True,True,True,True,2020-03-15,7.0,2.0,10.0
7891,Practican,https://www.crunchbase.com/organization/practican,Latvia,56.9222396,23.9726434,2014,1.0,False,False,False,False,True,True,False,False,False,False,False,False,False,False,0,1,1,False,True,True,True,1.0,True,0.068465,True,2014-06-30,2014-06-30,Pre-Seed,2014,25.0,True,True,False,False,1.0,3.0,False,False,False,False,False,False,False,False,True,True,False,False,1,1,True,True,True,True,True,True,True,True,True,True,True,True,True,True,True,1,1.0,True,True,True,False,False,False,False,False,False,False,False,True,True,19,0,False,20,4,0.2,0.1823215567939546,0.2832932137158386,0.0,0.0,0.0,0.0,0.0,0.0,0.0,0.0,0.0,0.0,0.0,0.0,2.0,0.0,0.0402231640645322,0,0,0,0,0,0,0,1.6,3.261935314328648,False,False,False,False,False,False,,,2.0,10.0
7883,Art Fairs Service,https://www.crunchbase.com/organization/art-fairs-service,Latvia,56.9222396,23.9726434,2014,1.0,False,False,False,False,False,True,False,False,False,False,True,False,True,False,0,1,1,False,True,False,True,1.0,True,0.27471,True,2014-03-03,2014-03-03,Seed,2014,28.0,True,True,False,False,9.0,1.0,False,False,False,False,False,False,False,False,False,False,False,False,1,1,True,True,True,True,True,True,True,True,True,True,True,True,True,True,True,1,1.0,True,True,True,False,False,False,False,False,False,False,False,True,True,19,0,False,20,4,0.2,0.1823215567939546,0.2832932137158386,0.0,0.0,0.0,0.0,0.0,0.0,0.0,0.0,0.0,0.0,0.0,0.0,1.0,0.0,0.0,0,0,0,0,0,0,0,1.6,3.261935314328648,False,False,False,False,False,False,,,2.0,10.0
7877,"Packaged Ice, SIA",https://www.crunchbase.com/organization/packaged-ice-sia,Latvia,57.3883833,21.5271981,2014,1.0,True,False,False,False,True,False,True,False,False,False,False,False,False,False,1,1,1,False,True,False,True,1.0,True,0.24092,True,2015-01-01,2015-01-01,Seed,2015,38.0,False,False,True,True,0.0,1.0,False,False,False,False,False,False,False,False,False,False,False,False,0,0,False,False,False,False,False,False,False,False,False,False,False,False,False,False,False,1,1.0,True,True,True,False,False,False,False,False,False,False,False,True,True,0,0,False,0,0,0.0,0.0,0.2949291359644556,0.15631287401578337,0.15631287401578337,0.15631287401578337,0.0,0.0,0.0,0.15631287401578337,0.15631287401578337,0.15631287401578337,0.0,0.0,0.0,0.0,0.0,0.0,0,0,0,0,1,1,1,1.6,3.039749158970765,False,False,False,False,False,False,,,0.0,0.0
7873,RCG Lighthouse,https://www.crunchbase.com/organization/rcg-lighthouse,Latvia,56.9222396,23.9726434,2014,1.0,True,False,True,False,False,False,False,False,False,True,False,False,False,True,1,1,1,False,True,False,True,1.0,True,0.573592,False,2015-02-03,2015-02-03,Private Equity,2015,25.0,True,True,False,False,2.0,3.0,False,False,False,False,False,False,False,False,True,True,False,False,1,1,True,True,True,True,True,True,True,True,True,True,True,True,True,True,True,1,1.0,True,True,True,False,False,False,False,False,False,False,False,True,True,19,0,False,20,4,0.2,0.1823215567939546,0.2832932137158386,0.0,0.0,0.0,0.0,0.0,0.0,0.0,0.0,0.0,0.0,0.0,0.0,4.0,17.0,0.3566513555782426,1,0,0,1,1,1,0,1.6,3.039749158970765,False,False,True,False,True,True,,,2.0,10.0
7849,Edurio,https://www.crunchbase.com/organization/edurio,Latvia,56.9222396,23.9726434,2014,3.0,True,False,False,False,False,True,False,False,False,True,False,False,False,True,1,2,5,True,False,False,False,1.0,True,0.822812,False,2015-07-15,2020-02-12,Seed,2015,39.2,True,False,True,True,7.2,3.2,True,False,True,True,False,False,False,False,True,False,False,False,2,0,True,False,False,True,False,True,False,True,False,True,False,True,False,True,False,2,0.0,True,False,False,True,False,True,True,True,False,False,False,True,False,19,0,False,20,4,0.2,0.1823215567939546,0.2832932137158386,2.181207673301776,0.0,8.97446598068922,0.0,2.66109194937405,8.97446598068922,0.2616705690126822,0.2616705690126822,0.2616705690126822,4.116744051702493,0.0,9.228854651755622,3.0,18.0,0.3394861198838463,1,0,0,1,1,1,0,1.6,3.039749158970765,False,False,False,False,False,False,,,2.0,10.0
7848,Purified,https://www.crunchbase.com/organization/purified,Latvia,57.0623734,22.895926,2014,1.0,False,False,False,False,False,False,True,True,False,False,False,False,False,False,3,1,1,False,True,False,False,0.0,False,0.263809,True,2017-01-10,2017-01-10,Seed,2017,25.0,True,,False,,4.0,3.0,False,,False,,False,,False,,True,,False,,0,0,False,,False,True,,True,,False,,False,,False,,False,,1,,True,,True,False,,False,False,False,False,False,False,True,True,0,0,False,0,0,0.0,0.0,0.28535642146031576,0.06705545817414807,0.06705545817414807,0.06705545817414807,0.06705545817414807,0.06705545817414807,0.06705545817414807,0.0,0.0,0.0,0.0,0.0,0.0,0.0,0.0,0.0,0,0,0,0,1,1,1,1.6,2.272125885509337,False,False,False,False,False,False,,,0.0,0.0
7808,Anatomy Next,https://www.crunchbase.com/organization/anatomynext,Latvia,56.9222396,23.9726434,2015,1.0,True,False,False,False,False,True,False,False,False,True,False,False,False,True,1,2,2,False,False,True,False,2.0,True,0.317843,True,2016-11-29,2017-01-11,Seed,2016,253.5,True,True,True,True,5.5,9.5,False,False,True,True,True,True,False,False,True,True,False,False,1,1,True,True,False,True,True,True,True,True,True,True,True,True,True,True,True,1,1.0,True,True,False,True,True,False,False,False,False,False,False,True,True,19,0,False,25,4,0.16,0.1484200051182732,0.2832932137158386,0.14164660685791908,0.0,0.28329321371583815,0.0,0.0,0.0,0.0,0.14164660685791908,0.28329321371583815,0.28329321371583815,0.28329321371583815,0.28329321371583815,7.0,1.0,0.2012547881991394,1,0,0,0,0,0,0,2.31,2.8903717578961645,False,False,False,False,False,False,,,2.0,10.0
7835,Toneboard,https://www.crunchbase.com/organization/toneboard,Latvia,56.9222396,23.9726434,2015,2.0,False,False,False,False,False,False,False,True,False,True,False,False,False,False,2,1,1,False,True,False,True,1.0,True,0.12,True,2017-07-17,2017-07-17,Seed,2017,0.0,False,False,True,True,11.0,545.0,False,False,True,True,True,True,False,False,False,False,False,False,0,0,False,False,False,False,False,False,False,False,False,False,False,False,False,False,False,0,0.0,False,False,False,False,False,True,True,True,True,False,False,False,False,19,0,False,25,4,0.16,0.1484200051182732,0.2832932137158386,8.23696486752183,8.23696486752183,8.23696486752183,0.0,0.0,0.0,8.23696486752183,8.23696486752183,8.23696486752183,0.0,0.0,0.0,0.0,0.0,0.0,0,0,0,0,0,0,0,2.31,2.272125885509337,False,False,False,False,False,False,,,2.0,10.0
7850,Captomatic,https://www.crunchbase.com/organization/captomatic,Latvia,56.9222396,23.9726434,2015,1.0,False,False,False,False,True,False,False,False,False,True,True,False,False,False,1,1,1,False,True,True,True,1.0,True,0.02,True,2016-10-18,2016-10-18,Pre-Seed,2016,38.0,True,True,False,False,0.0,1.0,False,False,False,False,False,False,False,False,False,False,False,False,1,1,True,True,True,True,True,True,True,True,True,True,True,True,True,True,True,1,1.0,True,True,True,False,False,False,False,False,False,False,False,True,True,19,0,False,25,4,0.16,0.1484200051182732,0.2832932137158386,0.0,0.0,0.0,0.0,0.0,0.0,0.0,0.0,0.0,0.0,0.0,0.0,1.0,0.0,0.0,0,0,0,0,0,0,0,2.31,2.8903717578961645,False,False,False,False,False,False,,,2.0,10.0
7876,iDiscount,https://www.crunchbase.com/organization/idiscount,Latvia,56.9222396,23.9726434,2015,1.0,True,False,False,False,False,True,False,False,False,True,True,False,False,False,2,1,1,False,True,True,False,0.0,False,0.02,True,2017-09-19,2017-09-19,Pre-Seed,2017,448.0,False,,True,,5.0,13.0,False,,True,,True,,False,,False,,False,,0,0,False,,False,False,,False,,False,,False,,False,,False,,0,,False,,False,True,,False,False,False,False,False,False,True,True,19,0,False,25,4,0.16,0.1484200051182732,0.2832932137158386,0.28329321371583815,0.28329321371583815,0.28329321371583815,0.28329321371583815,0.28329321371583815,0.28329321371583815,0.0,0.0,0.0,0.0,0.0,0.0,3.0,2.0,0.1697730111149502,1,0,0,0,0,1,0,2.31,2.272125885509337,False,False,False,False,False,False,,,2.0,10.0
7844,Dripit.io,https://www.crunchbase.com/organization/dripit-io,Latvia,56.9222396,23.9726434,2015,3.0,True,False,False,False,False,False,False,False,False,True,True,False,False,False,1,1,1,False,True,True,True,1.0,True,0.113661,True,2016-06-03,2016-06-03,Pre-Seed,2016,53.0,False,False,True,True,1.0,3.0,False,False,True,True,False,False,False,False,False,False,False,False,0,0,False,False,False,False,False,False,False,False,False,False,False,False,False,False,False,0,0.0,False,False,False,True,True,False,False,False,False,False,False,True,True,19,0,False,25,4,0.16,0.1484200051182732,0.2832932137158386,0.3656671682665293,0.3656671682665293,0.3656671682665293,0.0,0.0,0.0,0.3656671682665293,0.3656671682665293,0.3656671682665293,0.0,0.0,0.0,0.0,0.0,0.0,0,0,0,0,0,0,0,2.31,2.8903717578961645,False,False,False,False,False,False,,,2.0,10.0
7860,RelaxID,https://www.crunchbase.com/organization/relaxid,Latvia,56.9222396,23.9726434,2016,2.0,False,False,False,False,False,True,False,False,False,False,False,False,False,False,3,1,1,False,True,True,False,0.0,False,0.05,True,2019-10-08,2019-10-08,Pre-Seed,2019,448.0,False,,True,,7.0,13.0,False,,True,,True,,False,,False,,False,,0,0,False,,False,False,,False,,False,,False,,False,,False,,0,,False,,False,True,,False,False,False,False,False,False,True,True,19,0,False,33,5,0.1515151515151515,0.1410785982599055,0.2832932137158386,0.28329321371583815,0.28329321371583815,0.28329321371583815,0.28329321371583815,0.28329321371583815,0.28329321371583815,0.0,0.0,0.0,0.0,0.0,0.0,11.0,1.0,0.2414779522636717,1,0,0,0,0,0,1,1.97,3.616308761279101,False,False,False,False,False,False,,,2.0,10.0
7821,CastPrint,https://www.crunchbase.com/organization/castprint,Latvia,56.9222396,23.9726434,2016,3.0,True,False,False,False,False,True,False,True,False,False,False,False,False,False,1,3,2,True,False,True,False,1.0,True,0.111205,True,2017-09-19,2020-05-21,Seed,2017,174.66666666666666,True,True,True,False,6.0,5.0,True,True,True,False,True,False,False,False,False,False,False,False,2,2,True,True,False,True,True,True,True,True,True,True,True,True,True,True,True,2,2.0,True,True,False,True,False,False,False,False,False,False,False,True,True,19,0,False,33,5,0.1515151515151515,0.1410785982599055,0.2832932137158386,0.09443107123861272,0.0,0.28329321371583815,0.28329321371583815,0.28329321371583815,0.28329321371583815,0.0,0.0,0.0,0.18886214247722544,0.0,0.28329321371583815,13.0,5.0,0.3577811474915392,1,0,0,0,1,1,1,1.97,2.272125885509337,False,False,False,False,False,False,,,2.0,10.0
7814,OROCON,https://www.crunchbase.com/organization/orocon,Latvia,56.9222396,23.9726434,2016,2.0,True,False,False,False,True,False,False,False,False,True,False,False,True,False,1,5,3,True,False,True,False,1.0,True,0.207916,True,2017-06-01,2020-09-07,Seed,2017,282.2,True,False,True,True,5.6,9.0,False,False,True,True,True,True,True,False,True,False,False,False,2,0,True,False,False,True,False,True,False,True,False,True,False,True,False,True,False,2,0.0,True,False,False,True,True,False,False,False,False,False,False,True,True,19,0,False,33,5,0.1515151515151515,0.1410785982599055,0.2832932137158386,0.16997592822950286,0.0,0.28329321371583815,0.0,0.14164660685791908,0.28329321371583815,0.28329321371583815,0.28329321371583815,0.28329321371583815,0.16997592822950286,0.0,0.28329321371583815,20.0,9.0,0.4449717788131038,1,0,0,0,1,1,1,1.97,2.272125885509337,False,False,False,False,False,False,,,2.0,10.0
7789,Nordigen,https://www.crunchbase.com/organization/nordigen,Latvia,56.9222396,23.9726434,2016,2.0,True,False,False,False,False,False,False,False,True,False,False,False,False,False,0,4,13,True,False,False,False,4.0,True,4.156787,False,2016-05-31,2021-06-02,Seed,2016,60.666666666666664,True,False,True,True,6.2,9.3,False,False,True,True,True,True,False,False,True,True,False,False,1,0,True,False,False,True,False,True,False,True,False,True,False,True,False,True,False,1,0.0,True,False,False,True,True,False,False,False,False,True,False,True,True,19,0,False,33,4,0.1212121212121212,0.1144103511777442,0.2832932137158386,0.7261206493518441,0.0,1.694781896726956,0.0,0.7443513834245207,1.694781896726956,0.28329321371583815,0.6896591812064906,1.6699018168069766,0.9461638318359132,0.0,1.9091643350179708,6.0,1.0,0.1880081363765889,1,0,0,0,0,0,0,1.97,2.8903717578961645,True,False,False,True,True,True,2022-07-01,6.0,2.0,10.0
7784,CENOS,https://www.crunchbase.com/organization/cenos,Latvia,56.9222396,23.9726434,2017,3.0,True,False,False,False,True,False,False,False,False,True,False,False,False,False,0,6,22,True,False,True,False,3.0,True,1.768578,False,2017-03-20,2022-02-01,Angel,2017,65.14285714285714,True,True,True,True,9.2,15.8,False,False,True,True,True,True,True,True,True,True,False,False,1,1,True,True,False,True,True,True,True,True,True,True,True,True,True,True,True,1,1.0,True,True,False,True,True,True,True,True,False,False,False,True,False,19,0,False,42,6,0.1428571428571428,0.1335313926245225,0.2832932137158386,1.905742619829296,0.0,9.02203363014197,0.2616705690126822,1.741938488307925,7.650718723526751,0.0,2.397155014393411,9.02203363014197,2.932597882618835,0.0,9.281477283437598,14.0,4.0,0.3478620001545173,1,0,0,0,1,1,1,2.84,2.272125885509337,False,False,False,False,False,False,,,2.0,10.0
7816,AgroPlatforma,https://www.crunchbase.com/organization/agroplatforma,Latvia,56.6406585,23.7321516,2017,1.0,True,False,False,False,False,False,True,False,False,False,False,False,False,False,2,3,2,True,False,True,False,1.0,True,0.084074,True,2019-04-02,2020-04-27,Seed,2019,353.0,False,False,True,True,6.5,10.2,False,False,True,True,True,True,False,False,False,False,False,False,0,0,False,False,False,False,False,False,False,False,False,False,False,False,False,False,False,0,0.0,False,False,False,True,True,True,True,True,False,False,False,True,False,19,0,False,4,0,0.0,0.0,0.3166203665538694,2.0345345415564458,0.31662036655386894,7.188277066564177,0.31662036655386894,2.6071725998906383,7.188277066564177,0.31662036655386894,0.31662036655386894,0.31662036655386894,3.5133177871101564,0.0,7.026635574220314,11.0,6.0,0.3566622753793482,1,0,0,0,1,1,1,2.84,3.616308761279101,False,False,False,False,False,False,,,6.0,11.0
7840,TRACUZ,https://www.crunchbase.com/organization/tracuz,Latvia,56.9222396,23.9726434,2017,3.0,True,False,False,False,True,False,False,False,False,True,False,False,False,False,3,1,1,False,True,True,True,1.0,True,0.044481,True,2020-06-12,2020-06-12,Pre-Seed,2020,38.0,True,True,False,False,7.0,1.0,True,True,False,False,False,False,False,False,False,False,False,False,1,1,True,True,True,True,True,True,True,True,True,True,True,True,True,True,True,1,1.0,True,True,True,False,False,False,False,False,False,False,False,True,True,19,0,False,42,6,0.1428571428571428,0.1335313926245225,0.2832932137158386,0.0,0.0,0.0,0.0,0.0,0.0,0.0,0.0,0.0,0.0,0.0,0.0,10.0,1.0,0.2328462036319224,1,0,0,0,0,0,1,2.84,3.845883202923601,False,False,False,False,False,False,,,2.0,10.0
7829,SpacePass,https://www.crunchbase.com/organization/spacepass,Latvia,56.9222396,23.9726434,2017,2.0,True,False,False,False,False,True,False,False,False,True,True,False,True,False,0,1,1,False,True,False,True,1.0,True,0.6,False,2017-03-06,2017-03-06,Seed,2017,10.0,False,False,True,True,0.0,3.0,False,False,False,False,False,False,False,False,False,False,False,False,0,0,False,False,False,False,False,False,False,False,False,False,False,False,False,False,False,0,0.0,False,False,False,True,True,False,False,False,False,True,True,True,True,19,0,False,42,6,0.1428571428571428,0.1335313926245225,0.2832932137158386,0.8362828958470448,0.8362828958470448,0.8362828958470448,0.0,0.0,0.0,0.8362828958470448,0.8362828958470448,0.8362828958470448,0.0,0.0,0.0,0.0,0.0,0.0,0,0,0,0,0,0,0,2.84,2.272125885509337,False,False,False,False,False,False,,,2.0,10.0
7868,SIZZAPP,https://www.crunchbase.com/organization/sizzapp,Latvia,56.9222396,23.9726434,2017,2.0,True,False,False,False,True,False,False,False,False,True,False,False,False,False,3,1,1,False,True,False,False,0.0,False,0.0,True,2020-10-14,2020-10-14,Seed,2020,8.0,True,,False,,0.0,0.0,False,,False,,False,,True,,True,,False,,1,0,True,,True,True,,True,,True,,True,,True,,True,,1,,True,,True,False,,False,False,False,False,False,False,True,True,19,0,False,42,6,0.1428571428571428,0.1335313926245225,0.2832932137158386,0.0,0.0,0.0,0.0,0.0,0.0,0.0,0.0,0.0,0.0,0.0,0.0,2.0,1.0,0.1039540459792718,0,0,0,0,0,0,0,2.84,3.845883202923601,False,False,False,False,False,False,,,2.0,10.0
7875,Drone Pilot,https://www.crunchbase.com/organization/drone-pilot-7989,Latvia,56.9222396,23.9726434,2017,1.0,False,False,False,False,True,True,False,False,False,True,False,False,False,False,1,1,1,False,True,True,False,0.0,False,0.0,True,2018-10-17,2018-10-17,Pre-Seed,2018,448.0,False,,True,,6.0,13.0,False,,True,,True,,False,,False,,False,,0,0,False,,False,False,,False,,False,,False,,False,,False,,0,,False,,False,True,,False,False,False,False,False,False,True,True,19,0,False,42,6,0.1428571428571428,0.1335313926245225,0.2832932137158386,0.28329321371583815,0.28329321371583815,0.28329321371583815,0.28329321371583815,0.28329321371583815,0.28329321371583815,0.0,0.0,0.0,0.0,0.0,0.0,7.0,3.0,0.2649856701138789,1,0,0,0,1,1,0,2.84,3.66612246699132,False,False,False,False,False,False,,,2.0,10.0
7791,Solfeg.io,https://www.crunchbase.com/organization/solfeg-io,Latvia,56.9222396,23.9726434,2017,2.0,False,False,False,False,False,True,False,False,False,True,True,False,False,False,3,3,3,True,False,True,False,1.0,True,1.024325,False,2020-04-01,2021-09-30,Pre-Seed,2020,34.666666666666664,False,False,True,True,5.0,4.7,True,False,True,True,True,False,False,False,False,False,False,False,0,0,False,False,False,False,False,False,False,False,False,False,False,False,False,False,False,0,0.0,False,False,False,False,False,True,True,True,False,False,False,True,False,19,0,False,42,6,0.1428571428571428,0.1335313926245225,0.2832932137158386,3.3583649346612843,0.2616705690126822,6.455059300309887,6.455059300309887,6.455059300309887,6.455059300309887,0.2616705690126822,0.2616705690126822,0.2616705690126822,6.652769053824126,6.652769053824126,6.652769053824126,0.0,0.0,0.0,0,0,0,0,0,0,0,2.84,3.845883202923601,False,False,False,False,False,False,,,2.0,10.0
7837,Motivio,https://www.crunchbase.com/organization/motivio,Latvia,56.9222396,23.9726434,2017,1.0,True,False,False,False,True,False,False,False,False,True,False,False,False,False,1,2,2,False,False,True,False,1.0,True,0.115791,True,2018-06-05,2018-06-05,Pre-Seed,2018,224.5,False,False,True,True,6.0,6.5,False,False,True,False,True,False,False,False,False,False,False,False,0,0,False,False,False,False,False,False,False,False,False,False,False,False,False,False,False,0,0.0,False,False,False,True,False,False,False,False,False,False,False,True,True,19,0,False,42,6,0.1428571428571428,0.1335313926245225,0.2832932137158386,0.28329321371583815,0.28329321371583815,0.28329321371583815,0.28329321371583815,0.28329321371583815,0.28329321371583815,0.0,0.0,0.0,0.0,0.0,0.0,7.0,3.0,0.2649856701138789,1,0,0,0,1,1,0,2.84,3.66612246699132,False,False,False,False,False,False,,,2.0,10.0
7810,Alternative Plants,https://www.crunchbase.com/organization/alternative-plants,Latvia,56.9222396,23.9726434,2017,2.0,False,False,False,False,True,True,True,True,False,False,False,True,False,False,0,3,3,True,False,True,False,1.0,True,0.593619,False,2017-04-03,2022-05-27,Seed,2017,49.333333333333336,True,False,True,True,13.2,33.2,True,True,True,True,True,True,False,False,False,False,False,False,2,0,True,False,False,True,False,True,False,True,False,True,False,True,False,True,False,2,0.0,True,False,False,True,False,True,True,True,False,False,False,True,False,19,0,False,42,6,0.1428571428571428,0.1335313926245225,0.2832932137158386,3.060871131557137,0.0,6.817226920489354,0.0,2.1217821843240827,6.817226920489354,6.817226920489354,6.817226920489354,6.817226920489354,4.188497961177787,0.0,6.817226920489354,10.0,1.0,0.2328462036319224,1,0,0,0,0,0,1,2.84,2.272125885509337,False,False,False,False,False,False,,,2.0,10.0
7806,Smart Vision,https://www.crunchbase.com/organization/smart-vision-5bc5,Latvia,56.9222396,23.9726434,2018,1.0,False,False,False,False,True,True,False,False,False,False,False,False,False,False,0,4,1,True,True,False,True,1.0,True,3.575527,False,2018-09-01,2021-07-07,Seed,2018,16.0,False,False,True,True,2.8,4.0,False,False,False,False,False,False,False,False,False,False,False,False,0,0,False,False,False,False,False,False,False,False,False,False,False,False,False,False,False,0,0.0,False,False,False,False,False,False,False,False,False,False,False,True,True,19,0,False,52,6,0.1153846153846153,0.1091992919649919,0.2832932137158386,0.2616705690126822,0.2616705690126822,0.2616705690126822,0.2616705690126822,0.2616705690126822,0.2616705690126822,0.2616705690126822,0.2616705690126822,0.2616705690126822,0.0,0.0,0.0,0.0,0.0,0.0,0,0,0,0,0,0,0,2.07,3.66612246699132,False,False,False,False,False,False,,,2.0,10.0
7805,BeTRITON,https://www.crunchbase.com/organization/zeltini,Latvia,57.5389148,25.4261688,2018,1.0,False,False,False,False,True,False,False,False,False,False,False,False,False,False,2,2,4,False,False,True,False,0.0,False,0.315988,True,2020-07-15,2022-04-01,Equity Crowdfunding,2020,31.166666666666668,False,,True,,8.0,3.0,False,,False,,False,,False,,False,,False,,0,0,False,,False,False,,False,,False,,False,,False,,False,,0,,False,,False,True,,True,True,False,False,False,False,True,False,0,0,False,1,0,0.0,0.0,0.2147548315284602,5.393584864622312,0.21475483152846045,7.9829998811692375,0.21475483152846045,5.393584864622312,7.9829998811692375,0.0,0.0,0.0,5.254319404199934,0.0,7.881479106299901,0.0,0.0,0.0,0,0,0,0,1,1,1,2.07,3.845883202923601,False,False,False,False,False,False,,,0.0,0.0
7796,asya.ai,https://www.crunchbase.com/organization/asya,Latvia,56.9222396,23.9726434,2018,2.0,True,False,False,False,True,False,False,False,False,True,True,False,False,False,0,5,5,True,False,True,False,5.0,True,0.521762,False,2018-10-01,2022-01-01,Pre-Seed,2018,30.0,True,True,True,True,30.2,1.8,True,True,True,True,False,False,True,True,True,True,False,False,4,3,True,True,False,True,True,True,True,True,True,True,True,True,True,True,True,4,3.0,True,True,False,True,True,False,False,False,False,True,False,True,True,19,0,False,52,6,0.1153846153846153,0.1091992919649919,0.2832932137158386,0.22986443598859657,0.0,1.0958934022157412,0.0,0.0,0.0,0.0,0.2758373231863159,1.0958934022157412,0.4586356795097197,0.0,1.3627887289194778,11.0,1.0,0.2414779522636717,1,0,0,0,0,0,1,2.07,3.66612246699132,False,False,False,False,False,False,,,2.0,10.0
7794,F3,https://www.crunchbase.com/organization/f3,Latvia,56.9222396,23.9726434,2018,3.0,False,False,False,False,False,False,False,False,False,True,True,False,False,False,2,1,5,True,False,False,False,1.0,True,3.9,False,2020-11-25,2020-11-25,Seed,2020,11.6,False,False,True,True,13.7,2.2,False,False,False,False,False,False,False,False,False,False,False,False,0,0,False,False,False,False,False,False,False,False,False,False,False,False,False,False,False,0,0.0,False,False,False,True,False,True,True,True,False,False,False,True,False,19,0,False,52,6,0.1153846153846153,0.1091992919649919,0.2832932137158386,3.642869397167435,0.8449286699626054,9.293476911101619,1.3221384488278327,4.342354578968643,9.293476911101619,0.8449286699626054,0.8449286699626054,0.8449286699626054,6.145708903761746,2.1427247936596583,11.807518675175375,0.0,0.0,0.0,0,0,0,0,0,0,0,2.07,3.845883202923601,False,False,False,False,False,False,,,2.0,10.0
7787,Catalyco,https://www.crunchbase.com/organization/catalyco,Latvia,56.9222396,23.9726434,2018,2.0,True,False,False,False,True,False,False,False,False,False,False,False,False,False,0,4,3,True,False,True,False,1.0,True,1.608959,False,2018-01-04,2024-01-12,Seed,2018,41.0,True,False,True,True,11.7,1.8,True,True,False,False,True,True,False,False,False,False,False,False,2,0,True,False,False,True,False,True,False,True,False,True,False,True,False,True,False,2,0.0,True,False,False,False,False,False,False,False,False,False,False,True,True,19,0,False,52,6,0.1153846153846153,0.1091992919649919,0.2832932137158386,0.44775569816293553,0.0,1.3432670944888065,0.0,0.0,0.0,1.3432670944888065,1.3432670944888065,1.3432670944888065,0.8955113963258711,0.0,1.3432670944888065,2.0,0.0,0.0402231640645322,0,0,0,0,0,0,0,2.07,3.66612246699132,False,False,False,False,False,False,,,2.0,10.0
7783,FIXAR,https://www.crunchbase.com/organization/fixar,Latvia,56.9222396,23.9726434,2018,1.0,True,False,False,False,True,True,False,False,False,True,False,False,False,False,0,3,3,True,False,True,False,1.0,True,2.7,False,2018-12-01,2022-01-12,Seed,2018,19.0,False,False,True,True,2.7,1.7,False,False,False,False,False,False,True,False,False,False,False,False,0,0,False,False,False,False,False,False,False,False,False,False,False,False,False,False,False,0,0.0,False,False,False,True,True,True,True,False,False,False,False,True,False,19,0,False,52,6,0.1153846153846153,0.1091992919649919,0.2832932137158386,3.4427395980163054,1.6699018168069766,4.32915848862097,4.32915848862097,4.32915848862097,4.32915848862097,1.6699018168069766,1.6699018168069766,1.6699018168069766,3.6528423434727753,0.0,5.479263515209163,0.0,0.0,0.0,0,0,0,0,0,0,0,2.07,3.66612246699132,False,False,False,False,False,False,,,2.0,10.0
7842,Lahdes,https://www.crunchbase.com/organization/lahdes,Latvia,56.9222396,23.9726434,2018,2.0,True,False,False,False,False,False,False,False,False,True,False,False,False,False,1,1,1,False,True,True,False,0.0,False,0.04,True,2019-01-17,2019-01-17,Pre-Seed,2019,448.0,False,,True,,7.0,13.0,False,,True,,True,,False,,False,,False,,0,0,False,,False,False,,False,,False,,False,,False,,False,,0,,False,,False,True,,False,False,False,False,False,False,True,True,19,0,False,52,6,0.1153846153846153,0.1091992919649919,0.2832932137158386,0.28329321371583815,0.28329321371583815,0.28329321371583815,0.28329321371583815,0.28329321371583815,0.28329321371583815,0.0,0.0,0.0,0.0,0.0,0.0,11.0,1.0,0.2414779522636717,1,0,0,0,0,0,1,2.07,3.616308761279101,False,False,False,False,False,False,,,2.0,10.0
7833,FabControl,https://www.crunchbase.com/organization/fabcontrol,Latvia,56.9222396,23.9726434,2018,1.0,True,False,False,False,True,False,False,False,False,True,False,False,False,False,0,2,1,True,True,True,True,1.0,True,0.179287,True,2018-10-04,2019-08-06,Seed,2018,29.0,True,True,False,False,0.5,2.0,False,False,False,False,True,True,True,True,False,False,False,False,2,1,True,True,True,True,True,True,True,True,True,True,True,True,True,True,True,2,1.0,True,True,True,False,False,False,False,False,False,False,False,True,True,19,0,False,52,6,0.1153846153846153,0.1091992919649919,0.2832932137158386,0.0,0.0,0.0,0.0,0.0,0.0,0.0,0.0,0.0,0.0,0.0,0.0,2.0,0.0,0.0402231640645322,0,0,0,0,0,0,0,2.07,3.66612246699132,False,False,False,False,False,False,,,2.0,10.0
7830,Partly,https://www.crunchbase.com/organization/partly,Latvia,56.9222396,23.9726434,2018,2.0,False,False,False,False,False,False,False,False,False,True,False,False,True,True,0,1,1,False,True,True,False,0.0,False,0.022693,True,2018-10-30,2018-10-30,Pre-Seed,2018,448.0,False,,True,,6.0,13.0,False,,True,,True,,False,,False,,False,,0,0,False,,False,False,,False,,False,,False,,False,,False,,0,,False,,False,True,,False,False,False,False,False,False,True,True,19,0,False,52,6,0.1153846153846153,0.1091992919649919,0.2832932137158386,0.28329321371583815,0.28329321371583815,0.28329321371583815,0.28329321371583815,0.28329321371583815,0.28329321371583815,0.0,0.0,0.0,0.0,0.0,0.0,7.0,3.0,0.2649856701138789,1,0,0,0,1,1,0,2.07,3.66612246699132,False,False,False,False,False,False,,,2.0,10.0
7859,FertereX,https://www.crunchbase.com/organization/ferterex,Latvia,56.9222396,23.9726434,2018,2.0,False,False,False,False,False,False,False,True,False,False,False,False,False,False,0,1,1,False,True,True,True,1.0,True,0.022814,True,2018-11-05,2018-11-05,Pre-Seed,2018,38.0,True,True,False,False,5.0,1.0,True,True,False,False,False,False,False,False,False,False,False,False,1,1,True,True,True,True,True,True,True,True,True,True,True,True,True,True,True,1,1.0,True,True,True,False,False,False,False,False,False,False,False,True,True,19,0,False,52,6,0.1153846153846153,0.1091992919649919,0.2832932137158386,0.0,0.0,0.0,0.0,0.0,0.0,0.0,0.0,0.0,0.0,0.0,0.0,2.0,0.0,0.0402231640645322,0,0,0,0,0,0,0,2.07,3.66612246699132,False,False,False,False,False,False,,,2.0,10.0
7781,Jeff,https://www.crunchbase.com/organization/jeff-e713,Latvia,56.9222396,23.9726434,2019,2.0,True,False,False,False,False,False,False,False,True,False,False,False,False,False,1,5,12,True,False,True,False,3.0,True,4.866889,False,2020-02-02,2024-07-17,Seed,2020,72.375,False,False,True,True,7.3,2.2,False,False,True,True,True,False,True,True,True,False,False,False,0,0,False,False,False,False,False,False,False,False,False,False,False,False,False,False,False,0,0.0,False,False,False,True,True,True,True,True,False,False,False,True,False,19,0,False,60,6,0.1,0.0953101798043248,0.2832932137158386,1.7388102782093955,0.28329321371583815,9.02203363014197,0.28329321371583815,2.031142801060089,9.02203363014197,0.28329321371583815,0.5694801868066214,0.9878253029859392,2.8284894435584613,0.0,9.442933413037476,13.0,0.0,0.1930392076040493,1,0,0,0,0,0,1,1.81,3.845883202923601,False,False,False,False,False,False,,,2.0,10.0
7801,SpirulinaNord,https://www.crunchbase.com/organization/spirulinanord,Latvia,56.9222396,23.9726434,2019,3.0,True,False,False,False,False,True,True,True,False,False,False,False,False,False,1,2,1,False,True,True,True,1.0,True,0.695098,False,2020-09-18,2023-10-20,Seed,2020,38.0,True,True,False,False,8.5,1.0,True,True,False,False,False,False,False,False,False,False,False,False,2,2,True,True,True,True,True,True,True,True,True,True,True,True,True,True,True,2,2.0,True,True,True,False,False,False,False,False,False,False,False,True,True,19,0,False,60,6,0.1,0.0953101798043248,0.2832932137158386,0.0,0.0,0.0,0.0,0.0,0.0,0.0,0.0,0.0,0.0,0.0,0.0,10.0,1.0,0.2328462036319224,1,0,0,0,0,0,1,1.81,3.845883202923601,False,False,False,False,False,False,,,2.0,10.0
7832,PomaBrush,https://www.crunchbase.com/organization/pomabrush,Latvia,56.9222396,23.9726434,2019,2.0,False,False,False,False,False,True,False,False,False,True,False,False,False,True,1,1,1,False,True,True,True,1.0,True,0.05411,True,2020-04-25,2020-04-25,Pre-Seed,2020,38.0,True,True,False,False,7.0,1.0,True,True,False,False,False,False,False,False,False,False,False,False,1,1,True,True,True,True,True,True,True,True,True,True,True,True,True,True,True,1,1.0,True,True,True,False,False,False,False,False,False,False,False,True,True,19,0,False,60,6,0.1,0.0953101798043248,0.2832932137158386,0.0,0.0,0.0,0.0,0.0,0.0,0.0,0.0,0.0,0.0,0.0,0.0,10.0,1.0,0.2328462036319224,1,0,0,0,0,0,1,1.81,3.845883202923601,False,False,False,False,False,False,,,2.0,10.0
7838,The Littery,https://www.crunchbase.com/organization/the-littery,Latvia,56.9222396,23.9726434,2019,1.0,False,False,False,False,False,False,False,False,False,True,False,True,False,False,0,1,2,False,False,True,False,0.0,False,0.141058,True,2019-04-16,2019-04-16,Pre-Seed,2019,19.5,True,,True,,36.0,0.5,True,,False,,False,,False,,False,,False,,1,0,True,,False,True,,True,,True,,True,,True,,True,,1,,True,,False,True,,False,False,False,False,False,False,True,True,19,0,False,60,6,0.1,0.0953101798043248,0.2832932137158386,0.21866102185904354,0.0,0.4373220437180871,0.0,0.21866102185904354,0.4373220437180871,0.0,0.0,0.0,0.4373220437180871,0.4373220437180871,0.4373220437180871,5.0,1.0,0.1727159991214717,1,0,0,0,0,0,0,1.81,3.616308761279101,False,False,False,False,False,False,,,2.0,10.0
7851,xTimer,https://www.crunchbase.com/organization/xtimer,Latvia,56.9222396,23.9726434,2019,4.0,True,False,False,False,False,True,False,False,False,True,False,False,False,False,0,1,1,False,True,True,True,1.0,True,0.043742,True,2019-10-01,2019-10-01,Pre-Seed,2019,38.0,True,True,False,False,6.0,1.0,True,True,False,False,False,False,False,False,False,False,False,False,1,1,True,True,True,True,True,True,True,True,True,True,True,True,True,True,True,1,1.0,True,True,True,False,False,False,False,False,False,False,False,True,True,19,0,False,60,6,0.1,0.0953101798043248,0.2832932137158386,0.0,0.0,0.0,0.0,0.0,0.0,0.0,0.0,0.0,0.0,0.0,0.0,5.0,2.0,0.2099961751794825,1,0,0,0,0,1,0,1.81,3.616308761279101,False,False,False,False,False,False,,,2.0,10.0
7853,Flipful,https://www.crunchbase.com/organization/flipful,Latvia,56.9222396,23.9726434,2019,1.0,True,False,False,False,True,False,False,False,True,False,False,False,False,True,0,1,1,False,True,True,False,0.0,False,0.04,True,2019-12-10,2019-12-10,Pre-Seed,2019,448.0,False,,True,,7.0,13.0,False,,True,,True,,False,,False,,False,,0,0,False,,False,False,,False,,False,,False,,False,,False,,0,,False,,False,True,,False,False,False,False,False,False,True,True,19,0,False,60,6,0.1,0.0953101798043248,0.2832932137158386,0.28329321371583815,0.28329321371583815,0.28329321371583815,0.28329321371583815,0.28329321371583815,0.28329321371583815,0.0,0.0,0.0,0.0,0.0,0.0,11.0,1.0,0.2414779522636717,1,0,0,0,0,0,1,1.81,3.616308761279101,False,False,False,False,False,False,,,2.0,10.0
7869,CADLAB.io,https://www.crunchbase.com/organization/cadlab-io,Latvia,56.9222396,23.9726434,2019,1.0,True,False,False,False,True,False,False,False,False,True,False,False,False,False,0,1,1,False,True,True,False,0.0,False,0.0,True,2019-04-01,2019-04-01,Pre-Seed,2019,29.0,True,,False,,1.0,2.0,False,,False,,True,,True,,False,,False,,1,0,True,,True,True,,True,,True,,True,,True,,True,,1,,True,,True,False,,False,False,False,False,False,False,True,True,19,0,False,60,6,0.1,0.0953101798043248,0.2832932137158386,0.0,0.0,0.0,0.0,0.0,0.0,0.0,0.0,0.0,0.0,0.0,0.0,2.0,0.0,0.0402231640645322,0,0,0,0,0,0,0,1.81,3.616308761279101,False,False,False,False,False,False,,,2.0,10.0
7870,GetFocused,https://www.crunchbase.com/organization/istaq,Latvia,56.9222396,23.9726434,2019,2.0,True,False,False,False,False,False,False,False,False,True,False,False,False,False,1,1,1,False,True,True,False,0.0,False,0.0,True,2020-09-10,2020-09-10,Pre-Seed,2020,29.0,True,,False,,2.0,2.0,False,,False,,True,,True,,False,,False,,1,0,True,,True,True,,True,,True,,True,,True,,True,,1,,True,,True,False,,False,False,False,False,False,False,True,True,19,0,False,60,6,0.1,0.0953101798043248,0.2832932137158386,0.0,0.0,0.0,0.0,0.0,0.0,0.0,0.0,0.0,0.0,0.0,0.0,4.0,0.0,0.0908983577180024,0,0,0,0,0,0,0,1.81,3.845883202923601,False,False,False,False,False,False,,,2.0,10.0
7824,The Premier Health Center,https://www.crunchbase.com/organization/the-premier-health-center,Latvia,56.9222396,23.9726434,2020,1.0,False,False,False,False,False,False,False,True,False,False,False,False,False,False,0,1,1,False,True,False,True,1.0,True,0.45,True,2020-11-22,2020-11-22,Seed,2020,19.0,False,False,True,True,4.0,0.0,True,True,False,False,False,False,False,False,False,False,False,False,0,0,False,False,False,False,False,False,False,False,False,False,False,False,False,False,False,0,0.0,False,False,False,False,False,True,True,False,False,False,False,False,False,19,0,False,67,6,0.0895522388059701,0.085766821757425,0.2832932137158386,6.524404051064635,6.524404051064635,6.524404051064635,0.0,0.0,0.0,6.524404051064635,6.524404051064635,6.524404051064635,0.0,0.0,0.0,0.0,0.0,0.0,0,0,0,0,0,0,0,-5.65,3.845883202923601,False,False,False,False,False,False,,,2.0,10.0
7826,HyMet Thermal Interfaces,https://www.crunchbase.com/organization/hymet-thermal-interfaces,Latvia,56.9222396,23.9726434,2020,1.0,True,False,True,False,True,True,False,False,False,True,False,True,False,False,0,1,1,False,True,True,True,1.0,True,0.055627,True,2020-06-01,2020-06-01,Pre-Seed,2020,5.0,True,True,False,False,11.0,0.0,False,False,False,False,True,True,False,False,False,False,False,False,1,1,True,True,True,True,True,True,True,True,True,True,True,True,True,True,True,1,1.0,True,True,True,False,False,False,False,False,False,False,False,True,True,19,0,False,67,6,0.0895522388059701,0.085766821757425,0.2832932137158386,0.0,0.0,0.0,0.0,0.0,0.0,0.0,0.0,0.0,0.0,0.0,0.0,1.0,0.0,0.0,0,0,0,0,0,0,0,-5.65,3.845883202923601,False,False,False,False,False,False,,,2.0,10.0
7828,aptolux,https://www.crunchbase.com/organization/aptolux,Latvia,56.9222396,23.9726434,2020,3.0,True,False,False,False,True,True,False,False,False,True,False,False,False,False,0,1,1,False,True,True,False,0.0,False,0.317703,True,2020-10-05,2020-10-05,Seed,2020,38.0,True,,False,,7.0,1.0,True,,False,,False,,False,,False,,False,,1,0,True,,True,True,,True,,True,,True,,True,,True,,1,,True,,True,False,,False,False,False,False,False,False,True,True,19,0,False,67,6,0.0895522388059701,0.085766821757425,0.2832932137158386,0.0,0.0,0.0,0.0,0.0,0.0,0.0,0.0,0.0,0.0,0.0,0.0,10.0,1.0,0.2328462036319224,1,0,0,0,0,0,1,-5.65,3.845883202923601,False,False,False,False,False,False,,,2.0,10.0
7818,FORKNAV,https://www.crunchbase.com/organization/forknav,Latvia,56.9222396,23.9726434,2020,1.0,True,False,False,False,True,False,False,False,False,True,False,False,False,False,0,3,1,True,True,True,True,1.0,True,0.578613,False,2020-05-08,2021-11-01,Seed,2020,38.0,True,True,False,False,7.7,1.0,True,True,False,False,False,False,False,False,False,False,False,False,3,2,True,True,True,True,True,True,True,True,True,True,True,True,True,True,True,3,2.0,True,True,True,False,False,False,False,False,False,False,False,True,True,19,0,False,67,6,0.0895522388059701,0.085766821757425,0.2832932137158386,0.0,0.0,0.0,0.0,0.0,0.0,0.0,0.0,0.0,0.0,0.0,0.0,10.0,2.0,0.2701263796899331,1,0,0,0,1,1,1,-5.65,3.845883202923601,False,False,False,False,False,False,,,2.0,10.0
7847,FjordHub.com,https://www.crunchbase.com/organization/fjordhub-com-ltd,Latvia,56.8192045,24.6074393,2020,2.0,True,False,False,False,True,False,False,False,False,True,False,False,False,False,0,1,1,False,True,False,True,1.0,True,0.061363,True,2020-03-15,2020-03-15,Seed,2020,448.0,False,False,True,True,8.0,13.0,False,False,True,True,True,True,False,False,False,False,False,False,0,0,False,False,False,False,False,False,False,False,False,False,False,False,False,False,False,0,0.0,False,False,False,True,True,False,False,False,False,False,False,True,True,19,0,False,0,0,0.0,0.0,0.29122198928820325,0.2912219892882031,0.2912219892882031,0.2912219892882031,0.0,0.0,0.0,0.2912219892882031,0.2912219892882031,0.2912219892882031,0.0,0.0,0.0,11.0,6.0,0.3566622753793482,1,0,0,0,1,1,1,-5.65,3.845883202923601,False,False,False,False,False,False,,,6.0,11.0
7861,Drafter AI,https://www.crunchbase.com/organization/phonal-ai,Latvia,56.9222396,23.9726434,2020,2.0,True,False,False,False,True,False,False,False,False,True,False,False,False,False,0,1,1,False,True,True,False,0.0,False,0.0,True,2019-04-01,2019-04-01,Pre-Seed,2019,29.0,True,,False,,1.0,2.0,False,,False,,True,,True,,False,,False,,1,0,True,,True,True,,True,,True,,True,,True,,True,,1,,True,,True,False,,False,False,False,False,False,False,True,True,19,0,False,67,6,0.0895522388059701,0.085766821757425,0.2832932137158386,0.0,0.0,0.0,0.0,0.0,0.0,0.0,0.0,0.0,0.0,0.0,0.0,2.0,0.0,0.0402231640645322,0,0,0,0,0,0,0,-5.65,3.616308761279101,False,False,False,False,False,False,,,2.0,10.0
7803,Corebook,https://www.crunchbase.com/organization/corebook-87f4,Latvia,56.9222396,23.9726434,2020,4.0,True,False,False,False,True,False,False,False,False,False,True,False,False,False,0,1,1,False,True,True,False,0.0,False,0.090283,True,2020-07-27,2020-07-27,Pre-Seed,2020,8.0,True,,False,,0.0,0.0,False,,False,,False,,True,,True,,False,,1,0,True,,True,True,,True,,True,,True,,True,,True,,1,,True,,True,False,,False,False,False,False,False,False,True,True,19,0,False,67,6,0.0895522388059701,0.085766821757425,0.2832932137158386,0.0,0.0,0.0,0.0,0.0,0.0,0.0,0.0,0.0,0.0,0.0,0.0,2.0,1.0,0.1039540459792718,0,0,0,0,0,0,0,-5.65,3.845883202923601,False,False,False,False,False,False,,,2.0,10.0
7795,WeedBot,https://www.crunchbase.com/organization/weedbot,Latvia,56.9222396,23.9726434,2020,1.0,True,False,False,False,True,False,True,False,False,False,False,False,False,False,0,2,2,True,False,True,False,1.0,True,0.866591,False,2020-03-09,2023-05-12,Seed,2020,40.0,True,True,True,False,7.3,4.0,False,False,False,False,True,True,True,True,False,False,False,False,2,1,True,True,False,True,True,True,True,True,True,True,True,True,True,True,True,2,1.0,True,True,False,True,False,False,False,False,False,False,False,True,True,19,0,False,67,6,0.0895522388059701,0.085766821757425,0.2832932137158386,0.23860229535935704,0.0,0.7158068860780711,0.0,0.35790344303903554,0.7158068860780711,0.0,0.0,0.0,0.4772045907187141,0.0,0.7158068860780711,4.0,0.0,0.0908983577180024,0,0,0,0,0,0,0,-5.65,3.845883202923601,False,False,False,False,False,False,,,2.0,10.0
305,Bin-e,https://www.crunchbase.com/organization/bin-e-smart-waste-bin,Poland,52.4082663,16.9335199,2009,2.0,True,False,False,False,True,False,False,False,False,True,False,True,True,False,9,2,2,False,False,False,False,0.0,False,2.337925,False,2018-01-01,2019-03-01,Venture - Series Unknown,2018,78.0,False,,True,,5.5,4.0,True,,False,,True,,False,,False,,False,,0,0,False,,False,False,,False,,False,,False,,False,,False,,2,,True,,False,True,,False,False,False,False,False,False,True,True,12,0,False,1,0,0.0,0.0,0.23972769721803155,0.5347590282344059,0.27750303392133147,0.7920150225474804,0.27750303392133147,0.5347590282344059,0.7920150225474804,0.0,0.0,0.0,0.7123314565060728,0.0,1.0684971847591092,0.0,0.0,0.0,0,0,0,0,0,1,0,-4.35,3.535145354171894,False,False,True,False,True,True,,,0.0,6.0
522,Legimi,https://www.crunchbase.com/organization/legimi,Poland,50.631783,17.781566,2009,2.0,False,False,False,False,False,True,False,False,False,True,False,False,False,False,0,1,1,False,True,False,False,0.0,False,0.0,True,2009-01-01,2009-01-01,Venture - Series Unknown,2009,51.0,False,,True,,0.0,6.0,False,,False,,False,,False,,False,,False,,0,0,False,,False,False,,False,,False,,False,,False,,False,,1,,True,,True,False,,False,False,False,False,False,False,True,True,0,0,False,0,0,0.0,0.0,0.24503559352231158,0.2060624518403767,0.2060624518403767,0.2060624518403767,0.2060624518403767,0.2060624518403767,0.2060624518403767,0.0,0.0,0.0,0.0,0.0,0.0,0.0,0.0,0.0,0,0,0,0,1,1,1,-4.35,1.589235205116581,False,False,True,False,True,True,,,0.0,0.0
546,UseItBetter Analytics,https://www.crunchbase.com/organization/use-it-better,Poland,54.3706858,18.6129831,2009,2.0,True,False,False,False,False,False,False,False,False,True,False,False,False,False,3,1,1,False,True,False,False,0.0,False,0.04,True,2012-07-01,2012-07-01,Seed,2012,55.0,False,,True,,2.0,9.0,False,,False,,False,,False,,True,,False,,0,0,False,,False,False,,False,,False,,False,,False,,False,,1,,True,,True,False,,False,False,False,False,False,False,True,True,8,0,False,1,0,0.0,0.0,0.2860719384529203,0.4875013680483671,0.4875013680483671,0.4875013680483671,0.4875013680483671,0.4875013680483671,0.4875013680483671,0.0,0.0,0.0,0.0,0.0,0.0,0.0,0.0,0.0,0,0,0,0,1,1,0,-4.35,2.388762789235098,False,False,False,False,False,False,,,0.0,6.0
623,PrivacyProtector,https://www.crunchbase.com/organization/embt,Poland,50.0619474,19.9368564,2009,1.0,True,False,False,False,False,False,False,False,False,True,False,False,False,False,0,2,5,False,False,False,False,0.0,False,0.45,True,2009-05-19,2012-11-12,Seed,2009,5.0,True,,False,,5.0,0.0,False,,False,,False,,False,,True,,False,,5,0,True,,True,True,,True,,True,,True,,True,,True,,5,,True,,True,False,,False,False,False,False,False,False,True,True,20,0,False,1,1,1.0,0.6931471805599453,0.25256392777356135,0.0,0.0,0.0,0.0,0.0,0.0,0.0,0.0,0.0,0.0,0.0,0.0,0.0,0.0,0.0,0,0,0,0,0,1,0,-4.35,1.589235205116581,False,False,False,False,False,False,,,0.0,2.0
627,RoboCamp,https://www.crunchbase.com/organization/robocamp,Poland,54.3706858,18.6129831,2009,1.0,False,False,False,False,False,True,False,False,False,False,False,False,False,False,10,1,1,False,True,False,True,1.0,True,0.0,True,2019-01-01,2019-01-01,Seed,2019,17.0,True,True,False,False,2.0,4.0,False,False,False,False,False,False,False,False,False,False,False,False,1,1,True,True,True,True,True,True,True,True,True,True,True,True,True,True,True,1,1.0,True,True,True,False,False,False,False,False,False,False,False,True,True,8,0,False,1,0,0.0,0.0,0.2860719384529203,0.0,0.0,0.0,0.0,0.0,0.0,0.0,0.0,0.0,0.0,0.0,0.0,1.0,0.0,0.0,0,0,0,0,1,1,0,-4.35,4.619073091157083,False,False,False,False,False,False,,,0.0,6.0
40,Brainly,https://www.crunchbase.com/organization/brainly-com,Poland,50.0619474,19.9368564,2009,3.0,False,False,False,False,False,True,False,False,False,True,False,False,False,True,3,1,2,False,False,False,False,0.0,False,0.5,True,2012-09-13,2012-09-13,Series D,2012,89.5,False,,True,,3.0,21.5,False,,False,,False,,False,,False,,False,,0,0,False,,False,False,,False,,False,,False,,False,,False,,0,,False,,False,True,,False,False,False,False,True,False,True,True,20,0,False,1,0,0.0,0.0,0.25256392777356135,1.1028827874775577,0.5296860541941094,1.6760795207610055,0.5296860541941094,1.1028827874775577,1.6760795207610055,0.0,0.0,0.0,1.4984861422950877,1.4984861422950877,1.4984861422950877,0.0,0.0,0.0,0,0,0,0,0,1,0,-4.35,2.388762789235098,False,True,True,True,True,True,,,0.0,2.0
59,Xopero,https://www.crunchbase.com/organization/xopero,Poland,52.7276526,15.2286373,2009,1.0,True,False,False,False,False,False,False,False,False,True,False,False,False,False,10,1,1,False,True,False,True,1.0,True,0.272688,True,2019-02-02,2019-02-02,Venture - Series Unknown,2019,44.0,False,False,True,True,5.0,2.0,False,False,False,False,False,False,False,False,False,False,False,False,0,0,False,False,False,False,False,False,False,False,False,False,False,False,False,False,False,1,1.0,True,True,True,False,False,False,False,False,False,False,False,True,True,0,0,False,0,0,0.0,0.0,0.1258444456471141,0.2886812809889206,0.2886812809889206,0.2886812809889206,0.0,0.0,0.0,0.2886812809889206,0.2886812809889206,0.2886812809889206,0.0,0.0,0.0,0.0,0.0,0.0,0,0,0,0,1,1,1,-4.35,4.619073091157083,False,False,True,False,True,True,,,0.0,0.0
631,Sky Storage,https://www.crunchbase.com/organization/sky-storage,Poland,51.1089776,17.0326689,2009,2.0,True,False,False,False,False,False,False,False,False,True,False,False,False,False,0,1,1,False,True,False,False,0.0,False,0.025,True,2009-12-28,2009-12-28,Seed,2009,5.0,False,,True,,9.0,1.0,False,,False,,False,,False,,False,,False,,0,0,False,,False,False,,False,,False,,False,,False,,False,,0,,False,,False,False,,True,True,True,True,False,False,False,False,20,0,False,1,0,0.0,0.0,0.21667097873246585,9.58506213421106,9.58506213421106,9.58506213421106,9.58506213421106,9.58506213421106,9.58506213421106,0.0,0.0,0.0,0.0,0.0,0.0,0.0,0.0,0.0,0,0,0,0,1,1,0,-4.35,1.589235205116581,False,False,False,False,False,False,,,0.0,1.400000000000002
469,Picodi.com,https://www.crunchbase.com/organization/international-coupons-2,Poland,50.0619474,19.9368564,2010,4.0,False,False,False,False,False,True,False,False,False,False,False,False,False,False,5,1,1,False,True,False,False,0.0,False,0.0,True,2015-08-07,2015-08-07,Seed,2015,55.0,True,,False,,5.0,9.0,False,,False,,False,,False,,True,,False,,1,0,True,,True,True,,True,,True,,True,,True,,True,,1,,True,,True,False,,False,False,False,False,False,False,True,True,20,0,False,4,1,0.25,0.2231435513142097,0.25256392777356135,0.0,0.0,0.0,0.0,0.0,0.0,0.0,0.0,0.0,0.0,0.0,0.0,5.0,0.0,0.1089851172067322,0,0,0,0,1,1,1,2.23,3.49650756146648,True,False,False,True,True,True,2021-02-26,11.0,0.0,2.0
473,ConnectPoint,https://www.crunchbase.com/organization/connectpoint,Poland,52.2319581,21.0067249,2010,1.0,True,True,False,False,True,False,False,False,False,True,False,False,False,False,9,1,1,False,True,False,True,1.0,True,0.0,True,2019-10-10,2019-10-10,Seed,2019,4.0,True,True,False,False,2.0,0.0,False,False,False,False,False,False,False,False,False,False,True,True,1,1,True,True,True,True,True,True,True,True,True,True,True,True,True,True,True,1,1.0,True,True,True,True,True,False,False,False,False,False,False,True,True,109,0,False,5,2,0.4,0.3364722366212129,0.0,0.0,0.0,0.0,0.0,0.0,0.0,0.0,0.0,0.0,0.0,0.0,0.0,0.0,0.0,0.0,0,0,0,0,0,0,0,2.23,4.619073091157083,False,False,False,False,False,False,,,2.0,5.0
490,Cognitum,https://www.crunchbase.com/organization/cognitum,Poland,52.2319581,21.0067249,2010,3.0,True,True,False,False,True,False,False,False,False,True,False,False,False,False,8,1,1,False,True,False,False,0.0,False,0.0,True,2018-01-01,2018-01-01,Seed,2018,133.0,False,,True,,0.0,3.0,False,,False,,True,,True,,False,,False,,0,0,False,,False,False,,False,,False,,False,,False,,False,,0,,False,,False,False,,True,True,False,False,False,False,False,False,109,0,False,5,2,0.4,0.3364722366212129,0.0,15.458107214085512,15.458107214085512,15.458107214085512,15.458107214085512,15.458107214085512,15.458107214085512,0.0,0.0,0.0,0.0,0.0,0.0,0.0,0.0,0.0,0,0,0,0,0,0,0,2.23,3.535145354171894,False,False,False,False,False,False,,,2.0,5.0
502,Inovamed,https://www.crunchbase.com/organization/inovamed,Poland,50.0619474,19.9368564,2010,1.0,True,False,False,False,True,False,False,True,False,False,False,False,False,False,4,1,1,False,True,False,True,1.0,True,1.117867,False,2014-03-13,2014-03-13,Seed,2014,12.0,False,False,True,True,21.0,0.0,False,False,False,False,False,False,False,False,False,False,False,False,0,0,False,False,False,False,False,False,False,False,False,False,False,False,False,False,False,0,0.0,False,False,False,True,True,False,False,False,False,False,False,True,True,20,0,False,4,2,0.5,0.4054651081081644,0.25256392777356135,1.1047610295484143,1.1047610295484143,1.1047610295484143,0.0,0.0,0.0,1.1047610295484143,1.1047610295484143,1.1047610295484143,0.0,0.0,0.0,0.0,0.0,0.0,0,0,0,0,0,1,0,2.23,3.214867803470662,False,False,False,False,False,False,,,0.0,2.0
586,Best Capital,https://www.crunchbase.com/organization/best-capital,Poland,51.1089776,17.0326689,2010,2.0,True,False,False,False,True,False,False,False,True,False,False,False,False,False,2,1,1,False,True,False,True,1.0,True,0.006985,True,2012-02-08,2012-02-08,Seed,2012,25.0,True,True,False,False,4.0,2.0,False,False,False,False,False,False,False,False,False,False,False,False,1,1,True,True,True,True,True,True,True,True,True,True,True,True,True,True,True,1,1.0,True,True,True,False,False,False,False,False,False,False,False,True,True,20,0,False,2,0,0.0,0.0,0.21667097873246585,0.0,0.0,0.0,0.0,0.0,0.0,0.0,0.0,0.0,0.0,0.0,0.0,0.0,0.0,0.0,0,0,0,0,1,1,0,2.23,2.388762789235098,False,False,False,False,False,False,,,0.0,1.400000000000002
587,UsabilityTools,https://www.crunchbase.com/organization/usabilitytools-com,Poland,52.4082663,16.9335199,2010,2.0,True,False,False,False,True,False,False,False,False,True,False,False,False,True,3,1,2,False,False,False,False,0.0,False,0.25,True,2013-04-24,2013-04-24,Seed,2013,44.0,True,,True,,4.5,5.0,False,,False,,False,,False,,False,,False,,1,0,True,,False,True,,True,,True,,True,,True,,True,,2,,True,,True,True,,False,False,False,False,False,False,True,True,12,0,False,7,1,0.1428571428571428,0.1335313926245225,0.23972769721803155,0.13875151696066573,0.0,0.27750303392133147,0.0,0.13875151696066573,0.27750303392133147,0.0,0.0,0.0,0.27750303392133147,0.27750303392133147,0.27750303392133147,6.0,0.0,0.1242772544618494,0,0,0,0,1,1,1,2.23,2.862200880929469,True,False,False,True,True,True,2016-12-14,6.0,0.0,6.0
564,Recognize.im,https://www.crunchbase.com/organization/itraff-technology,Poland,52.4082663,16.9335199,2010,5.0,False,False,False,False,False,False,False,False,False,True,False,False,False,False,1,2,2,False,False,False,False,0.0,False,0.235,True,2011-01-01,2012-03-01,Seed,2011,53.0,True,,True,,2.0,7.5,False,,False,,False,,False,,True,,False,,1,0,True,,False,True,,True,,True,,True,,True,,True,,2,,True,,True,False,,False,False,False,False,False,False,True,True,12,0,False,7,2,0.2857142857142857,0.251314428280906,0.23972769721803155,0.16714492221900515,0.0,0.3342898444380103,0.0,0.16714492221900515,0.3342898444380103,0.0,0.0,0.0,0.3342898444380103,0.3342898444380103,0.3342898444380103,2.0,0.0,0.0402231640645322,0,0,0,0,0,1,0,2.23,3.3638415951183864,False,False,False,False,False,False,,,0.0,6.0
602,Filmaster,https://www.crunchbase.com/organization/filmaster,Poland,52.2319581,21.0067249,2010,2.0,True,True,False,False,False,True,False,False,False,True,False,False,False,False,0,3,5,False,False,False,False,0.0,False,0.517431,False,2010-09-01,2013-07-01,Seed,2010,37.5,True,,True,,6.5,5.8,True,,True,,False,,True,,False,,False,,1,0,True,,False,True,,True,,True,,True,,True,,True,,1,,True,,False,True,,False,False,False,False,True,False,True,True,109,0,False,5,1,0.2,0.1823215567939546,0.0,0.8806383564395994,0.0,1.4496239477318793,0.0,0.8806383564395994,1.4496239477318793,0.0,0.0,0.0,0.7294770452811974,0.0,1.4496239477318793,4.0,0.0,0.0908983577180024,0,0,0,0,0,0,0,2.23,1.547562508716013,True,False,False,True,True,True,2015-06-15,5.0,2.0,5.0
532,DobryMechanik.pl,https://www.crunchbase.com/organization/dobrymechanik-pl,Poland,52.4082663,16.9335199,2010,2.0,False,False,False,False,True,False,False,False,False,False,True,False,False,False,8,1,1,False,True,False,True,1.0,True,0.0,True,2018-11-01,2018-11-01,Seed,2018,36.0,False,False,True,True,1.0,6.0,False,False,False,False,False,False,False,False,False,False,False,False,0,0,False,False,False,False,False,False,False,False,False,False,False,False,False,False,False,0,0.0,False,False,False,False,False,False,False,False,False,False,False,True,True,12,0,False,7,2,0.2857142857142857,0.251314428280906,0.23972769721803155,0.8166018981051859,0.8166018981051859,0.8166018981051859,0.0,0.0,0.0,0.8166018981051859,0.8166018981051859,0.8166018981051859,0.0,0.0,0.0,0.0,0.0,0.0,0,0,0,0,0,1,0,2.23,3.535145354171894,False,False,False,False,False,False,,,0.0,6.0
523,Okazjum.pl,https://www.crunchbase.com/organization/okazjum-pl,Poland,52.4082663,16.9335199,2010,2.0,False,False,False,False,False,True,False,False,False,False,True,False,False,False,0,1,1,False,True,False,False,0.0,False,0.0,True,2010-09-14,2010-09-14,Seed,2010,51.0,True,,False,,1.0,6.0,False,,False,,False,,False,,False,,False,,1,0,True,,True,True,,True,,True,,True,,True,,True,,1,,True,,True,False,,False,False,False,False,False,False,True,True,12,0,False,7,1,0.1428571428571428,0.1335313926245225,0.23972769721803155,0.0,0.0,0.0,0.0,0.0,0.0,0.0,0.0,0.0,0.0,0.0,0.0,0.0,0.0,0.0,0,0,0,0,0,1,0,2.23,1.547562508716013,True,False,False,True,True,True,2015-10-19,5.0,0.0,6.0
547,XTRF Translation Management Systems,https://www.crunchbase.com/organization/xtrf-translation-management-systems,Poland,50.0619474,19.9368564,2010,1.0,True,False,False,False,True,True,False,False,False,True,False,False,False,True,4,1,1,False,True,False,True,1.0,True,0.0,True,2014-04-14,2014-04-14,Seed,2014,15.0,False,False,True,True,1.0,1.0,False,False,False,False,False,False,False,False,False,False,False,False,0,0,False,False,False,False,False,False,False,False,False,False,False,False,False,False,False,1,1.0,True,True,True,True,True,False,False,False,False,False,False,True,True,20,0,False,4,2,0.5,0.4054651081081644,0.25256392777356135,0.25256392777356124,0.25256392777356124,0.25256392777356124,0.0,0.0,0.0,0.25256392777356124,0.25256392777356124,0.25256392777356124,0.0,0.0,0.0,0.0,0.0,0.0,0,0,0,0,0,1,0,2.23,3.214867803470662,False,False,False,False,False,False,,,0.0,2.0
560,FANPOINT,https://www.crunchbase.com/organization/fanpoint,Poland,52.4082663,16.9335199,2010,1.0,False,False,False,False,False,False,False,False,False,True,True,False,False,False,3,1,1,False,True,False,False,0.0,False,0.160103,True,2013-09-27,2013-09-27,Seed,2013,51.0,True,,False,,4.0,6.0,False,,False,,False,,False,,False,,False,,1,0,True,,True,True,,True,,True,,True,,True,,True,,1,,True,,True,False,,False,False,False,False,False,False,True,True,12,0,False,7,2,0.2857142857142857,0.251314428280906,0.23972769721803155,0.0,0.0,0.0,0.0,0.0,0.0,0.0,0.0,0.0,0.0,0.0,0.0,5.0,1.0,0.1727159991214717,1,0,0,0,1,1,0,2.23,2.862200880929469,False,False,False,False,False,False,,,0.0,6.0
518,Manubia,https://www.crunchbase.com/organization/manubia,Poland,51.6385162,15.1422487,2010,1.0,True,False,False,False,True,True,False,False,False,True,True,False,False,False,2,1,1,False,True,False,True,1.0,True,0.188746,True,2012-10-02,2012-10-02,Seed,2012,36.0,False,False,True,True,2.0,4.0,True,True,False,False,False,False,False,False,False,False,False,False,0,0,False,False,False,False,False,False,False,False,False,False,False,False,False,False,False,1,1.0,True,True,True,True,True,False,False,False,False,False,False,True,True,0,0,False,0,0,0.0,0.0,0.15363214166164826,0.4073147794569959,0.4073147794569959,0.4073147794569959,0.0,0.0,0.0,0.4073147794569959,0.4073147794569959,0.4073147794569959,0.0,0.0,0.0,0.0,0.0,0.0,0,0,0,0,1,1,1,2.23,2.388762789235098,False,False,False,False,False,False,,,0.0,0.0
95,SentiOne,https://www.crunchbase.com/organization/sentione,Poland,54.3706858,18.6129831,2011,3.0,True,False,False,False,True,False,False,False,False,True,True,False,False,True,0,3,3,True,False,True,False,2.0,True,4.098899,False,2011-10-01,2016-11-10,Venture - Series Unknown,2011,5.333333333333333,False,False,True,True,3.7,0.7,False,False,False,False,True,False,False,False,False,False,False,False,0,0,False,False,False,False,False,False,False,False,False,False,False,False,False,False,False,3,2.0,True,True,True,True,True,False,False,False,False,False,False,True,True,8,0,False,2,0,0.0,0.0,0.2860719384529203,0.34335090716084143,0.2860719384529201,0.45790884457668396,0.2860719384529201,0.2860719384529201,0.2860719384529201,0.2860719384529201,0.371990391514802,0.45790884457668396,0.12960455153772746,0.0,0.19440682730659117,0.0,0.0,0.0,0,0,0,0,1,1,0,1.9,3.3638415951183864,False,False,True,False,True,True,,,0.0,6.0
472,Sotrender,https://www.crunchbase.com/organization/sotrender,Poland,52.2319581,21.0067249,2011,3.0,True,True,False,False,False,False,False,False,False,True,True,False,False,False,4,1,1,False,True,False,False,0.0,False,0.45,True,2015-02-01,2015-02-01,Seed,2015,51.0,True,,False,,3.0,4.0,False,,True,,False,,False,,False,,False,,1,0,True,,True,True,,True,,True,,True,,True,,True,,1,,True,,True,True,,False,False,False,False,False,False,True,True,109,0,False,13,2,0.1538461538461538,0.1431008436406733,0.0,0.0,0.0,0.0,0.0,0.0,0.0,0.0,0.0,0.0,0.0,0.0,0.0,5.0,2.0,0.2099961751794825,1,0,0,0,0,1,1,1.9,3.49650756146648,False,False,False,False,False,False,,,2.0,5.0
466,Foap AB,https://www.crunchbase.com/organization/foap-ab,Poland,52.2319581,21.0067249,2011,2.0,False,True,False,False,False,False,False,False,False,True,True,False,False,False,2,2,7,False,False,False,False,0.0,False,3.837678,False,2013-08-07,2014-12-08,Seed,2013,40.857142857142854,False,,True,,17.0,14.6,True,,False,,False,,False,,True,,False,,0,0,False,,False,False,,False,,False,,False,,False,,False,,0,,False,,False,True,,True,True,True,False,False,False,True,False,109,0,False,13,2,0.1538461538461538,0.1431008436406733,0.0,5.1455385445403214,0.8096040300285617,8.039912255744781,0.8096040300285617,5.1455385445403214,8.039912255744781,0.0,0.0,0.0,3.6615133948306773,0.0,7.480785215615859,0.0,0.0,0.0,0,0,0,0,0,0,0,1.9,2.862200880929469,False,False,False,False,False,False,,,2.0,5.0
482,Versum,https://www.crunchbase.com/organization/versum,Poland,49.822118,19.0448936,2011,2.0,True,False,False,False,False,True,False,True,False,True,False,False,False,False,5,1,1,False,True,False,True,1.0,True,0.0,True,2016-11-01,2016-11-01,Seed,2016,12.0,False,False,True,True,4.0,3.0,False,False,False,False,False,False,False,False,False,False,False,False,0,0,False,False,False,False,False,False,False,False,False,False,False,False,False,False,False,1,1.0,True,True,True,True,True,False,False,False,False,False,False,True,True,4,0,False,0,0,0.0,0.0,0.26488899694882134,0.3010179806738917,0.3010179806738917,0.3010179806738917,0.0,0.0,0.0,0.3010179806738917,0.3010179806738917,0.3010179806738917,0.0,0.0,0.0,0.0,0.0,0.0,0,0,0,0,1,1,1,1.9,4.390738575275903,True,False,False,True,True,True,2020-12-14,9.0,0.0,0.0
526,Primeon,https://www.crunchbase.com/organization/primeon,Poland,52.2319581,21.0067249,2011,1.0,True,True,False,False,False,True,False,False,False,True,False,False,False,False,0,2,2,False,False,False,False,2.0,True,0.479112,True,2011-10-14,2014-06-01,Seed,2011,37.5,True,True,False,False,2.0,2.5,False,False,True,True,False,False,False,False,False,False,False,False,2,2,True,True,True,True,True,True,True,True,True,True,True,True,True,True,True,2,2.0,True,True,True,True,True,False,False,False,False,False,False,True,True,109,0,False,13,2,0.1538461538461538,0.1431008436406733,0.0,0.0,0.0,0.0,0.0,0.0,0.0,0.0,0.0,0.0,0.0,0.0,0.0,0.0,0.0,0.0,0,0,0,0,0,0,0,1.9,3.3638415951183864,False,False,False,False,False,False,,,2.0,5.0
527,BusyFlow,https://www.crunchbase.com/organization/busyflow,Poland,52.2319581,21.0067249,2011,3.0,False,True,False,False,True,False,False,False,False,True,False,False,False,True,1,1,1,False,True,False,True,1.0,True,0.0,True,2012-08-01,2012-08-01,Seed,2012,36.0,True,True,False,False,2.0,4.0,True,True,False,False,False,False,False,False,False,False,False,False,1,1,True,True,True,True,True,True,True,True,True,True,True,True,True,True,True,1,1.0,True,True,True,True,True,False,False,False,False,False,False,True,True,109,0,False,13,2,0.1538461538461538,0.1431008436406733,0.0,0.0,0.0,0.0,0.0,0.0,0.0,0.0,0.0,0.0,0.0,0.0,0.0,1.0,0.0,0.0,0,0,0,0,0,0,0,1.9,2.388762789235098,False,False,False,False,False,False,,,2.0,5.0
553,Key2Print.com,https://www.crunchbase.com/organization/key2print-com,Poland,52.2319581,21.0067249,2011,1.0,False,True,False,False,False,True,False,False,False,True,False,False,False,False,1,1,1,False,True,False,True,1.0,True,0.0,True,2012-05-25,2012-05-25,Venture - Series Unknown,2012,24.0,True,True,False,False,3.0,1.0,False,False,False,False,False,False,False,False,False,False,False,False,1,1,True,True,True,True,True,True,True,True,True,True,True,True,True,True,True,1,1.0,True,True,True,True,True,False,False,False,False,False,False,True,True,109,0,False,13,2,0.1538461538461538,0.1431008436406733,0.0,0.0,0.0,0.0,0.0,0.0,0.0,0.0,0.0,0.0,0.0,0.0,0.0,2.0,0.0,0.0402231640645322,0,0,0,0,0,0,0,1.9,2.388762789235098,False,False,True,False,True,True,,,2.0,5.0
517,PressPad,https://www.crunchbase.com/organization/presspad,Poland,50.0619474,19.9368564,2011,3.0,False,False,False,False,False,False,False,False,False,True,True,False,False,False,0,2,1,False,True,False,False,0.0,False,0.268,True,2011-03-01,2013-05-01,Seed,2011,55.0,True,,False,,2.0,9.0,False,,False,,False,,False,,True,,False,,2,0,True,,True,True,,True,,True,,True,,True,,True,,2,,True,,True,False,,False,False,False,False,False,False,True,True,20,0,False,5,2,0.4,0.3364722366212129,0.25256392777356135,0.0,0.0,0.0,0.0,0.0,0.0,0.0,0.0,0.0,0.0,0.0,0.0,1.0,0.0,0.0,0,0,0,0,0,1,0,1.9,3.3638415951183864,False,False,False,False,False,False,,,0.0,2.0
408,Wayman,https://www.crunchbase.com/organization/wayman,Poland,53.6430556,15.6102778,2011,2.0,True,False,False,False,False,True,False,False,False,True,False,False,False,False,5,1,1,False,True,False,True,1.0,True,0.509107,False,2016-10-31,2016-10-31,Seed,2016,55.0,False,False,True,True,6.0,9.0,False,False,False,False,False,False,False,False,True,True,False,False,0,0,False,False,False,False,False,False,False,False,False,False,False,False,False,False,False,1,1.0,True,True,True,False,False,False,False,False,False,False,False,True,True,0,0,False,0,0,0.0,0.0,0.1940685289592916,0.4966659319880237,0.4966659319880237,0.4966659319880237,0.0,0.0,0.0,0.4966659319880237,0.4966659319880237,0.4966659319880237,0.0,0.0,0.0,0.0,0.0,0.0,0,0,0,0,1,1,1,1.9,4.390738575275903,False,False,False,False,False,False,,,0.0,0.0
622,BookLikes,https://www.crunchbase.com/organization/booklikes,Poland,52.4082663,16.9335199,2011,2.0,False,False,False,False,False,False,False,False,False,True,True,False,False,False,0,1,1,False,True,False,False,0.0,False,0.0,True,2011-08-11,2011-08-11,Seed,2011,51.0,True,,False,,2.0,6.0,False,,False,,False,,False,,False,,False,,1,0,True,,True,True,,True,,True,,True,,True,,True,,1,,True,,True,False,,False,False,False,False,False,False,True,True,12,0,False,9,2,0.2222222222222222,0.2006706954621511,0.23972769721803155,0.0,0.0,0.0,0.0,0.0,0.0,0.0,0.0,0.0,0.0,0.0,0.0,2.0,0.0,0.0402231640645322,0,0,0,0,0,1,0,1.9,3.3638415951183864,True,False,False,True,True,True,2016-10-01,5.0,0.0,6.0
612,Mnumi,https://www.crunchbase.com/organization/mnumi,Poland,52.2319581,21.0067249,2011,1.0,True,True,False,False,False,False,False,False,False,True,False,False,False,False,3,1,1,False,True,False,True,1.0,True,0.295416,True,2014-03-13,2014-03-13,Seed,2014,12.0,False,False,True,True,21.0,0.0,False,False,False,False,False,False,False,False,False,False,False,False,0,0,False,False,False,False,False,False,False,False,False,False,False,False,False,False,False,0,0.0,False,False,False,True,True,False,False,False,False,False,False,True,True,109,0,False,13,2,0.1538461538461538,0.1431008436406733,0.0,1.1594998570001662,1.1594998570001662,1.1594998570001662,0.0,0.0,0.0,1.1594998570001662,1.1594998570001662,1.1594998570001662,0.0,0.0,0.0,0.0,0.0,0.0,0,0,0,0,0,0,0,1.9,3.214867803470662,False,False,False,False,False,False,,,2.0,5.0
428,Gamfi,https://www.crunchbase.com/organization/gamfi,Poland,52.2319581,21.0067249,2011,1.0,True,True,False,False,True,False,False,True,False,True,False,False,False,True,4,2,2,False,False,False,False,2.0,True,0.3,True,2015-08-01,2020-09-17,Seed,2015,27.5,True,True,False,False,2.0,2.0,True,True,True,True,False,False,False,False,False,False,True,True,2,2,True,True,True,True,True,True,True,True,True,True,True,True,True,True,True,2,2.0,True,True,True,True,True,False,False,False,False,False,False,True,True,109,0,False,13,2,0.1538461538461538,0.1431008436406733,0.0,0.0,0.0,0.0,0.0,0.0,0.0,0.0,0.0,0.0,0.0,0.0,0.0,6.0,2.0,0.2252883124345997,1,0,0,0,0,1,1,1.9,3.49650756146648,False,False,False,False,False,False,,,2.0,5.0
642,Baby's Secret,https://www.crunchbase.com/organization/baby-s-secret,Poland,52.4082663,16.9335199,2011,2.0,False,False,False,False,False,True,False,False,False,False,False,False,False,False,2,1,1,False,True,False,True,1.0,True,0.222096,True,2013-02-21,2013-02-21,Seed,2013,37.0,False,False,True,True,5.0,4.0,False,False,False,False,False,False,False,False,False,False,False,False,0,0,False,False,False,False,False,False,False,False,False,False,False,False,False,False,False,1,1.0,True,True,True,True,True,False,False,False,False,False,False,True,True,12,0,False,9,3,0.3333333333333333,0.2876820724517809,0.23972769721803155,0.27750303392133147,0.27750303392133147,0.27750303392133147,0.0,0.0,0.0,0.27750303392133147,0.27750303392133147,0.27750303392133147,0.0,0.0,0.0,1.0,1.0,0.0637308819147395,0,0,0,0,1,1,0,1.9,2.862200880929469,False,False,False,False,False,False,,,0.0,6.0
603,Nearbox,https://www.crunchbase.com/organization/nearbox,Poland,50.0619474,19.9368564,2012,3.0,False,False,False,False,False,False,False,False,False,True,True,False,False,False,1,1,1,False,True,False,False,0.0,False,0.025,True,2013-02-10,2013-02-10,Seed,2013,55.0,True,,False,,3.0,9.0,False,,False,,False,,False,,True,,False,,1,0,True,,True,True,,True,,True,,True,,True,,True,,1,,True,,True,False,,False,False,False,False,False,False,True,True,20,0,False,11,3,0.2727272727272727,0.241162056816888,0.25256392777356135,0.0,0.0,0.0,0.0,0.0,0.0,0.0,0.0,0.0,0.0,0.0,0.0,1.0,0.0,0.0,0,0,0,0,0,1,0,-0.7,2.862200880929469,False,False,False,False,False,False,,,0.0,2.0
599,punk team,https://www.crunchbase.com/organization/punk-team,Poland,52.4082663,16.9335199,2012,3.0,True,False,False,False,False,False,False,False,False,True,False,False,False,False,1,1,1,False,True,False,True,1.0,True,0.0,True,2013-06-01,2013-06-01,Seed,2013,28.0,False,False,True,True,12.0,3.0,False,False,False,False,False,False,False,False,True,True,False,False,0,0,False,False,False,False,False,False,False,False,False,False,False,False,False,False,False,0,0.0,False,False,False,True,True,False,False,False,False,True,True,True,True,12,0,False,14,3,0.2142857142857142,0.1941560144409574,0.23972769721803155,0.6083936971145486,0.6083936971145486,0.6083936971145486,0.0,0.0,0.0,0.6083936971145486,0.6083936971145486,0.6083936971145486,0.0,0.0,0.0,0.0,0.0,0.0,0,0,0,0,0,1,0,-0.7,2.862200880929469,False,False,False,False,False,False,,,0.0,6.0
588,EduKoala,https://www.crunchbase.com/organization/edukoala,Poland,52.4082663,16.9335199,2012,3.0,False,False,False,False,False,False,False,False,False,True,False,False,False,False,1,1,1,False,True,False,False,0.0,False,0.129292,True,2013-05-29,2013-05-29,Seed,2013,4.0,False,,True,,11.0,0.0,False,,False,,False,,False,,False,,False,,0,0,False,,False,False,,False,,False,,False,,False,,False,,0,,False,,False,False,,True,True,True,True,False,False,False,False,12,0,False,14,3,0.2142857142857142,0.1941560144409574,0.23972769721803155,6.6033634991224375,6.6033634991224375,6.6033634991224375,6.6033634991224375,6.6033634991224375,6.6033634991224375,0.0,0.0,0.0,0.0,0.0,0.0,0.0,0.0,0.0,0,0,0,0,0,1,0,-0.7,2.862200880929469,False,False,False,False,False,False,,,0.0,6.0
584,SpecPrawnik,https://www.crunchbase.com/organization/specprawnik,Poland,52.4082663,16.9335199,2012,1.0,False,False,False,False,True,False,False,False,False,True,False,False,False,False,3,1,1,False,True,False,True,1.0,True,0.0,True,2015-07-30,2015-07-30,Seed,2015,24.0,False,False,True,True,6.0,1.0,False,False,False,False,False,False,False,False,False,False,False,False,0,0,False,False,False,False,False,False,False,False,False,False,False,False,False,False,False,1,1.0,True,True,True,True,True,False,False,False,False,False,False,True,True,12,0,False,14,3,0.2142857142857142,0.1941560144409574,0.23972769721803155,0.27750303392133147,0.27750303392133147,0.27750303392133147,0.0,0.0,0.0,0.27750303392133147,0.27750303392133147,0.27750303392133147,0.0,0.0,0.0,1.0,0.0,0.0,0,0,0,0,0,1,0,-0.7,3.49650756146648,False,False,False,False,False,False,,,0.0,6.0
582,Stick and Play,https://www.crunchbase.com/organization/stick-and-play,Poland,52.2319581,21.0067249,2012,1.0,False,True,False,False,False,False,False,False,False,True,True,False,False,False,1,1,1,False,True,False,False,0.0,False,0.0,True,2013-09-20,2013-09-20,Seed,2013,51.0,False,,True,,4.0,6.0,False,,False,,False,,False,,False,,False,,0,0,False,,False,False,,False,,False,,False,,False,,False,,1,,True,,True,False,,False,False,False,False,False,False,True,True,109,0,False,28,2,0.0714285714285714,0.0689928714869514,0.0,0.27750303392133147,0.27750303392133147,0.27750303392133147,0.27750303392133147,0.27750303392133147,0.27750303392133147,0.0,0.0,0.0,0.0,0.0,0.0,2.0,0.0,0.0402231640645322,0,0,0,0,0,0,0,-0.7,2.862200880929469,False,False,False,False,False,False,,,2.0,5.0
574,OpenCard Sp. z oo,https://www.crunchbase.com/organization/opencard-sp-z-oo,Poland,50.0374531,22.0047174,2012,2.0,True,False,False,False,False,False,True,False,False,False,True,False,False,False,2,1,1,False,True,False,True,1.0,True,1.31199,False,2014-03-05,2014-03-05,Seed,2014,16.0,False,False,True,True,9.0,0.0,False,False,False,False,False,False,False,False,True,True,False,False,0,0,False,False,False,False,False,False,False,False,False,False,False,False,False,False,False,1,1.0,True,True,True,False,False,False,False,False,False,False,False,True,True,1,0,False,0,0,0.0,0.0,0.25375216046178817,0.14766734701428422,0.14766734701428422,0.14766734701428422,0.0,0.0,0.0,0.14766734701428422,0.14766734701428422,0.14766734701428422,0.0,0.0,0.0,0.0,0.0,0.0,0,0,0,0,1,1,1,-0.7,3.214867803470662,False,False,False,False,False,False,,,0.0,0.0
572,Cloud Your Car,https://www.crunchbase.com/organization/cloud-your-car,Poland,51.1089776,17.0326689,2012,3.0,True,False,False,False,True,True,False,False,True,True,False,False,False,False,1,3,3,False,False,False,False,0.0,False,0.45,True,2013-02-12,2015-12-20,Seed,2013,58.0,False,,True,,3.7,6.0,False,,False,,True,,False,,True,,False,,0,0,False,,False,False,,False,,False,,False,,False,,False,,2,,True,,False,True,,False,False,False,False,True,False,True,True,20,0,False,8,1,0.125,0.1177830356563834,0.21667097873246585,0.22493489883297627,0.1446353475931716,0.2944083383227381,0.1446353475931716,0.22493489883297627,0.2944083383227381,0.0,0.0,0.0,0.36790119861671705,0.2397276972180316,0.5296860541941094,1.0,0.0,0.0,0,0,0,0,1,1,0,-0.7,2.862200880929469,False,False,False,False,False,False,,,0.0,1.400000000000002
616,InventCore,https://www.crunchbase.com/organization/deligic,Poland,52.2319581,21.0067249,2012,4.0,True,True,False,False,False,True,False,False,False,True,False,False,False,False,0,1,1,False,True,False,False,0.0,False,0.016236,True,2012-12-01,2012-12-01,Seed,2012,36.0,True,,False,,2.0,4.0,True,,False,,False,,False,,False,,False,,1,0,True,,True,True,,True,,True,,True,,True,,True,,1,,True,,True,True,,False,False,False,False,False,False,True,True,109,0,False,28,2,0.0714285714285714,0.0689928714869514,0.0,0.0,0.0,0.0,0.0,0.0,0.0,0.0,0.0,0.0,0.0,0.0,0.0,1.0,0.0,0.0,0,0,0,0,0,0,0,-0.7,2.388762789235098,False,False,False,False,False,False,,,2.0,5.0
552,Colibri IO,https://www.crunchbase.com/organization/colibri-tool,Poland,52.2319581,21.0067249,2012,1.0,True,True,False,False,False,False,False,False,False,True,True,False,False,False,1,1,1,False,True,False,False,0.0,False,0.235,True,2013-03-01,2013-03-01,Seed,2013,55.0,False,,True,,3.0,9.0,False,,False,,False,,False,,True,,False,,0,0,False,,False,False,,False,,False,,False,,False,,False,,1,,True,,True,False,,False,False,False,False,False,False,True,True,109,0,False,28,2,0.0714285714285714,0.0689928714869514,0.0,0.25256392777356124,0.25256392777356124,0.25256392777356124,0.25256392777356124,0.25256392777356124,0.25256392777356124,0.0,0.0,0.0,0.0,0.0,0.0,1.0,0.0,0.0,0,0,0,0,0,0,0,-0.7,2.862200880929469,False,False,False,False,False,False,,,2.0,5.0
645,Appvetica,https://www.crunchbase.com/organization/appvetica,Poland,52.2319581,21.0067249,2012,2.0,False,True,False,False,False,False,False,False,False,True,False,False,False,False,1,1,1,False,True,False,True,1.0,True,0.0,True,2013-06-01,2013-06-01,Seed,2013,36.0,True,True,False,False,3.0,4.0,True,True,False,False,False,False,False,False,False,False,False,False,1,1,True,True,True,True,True,True,True,True,True,True,True,True,True,True,True,1,1.0,True,True,True,True,True,False,False,False,False,False,False,True,True,109,0,False,28,2,0.0714285714285714,0.0689928714869514,0.0,0.0,0.0,0.0,0.0,0.0,0.0,0.0,0.0,0.0,0.0,0.0,0.0,4.0,2.0,0.1919094156907527,1,0,0,0,0,1,0,-0.7,2.862200880929469,False,False,False,False,False,False,,,2.0,5.0
641,Duckie Deck,https://www.crunchbase.com/organization/duckie-deck,Poland,50.0619474,19.9368564,2012,2.0,False,False,False,False,False,True,False,True,False,True,False,False,False,False,1,1,1,False,True,False,True,1.0,True,0.0,True,2013-06-01,2013-06-01,Seed,2013,16.0,True,True,False,False,8.0,0.0,False,False,False,False,False,False,False,False,True,True,False,False,1,1,True,True,True,True,True,True,True,True,True,True,True,True,True,True,True,1,1.0,True,True,True,False,False,False,False,False,False,False,False,True,True,20,0,False,11,3,0.2727272727272727,0.241162056816888,0.25256392777356135,0.0,0.0,0.0,0.0,0.0,0.0,0.0,0.0,0.0,0.0,0.0,0.0,2.0,1.0,0.1039540459792718,0,0,0,0,1,1,1,-0.7,2.862200880929469,False,False,False,False,False,False,,,0.0,2.0
634,TAXI5.pl,https://www.crunchbase.com/organization/taxi5-pl,Poland,51.1089776,17.0326689,2012,1.0,False,False,False,False,True,False,False,False,False,True,False,False,False,False,0,1,1,False,True,False,False,0.0,False,0.607165,False,2012-07-22,2012-07-22,Seed,2012,16.0,False,,True,,7.0,0.0,False,,False,,False,,False,,True,,False,,0,0,False,,False,False,,False,,False,,False,,False,,False,,1,,True,,True,False,,False,False,False,False,False,False,True,True,20,0,False,8,1,0.125,0.1177830356563834,0.21667097873246585,0.2357610105830191,0.2357610105830191,0.2357610105830191,0.2357610105830191,0.2357610105830191,0.2357610105830191,0.0,0.0,0.0,0.0,0.0,0.0,0.0,0.0,0.0,0,0,0,0,1,1,0,-0.7,2.388762789235098,False,False,False,False,False,False,,,0.0,1.400000000000002
429,Ardeo,https://www.crunchbase.com/organization/ardeo,Poland,52.2319581,21.0067249,2012,1.0,True,True,False,False,False,False,False,False,False,True,False,False,False,False,4,1,1,False,True,False,True,1.0,True,0.050868,True,2016-06-15,2016-06-15,Seed,2016,25.0,False,False,True,True,8.0,2.0,False,False,False,False,False,False,False,False,False,False,False,False,0,0,False,False,False,False,False,False,False,False,False,False,False,False,False,False,False,1,1.0,True,True,True,False,False,False,False,False,False,False,False,True,True,109,0,False,28,2,0.0714285714285714,0.0689928714869514,0.0,0.3011089548473384,0.3011089548473384,0.3011089548473384,0.0,0.0,0.0,0.3011089548473384,0.3011089548473384,0.3011089548473384,0.0,0.0,0.0,0.0,0.0,0.0,0,0,0,0,0,0,0,-0.7,4.390738575275903,False,False,False,False,False,False,,,2.0,5.0
538,Absolvent,https://www.crunchbase.com/organization/absolvent,Poland,52.2319581,21.0067249,2012,2.0,False,True,False,False,True,True,False,False,False,False,False,False,False,False,0,1,1,False,True,False,False,0.0,False,0.249664,True,2012-09-25,2012-09-25,Seed,2012,51.0,False,,True,,3.0,6.0,False,,False,,False,,False,,False,,False,,0,0,False,,False,False,,False,,False,,False,,False,,False,,1,,True,,True,False,,False,False,False,False,False,False,True,True,109,0,False,28,2,0.0714285714285714,0.0689928714869514,0.0,0.27750303392133147,0.27750303392133147,0.27750303392133147,0.27750303392133147,0.27750303392133147,0.27750303392133147,0.0,0.0,0.0,0.0,0.0,0.0,0.0,0.0,0.0,0,0,0,0,0,0,0,-0.7,2.388762789235098,False,False,False,False,False,False,,,2.0,5.0
531,Allani,https://www.crunchbase.com/organization/allani,Poland,50.0619474,19.9368564,2012,2.0,False,False,False,False,True,True,False,False,False,False,True,False,False,False,1,1,3,False,False,False,False,0.0,False,0.0,True,2013-06-30,2013-06-30,Seed,2013,12.333333333333334,False,,True,,1.7,3.3,True,,False,,False,,False,,False,,False,,0,0,False,,False,False,,False,,False,,False,,False,,False,,2,,True,,False,True,,False,False,False,False,False,False,True,True,20,0,False,11,2,0.1818181818181818,0.1670540846631661,0.25256392777356135,0.8284051123518046,0.25256392777356124,1.9800874815082912,0.25256392777356124,0.8284051123518046,1.9800874815082912,0.0,0.0,0.0,1.4228148388366186,0.0,2.134222258254928,0.0,0.0,0.0,0,0,0,0,0,1,0,-0.7,2.862200880929469,True,False,False,True,True,True,2015-10-06,3.0,0.0,2.0
524,Skubacz.pl Sp. z o.o,https://www.crunchbase.com/organization/skubacz-pl-sp-z-o-o,Poland,50.3086154,18.7863749,2012,1.0,False,False,False,False,True,True,True,False,False,True,False,False,False,False,0,1,2,False,False,False,False,0.0,False,0.156556,True,2012-10-25,2012-10-25,Seed,2012,22.5,False,,True,,4.0,2.5,False,,False,,False,,False,,False,,False,,0,0,False,,False,False,,False,,False,,False,,False,,False,,1,,True,,False,True,,False,False,False,False,False,False,True,True,5,0,False,0,0,0.0,0.0,0.26378821093690097,0.9412540214346308,0.26378821093690114,1.6187198319323606,0.26378821093690114,0.9412540214346308,1.6187198319323606,0.0,0.0,0.0,1.8633881297850918,1.8633881297850918,1.8633881297850918,0.0,0.0,0.0,0,0,0,0,1,1,1,-0.7,2.388762789235098,False,False,False,False,False,False,,,0.0,0.0
508,RevDeBug,https://www.crunchbase.com/organization/timemachinefor-net,Poland,53.1219648,18.0002529,2012,1.0,True,False,False,False,False,False,False,False,False,True,False,False,False,False,5,2,2,True,False,False,False,1.0,True,0.0,True,2017-12-29,2019-02-22,Seed,2017,17.5,False,False,True,True,4.0,0.5,False,False,False,False,False,False,True,False,False,False,False,False,0,0,False,False,False,False,False,False,False,False,False,False,False,False,False,False,False,2,1.0,True,True,True,True,True,False,False,False,False,False,False,True,True,0,0,False,0,0,0.0,0.0,0.2255365188949248,0.22553651889492488,0.22553651889492488,0.22553651889492488,0.22553651889492488,0.22553651889492488,0.22553651889492488,0.22553651889492488,0.22553651889492488,0.22553651889492488,0.0,0.0,0.0,0.0,0.0,0.0,0,0,0,0,1,1,1,-0.7,3.843744164674851,False,False,False,False,False,False,,,0.0,0.0
505,Qpony,https://www.crunchbase.com/organization/qpony,Poland,52.4082663,16.9335199,2012,2.0,False,False,False,False,False,True,False,False,False,False,True,False,False,False,0,1,1,False,True,False,True,1.0,True,0.0,True,2012-08-08,2012-08-08,Seed,2012,24.0,False,False,True,True,3.0,1.0,False,False,False,False,False,False,False,False,False,False,False,False,0,0,False,False,False,False,False,False,False,False,False,False,False,False,False,False,False,1,1.0,True,True,True,True,True,False,False,False,False,False,False,True,True,12,0,False,14,3,0.2142857142857142,0.1941560144409574,0.23972769721803155,0.27750303392133147,0.27750303392133147,0.27750303392133147,0.0,0.0,0.0,0.27750303392133147,0.27750303392133147,0.27750303392133147,0.0,0.0,0.0,0.0,0.0,0.0,0,0,0,0,0,1,0,-0.7,2.388762789235098,False,False,False,False,False,False,,,0.0,6.0
503,Incuvo,https://www.crunchbase.com/organization/incuvo,Poland,50.2598987,19.0215852,2012,1.0,False,False,False,False,False,False,False,False,False,True,True,False,False,False,0,1,2,False,False,False,False,0.0,False,1.0,False,2012-01-01,2012-01-01,Venture - Series Unknown,2012,40.5,False,,True,,12.0,26.5,False,,False,,False,,False,,True,,False,,0,0,False,,False,False,,False,,False,,False,,False,,False,,1,,True,,False,False,,True,True,False,False,False,False,True,False,5,0,False,1,0,0.0,0.0,0.25916421899578,1.2856302306510015,0.168953455249667,2.4023070060523364,0.168953455249667,1.2856302306510015,2.4023070060523364,0.0,0.0,0.0,2.564667814399919,2.564667814399919,2.564667814399919,0.0,0.0,0.0,0,0,0,0,1,1,1,-0.7,2.388762789235098,True,False,True,True,True,True,2021-12-13,9.0,0.0,0.0
494,Fuero Games,https://www.crunchbase.com/organization/fuero-games,Poland,52.2319581,21.0067249,2012,1.0,False,True,False,False,False,False,False,False,False,True,True,False,False,False,0,2,2,False,False,False,False,0.0,False,0.0,True,2012-12-01,2015-07-17,Seed,2012,13.0,True,,False,,1.7,2.3,False,,False,,False,,False,,False,,False,,3,0,True,,True,True,,True,,True,,True,,True,,True,,3,,True,,True,True,,False,False,False,False,False,False,True,True,109,0,False,28,2,0.0714285714285714,0.0689928714869514,0.0,0.0,0.0,0.0,0.0,0.0,0.0,0.0,0.0,0.0,0.0,0.0,0.0,1.0,0.0,0.0,0,0,0,0,0,0,0,-0.7,2.388762789235098,False,False,False,False,False,False,,,2.0,5.0
484,Positionly,https://www.crunchbase.com/organization/positionly,Poland,52.2319581,21.0067249,2012,3.0,True,True,False,False,False,False,False,False,False,True,True,False,False,False,0,1,3,False,False,False,False,0.0,False,0.745,False,2012-05-16,2012-05-16,Series A,2012,60.0,True,,True,,3.0,14.3,False,,False,,False,,False,,False,,False,,1,0,True,,False,True,,True,,True,,True,,True,,True,,1,,True,,False,True,,False,False,False,False,True,False,True,True,109,0,False,28,2,0.0714285714285714,0.0689928714869514,0.0,0.7935209204580814,0.0,1.8633881297850918,0.0,0.7935209204580814,1.8633881297850918,0.0,0.0,0.0,1.2930163012231104,0.5171746315891519,1.8633881297850918,0.0,0.0,0.0,0,0,0,0,0,0,0,-0.7,2.388762789235098,False,False,True,False,True,True,,,2.0,5.0
478,GLOV,https://www.crunchbase.com/organization/glov,Poland,52.2319581,21.0067249,2012,1.0,False,True,False,False,False,False,False,True,False,False,False,False,False,False,0,1,1,False,True,False,True,1.0,True,0.0,True,2012-04-02,2012-04-02,Seed,2012,24.0,True,True,False,False,3.0,1.0,False,False,False,False,False,False,False,False,False,False,False,False,1,1,True,True,True,True,True,True,True,True,True,True,True,True,True,True,True,1,1.0,True,True,True,True,True,False,False,False,False,False,False,True,True,109,0,False,28,2,0.0714285714285714,0.0689928714869514,0.0,0.0,0.0,0.0,0.0,0.0,0.0,0.0,0.0,0.0,0.0,0.0,0.0,2.0,0.0,0.0402231640645322,0,0,0,0,0,0,0,-0.7,2.388762789235098,False,False,False,False,False,False,,,2.0,5.0
454,FunFotos,https://www.crunchbase.com/organization/funfotos,Poland,52.2319581,21.0067249,2012,2.0,False,True,False,False,True,False,False,False,False,False,True,False,False,False,3,1,1,False,True,False,False,0.0,False,0.2,True,2015-06-01,2015-06-01,Seed,2015,51.0,True,,False,,3.0,4.0,False,,True,,False,,False,,False,,False,,1,0,True,,True,True,,True,,True,,True,,True,,True,,1,,True,,True,True,,False,False,False,False,False,False,True,True,109,0,False,28,2,0.0714285714285714,0.0689928714869514,0.0,0.0,0.0,0.0,0.0,0.0,0.0,0.0,0.0,0.0,0.0,0.0,0.0,5.0,2.0,0.2099961751794825,1,0,0,0,0,1,1,-0.7,3.49650756146648,False,False,False,False,False,False,,,2.0,5.0
117,ITaxi,https://www.crunchbase.com/organization/itaxi,Poland,52.9154988,22.5131199,2012,1.0,False,False,False,False,True,False,False,False,False,False,False,False,False,True,4,1,1,False,True,False,True,1.0,True,2.1,False,2016-03-23,2016-03-23,Series A,2016,15.0,False,False,True,True,3.0,1.0,False,False,False,False,False,False,False,False,False,False,False,False,0,0,False,False,False,False,False,False,False,False,False,False,False,False,False,False,False,1,1.0,True,True,True,True,True,False,False,False,False,False,False,True,True,3,0,False,0,0,0.0,0.0,0.1270384645971019,0.12703846459710202,0.12703846459710202,0.12703846459710202,0.0,0.0,0.0,0.12703846459710202,0.12703846459710202,0.12703846459710202,0.0,0.0,0.0,0.0,0.0,0.0,0,0,0,0,1,1,1,-0.7,4.390738575275903,False,False,True,False,True,True,,,0.0,0.0
23,Autenti,https://www.crunchbase.com/organization/autenti,Poland,52.4082663,16.9335199,2012,4.0,True,False,False,False,False,True,False,False,False,True,False,False,False,False,5,1,2,False,False,False,False,2.0,True,1.739286,False,2017-11-08,2017-11-08,Series B,2017,49.5,False,False,True,True,5.0,5.5,False,False,False,False,False,False,False,False,True,True,False,False,0,0,False,False,False,False,False,False,False,False,False,False,False,False,False,False,False,2,2.0,True,True,True,False,False,False,False,False,False,False,False,True,True,12,0,False,14,3,0.2142857142857142,0.1941560144409574,0.23972769721803155,0.289630892962466,0.24497194148692175,0.3342898444380103,0.0,0.0,0.0,0.24497194148692175,0.289630892962466,0.3342898444380103,0.4875013680483671,0.4875013680483671,0.4875013680483671,1.0,0.0,0.0,0,0,0,0,0,1,0,-0.7,3.843744164674851,False,False,True,False,True,True,,,0.0,6.0
20,SATIM,https://www.crunchbase.com/organization/satim,Poland,50.0619474,19.9368564,2012,2.0,True,False,False,False,True,False,False,False,False,True,False,False,False,False,8,3,8,True,False,True,False,3.0,True,3.100483,False,2020-06-08,2023-08-07,Venture - Series Unknown,2020,139.22222222222223,False,False,True,True,7.2,68.2,True,True,True,True,True,True,True,False,False,False,False,False,0,0,False,False,False,False,False,False,False,False,False,False,False,False,False,False,False,0,0.0,False,False,False,False,False,True,True,True,False,False,False,False,False,20,0,False,11,3,0.2727272727272727,0.241162056816888,0.25256392777356135,7.044762944567324,1.2267139165243421,9.5968320650696,1.2267139165243421,6.413245247154697,9.5968320650696,7.254027732203544,7.992039490686266,8.66257957686508,3.0989262730802305,0.0,10.80802672340512,1.0,0.0,0.0,0,0,0,0,0,1,0,-0.7,4.93806460126142,False,False,True,False,True,True,,,0.0,2.0
86,Infermedica,https://www.crunchbase.com/organization/infermedica,Poland,51.1089776,17.0326689,2012,3.0,True,False,False,False,True,False,False,True,True,True,False,False,False,False,1,3,6,True,False,False,False,1.0,True,4.7,False,2013-11-01,2019-06-06,Series B,2013,85.33333333333333,False,False,True,True,8.5,13.7,True,True,True,True,False,False,False,False,True,False,False,False,0,0,False,False,False,False,False,False,False,False,False,False,False,False,False,False,False,2,0.0,True,False,False,True,True,True,True,True,False,True,False,True,False,20,0,False,8,0,0.0,0.0,0.21667097873246585,1.524318000641635,0.2357610105830191,6.8079002069716585,0.2357610105830191,1.6200906381126257,6.8079002069716585,1.0454548132866828,1.0454548132866828,1.0454548132866828,2.7525390203884514,0.25256392777356124,7.0436476610557,1.0,0.0,0.0,0,0,0,0,1,1,0,-0.7,2.862200880929469,False,True,True,True,True,True,,,0.0,1.400000000000002
74,CashDirector,https://www.crunchbase.com/organization/cashdirector,Poland,52.2319581,21.0067249,2012,3.0,True,True,False,False,True,False,False,False,True,True,False,False,False,False,5,3,2,True,False,True,False,2.0,True,4.013333,False,2017-05-01,2018-08-31,Series A,2017,6.0,True,True,True,True,8.3,363.7,True,True,True,True,True,True,False,False,False,False,False,False,1,1,True,True,False,True,True,True,True,True,True,True,True,True,True,True,True,1,1.0,True,True,False,True,True,True,True,True,False,False,False,True,False,109,0,False,28,2,0.0714285714285714,0.0689928714869514,0.0,5.682788193489413,0.0,8.524182290234119,8.524182290234119,8.524182290234119,8.524182290234119,0.0,4.2620911451170596,8.524182290234119,5.682788193489413,0.0,8.524182290234119,2.0,0.0,0.0402231640645322,0,0,0,0,0,0,0,-0.7,3.843744164674851,False,False,True,False,True,True,,,2.0,5.0
285,Dekoeko,https://www.crunchbase.com/organization/dekoeko,Poland,50.0619474,19.9368564,2012,1.0,False,False,False,False,True,True,False,False,False,False,False,False,False,False,6,2,3,True,False,False,False,1.0,True,0.25,True,2018-01-01,2019-09-10,Seed,2018,218.66666666666663,False,False,True,True,6.0,18.3,True,True,False,False,True,False,False,False,False,False,False,False,0,0,False,False,False,False,False,False,False,False,False,False,False,False,False,False,False,1,1.0,True,True,False,True,True,False,False,False,False,False,False,True,True,20,0,False,11,3,0.2727272727272727,0.241162056816888,0.25256392777356135,0.9152090520995184,0.25256392777356124,1.4163568042175456,1.0767064243074487,1.246531614262497,1.4163568042175456,0.25256392777356124,0.25256392777356124,0.25256392777356124,0.9673670983828416,0.35894534086299357,1.4496239477318793,1.0,0.0,0.0,0,0,0,0,0,1,0,-0.7,3.535145354171894,False,False,False,False,False,False,,,0.0,2.0
571,MyLED,https://www.crunchbase.com/organization/myled,Poland,50.0619474,19.9368564,2013,2.0,True,False,False,False,False,True,False,False,False,True,True,False,False,False,0,2,2,False,False,True,False,2.0,True,0.3,True,2013-08-10,2015-04-01,Seed,2013,32.0,False,False,True,True,4.0,2.0,False,False,True,True,False,False,False,False,True,True,False,False,0,0,False,False,False,False,False,False,False,False,False,False,False,False,False,False,False,2,2.0,True,True,True,True,True,False,False,False,False,False,False,True,True,20,0,False,21,4,0.1904761904761904,0.1743533871447777,0.25256392777356135,0.25256392777356124,0.25256392777356124,0.25256392777356124,0.0,0.0,0.0,0.25256392777356124,0.25256392777356124,0.25256392777356124,0.0,0.0,0.0,0.0,0.0,0.0,0,0,0,0,0,1,0,-0.08,2.862200880929469,False,False,False,False,False,False,,,0.0,2.0
575,Pressium,https://www.crunchbase.com/organization/pressium,Poland,52.2319581,21.0067249,2013,2.0,True,True,False,False,False,False,False,False,False,True,True,False,False,False,1,1,2,True,False,False,False,1.0,True,0.009801,True,2014-07-19,2014-07-19,Seed,2014,6.0,False,False,True,True,0.0,0.0,False,False,False,False,True,False,False,False,True,True,False,False,0,0,False,False,False,False,False,False,False,False,False,False,False,False,False,False,False,2,1.0,True,True,True,False,False,False,False,False,False,False,False,True,True,109,0,False,48,5,0.1041666666666666,0.0990909026442308,0.0,0.2860719384529201,0.2860719384529201,0.2860719384529201,0.2860719384529201,0.2860719384529201,0.2860719384529201,0.2860719384529201,0.2860719384529201,0.2860719384529201,0.0,0.0,0.0,1.0,0.0,0.0,0,0,0,0,0,0,0,-0.08,3.214867803470662,False,False,False,False,False,False,,,2.0,5.0
577,MyBaze,https://www.crunchbase.com/organization/mybaze,Poland,52.2319581,21.0067249,2013,3.0,False,True,False,False,True,True,False,False,False,False,True,False,False,False,1,1,2,True,False,False,False,1.0,True,1.28431,False,2014-09-17,2014-09-17,Series A,2014,48.5,True,True,False,False,12.0,12.0,False,False,False,False,False,False,False,False,False,False,False,False,2,1,True,True,True,True,True,True,True,True,True,True,True,True,True,True,True,2,1.0,True,True,True,True,True,False,False,False,False,False,False,True,True,109,0,False,48,5,0.1041666666666666,0.0990909026442308,0.0,0.0,0.0,0.0,0.0,0.0,0.0,0.0,0.0,0.0,0.0,0.0,0.0,0.0,0.0,0.0,0,0,0,0,0,0,0,-0.08,3.214867803470662,False,False,True,False,True,True,,,2.0,5.0
589,Blast Lab Sp z o.o.,https://www.crunchbase.com/organization/blast-lab-sp-z-o-o-,Poland,54.3706858,18.6129831,2013,1.0,True,False,False,False,False,False,False,False,False,True,False,False,False,False,1,1,1,False,True,False,True,1.0,True,0.0,True,2014-06-01,2014-06-01,Seed,2014,36.0,False,False,True,True,4.0,4.0,True,True,False,False,False,False,False,False,False,False,False,False,0,0,False,False,False,False,False,False,False,False,False,False,False,False,False,False,False,1,1.0,True,True,True,True,True,False,False,False,False,False,False,True,True,8,0,False,3,0,0.0,0.0,0.2860719384529203,0.2860719384529201,0.2860719384529201,0.2860719384529201,0.0,0.0,0.0,0.2860719384529201,0.2860719384529201,0.2860719384529201,0.0,0.0,0.0,0.0,0.0,0.0,0,0,0,0,1,1,0,-0.08,3.214867803470662,False,False,False,False,False,False,,,0.0,6.0
590,Visuu,https://www.crunchbase.com/organization/visuu,Poland,52.2319581,21.0067249,2013,2.0,False,True,False,False,True,False,False,False,False,True,False,False,False,False,0,1,1,False,True,False,False,0.0,False,0.025,True,2013-02-01,2013-02-01,Seed,2013,55.0,False,,True,,3.0,9.0,False,,False,,False,,False,,True,,False,,0,0,False,,False,False,,False,,False,,False,,False,,False,,1,,True,,True,False,,False,False,False,False,False,False,True,True,109,0,False,48,5,0.1041666666666666,0.0990909026442308,0.0,0.25256392777356124,0.25256392777356124,0.25256392777356124,0.25256392777356124,0.25256392777356124,0.25256392777356124,0.0,0.0,0.0,0.0,0.0,0.0,1.0,0.0,0.0,0,0,0,0,0,0,0,-0.08,2.862200880929469,False,False,False,False,False,False,,,2.0,5.0
593,BUY.BOX,https://www.crunchbase.com/organization/ads4books,Poland,52.4082663,16.9335199,2013,1.0,True,False,False,False,False,True,False,False,False,False,True,False,False,False,1,1,1,False,True,False,False,0.0,False,0.0,True,2014-01-01,2014-01-01,Seed,2014,51.0,True,,False,,5.0,6.0,False,,False,,False,,False,,False,,False,,1,0,True,,True,True,,True,,True,,True,,True,,True,,1,,True,,True,False,,False,False,False,False,False,False,True,True,12,0,False,17,3,0.1764705882352941,0.1625189294977749,0.23972769721803155,0.0,0.0,0.0,0.0,0.0,0.0,0.0,0.0,0.0,0.0,0.0,0.0,7.0,0.0,0.1375239062843998,0,0,0,0,1,1,1,-0.08,3.214867803470662,False,False,False,False,False,False,,,0.0,6.0
600,Starbroker,https://www.crunchbase.com/organization/starbroker,Poland,52.2319581,21.0067249,2013,2.0,True,True,False,False,False,False,False,False,False,False,False,False,True,False,0,2,2,False,False,False,False,0.0,False,0.0,True,2013-07-01,2015-08-17,Seed,2013,69.5,True,,True,,10.0,14.5,False,,False,,False,,False,,False,,False,,1,0,True,,False,True,,True,,True,,True,,True,,True,,2,,True,,True,True,,False,False,False,False,False,False,True,True,109,0,False,48,5,0.1041666666666666,0.0990909026442308,0.0,0.13875151696066573,0.0,0.27750303392133147,0.0,0.13875151696066573,0.27750303392133147,0.0,0.0,0.0,0.27750303392133147,0.27750303392133147,0.27750303392133147,5.0,1.0,0.1727159991214717,1,0,0,0,0,0,1,-0.08,2.862200880929469,False,False,False,False,False,False,,,2.0,5.0
605,Artspresso,https://www.crunchbase.com/organization/artspresso,Poland,52.2319581,21.0067249,2013,1.0,False,True,False,False,True,True,False,False,False,False,False,False,False,False,1,1,1,False,True,False,True,1.0,True,0.0,True,2014-06-01,2014-06-01,Seed,2014,36.0,True,True,False,False,4.0,4.0,True,True,False,False,False,False,False,False,False,False,False,False,1,1,True,True,True,True,True,True,True,True,True,True,True,True,True,True,True,1,1.0,True,True,True,True,True,False,False,False,False,False,False,True,True,109,0,False,48,5,0.1041666666666666,0.0990909026442308,0.0,0.0,0.0,0.0,0.0,0.0,0.0,0.0,0.0,0.0,0.0,0.0,0.0,5.0,0.0,0.1089851172067322,0,0,0,0,0,0,1,-0.08,3.214867803470662,False,False,False,False,False,False,,,2.0,5.0
610,Monitori,https://www.crunchbase.com/organization/monitori,Poland,49.9413293,19.8877676,2013,1.0,True,False,False,False,False,False,False,False,False,True,True,False,False,False,0,1,1,False,True,False,True,1.0,True,0.0,True,2013-01-01,2013-01-01,Seed,2013,4.0,False,False,True,True,0.0,0.0,True,True,False,False,False,False,False,False,True,True,False,False,0,0,False,False,False,False,False,False,False,False,False,False,False,False,False,False,False,1,1.0,True,True,True,False,False,False,False,False,False,False,False,True,True,20,0,False,0,0,0.0,0.0,0.2664185850398589,0.23995858770466835,0.23995858770466835,0.23995858770466835,0.0,0.0,0.0,0.23995858770466835,0.23995858770466835,0.23995858770466835,0.0,0.0,0.0,0.0,0.0,0.0,0,0,0,0,0,1,0,-0.08,2.862200880929469,False,False,False,False,False,False,,,0.0,2.0
569,ZenCard,https://www.crunchbase.com/organization/zencard,Poland,52.2319581,21.0067249,2013,3.0,False,True,False,False,False,True,False,False,False,True,False,False,False,False,1,2,2,True,False,False,False,1.0,True,1.046026,False,2014-09-01,2015-06-15,Seed,2014,33.0,True,True,True,False,3.5,3.5,False,False,False,False,False,False,False,False,False,False,False,False,1,1,True,True,False,True,True,True,True,True,True,True,True,True,True,True,True,2,1.0,True,True,True,True,True,False,False,False,False,False,False,True,True,109,0,False,48,4,0.0833333333333333,0.0800427076735364,0.0,0.13875151696066573,0.0,0.27750303392133147,0.27750303392133147,0.27750303392133147,0.27750303392133147,0.0,0.0,0.0,0.27750303392133147,0.27750303392133147,0.27750303392133147,6.0,2.0,0.2252883124345997,1,0,0,0,0,1,1,-0.08,3.214867803470662,True,False,False,True,True,True,2017-01-01,4.0,2.0,5.0
450,PeekQuick,https://www.crunchbase.com/organization/peekquick,Poland,50.0619474,19.9368564,2013,1.0,True,False,False,False,False,False,False,False,False,True,False,False,False,True,1,1,1,False,True,False,True,1.0,True,0.227537,True,2014-10-09,2014-10-09,Series A,2014,16.0,True,True,False,False,9.0,0.0,False,False,False,False,False,False,False,False,True,True,False,False,1,1,True,True,True,True,True,True,True,True,True,True,True,True,True,True,True,1,1.0,True,True,True,False,False,False,False,False,False,False,False,True,True,20,0,False,21,4,0.1904761904761904,0.1743533871447777,0.25256392777356135,0.0,0.0,0.0,0.0,0.0,0.0,0.0,0.0,0.0,0.0,0.0,0.0,5.0,0.0,0.1089851172067322,0,0,0,0,1,1,1,-0.08,3.214867803470662,False,False,True,False,True,True,,,0.0,2.0
457,AudioTrip,https://www.crunchbase.com/organization/audiotrip,Poland,49.822118,19.0448936,2013,3.0,False,False,False,False,False,True,False,False,False,True,False,False,False,False,2,1,1,False,True,False,False,0.0,False,0.27799,True,2015-09-25,2015-09-25,Seed,2015,12.0,False,,True,,2.0,1.0,True,,False,,True,,False,,False,,False,,0,0,False,,False,False,,False,,False,,False,,False,,False,,0,,False,,False,False,,False,False,False,False,False,False,True,True,4,0,False,2,1,0.5,0.4054651081081644,0.26488899694882134,1.5736332571123155,1.5736332571123155,1.5736332571123155,1.5736332571123155,1.5736332571123155,1.5736332571123155,0.0,0.0,0.0,0.0,0.0,0.0,0.0,0.0,0.0,0,0,0,0,1,1,1,-0.08,3.49650756146648,False,False,False,False,False,False,,,0.0,0.0
468,Shorte.st,https://www.crunchbase.com/organization/shorte-st,Poland,53.4301818,14.5509623,2013,2.0,True,False,False,False,False,False,False,False,False,False,True,False,False,False,3,1,1,False,True,False,True,1.0,True,0.0,True,2016-01-01,2016-01-01,Seed,2016,37.0,False,False,True,True,8.0,4.0,False,False,False,False,False,False,False,False,False,False,False,False,0,0,False,False,False,False,False,False,False,False,False,False,False,False,False,False,False,1,1.0,True,True,True,True,True,False,False,False,False,False,False,True,True,2,0,False,1,0,0.0,0.0,0.1280607091322602,0.45351821156934913,0.45351821156934913,0.45351821156934913,0.0,0.0,0.0,0.45351821156934913,0.45351821156934913,0.45351821156934913,0.0,0.0,0.0,1.0,1.0,0.0637308819147395,0,0,0,0,1,1,0,-0.08,4.390738575275903,False,False,False,False,False,False,,,0.2000000000000001,1.2000000000000002
487,Transparent Data,https://www.crunchbase.com/organization/transparent-data,Poland,52.4082663,16.9335199,2013,1.0,True,False,False,False,True,False,False,False,False,True,False,False,False,False,1,1,1,False,True,False,False,0.0,False,0.0,True,2014-01-01,2014-01-01,Seed,2014,51.0,True,,False,,5.0,6.0,False,,False,,False,,False,,False,,False,,1,0,True,,True,True,,True,,True,,True,,True,,True,,1,,True,,True,False,,False,False,False,False,False,False,True,True,12,0,False,17,3,0.1764705882352941,0.1625189294977749,0.23972769721803155,0.0,0.0,0.0,0.0,0.0,0.0,0.0,0.0,0.0,0.0,0.0,0.0,7.0,0.0,0.1375239062843998,0,0,0,0,1,1,1,-0.08,3.214867803470662,False,False,False,False,False,False,,,0.0,6.0
525,Social WiFi,https://www.crunchbase.com/organization/social-wifi,Poland,52.2319581,21.0067249,2013,1.0,True,True,False,False,True,False,False,False,False,True,True,False,False,True,0,2,2,False,False,True,False,0.0,False,0.338619,True,2013-03-07,2013-10-31,Angel,2013,9.5,True,,True,,6.0,0.0,False,,False,,True,,False,,True,,False,,1,0,True,,False,True,,True,,True,,True,,True,,True,,2,,True,,True,True,,False,False,False,False,False,False,True,True,109,0,False,48,5,0.1041666666666666,0.0990909026442308,0.0,0.12628196388678062,0.0,0.25256392777356124,0.0,0.12628196388678062,0.25256392777356124,0.0,0.0,0.0,0.25256392777356124,0.25256392777356124,0.25256392777356124,0.0,0.0,0.0,0,0,0,0,0,0,0,-0.08,2.862200880929469,False,False,False,False,False,False,,,2.0,5.0
535,Mustache Warsaw,https://www.crunchbase.com/organization/mustache-pl,Poland,52.2319581,21.0067249,2013,2.0,False,True,False,False,True,True,False,False,False,False,True,False,False,False,1,1,2,False,False,False,False,0.0,False,0.0,True,2014-01-10,2014-01-10,Seed,2014,34.5,True,,True,,3.0,5.5,False,,False,,False,,False,,False,,False,,1,0,True,,False,True,,True,,True,,True,,True,,True,,2,,True,,True,True,,False,False,False,False,False,False,True,True,109,0,False,48,4,0.0833333333333333,0.0800427076735364,0.0,0.13875151696066573,0.0,0.27750303392133147,0.0,0.13875151696066573,0.27750303392133147,0.0,0.0,0.0,0.27750303392133147,0.27750303392133147,0.27750303392133147,6.0,0.0,0.1242772544618494,0,0,0,0,0,0,1,-0.08,3.214867803470662,True,False,False,True,True,True,2018-10-25,5.0,2.0,5.0
541,DrOmnibus,https://www.crunchbase.com/organization/dr-omnibus,Poland,50.0619474,19.9368564,2013,3.0,False,False,False,False,False,False,False,True,False,True,False,False,False,False,0,1,2,False,False,False,False,0.0,False,0.0,True,2013-07-19,2013-07-19,Venture - Series Unknown,2013,11.0,True,,False,,6.0,0.0,False,,False,,False,,False,,True,,False,,2,0,True,,True,True,,True,,True,,True,,True,,True,,2,,True,,True,False,,False,False,False,False,False,False,True,True,20,0,False,21,4,0.1904761904761904,0.1743533871447777,0.25256392777356135,0.0,0.0,0.0,0.0,0.0,0.0,0.0,0.0,0.0,0.0,0.0,0.0,3.0,0.0,0.0687619531421999,0,0,0,0,0,1,1,-0.08,2.862200880929469,False,False,True,False,True,True,,,0.0,2.0
562,Ifinity,https://www.crunchbase.com/organization/ifinity,Poland,52.2319581,21.0067249,2013,2.0,True,True,False,False,False,False,False,False,False,True,False,False,False,False,1,1,1,False,True,False,False,0.0,False,1.0,False,2014-08-14,2014-08-14,Seed,2014,51.0,False,,True,,5.0,6.0,False,,False,,False,,False,,False,,False,,0,0,False,,False,False,,False,,False,,False,,False,,False,,1,,True,,True,False,,False,False,False,False,False,False,True,True,109,0,False,48,5,0.1041666666666666,0.0990909026442308,0.0,0.27750303392133147,0.27750303392133147,0.27750303392133147,0.27750303392133147,0.27750303392133147,0.27750303392133147,0.0,0.0,0.0,0.0,0.0,0.0,5.0,1.0,0.1727159991214717,1,0,0,0,0,0,1,-0.08,3.214867803470662,False,False,False,False,False,False,,,2.0,5.0
611,WeGirls,https://www.crunchbase.com/organization/wegirls,Poland,50.0619474,19.9368564,2013,1.0,False,False,False,False,False,True,False,False,False,False,False,False,False,False,1,2,2,False,False,False,False,2.0,True,0.0,True,2014-07-01,2015-12-10,Seed,2014,15.5,True,True,True,True,5.5,0.5,False,False,False,False,False,False,False,False,True,True,False,False,1,1,True,True,False,True,True,True,True,True,True,True,True,True,True,True,True,2,2.0,True,True,True,True,True,False,False,False,False,False,False,True,True,20,0,False,21,4,0.1904761904761904,0.1743533871447777,0.25256392777356135,0.12628196388678062,0.0,0.25256392777356124,0.0,0.0,0.0,0.0,0.12628196388678062,0.25256392777356124,0.25256392777356124,0.25256392777356124,0.25256392777356124,6.0,0.0,0.1242772544618494,0,0,0,0,1,1,1,-0.08,3.214867803470662,False,False,False,False,False,False,,,0.0,2.0
618,Harimata,https://www.crunchbase.com/organization/harimata,Poland,50.0619474,19.9368564,2013,4.0,False,False,False,False,False,False,False,True,False,True,False,False,False,False,0,2,2,False,False,False,False,0.0,False,0.12,True,2013-11-04,2014-11-18,Seed,2013,4.0,False,,True,,2.5,1.0,True,,False,,True,,False,,False,,False,,0,0,False,,False,False,,False,,False,,False,,False,,False,,1,,True,,False,True,,False,False,False,False,True,False,True,True,20,0,False,21,4,0.1904761904761904,0.1743533871447777,0.25256392777356135,0.3911249909838353,0.25256392777356124,0.5296860541941094,0.25256392777356124,0.3911249909838353,0.5296860541941094,0.0,0.0,0.0,0.5171746315891519,0.5171746315891519,0.5171746315891519,0.0,0.0,0.0,0,0,0,0,0,1,0,-0.08,2.862200880929469,False,False,False,False,False,False,,,0.0,2.0
638,LadyTime.pl,https://www.crunchbase.com/organization/ladytime-pl,Poland,52.2319581,21.0067249,2013,2.0,False,True,False,False,False,True,False,True,False,False,False,False,False,False,1,1,1,False,True,False,False,0.0,False,0.230177,True,2014-07-10,2014-07-10,Seed,2014,18.0,True,,False,,1.0,5.0,False,,False,,False,,False,,False,,False,,1,0,True,,True,True,,True,,True,,True,,True,,True,,1,,True,,True,True,,False,False,False,False,False,False,True,True,109,0,False,48,5,0.1041666666666666,0.0990909026442308,0.0,0.0,0.0,0.0,0.0,0.0,0.0,0.0,0.0,0.0,0.0,0.0,0.0,1.0,1.0,0.0637308819147395,0,0,0,0,0,0,0,-0.08,3.214867803470662,False,False,False,False,False,False,,,2.0,5.0
640,Enteye,https://www.crunchbase.com/organization/enteye,Poland,50.2858001,18.8747933,2013,2.0,True,False,False,False,False,False,False,False,False,True,False,False,False,False,0,1,1,False,True,False,False,0.0,False,0.15,True,2013-12-01,2013-12-01,Seed,2013,55.0,True,,False,,3.0,9.0,False,,False,,False,,False,,True,,False,,0,0,False,,False,True,,False,,False,,False,,False,,False,,1,,True,,True,False,,False,False,False,False,False,False,True,True,5,0,False,1,0,0.0,0.0,0.2623456300398182,0.07962544607776002,0.07962544607776002,0.07962544607776002,0.07962544607776002,0.07962544607776002,0.07962544607776002,0.0,0.0,0.0,0.0,0.0,0.0,0.0,0.0,0.0,0,0,0,0,1,1,1,-0.08,2.862200880929469,False,False,False,False,False,False,,,0.0,0.0
116,VersaBox,https://www.crunchbase.com/organization/versabox,Poland,52.2319581,21.0067249,2013,5.0,True,True,False,False,True,True,False,False,False,True,False,False,False,False,5,2,4,True,False,False,False,1.0,True,4.762859,False,2018-09-20,2020-09-23,Seed,2018,19.2,True,False,True,True,3.8,1.2,False,False,True,False,False,False,False,False,False,False,False,False,1,0,True,False,False,True,False,True,False,True,False,True,False,True,False,True,False,5,2.0,True,True,True,True,False,False,False,False,False,False,False,True,True,109,0,False,48,5,0.1041666666666666,0.0990909026442308,0.0,0.2361659796926693,0.0,0.3011089548473384,0.0,0.19287066292288993,0.3011089548473384,0.3011089548473384,0.3011089548473384,0.3011089548473384,0.16147359412428614,0.0,0.3011089548473384,16.0,2.0,0.3133110331910896,1,0,0,0,1,1,1,-0.08,3.535145354171894,False,False,False,False,False,False,,,2.0,5.0
171,EGZOTech,https://www.crunchbase.com/organization/egzotech,Poland,50.294113,18.6657306,2013,1.0,True,False,False,False,True,False,False,True,False,True,False,False,False,False,1,1,2,True,False,False,False,1.0,True,0.22,True,2014-06-01,2014-06-01,Angel,2014,12.5,True,True,True,False,4.5,0.0,False,False,False,False,False,False,False,False,True,True,False,False,0,0,False,False,False,True,True,False,False,False,False,False,False,False,False,False,False,2,1.0,True,True,True,False,False,False,False,False,False,False,False,True,True,5,0,False,1,0,0.0,0.0,0.27008562598831476,0.12547896591991675,0.09412451563693892,0.1568334162028946,0.1568334162028946,0.1568334162028946,0.1568334162028946,0.09412451563693892,0.09412451563693892,0.09412451563693892,0.08065183335728103,0.08065183335728103,0.08065183335728103,0.0,0.0,0.0,0,0,0,0,1,1,1,-0.08,3.214867803470662,False,False,False,False,False,False,,,0.0,0.0
182,Inteliclinic,https://www.crunchbase.com/organization/intelclinic,Poland,52.2319581,21.0067249,2013,5.0,True,True,False,False,True,True,False,True,False,True,False,False,False,False,0,1,1,False,True,True,True,1.0,True,0.07,True,2013-01-01,2013-01-01,Pre-Seed,2013,36.0,True,True,False,False,3.0,4.0,True,True,False,False,False,False,False,False,False,False,False,False,1,1,True,True,True,True,True,True,True,True,True,True,True,True,True,True,True,1,1.0,True,True,True,True,True,False,False,False,False,False,False,True,True,109,0,False,48,5,0.1041666666666666,0.0990909026442308,0.0,0.0,0.0,0.0,0.0,0.0,0.0,0.0,0.0,0.0,0.0,0.0,0.0,4.0,2.0,0.1919094156907527,1,0,0,0,0,1,0,-0.08,2.862200880929469,False,False,False,False,False,False,,,2.0,5.0
7,Synerise,https://www.crunchbase.com/organization/synerise,Poland,50.0619474,19.9368564,2013,3.0,True,False,False,False,True,False,False,False,False,True,True,False,False,False,0,3,4,True,False,True,False,2.0,True,7.537446,False,2013-07-22,2019-07-01,Series B,2013,9.0,True,True,True,False,4.3,0.0,False,False,False,False,False,False,False,False,True,True,False,False,3,2,True,True,False,True,True,True,True,True,True,True,True,True,True,True,True,3,2.0,True,True,False,False,False,True,True,True,False,False,False,True,False,20,0,False,21,3,0.1428571428571428,0.1335313926245225,0.25256392777356135,1.7288841071611543,0.0,6.915536428644617,0.0,3.4577682143223085,6.915536428644617,0.0,0.0,0.0,3.4577682143223085,0.0,6.915536428644617,5.0,0.0,0.1089851172067322,0,0,0,0,1,1,1,-0.08,2.862200880929469,False,True,True,True,True,True,,,0.0,2.0
28,Applica,https://www.crunchbase.com/organization/applica-ai,Poland,52.2319581,21.0067249,2013,2.0,True,True,False,False,True,False,False,False,False,True,False,False,False,False,5,1,1,False,True,True,True,1.0,True,0.02,True,2018-09-15,2018-09-15,Venture - Series Unknown,2018,0.0,False,False,True,True,12.0,545.0,False,False,True,True,True,True,False,False,False,False,False,False,0,0,False,False,False,False,False,False,False,False,False,False,False,False,False,False,False,0,0.0,False,False,False,False,False,True,True,True,True,False,False,False,False,109,0,False,48,4,0.0833333333333333,0.0800427076735364,0.0,8.524182290234119,8.524182290234119,8.524182290234119,0.0,0.0,0.0,8.524182290234119,8.524182290234119,8.524182290234119,0.0,0.0,0.0,2.0,0.0,0.0402231640645322,0,0,0,0,0,0,0,-0.08,3.535145354171894,True,False,True,True,True,True,2022-08-24,9.0,2.0,5.0
35,Survicate,https://www.crunchbase.com/organization/survicate,Poland,52.2319581,21.0067249,2013,2.0,True,True,False,False,True,False,False,False,False,True,False,False,False,False,2,1,2,False,False,False,False,0.0,False,0.135,True,2015-03-09,2015-03-09,Series A,2015,53.0,False,,True,,5.5,7.5,False,,False,,False,,False,,True,,False,,0,0,False,,False,False,,False,,False,,False,,False,,False,,2,,True,,True,False,,False,False,False,False,False,False,True,True,109,0,False,48,5,0.1041666666666666,0.0990909026442308,0.0,0.2650334808474464,0.25256392777356124,0.27750303392133147,0.25256392777356124,0.2650334808474464,0.27750303392133147,0.0,0.0,0.0,0.3342898444380103,0.3342898444380103,0.3342898444380103,8.0,2.0,0.2502193392440147,1,0,0,0,0,1,1,-0.08,3.49650756146648,False,False,True,False,True,True,,,2.0,5.0
64,Talkin' Things,https://www.crunchbase.com/organization/talkin-things,Poland,52.2319581,21.0067249,2013,1.0,True,True,False,False,False,False,False,False,False,True,False,False,False,False,2,2,2,False,False,False,False,2.0,True,9.6,False,2015-05-01,2019-01-01,Series A,2015,69.5,True,True,True,True,0.5,8.5,True,True,False,False,True,True,False,False,False,False,False,False,1,1,True,True,False,True,True,True,True,True,True,True,True,True,True,True,True,1,1.0,True,True,False,True,True,False,False,False,False,False,False,True,True,109,0,False,48,5,0.1041666666666666,0.0990909026442308,0.0,0.7248119738659397,0.0,1.4496239477318793,0.0,0.0,0.0,0.0,0.7248119738659397,1.4496239477318793,1.4496239477318793,1.4496239477318793,1.4496239477318793,0.0,0.0,0.0,0,0,0,0,0,0,0,-0.08,3.49650756146648,False,False,True,False,True,True,,,2.0,5.0
243,SDS Optic,https://www.crunchbase.com/organization/sds-optic,Poland,51.250559,22.5701022,2013,1.0,True,False,False,False,True,False,False,True,False,False,False,False,False,False,4,1,1,False,True,False,True,1.0,True,0.847152,False,2017-12-21,2017-12-21,Seed,2017,10.0,False,False,True,True,2.0,1.0,False,False,False,False,False,False,False,False,False,False,False,False,0,0,False,False,False,False,False,False,False,False,False,False,False,False,False,False,False,1,1.0,True,True,True,False,False,False,False,False,False,False,False,True,True,4,0,False,0,0,0.0,0.0,0.1532766390685305,0.2278509671256188,0.2278509671256188,0.2278509671256188,0.0,0.0,0.0,0.2278509671256188,0.2278509671256188,0.2278509671256188,0.0,0.0,0.0,0.0,0.0,0.0,0,0,0,0,1,1,1,-0.08,3.843744164674851,False,False,False,False,False,False,,,0.0,0.0
417,ADVISE,https://www.crunchbase.com/organization/advise,Poland,50.2598987,19.0215852,2013,3.0,True,False,False,False,False,False,False,False,False,True,False,False,False,False,6,1,1,False,True,False,True,1.0,True,0.27,True,2019-05-10,2019-05-10,Seed,2019,36.0,False,False,True,True,3.0,6.0,False,False,False,False,False,False,False,False,False,False,False,False,0,0,False,False,False,False,False,False,False,False,False,False,False,False,False,False,False,1,1.0,True,True,True,True,True,False,False,False,False,False,False,True,True,5,0,False,2,1,0.5,0.4054651081081644,0.25916421899578,0.2591642189957797,0.2591642189957797,0.2591642189957797,0.0,0.0,0.0,0.2591642189957797,0.2591642189957797,0.2591642189957797,0.0,0.0,0.0,0.0,0.0,0.0,0,0,0,0,1,1,1,-0.08,4.619073091157083,False,False,False,False,False,False,,,0.0,0.0
434,Quantum CX,https://www.crunchbase.com/organization/quantum-lab-co,Poland,54.5164982,18.5402738,2013,4.0,True,False,False,False,True,True,False,False,False,True,False,False,False,True,2,2,1,False,True,True,True,1.0,True,0.575747,False,2015-12-31,2017-01-01,Seed,2015,44.0,True,True,False,False,2.0,2.0,False,False,False,False,False,False,False,False,False,False,False,False,0,0,False,False,False,True,True,True,True,True,True,True,True,True,True,True,True,2,2.0,True,True,True,False,False,False,False,False,False,False,False,True,True,7,0,False,0,0,0.0,0.0,0.30211947921662874,0.01688146713353587,0.01688146713353587,0.01688146713353587,0.0,0.0,0.0,0.01688146713353587,0.01688146713353587,0.01688146713353587,0.0,0.0,0.0,7.0,0.0,0.1375239062843998,0,0,0,0,1,1,1,-0.08,3.49650756146648,False,False,False,False,False,False,,,0.0,6.0
440,Prodromus,https://www.crunchbase.com/organization/prodromus,Poland,50.0619474,19.9368564,2013,1.0,True,False,False,False,False,False,False,True,False,False,False,False,False,False,1,1,1,False,True,False,True,1.0,True,0.0,True,2014-06-01,2014-06-01,Seed,2014,9.0,True,True,False,False,0.0,0.0,False,False,False,False,False,False,False,False,False,False,False,False,0,0,False,False,False,True,True,False,False,False,False,False,False,False,False,False,False,1,1.0,True,True,True,False,False,False,False,False,False,False,False,True,True,20,0,False,21,4,0.1904761904761904,0.1743533871447777,0.25256392777356135,0.08065183335728103,0.08065183335728103,0.08065183335728103,0.0,0.0,0.0,0.08065183335728103,0.08065183335728103,0.08065183335728103,0.0,0.0,0.0,0.0,0.0,0.0,0,0,0,0,0,1,0,-0.08,3.214867803470662,False,False,False,False,False,False,,,0.0,2.0
256,Vortex Oil Engineering,https://www.crunchbase.com/organization/vortex-oil,Poland,52.2319581,21.0067249,2013,2.0,True,True,True,True,False,False,False,False,False,False,False,True,False,False,1,2,2,False,False,False,False,0.0,False,0.858259,False,2014-04-01,2018-02-08,Seed,2014,11.5,True,,True,,1.0,0.5,True,,False,,False,,True,,False,,False,,1,0,True,,False,True,,True,,True,,True,,True,,True,,1,,True,,False,True,,False,False,False,False,False,False,True,True,109,0,False,48,5,0.1041666666666666,0.0990909026442308,0.0,0.2776649546151653,0.0,0.5553299092303307,0.0,0.2776649546151653,0.5553299092303307,0.0,0.0,0.0,0.5553299092303307,0.5553299092303307,0.5553299092303307,0.0,0.0,0.0,0,0,0,0,0,0,0,-0.08,3.214867803470662,False,False,False,False,False,False,,,2.0,5.0
279,Wedding.pl,https://www.crunchbase.com/organization/wedding-pl,Poland,53.4301818,14.5509623,2013,3.0,False,False,False,False,True,True,False,False,False,False,True,False,False,False,4,1,1,False,True,False,True,1.0,True,0.743629,False,2017-02-07,2017-02-07,Seed,2017,18.0,False,False,True,True,4.0,5.0,False,False,False,False,False,False,False,False,False,False,False,False,0,0,False,False,False,False,False,False,False,False,False,False,False,False,False,False,False,1,1.0,True,True,True,True,True,False,False,False,False,False,False,True,True,2,0,False,1,0,0.0,0.0,0.1280607091322602,0.45351821156934913,0.45351821156934913,0.45351821156934913,0.0,0.0,0.0,0.45351821156934913,0.45351821156934913,0.45351821156934913,0.0,0.0,0.0,0.0,0.0,0.0,0,0,0,0,1,0,0,-0.08,3.843744164674851,False,False,False,False,False,False,,,0.2000000000000001,1.2000000000000002
322,FSE Fabryka Samochodów Elektrycznych Sp. z o.o.,https://www.crunchbase.com/organization/fse-fabryka-samochodów-elektrycznych-sp-z-o-o,Poland,49.822118,19.0448936,2013,1.0,True,False,False,False,True,False,False,False,False,False,False,False,False,False,4,2,2,False,False,True,False,2.0,True,1.767767,False,2017-05-20,2020-10-06,Seed,2017,24.0,False,False,True,True,5.5,4.0,False,False,False,False,True,True,False,False,False,False,False,False,0,0,False,False,False,False,False,False,False,False,False,False,False,False,False,False,False,1,1.0,True,True,False,True,True,False,False,False,False,False,False,True,True,4,0,False,2,1,0.5,0.4054651081081644,0.26488899694882134,0.9541592852501268,0.3010179806738917,1.607300589826362,0.0,0.0,0.0,0.3010179806738917,0.9541592852501268,1.607300589826362,1.8633881297850918,1.8633881297850918,1.8633881297850918,0.0,0.0,0.0,0,0,0,0,1,1,1,-0.08,3.843744164674851,False,False,False,False,False,False,,,0.0,0.0
335,Omni3D,https://www.crunchbase.com/organization/omni3d,Poland,52.4082663,16.9335199,2013,2.0,True,False,False,False,True,False,False,False,False,False,True,False,False,False,0,2,2,False,False,False,False,0.0,False,0.25,True,2013-05-07,2019-11-05,Seed,2013,33.0,True,,True,,3.0,3.0,True,,False,,False,,False,,False,,False,,1,0,True,,False,True,,True,,True,,True,,True,,True,,2,,True,,True,True,,False,False,False,False,False,False,True,True,12,0,False,17,3,0.1764705882352941,0.1625189294977749,0.23972769721803155,0.13875151696066573,0.0,0.27750303392133147,0.0,0.13875151696066573,0.27750303392133147,0.0,0.0,0.0,0.27750303392133147,0.27750303392133147,0.27750303392133147,6.0,1.0,0.1880081363765889,1,0,0,0,1,1,1,-0.08,2.862200880929469,False,False,False,False,False,False,,,0.0,6.0
67,Perfect Gym Solutions,https://www.crunchbase.com/organization/perfect-gym-solutions-s-a,Poland,52.2319581,21.0067249,2014,2.0,True,True,False,False,False,True,False,True,False,True,True,False,False,False,2,1,2,True,False,False,False,1.0,True,1.1,False,2016-04-18,2016-04-18,Series A,2016,32.0,True,False,True,True,5.5,6.0,False,False,False,False,False,False,False,False,True,True,False,False,1,0,True,False,False,True,False,True,False,True,False,True,False,True,False,True,False,2,1.0,True,True,True,True,False,False,False,False,False,False,False,True,True,109,0,False,63,9,0.1428571428571428,0.1335313926245225,0.0,0.12628196388678062,0.0,0.25256392777356124,0.0,0.0,0.0,0.25256392777356124,0.25256392777356124,0.25256392777356124,0.25256392777356124,0.25256392777356124,0.25256392777356124,4.0,0.0,0.0908983577180024,0,0,0,0,0,0,0,1.6,4.390738575275903,True,False,True,True,True,True,2024-05-14,10.0,2.0,5.0
6,Intelliseq,https://www.crunchbase.com/organization/intelliseq-sp-z-o-o,Poland,50.0619474,19.9368564,2014,4.0,True,False,False,False,True,False,False,True,False,True,False,False,False,False,4,1,1,False,True,False,True,1.0,True,0.58477,False,2018-03-29,2018-03-29,Venture - Series Unknown,2018,25.0,False,False,True,True,10.0,2.0,False,False,False,False,False,False,False,False,False,False,False,False,0,0,False,False,False,False,False,False,False,False,False,False,False,False,False,False,False,1,1.0,True,True,True,False,False,False,False,False,False,False,False,True,True,20,0,False,26,4,0.1538461538461538,0.1431008436406733,0.25256392777356135,0.2357610105830191,0.2357610105830191,0.2357610105830191,0.0,0.0,0.0,0.2357610105830191,0.2357610105830191,0.2357610105830191,0.0,0.0,0.0,0.0,0.0,0.0,0,0,0,0,0,1,0,1.6,3.535145354171894,False,False,True,False,True,True,,,0.0,2.0
3,Booksy,https://www.crunchbase.com/organization/booksy,Poland,52.2319581,21.0067249,2014,3.0,False,True,False,False,False,True,False,True,True,True,False,False,False,False,1,2,4,True,False,False,False,1.0,True,2.8,False,2015-08-01,2016-01-01,Venture - Series Unknown,2015,39.42857142857143,True,True,True,False,8.3,8.1,False,False,True,True,False,False,False,False,False,False,False,False,2,2,True,True,False,True,True,True,True,True,True,True,True,True,True,True,True,2,2.0,True,True,False,True,True,False,False,False,False,True,False,True,True,109,0,False,63,9,0.1428571428571428,0.1335313926245225,0.0,0.7056974408420429,0.0,1.4496239477318793,0.5171746315891519,0.98797641717886,1.4496239477318793,0.0,0.0,0.0,0.7522784823646024,0.0,1.4496239477318793,5.0,0.0,0.1089851172067322,0,0,0,0,0,0,1,1.6,3.49650756146648,False,True,True,True,True,True,,,2.0,5.0
19,Tylko,https://www.crunchbase.com/organization/tylko-2,Poland,52.2319581,21.0067249,2014,5.0,False,True,False,False,False,True,False,False,False,True,False,False,False,False,1,1,4,True,False,False,False,1.0,True,1.551755,False,2015-01-04,2015-01-04,Series C,2015,31.75,False,False,True,True,5.0,6.8,False,False,False,False,False,False,False,False,False,False,False,False,0,0,False,False,False,False,False,False,False,False,False,False,False,False,False,False,False,0,0.0,False,False,False,True,True,True,True,True,False,True,False,True,False,109,0,False,63,9,0.1428571428571428,0.1335313926245225,0.0,4.554659729770916,0.5171746315891519,9.398078547705063,1.4496239477318793,5.900488095831504,9.398078547705063,0.5171746315891519,0.5171746315891519,0.5171746315891519,5.789757057388354,0.9326577677712301,9.105379103297077,0.0,0.0,0.0,0,0,0,0,0,0,0,1.6,3.49650756146648,False,True,True,True,True,True,,,2.0,5.0
45,Livespace,https://www.crunchbase.com/organization/livespace,Poland,52.2319581,21.0067249,2014,3.0,True,True,False,False,False,False,False,False,False,True,True,False,False,True,3,1,1,False,True,False,True,1.0,True,0.65,False,2017-11-01,2017-11-01,Series A,2017,7.0,True,True,False,False,2.0,2.0,False,False,False,False,False,False,False,False,False,False,False,False,1,1,True,True,True,True,True,True,True,True,True,True,True,True,True,True,True,1,1.0,True,True,True,True,True,False,False,False,False,False,False,True,True,109,0,False,63,10,0.1587301587301587,0.1473247147568584,0.0,0.0,0.0,0.0,0.0,0.0,0.0,0.0,0.0,0.0,0.0,0.0,0.0,0.0,0.0,0.0,0,0,0,0,0,0,0,1.6,3.843744164674851,False,False,True,False,True,True,,,2.0,5.0
42,Telemedi,https://www.crunchbase.com/organization/telemedi-co,Poland,52.2319581,21.0067249,2014,2.0,True,True,False,False,False,False,False,True,True,True,False,False,False,False,5,1,1,False,True,False,True,1.0,True,0.789296,False,2019-06-06,2019-06-06,Series A,2019,44.0,False,False,True,True,5.0,2.0,False,False,False,False,False,False,False,False,False,False,False,False,0,0,False,False,False,False,False,False,False,False,False,False,False,False,False,False,False,1,1.0,True,True,True,False,False,False,False,False,False,False,False,True,True,109,0,False,63,10,0.1587301587301587,0.1473247147568584,0.0,0.2860719384529201,0.2860719384529201,0.2860719384529201,0.0,0.0,0.0,0.2860719384529201,0.2860719384529201,0.2860719384529201,0.0,0.0,0.0,4.0,0.0,0.0908983577180024,0,0,0,0,0,0,0,1.6,4.619073091157083,False,False,True,False,True,True,,,2.0,5.0
639,Gaming Live TV,https://www.crunchbase.com/organization/gaming-live-tv,Poland,52.2319581,21.0067249,2014,3.0,False,True,False,False,False,True,False,False,False,False,True,False,False,False,0,1,1,False,True,False,False,0.0,False,0.027,True,2014-05-20,2014-05-20,Seed,2014,423.0,False,,True,,7.0,74.0,False,,True,,True,,False,,True,,False,,0,0,False,,False,False,,False,,False,,False,,False,,False,,0,,False,,False,True,,False,False,False,False,False,False,True,True,109,0,False,63,10,0.1587301587301587,0.1473247147568584,0.0,1.4496239477318793,1.4496239477318793,1.4496239477318793,1.4496239477318793,1.4496239477318793,1.4496239477318793,0.0,0.0,0.0,0.0,0.0,0.0,0.0,0.0,0.0,0,0,0,0,0,0,0,1.6,3.214867803470662,False,False,False,False,False,False,,,2.0,5.0
398,Triverna.pl,https://www.crunchbase.com/organization/triverna-pl,Poland,53.4301818,14.5509623,2014,1.0,False,False,False,False,False,True,False,False,False,True,False,False,False,False,0,2,2,True,False,False,False,1.0,True,0.267785,True,2014-01-01,2016-03-31,Seed,2014,19.5,False,False,True,True,8.5,2.0,False,False,False,False,False,False,False,False,False,False,False,False,0,0,False,False,False,False,False,False,False,False,False,False,False,False,False,False,False,2,1.0,True,True,True,True,True,False,False,False,False,False,False,True,True,2,0,False,2,0,0.0,0.0,0.1280607091322602,0.45351821156934913,0.45351821156934913,0.45351821156934913,0.45351821156934913,0.45351821156934913,0.45351821156934913,0.45351821156934913,0.45351821156934913,0.45351821156934913,0.0,0.0,0.0,0.0,0.0,0.0,0,0,0,0,1,0,0,1.6,3.214867803470662,False,False,False,False,False,False,,,0.2000000000000001,1.2000000000000002
395,Farmer Direct,https://www.crunchbase.com/organization/farmer-direct,Poland,52.2319581,21.0067249,2014,2.0,False,True,False,False,False,False,False,False,False,True,False,False,False,False,2,1,2,False,False,False,False,0.0,False,0.253608,True,2016-06-14,2016-06-14,Seed,2016,15.0,True,,False,,3.5,4.0,False,,False,,False,,False,,False,,False,,2,0,True,,True,True,,True,,True,,True,,True,,True,,2,,True,,True,True,,False,False,False,False,False,False,True,True,109,0,False,63,10,0.1587301587301587,0.1473247147568584,0.0,0.0,0.0,0.0,0.0,0.0,0.0,0.0,0.0,0.0,0.0,0.0,0.0,3.0,0.0,0.0687619531421999,0,0,0,0,0,0,0,1.6,4.390738575275903,False,False,False,False,False,False,,,2.0,5.0
636,StructView,https://www.crunchbase.com/organization/structview,Poland,54.5164982,18.5402738,2014,3.0,True,False,False,False,False,False,False,False,False,True,False,False,False,False,0,1,2,True,False,True,False,1.0,True,0.013068,True,2014-07-19,2014-07-19,Pre-Seed,2014,6.0,True,True,False,False,0.0,0.0,False,False,False,False,True,False,False,False,True,True,False,False,0,0,False,False,False,True,True,True,True,True,True,True,True,True,True,True,True,2,1.0,True,True,True,False,False,False,False,False,False,False,False,True,True,7,0,False,2,0,0.0,0.0,0.30211947921662874,0.01688146713353587,0.01688146713353587,0.01688146713353587,0.01688146713353587,0.01688146713353587,0.01688146713353587,0.01688146713353587,0.01688146713353587,0.01688146713353587,0.0,0.0,0.0,1.0,0.0,0.0,0,0,0,0,1,1,0,1.6,3.214867803470662,False,False,False,False,False,False,,,0.0,6.0
647,Fashionote,https://www.crunchbase.com/organization/fashionote,Poland,52.2319581,21.0067249,2014,1.0,True,True,False,False,True,True,False,False,False,True,False,False,False,False,0,1,2,True,False,True,False,1.0,True,0.009801,True,2014-07-19,2014-07-19,Pre-Seed,2014,6.0,False,False,True,True,0.0,0.0,False,False,False,False,True,False,False,False,True,True,False,False,0,0,False,False,False,False,False,False,False,False,False,False,False,False,False,False,False,2,1.0,True,True,True,False,False,False,False,False,False,False,False,True,True,109,0,False,63,10,0.1587301587301587,0.1473247147568584,0.0,0.2860719384529201,0.2860719384529201,0.2860719384529201,0.2860719384529201,0.2860719384529201,0.2860719384529201,0.2860719384529201,0.2860719384529201,0.2860719384529201,0.0,0.0,0.0,1.0,0.0,0.0,0,0,0,0,0,0,0,1.6,3.214867803470662,False,False,False,False,False,False,,,2.0,5.0
405,Finebite (Everytap),https://www.crunchbase.com/organization/everytap,Poland,54.3706858,18.6129831,2014,3.0,False,False,False,False,False,False,True,False,False,True,False,False,False,False,0,1,1,False,True,False,False,0.0,False,0.82044,False,2014-12-02,2014-12-02,Seed,2014,44.0,True,,False,,0.0,2.0,False,,False,,False,,False,,False,,False,,1,0,True,,True,True,,True,,True,,True,,True,,True,,1,,True,,True,False,,False,False,False,False,False,False,True,True,8,0,False,7,0,0.0,0.0,0.2860719384529203,0.0,0.0,0.0,0.0,0.0,0.0,0.0,0.0,0.0,0.0,0.0,0.0,1.0,0.0,0.0,0,0,0,0,1,1,0,1.6,3.214867803470662,False,False,False,False,False,False,,,0.0,6.0
628,Pin Your Client,https://www.crunchbase.com/organization/pin-your-client,Poland,54.3706858,18.6129831,2014,2.0,True,False,False,False,True,False,False,False,False,True,False,False,False,False,0,1,2,True,False,False,False,1.0,True,0.009801,True,2014-07-19,2014-07-19,Seed,2014,6.0,True,True,False,False,0.0,0.0,False,False,False,False,True,False,False,False,True,True,False,False,2,1,True,True,True,True,True,True,True,True,True,True,True,True,True,True,True,2,1.0,True,True,True,False,False,False,False,False,False,False,False,True,True,8,0,False,7,0,0.0,0.0,0.2860719384529203,0.0,0.0,0.0,0.0,0.0,0.0,0.0,0.0,0.0,0.0,0.0,0.0,1.0,0.0,0.0,0,0,0,0,1,1,0,1.6,3.214867803470662,False,False,False,False,False,False,,,0.0,6.0
629,Smart 55,https://www.crunchbase.com/organization/smart-55,Poland,52.9154988,22.5131199,2014,1.0,True,False,False,False,False,True,False,False,False,True,True,False,False,False,0,1,1,False,True,False,True,1.0,True,0.840514,False,2014-09-02,2014-09-02,Seed,2014,12.0,False,False,True,True,21.0,0.0,False,False,False,False,False,False,False,False,False,False,False,False,0,0,False,False,False,False,False,False,False,False,False,False,False,False,False,False,False,0,0.0,False,False,False,True,True,False,False,False,False,False,False,True,True,3,0,False,1,0,0.0,0.0,0.1270384645971019,1.2640770948776872,1.2640770948776872,1.2640770948776872,0.0,0.0,0.0,1.2640770948776872,1.2640770948776872,1.2640770948776872,0.0,0.0,0.0,0.0,0.0,0.0,0,0,0,0,1,1,1,1.6,3.214867803470662,False,False,False,False,False,False,,,0.0,0.0
375,InterviewMe,https://www.crunchbase.com/organization/interviewme,Poland,52.2319581,21.0067249,2014,3.0,False,True,False,False,True,False,False,False,False,False,False,False,False,False,1,1,1,False,True,False,False,0.0,False,0.212571,True,2015-12-01,2015-12-01,Seed,2015,37.0,True,,False,,7.0,4.0,False,,False,,False,,False,,False,,False,,1,0,True,,True,True,,True,,True,,True,,True,,True,,1,,True,,True,True,,False,False,False,False,False,False,True,True,109,0,False,63,10,0.1587301587301587,0.1473247147568584,0.0,0.0,0.0,0.0,0.0,0.0,0.0,0.0,0.0,0.0,0.0,0.0,0.0,0.0,0.0,0.0,0,0,0,0,0,0,0,1.6,3.49650756146648,False,False,False,False,False,False,,,2.0,5.0
326,Nova Tracking,https://www.crunchbase.com/organization/nova-tracking-ltd,Poland,53.1219648,18.0002529,2014,2.0,True,False,False,False,True,False,False,False,False,True,False,False,False,False,4,1,1,False,True,False,True,1.0,True,0.53,False,2018-12-01,2018-12-01,Seed,2018,36.0,False,False,True,True,2.0,6.0,False,False,False,False,False,False,False,False,False,False,False,False,0,0,False,False,False,False,False,False,False,False,False,False,False,False,False,False,False,1,1.0,True,True,True,True,True,False,False,False,False,False,False,True,True,0,0,False,1,0,0.0,0.0,0.2255365188949248,0.22553651889492488,0.22553651889492488,0.22553651889492488,0.0,0.0,0.0,0.22553651889492488,0.22553651889492488,0.22553651889492488,0.0,0.0,0.0,0.0,0.0,0.0,0,0,0,0,1,1,1,1.6,3.535145354171894,False,False,False,False,False,False,,,0.0,0.0
509,Right Hello Sp. z o.o.,https://www.crunchbase.com/organization/right-hello-sp-z-o-o,Poland,51.1089776,17.0326689,2014,2.0,True,False,False,False,False,False,False,False,False,True,True,False,False,True,2,1,3,False,False,False,False,0.0,False,0.0,True,2016-08-05,2016-08-05,Seed,2016,21.333333333333332,False,,True,,5.0,2.7,False,,False,,False,,False,,False,,False,,0,0,False,,False,False,,False,,False,,False,,False,,False,,3,,True,,True,True,,False,False,False,False,False,False,True,True,20,0,False,9,1,0.1111111111111111,0.1053605156578263,0.21667097873246585,0.3011089548473384,0.3011089548473384,0.3011089548473384,0.3011089548473384,0.3011089548473384,0.3011089548473384,0.0,0.0,0.0,0.0,0.0,0.0,1.0,0.0,0.0,0,0,0,0,1,1,0,1.6,4.390738575275903,False,False,False,False,False,False,,,0.0,1.400000000000002
458,Zercado,https://www.crunchbase.com/organization/zercado,Poland,52.4082663,16.9335199,2014,1.0,False,False,False,False,False,False,False,False,False,True,False,False,False,False,1,1,1,False,True,False,False,0.0,False,0.076669,True,2015-12-22,2015-12-22,Seed,2015,4.0,False,,True,,0.0,0.0,False,,False,,False,,False,,False,,False,,0,0,False,,False,False,,False,,False,,False,,False,,False,,1,,True,,True,True,,False,False,False,False,False,False,True,True,12,0,False,18,3,0.1666666666666666,0.1541506798272582,0.23972769721803155,0.27750303392133147,0.27750303392133147,0.27750303392133147,0.27750303392133147,0.27750303392133147,0.27750303392133147,0.0,0.0,0.0,0.0,0.0,0.0,0.0,0.0,0.0,0,0,0,0,0,1,0,1.6,3.49650756146648,False,False,False,False,False,False,,,0.0,6.0
483,4screens,https://www.crunchbase.com/organization/4screens,Poland,52.2319581,21.0067249,2014,1.0,True,True,False,False,False,True,False,False,False,False,True,False,False,True,1,1,2,True,False,False,False,1.0,True,0.0,True,2015-03-10,2015-03-10,Seed,2015,48.5,True,True,False,False,13.0,12.0,False,False,False,False,False,False,False,False,False,False,False,False,2,1,True,True,True,True,True,True,True,True,True,True,True,True,True,True,True,2,1.0,True,True,True,True,True,False,False,False,False,False,False,True,True,109,0,False,63,10,0.1587301587301587,0.1473247147568584,0.0,0.0,0.0,0.0,0.0,0.0,0.0,0.0,0.0,0.0,0.0,0.0,0.0,3.0,0.0,0.0687619531421999,0,0,0,0,0,0,0,1.6,3.49650756146648,False,False,False,False,False,False,,,2.0,5.0
594,KoalaMetrics,https://www.crunchbase.com/organization/koalametrics,Poland,50.0619474,19.9368564,2014,3.0,True,False,False,False,False,True,False,False,False,True,True,False,False,False,1,1,1,False,True,True,True,1.0,True,0.091036,True,2015-02-20,2015-02-20,Pre-Seed,2015,48.0,False,False,True,True,3.0,8.0,False,False,False,False,True,True,False,False,False,False,False,False,0,0,False,False,False,False,False,False,False,False,False,False,False,False,False,False,False,0,0.0,False,False,False,True,True,False,False,False,False,True,True,True,True,20,0,False,26,4,0.1538461538461538,0.1431008436406733,0.25256392777356135,0.5296860541941094,0.5296860541941094,0.5296860541941094,0.0,0.0,0.0,0.5296860541941094,0.5296860541941094,0.5296860541941094,0.0,0.0,0.0,1.0,0.0,0.0,0,0,0,0,0,1,0,1.6,3.49650756146648,False,False,False,False,False,False,,,0.0,2.0
559,Blue Dot Solutions,https://www.crunchbase.com/organization/blue-dot-solutions,Poland,54.3706858,18.6129831,2014,2.0,True,False,False,False,True,False,False,False,False,True,True,False,False,False,0,1,1,False,True,False,True,1.0,True,0.311184,True,2014-09-14,2014-09-14,Seed,2014,44.0,True,True,False,False,0.0,2.0,False,False,False,False,False,False,False,False,False,False,False,False,1,1,True,True,True,True,True,True,True,True,True,True,True,True,True,True,True,1,1.0,True,True,True,False,False,False,False,False,False,False,False,True,True,8,0,False,7,0,0.0,0.0,0.2860719384529203,0.0,0.0,0.0,0.0,0.0,0.0,0.0,0.0,0.0,0.0,0.0,0.0,1.0,0.0,0.0,0,0,0,0,1,1,0,1.6,3.214867803470662,False,False,False,False,False,False,,,0.0,6.0
225,SiDLY,https://www.crunchbase.com/organization/sidly,Poland,52.2319581,21.0067249,2014,2.0,True,True,False,False,True,False,False,True,False,True,False,False,False,False,0,3,4,True,False,False,False,1.0,True,0.58,False,2014-07-31,2017-11-08,Seed,2014,38.5,True,True,True,False,5.8,6.2,True,False,False,False,False,False,False,False,False,False,False,False,3,1,True,True,False,True,True,True,True,True,True,True,True,True,True,True,True,4,1.0,True,True,True,True,True,False,False,False,False,False,False,True,True,109,0,False,63,10,0.1587301587301587,0.1473247147568584,0.0,0.06314098194339031,0.0,0.25256392777356124,0.0,0.08418797592452042,0.25256392777356124,0.0,0.0,0.0,0.12628196388678062,0.0,0.25256392777356124,6.0,2.0,0.2252883124345997,1,0,0,0,0,1,1,1.6,3.214867803470662,False,False,False,False,False,False,,,2.0,5.0
145,Senuto,https://www.crunchbase.com/organization/senuto,Poland,52.2319581,21.0067249,2014,2.0,True,True,False,False,False,False,False,False,False,True,True,False,False,False,3,2,3,True,False,False,False,2.0,True,2.04,False,2017-07-18,2020-01-23,Seed,2017,16.666666666666668,True,True,True,False,5.7,3.3,True,False,False,False,False,False,False,False,False,False,False,False,2,2,True,True,False,True,True,True,True,True,True,True,True,True,True,True,True,2,2.0,True,True,False,True,True,False,False,False,False,False,False,True,True,109,0,False,63,9,0.1428571428571428,0.1335313926245225,0.0,0.7114074194183093,0.0,2.134222258254928,2.134222258254928,2.134222258254928,2.134222258254928,0.0,0.0,0.0,1.4228148388366186,0.0,2.134222258254928,4.0,4.0,0.2388768829477851,1,0,0,0,0,1,0,1.6,3.843744164674851,True,False,False,True,True,True,2022-10-05,8.0,2.0,5.0
307,SAMITO,https://www.crunchbase.com/organization/savecart-834b,Poland,52.2319581,21.0067249,2014,2.0,True,True,False,False,True,True,False,False,False,True,True,False,False,False,4,1,1,False,True,False,True,1.0,True,0.8,False,2018-10-01,2018-10-01,Seed,2018,5.0,True,True,False,False,1.0,1.0,False,False,False,False,False,False,False,False,False,False,False,False,1,1,True,True,True,True,True,True,True,True,True,True,True,True,True,True,True,1,1.0,True,True,True,True,True,False,False,False,False,False,False,True,True,109,0,False,63,9,0.1428571428571428,0.1335313926245225,0.0,0.0,0.0,0.0,0.0,0.0,0.0,0.0,0.0,0.0,0.0,0.0,0.0,1.0,0.0,0.0,0,0,0,0,0,0,0,1.6,3.535145354171894,True,False,False,True,True,True,2023-05-08,9.0,2.0,5.0
264,NUADU,https://www.crunchbase.com/organization/nuadu,Poland,54.5164982,18.5402738,2014,2.0,True,False,False,False,False,True,False,False,False,True,False,False,False,False,4,1,1,False,True,False,True,1.0,True,1.761987,False,2018-08-13,2018-08-13,Seed,2018,6.0,False,False,True,True,2.0,1.0,True,True,False,False,False,False,False,False,False,False,False,False,0,0,False,False,False,False,False,False,False,False,False,False,False,False,False,False,False,1,1.0,True,True,True,True,True,False,False,False,False,False,False,True,True,7,0,False,2,0,0.0,0.0,0.30211947921662874,0.3021194792166289,0.3021194792166289,0.3021194792166289,0.0,0.0,0.0,0.3021194792166289,0.3021194792166289,0.3021194792166289,0.0,0.0,0.0,1.0,0.0,0.0,0,0,0,0,1,1,0,1.6,3.535145354171894,False,False,False,False,False,False,,,0.0,6.0
626,Shiny Group Sp. z o.o.,https://www.crunchbase.com/organization/shiny-group-sp-z-o-o,Poland,52.4082663,16.9335199,2015,2.0,False,False,False,False,False,True,False,False,False,True,False,False,False,False,1,1,2,False,False,False,False,0.0,False,0.0,True,2016-01-01,2016-01-01,Seed,2016,19.0,False,,True,,8.0,2.0,False,,False,,False,,False,,False,,False,,0,0,False,,False,False,,False,,False,,False,,False,,False,,1,,True,,True,True,,False,False,False,False,False,False,True,True,12,0,False,22,3,0.1363636363636363,0.1278333715098848,0.23972769721803155,0.27750303392133147,0.27750303392133147,0.27750303392133147,0.27750303392133147,0.27750303392133147,0.27750303392133147,0.0,0.0,0.0,0.0,0.0,0.0,2.0,0.0,0.0402231640645322,0,0,0,0,0,1,0,2.31,4.390738575275903,False,False,False,False,False,False,,,0.0,6.0
632,Kangur,https://www.crunchbase.com/organization/kangur,Poland,53.132398,23.1591679,2015,1.0,False,False,False,False,False,False,False,False,False,False,True,False,False,False,0,1,1,False,True,False,True,1.0,True,0.0,True,2015-05-10,2015-05-10,Seed,2015,24.0,False,False,True,True,6.0,1.0,False,False,False,False,False,False,False,False,False,False,False,False,0,0,False,False,False,False,False,False,False,False,False,False,False,False,False,False,False,1,1.0,True,True,True,True,True,False,False,False,False,False,False,True,True,3,0,False,0,0,0.0,0.0,0.17627752830162907,0.17627752830162904,0.17627752830162904,0.17627752830162904,0.0,0.0,0.0,0.17627752830162904,0.17627752830162904,0.17627752830162904,0.0,0.0,0.0,0.0,0.0,0.0,0,0,0,0,1,1,1,2.31,3.49650756146648,False,False,False,False,False,False,,,0.0,0.0
597,Sofia Soft,https://www.crunchbase.com/organization/sofia-soft,Poland,54.3706858,18.6129831,2015,1.0,True,False,False,False,False,False,False,False,False,True,False,False,False,False,0,1,1,False,True,False,True,1.0,True,0.178664,True,2015-03-30,2015-03-30,Seed,2015,44.0,True,True,False,False,1.0,2.0,False,False,False,False,False,False,False,False,False,False,False,False,1,1,True,True,True,True,True,True,True,True,True,True,True,True,True,True,True,1,1.0,True,True,True,False,False,False,False,False,False,False,False,True,True,8,0,False,13,1,0.0769230769230769,0.0741079721537218,0.2860719384529203,0.0,0.0,0.0,0.0,0.0,0.0,0.0,0.0,0.0,0.0,0.0,0.0,6.0,0.0,0.1242772544618494,0,0,0,0,1,1,1,2.31,3.49650756146648,False,False,False,False,False,False,,,0.0,6.0
643,Webumbrella Sp. z o.o.,https://www.crunchbase.com/organization/webumbrella-sp-z-o-o,Poland,53.4301818,14.5509623,2015,1.0,True,False,False,False,False,False,False,False,False,True,False,False,False,True,3,1,1,False,True,False,True,1.0,True,0.0,True,2018-01-01,2018-01-01,Seed,2018,37.0,False,False,True,True,10.0,4.0,False,False,False,False,False,False,False,False,False,False,False,False,0,0,False,False,False,False,False,False,False,False,False,False,False,False,False,False,False,1,1.0,True,True,True,True,True,False,False,False,False,False,False,True,True,2,0,False,5,0,0.0,0.0,0.1280607091322602,0.45351821156934913,0.45351821156934913,0.45351821156934913,0.0,0.0,0.0,0.45351821156934913,0.45351821156934913,0.45351821156934913,0.0,0.0,0.0,2.0,0.0,0.0402231640645322,0,0,0,0,1,0,1,2.31,3.535145354171894,False,False,False,False,False,False,,,0.2000000000000001,1.2000000000000002
436,InStream,https://www.crunchbase.com/organization/instream-io,Poland,52.4082663,16.9335199,2015,1.0,True,False,False,False,True,False,False,False,False,True,True,False,False,True,0,1,1,False,True,False,False,0.0,False,0.333973,True,2015-08-20,2015-08-20,Venture - Series Unknown,2015,51.0,True,,False,,6.0,6.0,False,,False,,False,,False,,False,,False,,1,0,True,,True,True,,True,,True,,True,,True,,True,,1,,True,,True,False,,False,False,False,False,False,False,True,True,12,0,False,22,3,0.1363636363636363,0.1278333715098848,0.23972769721803155,0.0,0.0,0.0,0.0,0.0,0.0,0.0,0.0,0.0,0.0,0.0,0.0,9.0,1.0,0.223391192774942,1,0,0,0,1,1,1,2.31,3.49650756146648,False,False,True,False,True,True,,,0.0,6.0
55,CallPage,https://www.crunchbase.com/organization/callpage,Poland,50.0619474,19.9368564,2015,2.0,True,False,False,False,True,True,False,False,False,True,True,False,False,True,0,4,3,True,False,True,False,2.0,True,2.208549,False,2015-06-29,2017-02-27,Series A,2015,113.6,False,False,True,True,3.6,5.4,False,False,True,False,True,False,False,False,False,False,False,False,0,0,False,False,False,False,False,False,False,False,False,False,False,False,False,False,False,4,3.0,True,True,False,True,True,False,False,False,False,False,False,True,True,20,0,False,33,4,0.1212121212121212,0.1144103511777442,0.25256392777356135,0.4193500125985564,0.25256392777356124,1.0864943518985373,0.25256392777356124,0.6695291398360492,1.0864943518985373,0.25256392777356124,0.25256392777356124,0.25256392777356124,0.33367117079102004,0.0,0.8341779269775501,2.0,0.0,0.0402231640645322,0,0,0,0,0,1,1,2.31,3.49650756146648,True,False,True,True,True,True,2022-01-20,7.0,0.0,2.0
52,StethoMe,https://www.crunchbase.com/organization/stethome,Poland,52.4082663,16.9335199,2015,5.0,True,False,False,False,True,True,False,True,False,True,False,False,False,False,0,2,4,True,False,True,False,2.0,True,4.187174,False,2015-10-01,2017-06-01,Series A,2015,28.75,True,True,True,True,3.5,3.0,False,False,False,False,False,False,False,False,False,False,False,False,2,1,True,True,False,True,True,True,True,True,True,True,True,True,True,True,True,3,2.0,True,True,False,True,True,False,False,False,False,False,False,True,True,12,0,False,22,3,0.1363636363636363,0.1278333715098848,0.23972769721803155,0.36240956352831233,0.0,1.1721352201919177,0.0,0.5860676100959589,1.1721352201919177,0.0,0.13875151696066573,0.27750303392133147,0.7248167426597297,0.0,1.4496239477318793,9.0,0.0,0.1596603108602024,0,0,0,0,1,1,1,2.31,3.49650756146648,False,False,True,False,True,True,,,0.0,6.0
540,Consonance,https://www.crunchbase.com/organization/consonance,Poland,50.0619474,19.9368564,2015,2.0,True,False,False,False,False,False,False,True,False,True,False,False,False,False,1,1,1,False,True,False,False,0.0,False,0.0,True,2016-12-15,2016-12-15,Seed,2016,24.0,False,,True,,5.0,3.0,False,,False,,False,,False,,False,,False,,0,0,False,,False,False,,False,,False,,False,,False,,False,,0,,False,,False,True,,False,False,False,False,True,True,True,True,20,0,False,33,5,0.1515151515151515,0.1410785982599055,0.25256392777356135,0.5296860541941094,0.5296860541941094,0.5296860541941094,0.5296860541941094,0.5296860541941094,0.5296860541941094,0.0,0.0,0.0,0.0,0.0,0.0,0.0,0.0,0.0,0,0,0,0,0,1,0,2.31,4.390738575275903,False,False,False,False,False,False,,,0.0,2.0
573,MixTube,https://www.crunchbase.com/organization/mixtube,Poland,52.2319581,21.0067249,2015,1.0,False,True,False,False,False,False,False,False,False,True,True,False,False,False,0,1,1,False,True,False,False,0.0,False,0.013224,True,2015-07-01,2015-07-01,Seed,2015,9.0,True,,False,,4.0,3.0,False,,False,,False,,False,,False,,False,,1,0,True,,True,True,,True,,True,,True,,True,,True,,1,,True,,True,True,,False,False,False,False,False,False,True,True,109,0,False,75,11,0.1466666666666666,0.1368591827171972,0.0,0.0,0.0,0.0,0.0,0.0,0.0,0.0,0.0,0.0,0.0,0.0,0.0,0.0,0.0,0.0,0,0,0,0,0,0,0,2.31,3.49650756146648,False,False,False,False,False,False,,,2.0,5.0
543,Rebel Module,https://www.crunchbase.com/organization/rebel-module,Poland,54.3706858,18.6129831,2015,1.0,False,False,False,False,False,False,False,False,False,False,False,False,True,False,0,1,1,False,True,False,True,1.0,True,0.205734,True,2015-03-30,2015-03-30,Seed,2015,44.0,True,True,False,False,1.0,2.0,False,False,False,False,False,False,False,False,False,False,False,False,1,1,True,True,True,True,True,True,True,True,True,True,True,True,True,True,True,1,1.0,True,True,True,False,False,False,False,False,False,False,False,True,True,8,0,False,13,1,0.0769230769230769,0.0741079721537218,0.2860719384529203,0.0,0.0,0.0,0.0,0.0,0.0,0.0,0.0,0.0,0.0,0.0,0.0,6.0,0.0,0.1242772544618494,0,0,0,0,1,1,1,2.31,3.49650756146648,False,False,False,False,False,False,,,0.0,6.0
561,REDS SA,https://www.crunchbase.com/organization/reds-sa,Poland,52.2319581,21.0067249,2015,1.0,False,True,True,False,False,False,False,False,False,True,False,True,False,False,1,1,2,False,False,False,False,0.0,False,0.0,True,2016-01-01,2016-01-01,Seed,2016,12.5,True,,False,,5.0,2.0,False,,False,,False,,False,,True,,False,,2,0,True,,True,True,,True,,True,,True,,True,,True,,2,,True,,True,True,,False,False,False,False,False,False,True,True,109,0,False,75,11,0.1466666666666666,0.1368591827171972,0.0,0.0,0.0,0.0,0.0,0.0,0.0,0.0,0.0,0.0,0.0,0.0,0.0,0.0,0.0,0.0,0,0,0,0,0,0,0,2.31,4.390738575275903,False,False,False,False,False,False,,,2.0,5.0
132,The Batteries,https://www.crunchbase.com/organization/the-batteries,Poland,49.5496875,21.7260321,2015,2.0,True,False,True,False,True,False,False,False,False,False,False,False,False,False,1,1,1,False,True,False,True,1.0,True,3.209571,False,2016-12-22,2016-12-22,Series A,2016,1.0,False,False,True,True,0.0,0.0,False,False,False,False,False,False,False,False,False,False,False,False,0,0,False,False,False,False,False,False,False,False,False,False,False,False,False,False,False,0,0.0,False,False,False,True,True,False,False,False,False,False,False,True,True,0,0,False,0,0,0.0,0.0,0.3024879054122014,1.2421539719366308,1.2421539719366308,1.2421539719366308,0.0,0.0,0.0,1.2421539719366308,1.2421539719366308,1.2421539719366308,0.0,0.0,0.0,0.0,0.0,0.0,0,0,0,0,1,1,1,2.31,4.390738575275903,False,False,True,False,True,True,,,0.0,0.0
423,Poltreg,https://www.crunchbase.com/organization/poltreg,Poland,54.3706858,18.6129831,2015,3.0,True,False,False,False,True,False,False,True,False,False,False,False,False,False,0,1,1,False,True,False,False,0.0,False,0.0,True,2015-12-04,2015-12-04,Seed,2015,10.0,False,,True,,0.0,1.0,False,,False,,False,,False,,False,,False,,0,0,False,,False,False,,False,,False,,False,,False,,False,,1,,True,,True,False,,False,False,False,False,False,False,True,True,8,0,False,13,0,0.0,0.0,0.2860719384529203,0.4875013680483671,0.4875013680483671,0.4875013680483671,0.4875013680483671,0.4875013680483671,0.4875013680483671,0.0,0.0,0.0,0.0,0.0,0.0,0.0,0.0,0.0,0,0,0,0,1,1,0,2.31,3.49650756146648,True,False,False,True,True,True,2021-11-23,6.0,0.0,6.0
121,Enelion,https://www.crunchbase.com/organization/enelion,Poland,54.3706858,18.6129831,2015,1.0,True,False,True,False,True,True,False,False,False,True,False,True,True,False,2,2,2,True,False,False,False,1.0,True,1.99989,False,2017-09-26,2021-04-19,Seed,2017,1.5,True,True,True,False,2.0,0.0,False,False,False,False,False,False,False,False,False,False,True,False,1,1,True,True,False,True,True,True,True,True,True,True,True,True,True,True,True,2,1.0,True,True,True,True,False,False,False,False,False,False,False,True,True,8,0,False,13,1,0.0769230769230769,0.0741079721537218,0.2860719384529203,0.14740039924551154,0.008728860038102986,0.2860719384529201,0.2860719384529201,0.2860719384529201,0.2860719384529201,0.008728860038102986,0.008728860038102986,0.008728860038102986,0.29449259892849206,0.29449259892849206,0.29449259892849206,0.0,0.0,0.0,0,0,0,0,1,1,0,2.31,3.843744164674851,False,False,False,False,False,False,,,0.0,6.0
169,Olympus Sky,https://www.crunchbase.com/organization/olympus-sky,Poland,51.7687323,19.4569911,2015,5.0,True,False,False,False,True,False,False,False,False,True,False,False,False,False,0,6,5,False,False,False,False,5.0,True,1.945937,False,2015-12-15,2020-06-25,Seed,2015,9.333333333333334,False,False,True,True,4.2,1.0,False,False,False,False,True,True,False,False,True,True,False,False,0,0,False,False,False,False,False,False,False,False,False,False,False,False,False,False,False,3,3.0,True,True,False,True,True,True,True,True,False,False,False,True,False,1,0,False,1,0,0.0,0.0,0.11793105937045416,4.87129921574514,0.11793105937045412,9.654795599589352,0.0,0.0,0.0,0.11793105937045412,4.87129921574514,9.654795599589352,7.699394784568787,0.0,14.189989962085638,0.0,0.0,0.0,0,0,0,0,1,0,0,2.31,3.49650756146648,False,False,False,False,False,False,,,1.2000000000000002,0.6000000000000001
406,Laparo,https://www.crunchbase.com/organization/laparo,Poland,51.1089776,17.0326689,2015,2.0,True,False,False,False,False,False,False,True,False,False,False,False,False,False,0,1,1,False,True,True,False,0.0,False,0.25,True,2015-12-02,2015-12-02,Pre-Seed,2015,22.0,False,,True,,4.0,0.0,False,,False,,False,,False,,False,,False,,0,0,False,,False,False,,False,,False,,False,,False,,False,,1,,True,,True,False,,False,False,False,False,False,False,True,True,20,0,False,13,1,0.0769230769230769,0.0741079721537218,0.21667097873246585,0.35196481341097446,0.35196481341097446,0.35196481341097446,0.35196481341097446,0.35196481341097446,0.35196481341097446,0.0,0.0,0.0,0.0,0.0,0.0,1.0,0.0,0.0,0,0,0,0,1,1,0,2.31,3.49650756146648,False,False,False,False,False,False,,,0.0,1.400000000000002
402,iGrid,https://www.crunchbase.com/organization/igrid,Poland,50.2414715,19.1414528,2015,3.0,True,False,False,False,True,False,False,False,False,True,False,False,False,False,3,1,1,False,True,False,True,1.0,True,0.876992,False,2018-01-17,2018-01-17,Seed,2018,44.0,False,False,True,True,4.0,2.0,False,False,False,False,False,False,False,False,False,False,False,False,0,0,False,False,False,False,False,False,False,False,False,False,False,False,False,False,False,1,1.0,True,True,True,False,False,False,False,False,False,False,False,True,True,5,0,False,4,1,0.25,0.2231435513142097,0.2565947474324324,0.4605477260711133,0.4605477260711133,0.4605477260711133,0.0,0.0,0.0,0.4605477260711133,0.4605477260711133,0.4605477260711133,0.0,0.0,0.0,1.0,0.0,0.0,0,0,0,0,1,1,1,2.31,3.535145354171894,False,False,False,False,False,False,,,0.0,0.0
441,Unigluko,https://www.crunchbase.com/organization/unigluko,Poland,50.0619474,19.9368564,2015,4.0,False,False,False,False,False,False,False,True,False,True,False,False,False,False,0,2,1,False,True,False,False,0.0,False,0.100587,True,2015-06-18,2016-07-30,Seed,2015,48.0,False,,True,,3.5,8.0,False,,False,,True,,False,,False,,False,,0,0,False,,False,False,,False,,False,,False,,False,,False,,0,,False,,False,True,,False,False,False,False,True,True,True,True,20,0,False,33,5,0.1515151515151515,0.1410785982599055,0.25256392777356135,0.5296860541941094,0.5296860541941094,0.5296860541941094,0.5296860541941094,0.5296860541941094,0.5296860541941094,0.0,0.0,0.0,0.0,0.0,0.0,1.0,0.0,0.0,0,0,0,0,0,1,0,2.31,3.49650756146648,False,False,False,False,False,False,,,0.0,2.0
187,Bisonte,https://www.crunchbase.com/organization/bisonte,Poland,50.0619474,19.9368564,2015,2.0,True,False,True,True,True,False,False,False,False,False,False,False,False,False,5,1,1,False,True,False,False,0.0,False,0.295413,True,2020-11-05,2020-11-05,Seed,2020,31.0,True,,False,,2.0,1.0,True,,False,,False,,False,,False,,False,,1,0,True,,True,True,,True,,True,,True,,True,,True,,1,,True,,True,False,,False,False,False,False,False,False,True,True,20,0,False,33,5,0.1515151515151515,0.1410785982599055,0.25256392777356135,0.0,0.0,0.0,0.0,0.0,0.0,0.0,0.0,0.0,0.0,0.0,0.0,1.0,0.0,0.0,0,0,0,0,0,1,0,2.31,4.93806460126142,False,False,False,False,False,False,,,0.0,2.0
399,PiktoRex,https://www.crunchbase.com/organization/piktorex,Poland,52.2319581,21.0067249,2015,1.0,True,True,False,False,True,False,False,True,False,False,False,False,False,False,0,1,1,False,True,False,True,1.0,True,0.273238,True,2015-12-03,2015-12-03,Seed,2015,44.0,False,False,True,True,1.0,2.0,False,False,False,False,False,False,False,False,False,False,False,False,0,0,False,False,False,False,False,False,False,False,False,False,False,False,False,False,False,1,1.0,True,True,True,False,False,False,False,False,False,False,False,True,True,109,0,False,75,11,0.1466666666666666,0.1368591827171972,0.0,0.2860719384529201,0.2860719384529201,0.2860719384529201,0.0,0.0,0.0,0.2860719384529201,0.2860719384529201,0.2860719384529201,0.0,0.0,0.0,1.0,0.0,0.0,0,0,0,0,0,0,0,2.31,3.49650756146648,False,False,False,False,False,False,,,2.0,5.0
191,Skriware,https://www.crunchbase.com/organization/skriware,Poland,52.2319581,21.0067249,2015,4.0,True,True,False,False,True,True,False,False,False,True,False,False,False,False,2,1,1,False,True,False,False,0.0,False,1.0,False,2017-01-01,2017-01-01,Series A,2017,9.0,True,,False,,6.0,3.0,False,,False,,False,,False,,False,,False,,1,0,True,,True,True,,True,,True,,True,,True,,True,,1,,True,,True,True,,False,False,False,False,False,False,True,True,109,0,False,75,11,0.1466666666666666,0.1368591827171972,0.0,0.0,0.0,0.0,0.0,0.0,0.0,0.0,0.0,0.0,0.0,0.0,0.0,3.0,0.0,0.0687619531421999,0,0,0,0,0,0,0,2.31,3.843744164674851,False,False,True,False,True,True,,,2.0,5.0
192,Elmodis,https://www.crunchbase.com/organization/elmodis,Poland,50.0619474,19.9368564,2015,3.0,True,False,True,False,True,False,False,False,False,True,False,True,False,False,0,2,3,False,False,False,False,0.0,False,5.15,False,2015-04-02,2017-04-09,Seed,2015,47.333333333333336,True,,True,,12.0,134.8,True,,True,,False,,False,,True,,True,,2,0,True,,False,True,,True,,True,,True,,True,,True,,2,,True,,False,True,,True,True,True,False,False,False,True,False,20,0,False,33,5,0.1515151515151515,0.1410785982599055,0.25256392777356135,2.669556996376454,0.0,9.601521561198366,0.0,2.669556996376454,9.601521561198366,0.0,0.0,0.0,5.024880973463056,0.0,9.601521561198366,5.0,0.0,0.1089851172067322,0,0,0,0,1,1,1,2.31,3.49650756146648,False,False,False,False,False,False,,,0.0,2.0
195,Papukurier,https://www.crunchbase.com/organization/papukurier,Poland,52.4082663,16.9335199,2015,2.0,True,False,False,False,True,True,False,False,False,False,False,False,False,False,2,2,3,True,False,False,False,1.0,True,1.284641,False,2017-09-06,2020-12-01,Seed,2017,15.666666666666666,False,False,True,True,0.3,1.3,False,False,False,False,False,False,True,False,True,True,False,False,0,0,False,False,False,False,False,False,False,False,False,False,False,False,False,False,False,3,1.0,True,True,True,True,True,False,False,False,False,False,False,True,True,12,0,False,22,3,0.1363636363636363,0.1278333715098848,0.23972769721803155,0.27750303392133147,0.27750303392133147,0.27750303392133147,0.27750303392133147,0.27750303392133147,0.27750303392133147,0.27750303392133147,0.27750303392133147,0.27750303392133147,0.0,0.0,0.0,0.0,0.0,0.0,0,0,0,0,0,1,0,2.31,3.843744164674851,False,False,False,False,False,False,,,0.0,6.0
444,PINmaster,https://www.crunchbase.com/organization/pinmaster,Poland,54.3706858,18.6129831,2015,1.0,True,False,False,False,False,False,False,False,False,True,False,False,False,False,0,1,1,False,True,True,True,1.0,True,0.038422,True,2015-07-25,2015-07-25,Pre-Seed,2015,44.0,True,True,False,False,1.0,2.0,False,False,False,False,False,False,False,False,False,False,False,False,1,1,True,True,True,True,True,True,True,True,True,True,True,True,True,True,True,1,1.0,True,True,True,False,False,False,False,False,False,False,False,True,True,8,0,False,13,1,0.0769230769230769,0.0741079721537218,0.2860719384529203,0.0,0.0,0.0,0.0,0.0,0.0,0.0,0.0,0.0,0.0,0.0,0.0,6.0,0.0,0.1242772544618494,0,0,0,0,1,1,1,2.31,3.49650756146648,False,False,False,False,False,False,,,0.0,6.0
447,Retixa,https://www.crunchbase.com/organization/retixa,Poland,52.2319581,21.0067249,2015,1.0,True,True,False,False,True,False,False,False,False,True,False,False,False,False,0,2,2,True,False,False,False,1.0,True,0.677666,False,2015-01-01,2015-06-08,Seed,2015,8.0,True,False,True,True,22.0,0.0,False,False,False,False,False,False,False,False,False,False,False,False,1,0,True,False,False,True,False,True,False,True,False,True,False,True,False,True,False,1,0.0,True,False,False,True,True,False,False,False,False,False,False,True,True,109,0,False,75,11,0.1466666666666666,0.1368591827171972,0.0,0.5797499285000831,0.0,1.1594998570001662,0.0,0.0,0.0,1.1594998570001662,1.1594998570001662,1.1594998570001662,1.1594998570001662,1.1594998570001662,1.1594998570001662,1.0,0.0,0.0,0,0,0,0,0,0,0,2.31,3.49650756146648,False,False,False,False,False,False,,,2.0,5.0
368,Parkanizer,https://www.crunchbase.com/organization/parkanizer,Poland,50.2598987,19.0215852,2015,1.0,True,False,False,False,True,True,False,False,False,True,False,False,False,False,0,1,1,False,True,False,True,1.0,True,0.551038,False,2015-12-09,2015-12-09,Seed,2015,44.0,False,False,True,True,1.0,2.0,False,False,False,False,False,False,False,False,False,False,False,False,0,0,False,False,False,False,False,False,False,False,False,False,False,False,False,False,False,1,1.0,True,True,True,False,False,False,False,False,False,False,False,True,True,5,0,False,5,1,0.2,0.1823215567939546,0.25916421899578,0.4579395562353889,0.4579395562353889,0.4579395562353889,0.0,0.0,0.0,0.4579395562353889,0.4579395562353889,0.4579395562353889,0.0,0.0,0.0,0.0,0.0,0.0,0,0,0,0,1,1,1,2.31,3.49650756146648,False,False,False,False,False,False,,,0.0,0.0
367,POLTISS,https://www.crunchbase.com/organization/poltiss,Poland,53.4301818,14.5509623,2015,2.0,True,False,False,False,True,False,False,True,False,False,False,False,False,False,2,1,1,False,True,False,True,1.0,True,0.551752,False,2017-08-16,2017-08-16,Seed,2017,14.0,False,False,True,True,1.0,0.0,True,True,False,False,False,False,False,False,False,False,False,False,0,0,False,False,False,False,False,False,False,False,False,False,False,False,False,False,False,1,1.0,True,True,True,False,False,False,False,False,False,False,False,True,True,2,0,False,5,0,0.0,0.0,0.1280607091322602,0.19601326924616178,0.19601326924616178,0.19601326924616178,0.0,0.0,0.0,0.19601326924616178,0.19601326924616178,0.19601326924616178,0.0,0.0,0.0,0.0,0.0,0.0,0,0,0,0,1,0,0,2.31,3.843744164674851,False,False,False,False,False,False,,,0.2000000000000001,1.2000000000000002
360,Luna,https://www.crunchbase.com/organization/nodelab-2,Poland,50.0619474,19.9368564,2015,3.0,True,False,False,False,False,False,False,False,False,True,False,False,False,False,0,2,2,True,False,True,False,1.0,True,0.95,False,2015-08-24,2016-11-04,Seed,2015,35.0,True,False,True,True,4.0,5.0,False,False,False,False,False,False,False,False,True,False,False,False,1,0,True,False,False,True,False,True,False,True,False,True,False,True,False,True,False,2,1.0,True,True,True,True,True,False,False,False,False,False,False,True,True,20,0,False,33,5,0.1515151515151515,0.1410785982599055,0.25256392777356135,0.12628196388678062,0.0,0.25256392777356124,0.0,0.0,0.0,0.25256392777356124,0.25256392777356124,0.25256392777356124,0.25256392777356124,0.25256392777356124,0.25256392777356124,7.0,0.0,0.1375239062843998,0,0,0,0,1,1,1,2.31,3.49650756146648,False,False,False,False,False,False,,,0.0,2.0
229,Onteon Tech,https://www.crunchbase.com/organization/onteon,Poland,50.0619474,19.9368564,2015,1.0,True,False,False,False,True,False,False,False,False,True,False,False,False,False,1,2,2,False,False,True,False,2.0,True,0.749574,False,2016-12-14,2020-11-23,Seed,2016,8.0,True,True,False,False,3.0,0.5,False,False,False,False,False,False,False,False,False,False,False,False,2,2,True,True,True,True,True,True,True,True,True,True,True,True,True,True,True,2,2.0,True,True,True,False,False,False,False,False,False,False,False,True,True,20,0,False,33,5,0.1515151515151515,0.1410785982599055,0.25256392777356135,0.0,0.0,0.0,0.0,0.0,0.0,0.0,0.0,0.0,0.0,0.0,0.0,0.0,0.0,0.0,0,0,0,0,0,1,0,2.31,4.390738575275903,False,False,False,False,False,False,,,0.0,2.0
452,Funiversity,https://www.crunchbase.com/organization/funiversity,Poland,52.2319581,21.0067249,2015,1.0,False,True,False,False,False,True,False,False,False,True,False,False,False,False,0,1,1,False,True,False,True,1.0,True,0.170113,True,2015-06-22,2015-06-22,Seed,2015,44.0,False,False,True,True,1.0,2.0,False,False,False,False,False,False,False,False,False,False,False,False,0,0,False,False,False,False,False,False,False,False,False,False,False,False,False,False,False,1,1.0,True,True,True,False,False,False,False,False,False,False,False,True,True,109,0,False,75,11,0.1466666666666666,0.1368591827171972,0.0,0.2860719384529201,0.2860719384529201,0.2860719384529201,0.0,0.0,0.0,0.2860719384529201,0.2860719384529201,0.2860719384529201,0.0,0.0,0.0,1.0,0.0,0.0,0,0,0,0,0,0,0,2.31,3.49650756146648,False,False,False,False,False,False,,,2.0,5.0
453,Woodpecker.co,https://www.crunchbase.com/organization/woodpecker-co,Poland,51.1089776,17.0326689,2015,2.0,True,False,False,False,False,False,False,False,False,True,False,False,False,False,0,2,2,True,False,True,False,1.0,True,0.0,True,2014-05-05,2015-05-14,Seed,2014,29.5,False,False,True,True,3.5,3.0,False,False,False,False,False,False,False,False,False,False,False,False,0,0,False,False,False,False,False,False,False,False,False,False,False,False,False,False,False,2,1.0,True,True,True,True,True,False,False,False,False,False,False,True,True,20,0,False,13,1,0.0769230769230769,0.0741079721537218,0.21667097873246585,0.3011089548473384,0.3011089548473384,0.3011089548473384,0.3011089548473384,0.3011089548473384,0.3011089548473384,0.3011089548473384,0.3011089548473384,0.3011089548473384,0.0,0.0,0.0,0.0,0.0,0.0,0,0,0,0,1,1,0,2.31,3.214867803470662,False,False,False,False,False,False,,,0.0,1.400000000000002
459,Sugester,https://www.crunchbase.com/organization/sugester,Poland,52.2319581,21.0067249,2015,3.0,True,True,False,False,False,False,False,False,False,True,False,False,False,True,0,1,1,False,True,False,False,0.0,False,0.279383,True,2015-05-14,2015-05-14,Seed,2015,51.0,True,,False,,3.0,4.0,False,,True,,False,,False,,False,,False,,1,0,True,,True,True,,True,,True,,True,,True,,True,,1,,True,,True,True,,False,False,False,False,False,False,True,True,109,0,False,75,11,0.1466666666666666,0.1368591827171972,0.0,0.0,0.0,0.0,0.0,0.0,0.0,0.0,0.0,0.0,0.0,0.0,0.0,5.0,2.0,0.2099961751794825,1,0,0,0,0,1,1,2.31,3.49650756146648,False,False,False,False,False,False,,,2.0,5.0
489,SellIntegro,https://www.crunchbase.com/organization/sellintegro,Poland,51.1089776,17.0326689,2015,2.0,True,False,False,False,False,True,False,False,False,False,False,False,False,False,4,2,1,False,True,False,False,0.0,False,0.0,True,2019-08-19,2020-10-06,Seed,2019,11.0,True,,False,,1.5,0.0,False,,False,,False,,False,,False,,False,,2,0,True,,True,True,,True,,True,,True,,True,,True,,2,,True,,True,False,,False,False,False,False,False,False,True,True,20,0,False,13,1,0.0769230769230769,0.0741079721537218,0.21667097873246585,0.0,0.0,0.0,0.0,0.0,0.0,0.0,0.0,0.0,0.0,0.0,0.0,1.0,0.0,0.0,0,0,0,0,1,1,0,2.31,4.619073091157083,False,False,False,False,False,False,,,0.0,1.400000000000002
567,Saloner,https://www.crunchbase.com/organization/saloner,Poland,53.7766839,20.476507,2015,2.0,False,False,False,False,False,True,False,False,False,True,False,False,False,False,0,1,1,False,True,False,True,1.0,True,0.0,True,2015-07-01,2015-07-01,Seed,2015,24.0,False,False,True,True,6.0,1.0,False,False,False,False,False,False,False,False,False,False,False,False,0,0,False,False,False,False,False,False,False,False,False,False,False,False,False,False,False,1,1.0,True,True,True,True,True,False,False,False,False,False,False,True,True,0,0,False,0,0,0.0,0.0,0.17538998947011344,0.1753899894701134,0.1753899894701134,0.1753899894701134,0.0,0.0,0.0,0.1753899894701134,0.1753899894701134,0.1753899894701134,0.0,0.0,0.0,0.0,0.0,0.0,0,0,0,0,1,1,1,2.31,3.49650756146648,False,False,False,False,False,False,,,0.0,0.0
504,Justtag Group,https://www.crunchbase.com/organization/justtag-group,Poland,52.2319581,21.0067249,2015,3.0,True,True,False,False,False,False,False,False,False,True,True,False,False,False,4,1,1,False,True,False,True,1.0,True,0.0,True,2019-01-29,2019-01-29,Seed,2019,48.0,False,False,True,True,7.0,8.0,False,False,False,False,True,True,False,False,False,False,False,False,0,0,False,False,False,False,False,False,False,False,False,False,False,False,False,False,False,0,0.0,False,False,False,True,True,False,False,False,False,True,True,True,True,109,0,False,75,11,0.1466666666666666,0.1368591827171972,0.0,0.5171746315891519,0.5171746315891519,0.5171746315891519,0.0,0.0,0.0,0.5171746315891519,0.5171746315891519,0.5171746315891519,0.0,0.0,0.0,0.0,0.0,0.0,0,0,0,0,0,0,0,2.31,4.619073091157083,False,False,False,False,False,False,,,2.0,5.0
204,Fluentbe,https://www.crunchbase.com/organization/fluentbe,Poland,52.2319581,21.0067249,2015,2.0,False,True,False,False,False,True,False,False,False,True,False,False,False,False,2,3,3,False,False,False,False,3.0,True,0.54,False,2017-07-01,2021-06-26,Seed,2017,39.0,True,True,True,True,6.3,4.0,False,False,False,False,False,False,False,False,False,False,False,False,2,2,True,True,False,True,True,True,True,True,True,True,True,True,True,True,True,3,3.0,True,True,True,True,True,False,False,False,False,False,False,True,True,109,0,False,75,11,0.1466666666666666,0.1368591827171972,0.0,0.09535731281764004,0.0,0.2860719384529201,0.0,0.0,0.0,0.0,0.09535731281764004,0.2860719384529201,0.19071462563528008,0.0,0.2860719384529201,9.0,0.0,0.1596603108602024,0,0,0,0,0,0,1,2.31,3.843744164674851,False,False,False,False,False,False,,,2.0,5.0
15,Packhelp,https://www.crunchbase.com/organization/packhelp,Poland,52.2319581,21.0067249,2015,6.0,True,True,False,False,True,True,False,False,False,True,False,False,False,False,2,2,6,True,False,False,False,3.0,True,2.71597,False,2017-04-07,2018-06-05,Series B,2017,77.0,True,True,True,True,3.6,12.7,False,False,True,True,False,False,True,True,False,False,False,False,2,2,True,True,False,True,True,True,True,True,True,True,True,True,True,True,True,2,2.0,True,True,False,True,True,False,False,False,False,True,False,True,True,109,0,False,75,10,0.1333333333333333,0.125163142954006,0.0,0.780866815147505,0.0,1.5993331034743288,1.0807239637088346,1.376560338305014,1.5993331034743288,0.0,0.18517329198999585,0.5555198759699874,1.1631987186035933,0.0,2.392723241777171,0.0,0.0,0.0,0,0,0,0,0,0,0,2.31,3.843744164674851,False,True,True,True,True,True,,,2.0,5.0
332,Nanoxo,https://www.crunchbase.com/organization/nanoxo,Poland,52.2319581,21.0067249,2016,3.0,True,True,False,False,True,False,False,False,False,False,False,False,False,False,3,1,1,False,True,False,True,1.0,True,0.262314,True,2019-03-14,2019-03-14,Seed,2019,44.0,False,False,True,True,5.0,2.0,False,False,False,False,False,False,False,False,False,False,False,False,0,0,False,False,False,False,False,False,False,False,False,False,False,False,False,False,False,1,1.0,True,True,True,False,False,False,False,False,False,False,False,True,True,109,0,False,101,14,0.1386138613861386,0.1298116115219906,0.0,0.2860719384529201,0.2860719384529201,0.2860719384529201,0.0,0.0,0.0,0.2860719384529201,0.2860719384529201,0.2860719384529201,0.0,0.0,0.0,4.0,0.0,0.0908983577180024,0,0,0,0,0,0,0,1.97,4.619073091157083,False,False,False,False,False,False,,,2.0,5.0
316,PelviFly,https://www.crunchbase.com/organization/pelvifly,Poland,52.2319581,21.0067249,2016,1.0,False,True,False,False,False,True,False,True,False,True,False,False,False,False,4,1,1,False,True,True,True,1.0,True,0.242604,True,2020-05-21,2020-05-21,Pre-Seed,2020,39.0,False,False,True,True,1.0,0.0,False,False,False,False,False,False,False,False,False,False,False,False,0,0,False,False,False,False,False,False,False,False,False,False,False,False,False,False,False,1,1.0,True,True,True,False,False,False,False,False,False,False,False,True,True,109,0,False,101,14,0.1386138613861386,0.1298116115219906,0.0,0.27750303392133147,0.27750303392133147,0.27750303392133147,0.0,0.0,0.0,0.27750303392133147,0.27750303392133147,0.27750303392133147,0.0,0.0,0.0,2.0,0.0,0.0402231640645322,0,0,0,0,0,0,0,1.97,4.93806460126142,False,False,False,False,False,False,,,2.0,5.0
338,Quotiss,https://www.crunchbase.com/organization/quotiss,Poland,52.2319581,21.0067249,2016,3.0,True,True,False,False,True,False,False,False,False,True,False,False,False,True,1,1,1,False,True,False,False,0.0,False,0.12,True,2017-01-25,2017-01-25,Seed,2017,0.0,False,,True,,11.0,545.0,False,,True,,True,,False,,False,,False,,0,0,False,,False,False,,False,,False,,False,,False,,False,,0,,False,,False,False,,True,True,True,True,False,False,False,False,109,0,False,101,14,0.1386138613861386,0.1298116115219906,0.0,8.524182290234119,8.524182290234119,8.524182290234119,8.524182290234119,8.524182290234119,8.524182290234119,0.0,0.0,0.0,0.0,0.0,0.0,0.0,0.0,0.0,0,0,0,0,0,0,0,1.97,3.843744164674851,False,False,False,False,False,False,,,2.0,5.0
252,Photon Entertainment,https://www.crunchbase.com/organization/photon-entertainment,Poland,53.132398,23.1591679,2016,3.0,True,False,False,False,True,False,False,False,False,True,False,False,False,False,3,1,1,False,True,False,True,1.0,True,1.650472,False,2019-09-16,2019-09-16,Seed,2019,5.0,False,False,True,True,2.0,0.0,False,False,False,False,False,False,False,False,False,False,False,False,0,0,False,False,False,False,False,False,False,False,False,False,False,False,False,False,False,1,1.0,True,True,True,False,False,False,False,False,False,False,False,True,True,3,0,False,1,0,0.0,0.0,0.17627752830162907,0.4747286946376697,0.4747286946376697,0.4747286946376697,0.0,0.0,0.0,0.4747286946376697,0.4747286946376697,0.4747286946376697,0.0,0.0,0.0,0.0,0.0,0.0,0,0,0,0,1,1,1,1.97,4.619073091157083,False,False,False,False,False,False,,,0.0,0.0
296,Lerta,https://www.crunchbase.com/organization/lerta,Poland,52.4082663,16.9335199,2016,1.0,True,False,True,False,False,False,False,False,False,True,False,False,False,False,2,1,2,False,False,False,False,0.0,False,0.67,False,2018-04-25,2018-04-25,Seed,2018,9.5,False,,True,,1.0,0.0,True,,False,,False,,False,,False,,True,,0,0,False,,False,False,,False,,False,,False,,False,,False,,2,,True,,True,True,,False,False,False,False,False,False,True,True,12,0,False,26,3,0.1153846153846153,0.1091992919649919,0.23972769721803155,0.27750303392133147,0.27750303392133147,0.27750303392133147,0.27750303392133147,0.27750303392133147,0.27750303392133147,0.0,0.0,0.0,0.0,0.0,0.0,0.0,0.0,0.0,0,0,0,0,0,1,0,1.97,3.535145354171894,False,False,False,False,False,False,,,0.0,6.0
295,Fandla,https://www.crunchbase.com/organization/fandla-com,Poland,52.2319581,21.0067249,2016,2.0,True,True,False,False,False,False,False,False,False,True,False,False,False,False,2,2,2,False,False,False,False,2.0,True,1.317981,False,2018-01-16,2018-10-29,Seed,2018,7.0,True,True,True,True,1.0,0.5,False,False,False,False,False,False,False,False,True,True,False,False,1,1,True,True,False,True,True,True,True,True,True,True,True,True,True,True,True,2,2.0,True,True,True,True,True,False,False,False,False,False,False,True,True,109,0,False,101,14,0.1386138613861386,0.1298116115219906,0.0,0.1505544774236692,0.0,0.3011089548473384,0.0,0.0,0.0,0.0,0.1505544774236692,0.3011089548473384,0.3011089548473384,0.3011089548473384,0.3011089548473384,3.0,1.0,0.1324928350569394,0,0,0,0,0,0,0,1.97,3.535145354171894,False,False,False,False,False,False,,,2.0,5.0
291,SEEDiA,https://www.crunchbase.com/organization/seedia,Poland,50.0619474,19.9368564,2016,2.0,True,False,True,True,True,True,False,False,False,True,False,True,False,False,1,1,1,False,True,False,True,1.0,True,0.265,True,2017-07-17,2017-07-17,Seed,2017,36.0,False,False,True,True,1.0,6.0,False,False,False,False,False,False,False,False,False,False,False,False,0,0,False,False,False,False,False,False,False,False,False,False,False,False,False,False,False,1,1.0,True,True,True,True,True,False,False,False,False,False,False,True,True,20,0,False,42,6,0.1428571428571428,0.1335313926245225,0.25256392777356135,0.25256392777356124,0.25256392777356124,0.25256392777356124,0.0,0.0,0.0,0.25256392777356124,0.25256392777356124,0.25256392777356124,0.0,0.0,0.0,1.0,0.0,0.0,0,0,0,0,0,1,0,1.97,3.843744164674851,False,False,False,False,False,False,,,0.0,2.0
288,Edward.ai,https://www.crunchbase.com/organization/2040-io,Poland,50.0619474,19.9368564,2016,1.0,True,False,False,False,True,False,False,False,False,True,True,False,False,False,2,1,1,False,True,True,True,1.0,True,0.294096,True,2018-03-03,2018-03-03,Pre-Seed,2018,14.0,False,False,True,True,2.0,0.0,True,True,False,False,False,False,False,False,False,False,False,False,0,0,False,False,False,False,False,False,False,False,False,False,False,False,False,False,False,1,1.0,True,True,True,False,False,False,False,False,False,False,False,True,True,20,0,False,42,6,0.1428571428571428,0.1335313926245225,0.25256392777356135,0.3342898444380103,0.3342898444380103,0.3342898444380103,0.0,0.0,0.0,0.3342898444380103,0.3342898444380103,0.3342898444380103,0.0,0.0,0.0,0.0,0.0,0.0,0,0,0,0,0,1,0,1.97,3.535145354171894,False,False,False,False,False,False,,,0.0,2.0
282,Whirla,https://www.crunchbase.com/organization/whirla,Poland,52.2319581,21.0067249,2016,3.0,True,True,False,False,False,False,False,False,False,True,False,False,True,False,4,1,1,False,True,True,True,1.0,True,0.258699,True,2020-09-30,2020-09-30,Pre-Seed,2020,39.0,False,False,True,True,1.0,0.0,False,False,False,False,False,False,False,False,False,False,False,False,0,0,False,False,False,False,False,False,False,False,False,False,False,False,False,False,False,1,1.0,True,True,True,False,False,False,False,False,False,False,False,True,True,109,0,False,101,14,0.1386138613861386,0.1298116115219906,0.0,0.27750303392133147,0.27750303392133147,0.27750303392133147,0.0,0.0,0.0,0.27750303392133147,0.27750303392133147,0.27750303392133147,0.0,0.0,0.0,2.0,0.0,0.0402231640645322,0,0,0,0,0,0,0,1.97,4.93806460126142,False,False,False,False,False,False,,,2.0,5.0
396,Gamekraft,https://www.crunchbase.com/organization/gamekraft,Poland,53.7766839,20.476507,2016,1.0,False,False,False,False,False,True,False,False,False,False,True,False,False,False,0,1,1,False,True,False,True,1.0,True,0.151822,True,2016-09-14,2016-09-14,Seed,2016,12.0,False,False,True,True,23.0,0.0,False,False,False,False,False,False,False,False,False,False,False,False,0,0,False,False,False,False,False,False,False,False,False,False,False,False,False,False,False,0,0.0,False,False,False,True,True,False,False,False,False,False,False,True,True,0,0,False,2,0,0.0,0.0,0.17538998947011344,1.140707816117722,1.140707816117722,1.140707816117722,0.0,0.0,0.0,1.140707816117722,1.140707816117722,1.140707816117722,0.0,0.0,0.0,0.0,0.0,0.0,0,0,0,0,1,1,1,1.97,4.390738575275903,False,False,False,False,False,False,,,0.0,0.0
407,AdMonks,https://www.crunchbase.com/organization/admonks,Poland,52.5180765,20.7289133,2016,3.0,True,False,False,False,False,True,False,False,False,False,True,False,False,False,2,1,2,True,False,False,False,1.0,True,0.401343,True,2018-07-01,2018-07-01,Seed,2018,13.5,True,True,False,False,1.5,1.5,False,False,False,False,False,False,True,False,True,True,False,False,0,0,False,False,False,True,True,True,True,True,True,True,True,False,False,False,False,2,1.0,True,True,True,True,True,False,False,False,False,False,False,True,True,109,0,False,3,0,0.0,0.0,0.03698430244278878,0.03698430244278875,0.03698430244278875,0.03698430244278875,0.03698430244278875,0.03698430244278875,0.03698430244278875,0.03698430244278875,0.03698430244278875,0.03698430244278875,0.0,0.0,0.0,2.0,5.0,0.2049651039520221,1,0,0,0,1,1,1,1.97,3.535145354171894,False,False,False,False,False,False,,,5.0,2.0
416,iMeshup,https://www.crunchbase.com/organization/imeshup,Poland,51.250559,22.5701022,2016,2.0,True,False,False,False,False,True,False,False,False,True,False,False,False,False,1,2,2,True,False,True,False,1.0,True,0.35,True,2017-05-01,2018-10-04,Pre-Seed,2017,29.5,False,False,True,True,8.5,1.0,False,False,False,False,True,False,True,False,False,False,False,False,0,0,False,False,False,False,False,False,False,False,False,False,False,False,False,False,False,1,1.0,True,True,False,True,True,False,False,False,False,False,False,True,True,4,0,False,2,0,0.0,0.0,0.1532766390685305,0.39525120749441406,0.15327663906853053,0.6372257759202977,0.6372257759202977,0.6372257759202977,0.6372257759202977,0.15327663906853053,0.15327663906853053,0.15327663906853053,0.5553299092303307,0.5553299092303307,0.5553299092303307,0.0,0.0,0.0,0,0,0,0,1,1,1,1.97,3.843744164674851,False,False,False,False,False,False,,,0.0,0.0
414,4NatureSystem,https://www.crunchbase.com/organization/4naturesystem,Poland,52.2319581,21.0067249,2016,1.0,True,True,False,False,False,False,False,False,False,True,False,False,True,False,4,1,1,False,True,True,True,1.0,True,0.270713,True,2020-12-23,2020-12-23,Pre-Seed,2020,32.0,True,True,False,False,3.0,0.0,True,True,False,False,False,False,False,False,False,False,False,False,1,1,True,True,True,True,True,True,True,True,True,True,True,True,True,True,True,1,1.0,True,True,True,True,True,False,False,False,False,False,False,True,True,109,0,False,101,14,0.1386138613861386,0.1298116115219906,0.0,0.0,0.0,0.0,0.0,0.0,0.0,0.0,0.0,0.0,0.0,0.0,0.0,3.0,1.0,0.1324928350569394,0,0,0,0,0,0,0,1.97,4.93806460126142,False,False,False,False,False,False,,,2.0,5.0
365,Scanye,https://www.crunchbase.com/organization/scanye,Poland,52.2319581,21.0067249,2016,1.0,True,True,False,False,True,False,False,False,True,False,False,False,False,False,1,2,2,False,False,False,False,2.0,True,0.278237,True,2017-06-01,2019-10-22,Seed,2017,23.5,False,False,True,True,2.5,1.5,False,False,False,False,True,True,False,False,False,False,False,False,0,0,False,False,False,False,False,False,False,False,False,False,False,False,False,False,False,1,1.0,True,True,False,True,True,False,False,False,False,False,False,True,True,109,0,False,101,14,0.1386138613861386,0.1298116115219906,0.0,0.5839772562881166,0.25256392777356124,0.915390584802672,0.0,0.0,0.0,0.25256392777356124,0.5839772562881166,0.915390584802672,1.167515153296466,1.167515153296466,1.167515153296466,0.0,0.0,0.0,0,0,0,0,0,0,0,1.97,3.843744164674851,False,False,False,False,False,False,,,2.0,5.0
359,EcoLife,https://www.crunchbase.com/organization/ecolife-2,Poland,50.0619474,19.9368564,2016,2.0,True,False,False,False,False,True,False,True,False,True,False,True,False,False,0,2,2,False,False,False,False,0.0,False,0.947047,False,2016-05-07,2018-05-11,Seed,2016,8.0,True,,True,,1.5,0.0,True,,False,,False,,False,,False,,False,,1,0,True,,False,True,,True,,True,,True,,True,,True,,2,,True,,True,True,,False,False,False,False,False,False,True,True,20,0,False,42,6,0.1428571428571428,0.1335313926245225,0.25256392777356135,0.12628196388678062,0.0,0.25256392777356124,0.0,0.12628196388678062,0.25256392777356124,0.0,0.0,0.0,0.25256392777356124,0.25256392777356124,0.25256392777356124,0.0,0.0,0.0,0,0,0,0,0,1,0,1.97,4.390738575275903,False,False,False,False,False,False,,,0.0,2.0
354,bNesis,https://www.crunchbase.com/organization/bnesis,Poland,52.2319581,21.0067249,2016,2.0,True,True,False,False,False,False,False,False,False,True,False,False,False,False,0,3,6,True,False,True,False,3.0,True,0.622457,False,2016-08-09,2017-12-14,Seed,2016,126.16666666666669,True,True,True,True,3.5,5.7,True,False,True,True,True,True,False,False,False,False,True,False,1,1,True,True,False,True,True,True,True,True,True,True,True,True,True,True,True,2,2.0,True,True,False,True,True,True,True,True,False,False,False,True,False,109,0,False,101,14,0.1386138613861386,0.1298116115219906,0.0,2.560683047231877,0.0,6.853761792057567,0.544893738377246,4.750805774164127,6.853761792057567,0.0,0.3705603202996272,0.8341779269775501,3.916654444095179,0.0,7.007567819678539,12.0,1.0,0.2494183912768929,1,0,0,0,0,0,1,1.97,4.390738575275903,False,False,False,False,False,False,,,2.0,5.0
390,Plantalux,https://www.crunchbase.com/organization/plantalux,Poland,51.226236,22.4614994,2016,2.0,True,False,False,False,True,True,True,False,False,True,False,False,False,False,2,1,1,False,True,False,True,1.0,True,0.79,False,2018-04-04,2018-04-04,Seed,2018,10.0,False,False,True,True,1.0,0.0,True,True,False,False,False,False,False,False,False,False,False,False,0,0,False,False,False,False,False,False,False,False,False,False,False,False,False,False,False,1,1.0,True,True,True,True,True,False,False,False,False,False,False,True,True,4,0,False,2,0,0.0,0.0,0.1501434481837009,0.1501434481837008,0.1501434481837008,0.1501434481837008,0.0,0.0,0.0,0.1501434481837008,0.1501434481837008,0.1501434481837008,0.0,0.0,0.0,0.0,0.0,0.0,0,0,0,0,1,1,1,1.97,3.535145354171894,False,False,False,False,False,False,,,0.0,0.0
389,FitAdept,https://www.crunchbase.com/organization/fitadept,Poland,52.2319581,21.0067249,2016,2.0,False,True,False,False,False,True,False,True,False,False,False,False,False,False,4,1,1,False,True,True,True,1.0,True,0.235,True,2020-01-23,2020-01-23,Pre-Seed,2020,10.0,True,True,False,False,3.0,0.0,True,True,False,False,False,False,False,False,False,False,False,False,1,1,True,True,True,True,True,True,True,True,True,True,True,True,True,True,True,1,1.0,True,True,True,True,True,False,False,False,False,False,False,True,True,109,0,False,101,14,0.1386138613861386,0.1298116115219906,0.0,0.0,0.0,0.0,0.0,0.0,0.0,0.0,0.0,0.0,0.0,0.0,0.0,1.0,1.0,0.0637308819147395,0,0,0,0,0,0,0,1.97,4.93806460126142,False,False,False,False,False,False,,,2.0,5.0
369,Emerald,https://www.crunchbase.com/organization/emerald-2,Poland,51.1089776,17.0326689,2016,3.0,True,False,False,False,False,True,False,False,False,True,False,False,False,True,0,1,1,False,True,True,False,0.0,False,0.25,True,2015-09-29,2015-09-29,Pre-Seed,2015,22.0,False,,True,,4.0,0.0,False,,False,,False,,False,,False,,False,,0,0,False,,False,False,,False,,False,,False,,False,,False,,1,,True,,True,False,,False,False,False,False,False,False,True,True,20,0,False,19,2,0.1052631578947368,0.1000834585569824,0.21667097873246585,0.35196481341097446,0.35196481341097446,0.35196481341097446,0.35196481341097446,0.35196481341097446,0.35196481341097446,0.0,0.0,0.0,0.0,0.0,0.0,1.0,0.0,0.0,0,0,0,0,1,1,0,1.97,3.49650756146648,False,False,False,False,False,False,,,0.0,1.400000000000002
388,No Spoilers,https://www.crunchbase.com/organization/stktk,Poland,54.1558708,19.4044583,2016,2.0,True,False,False,False,False,True,True,False,False,True,False,False,False,False,3,1,1,False,True,False,True,1.0,True,0.261496,True,2019-05-01,2019-05-01,Seed,2019,32.0,False,False,True,True,2.0,0.0,True,True,False,False,False,False,False,False,False,False,False,False,0,0,False,False,False,False,False,False,False,False,False,False,False,False,False,False,False,1,1.0,True,True,True,True,True,False,False,False,False,False,False,True,True,1,0,False,0,0,0.0,0.0,0.2390644388313465,0.23906443883134657,0.23906443883134657,0.23906443883134657,0.0,0.0,0.0,0.23906443883134657,0.23906443883134657,0.23906443883134657,0.0,0.0,0.0,0.0,0.0,0.0,0,0,0,0,1,1,1,1.97,4.619073091157083,False,False,False,False,False,False,,,0.0,0.0
381,Dailyvery,https://www.crunchbase.com/organization/dailyvery,Poland,52.2319581,21.0067249,2016,1.0,False,True,False,False,True,False,True,False,False,False,False,False,False,False,1,1,1,False,True,False,True,1.0,True,0.799721,False,2017-07-01,2017-07-01,Seed,2017,12.0,False,False,True,True,24.0,0.0,False,False,False,False,False,False,False,False,False,False,False,False,0,0,False,False,False,False,False,False,False,False,False,False,False,False,False,False,False,0,0.0,False,False,False,True,True,False,False,False,False,False,False,True,True,109,0,False,101,14,0.1386138613861386,0.1298116115219906,0.0,1.1594998570001662,1.1594998570001662,1.1594998570001662,0.0,0.0,0.0,1.1594998570001662,1.1594998570001662,1.1594998570001662,0.0,0.0,0.0,3.0,0.0,0.0687619531421999,0,0,0,0,0,0,0,1.97,3.843744164674851,False,False,False,False,False,False,,,2.0,5.0
528,Lunching.pl,https://www.crunchbase.com/organization/lunching-pl,Poland,50.0619474,19.9368564,2016,1.0,True,False,False,False,True,False,True,True,False,False,False,False,False,False,3,1,3,True,False,False,False,2.0,True,0.0,True,2019-06-14,2019-06-14,Seed,2019,19.666666666666668,False,False,True,True,2.3,2.7,False,False,False,False,False,False,True,True,False,False,False,False,0,0,False,False,False,False,False,False,False,False,False,False,False,False,False,False,False,1,1.0,True,True,False,True,True,True,True,False,False,False,False,True,False,20,0,False,42,5,0.119047619047619,0.1124779834266902,0.25256392777356135,2.5500814726593384,0.25256392777356124,6.407759376325527,6.407759376325527,6.407759376325527,6.407759376325527,0.25256392777356124,0.6212425208262449,0.9899211138789284,4.95305428737234,1.0807239637088346,7.376420540521353,0.0,0.0,0.0,0,0,0,0,0,1,0,1.97,4.619073091157083,True,False,False,True,True,True,2022-05-05,6.0,0.0,2.0
448,LiveCall,https://www.crunchbase.com/organization/livecall,Poland,52.2319581,21.0067249,2016,4.0,True,True,False,False,False,False,False,False,False,True,True,False,False,False,0,1,2,True,False,True,False,1.0,True,0.054344,True,2016-01-21,2016-01-21,Pre-Seed,2016,74.5,False,False,True,True,5.0,12.0,False,False,False,False,True,False,False,False,False,False,False,False,0,0,False,False,False,False,False,False,False,False,False,False,False,False,False,False,False,1,1.0,True,True,False,True,False,False,False,False,False,True,False,True,True,109,0,False,101,13,0.1287128712871287,0.1210779315532359,0.0,0.3973388327552417,0.27750303392133147,0.5171746315891519,0.5171746315891519,0.5171746315891519,0.5171746315891519,0.27750303392133147,0.27750303392133147,0.27750303392133147,0.2397276972180316,0.2397276972180316,0.2397276972180316,7.0,0.0,0.1375239062843998,0,0,0,0,0,0,1,1.97,4.390738575275903,True,False,False,True,True,True,2023-10-09,7.0,2.0,5.0
427,HTML5 Meeting,https://www.crunchbase.com/organization/html5-meeting,Poland,54.3706858,18.6129831,2016,2.0,True,False,False,False,False,False,False,False,False,True,True,False,False,False,0,1,1,False,True,False,True,1.0,True,0.145715,True,2016-10-04,2016-10-04,Seed,2016,44.0,True,True,False,False,2.0,2.0,False,False,False,False,False,False,False,False,False,False,False,False,1,1,True,True,True,True,True,True,True,True,True,True,True,True,True,True,True,1,1.0,True,True,True,False,False,False,False,False,False,False,False,True,True,8,0,False,15,1,0.0666666666666666,0.0645385211375711,0.2860719384529203,0.0,0.0,0.0,0.0,0.0,0.0,0.0,0.0,0.0,0.0,0.0,0.0,7.0,0.0,0.1375239062843998,0,0,0,0,1,1,1,1.97,4.390738575275903,False,False,False,False,False,False,,,0.0,6.0
424,Smablo,https://www.crunchbase.com/organization/smablo,Poland,52.2319581,21.0067249,2016,4.0,False,True,False,False,True,False,False,False,False,True,False,False,False,False,0,1,1,False,True,True,True,1.0,True,0.1,True,2016-11-10,2016-11-10,Pre-Seed,2016,7.0,False,False,True,True,0.0,0.0,False,False,False,False,False,False,False,False,False,False,False,False,0,0,False,False,False,False,False,False,False,False,False,False,False,False,False,False,False,0,0.0,False,False,False,False,False,True,True,False,False,False,False,False,False,109,0,False,101,14,0.1386138613861386,0.1298116115219906,0.0,9.399106873542339,9.399106873542339,9.399106873542339,0.0,0.0,0.0,9.399106873542339,9.399106873542339,9.399106873542339,0.0,0.0,0.0,1.0,0.0,0.0,0,0,0,0,0,0,0,1.97,4.390738575275903,False,False,False,False,False,False,,,2.0,5.0
422,Literacka,https://www.crunchbase.com/organization/literacka,Poland,53.7766839,20.476507,2016,2.0,True,False,False,False,False,False,False,False,False,True,False,False,False,False,3,1,1,False,True,False,True,1.0,True,0.267856,True,2019-01-10,2019-01-10,Seed,2019,32.0,False,False,True,True,2.0,0.0,True,True,False,False,False,False,False,False,False,False,False,False,0,0,False,False,False,False,False,False,False,False,False,False,False,False,False,False,False,1,1.0,True,True,True,True,True,False,False,False,False,False,False,True,True,0,0,False,2,0,0.0,0.0,0.17538998947011344,0.1753899894701134,0.1753899894701134,0.1753899894701134,0.0,0.0,0.0,0.1753899894701134,0.1753899894701134,0.1753899894701134,0.0,0.0,0.0,0.0,0.0,0.0,0,0,0,0,1,1,1,1.97,4.619073091157083,False,False,False,False,False,False,,,0.0,0.0
442,mobiCTG,https://www.crunchbase.com/organization/mobictg,Poland,52.2319581,21.0067249,2016,1.0,True,True,False,False,False,False,False,True,False,False,False,False,False,False,0,1,1,False,True,False,True,1.0,True,0.151,True,2016-06-01,2016-06-01,Seed,2016,12.0,False,False,True,True,23.0,0.0,False,False,False,False,False,False,False,False,False,False,False,False,0,0,False,False,False,False,False,False,False,False,False,False,False,False,False,False,False,0,0.0,False,False,False,True,True,False,False,False,False,False,False,True,True,109,0,False,101,14,0.1386138613861386,0.1298116115219906,0.0,1.1594998570001662,1.1594998570001662,1.1594998570001662,0.0,0.0,0.0,1.1594998570001662,1.1594998570001662,1.1594998570001662,0.0,0.0,0.0,2.0,0.0,0.0402231640645322,0,0,0,0,0,0,0,1.97,4.390738575275903,False,False,False,False,False,False,,,2.0,5.0
497,Prodio,https://www.crunchbase.com/organization/prodio,Poland,50.2598987,19.0215852,2016,1.0,True,False,False,False,True,False,False,False,False,True,False,False,False,False,4,1,1,False,True,False,False,0.0,False,0.0,True,2020-01-27,2020-01-27,Seed,2020,51.0,False,,True,,11.0,6.0,False,,False,,False,,False,,False,,False,,0,0,False,,False,False,,False,,False,,False,,False,,False,,1,,True,,True,False,,False,False,False,False,False,False,True,True,5,0,False,6,1,0.1666666666666666,0.1541506798272582,0.25916421899578,0.2794547353978967,0.2794547353978967,0.2794547353978967,0.2794547353978967,0.2794547353978967,0.2794547353978967,0.0,0.0,0.0,0.0,0.0,0.0,0.0,0.0,0.0,0,0,0,0,1,1,1,1.97,4.93806460126142,False,False,False,False,False,False,,,0.0,0.0
465,Worksmile,https://www.crunchbase.com/organization/fitqbe-sp-z-o-o,Poland,52.2319581,21.0067249,2016,1.0,True,True,False,False,True,True,False,True,False,False,False,False,False,False,0,3,3,True,False,True,False,1.0,True,0.0,True,2016-04-18,2020-03-01,Seed,2016,6.0,True,False,True,True,4.5,0.7,True,True,False,False,False,False,False,False,False,False,True,False,1,0,True,False,False,True,False,True,False,True,False,True,False,True,False,True,False,1,0.0,True,False,False,True,False,True,True,False,False,False,False,True,False,109,0,False,101,14,0.1386138613861386,0.1298116115219906,0.0,3.8444430439324218,0.0,9.399106873542339,0.0,4.699553436771169,9.399106873542339,2.134222258254928,2.134222258254928,2.134222258254928,6.800076477409018,2.134222258254928,9.399106873542339,2.0,0.0,0.0402231640645322,0,0,0,0,0,0,0,1.97,4.390738575275903,False,False,False,False,False,False,,,2.0,5.0
456,GeeksDeck,https://www.crunchbase.com/organization/geeksdeck,Poland,51.1089776,17.0326689,2016,1.0,True,False,False,False,True,False,False,False,False,True,False,False,False,True,0,1,1,False,True,True,True,1.0,True,0.02617,True,2016-08-24,2016-08-24,Pre-Seed,2016,25.0,True,True,False,False,8.0,2.0,False,False,False,False,False,False,False,False,False,False,False,False,1,1,True,True,True,True,True,True,True,True,True,True,True,True,True,True,True,1,1.0,True,True,True,False,False,False,False,False,False,False,False,True,True,20,0,False,19,2,0.1052631578947368,0.1000834585569824,0.21667097873246585,0.0,0.0,0.0,0.0,0.0,0.0,0.0,0.0,0.0,0.0,0.0,0.0,2.0,0.0,0.0402231640645322,0,0,0,0,1,1,1,1.97,4.390738575275903,False,False,False,False,False,False,,,0.0,1.400000000000002
476,Daily,https://www.crunchbase.com/organization/daily-2acd,Poland,52.2319581,21.0067249,2016,2.0,False,True,False,False,True,False,False,False,False,False,False,False,False,True,1,1,1,False,True,False,False,0.0,False,0.0,True,2017-07-01,2017-07-01,Venture - Series Unknown,2017,17.0,False,,True,,0.0,4.0,False,,False,,False,,False,,False,,False,,0,0,False,,False,False,,False,,False,,False,,False,,False,,1,,True,,True,False,,False,False,False,False,False,False,True,True,109,0,False,101,13,0.1287128712871287,0.1210779315532359,0.0,0.2860719384529201,0.2860719384529201,0.2860719384529201,0.2860719384529201,0.2860719384529201,0.2860719384529201,0.0,0.0,0.0,0.0,0.0,0.0,0.0,0.0,0.0,0,0,0,0,0,0,0,1.97,3.843744164674851,True,False,True,True,True,True,2018-11-09,2.0,2.0,5.0
96,EMYS,https://www.crunchbase.com/organization/flash-robotics,Poland,51.1089776,17.0326689,2016,2.0,False,False,False,False,True,True,False,False,False,True,False,False,False,False,0,3,3,True,False,True,False,2.0,True,2.33,False,2016-08-12,2021-01-05,Series A,2016,175.0,True,True,True,True,12.4,38.7,True,True,True,True,True,True,False,False,False,False,False,False,2,1,True,True,False,True,True,True,True,True,True,True,True,True,True,True,True,2,1.0,True,True,False,False,False,True,True,True,False,False,False,True,False,20,0,False,19,2,0.1052631578947368,0.1000834585569824,0.21667097873246585,5.568729509410284,0.0,9.370904378803834,0.0,6.446934792623442,9.370904378803834,0.0,3.3732163013773864,6.746432602754773,4.879074531713803,0.0,9.370904378803834,0.0,0.0,0.0,0,0,0,0,1,1,0,1.97,4.390738575275903,False,False,True,False,True,True,,,0.0,1.400000000000002
78,Genomtec,https://www.crunchbase.com/organization/genomtec,Poland,51.1089776,17.0326689,2016,1.0,True,False,False,False,True,False,False,True,False,False,False,False,False,False,4,1,1,False,True,False,True,1.0,True,2.0,False,2020-10-09,2020-10-09,Undisclosed,2020,13.0,False,False,True,True,12.0,0.0,False,False,False,False,False,False,False,False,True,True,False,False,0,0,False,False,False,False,False,False,False,False,False,False,False,False,False,False,False,1,1.0,True,True,True,True,True,False,False,False,False,False,False,True,True,20,0,False,19,2,0.1052631578947368,0.1000834585569824,0.21667097873246585,0.3011089548473384,0.3011089548473384,0.3011089548473384,0.0,0.0,0.0,0.3011089548473384,0.3011089548473384,0.3011089548473384,0.0,0.0,0.0,1.0,0.0,0.0,0,0,0,0,1,1,0,1.97,4.93806460126142,False,False,False,False,False,False,,,0.0,1.400000000000002
83,Omnipack,https://www.crunchbase.com/organization/omnipack,Poland,52.2319581,21.0067249,2016,3.0,True,True,False,False,True,True,False,False,False,False,False,False,False,False,4,1,2,False,False,True,False,0.0,False,6.46573,False,2020-11-25,2020-11-25,Seed,2020,23.5,True,,False,,1.0,0.5,False,,False,,False,,False,,False,,False,,2,0,True,,True,True,,True,,True,,True,,True,,True,,2,,True,,True,True,,False,False,False,False,False,False,True,True,109,0,False,101,14,0.1386138613861386,0.1298116115219906,0.0,0.0,0.0,0.0,0.0,0.0,0.0,0.0,0.0,0.0,0.0,0.0,0.0,6.0,2.0,0.2252883124345997,1,0,0,0,0,1,1,1.97,4.93806460126142,False,False,False,False,False,False,,,2.0,5.0
194,Activy - Corporate Sports Challenges,https://www.crunchbase.com/organization/activy,Poland,52.2319581,21.0067249,2016,2.0,True,True,False,False,False,True,False,True,False,True,False,False,False,False,3,1,1,False,True,False,True,1.0,True,0.42,True,2019-03-19,2019-03-19,Seed,2019,13.0,True,True,False,False,11.0,0.0,False,False,False,False,False,False,False,False,True,True,False,False,1,1,True,True,True,True,True,True,True,True,True,True,True,True,True,True,True,1,1.0,True,True,True,True,True,False,False,False,False,False,False,True,True,109,0,False,101,14,0.1386138613861386,0.1298116115219906,0.0,0.0,0.0,0.0,0.0,0.0,0.0,0.0,0.0,0.0,0.0,0.0,0.0,0.0,0.0,0.0,0,0,0,0,0,0,0,1.97,4.619073091157083,False,False,False,False,False,False,,,2.0,5.0
157,Fluence.technology,https://www.crunchbase.com/organization/fluence-technology-6726,Poland,52.2319581,21.0067249,2016,4.0,True,True,False,False,True,True,False,False,False,True,False,False,False,False,3,2,2,False,False,False,False,2.0,True,1.051205,False,2019-02-25,2022-12-07,Seed,2019,10.5,True,True,True,True,6.5,0.0,True,True,False,False,False,False,False,False,False,False,False,False,1,1,True,True,False,True,True,True,True,True,True,True,True,True,True,True,True,2,2.0,True,True,True,True,True,False,False,False,False,False,False,True,True,109,0,False,101,14,0.1386138613861386,0.1298116115219906,0.0,0.12628196388678062,0.0,0.25256392777356124,0.0,0.0,0.0,0.0,0.12628196388678062,0.25256392777356124,0.25256392777356124,0.25256392777356124,0.25256392777356124,0.0,0.0,0.0,0,0,0,0,0,0,0,1.97,4.619073091157083,False,False,False,False,False,False,,,2.0,5.0
148,Surge Cloud,https://www.crunchbase.com/organization/surge-cloud,Poland,52.4082663,16.9335199,2016,2.0,True,False,False,False,False,False,False,False,False,True,False,False,False,False,1,1,1,False,True,False,True,1.0,True,1.965364,False,2017-02-01,2017-02-01,Series A,2017,12.0,False,False,True,True,24.0,0.0,False,False,False,False,False,False,False,False,False,False,False,False,0,0,False,False,False,False,False,False,False,False,False,False,False,False,False,False,False,0,0.0,False,False,False,True,True,False,False,False,False,False,False,True,True,12,0,False,26,3,0.1153846153846153,0.1091992919649919,0.23972769721803155,0.8844679834165612,0.8844679834165612,0.8844679834165612,0.0,0.0,0.0,0.8844679834165612,0.8844679834165612,0.8844679834165612,0.0,0.0,0.0,0.0,0.0,0.0,0,0,0,0,0,1,0,1.97,3.843744164674851,False,False,True,False,True,True,,,0.0,6.0
201,Proxigroup,https://www.crunchbase.com/organization/proxigroup,Poland,51.1089776,17.0326689,2016,4.0,True,False,False,False,False,False,False,False,False,True,False,False,False,False,0,4,4,True,False,False,False,1.0,True,1.510465,False,2016-09-11,2020-09-20,Seed,2016,82.66666666666667,False,False,True,True,16.8,78.0,True,False,False,False,False,False,False,False,False,False,False,False,0,0,False,False,False,False,False,False,False,False,False,False,False,False,False,False,False,2,1.0,True,True,False,True,False,False,False,False,False,False,False,True,True,20,0,False,19,2,0.1052631578947368,0.1000834585569824,0.21667097873246585,0.5778098662152428,0.2357610105830191,0.8871847497153068,0.3011089548473384,0.691826151425984,0.8871847497153068,0.2357610105830191,0.2357610105830191,0.2357610105830191,0.796847616811787,0.0,1.1594998570001662,2.0,1.0,0.1039540459792718,0,0,0,0,1,1,1,1.97,4.390738575275903,False,False,False,False,False,False,,,0.0,1.400000000000002
106,VoiceLab,https://www.crunchbase.com/organization/voicelab,Poland,54.3706858,18.6129831,2016,2.0,True,False,False,False,True,False,False,False,False,True,True,False,False,True,0,1,1,False,True,False,True,1.0,True,0.396357,True,2015-11-30,2015-11-30,Series A,2015,44.0,True,True,False,False,1.0,2.0,False,False,False,False,False,False,False,False,False,False,False,False,1,1,True,True,True,True,True,True,True,True,True,True,True,True,True,True,True,1,1.0,True,True,True,False,False,False,False,False,False,False,False,True,True,8,0,False,15,1,0.0666666666666666,0.0645385211375711,0.2860719384529203,0.0,0.0,0.0,0.0,0.0,0.0,0.0,0.0,0.0,0.0,0.0,0.0,6.0,0.0,0.1242772544618494,0,0,0,0,1,1,1,1.97,3.49650756146648,False,False,True,False,True,True,,,0.0,6.0
97,FindAir,https://www.crunchbase.com/organization/findair,Poland,50.0619474,19.9368564,2016,1.0,True,False,False,False,False,False,False,True,False,True,False,False,False,False,1,2,3,True,False,False,False,1.0,True,1.7,False,2017-12-01,2023-06-21,Seed,2017,12.666666666666666,False,False,True,True,1.0,0.0,False,False,False,False,True,False,False,False,False,False,False,False,0,0,False,False,False,False,False,False,False,False,False,False,False,False,False,False,False,1,1.0,True,True,False,True,True,True,True,True,False,True,False,True,False,20,0,False,42,6,0.1428571428571428,0.1335313926245225,0.25256392777356135,2.852820648763845,0.25256392777356124,7.776211964323864,0.5296860541941094,4.152949009258987,7.776211964323864,0.25256392777356124,0.25256392777356124,0.25256392777356124,5.150467022871096,0.5171746315891519,7.685874168582277,0.0,0.0,0.0,0,0,0,0,0,1,0,1.97,3.843744164674851,False,False,False,False,False,False,,,0.0,2.0
142,Mooveno,https://www.crunchbase.com/organization/multiwash,Poland,52.2319581,21.0067249,2016,1.0,True,True,False,False,True,True,False,False,False,True,False,False,False,True,3,2,3,True,False,False,False,2.0,True,1.77,False,2019-10-05,2021-07-04,Series A,2019,24.6,True,True,False,False,10.2,3.6,False,False,False,False,False,False,False,False,True,True,False,False,5,2,True,True,True,True,True,True,True,True,True,True,True,True,True,True,True,5,2.0,True,True,True,True,True,False,False,False,False,False,False,True,True,109,0,False,101,14,0.1386138613861386,0.1298116115219906,0.0,0.0,0.0,0.0,0.0,0.0,0.0,0.0,0.0,0.0,0.0,0.0,0.0,9.0,2.0,0.2606713688329527,1,0,0,0,0,1,1,1.97,4.619073091157083,False,False,True,False,True,True,,,2.0,5.0
114,Beit,https://www.crunchbase.com/organization/beit,Poland,50.0619474,19.9368564,2016,1.0,True,False,False,False,False,True,False,False,False,True,False,False,False,False,3,1,9,True,False,False,False,1.0,True,1.4,False,2019-10-01,2019-10-01,Seed,2019,191.77777777777777,False,False,True,True,5.1,34.1,True,False,True,True,False,False,False,False,False,False,True,False,0,0,False,False,False,False,False,False,False,False,False,False,False,False,False,False,False,0,0.0,False,False,False,True,True,True,True,True,False,False,False,True,False,20,0,False,42,6,0.1428571428571428,0.1335313926245225,0.25256392777356135,6.956512165115852,1.4163568042175456,9.599471663206014,1.4163568042175456,7.6490315852281405,9.599471663206014,1.4163568042175456,1.4163568042175456,1.4163568042175456,4.2440094895798275,0.0,8.635723834817247,0.0,0.0,0.0,0,0,0,0,0,1,0,1.97,4.619073091157083,False,False,False,False,False,False,,,0.0,2.0
30,Nethone,https://www.crunchbase.com/organization/nethone,Poland,52.2319581,21.0067249,2016,1.0,True,True,False,False,True,False,False,False,True,True,False,False,False,False,1,2,2,False,False,True,False,2.0,True,1.0,False,2017-01-01,2019-04-17,Series A,2017,32.0,True,True,True,True,7.5,6.0,False,False,False,False,False,False,False,False,True,True,False,False,1,1,True,True,False,True,True,True,True,True,True,True,True,True,True,True,True,2,2.0,True,True,True,True,True,False,False,False,False,False,False,True,True,109,0,False,101,13,0.1287128712871287,0.1210779315532359,0.0,0.12628196388678062,0.0,0.25256392777356124,0.0,0.0,0.0,0.0,0.12628196388678062,0.25256392777356124,0.25256392777356124,0.25256392777356124,0.25256392777356124,6.0,0.0,0.1242772544618494,0,0,0,0,0,0,1,1.97,3.843744164674851,True,False,True,True,True,True,2022-11-29,6.0,2.0,5.0
26,Airly,https://www.crunchbase.com/organization/airly-ddd4,Poland,50.0619474,19.9368564,2016,3.0,True,False,False,False,True,False,False,False,False,True,False,True,True,False,4,2,15,True,False,True,False,2.0,True,5.3,False,2020-10-02,2021-03-22,Series A,2020,39.266666666666666,False,False,True,True,6.2,5.9,False,False,True,True,True,False,False,False,False,False,False,False,0,0,False,False,False,False,False,False,False,False,False,False,False,False,False,False,False,1,0.0,True,False,False,True,True,True,True,True,False,True,False,True,False,20,0,False,42,6,0.1428571428571428,0.1335313926245225,0.25256392777356135,3.004444918101564,0.25256392777356124,10.30410634676265,0.25256392777356124,3.269126270415567,10.30410634676265,1.4163568042175456,1.4163568042175456,1.4163568042175456,4.357919864859887,0.0,13.940132983140117,0.0,0.0,0.0,0,0,0,0,0,1,0,1.97,4.93806460126142,False,False,True,False,True,True,,,0.0,2.0
25,Molecule.one,https://www.crunchbase.com/organization/molecule-one,Poland,52.2319581,21.0067249,2016,3.0,True,True,False,False,True,False,False,True,False,True,False,False,False,False,3,2,8,True,False,True,False,2.0,True,4.985,False,2019-08-19,2021-06-01,Seed,2019,68.8,True,True,True,False,3.0,11.6,True,True,True,True,False,False,False,False,False,False,False,False,4,2,True,True,False,True,True,True,True,True,True,True,True,True,True,True,True,4,2.0,True,True,False,True,True,True,True,True,False,True,False,True,False,109,0,False,101,14,0.1386138613861386,0.1298116115219906,0.0,2.7855582411311457,0.0,9.424308933880607,0.0,3.481947801413932,9.424308933880607,0.0,0.0,0.0,4.773517647448498,0.0,12.528556379499873,0.0,0.0,0.0,0,0,0,0,0,0,0,1.97,4.619073091157083,False,False,False,False,False,False,,,2.0,5.0
592,Power Canvas,https://www.crunchbase.com/organization/power-canvas,Poland,50.0619474,19.9368564,2016,2.0,False,False,False,False,False,True,False,False,False,False,False,False,False,False,0,1,1,False,True,False,True,1.0,True,0.0,True,2015-12-01,2015-12-01,Seed,2015,24.0,False,False,True,True,6.0,1.0,False,False,False,False,False,False,False,False,False,False,False,False,0,0,False,False,False,False,False,False,False,False,False,False,False,False,False,False,False,1,1.0,True,True,True,True,True,False,False,False,False,False,False,True,True,20,0,False,42,6,0.1428571428571428,0.1335313926245225,0.25256392777356135,0.25256392777356124,0.25256392777356124,0.25256392777356124,0.0,0.0,0.0,0.25256392777356124,0.25256392777356124,0.25256392777356124,0.0,0.0,0.0,1.0,0.0,0.0,0,0,0,0,0,1,0,1.97,3.49650756146648,False,False,False,False,False,False,,,0.0,2.0
606,Joymile,https://www.crunchbase.com/organization/joymile,Poland,50.0619474,19.9368564,2016,1.0,False,False,False,False,True,True,False,False,False,True,False,False,False,False,1,1,1,False,True,False,False,0.0,False,0.0,True,2017-01-01,2017-01-01,Seed,2017,44.0,False,,True,,7.0,10.0,False,,True,,False,,False,,False,,False,,0,0,False,,False,False,,False,,False,,False,,False,,False,,0,,False,,False,True,,False,False,False,False,False,False,True,True,20,0,False,42,6,0.1428571428571428,0.1335313926245225,0.25256392777356135,0.39184010553681287,0.39184010553681287,0.39184010553681287,0.39184010553681287,0.39184010553681287,0.39184010553681287,0.0,0.0,0.0,0.0,0.0,0.0,0.0,0.0,0.0,0,0,0,0,0,1,0,1.97,3.843744164674851,False,False,False,False,False,False,,,0.0,2.0
63,FinAi,https://www.crunchbase.com/organization/finai,Poland,52.2319581,21.0067249,2016,2.0,False,True,False,False,False,False,False,False,True,True,False,False,False,False,1,1,1,False,True,False,True,1.0,True,3.368444,False,2017-06-01,2017-06-01,Seed,2017,5.0,False,False,True,True,0.0,0.0,False,False,False,False,False,False,False,False,False,False,False,False,0,0,False,False,False,False,False,False,False,False,False,False,False,False,False,False,False,1,1.0,True,True,True,False,False,False,False,False,False,False,False,True,True,109,0,False,101,14,0.1386138613861386,0.1298116115219906,0.0,0.3011089548473384,0.3011089548473384,0.3011089548473384,0.0,0.0,0.0,0.3011089548473384,0.3011089548473384,0.3011089548473384,0.0,0.0,0.0,0.0,0.0,0.0,0,0,0,0,0,0,0,1.97,3.843744164674851,False,False,False,False,False,False,,,2.0,5.0
51,Hotailors.com,https://www.crunchbase.com/organization/hotailor,Poland,52.2319581,21.0067249,2016,3.0,True,True,False,False,False,True,False,False,False,True,False,False,False,True,3,1,3,True,False,False,False,1.0,True,0.0,True,2019-10-01,2019-10-01,Corporate Round,2019,10.333333333333334,False,False,True,True,1.0,1.3,False,False,False,False,False,False,False,False,True,False,False,False,0,0,False,False,False,False,False,False,False,False,False,False,False,False,False,False,False,2,1.0,True,True,False,False,False,True,True,True,False,False,False,True,False,109,0,False,101,14,0.1386138613861386,0.1298116115219906,0.0,2.472954494375073,0.27750303392133147,6.855288510750967,0.27750303392133147,3.5663957723361492,6.855288510750967,0.2860719384529201,0.2860719384529201,0.2860719384529201,4.483124567001692,0.24497194148692175,6.6047163593251215,1.0,0.0,0.0,0,0,0,0,0,0,0,1.97,4.619073091157083,False,False,True,False,True,True,,,2.0,5.0
242,Primetric,https://www.crunchbase.com/organization/primetric,Poland,51.1089776,17.0326689,2016,3.0,True,False,False,False,False,False,False,False,False,True,False,False,False,True,4,2,2,True,False,False,False,1.0,True,1.25,False,2020-04-01,2021-10-09,Seed,2020,23.5,True,False,True,True,8.0,2.0,False,False,False,False,False,False,False,False,False,False,False,False,1,0,True,False,False,True,False,True,False,True,False,True,False,True,False,True,False,2,1.0,True,True,True,True,True,False,False,False,False,False,False,True,True,20,0,False,19,1,0.0526315789473684,0.0512932943875505,0.21667097873246585,0.1505544774236692,0.0,0.3011089548473384,0.0,0.0,0.0,0.3011089548473384,0.3011089548473384,0.3011089548473384,0.3011089548473384,0.3011089548473384,0.3011089548473384,5.0,0.0,0.1089851172067322,0,0,0,0,1,1,1,1.97,4.93806460126142,True,False,False,True,True,True,2023-08-03,7.0,0.0,1.400000000000002
232,E-contenta,https://www.crunchbase.com/organization/e-contenta,Poland,52.2319581,21.0067249,2016,2.0,True,True,False,False,False,False,False,False,False,True,True,False,False,False,0,3,4,True,False,False,False,1.0,True,0.505,False,2016-01-01,2019-01-27,Seed,2016,65.75,True,True,True,False,3.2,2.2,True,True,False,False,True,False,False,False,False,False,False,False,1,1,True,True,False,True,True,True,True,True,True,True,True,True,True,True,True,1,1.0,True,True,False,True,True,True,True,True,False,False,False,True,False,109,0,False,101,14,0.1386138613861386,0.1298116115219906,0.0,3.7892868829617536,0.0,6.853761792057567,1.4496239477318793,5.052382510615671,6.853761792057567,0.0,0.0,0.0,4.382788556233837,0.0,6.853761792057567,3.0,1.0,0.1324928350569394,0,0,0,0,0,0,0,1.97,4.390738575275903,False,False,False,False,False,False,,,2.0,5.0
65,Linker Cloud Fulfillment Network,https://www.crunchbase.com/organization/linker-cloud-fulfillment-platform,Poland,52.2319581,21.0067249,2017,2.0,True,True,False,False,True,True,False,False,False,False,False,False,False,False,2,2,4,True,False,True,False,3.0,True,3.957101,False,2019-11-14,2022-02-14,Seed,2019,44.333333333333336,True,True,True,True,5.3,8.8,False,False,False,False,False,False,True,True,True,True,False,False,2,1,True,True,False,True,True,True,True,True,True,True,True,True,True,True,True,2,1.0,True,True,False,True,True,True,True,True,False,False,False,True,False,109,0,False,118,15,0.1271186440677966,0.119664503756089,0.0,1.6551000507129847,0.0,6.853761792057567,0.0,0.457695292401336,0.915390584802672,0.0,2.253802429868809,6.853761792057567,2.795932514501053,0.0,6.853761792057567,6.0,2.0,0.2252883124345997,1,0,0,0,0,1,1,2.84,4.619073091157083,False,False,False,False,False,False,,,2.0,5.0
520,Your Kaya,https://www.crunchbase.com/organization/your-kaya,Poland,52.2319581,21.0067249,2017,1.0,False,True,False,False,True,True,False,False,False,False,False,False,False,False,3,1,1,False,True,False,False,0.0,False,0.0,True,2020-04-05,2020-04-05,Seed,2020,36.0,True,,False,,4.0,6.0,False,,False,,False,,False,,False,,False,,1,0,True,,True,True,,True,,True,,True,,True,,True,,1,,True,,True,True,,False,False,False,False,False,False,True,True,109,0,False,118,15,0.1271186440677966,0.119664503756089,0.0,0.0,0.0,0.0,0.0,0.0,0.0,0.0,0.0,0.0,0.0,0.0,0.0,4.0,2.0,0.1919094156907527,1,0,0,0,0,1,0,2.84,4.93806460126142,False,False,False,False,False,False,,,2.0,5.0
9,neptune.ai,https://www.crunchbase.com/organization/neptune-ml,Poland,52.2319581,21.0067249,2017,1.0,True,True,False,False,True,False,False,False,False,True,False,False,False,False,1,1,1,False,True,False,True,1.0,True,1.7,False,2018-09-18,2018-09-18,Series A,2018,7.0,True,True,False,False,1.0,1.0,False,False,False,False,False,False,False,False,False,False,False,False,1,1,True,True,True,True,True,True,True,True,True,True,True,True,True,True,True,1,1.0,True,True,True,True,True,False,False,False,False,False,False,True,True,109,0,False,118,15,0.1271186440677966,0.119664503756089,0.0,0.0,0.0,0.0,0.0,0.0,0.0,0.0,0.0,0.0,0.0,0.0,0.0,0.0,0.0,0.0,0,0,0,0,0,0,0,2.84,3.535145354171894,False,False,True,False,True,True,,,2.0,5.0
62,Sundose,https://www.crunchbase.com/organization/sundose,Poland,51.250559,22.5701022,2017,4.0,False,False,False,False,True,False,True,True,False,True,False,False,False,False,0,3,9,True,False,True,False,2.0,True,2.167686,False,2017-05-01,2020-03-10,Series A,2017,22.333333333333332,False,False,True,True,9.8,2.2,True,False,True,False,False,False,True,False,True,True,False,False,0,0,False,False,False,False,False,False,False,False,False,False,False,False,False,False,False,5,1.0,True,True,False,True,True,True,True,False,False,True,False,True,False,4,0,False,3,0,0.0,0.0,0.1532766390685305,2.3568420938924364,0.15327663906853053,15.499298956774675,0.15327663906853053,2.776122939500162,15.499298956774675,0.15327663906853053,0.8893591342653966,1.625441629462263,4.3619628940453365,0.0,16.98869363828824,0.0,0.0,0.0,0,0,0,0,1,1,1,2.84,3.843744164674851,False,False,True,False,True,True,,,0.0,0.0
72,Nomagic,https://www.crunchbase.com/organization/nomagic,Poland,52.2319581,21.0067249,2017,3.0,True,True,False,False,True,False,False,False,False,True,False,False,False,False,3,1,5,True,False,False,False,2.0,True,8.6,False,2020-02-04,2020-02-04,Series B,2020,207.4,False,False,True,True,10.8,57.0,False,False,True,True,False,False,False,False,True,True,False,False,0,0,False,False,False,False,False,False,False,False,False,False,False,False,False,False,False,0,0.0,False,False,False,True,True,True,True,True,False,True,False,True,False,109,0,False,118,14,0.1186440677966101,0.112117298120706,0.0,4.545395572144092,0.9795100504183496,9.424109957419178,0.9795100504183496,3.9510813185231357,9.424109957419178,1.4496239477318793,5.436866952575529,9.424109957419178,5.3554199990046305,0.0,9.00694835563039,0.0,0.0,0.0,0,0,0,0,0,0,0,2.84,4.93806460126142,False,True,True,True,True,True,,,2.0,5.0
501,Metis.finance,https://www.crunchbase.com/organization/metis-finance,Poland,52.2319581,21.0067249,2017,2.0,True,True,False,False,True,False,False,False,True,True,False,False,False,False,1,1,1,False,True,False,True,1.0,True,0.0,True,2018-09-01,2018-09-01,Seed,2018,10.0,False,False,True,True,2.0,1.0,True,True,False,False,True,True,False,False,False,False,True,True,0,0,False,False,False,False,False,False,False,False,False,False,False,False,False,False,False,0,0.0,False,False,False,False,False,False,False,False,False,False,False,True,True,109,0,False,118,15,0.1271186440677966,0.119664503756089,0.0,0.544893738377246,0.544893738377246,0.544893738377246,0.0,0.0,0.0,0.544893738377246,0.544893738377246,0.544893738377246,0.0,0.0,0.0,1.0,0.0,0.0,0,0,0,0,0,0,0,2.84,3.535145354171894,False,False,False,False,False,False,,,2.0,5.0
17,IS-Wireless,https://www.crunchbase.com/organization/is-wireless,Poland,52.0747377,21.0270885,2017,1.0,True,True,False,False,False,False,False,False,False,True,False,False,False,False,1,1,1,False,True,False,True,1.0,True,1.348172,False,2018-09-01,2018-09-01,Venture - Series Unknown,2018,5.0,False,False,True,True,0.0,0.0,True,True,False,False,False,False,False,False,False,False,False,False,0,0,False,False,False,False,False,False,False,False,False,False,False,False,False,False,False,1,1.0,True,True,True,False,False,False,False,False,False,False,False,True,True,109,0,False,0,0,0.0,0.0,0.017537225837003047,0.23641411836419224,0.23641411836419224,0.23641411836419224,0.0,0.0,0.0,0.23641411836419224,0.23641411836419224,0.23641411836419224,0.0,0.0,0.0,0.0,0.0,0.0,0,0,0,0,0,0,0,2.84,3.535145354171894,False,False,True,False,True,True,,,2.0,5.0
49,Pergamin,https://www.crunchbase.com/organization/pergamin,Poland,51.1089776,17.0326689,2017,3.0,True,False,False,False,True,False,False,False,False,True,False,False,False,False,2,3,5,True,False,True,False,3.0,True,2.252928,False,2019-06-19,2022-06-30,Venture - Series Unknown,2019,18.2,False,False,True,True,4.4,0.6,True,True,True,True,False,False,False,False,False,False,False,False,0,0,False,False,False,False,False,False,False,False,False,False,False,False,False,False,False,5,3.0,True,True,True,True,True,False,False,False,False,False,False,True,True,20,0,False,22,2,0.0909090909090909,0.0870113769896297,0.21667097873246585,0.2880393659944745,0.2357610105830191,0.3011089548473384,0.3011089548473384,0.3011089548473384,0.3011089548473384,0.2357610105830191,0.279326306759232,0.3011089548473384,0.10102557110942448,0.0,0.25256392777356124,1.0,1.0,0.0637308819147395,0,0,0,0,1,1,0,2.84,4.619073091157083,False,False,True,False,True,True,,,0.0,1.400000000000002
318,Sherlock Waste,https://www.crunchbase.com/organization/sherlock-waste,Poland,51.1089776,17.0326689,2017,1.0,True,False,False,False,True,False,False,False,False,True,False,False,False,False,2,1,2,False,False,False,False,2.0,True,0.5,True,2019-07-01,2019-07-01,Seed,2019,12.5,False,False,True,True,0.5,0.0,True,True,False,False,False,False,False,False,False,False,True,True,0,0,False,False,False,False,False,False,False,False,False,False,False,False,False,False,False,2,2.0,True,True,True,True,True,False,False,False,False,False,False,True,True,20,0,False,22,2,0.0909090909090909,0.0870113769896297,0.21667097873246585,0.26843498271517874,0.2357610105830191,0.3011089548473384,0.0,0.0,0.0,0.2357610105830191,0.26843498271517874,0.3011089548473384,0.25256392777356124,0.25256392777356124,0.25256392777356124,0.0,0.0,0.0,0,0,0,0,1,1,0,2.84,4.619073091157083,False,False,False,False,False,False,,,0.0,1.400000000000002
420,InMotion Labs,https://www.crunchbase.com/organization/inmotion-labs,Poland,50.0619474,19.9368564,2017,1.0,True,False,False,False,False,True,False,False,False,True,False,False,False,False,0,2,2,True,False,False,False,1.0,True,0.87801,False,2017-02-14,2021-11-20,Seed,2017,8.5,False,False,True,True,13.5,0.0,False,False,False,False,False,False,False,False,False,False,False,False,0,0,False,False,False,False,False,False,False,False,False,False,False,False,False,False,False,1,0.0,True,False,False,True,True,False,False,False,False,False,False,True,True,20,0,False,49,7,0.1428571428571428,0.1335313926245225,0.25256392777356135,0.8157581184062092,0.526755207264004,1.1047610295484143,0.526755207264004,0.526755207264004,0.526755207264004,1.1047610295484143,1.1047610295484143,1.1047610295484143,0.7521655911437105,0.7521655911437105,0.7521655911437105,1.0,0.0,0.0,0,0,0,0,0,1,0,2.84,3.843744164674851,False,False,False,False,False,False,,,0.0,2.0
122,HCM Deck,https://www.crunchbase.com/organization/hcm-deck,Poland,50.0619474,19.9368564,2017,2.0,True,False,False,False,True,True,False,False,False,True,False,False,False,True,1,2,3,True,False,False,False,2.0,True,4.2,False,2018-04-06,2019-06-06,Seed,2018,23.4,True,True,True,True,6.3,3.8,False,False,False,False,False,False,False,False,True,True,False,False,2,1,True,True,False,True,True,True,True,True,True,True,True,True,True,True,True,3,2.0,True,True,True,True,True,False,False,False,False,False,False,True,True,20,0,False,49,7,0.1428571428571428,0.1335313926245225,0.25256392777356135,0.08418797592452042,0.0,0.25256392777356124,0.0,0.0,0.0,0.0,0.12628196388678062,0.25256392777356124,0.16837595184904083,0.0,0.25256392777356124,6.0,0.0,0.1242772544618494,0,0,0,0,1,1,1,2.84,3.535145354171894,False,False,False,False,False,False,,,0.0,2.0
323,InStream Group,https://www.crunchbase.com/organization/instream-group,Poland,52.4082663,16.9335199,2017,2.0,True,False,False,False,True,False,False,False,False,False,True,False,False,True,2,1,1,False,True,True,True,1.0,True,0.263308,True,2019-12-30,2019-12-30,Pre-Seed,2019,32.0,False,False,True,True,2.0,0.0,True,True,False,False,False,False,False,False,False,False,False,False,0,0,False,False,False,False,False,False,False,False,False,False,False,False,False,False,False,1,1.0,True,True,True,True,True,False,False,False,False,False,False,True,True,12,0,False,32,3,0.09375,0.0896121586896871,0.23972769721803155,0.27750303392133147,0.27750303392133147,0.27750303392133147,0.0,0.0,0.0,0.27750303392133147,0.27750303392133147,0.27750303392133147,0.0,0.0,0.0,0.0,0.0,0.0,0,0,0,0,0,1,0,2.84,4.619073091157083,False,False,False,False,False,False,,,0.0,6.0
144,NeuroGames Lab,https://www.crunchbase.com/organization/neurogames-lab,Poland,52.2319581,21.0067249,2017,1.0,True,True,False,False,True,False,False,True,False,True,True,False,False,False,0,1,1,False,True,True,True,1.0,True,0.076898,True,2017-12-05,2017-12-05,Angel,2017,51.0,False,False,True,True,8.0,6.0,False,False,False,False,False,False,False,False,False,False,False,False,0,0,False,False,False,False,False,False,False,False,False,False,False,False,False,False,False,1,1.0,True,True,True,False,False,False,False,False,False,False,False,True,True,109,0,False,118,15,0.1271186440677966,0.119664503756089,0.0,0.27750303392133147,0.27750303392133147,0.27750303392133147,0.0,0.0,0.0,0.27750303392133147,0.27750303392133147,0.27750303392133147,0.0,0.0,0.0,9.0,3.0,0.2871220746896815,1,0,0,0,1,1,1,2.84,3.843744164674851,False,False,False,False,False,False,,,2.0,5.0
149,PerfOps,https://www.crunchbase.com/organization/perfops,Poland,50.0619474,19.9368564,2017,1.0,True,False,False,False,False,False,False,False,False,True,False,False,False,False,1,2,2,True,False,False,False,2.0,True,1.25,False,2018-10-10,2019-10-31,Seed,2018,32.5,False,False,True,True,4.0,7.5,False,False,True,True,False,False,False,False,False,False,False,False,0,0,False,False,False,False,False,False,False,False,False,False,False,False,False,False,False,2,1.0,True,True,False,True,True,False,False,False,False,False,False,True,True,20,0,False,49,7,0.1428571428571428,0.1335313926245225,0.25256392777356135,0.664635176040505,0.25256392777356124,1.0767064243074487,0.25256392777356124,0.664635176040505,1.0767064243074487,0.25256392777356124,0.664635176040505,1.0767064243074487,0.7290213377024343,0.0,1.0935320065536513,0.0,0.0,0.0,0,0,0,0,0,1,0,2.84,3.535145354171894,False,False,False,False,False,False,,,0.0,2.0
333,SmartLife Robotics,https://www.crunchbase.com/organization/smartlife-systems,Poland,52.2319581,21.0067249,2017,1.0,False,True,False,False,True,True,False,False,False,True,False,False,False,False,2,1,2,True,False,True,False,1.0,True,0.46,True,2019-07-31,2019-07-31,Seed,2019,23.0,True,False,True,True,7.0,3.0,True,True,False,False,False,False,False,False,False,False,False,False,1,0,True,False,False,True,False,True,False,True,False,True,False,True,False,True,False,2,1.0,True,True,True,True,False,False,False,False,False,False,False,True,True,109,0,False,118,15,0.1271186440677966,0.119664503756089,0.0,0.12958210949788984,0.0,0.2591642189957797,0.0,0.0,0.0,0.2591642189957797,0.2591642189957797,0.2591642189957797,0.2591642189957797,0.2591642189957797,0.2591642189957797,0.0,0.0,0.0,0,0,0,0,0,0,0,2.84,4.619073091157083,False,False,False,False,False,False,,,2.0,5.0
231,Indoorway,https://www.crunchbase.com/organization/indoorway,Poland,52.2319581,21.0067249,2017,1.0,True,True,False,False,True,False,False,False,False,True,False,False,False,False,3,2,2,False,False,True,False,2.0,True,1.861201,False,2020-09-01,2021-09-03,Seed,2020,12.5,False,False,True,True,1.5,0.5,False,False,False,False,False,False,False,False,False,False,False,False,0,0,False,False,False,False,False,False,False,False,False,False,False,False,False,False,False,1,1.0,True,True,False,True,True,False,False,False,False,False,False,True,True,109,0,False,118,15,0.1271186440677966,0.119664503756089,0.0,0.6730479671636064,0.25256392777356124,1.0935320065536513,0.0,0.0,0.0,0.25256392777356124,0.6730479671636064,1.0935320065536513,1.0767064243074487,1.0767064243074487,1.0767064243074487,2.0,2.0,0.1412342220372826,0,0,0,0,0,1,0,2.84,4.93806460126142,False,False,False,False,False,False,,,2.0,5.0
439,Vizum Lab,https://www.crunchbase.com/organization/vizum-lab,Poland,54.4447922,18.5684902,2017,2.0,True,False,False,False,False,False,False,False,True,True,False,False,False,False,0,1,1,False,True,False,True,1.0,True,0.212867,True,2017-04-17,2017-04-17,Seed,2017,6.0,False,False,True,True,1.0,1.0,True,True,False,False,False,False,False,False,False,False,False,False,0,0,False,False,False,False,False,False,False,False,False,False,False,False,False,False,False,1,1.0,True,True,True,True,True,False,False,False,False,False,False,True,True,8,0,False,22,1,0.0454545454545454,0.0444517625708337,0.29449259892849194,0.29449259892849206,0.29449259892849206,0.29449259892849206,0.0,0.0,0.0,0.29449259892849206,0.29449259892849206,0.29449259892849206,0.0,0.0,0.0,0.0,0.0,0.0,0,0,0,0,1,1,0,2.84,3.843744164674851,False,False,False,False,False,False,,,0.0,6.0
306,Automade.com,https://www.crunchbase.com/organization/automade-com,Poland,52.2319581,21.0067249,2017,2.0,True,True,False,False,True,False,False,False,False,True,False,False,False,False,3,1,2,False,False,False,False,0.0,False,0.392664,True,2020-01-01,2020-01-01,Seed,2020,27.5,True,,True,,2.0,0.5,True,,True,,False,,False,,False,,False,,1,0,True,,False,True,,True,,True,,True,,True,,True,,2,,True,,True,True,,False,False,False,False,False,False,True,True,109,0,False,118,15,0.1271186440677966,0.119664503756089,0.0,0.12628196388678062,0.0,0.25256392777356124,0.0,0.12628196388678062,0.25256392777356124,0.0,0.0,0.0,0.25256392777356124,0.25256392777356124,0.25256392777356124,4.0,3.0,0.2183601215474815,1,0,0,0,0,1,0,2.84,4.93806460126142,False,False,False,False,False,False,,,2.0,5.0
98,Proteine Resources,https://www.crunchbase.com/organization/proteine-resources,Poland,50.1619282,19.9995532,2017,3.0,True,False,False,False,True,False,False,True,False,False,False,False,False,False,3,1,1,False,True,True,True,1.0,True,1.0,False,2020-11-01,2020-11-01,Venture - Series Unknown,2020,5.0,True,True,False,False,0.0,0.0,True,True,False,False,False,False,False,False,False,False,False,False,0,0,False,False,False,True,True,True,True,True,True,True,True,True,True,True,True,1,1.0,True,True,True,False,False,False,False,False,False,False,False,True,True,20,0,False,0,0,0.0,0.0,0.24063132558047023,0.011982638027203311,0.011982638027203311,0.011982638027203311,0.0,0.0,0.0,0.011982638027203311,0.011982638027203311,0.011982638027203311,0.0,0.0,0.0,0.0,0.0,0.0,0,0,0,0,0,1,0,2.84,4.93806460126142,False,False,True,False,True,True,,,0.0,2.0
111,SOLO Workout (Heavy Kinematic Machines),https://www.crunchbase.com/organization/heavy-kinematic-machines,Poland,52.11725,16.1126622,2017,2.0,False,False,False,False,False,True,False,True,False,True,False,False,False,False,1,2,3,False,False,True,False,0.0,False,1.0,False,2018-10-01,2020-12-27,Seed,2018,17.0,True,,True,,10.0,1.8,False,,False,,False,,True,,False,,False,,0,0,False,,False,True,,True,,False,,False,,False,,False,,4,,True,,True,True,,False,False,False,False,False,False,True,True,0,0,False,0,0,0.0,0.0,0.18958022505481079,0.13189718629365527,0.06455907082282818,0.33391153270613655,0.06455907082282818,0.13189718629365527,0.33391153270613655,0.0,0.0,0.0,0.13875151696066573,0.0,0.27750303392133147,0.0,0.0,0.0,0,0,0,0,1,1,1,2.84,3.535145354171894,False,False,False,False,False,False,,,0.0,0.0
351,pinio.io,https://www.crunchbase.com/organization/pinio-io,Poland,52.4082663,16.9335199,2017,2.0,True,False,False,False,False,False,False,False,False,True,False,False,True,False,2,1,1,False,True,True,True,1.0,True,0.334551,True,2019-10-21,2019-10-21,Pre-Seed,2019,31.0,False,False,True,True,1.0,1.0,True,True,False,False,False,False,False,False,False,False,False,False,0,0,False,False,False,False,False,False,False,False,False,False,False,False,False,False,False,1,1.0,True,True,True,False,False,False,False,False,False,False,False,True,True,12,0,False,32,3,0.09375,0.0896121586896871,0.23972769721803155,0.3342898444380103,0.3342898444380103,0.3342898444380103,0.0,0.0,0.0,0.3342898444380103,0.3342898444380103,0.3342898444380103,0.0,0.0,0.0,0.0,0.0,0.0,0,0,0,0,0,1,0,2.84,4.619073091157083,False,False,False,False,False,False,,,0.0,6.0
371,ThermoEye,https://www.crunchbase.com/organization/thermoeye,Poland,51.3017158,19.6447455,2017,2.0,True,False,False,False,True,False,True,True,False,False,False,False,False,False,1,1,1,False,True,True,True,1.0,True,0.395,True,2018-05-11,2018-05-11,Pre-Seed,2018,10.0,False,False,True,True,1.0,0.0,True,True,False,False,False,False,False,False,False,False,False,False,0,0,False,False,False,False,False,False,False,False,False,False,False,False,False,False,False,1,1.0,True,True,True,True,True,False,False,False,False,False,False,True,True,0,0,False,0,0,0.0,0.0,0.13957881685450985,0.1395788168545098,0.1395788168545098,0.1395788168545098,0.0,0.0,0.0,0.1395788168545098,0.1395788168545098,0.1395788168545098,0.0,0.0,0.0,0.0,0.0,0.0,0,0,0,0,1,1,1,2.84,3.535145354171894,False,False,False,False,False,False,,,0.0,0.0
198,RealEye,https://www.crunchbase.com/organization/realeye,Poland,52.4082663,16.9335199,2017,1.0,False,False,False,False,False,False,False,False,False,True,False,False,False,False,2,1,1,False,True,True,False,0.0,False,0.2,True,2019-04-08,2019-04-08,Pre-Seed,2019,51.0,True,,False,,10.0,6.0,False,,False,,False,,False,,False,,False,,1,0,True,,True,True,,True,,True,,True,,True,,True,,1,,True,,True,False,,False,False,False,False,False,False,True,True,12,0,False,32,3,0.09375,0.0896121586896871,0.23972769721803155,0.0,0.0,0.0,0.0,0.0,0.0,0.0,0.0,0.0,0.0,0.0,0.0,10.0,1.0,0.2328462036319224,1,0,0,0,1,1,1,2.84,4.619073091157083,False,False,False,False,False,False,,,0.0,6.0
196,TakeTask,https://www.crunchbase.com/organization/taketask,Poland,52.2319581,21.0067249,2017,4.0,True,True,False,False,False,False,False,False,False,True,False,False,False,False,1,3,2,False,False,False,False,2.0,True,1.079179,False,2018-12-10,2020-12-23,Seed,2018,18.666666666666668,True,True,False,False,5.3,0.0,True,True,False,False,False,False,False,False,False,False,True,True,3,3,True,True,True,True,True,True,True,True,True,True,True,True,True,True,True,3,3.0,True,True,True,True,True,False,False,False,False,False,False,True,True,109,0,False,118,15,0.1271186440677966,0.119664503756089,0.0,0.0,0.0,0.0,0.0,0.0,0.0,0.0,0.0,0.0,0.0,0.0,0.0,1.0,0.0,0.0,0,0,0,0,0,0,0,2.84,3.535145354171894,False,False,False,False,False,False,,,2.0,5.0
175,Digital Fingerprints,https://www.crunchbase.com/organization/digital-fingerprints-is-a-continuous-authentication-solution-based-on-behavioural-biometrics,Poland,50.2598987,19.0215852,2017,3.0,True,False,False,False,True,False,False,True,True,True,False,False,False,False,0,1,1,False,True,False,True,1.0,True,2.0,False,2017-03-01,2017-03-01,Seed,2017,5.0,False,False,True,True,0.0,1.0,False,False,False,False,False,False,False,False,False,False,False,False,0,0,False,False,False,False,False,False,False,False,False,False,False,False,False,False,False,1,1.0,True,True,True,True,True,False,False,False,False,False,False,True,True,5,0,False,7,1,0.1428571428571428,0.1335313926245225,0.25916421899578,0.2591642189957797,0.2591642189957797,0.2591642189957797,0.0,0.0,0.0,0.2591642189957797,0.2591642189957797,0.2591642189957797,0.0,0.0,0.0,0.0,0.0,0.0,0,0,0,0,1,1,1,2.84,3.843744164674851,False,False,False,False,False,False,,,0.0,0.0
339,Purella Food,https://www.crunchbase.com/organization/purella-food,Poland,52.2319581,21.0067249,2017,1.0,False,True,False,False,False,True,True,True,False,False,False,False,False,False,0,1,1,False,True,False,True,1.0,True,0.65,False,2017-09-01,2017-09-01,Seed,2017,36.0,True,True,False,False,1.0,6.0,False,False,False,False,False,False,False,False,False,False,False,False,1,1,True,True,True,True,True,True,True,True,True,True,True,True,True,True,True,1,1.0,True,True,True,True,True,False,False,False,False,False,False,True,True,109,0,False,118,15,0.1271186440677966,0.119664503756089,0.0,0.0,0.0,0.0,0.0,0.0,0.0,0.0,0.0,0.0,0.0,0.0,0.0,2.0,3.0,0.1676849278940113,0,0,0,0,0,1,0,2.84,3.843744164674851,False,False,False,False,False,False,,,2.0,5.0
221,Placeme,https://www.crunchbase.com/organization/placeme,Poland,52.2319581,21.0067249,2017,2.0,True,True,False,False,True,False,False,False,False,True,False,False,False,False,1,2,4,True,False,False,False,2.0,True,0.540575,False,2018-01-01,2021-05-18,Seed,2018,27.5,False,False,True,True,4.0,4.5,True,True,False,False,False,False,True,False,False,False,True,False,0,0,False,False,False,False,False,False,False,False,False,False,False,False,False,False,False,0,0.0,False,False,False,True,True,False,False,False,False,True,False,True,True,109,0,False,118,15,0.1271186440677966,0.119664503756089,0.0,2.205236897639623,0.9316995620496887,2.7597070671445145,2.5429615773958774,2.564770480682144,2.5865793839684104,0.9316995620496887,1.8457033145971016,2.7597070671445145,0.9822686119418398,0.06639671391949604,1.9211131012214122,0.0,0.0,0.0,0,0,0,0,0,0,0,2.84,3.535145354171894,False,False,False,False,False,False,,,2.0,5.0
345,Real Research,https://www.crunchbase.com/organization/real-research,Poland,50.0619474,19.9368564,2017,2.0,True,False,False,False,True,False,False,True,False,False,False,False,False,False,1,1,1,False,True,True,False,0.0,False,0.559867,False,2018-05-02,2018-05-02,Pre-Seed,2018,9.0,True,,False,,4.0,0.0,False,,False,,False,,False,,False,,False,,0,0,False,,False,True,,False,,False,,False,,False,,False,,1,,True,,True,False,,False,False,False,False,False,False,True,True,20,0,False,49,7,0.1428571428571428,0.1335313926245225,0.25256392777356135,0.08065183335728103,0.08065183335728103,0.08065183335728103,0.08065183335728103,0.08065183335728103,0.08065183335728103,0.0,0.0,0.0,0.0,0.0,0.0,1.0,0.0,0.0,0,0,0,0,0,1,0,2.84,3.535145354171894,False,False,False,False,False,False,,,0.0,2.0
382,Cardiomatics,https://www.crunchbase.com/organization/cardiomatics,Poland,50.0619474,19.9368564,2017,2.0,True,False,False,False,True,False,False,True,False,True,False,False,False,False,2,2,7,True,False,True,False,1.0,True,2.469193,False,2019-07-12,2021-08-20,Seed,2019,28.285714285714285,True,False,True,True,8.1,4.0,False,False,True,True,False,False,False,False,True,False,False,False,2,0,True,False,False,True,False,True,False,True,False,True,False,True,False,True,False,3,0.0,True,False,False,True,True,False,False,False,False,True,False,True,True,20,0,False,49,7,0.1428571428571428,0.1335313926245225,0.25256392777356135,0.609503773211862,0.0,1.6760795207610055,0.0,0.6457810511577036,1.6760795207610055,0.39184010553681287,0.39184010553681287,0.39184010553681287,0.9104870801879977,0.0,1.8633881297850918,11.0,0.0,0.1777470703489321,1,0,0,0,1,1,1,2.84,4.619073091157083,False,False,False,False,False,False,,,0.0,2.0
486,ZEME,https://www.crunchbase.com/organization/zeme,Poland,52.2319581,21.0067249,2017,2.0,True,True,False,False,False,False,False,False,False,True,False,False,False,True,2,2,1,True,True,False,True,1.0,True,0.0,True,2019-04-02,2020-04-20,Seed,2019,11.0,False,False,True,True,1.5,0.0,False,False,False,False,False,False,False,False,False,False,False,False,0,0,False,False,False,False,False,False,False,False,False,False,False,False,False,False,False,2,1.0,True,True,True,False,False,False,False,False,False,False,False,True,True,109,0,False,118,15,0.1271186440677966,0.119664503756089,0.0,0.3011089548473384,0.3011089548473384,0.3011089548473384,0.3011089548473384,0.3011089548473384,0.3011089548473384,0.3011089548473384,0.3011089548473384,0.3011089548473384,0.0,0.0,0.0,1.0,3.0,0.1274617638294791,0,0,0,0,0,1,0,2.84,4.619073091157083,False,False,False,False,False,False,,,2.0,5.0
289,Glaze Prosthetics,https://www.crunchbase.com/organization/glaze-prosthetics,Poland,50.0619474,19.9368564,2017,2.0,True,False,False,False,True,False,False,True,False,False,False,False,False,False,1,2,2,True,False,False,False,1.0,True,0.27144,True,2018-09-17,2022-01-05,Seed,2018,44.0,False,False,True,True,2.0,0.5,True,True,False,False,True,False,False,False,False,False,False,False,0,0,False,False,False,False,False,False,False,False,False,False,False,False,False,False,False,1,1.0,True,True,False,True,True,True,True,True,False,False,False,True,False,20,0,False,49,7,0.1428571428571428,0.1335313926245225,0.25256392777356135,4.925944153615328,0.25256392777356124,9.599324379457096,9.599324379457096,9.599324379457096,9.599324379457096,0.25256392777356124,0.25256392777356124,0.25256392777356124,9.424109957419178,9.424109957419178,9.424109957419178,0.0,0.0,0.0,0,0,0,0,0,1,0,2.84,3.535145354171894,False,False,False,False,False,False,,,0.0,2.0
233,SoftwareSupp,https://www.crunchbase.com/organization/picksaas-com,Poland,51.1089776,17.0326689,2017,1.0,True,False,False,False,True,False,False,False,False,True,False,False,False,True,3,1,1,False,True,True,True,1.0,True,0.25,True,2020-06-01,2020-06-01,Pre-Seed,2020,22.0,False,False,True,True,3.0,2.0,False,False,False,False,False,False,False,False,False,False,False,False,0,0,False,False,False,False,False,False,False,False,False,False,False,False,False,False,False,1,1.0,True,True,True,True,True,False,False,False,False,False,False,True,True,20,0,False,22,2,0.0909090909090909,0.0870113769896297,0.21667097873246585,0.3011089548473384,0.3011089548473384,0.3011089548473384,0.0,0.0,0.0,0.3011089548473384,0.3011089548473384,0.3011089548473384,0.0,0.0,0.0,2.0,0.0,0.0402231640645322,0,0,0,0,1,1,1,2.84,4.93806460126142,False,False,False,False,False,False,,,0.0,1.400000000000002
273,PushPushGo,https://www.crunchbase.com/organization/pushpushgo,Poland,50.0619474,19.9368564,2017,4.0,True,False,False,False,False,False,False,False,False,True,True,False,False,False,1,1,1,False,True,False,True,1.0,True,0.53,False,2018-10-10,2018-10-10,Seed,2018,36.0,False,False,True,True,2.0,6.0,False,False,False,False,False,False,False,False,False,False,False,False,0,0,False,False,False,False,False,False,False,False,False,False,False,False,False,False,False,1,1.0,True,True,True,True,True,False,False,False,False,False,False,True,True,20,0,False,49,6,0.1224489795918367,0.1155128871218442,0.25256392777356135,0.25256392777356124,0.25256392777356124,0.25256392777356124,0.0,0.0,0.0,0.25256392777356124,0.25256392777356124,0.25256392777356124,0.0,0.0,0.0,2.0,0.0,0.0402231640645322,0,0,0,0,0,1,1,2.84,3.535145354171894,True,False,False,True,True,True,2021-07-08,4.0,0.0,2.0
620,Astronation,https://www.crunchbase.com/organization/astronation,Poland,52.4082663,16.9335199,2017,2.0,True,False,False,False,False,True,False,False,False,True,True,False,False,False,1,1,1,False,True,False,True,1.0,True,0.0,True,2018-06-01,2018-06-01,Seed,2018,5.0,True,True,False,False,3.0,0.0,False,False,False,False,False,False,False,False,False,False,False,False,1,1,True,True,True,True,True,True,True,True,True,True,True,True,True,True,True,1,1.0,True,True,True,False,False,False,False,False,False,False,False,True,True,12,0,False,32,3,0.09375,0.0896121586896871,0.23972769721803155,0.0,0.0,0.0,0.0,0.0,0.0,0.0,0.0,0.0,0.0,0.0,0.0,1.0,0.0,0.0,0,0,0,0,0,1,0,2.84,3.535145354171894,False,False,False,False,False,False,,,0.0,6.0
583,DEBN,https://www.crunchbase.com/organization/debn,Poland,54.3706858,18.6129831,2017,1.0,True,False,False,False,True,False,False,True,False,False,False,False,False,False,0,1,1,False,True,False,True,1.0,True,0.0,True,2017-07-01,2017-07-01,Seed,2017,17.0,True,True,False,False,0.0,4.0,False,False,False,False,False,False,False,False,False,False,False,False,1,1,True,True,True,True,True,True,True,True,True,True,True,True,True,True,True,1,1.0,True,True,True,False,False,False,False,False,False,False,False,True,True,8,0,False,17,1,0.0588235294117647,0.0571584138399486,0.2860719384529203,0.0,0.0,0.0,0.0,0.0,0.0,0.0,0.0,0.0,0.0,0.0,0.0,0.0,0.0,0.0,0,0,0,0,1,1,0,2.84,3.843744164674851,False,False,False,False,False,False,,,0.0,6.0
556,Digital Teammates,https://www.crunchbase.com/organization/digital-teammates,Poland,52.2319581,21.0067249,2017,1.0,True,True,False,False,True,True,False,False,False,True,False,False,False,True,0,1,1,False,True,False,True,1.0,True,0.0,True,2017-10-01,2017-10-01,Seed,2017,5.0,True,True,False,False,0.0,1.0,False,False,False,False,False,False,False,False,False,False,False,False,1,1,True,True,True,True,True,True,True,True,True,True,True,True,True,True,True,1,1.0,True,True,True,True,True,False,False,False,False,False,False,True,True,109,0,False,118,15,0.1271186440677966,0.119664503756089,0.0,0.0,0.0,0.0,0.0,0.0,0.0,0.0,0.0,0.0,0.0,0.0,0.0,0.0,0.0,0.0,0,0,0,0,0,0,0,2.84,3.843744164674851,False,False,False,False,False,False,,,2.0,5.0
103,Kogena,https://www.crunchbase.com/organization/kogena,Poland,51.1089776,17.0326689,2018,1.0,True,False,False,False,True,False,False,False,False,True,False,False,False,False,1,3,5,True,False,True,False,2.0,True,2.460801,False,2019-10-01,2023-07-12,Seed,2019,15.0,False,False,True,True,8.0,40.2,True,False,True,False,True,False,True,True,False,False,False,False,0,0,False,False,False,False,False,False,False,False,False,False,False,False,False,False,False,4,2.0,True,True,False,True,True,True,True,True,False,False,False,True,False,20,0,False,28,2,0.0714285714285714,0.0689928714869514,0.21667097873246585,2.0944677443233584,0.2357610105830191,9.398598790756076,0.2357610105830191,3.311822918728811,9.398598790756076,0.2357610105830191,0.26843498271517874,0.3011089548473384,3.9072151778469677,0.0,9.602864843161617,1.0,0.0,0.0,0,0,0,0,1,1,0,2.07,4.619073091157083,False,False,False,False,False,False,,,0.0,1.400000000000002
143,Pethelp,https://www.crunchbase.com/organization/pethelp,Poland,52.2319581,21.0067249,2018,1.0,False,True,False,False,True,True,False,True,False,False,False,False,False,False,1,3,3,False,False,True,False,3.0,True,1.097687,False,2019-04-10,2021-08-01,Seed,2019,9.666666666666666,True,True,True,True,8.3,1.3,True,True,False,False,False,False,False,False,False,False,False,False,2,2,True,True,False,True,True,True,True,True,True,True,True,True,True,True,True,3,3.0,True,True,True,True,True,False,False,False,False,False,False,True,True,109,0,False,131,16,0.1221374045801526,0.1152352635775846,0.0,0.08418797592452042,0.0,0.25256392777356124,0.0,0.0,0.0,0.0,0.08418797592452042,0.25256392777356124,0.16837595184904083,0.0,0.25256392777356124,2.0,2.0,0.1412342220372826,0,0,0,0,0,1,0,2.07,4.619073091157083,False,False,False,False,False,False,,,2.0,5.0
209,TrustMate,https://www.crunchbase.com/organization/trustmate,Poland,51.1089776,17.0326689,2018,1.0,True,False,False,False,False,True,False,False,False,True,False,False,False,False,2,2,1,True,True,True,True,1.0,True,1.163679,False,2020-02-14,2020-12-30,Seed,2020,15.0,False,False,True,True,1.0,1.0,False,False,False,False,False,False,True,True,False,False,False,False,0,0,False,False,False,False,False,False,False,False,False,False,False,False,False,False,False,2,1.0,True,True,True,True,True,False,False,False,False,False,False,True,True,20,0,False,28,2,0.0714285714285714,0.0689928714869514,0.21667097873246585,0.3011089548473384,0.3011089548473384,0.3011089548473384,0.3011089548473384,0.3011089548473384,0.3011089548473384,0.3011089548473384,0.3011089548473384,0.3011089548473384,0.0,0.0,0.0,0.0,0.0,0.0,0,0,0,0,1,1,0,2.07,4.93806460126142,False,False,False,False,False,False,,,0.0,1.400000000000002
212,Pacific,https://www.crunchbase.com/organization/pacific,Poland,52.4082663,16.9335199,2018,3.0,False,False,False,False,False,True,False,False,True,True,False,False,False,False,2,1,1,False,True,True,False,0.0,False,2.029562,False,2020-03-31,2020-03-31,Seed,2020,22.0,False,,True,,9.0,0.0,False,,False,,False,,False,,False,,False,,0,0,False,,False,False,,False,,False,,False,,False,,False,,1,,True,,True,False,,False,False,False,False,False,False,True,True,12,0,False,35,3,0.0857142857142857,0.082238098236972,0.23972769721803155,0.22418075417582414,0.22418075417582414,0.22418075417582414,0.22418075417582414,0.22418075417582414,0.22418075417582414,0.0,0.0,0.0,0.0,0.0,0.0,0.0,0.0,0.0,0,0,0,0,0,1,0,2.07,4.93806460126142,False,False,False,False,False,False,,,0.0,6.0
213,REbuild,https://www.crunchbase.com/organization/rebuild,Poland,53.132398,23.1591679,2018,1.0,True,False,False,False,True,False,False,False,False,False,False,False,True,False,1,2,2,True,False,True,False,1.0,True,0.629892,False,2019-02-07,2019-03-13,Pre-Seed,2019,21.0,False,False,True,True,2.0,0.0,True,True,False,False,False,False,False,False,False,False,False,False,0,0,False,False,False,False,False,False,False,False,False,False,False,False,False,False,False,2,1.0,True,True,True,True,True,False,False,False,False,False,False,True,True,3,0,False,2,0,0.0,0.0,0.17627752830162907,0.17627752830162904,0.17627752830162904,0.17627752830162904,0.17627752830162904,0.17627752830162904,0.17627752830162904,0.17627752830162904,0.17627752830162904,0.17627752830162904,0.0,0.0,0.0,0.0,0.0,0.0,0,0,0,0,1,1,1,2.07,4.619073091157083,False,False,False,False,False,False,,,0.0,0.0
199,ZeroQs,https://www.crunchbase.com/organization/zeroqs,Poland,53.7766839,20.476507,2018,2.0,True,False,False,False,False,True,False,False,False,True,True,False,False,False,1,2,2,False,False,False,False,2.0,True,0.842394,False,2019-01-01,2024-01-30,Seed,2019,9.5,False,False,True,True,2.5,0.0,True,True,False,False,False,False,False,False,False,False,False,False,0,0,False,False,False,False,False,False,False,False,False,False,False,False,False,False,False,1,1.0,True,True,False,True,True,True,True,True,False,False,False,True,False,0,0,False,3,0,0.0,0.0,0.17538998947011344,3.864025471720528,0.1753899894701134,7.552660953970943,0.0,0.0,0.0,0.1753899894701134,3.864025471720528,7.552660953970943,7.685874168582277,7.685874168582277,7.685874168582277,0.0,0.0,0.0,0,0,0,0,1,1,1,2.07,4.619073091157083,False,False,False,False,False,False,,,0.0,0.0
166,Talent Alpha,https://www.crunchbase.com/organization/talent-alpha-inc,Poland,50.0619474,19.9368564,2018,3.0,True,False,False,False,True,False,False,False,False,True,False,False,False,False,1,1,1,False,True,True,True,1.0,True,4.973553,False,2019-05-22,2019-05-22,Seed,2019,9.0,False,False,True,True,0.0,0.0,False,False,False,False,False,False,True,True,False,False,False,False,0,0,False,False,False,False,False,False,False,False,False,False,False,False,False,False,False,1,1.0,True,True,True,True,True,False,False,False,False,False,False,True,True,20,0,False,53,7,0.1320754716981132,0.1240526486699788,0.25256392777356135,0.25256392777356124,0.25256392777356124,0.25256392777356124,0.0,0.0,0.0,0.25256392777356124,0.25256392777356124,0.25256392777356124,0.0,0.0,0.0,0.0,0.0,0.0,0,0,0,0,0,1,0,2.07,4.619073091157083,False,False,False,False,False,False,,,0.0,2.0
173,Optimatik,https://www.crunchbase.com/organization/optimatik,Poland,51.1089776,17.0326689,2018,2.0,True,False,False,False,True,False,False,False,False,True,False,False,False,False,1,1,1,False,True,True,True,1.0,True,0.273387,True,2019-10-01,2019-10-01,Pre-Seed,2019,3.0,True,True,False,False,2.0,0.0,False,False,False,False,False,False,False,False,False,False,False,False,1,1,True,True,True,True,True,True,True,True,True,True,True,True,True,True,True,1,1.0,True,True,True,False,False,False,False,False,False,False,False,True,True,20,0,False,28,2,0.0714285714285714,0.0689928714869514,0.21667097873246585,0.0,0.0,0.0,0.0,0.0,0.0,0.0,0.0,0.0,0.0,0.0,0.0,0.0,0.0,0.0,0,0,0,0,1,1,0,2.07,4.619073091157083,False,False,False,False,False,False,,,0.0,1.400000000000002
41,CTHINGS.CO,https://www.crunchbase.com/organization/cthings-co,Poland,52.2319581,21.0067249,2018,2.0,True,True,True,False,True,False,False,False,False,True,False,False,True,False,0,4,4,True,False,True,False,3.0,True,2.354065,False,2018-02-14,2021-10-01,Series A,2018,8.333333333333334,True,True,True,True,2.5,0.3,True,False,False,False,False,False,False,False,False,False,False,False,2,2,True,True,False,True,True,True,True,True,True,True,True,True,True,True,True,5,3.0,True,True,False,True,True,False,False,False,False,False,False,True,True,109,0,False,131,16,0.1221374045801526,0.1152352635775846,0.0,0.30963734684942557,0.0,1.0935320065536513,0.25256392777356124,0.2558640733846705,0.2591642189957797,0.0,0.3365239835818032,1.0935320065536513,0.4676390230852971,0.0,1.0935320065536513,5.0,1.0,0.1727159991214717,1,0,0,0,0,0,1,2.07,3.535145354171894,False,False,True,False,True,True,,,2.0,5.0
598,Reactivepad,https://www.crunchbase.com/organization/reactivepad,Poland,51.1089776,17.0326689,2018,2.0,False,False,False,False,False,False,False,False,False,True,True,False,False,False,1,1,1,False,True,False,True,1.0,True,0.0,True,2019-07-03,2019-07-03,Seed,2019,11.0,True,True,False,False,1.0,0.0,False,False,False,False,False,False,False,False,False,False,False,False,1,1,True,True,True,True,True,True,True,True,True,True,True,True,True,True,True,1,1.0,True,True,True,False,False,False,False,False,False,False,False,True,True,20,0,False,28,2,0.0714285714285714,0.0689928714869514,0.21667097873246585,0.0,0.0,0.0,0.0,0.0,0.0,0.0,0.0,0.0,0.0,0.0,0.0,1.0,0.0,0.0,0,0,0,0,1,1,0,2.07,4.619073091157083,False,False,False,False,False,False,,,0.0,1.400000000000002
607,Caterfly,https://www.crunchbase.com/organization/caterfly-pl,Poland,52.2319581,21.0067249,2018,1.0,False,True,False,False,False,True,True,False,False,False,False,False,False,True,0,1,1,False,True,True,True,1.0,True,0.0,True,2018-09-01,2018-09-01,Pre-Seed,2018,9.0,True,True,False,False,7.0,3.0,False,False,False,False,False,False,False,False,False,False,False,False,1,1,True,True,True,True,True,True,True,True,True,True,True,True,True,True,True,1,1.0,True,True,True,True,True,False,False,False,False,False,False,True,True,109,0,False,131,15,0.1145038167938931,0.1084092985071848,0.0,0.0,0.0,0.0,0.0,0.0,0.0,0.0,0.0,0.0,0.0,0.0,0.0,4.0,0.0,0.0908983577180024,0,0,0,0,0,0,0,2.07,3.535145354171894,True,False,False,True,True,True,2019-06-01,1.0,2.0,5.0
14,Aether Biomedical,https://www.crunchbase.com/organization/aether-biomedical,Poland,52.4082663,16.9335199,2018,2.0,True,False,False,False,True,True,False,True,False,True,False,False,False,False,0,4,8,True,False,True,False,6.0,True,4.6385,False,2018-04-01,2021-08-11,Series A,2018,78.72727272727273,False,False,True,True,7.6,17.6,False,False,True,True,True,True,False,False,True,False,False,False,0,0,False,False,False,False,False,False,False,False,False,False,False,False,False,False,False,4,3.0,True,True,False,True,True,True,True,True,False,False,False,True,False,12,0,False,35,3,0.0857142857142857,0.082238098236972,0.23972769721803155,4.973891001598596,0.1446353475931716,9.24374581172401,0.27750303392133147,6.980898681951241,9.24374581172401,0.1446353475931716,3.301384601304724,6.895752940662851,7.129718451792987,0.0,13.997551193220005,0.0,0.0,0.0,0,0,0,0,0,1,0,2.07,3.535145354171894,False,False,True,False,True,True,,,0.0,6.0
33,Plenti,https://www.crunchbase.com/organization/plenti-4680,Poland,52.2319581,21.0067249,2018,3.0,False,True,False,False,False,True,False,False,False,True,False,False,False,True,2,4,11,True,False,True,False,4.0,True,7.110269,False,2020-01-26,2023-07-03,Seed,2020,8.5,True,True,True,True,6.5,0.2,True,False,False,False,False,False,False,False,False,False,False,False,5,2,True,True,False,True,True,True,True,True,True,True,True,True,True,True,True,8,4.0,True,True,False,True,True,True,True,True,False,False,False,True,False,109,0,False,131,16,0.1221374045801526,0.1152352635775846,0.0,1.559405359747584,0.0,7.685874168582277,0.0,2.50673011914249,7.685874168582277,0.0,0.1384182206552249,0.3011089548473384,2.7407690564882334,0.0,7.776211964323864,8.0,0.0,0.1492082812712644,0,0,0,0,0,0,1,2.07,4.93806460126142,False,False,False,False,False,False,,,2.0,5.0
89,SonarHome,https://www.crunchbase.com/organization/sonarhome,Poland,52.2319581,21.0067249,2018,2.0,False,True,False,False,False,False,False,False,False,True,False,False,True,False,1,2,9,True,False,True,False,1.0,True,7.476146,False,2019-06-13,2021-06-23,Seed,2019,9.916666666666666,True,False,True,True,3.8,1.4,False,False,False,False,False,False,True,False,False,False,False,False,5,0,True,False,False,True,False,True,False,True,False,True,False,True,False,True,False,5,0.0,True,False,False,True,False,True,True,True,False,False,False,True,False,109,0,False,131,16,0.1221374045801526,0.1152352635775846,0.0,2.1359039627678498,0.0,6.853761792057567,0.0,2.3469399625796528,6.853761792057567,1.0807239637088346,1.0807239637088346,1.0807239637088346,3.584913969644139,0.0,13.098678411413243,6.0,5.0,0.2890191943493392,1,0,0,0,1,1,1,2.07,4.619073091157083,False,False,False,False,False,False,,,2.0,5.0
93,WIDMO Spectral Technologies (formerly SGPR.TECH),https://www.crunchbase.com/organization/sgpr-tech,Poland,50.0619474,19.9368564,2018,4.0,True,False,False,True,True,True,False,False,False,True,False,False,True,False,1,1,1,False,True,False,False,0.0,False,4.109713,False,2019-02-10,2019-02-10,Seed,2019,10.0,True,,False,,4.0,1.0,False,,False,,False,,False,,False,,False,,1,0,True,,True,True,,True,,True,,True,,True,,True,,1,,True,,True,False,,False,False,False,False,False,False,True,True,20,0,False,53,7,0.1320754716981132,0.1240526486699788,0.25256392777356135,0.0,0.0,0.0,0.0,0.0,0.0,0.0,0.0,0.0,0.0,0.0,0.0,2.0,1.0,0.1039540459792718,0,0,0,0,1,1,1,2.07,4.619073091157083,False,False,False,False,False,False,,,0.0,2.0
68,inSTREAMLY,https://www.crunchbase.com/organization/instreamly,Poland,52.2319581,21.0067249,2018,4.0,True,True,False,False,False,True,False,False,False,True,True,False,False,False,2,2,6,True,False,True,False,2.0,True,1.553852,False,2020-04-03,2021-04-14,Seed,2020,32.285714285714285,True,True,True,True,23.2,2.7,True,True,True,True,False,False,False,False,False,False,True,False,4,1,True,True,False,True,True,True,True,True,True,True,True,True,True,True,True,4,1.0,True,True,False,True,True,True,True,True,False,False,False,True,False,109,0,False,131,16,0.1221374045801526,0.1152352635775846,0.0,2.7758385086868667,0.0,9.398078547705063,0.0,3.596249122615237,9.398078547705063,0.0,0.7248119738659397,1.4496239477318793,4.960488041633436,0.0,9.564578678683203,6.0,13.0,0.3669233414070049,1,0,0,1,1,1,1,2.07,4.93806460126142,False,False,False,False,False,False,,,2.0,5.0
70,ICSEC,https://www.crunchbase.com/organization/icsec,Poland,52.4082663,16.9335199,2018,2.0,True,False,False,False,True,False,False,False,False,True,False,False,False,False,0,5,4,False,False,True,False,4.0,True,8.067296,False,2018-01-01,2021-03-25,Series A,2018,12.8,True,True,True,True,12.6,1.2,True,True,False,False,True,True,False,False,False,False,True,True,1,1,True,True,False,True,True,True,True,True,True,True,True,True,True,True,True,5,5.0,True,True,True,True,True,False,False,False,False,False,False,True,True,12,0,False,35,3,0.0857142857142857,0.082238098236972,0.23972769721803155,0.22200242713706517,0.0,0.27750303392133147,0.0,0.0,0.0,0.0,0.22200242713706517,0.27750303392133147,0.11100121356853258,0.0,0.27750303392133147,0.0,0.0,0.0,0,0,0,0,0,1,0,2.07,3.535145354171894,False,False,True,False,True,True,,,0.0,6.0
377,Nomi Biotech Corporation,https://www.crunchbase.com/organization/nomi-biotech,Poland,52.1355556,20.8502778,2018,4.0,True,True,False,False,True,False,True,True,False,False,False,False,False,False,1,1,1,False,True,False,True,1.0,True,0.27025,True,2019-04-11,2019-04-11,Seed,2019,44.0,False,False,True,True,5.0,2.0,False,False,False,False,False,False,False,False,False,False,False,False,0,0,False,False,False,False,False,False,False,False,False,False,False,False,False,False,False,1,1.0,True,True,True,False,False,False,False,False,False,False,False,True,True,109,0,False,0,0,0.0,0.0,0.015121923519469232,0.2896595945853878,0.2896595945853878,0.2896595945853878,0.0,0.0,0.0,0.2896595945853878,0.2896595945853878,0.2896595945853878,0.0,0.0,0.0,4.0,0.0,0.0908983577180024,0,0,0,0,0,0,0,2.07,4.619073091157083,False,False,False,False,False,False,,,2.0,5.0
370,Timeqube,https://www.crunchbase.com/organization/timeqube,Poland,52.2319581,21.0067249,2018,2.0,True,True,False,False,False,True,False,False,False,True,False,False,False,False,1,3,2,False,False,False,False,2.0,True,0.37741,True,2019-09-01,2021-05-01,Seed,2019,90.33333333333331,False,False,True,True,4.3,2.0,False,False,False,False,False,False,False,False,False,False,False,False,0,0,False,False,False,False,False,False,False,False,False,False,False,False,False,False,False,1,1.0,True,True,False,False,False,True,True,False,False,False,False,True,False,109,0,False,131,16,0.1221374045801526,0.1152352635775846,0.0,0.6255110461951046,0.27750303392133147,0.7995150523319912,0.0,0.0,0.0,0.27750303392133147,0.6255110461951046,0.7995150523319912,0.48897240476952863,0.0,0.733458607154293,3.0,0.0,0.0687619531421999,0,0,0,0,0,0,0,2.07,4.619073091157083,False,False,False,False,False,False,,,2.0,5.0
347,FaceMetrics,https://www.crunchbase.com/organization/facemetrics,Poland,50.0619474,19.9368564,2018,1.0,False,False,False,False,False,False,False,False,False,True,False,False,False,False,0,1,2,False,False,False,False,2.0,True,2.0,False,2018-06-13,2018-06-13,Seed,2018,7.0,False,False,True,True,4.0,1.0,False,False,False,False,False,False,False,False,False,False,False,False,0,0,False,False,False,False,False,False,False,False,False,False,False,False,False,False,False,0,0.0,False,False,False,True,True,False,False,False,False,False,False,True,True,20,0,False,53,7,0.1320754716981132,0.1240526486699788,0.25256392777356135,1.4163568042175456,1.4163568042175456,1.4163568042175456,0.0,0.0,0.0,1.4163568042175456,1.4163568042175456,1.4163568042175456,0.0,0.0,0.0,0.0,0.0,0.0,0,0,0,0,0,1,0,2.07,3.535145354171894,False,False,False,False,False,False,,,0.0,2.0
411,Collectomate,https://www.crunchbase.com/organization/collectomate,Poland,51.7687323,19.4569911,2018,1.0,False,False,False,False,False,False,False,False,False,True,False,False,False,False,0,2,2,False,False,False,False,2.0,True,0.38567,True,2018-06-10,2018-11-27,Seed,2018,16.0,False,False,True,True,2.0,1.0,True,True,False,False,False,False,True,True,False,False,False,False,0,0,False,False,False,False,False,False,False,False,False,False,False,False,False,False,False,2,2.0,True,True,True,True,True,False,False,False,False,False,False,True,True,1,0,False,2,0,0.0,0.0,0.11793105937045416,0.15220959943493614,0.11793105937045412,0.18648813949941817,0.0,0.0,0.0,0.11793105937045412,0.15220959943493614,0.18648813949941817,0.27750303392133147,0.27750303392133147,0.27750303392133147,0.0,0.0,0.0,0,0,0,0,1,0,0,2.07,3.535145354171894,False,False,False,False,False,False,,,1.2000000000000002,0.6000000000000001
419,Sellizer,https://www.crunchbase.com/organization/sellizer,Poland,50.0374531,22.0047174,2018,1.0,True,False,False,False,False,True,False,False,False,True,False,False,False,False,0,1,1,False,True,True,True,1.0,True,0.211356,True,2018-11-15,2018-11-15,Pre-Seed,2018,14.0,False,False,True,True,2.0,0.0,True,True,False,False,False,False,False,False,False,False,False,False,0,0,False,False,False,False,False,False,False,False,False,False,False,False,False,False,False,1,1.0,True,True,True,False,False,False,False,False,False,False,False,True,True,1,0,False,1,0,0.0,0.0,0.25375216046178817,0.44053328061576547,0.44053328061576547,0.44053328061576547,0.0,0.0,0.0,0.44053328061576547,0.44053328061576547,0.44053328061576547,0.0,0.0,0.0,0.0,0.0,0.0,0,0,0,0,1,1,1,2.07,3.535145354171894,False,False,False,False,False,False,,,0.0,0.0
268,ChallengeRocket,https://www.crunchbase.com/organization/challengerocket,Poland,51.1089776,17.0326689,2018,2.0,True,False,False,False,True,False,False,False,False,True,False,False,False,False,1,1,2,True,False,False,False,1.0,True,2.14959,False,2019-12-03,2019-12-03,Seed,2019,16.0,False,False,True,True,5.5,0.0,True,True,False,False,False,False,True,False,False,False,True,True,0,0,False,False,False,False,False,False,False,False,False,False,False,False,False,False,False,2,1.0,True,True,True,True,True,False,False,False,False,False,False,True,True,20,0,False,28,2,0.0714285714285714,0.0689928714869514,0.21667097873246585,0.3011089548473384,0.3011089548473384,0.3011089548473384,0.3011089548473384,0.3011089548473384,0.3011089548473384,0.3011089548473384,0.3011089548473384,0.3011089548473384,0.0,0.0,0.0,0.0,0.0,0.0,0,0,0,0,1,1,0,2.07,4.619073091157083,False,False,False,False,False,False,,,0.0,1.400000000000002
275,Noctiluca,https://www.crunchbase.com/organization/noctiluca,Poland,53.0102721,18.6048094,2018,2.0,True,False,False,False,True,True,False,False,False,True,False,False,False,True,0,1,1,False,True,False,False,0.0,False,0.0,True,2018-12-18,2018-12-18,Venture - Series Unknown,2018,15.0,False,,True,,1.0,0.0,True,,False,,False,,False,,False,,False,,0,0,False,,False,False,,False,,False,,False,,False,,False,,1,,True,,True,True,,False,False,False,False,False,False,True,True,0,0,False,0,0,0.0,0.0,0.18377841066839457,0.18377841066839457,0.18377841066839457,0.18377841066839457,0.18377841066839457,0.18377841066839457,0.18377841066839457,0.0,0.0,0.0,0.0,0.0,0.0,0.0,0.0,0.0,0,0,0,0,1,1,1,2.07,3.535145354171894,False,False,True,False,True,True,,,0.0,0.0
449,7 Orders,https://www.crunchbase.com/organization/7-orders,Poland,51.1089776,17.0326689,2018,1.0,True,False,False,False,False,True,False,False,False,True,True,False,False,False,0,3,1,False,True,False,False,0.0,False,0.028221,True,2013-10-01,2016-09-01,Seed,2013,25.0,True,,False,,6.3,2.0,False,,False,,False,,False,,False,,False,,3,0,True,,True,True,,True,,True,,True,,True,,True,,3,,True,,True,False,,False,False,False,False,False,False,True,True,20,0,False,28,2,0.0714285714285714,0.0689928714869514,0.21667097873246585,0.0,0.0,0.0,0.0,0.0,0.0,0.0,0.0,0.0,0.0,0.0,0.0,2.0,0.0,0.0402231640645322,0,0,0,0,1,1,1,2.07,2.862200880929469,False,False,False,False,False,False,,,0.0,1.400000000000002
343,Advisero,https://www.crunchbase.com/organization/advisero,Poland,50.2598987,19.0215852,2018,2.0,True,False,False,False,True,False,False,False,False,True,True,False,False,True,2,1,1,False,True,False,True,1.0,True,0.271143,True,2020-05-12,2020-05-12,Seed,2020,31.0,True,True,False,False,2.0,1.0,True,True,False,False,False,False,False,False,False,False,False,False,0,0,False,False,False,True,True,True,True,False,False,False,False,False,False,False,False,1,1.0,True,True,True,False,False,False,False,False,False,False,False,True,True,5,0,False,8,1,0.125,0.1177830356563834,0.25916421899578,0.06881420287676614,0.06881420287676614,0.06881420287676614,0.0,0.0,0.0,0.06881420287676614,0.06881420287676614,0.06881420287676614,0.0,0.0,0.0,0.0,0.0,0.0,0,0,0,0,1,1,1,2.07,4.93806460126142,False,False,False,False,False,False,,,0.0,0.0
293,Ninja Lender,https://www.crunchbase.com/organization/ninja-lender,Poland,52.2319581,21.0067249,2018,5.0,True,True,False,False,False,True,False,False,True,False,False,False,False,True,0,3,2,False,False,True,False,0.0,False,0.158129,True,2018-10-30,2021-03-24,Seed,2018,337.3333333333333,False,,True,,6.7,9.7,False,,True,,True,,False,,False,,False,,0,0,False,,False,False,,False,,False,,False,,False,,False,,0,,False,,False,True,,True,True,False,False,False,False,True,False,109,0,False,131,16,0.1221374045801526,0.1152352635775846,0.0,0.8226236354290304,0.7995150523319912,0.8341779269775501,0.7995150523319912,0.8226236354290304,0.8341779269775501,0.0,0.0,0.0,1.0802695712488386,0.0,1.6204043568732582,2.0,1.0,0.1039540459792718,0,0,0,0,0,0,0,2.07,3.535145354171894,False,False,False,False,False,False,,,2.0,5.0
301,AI Busters,https://www.crunchbase.com/organization/ai-busters,Poland,52.2319581,21.0067249,2018,1.0,True,True,False,False,True,False,False,False,False,True,False,False,False,True,2,1,1,False,True,True,True,1.0,True,0.256134,True,2020-02-08,2020-02-08,Pre-Seed,2020,14.0,False,False,True,True,4.0,0.0,True,True,False,False,False,False,False,False,False,False,False,False,0,0,False,False,False,False,False,False,False,False,False,False,False,False,False,False,False,1,1.0,True,True,True,False,False,False,False,False,False,False,False,True,True,109,0,False,131,16,0.1221374045801526,0.1152352635775846,0.0,0.27750303392133147,0.27750303392133147,0.27750303392133147,0.0,0.0,0.0,0.27750303392133147,0.27750303392133147,0.27750303392133147,0.0,0.0,0.0,0.0,0.0,0.0,0,0,0,0,0,0,0,2.07,4.93806460126142,False,False,False,False,False,False,,,2.0,5.0
297,Cateringoo,https://www.crunchbase.com/organization/cateringoo-pl,Poland,52.2319581,21.0067249,2018,2.0,True,True,False,False,False,True,True,False,False,True,False,False,False,True,1,2,2,False,False,True,False,2.0,True,0.5,True,2019-06-01,2020-02-20,Seed,2019,11.0,True,True,False,False,10.0,1.5,False,False,False,False,False,False,False,False,True,True,False,False,2,2,True,True,True,True,True,True,True,True,True,True,True,True,True,True,True,2,2.0,True,True,True,True,True,False,False,False,False,False,False,True,True,109,0,False,131,16,0.1221374045801526,0.1152352635775846,0.0,0.0,0.0,0.0,0.0,0.0,0.0,0.0,0.0,0.0,0.0,0.0,0.0,8.0,1.0,0.212939163186004,1,0,0,0,0,0,1,2.07,4.619073091157083,False,False,False,False,False,False,,,2.0,5.0
409,Hype Me,https://www.crunchbase.com/organization/hype-me,Poland,52.2319581,21.0067249,2019,1.0,False,True,False,False,False,False,False,False,False,False,False,False,False,False,0,1,1,False,True,True,False,0.0,False,0.31823,True,2019-12-12,2019-12-12,Pre-Seed,2019,18.0,True,,False,,3.0,2.0,False,,False,,False,,True,,False,,False,,1,0,True,,True,True,,True,,True,,True,,True,,True,,1,,True,,True,True,,False,False,False,False,False,False,True,True,109,0,False,141,16,0.1134751773049645,0.1074859149701397,0.0,0.0,0.0,0.0,0.0,0.0,0.0,0.0,0.0,0.0,0.0,0.0,0.0,3.0,1.0,0.1324928350569394,0,0,0,0,0,0,0,1.81,4.619073091157083,False,False,False,False,False,False,,,2.0,5.0
82,GGPredict,https://www.crunchbase.com/organization/ggpredict-io,Poland,52.2319581,21.0067249,2019,3.0,False,True,False,False,True,True,False,False,False,True,True,False,False,False,0,2,2,True,False,True,False,2.0,True,1.26,False,2019-11-30,2021-08-01,Seed,2019,57.0,True,True,True,True,6.3,13.0,False,False,False,False,False,False,False,False,True,True,False,False,2,1,True,True,False,True,True,True,True,True,True,True,True,True,True,True,True,2,1.0,True,True,False,True,True,True,True,True,False,False,False,True,False,109,0,False,141,16,0.1134751773049645,0.1074859149701397,0.0,2.284587264019189,0.0,6.853761792057567,0.0,0.0,0.0,0.0,3.4268808960287833,6.853761792057567,4.569174528038378,0.0,6.853761792057567,1.0,0.0,0.0,0,0,0,0,0,0,0,1.81,4.619073091157083,False,False,False,False,False,False,,,2.0,5.0
346,ARAHUB,https://www.crunchbase.com/organization/arahub,Poland,50.0619474,19.9368564,2019,1.0,True,False,False,False,True,False,False,False,False,True,True,False,False,False,0,1,1,False,True,True,False,0.0,False,0.259481,True,2019-05-30,2019-05-30,Pre-Seed,2019,10.0,True,,False,,4.0,1.0,False,,False,,False,,False,,False,,False,,1,0,True,,True,True,,True,,True,,True,,True,,True,,1,,True,,True,False,,False,False,False,False,False,False,True,True,20,0,False,59,7,0.1186440677966101,0.112117298120706,0.25256392777356135,0.0,0.0,0.0,0.0,0.0,0.0,0.0,0.0,0.0,0.0,0.0,0.0,2.0,1.0,0.1039540459792718,0,0,0,0,1,1,1,1.81,4.619073091157083,False,False,False,False,False,False,,,0.0,2.0
234,MetalMaker 3D,https://www.crunchbase.com/organization/metalmaker-3d,Poland,50.0619474,19.9368564,2019,1.0,True,False,False,False,True,False,False,False,False,False,False,False,False,False,0,2,2,False,False,True,False,2.0,True,0.67,False,2018-07-16,2019-02-01,Pre-Seed,2018,25.0,False,False,True,True,7.5,275.5,False,False,True,True,True,True,False,False,False,False,True,True,0,0,False,False,False,False,False,False,False,False,False,False,False,False,False,False,False,0,0.0,False,False,False,False,False,True,True,True,True,False,False,False,False,20,0,False,59,7,0.1186440677966101,0.112117298120706,0.25256392777356135,7.636463798030192,6.610348019195306,8.66257957686508,0.0,0.0,0.0,6.610348019195306,7.636463798030192,8.66257957686508,2.855264129011461,2.855264129011461,2.855264129011461,0.0,0.0,0.0,0,0,0,0,0,1,0,1.81,3.535145354171894,False,False,False,False,False,False,,,0.0,2.0
160,Gekko Photonics,https://www.crunchbase.com/organization/gekko-photonics,Poland,51.1089776,17.0326689,2019,1.0,True,False,False,False,True,True,True,True,False,False,False,False,False,False,0,3,3,False,False,True,False,3.0,True,1.0,False,2019-01-01,2022-11-01,Angel,2019,7.666666666666667,False,False,True,True,3.0,0.3,False,False,False,False,True,True,False,False,False,False,False,False,0,0,False,False,False,False,False,False,False,False,False,False,False,False,False,False,False,3,3.0,True,True,True,True,True,False,False,False,False,False,False,True,True,20,0,False,34,2,0.0588235294117647,0.0571584138399486,0.21667097873246585,0.30741561985901783,0.14640921009204547,0.4747286946376697,0.0,0.0,0.0,0.14640921009204547,0.30741561985901783,0.4747286946376697,0.2960972578304957,0.17627752830162904,0.4419286192015434,0.0,0.0,0.0,0,0,0,0,1,1,0,1.81,4.619073091157083,False,False,False,False,False,False,,,0.0,1.400000000000002
178,SmartHotel,https://www.crunchbase.com/organization/smarthotel-01b0,Poland,52.2319581,21.0067249,2019,2.0,False,True,False,False,False,True,False,False,False,False,False,False,False,False,0,2,3,True,False,False,False,1.0,True,1.52,False,2019-12-16,2021-06-23,Seed,2019,30.5,True,True,True,False,1.8,0.5,True,False,False,False,False,False,True,False,False,False,False,False,3,1,True,True,False,True,True,True,True,True,True,True,True,True,True,True,True,4,1.0,True,True,True,True,True,False,False,False,False,False,False,True,True,109,0,False,141,16,0.1134751773049645,0.1074859149701397,0.0,0.06314098194339031,0.0,0.25256392777356124,0.0,0.08418797592452042,0.25256392777356124,0.0,0.0,0.0,0.12628196388678062,0.0,0.25256392777356124,9.0,15.0,0.4145838385191606,1,0,0,1,1,1,1,1.81,4.619073091157083,False,False,False,False,False,False,,,2.0,5.0
443,Deventiv,https://www.crunchbase.com/organization/deventiv,Poland,50.2598987,19.0215852,2019,1.0,True,False,False,False,False,False,False,False,False,False,False,False,False,False,0,1,1,False,True,True,True,1.0,True,0.280061,True,2019-05-01,2019-05-01,Pre-Seed,2019,39.0,False,False,True,True,0.0,0.0,False,False,False,False,False,False,False,False,False,False,False,False,0,0,False,False,False,False,False,False,False,False,False,False,False,False,False,False,False,1,1.0,True,True,True,False,False,False,False,False,False,False,False,True,True,5,0,False,10,1,0.1,0.0953101798043248,0.25916421899578,0.2794547353978967,0.2794547353978967,0.2794547353978967,0.0,0.0,0.0,0.2794547353978967,0.2794547353978967,0.2794547353978967,0.0,0.0,0.0,0.0,0.0,0.0,0,0,0,0,1,1,1,1.81,4.619073091157083,False,False,False,False,False,False,,,0.0,0.0
342,Defenselayers,https://www.crunchbase.com/organization/defenselayers,Poland,52.2319581,21.0067249,2019,3.0,True,True,False,False,False,False,False,False,False,True,False,False,False,False,0,1,1,False,True,False,False,0.0,False,0.276794,True,2019-07-31,2019-07-31,Seed,2019,15.0,True,,False,,2.0,0.0,True,,False,,False,,False,,False,,False,,1,0,True,,True,True,,True,,True,,True,,True,,True,,1,,True,,True,True,,False,False,False,False,False,False,True,True,109,0,False,141,16,0.1134751773049645,0.1074859149701397,0.0,0.0,0.0,0.0,0.0,0.0,0.0,0.0,0.0,0.0,0.0,0.0,0.0,1.0,0.0,0.0,0,0,0,0,0,0,0,1.81,4.619073091157083,False,False,False,False,False,False,,,2.0,5.0
344,EKOBILET,https://www.crunchbase.com/organization/ekobilet,Poland,50.0619474,19.9368564,2019,1.0,True,False,False,False,False,True,False,False,False,True,True,False,False,False,1,2,2,False,False,False,False,2.0,True,0.264354,True,2020-02-28,2021-06-25,Seed,2020,9.5,False,False,True,True,2.0,0.0,False,False,False,False,False,False,True,True,False,False,False,False,0,0,False,False,False,False,False,False,False,False,False,False,False,False,False,False,False,2,2.0,True,True,True,True,True,False,False,False,False,False,False,True,True,20,0,False,59,7,0.1186440677966101,0.112117298120706,0.25256392777356135,0.24020744744959,0.2278509671256188,0.25256392777356124,0.0,0.0,0.0,0.2278509671256188,0.24020744744959,0.25256392777356124,0.15327663906853053,0.15327663906853053,0.15327663906853053,0.0,0.0,0.0,0,0,0,0,0,1,0,1.81,4.93806460126142,False,False,False,False,False,False,,,0.0,2.0
47,Surveily,https://www.crunchbase.com/organization/surveily,Poland,51.1089776,17.0326689,2019,3.0,True,False,False,False,True,False,False,False,False,True,False,False,False,False,1,3,5,True,False,True,False,4.0,True,1.559877,False,2020-08-20,2022-09-29,Seed,2020,19.8,True,True,True,True,5.2,1.0,False,False,False,False,False,False,True,True,False,False,False,False,1,1,True,True,False,True,True,True,True,True,True,True,True,True,True,True,True,5,4.0,True,True,True,True,True,False,False,False,False,False,False,True,True,20,0,False,34,2,0.0588235294117647,0.0571584138399486,0.21667097873246585,0.23011453482884242,0.0,0.37794169813083545,0.37794169813083545,0.37794169813083545,0.37794169813083545,0.0,0.1931577440033441,0.3011089548473384,0.2916775204240989,0.0,0.4875013680483671,3.0,0.0,0.0687619531421999,0,0,0,0,1,1,1,1.81,4.93806460126142,False,False,False,False,False,False,,,0.0,1.400000000000002
356,3D Bistro,https://www.crunchbase.com/organization/3d-bistro,Poland,52.4082663,16.9335199,2019,2.0,True,False,False,False,True,False,False,False,False,True,False,False,False,False,0,2,2,True,False,True,False,1.0,True,0.257885,True,2019-05-10,2021-03-18,Seed,2019,152.0,False,False,True,True,3.0,3.0,True,True,True,False,True,False,False,False,False,False,False,False,0,0,False,False,False,False,False,False,False,False,False,False,False,False,False,False,False,1,1.0,True,True,False,True,True,True,True,False,False,False,False,True,False,12,0,False,37,3,0.081081081081081,0.0779615414697117,0.23972769721803155,4.4050399776643445,0.27750303392133147,8.532576921407356,8.532576921407356,8.532576921407356,8.532576921407356,0.27750303392133147,0.27750303392133147,0.27750303392133147,8.275220035225525,8.275220035225525,8.275220035225525,0.0,0.0,0.0,0,0,0,0,0,1,0,1.81,4.619073091157083,False,False,False,False,False,False,,,0.0,6.0
251,Safebox24,https://www.crunchbase.com/organization/safebox24,Poland,52.2319581,21.0067249,2019,2.0,False,True,False,False,True,False,False,False,True,False,False,False,False,False,1,2,2,False,False,False,False,1.0,True,1.326863,False,2020-10-23,2020-10-23,Seed,2020,5.0,False,False,True,True,11.5,0.0,True,False,False,False,False,False,False,False,False,False,False,False,0,0,False,False,False,False,False,False,False,False,False,False,False,False,False,False,False,1,0.0,True,False,True,False,False,False,False,False,False,False,False,True,True,109,0,False,141,16,0.1134751773049645,0.1074859149701397,0.0,0.2591642189957797,0.2591642189957797,0.2591642189957797,0.2591642189957797,0.2591642189957797,0.2591642189957797,0.0,0.0,0.0,0.0,0.0,0.0,2.0,2.0,0.1412342220372826,0,0,0,0,0,1,0,1.81,4.93806460126142,False,False,False,False,False,False,,,2.0,5.0
214,Exit Plan Games,https://www.crunchbase.com/organization/exit-plan-games,Poland,52.2319581,21.0067249,2019,2.0,False,True,False,False,False,False,False,False,False,False,True,False,False,False,0,3,4,True,False,False,False,2.0,True,1.13293,False,2019-01-30,2020-01-01,Seed,2019,29.2,True,True,True,True,4.5,1.4,True,True,False,False,False,False,False,False,False,False,False,False,2,1,True,True,False,True,True,True,True,True,True,True,True,True,True,True,True,3,1.0,True,True,False,True,True,False,False,False,False,False,False,True,True,109,0,False,141,16,0.1134751773049645,0.1074859149701397,0.0,0.30412488491250256,0.0,0.915390584802672,0.0,0.1505544774236692,0.3011089548473384,0.0,0.457695292401336,0.915390584802672,0.5924186493190822,0.0,1.121512816614472,7.0,2.0,0.2385349642571501,1,0,0,0,0,1,1,1.81,4.619073091157083,False,False,False,False,False,False,,,2.0,5.0
226,Cloud Partners,https://www.crunchbase.com/organization/cloud-partners,Poland,50.8719903,20.6310488,2019,1.0,True,False,False,False,False,False,False,False,False,True,False,False,False,False,1,1,1,False,True,True,False,0.0,False,0.35,True,2020-04-05,2020-04-05,Seed,2020,15.0,False,,True,,3.0,0.0,True,,False,,False,,False,,False,,False,,0,0,False,,False,False,,False,,False,,False,,False,,False,,1,,True,,True,True,,False,False,False,False,False,False,True,True,2,0,False,1,0,0.0,0.0,0.1534355071445631,0.15343550714456275,0.15343550714456275,0.15343550714456275,0.15343550714456275,0.15343550714456275,0.15343550714456275,0.0,0.0,0.0,0.0,0.0,0.0,0.0,0.0,0.0,0,0,0,0,1,1,1,1.81,4.93806460126142,False,False,False,False,False,False,,,0.0,0.0
126,INKsearch.co,https://www.crunchbase.com/organization/inksearch-co-booking-platform-for-tattoo-lovers,Poland,51.1089776,17.0326689,2019,2.0,True,False,False,False,False,True,False,False,False,True,False,False,False,False,0,5,6,True,False,True,False,3.0,True,0.951569,False,2019-10-25,2024-01-01,Seed,2019,104.55555555555556,True,False,True,True,8.4,2.9,False,False,True,True,True,True,False,False,True,True,False,False,1,0,True,False,False,True,False,True,False,True,False,True,False,True,False,True,False,6,2.0,True,True,False,True,True,False,False,False,False,False,False,True,True,20,0,False,34,2,0.0588235294117647,0.0571584138399486,0.21667097873246585,0.43321981403517734,0.0,1.0454548132866828,0.0,0.3766867467128758,1.0454548132866828,0.2357610105830191,0.52744159290568,1.0454548132866828,0.5118638231565084,0.0,1.0864943518985373,1.0,0.0,0.0,0,0,0,0,1,1,0,1.81,4.619073091157083,False,False,False,False,False,False,,,0.0,1.400000000000002
513,Hustro,https://www.crunchbase.com/organization/hustro,Poland,51.1089776,17.0326689,2019,3.0,True,False,False,False,False,False,False,False,False,True,False,False,True,False,1,1,1,False,True,False,True,1.0,True,0.0,True,2020-12-01,2020-12-01,Seed,2020,15.0,False,False,True,True,3.0,0.0,True,True,False,False,False,False,False,False,False,False,False,False,0,0,False,False,False,False,False,False,False,False,False,False,False,False,False,False,False,1,1.0,True,True,True,True,True,False,False,False,False,False,False,True,True,20,0,False,34,2,0.0588235294117647,0.0571584138399486,0.21667097873246585,0.3011089548473384,0.3011089548473384,0.3011089548473384,0.0,0.0,0.0,0.3011089548473384,0.3011089548473384,0.3011089548473384,0.0,0.0,0.0,1.0,0.0,0.0,0,0,0,0,1,1,0,1.81,4.93806460126142,False,False,False,False,False,False,,,0.0,1.400000000000002
125,DAC - Dynamic Air Cooling,https://www.crunchbase.com/organization/dac-sp-z-o-o,Poland,54.1558708,19.4044583,2019,3.0,True,False,False,False,True,True,False,False,False,True,False,True,False,False,1,1,1,False,True,False,True,1.0,True,0.282274,True,2020-06-05,2020-06-05,Seed,2020,21.0,False,False,True,True,2.0,0.0,False,False,False,False,False,False,False,False,False,False,False,False,0,0,False,False,False,False,False,False,False,False,False,False,False,False,False,False,False,1,1.0,True,True,True,False,False,False,False,False,False,False,False,True,True,1,0,False,1,0,0.0,0.0,0.2390644388313465,0.45666949073020346,0.45666949073020346,0.45666949073020346,0.0,0.0,0.0,0.45666949073020346,0.45666949073020346,0.45666949073020346,0.0,0.0,0.0,0.0,0.0,0.0,0,0,0,0,1,1,1,1.81,4.93806460126142,False,False,False,False,False,False,,,0.0,0.0
119,ESPORTSLAB,https://www.crunchbase.com/organization/esportslab,Poland,53.132398,23.1591679,2019,2.0,False,False,False,False,False,True,False,False,False,True,True,False,False,False,1,1,1,False,True,False,True,1.0,True,1.25,False,2020-09-01,2020-09-01,Seed,2020,14.0,False,False,True,True,3.0,1.0,False,False,False,False,False,False,False,False,False,False,False,False,0,0,False,False,False,False,False,False,False,False,False,False,False,False,False,False,False,1,1.0,True,True,True,False,False,False,False,False,False,False,False,True,True,3,0,False,3,0,0.0,0.0,0.17627752830162907,0.4074669509922099,0.4074669509922099,0.4074669509922099,0.0,0.0,0.0,0.4074669509922099,0.4074669509922099,0.4074669509922099,0.0,0.0,0.0,0.0,0.0,0.0,0,0,0,0,1,1,1,1.81,4.93806460126142,False,False,False,False,False,False,,,0.0,0.0
366,FitMech,https://www.crunchbase.com/organization/fitmech,Poland,52.4082663,16.9335199,2019,4.0,True,False,False,False,True,False,False,False,False,True,False,False,False,False,0,2,2,False,False,True,False,1.0,True,0.2925,True,2017-01-01,2017-01-01,Seed,2017,3.0,True,True,True,False,2.0,0.0,False,False,False,False,False,False,False,False,False,False,False,False,1,1,True,True,True,True,True,True,True,True,True,True,True,True,True,True,True,1,1.0,True,True,True,False,False,False,False,False,False,False,False,True,True,12,0,False,37,3,0.081081081081081,0.0779615414697117,0.23972769721803155,0.0,0.0,0.0,0.0,0.0,0.0,0.0,0.0,0.0,0.0,0.0,0.0,0.0,0.0,0.0,0,0,0,0,0,1,0,1.81,3.843744164674851,False,False,False,False,False,False,,,0.0,6.0
216,Therapify,https://www.crunchbase.com/organization/therapify,Poland,50.0619474,19.9368564,2019,2.0,True,False,False,False,True,False,False,True,False,True,False,False,False,False,1,3,5,True,False,True,False,1.0,True,0.902554,False,2020-02-01,2022-01-01,Seed,2020,13.666666666666666,False,False,True,True,2.2,1.2,False,False,False,False,True,False,True,False,False,False,False,False,0,0,False,False,False,False,False,False,False,False,False,False,False,False,False,False,False,4,1.0,True,True,False,True,True,True,True,False,False,False,False,True,False,20,0,False,59,7,0.1186440677966101,0.112117298120706,0.25256392777356135,1.370977083836358,0.25256392777356124,6.407759376325527,0.25256392777356124,1.5946597150489175,6.407759376325527,0.25256392777356124,0.25256392777356124,0.25256392777356124,2.2818887063849402,0.0,6.40201835788683,1.0,0.0,0.0,0,0,0,0,0,1,0,1.81,4.93806460126142,False,False,False,False,False,False,,,0.0,2.0
222,Reef Factory,https://www.crunchbase.com/organization/reef-factory,Poland,53.1798859,18.0326381,2019,1.0,True,False,False,False,False,True,False,False,False,True,False,False,False,False,0,2,2,False,False,True,False,2.0,True,0.300003,True,2019-06-14,2022-09-13,Seed,2019,30.0,False,False,True,True,6.5,3.0,False,False,False,False,False,False,True,True,False,False,False,False,0,0,False,False,False,False,False,False,False,False,False,False,False,False,False,False,False,2,2.0,True,True,True,True,True,False,False,False,False,False,False,True,True,0,0,False,3,0,0.0,0.0,0.22638248955907483,0.16980960489498015,0.11323672023088552,0.22638248955907478,0.0,0.0,0.0,0.11323672023088552,0.16980960489498015,0.22638248955907478,0.27750303392133147,0.27750303392133147,0.27750303392133147,0.0,0.0,0.0,0,0,0,0,1,1,1,1.81,4.619073091157083,False,False,False,False,False,False,,,0.0,0.0
266,UAVLAS,https://www.crunchbase.com/organization/uavlas,Poland,52.2319581,21.0067249,2019,2.0,True,True,False,False,True,True,False,False,False,True,False,False,False,False,1,1,1,False,True,True,True,1.0,True,0.272918,True,2020-08-18,2020-08-18,Pre-Seed,2020,39.0,False,False,True,True,1.0,0.0,False,False,False,False,False,False,False,False,False,False,False,False,0,0,False,False,False,False,False,False,False,False,False,False,False,False,False,False,False,1,1.0,True,True,True,False,False,False,False,False,False,False,False,True,True,109,0,False,141,16,0.1134751773049645,0.1074859149701397,0.0,0.27750303392133147,0.27750303392133147,0.27750303392133147,0.0,0.0,0.0,0.27750303392133147,0.27750303392133147,0.27750303392133147,0.0,0.0,0.0,2.0,0.0,0.0402231640645322,0,0,0,0,0,0,0,1.81,4.93806460126142,False,False,False,False,False,False,,,2.0,5.0
91,BioCam,https://www.crunchbase.com/organization/biocam,Poland,51.1089776,17.0326689,2019,3.0,True,False,False,False,True,False,False,True,False,True,False,False,False,False,1,5,5,False,False,False,False,5.0,True,2.625343,False,2020-05-08,2023-05-10,Seed,2020,16.4,False,False,True,True,6.0,1.4,True,True,False,False,False,False,False,False,False,False,False,False,0,0,False,False,False,False,False,False,False,False,False,False,False,False,False,False,False,2,2.0,True,True,False,True,True,False,False,False,False,False,False,True,True,20,0,False,34,2,0.0588235294117647,0.0571584138399486,0.21667097873246585,0.46115200023264014,0.2357610105830191,0.8465860352675629,0.0,0.0,0.0,0.2357610105830191,0.46115200023264014,0.8465860352675629,0.8076007862115537,0.25256392777356124,1.0935320065536513,0.0,0.0,0.0,0,0,0,0,1,1,0,1.81,4.93806460126142,False,False,False,False,False,False,,,0.0,1.400000000000002
327,Quickstream™,https://www.crunchbase.com/organization/quickstream,Poland,50.0619474,19.9368564,2019,1.0,False,False,False,False,False,False,False,False,False,True,True,False,False,False,0,1,1,False,True,False,False,0.0,False,0.274762,True,2019-09-01,2019-09-01,Seed,2019,15.0,False,,True,,2.0,0.0,True,,False,,False,,False,,False,,False,,0,0,False,,False,False,,False,,False,,False,,False,,False,,1,,True,,True,True,,False,False,False,False,False,False,True,True,20,0,False,59,7,0.1186440677966101,0.112117298120706,0.25256392777356135,0.25256392777356124,0.25256392777356124,0.25256392777356124,0.25256392777356124,0.25256392777356124,0.25256392777356124,0.0,0.0,0.0,0.0,0.0,0.0,1.0,0.0,0.0,0,0,0,0,0,1,0,1.81,4.619073091157083,False,False,False,False,False,False,,,0.0,2.0
328,Rezuro,https://www.crunchbase.com/organization/rezuro,Poland,52.2319581,21.0067249,2019,2.0,True,True,False,False,False,True,False,False,False,True,False,False,False,False,1,2,3,False,False,True,False,0.0,False,0.99324,False,2020-12-20,2021-05-20,Seed,2020,24.0,True,,True,,2.2,0.2,False,,False,,False,,True,,False,,False,,3,0,True,,False,True,,True,,True,,True,,True,,True,,3,,True,,False,True,,True,True,False,False,False,False,True,False,109,0,False,141,16,0.1134751773049645,0.1074859149701397,0.0,1.6005045894717076,0.0,6.40201835788683,0.0,1.6005045894717076,6.40201835788683,0.0,0.0,0.0,3.201009178943415,0.0,6.40201835788683,7.0,24.0,0.4334809567439652,1,0,0,1,1,1,1,1.81,4.93806460126142,False,False,False,False,False,False,,,2.0,5.0
330,prints.me,https://www.crunchbase.com/organization/prints-me,Poland,52.2319581,21.0067249,2019,1.0,True,True,False,False,True,True,False,False,False,True,True,False,False,True,1,1,1,False,True,True,False,0.0,False,0.266101,True,2020-11-26,2020-11-26,Pre-Seed,2020,10.0,False,,True,,5.0,1.0,False,,False,,False,,False,,False,,False,,0,0,False,,False,False,,False,,False,,False,,False,,False,,1,,True,,True,False,,False,False,False,False,False,False,True,True,109,0,False,141,16,0.1134751773049645,0.1074859149701397,0.0,0.25256392777356124,0.25256392777356124,0.25256392777356124,0.25256392777356124,0.25256392777356124,0.25256392777356124,0.0,0.0,0.0,0.0,0.0,0.0,1.0,0.0,0.0,0,0,0,0,0,0,0,1.81,4.93806460126142,False,False,False,False,False,False,,,2.0,5.0
2,Jutro Medical,https://www.crunchbase.com/organization/jutro,Poland,52.2319581,21.0067249,2019,1.0,False,True,False,False,False,False,False,True,False,False,False,False,False,False,1,2,8,True,False,True,False,2.0,True,9.352896,False,2020-09-01,2021-07-27,Series A,2020,25.083333333333332,True,True,True,True,6.7,4.0,False,False,True,True,False,False,True,False,False,False,False,False,7,1,True,True,False,True,True,True,True,True,True,True,True,True,True,True,True,7,1.0,True,True,False,True,True,True,True,False,False,True,False,True,False,109,0,False,141,16,0.1134751773049645,0.1074859149701397,0.0,0.39102222871712045,0.0,1.496469554009473,0.0,0.41750921130162943,1.496469554009473,0.0,0.25858731579457594,0.5171746315891519,0.5823560986371018,0.0,1.496469554009473,12.0,12.0,0.4215197960716154,1,0,0,1,1,1,1,1.81,4.93806460126142,False,False,True,False,True,True,,,2.0,5.0
361,Nibble Games,https://www.crunchbase.com/organization/nibble-sp-z-o-o,Poland,50.0619474,19.9368564,2020,1.0,False,False,False,False,False,False,False,False,False,True,True,False,False,False,0,1,1,False,True,True,True,1.0,True,0.1,True,2020-06-01,2020-06-01,Seed,2020,38.0,False,False,True,True,1.0,0.0,False,False,False,False,False,False,False,False,False,False,False,False,0,0,False,False,False,False,False,False,False,False,False,False,False,False,False,False,False,1,1.0,True,True,True,True,True,False,False,False,False,False,False,True,True,20,0,False,62,7,0.1129032258064516,0.1069721195521678,0.25256392777356135,0.25256392777356124,0.25256392777356124,0.25256392777356124,0.0,0.0,0.0,0.25256392777356124,0.25256392777356124,0.25256392777356124,0.0,0.0,0.0,0.0,0.0,0.0,0,0,0,0,0,1,0,-5.65,4.93806460126142,False,False,False,False,False,False,,,0.0,2.0
432,STERNKRAFT,https://www.crunchbase.com/organization/sternkraft,Poland,51.7687323,19.4569911,2020,1.0,True,False,False,False,True,False,False,False,False,True,False,False,True,False,0,2,2,True,False,True,False,1.0,True,0.809579,False,2020-09-01,2021-03-12,Seed,2020,9.0,False,False,True,True,4.5,0.5,False,False,False,False,True,False,False,False,False,False,False,False,0,0,False,False,False,False,False,False,False,False,False,False,False,False,False,False,False,2,1.0,True,True,True,False,False,False,False,False,False,False,False,True,True,1,0,False,4,0,0.0,0.0,0.11793105937045416,0.18289749118002285,0.17305189213105573,0.19274309022899,0.17305189213105573,0.17305189213105573,0.17305189213105573,0.19274309022899,0.19274309022899,0.19274309022899,0.09412451563693892,0.09412451563693892,0.09412451563693892,1.0,2.0,0.1010110579727503,0,0,0,0,1,1,1,-5.65,4.93806460126142,False,False,False,False,False,False,,,1.2000000000000002,0.6000000000000001
425,Orapa,https://www.crunchbase.com/organization/orapa,Poland,52.2319581,21.0067249,2020,2.0,True,True,False,False,False,False,False,False,False,True,False,False,False,False,0,1,1,False,True,True,True,1.0,True,0.1,True,2020-12-16,2020-12-16,Pre-Seed,2020,392.0,False,False,True,True,9.0,58.0,False,False,True,True,True,True,True,True,False,False,False,False,0,0,False,False,False,False,False,False,False,False,False,False,False,False,False,False,False,0,0.0,False,False,False,False,False,True,True,True,True,False,False,False,False,109,0,False,152,17,0.1118421052631579,0.106018194076797,0.0,9.398078547705063,9.398078547705063,9.398078547705063,0.0,0.0,0.0,9.398078547705063,9.398078547705063,9.398078547705063,0.0,0.0,0.0,0.0,0.0,0.0,0,0,0,0,0,0,0,-5.65,4.93806460126142,False,False,False,False,False,False,,,2.0,5.0
80,SUPERSONIC Food,https://www.crunchbase.com/organization/supersonic-food-company,Poland,52.2319581,21.0067249,2020,2.0,False,True,False,False,False,True,True,True,False,False,False,False,False,False,0,3,2,True,False,False,False,2.0,True,3.003931,False,2020-12-20,2023-03-15,Seed,2020,13.25,True,True,True,True,11.8,0.0,True,True,False,False,False,False,False,False,True,True,False,False,3,1,True,True,False,True,True,True,True,True,True,True,True,True,True,True,True,4,2.0,True,True,True,True,True,False,False,False,False,False,False,True,True,109,0,False,152,17,0.1118421052631579,0.106018194076797,0.0,0.06937575848033287,0.0,0.27750303392133147,0.0,0.0,0.0,0.0,0.13875151696066573,0.27750303392133147,0.13875151696066573,0.0,0.27750303392133147,5.0,2.0,0.2099961751794825,1,0,0,0,0,1,1,-5.65,4.93806460126142,False,False,False,False,False,False,,,2.0,5.0
105,HiPets,https://www.crunchbase.com/organization/hipets,Poland,52.2319581,21.0067249,2020,2.0,False,True,False,False,False,True,False,True,False,True,False,False,False,False,0,3,4,True,False,True,False,1.0,True,0.784,False,2020-08-10,2023-03-06,Pre-Seed,2020,40.8,True,True,True,False,3.4,2.0,True,False,False,False,True,False,True,True,False,False,True,False,3,1,True,True,False,True,True,True,True,True,True,True,True,True,True,True,True,3,1.0,True,True,False,True,True,True,True,True,False,False,False,True,False,109,0,False,152,17,0.1118421052631579,0.106018194076797,0.0,3.8563083055129224,0.0,9.645261807279368,0.0,4.820385381891153,9.645261807279368,0.0,0.0,0.0,5.7859242820769445,0.0,9.645261807279368,6.0,17.0,0.3900302523220895,1,0,0,1,1,1,1,-5.65,4.93806460126142,False,False,False,False,False,False,,,2.0,5.0
112,SmokeD System Inc.,https://www.crunchbase.com/organization/smoked,Poland,52.2319581,21.0067249,2020,1.0,True,True,False,False,True,False,False,False,False,True,False,False,False,False,0,2,2,False,False,False,False,0.0,False,3.7,False,2020-04-01,2022-06-13,Seed,2020,12.5,True,,False,,11.0,0.0,True,,False,,False,,False,,True,,True,,2,0,True,,True,True,,True,,True,,True,,True,,True,,2,,True,,True,True,,False,False,False,False,False,False,True,True,109,0,False,152,17,0.1118421052631579,0.106018194076797,0.0,0.0,0.0,0.0,0.0,0.0,0.0,0.0,0.0,0.0,0.0,0.0,0.0,4.0,0.0,0.0908983577180024,0,0,0,0,0,0,0,-5.65,4.93806460126142,False,False,False,False,False,False,,,2.0,5.0
123,eGabinet,https://www.crunchbase.com/organization/egabinet,Poland,51.4171713,21.9720582,2020,1.0,True,False,False,False,False,False,False,True,False,True,False,False,False,False,0,1,1,False,True,True,False,0.0,False,0.88244,False,2020-07-15,2020-07-15,Angel,2020,2.0,True,,False,,2.0,0.0,False,,False,,False,,False,,False,,False,,0,0,False,,False,True,,True,,True,,False,,False,,False,,1,,True,,True,False,,False,False,False,False,False,False,True,True,4,0,False,1,0,0.0,0.0,0.11229159212108618,0.045490845262138584,0.045490845262138584,0.045490845262138584,0.045490845262138584,0.045490845262138584,0.045490845262138584,0.0,0.0,0.0,0.0,0.0,0.0,0.0,0.0,0.0,0,0,0,0,1,1,1,-5.65,4.93806460126142,False,False,False,False,False,False,,,0.0,0.0
16,Authologic,https://www.crunchbase.com/organization/authologic,Poland,52.2319581,21.0067249,2020,3.0,True,True,False,False,False,False,False,False,False,True,False,False,False,False,0,2,9,True,False,True,False,2.0,True,0.5,True,2020-11-15,2021-03-22,Series A,2020,54.875,True,True,True,False,9.3,77.2,False,False,True,False,True,False,False,False,True,False,False,False,2,2,True,True,False,True,True,True,True,True,True,True,True,True,True,True,True,2,2.0,True,True,False,True,True,True,True,True,False,True,False,True,False,109,0,False,152,17,0.1118421052631579,0.106018194076797,0.0,4.26399331201867,0.0,9.636279720285243,0.5171746315891519,5.482277115452575,9.636279720285243,0.0,0.0,0.0,5.2722216435755485,0.0,9.636279720285243,7.0,5.0,0.3022658461718897,1,0,0,0,1,1,1,-5.65,4.93806460126142,False,False,True,False,True,True,,,2.0,5.0
18,Talkie.ai,https://www.crunchbase.com/organization/talkie-ai,Poland,52.2319581,21.0067249,2020,3.0,True,True,False,False,True,False,False,True,False,True,True,False,False,False,0,2,8,True,False,False,False,2.0,True,5.206,False,2020-07-21,2022-07-22,Seed,2020,21.2,True,True,True,False,5.6,0.6,True,False,True,True,False,False,False,False,False,False,False,False,4,2,True,True,False,True,True,True,True,True,True,True,True,True,True,True,True,7,2.0,True,True,False,True,True,True,True,True,False,False,False,True,False,109,0,False,152,17,0.1118421052631579,0.106018194076797,0.0,1.6264096091656668,0.0,7.685874168582277,0.0,2.033012011457083,7.685874168582277,0.0,0.0,0.0,2.8239842481228763,0.0,7.776211964323864,8.0,3.0,0.2766700451007435,1,0,0,0,1,1,1,-5.65,4.93806460126142,False,False,False,False,False,False,,,2.0,5.0
66,Wellbee,https://www.crunchbase.com/organization/wellbee-58a9,Poland,52.2319581,21.0067249,2020,2.0,False,True,False,False,False,False,False,True,False,False,False,False,False,False,0,3,3,True,False,True,False,2.0,True,0.983753,False,2020-09-24,2023-07-05,Seed,2020,17.6,True,True,True,True,3.8,2.4,False,False,False,False,False,False,False,False,True,True,False,False,3,1,True,True,False,True,True,True,True,True,True,True,True,True,True,True,True,5,2.0,True,True,True,True,True,False,False,False,False,False,False,True,True,109,0,False,152,16,0.1052631578947368,0.1000834585569824,0.0,0.12342829398407384,0.0,0.3085707349601846,0.0,0.10285691165339488,0.3085707349601846,0.0,0.1542853674800923,0.3085707349601846,0.1851424409761108,0.0,0.3085707349601846,5.0,0.0,0.1089851172067322,0,0,0,0,0,0,1,-5.65,4.93806460126142,True,False,False,True,True,True,2024-11-20,4.0,2.0,5.0
153,Minte.ai,https://www.crunchbase.com/organization/minte-ai,Poland,50.0619474,19.9368564,2020,1.0,True,False,False,False,True,False,False,False,True,True,False,False,False,False,0,2,2,True,False,True,False,1.0,True,0.872007,False,2020-01-12,2021-05-27,Pre-Seed,2020,11.5,True,True,False,False,7.5,0.5,False,False,False,False,False,False,False,False,False,False,False,False,2,1,True,True,True,True,True,True,True,True,True,True,True,True,True,True,True,2,1.0,True,True,True,False,False,False,False,False,False,False,False,True,True,20,0,False,62,7,0.1129032258064516,0.1069721195521678,0.25256392777356135,0.0,0.0,0.0,0.0,0.0,0.0,0.0,0.0,0.0,0.0,0.0,0.0,3.0,0.0,0.0687619531421999,0,0,0,0,0,1,1,-5.65,4.93806460126142,False,False,False,False,False,False,,,0.0,2.0
271,Husarnet,https://www.crunchbase.com/organization/husarnet,Poland,50.0619474,19.9368564,2020,2.0,False,False,False,False,True,False,False,False,False,True,False,False,False,False,0,1,1,False,True,True,True,1.0,True,0.273734,True,2020-02-09,2020-02-09,Pre-Seed,2020,31.0,True,True,False,False,2.0,1.0,True,True,False,False,False,False,False,False,False,False,False,False,1,1,True,True,True,True,True,True,True,True,True,True,True,True,True,True,True,1,1.0,True,True,True,False,False,False,False,False,False,False,False,True,True,20,0,False,62,7,0.1129032258064516,0.1069721195521678,0.25256392777356135,0.0,0.0,0.0,0.0,0.0,0.0,0.0,0.0,0.0,0.0,0.0,0.0,1.0,0.0,0.0,0,0,0,0,0,1,0,-5.65,4.93806460126142,False,False,False,False,False,False,,,0.0,2.0
303,Unicomm,https://www.crunchbase.com/organization/unicomm-0699,Poland,52.4082663,16.9335199,2020,1.0,False,False,False,False,False,True,False,False,False,True,False,False,True,False,0,1,1,False,True,True,True,1.0,True,0.296802,True,2020-07-30,2020-07-30,Pre-Seed,2020,39.0,True,True,False,False,1.0,0.0,False,False,False,False,False,False,False,False,False,False,False,False,1,1,True,True,True,True,True,True,True,True,True,True,True,True,True,True,True,1,1.0,True,True,True,False,False,False,False,False,False,False,False,True,True,12,0,False,40,3,0.075,0.0723206615796261,0.23972769721803155,0.0,0.0,0.0,0.0,0.0,0.0,0.0,0.0,0.0,0.0,0.0,0.0,0.0,0.0,0.0,0,0,0,0,0,1,0,-5.65,4.93806460126142,False,False,False,False,False,False,,,0.0,6.0
200,Sagenso,https://www.crunchbase.com/organization/cyberstudio,Poland,52.2319581,21.0067249,2020,2.0,True,True,False,False,False,False,False,False,False,True,False,False,False,False,0,2,2,False,False,True,False,2.0,True,0.810798,False,2020-03-03,2021-05-13,Pre-Seed,2020,22.5,False,False,True,True,3.0,1.0,True,True,False,False,False,False,False,False,False,False,False,False,0,0,False,False,False,False,False,False,False,False,False,False,False,False,False,False,False,2,2.0,True,True,True,False,False,False,False,False,False,False,False,True,True,109,0,False,152,17,0.1118421052631579,0.106018194076797,0.0,0.25256392777356124,0.25256392777356124,0.25256392777356124,0.0,0.0,0.0,0.25256392777356124,0.25256392777356124,0.25256392777356124,0.0,0.0,0.0,5.0,3.0,0.2364468810362113,1,0,0,0,0,1,1,-5.65,4.93806460126142,False,False,False,False,False,False,,,2.0,5.0
218,AGICortex,https://www.crunchbase.com/organization/agicortex,Poland,52.4082663,16.9335199,2020,2.0,True,False,False,False,True,False,False,False,False,True,False,False,False,False,0,2,2,True,False,True,False,1.0,True,0.303682,True,2020-09-16,2021-08-12,Pre-Seed,2020,40.0,True,False,True,True,7.0,4.0,False,False,False,False,True,True,True,True,False,False,False,False,1,0,True,False,False,True,False,True,False,True,False,True,False,True,False,True,False,1,0.0,True,False,False,False,False,False,False,False,False,False,False,True,True,12,0,False,40,3,0.075,0.0723206615796261,0.23972769721803155,0.3376196792503703,0.0,0.6752393585007406,0.0,0.0,0.0,0.6752393585007406,0.6752393585007406,0.6752393585007406,0.6752393585007406,0.6752393585007406,0.6752393585007406,11.0,0.0,0.1777470703489321,1,0,0,0,1,1,1,-5.65,4.93806460126142,False,False,False,False,False,False,,,0.0,6.0
220,City Robotics,https://www.crunchbase.com/organization/city-robotics,Poland,52.2319581,21.0067249,2020,3.0,True,True,False,False,True,False,False,False,False,True,False,False,False,False,0,2,1,True,True,True,True,1.0,True,1.475093,False,2020-11-27,2021-04-01,Seed,2020,66.0,False,False,True,True,0.5,0.0,False,False,False,False,False,False,False,False,False,False,False,False,0,0,False,False,False,False,False,False,False,False,False,False,False,False,False,False,False,0,0.0,False,False,False,False,False,False,False,False,False,False,False,True,True,109,0,False,152,17,0.1118421052631579,0.106018194076797,0.0,2.1662427399991784,2.1662427399991784,2.1662427399991784,2.1662427399991784,2.1662427399991784,2.1662427399991784,2.1662427399991784,2.1662427399991784,2.1662427399991784,0.0,0.0,0.0,0.0,0.0,0.0,0,0,0,0,0,0,0,-5.65,4.93806460126142,False,False,False,False,False,False,,,2.0,5.0
11229,TrashOut.NGO,https://www.crunchbase.com/organization/trashout,Slovakia (Slovak Republic),49.2234674,18.7393139,2011,3.0,False,False,False,False,False,False,False,False,False,True,False,True,True,False,2,2,1,False,True,False,False,0.0,False,0.375455,True,2013-07-01,2015-03-01,Seed,2013,685.0,False,,True,,3.0,53.0,False,,True,,False,,False,,False,,True,,0,0,False,,False,False,,False,,False,,False,,False,,False,,0,,False,,False,True,,False,False,False,False,False,False,True,True,1,0,False,0,0,0.0,0.0,0.20709011583069545,2.0105465504225215,2.0105465504225215,2.0105465504225215,2.0105465504225215,2.0105465504225215,2.0105465504225215,0.0,0.0,0.0,0.0,0.0,0.0,0.0,0.0,0.0,0,0,0,0,1,1,1,1.9,,False,False,False,False,False,False,,,0.0,0.0
11178,Voltia,https://www.crunchbase.com/organization/greenway-operator,Slovakia (Slovak Republic),48.14816,17.10674,2011,2.0,True,False,True,False,True,False,False,False,True,False,False,True,False,False,1,2,4,True,False,False,False,1.0,True,9.573946,False,2012-02-01,2015-11-01,Seed,2012,10.0,True,True,True,False,3.0,1.2,False,False,False,False,False,False,False,False,True,True,False,False,3,1,True,True,False,True,True,True,True,True,True,True,True,True,True,True,True,4,1.0,True,True,True,False,False,False,False,False,False,False,False,True,True,20,0,False,0,0,0.0,0.0,0.05485068933799905,0.04231621451047402,0.0,0.1692648580418961,0.0,0.056421619347298696,0.1692648580418961,0.0,0.0,0.0,0.08463242902094804,0.0,0.1692648580418961,6.0,1.0,0.1880081363765889,1,0,0,0,1,0,0,1.9,,False,False,False,False,False,False,,,1.400000000000002,7.0
11215,Erigones,https://www.crunchbase.com/organization/erigones,Slovakia (Slovak Republic),48.31295,18.0894593,2012,2.0,True,False,False,False,False,False,False,False,False,True,False,False,False,False,4,1,1,False,True,False,False,0.0,False,0.0,True,2016-07-01,2016-07-01,Seed,2016,35.0,True,,False,,3.0,4.0,False,,False,,False,,False,,True,,False,,0,0,False,,False,True,,False,,False,,False,,False,,False,,1,,True,,True,False,,False,False,False,False,False,False,True,True,0,0,False,0,0,0.0,0.0,0.1276297508892246,0.07506114533221575,0.07506114533221575,0.07506114533221575,0.07506114533221575,0.07506114533221575,0.07506114533221575,0.0,0.0,0.0,0.0,0.0,0.0,1.0,0.0,0.0,0,0,0,0,1,1,1,-0.7,,False,False,False,False,False,False,,,0.0,1.0
11230,InHiro,https://www.crunchbase.com/organization/inhiro,Slovakia (Slovak Republic),48.14816,17.10674,2013,3.0,True,False,False,False,True,False,False,False,False,True,False,False,False,False,1,1,2,False,False,False,False,0.0,False,0.414294,True,2014-04-29,2014-04-29,Venture - Series Unknown,2014,18.0,True,,False,,6.5,2.0,False,,False,,False,,False,,True,,False,,2,0,True,,True,True,,True,,True,,True,,True,,True,,2,,True,,True,False,,False,False,False,False,False,False,True,True,20,0,False,9,1,0.1111111111111111,0.1053605156578263,0.05485068933799905,0.0,0.0,0.0,0.0,0.0,0.0,0.0,0.0,0.0,0.0,0.0,0.0,1.0,1.0,0.0637308819147395,0,0,0,0,0,0,0,-0.08,,False,False,True,False,True,True,,,1.400000000000002,7.0
11216,Remote Assistant,https://www.crunchbase.com/organization/remote-assistant,Slovakia (Slovak Republic),48.14816,17.10674,2013,1.0,False,False,False,False,False,False,False,False,False,True,False,False,False,True,0,1,1,False,True,False,False,0.0,False,0.051557,True,2013-08-01,2013-08-01,Seed,2013,685.0,False,,True,,2.0,53.0,False,,True,,False,,False,,False,,True,,0,0,False,,False,False,,False,,False,,False,,False,,False,,0,,False,,False,True,,False,False,False,False,False,False,True,True,20,0,False,9,1,0.1111111111111111,0.1053605156578263,0.05485068933799905,1.8567242861561248,1.8567242861561248,1.8567242861561248,1.8567242861561248,1.8567242861561248,1.8567242861561248,0.0,0.0,0.0,0.0,0.0,0.0,3.0,0.0,0.0687619531421999,0,0,0,0,0,0,0,-0.08,,False,False,False,False,False,False,,,1.400000000000002,7.0
11221,Woppa,https://www.crunchbase.com/organization/woppa,Slovakia (Slovak Republic),48.14816,17.10674,2013,1.0,False,False,False,False,False,True,False,False,False,True,False,False,False,False,0,1,1,False,True,False,False,0.0,False,0.051849,True,2013-09-01,2013-09-01,Seed,2013,685.0,False,,True,,2.0,53.0,False,,True,,False,,False,,False,,True,,0,0,False,,False,False,,False,,False,,False,,False,,False,,0,,False,,False,True,,False,False,False,False,False,False,True,True,20,0,False,9,1,0.1111111111111111,0.1053605156578263,0.05485068933799905,1.8567242861561248,1.8567242861561248,1.8567242861561248,1.8567242861561248,1.8567242861561248,1.8567242861561248,0.0,0.0,0.0,0.0,0.0,0.0,3.0,0.0,0.0687619531421999,0,0,0,0,0,0,0,-0.08,,False,False,False,False,False,False,,,1.400000000000002,7.0
11231,Mapiliary,https://www.crunchbase.com/organization/mapiliary,Slovakia (Slovak Republic),48.14816,17.10674,2013,1.0,True,False,False,False,True,False,False,False,False,True,False,False,False,False,0,1,1,False,True,False,False,0.0,False,0.053158,True,2013-11-01,2013-11-01,Seed,2013,685.0,False,,True,,2.0,53.0,False,,True,,False,,False,,False,,True,,0,0,False,,False,False,,False,,False,,False,,False,,False,,0,,False,,False,True,,False,False,False,False,False,False,True,True,20,0,False,9,1,0.1111111111111111,0.1053605156578263,0.05485068933799905,1.8567242861561248,1.8567242861561248,1.8567242861561248,1.8567242861561248,1.8567242861561248,1.8567242861561248,0.0,0.0,0.0,0.0,0.0,0.0,3.0,0.0,0.0687619531421999,0,0,0,0,0,0,0,-0.08,,False,False,False,False,False,False,,,1.400000000000002,7.0
11232,Lingout,https://www.crunchbase.com/organization/lingout,Slovakia (Slovak Republic),48.14816,17.10674,2013,1.0,True,False,False,False,False,False,False,False,False,True,False,False,False,False,1,2,1,False,True,False,False,0.0,False,0.387634,True,2014-04-23,2015-01-01,Seed,2014,685.0,False,,True,,3.5,53.0,False,,True,,False,,False,,False,,True,,0,0,False,,False,False,,False,,False,,False,,False,,False,,0,,False,,False,True,,False,False,False,False,False,False,True,True,20,0,False,9,1,0.1111111111111111,0.1053605156578263,0.05485068933799905,1.8567242861561248,1.8567242861561248,1.8567242861561248,1.8567242861561248,1.8567242861561248,1.8567242861561248,0.0,0.0,0.0,0.0,0.0,0.0,7.0,2.0,0.2385349642571501,1,0,0,0,1,1,1,-0.08,,False,False,False,False,False,False,,,1.400000000000002,7.0
11213,Gruveo,https://www.crunchbase.com/organization/gruveo,Slovakia (Slovak Republic),48.7220196,21.2692121,2013,1.0,False,False,False,False,False,False,False,False,False,True,True,False,False,True,2,1,1,False,True,False,False,0.0,False,0.0,True,2015-11-01,2015-11-01,Seed,2015,35.0,False,,True,,2.0,4.0,False,,False,,False,,False,,True,,False,,0,0,False,,False,False,,False,,False,,False,,False,,False,,1,,True,,True,False,,False,False,False,False,False,False,True,True,0,0,False,0,0,0.0,0.0,0.3654606185972184,0.31359999782361636,0.31359999782361636,0.31359999782361636,0.31359999782361636,0.31359999782361636,0.31359999782361636,0.0,0.0,0.0,0.0,0.0,0.0,3.0,0.0,0.0687619531421999,0,0,0,0,1,1,0,-0.08,,False,False,False,False,False,False,,,0.0,4.600000000000001
11209,Datamolino,https://www.crunchbase.com/organization/datamolino,Slovakia (Slovak Republic),48.14816,17.10674,2013,2.0,True,False,False,False,False,False,False,False,True,True,False,False,False,True,0,2,2,False,False,False,False,0.0,False,0.731455,False,2013-09-01,2014-02-06,Seed,2013,457.3333333333333,True,,True,,2.0,35.3,False,,True,,False,,False,,False,,True,,1,0,True,,False,True,,True,,True,,True,,True,,True,,1,,True,,False,True,,False,False,False,False,False,False,True,True,20,0,False,9,1,0.1111111111111111,0.1053605156578263,0.05485068933799905,1.23781619077075,0.0,1.8567242861561248,0.0,1.23781619077075,1.8567242861561248,0.0,0.0,0.0,1.23781619077075,0.0,1.8567242861561248,6.0,1.0,0.1880081363765889,1,0,0,0,1,0,0,-0.08,,False,False,False,False,False,False,,,1.400000000000002,7.0
11186,Ingen.io,https://www.crunchbase.com/organization/ingen-io,Slovakia (Slovak Republic),48.14816,17.10674,2013,2.0,True,False,False,False,True,True,False,True,False,True,False,False,False,False,2,1,1,False,True,False,False,0.0,False,0.225483,True,2015-06-09,2015-06-09,Seed,2015,35.0,True,,False,,2.0,4.0,False,,False,,False,,False,,True,,False,,1,0,True,,True,True,,True,,True,,True,,True,,True,,1,,True,,True,False,,False,False,False,False,False,False,True,True,20,0,False,9,1,0.1111111111111111,0.1053605156578263,0.05485068933799905,0.0,0.0,0.0,0.0,0.0,0.0,0.0,0.0,0.0,0.0,0.0,0.0,6.0,1.0,0.1880081363765889,1,0,0,0,1,0,0,-0.08,,False,False,False,False,False,False,,,1.400000000000002,7.0
11208,Minty,https://www.crunchbase.com/organization/minty,Slovakia (Slovak Republic),48.14816,17.10674,2014,1.0,False,False,False,False,True,False,False,False,False,False,False,False,False,False,2,1,1,False,True,False,False,0.0,False,0.0,True,2016-09-01,2016-09-01,Seed,2016,47.0,False,,True,,1.0,5.0,True,,False,,True,,False,,False,,False,,0,0,False,,False,False,,False,,False,,False,,False,,False,,0,,False,,False,True,,False,False,False,False,True,True,True,True,20,0,False,15,3,0.2,0.1823215567939546,0.05485068933799905,0.7800660285077196,0.7800660285077196,0.7800660285077196,0.7800660285077196,0.7800660285077196,0.7800660285077196,0.0,0.0,0.0,0.0,0.0,0.0,0.0,0.0,0.0,0,0,0,0,0,0,0,1.6,,False,False,False,False,False,False,,,1.400000000000002,7.0
11195,Orderlord,https://www.crunchbase.com/organization/orderlord,Slovakia (Slovak Republic),48.14816,17.10674,2014,3.0,True,False,False,False,True,True,False,False,False,True,False,False,False,False,0,3,2,False,False,False,False,0.0,False,0.580633,False,2014-04-15,2014-09-16,Seed,2014,468.3333333333333,True,,True,,2.3,36.7,False,,True,,False,,False,,True,,True,,1,0,True,,False,True,,True,,True,,True,,True,,True,,1,,True,,False,True,,False,False,False,False,False,False,True,True,20,0,False,15,2,0.1333333333333333,0.125163142954006,0.05485068933799905,1.23781619077075,0.0,1.8567242861561248,0.0,1.23781619077075,1.8567242861561248,0.0,0.0,0.0,1.23781619077075,0.0,1.8567242861561248,7.0,2.0,0.2385349642571501,1,0,0,0,1,1,1,1.6,,True,False,False,True,True,True,2021-04-19,7.0,1.400000000000002,7.0
11191,meetnlearn,https://www.crunchbase.com/organization/meetnlearn,Slovakia (Slovak Republic),48.14816,17.10674,2014,2.0,False,False,False,False,False,True,False,False,False,True,False,False,False,False,1,1,2,False,False,False,False,0.0,False,0.218537,True,2015-06-01,2015-06-01,Seed,2015,360.0,True,,True,,3.0,28.5,False,,True,,False,,False,,True,,True,,1,0,True,,False,True,,True,,True,,True,,True,,True,,1,,True,,False,True,,False,False,False,False,False,False,True,True,20,0,False,15,3,0.2,0.1823215567939546,0.05485068933799905,0.9283621430780624,0.0,1.8567242861561248,0.0,0.9283621430780624,1.8567242861561248,0.0,0.0,0.0,1.8567242861561248,1.8567242861561248,1.8567242861561248,11.0,0.0,0.1777470703489321,1,0,0,0,1,0,1,1.6,,False,False,False,False,False,False,,,1.400000000000002,7.0
11188,RoomAssistant,https://www.crunchbase.com/organization/roomassistant,Slovakia (Slovak Republic),48.7220196,21.2692121,2014,1.0,False,False,False,False,False,True,False,False,False,True,False,False,False,False,1,1,1,False,True,False,False,0.0,False,0.216676,True,2015-12-07,2015-12-07,Seed,2015,35.0,False,,True,,2.0,4.0,False,,False,,False,,False,,True,,False,,0,0,False,,False,False,,False,,False,,False,,False,,False,,1,,True,,True,False,,False,False,False,False,False,False,True,True,0,0,False,2,0,0.0,0.0,0.3654606185972184,0.31359999782361636,0.31359999782361636,0.31359999782361636,0.31359999782361636,0.31359999782361636,0.31359999782361636,0.0,0.0,0.0,0.0,0.0,0.0,3.0,0.0,0.0687619531421999,0,0,0,0,1,1,0,1.6,,False,False,False,False,False,False,,,0.0,4.600000000000001
11185,Staffino,https://www.crunchbase.com/organization/staffino,Slovakia (Slovak Republic),48.14816,17.10674,2014,3.0,True,False,False,False,True,False,False,False,False,True,False,False,False,True,0,4,3,False,False,False,False,0.0,False,1.805949,False,2014-04-23,2016-05-01,Seed,2014,289.6,True,,True,,2.4,22.8,False,,True,,False,,False,,True,,True,,2,0,True,,False,True,,True,,True,,True,,True,,True,,2,,True,,False,True,,False,False,False,False,False,False,True,True,20,0,False,15,3,0.2,0.1823215567939546,0.05485068933799905,0.8001910031988625,0.0,1.8567242861561248,0.0,0.8001910031988625,1.8567242861561248,0.0,0.0,0.0,1.1543984907888398,0.0,1.8567242861561248,13.0,3.0,0.3205009714335284,1,0,0,0,1,1,1,1.6,,False,False,False,False,False,False,,,1.400000000000002,7.0
11177,SaferPass,https://www.crunchbase.com/organization/saferpass,Slovakia (Slovak Republic),48.14816,17.10674,2014,1.0,False,False,False,False,False,False,False,False,False,True,False,False,False,False,2,1,2,True,False,False,False,1.0,True,1.131085,False,2016-05-17,2016-05-17,Seed,2016,18.5,True,False,True,True,2.5,3.0,False,False,False,False,False,False,False,False,True,False,False,False,1,0,True,False,False,True,False,True,False,True,False,True,False,True,False,True,False,1,0.0,True,False,False,False,False,False,False,False,False,False,False,True,True,20,0,False,15,2,0.1333333333333333,0.125163142954006,0.05485068933799905,1.0022906887658594,0.0,2.0045813775317187,0.0,0.0,0.0,2.0045813775317187,2.0045813775317187,2.0045813775317187,2.0045813775317187,2.0045813775317187,2.0045813775317187,8.0,2.0,0.2502193392440147,1,0,0,0,1,1,1,1.6,,True,False,False,True,True,True,2022-06-01,8.0,1.400000000000002,7.0
11219,Ecocapsule,https://www.crunchbase.com/organization/ecocapsule,Slovakia (Slovak Republic),48.14816,17.10674,2014,3.0,False,False,True,False,False,True,False,False,False,False,False,True,False,False,6,1,1,False,True,False,True,1.0,True,0.0,True,2020-01-01,2020-01-01,Seed,2020,36.0,True,True,False,False,1.0,0.0,False,False,False,False,False,False,False,False,False,False,False,False,1,1,True,True,True,True,True,True,True,True,True,True,True,True,True,True,True,1,1.0,True,True,True,False,False,False,False,False,False,False,False,True,True,20,0,False,15,3,0.2,0.1823215567939546,0.05485068933799905,0.0,0.0,0.0,0.0,0.0,0.0,0.0,0.0,0.0,0.0,0.0,0.0,3.0,1.0,0.1324928350569394,0,0,0,0,1,0,0,1.6,,False,False,False,False,False,False,,,1.400000000000002,7.0
11225,CropTech. Smart Automation Systems,https://www.crunchbase.com/organization/croptek,Slovakia (Slovak Republic),48.7220196,21.2692121,2014,5.0,True,False,False,False,True,True,False,False,False,True,False,False,False,False,0,1,1,False,True,False,False,0.0,False,0.0,True,2014-12-17,2014-12-17,Seed,2014,35.0,False,,True,,1.0,4.0,False,,False,,False,,False,,True,,False,,0,0,False,,False,False,,False,,False,,False,,False,,False,,1,,True,,True,False,,False,False,False,False,False,False,True,True,0,0,False,2,0,0.0,0.0,0.3654606185972184,0.31359999782361636,0.31359999782361636,0.31359999782361636,0.31359999782361636,0.31359999782361636,0.31359999782361636,0.0,0.0,0.0,0.0,0.0,0.0,0.0,0.0,0.0,0,0,0,0,1,1,0,1.6,,False,False,False,False,False,False,,,0.0,4.600000000000001
11200,Pygmalios,https://www.crunchbase.com/organization/pygmalios-analytics,Slovakia (Slovak Republic),48.14816,17.10674,2015,3.0,True,False,False,False,False,False,False,False,False,True,False,False,False,True,0,1,1,False,True,False,True,1.0,True,0.0,True,2015-10-19,2015-10-19,Seed,2015,34.0,False,False,True,True,1.0,5.0,False,False,False,False,False,False,False,False,False,False,False,False,0,0,False,False,False,False,False,False,False,False,False,False,False,False,False,False,False,0,0.0,False,False,False,True,True,False,False,False,False,False,False,True,True,20,0,False,19,3,0.1578947368421052,0.1466034741918753,0.05485068933799905,0.2875064436820628,0.2875064436820628,0.2875064436820628,0.0,0.0,0.0,0.2875064436820628,0.2875064436820628,0.2875064436820628,0.0,0.0,0.0,0.0,0.0,0.0,0,0,0,0,0,0,0,2.31,,False,False,False,False,False,False,,,1.400000000000002,7.0
11217,Profifox,https://www.crunchbase.com/organization/action-plan-manager-a-s,Slovakia (Slovak Republic),48.7220196,21.2692121,2015,4.0,True,False,False,False,True,False,False,False,False,False,False,False,False,True,0,1,1,False,True,False,False,0.0,False,0.217468,True,2015-04-24,2015-04-24,Seed,2015,35.0,False,,True,,2.0,4.0,False,,False,,False,,False,,True,,False,,0,0,False,,False,False,,False,,False,,False,,False,,False,,1,,True,,True,False,,False,False,False,False,False,False,True,True,0,0,False,4,0,0.0,0.0,0.3654606185972184,0.31359999782361636,0.31359999782361636,0.31359999782361636,0.31359999782361636,0.31359999782361636,0.31359999782361636,0.0,0.0,0.0,0.0,0.0,0.0,3.0,0.0,0.0687619531421999,0,0,0,0,1,1,0,2.31,,False,False,False,False,False,False,,,0.0,4.600000000000001
11192,Cloudo,https://www.crunchbase.com/organization/cloudo-2,Slovakia (Slovak Republic),48.14816,17.10674,2015,2.0,False,False,False,False,False,False,False,False,False,True,False,False,False,False,0,2,2,False,False,False,False,0.0,False,0.202876,True,2015-05-10,2015-10-19,Seed,2015,157.5,True,,False,,4.0,24.0,False,,True,,False,,False,,False,,False,,1,0,True,,False,True,,True,,True,,True,,True,,True,,1,,True,,False,True,,False,False,False,False,True,False,True,True,20,0,False,19,3,0.1578947368421052,0.1466034741918753,0.05485068933799905,0.025470906417874258,0.0,0.05094181283574851,0.0,0.025470906417874258,0.05094181283574851,0.0,0.0,0.0,0.05094181283574851,0.05094181283574851,0.05094181283574851,0.0,0.0,0.0,0,0,0,0,0,0,0,2.31,,False,False,False,False,False,False,,,1.400000000000002,7.0
11222,Venzeo,https://www.crunchbase.com/organization/venzeo,Slovakia (Slovak Republic),48.14816,17.10674,2015,1.0,True,False,False,False,False,False,False,False,False,True,True,True,False,True,0,1,1,False,True,False,True,1.0,True,0.0,True,2015-11-16,2015-11-16,Seed,2015,1.0,False,False,True,True,1.0,0.0,False,False,False,False,False,False,False,False,False,False,False,False,0,0,False,False,False,False,False,False,False,False,False,False,False,False,False,False,False,0,0.0,False,False,False,True,True,False,False,False,False,False,False,True,True,20,0,False,19,3,0.1578947368421052,0.1466034741918753,0.05485068933799905,1.2887016809975382,1.2887016809975382,1.2887016809975382,0.0,0.0,0.0,1.2887016809975382,1.2887016809975382,1.2887016809975382,0.0,0.0,0.0,0.0,0.0,0.0,0,0,0,0,0,0,0,2.31,,False,False,False,False,False,False,,,1.400000000000002,7.0
11223,AgentBalance,https://www.crunchbase.com/organization/agentbalance,Slovakia (Slovak Republic),48.7220196,21.2692121,2015,3.0,True,False,False,False,False,False,False,True,False,True,False,False,False,False,1,1,1,False,True,False,False,0.0,False,0.0,True,2016-04-24,2016-04-24,Seed,2016,35.0,False,,True,,3.0,4.0,False,,False,,False,,False,,True,,False,,0,0,False,,False,False,,False,,False,,False,,False,,False,,1,,True,,True,False,,False,False,False,False,False,False,True,True,0,0,False,4,0,0.0,0.0,0.3654606185972184,0.31359999782361636,0.31359999782361636,0.31359999782361636,0.31359999782361636,0.31359999782361636,0.31359999782361636,0.0,0.0,0.0,0.0,0.0,0.0,5.0,0.0,0.1089851172067322,0,0,0,0,1,1,1,2.31,,False,False,False,False,False,False,,,0.0,4.600000000000001
11159,eyerim,https://www.crunchbase.com/organization/eyerim,Slovakia (Slovak Republic),48.14816,17.10674,2015,4.0,False,False,False,False,False,True,False,False,False,True,False,False,False,False,0,2,2,True,False,False,False,1.0,True,1.718497,False,2015-05-24,2016-05-01,Series A,2015,39.666666666666664,True,False,True,True,7.7,8.7,False,False,False,False,False,False,False,False,True,False,False,False,2,0,True,False,False,True,False,True,False,True,False,True,False,True,False,True,False,2,0.0,True,False,False,True,True,False,False,False,False,False,False,True,True,20,0,False,19,3,0.1578947368421052,0.1466034741918753,0.05485068933799905,0.4762048758753392,0.0,1.4286146276260174,0.0,0.0,0.0,1.4286146276260174,1.4286146276260174,1.4286146276260174,0.9524097517506784,0.0,1.4286146276260174,8.0,3.0,0.2766700451007435,1,0,0,0,1,1,1,2.31,,False,False,True,False,True,True,,,1.400000000000002,7.0
11174,YesElf,https://www.crunchbase.com/organization/yeself-b5c8,Slovakia (Slovak Republic),48.8922719,18.0387465,2016,2.0,True,False,False,False,True,False,False,False,False,True,True,False,False,True,4,1,1,False,True,False,True,1.0,True,0.54108,False,2020-05-15,2020-05-15,Seed,2020,53.0,False,False,True,True,4.0,5.0,False,False,False,False,False,False,False,False,False,False,False,False,0,0,False,False,False,False,False,False,False,False,False,False,False,False,False,False,False,0,0.0,False,False,False,False,False,True,True,False,False,False,False,False,False,0,0,False,0,0,0.0,0.0,0.1443056244492889,3.7195126752703094,3.7195126752703094,3.7195126752703094,0.0,0.0,0.0,3.7195126752703094,3.7195126752703094,3.7195126752703094,0.0,0.0,0.0,0.0,0.0,0.0,0,0,0,0,1,1,1,1.97,,False,False,False,False,False,False,,,0.0,0.0
11137,CloudTalk,https://www.crunchbase.com/organization/cloudtalk-io,Slovakia (Slovak Republic),48.14816,17.10674,2016,2.0,True,False,False,False,True,False,False,False,False,True,True,False,False,True,3,2,1,True,True,False,True,1.0,True,1.480967,False,2019-01-17,2020-01-28,Series B,2019,60.0,False,False,True,True,3.5,2.0,False,False,True,True,False,False,False,False,False,False,False,False,0,0,False,False,False,False,False,False,False,False,False,False,False,False,False,False,False,0,0.0,False,False,False,True,True,False,False,False,False,False,False,True,True,20,0,False,22,3,0.1363636363636363,0.1278333715098848,0.05485068933799905,0.2875064436820628,0.2875064436820628,0.2875064436820628,0.2875064436820628,0.2875064436820628,0.2875064436820628,0.2875064436820628,0.2875064436820628,0.2875064436820628,0.0,0.0,0.0,0.0,0.0,0.0,0,0,0,0,0,0,0,1.97,,False,True,True,True,True,True,,,1.400000000000002,7.0
11152,MATSUKO,https://www.crunchbase.com/organization/matsuko,Slovakia (Slovak Republic),48.7220196,21.2692121,2016,2.0,True,False,False,False,False,False,False,False,False,True,True,False,False,True,0,2,5,False,False,True,False,0.0,False,3.337689,False,2016-10-31,2019-11-01,Seed,2016,16.8,False,,True,,3.4,1.4,False,,False,,False,,False,,True,,False,,0,0,False,,False,False,,False,,False,,False,,False,,False,,1,,True,,False,True,,False,False,False,False,False,False,True,True,0,0,False,6,0,0.0,0.0,0.3654606185972184,0.95550714734756,0.21426266059354496,1.5519099635254867,0.21426266059354496,0.95550714734756,1.5519099635254867,0.0,0.0,0.0,0.8449231671958601,0.0,1.449987166760137,5.0,0.0,0.1089851172067322,0,0,0,0,1,1,1,1.97,,False,False,False,False,False,False,,,0.0,4.600000000000001
11194,Excalibur,https://www.crunchbase.com/organization/excalibur,Slovakia (Slovak Republic),49.0541521,20.2976401,2016,1.0,True,False,False,False,False,False,False,False,False,True,False,False,False,True,0,1,1,False,True,True,True,1.0,True,0.0,True,2016-01-01,2016-01-01,Pre-Seed,2016,35.0,False,False,True,True,3.0,4.0,False,False,False,False,False,False,False,False,True,True,False,False,0,0,False,False,False,False,False,False,False,False,False,False,False,False,False,False,False,1,1.0,True,True,True,False,False,False,False,False,False,False,False,True,True,0,0,False,0,0,0.0,0.0,0.3033568228096266,0.25532203665683745,0.25532203665683745,0.25532203665683745,0.0,0.0,0.0,0.25532203665683745,0.25532203665683745,0.25532203665683745,0.0,0.0,0.0,0.0,0.0,0.0,0,0,0,0,1,1,1,1.97,,False,False,False,False,False,False,,,0.0,0.0
11184,Nitroterra,https://www.crunchbase.com/organization/nitroterra,Slovakia (Slovak Republic),48.14816,17.10674,2018,1.0,True,False,False,False,True,False,False,True,False,False,False,False,False,False,2,1,1,False,True,True,True,1.0,True,1.0,False,2020-05-13,2020-05-13,Seed,2020,36.0,True,True,False,False,1.0,0.0,False,False,False,False,False,False,False,False,False,False,False,False,1,1,True,True,True,True,True,True,True,True,True,True,True,True,True,True,True,1,1.0,True,True,True,False,False,False,False,False,False,False,False,True,True,20,0,False,26,4,0.1538461538461538,0.1431008436406733,0.05485068933799905,0.0,0.0,0.0,0.0,0.0,0.0,0.0,0.0,0.0,0.0,0.0,0.0,3.0,1.0,0.1324928350569394,0,0,0,0,1,0,0,2.07,,False,False,False,False,False,False,,,1.400000000000002,7.0
11161,altFINS,https://www.crunchbase.com/organization/altfins,Slovakia (Slovak Republic),48.14816,17.10674,2018,1.0,True,False,False,False,False,False,False,False,True,True,False,False,False,False,2,1,1,False,True,True,True,1.0,True,1.17788,False,2020-08-01,2020-08-01,Pre-Seed,2020,36.0,True,True,False,False,1.0,0.0,False,False,False,False,False,False,False,False,False,False,False,False,1,1,True,True,True,True,True,True,True,True,True,True,True,True,True,True,True,1,1.0,True,True,True,False,False,False,False,False,False,False,False,True,True,20,0,False,26,4,0.1538461538461538,0.1431008436406733,0.05485068933799905,0.0,0.0,0.0,0.0,0.0,0.0,0.0,0.0,0.0,0.0,0.0,0.0,3.0,1.0,0.1324928350569394,0,0,0,0,1,0,0,2.07,,False,False,False,False,False,False,,,1.400000000000002,7.0
11167,iERP.ai,https://www.crunchbase.com/organization/ierp-ai,Slovakia (Slovak Republic),48.14816,17.10674,2019,2.0,True,False,False,False,True,True,False,False,False,True,False,False,False,False,1,2,4,False,False,True,False,0.0,False,0.74114,False,2020-06-26,2021-11-11,Seed,2020,109.0,True,,True,,3.2,2.6,False,,True,,True,,False,,False,,False,,3,0,True,,False,True,,True,,True,,True,,True,,True,,3,,True,,False,True,,False,False,False,False,False,False,True,True,20,0,False,27,4,0.1481481481481481,0.1381503384808171,0.05485068933799905,0.5399038468419728,0.0,1.3497596171049322,0.0,0.5399038468419728,1.3497596171049322,0.0,0.0,0.0,0.8098557702629594,0.0,1.3497596171049322,4.0,0.0,0.0908983577180024,0,0,0,0,0,0,0,1.81,,False,False,False,False,False,False,,,1.400000000000002,7.0
11198,Filmzie,https://www.crunchbase.com/organization/filmzie,Slovakia (Slovak Republic),48.3767652,17.5858175,2019,1.0,False,False,False,False,False,False,False,False,False,False,True,False,False,False,1,1,1,False,True,True,True,1.0,True,0.0,True,2020-04-01,2020-04-01,Pre-Seed,2020,22.0,True,True,False,False,1.0,0.0,False,False,False,False,False,False,False,False,False,False,False,False,0,0,False,False,False,True,True,True,True,True,True,False,False,False,False,False,False,1,1.0,True,True,True,False,False,False,False,False,False,False,False,True,True,20,0,False,3,1,0.3333333333333333,0.2876820724517809,0.09169368184310664,0.043632704586419255,0.043632704586419255,0.043632704586419255,0.0,0.0,0.0,0.043632704586419255,0.043632704586419255,0.043632704586419255,0.0,0.0,0.0,0.0,0.0,0.0,0,0,0,0,1,0,0,1.81,,False,False,False,False,False,False,,,1.8000000000000005,6.200000000000001
11147,Airvolute,https://www.crunchbase.com/organization/airvolute,Slovakia (Slovak Republic),48.3767652,17.5858175,2020,2.0,True,False,False,False,True,True,False,False,False,True,False,False,False,False,0,2,1,False,True,True,True,1.0,True,1.760734,False,2020-10-01,2023-03-01,Seed,2020,53.0,False,False,True,True,5.5,5.0,False,False,False,False,False,False,False,False,False,False,False,False,0,0,False,False,False,False,False,False,False,False,False,False,False,False,False,False,False,0,0.0,False,False,False,False,False,True,True,False,False,False,False,False,False,20,0,False,4,1,0.25,0.2231435513142097,0.09169368184310664,3.719917148244036,3.719917148244036,3.719917148244036,0.0,0.0,0.0,3.719917148244036,3.719917148244036,3.719917148244036,0.0,0.0,0.0,2.0,0.0,0.0402231640645322,0,0,0,0,1,0,0,-5.65,,False,False,False,False,False,False,,,1.8000000000000005,6.200000000000001
11170,Spinbotics,https://www.crunchbase.com/organization/spinbotics,Slovakia (Slovak Republic),48.7220196,21.2692121,2020,1.0,True,False,False,False,True,False,False,False,False,True,False,False,False,False,0,1,1,False,True,False,True,1.0,True,0.66561,False,2020-05-01,2020-05-01,Seed,2020,53.0,False,False,True,True,4.0,5.0,False,False,False,False,False,False,False,False,False,False,False,False,0,0,False,False,False,False,False,False,False,False,False,False,False,False,False,False,False,0,0.0,False,False,False,False,False,True,True,False,False,False,False,False,False,0,0,False,7,0,0.0,0.0,0.3654606185972184,3.509635572203174,3.509635572203174,3.509635572203174,0.0,0.0,0.0,3.509635572203174,3.509635572203174,3.509635572203174,0.0,0.0,0.0,0.0,0.0,0.0,0,0,0,0,1,1,0,-5.65,,False,False,False,False,False,False,,,0.0,4.600000000000001
11179,Elysium Tech,https://www.crunchbase.com/organization/elysium-tech,Slovakia (Slovak Republic),48.14816,17.10674,2020,1.0,False,False,False,False,False,True,False,True,False,True,False,False,False,False,0,1,1,False,True,False,True,1.0,True,0.328549,True,2020-04-01,2020-04-01,Seed,2020,53.0,False,False,True,True,4.0,5.0,False,False,False,False,False,False,False,False,False,False,False,False,0,0,False,False,False,False,False,False,False,False,False,False,False,False,False,False,False,0,0.0,False,False,False,False,False,True,True,False,False,False,False,False,False,20,0,False,29,4,0.1379310344827586,0.1292117314800061,0.05485068933799905,3.738799863582138,3.738799863582138,3.738799863582138,0.0,0.0,0.0,3.738799863582138,3.738799863582138,3.738799863582138,0.0,0.0,0.0,2.0,0.0,0.0402231640645322,0,0,0,0,0,0,0,-5.65,,False,False,False,False,False,False,,,1.400000000000002,7.0
11180,Eatster,https://www.crunchbase.com/organization/eatster,Slovakia (Slovak Republic),48.14816,17.10674,2020,1.0,False,False,False,False,True,False,True,False,False,True,False,False,False,False,0,1,1,False,True,False,True,1.0,True,0.281285,True,2020-07-01,2020-07-01,Seed,2020,53.0,False,False,True,True,4.0,5.0,False,False,False,False,False,False,False,False,False,False,False,False,0,0,False,False,False,False,False,False,False,False,False,False,False,False,False,False,False,0,0.0,False,False,False,False,False,True,True,False,False,False,False,False,False,20,0,False,29,4,0.1379310344827586,0.1292117314800061,0.05485068933799905,3.738799863582138,3.738799863582138,3.738799863582138,0.0,0.0,0.0,3.738799863582138,3.738799863582138,3.738799863582138,0.0,0.0,0.0,2.0,0.0,0.0402231640645322,0,0,0,0,0,0,0,-5.65,,False,False,False,False,False,False,,,1.400000000000002,7.0
5960,Cleveron,https://www.crunchbase.com/organization/cleveron,Estonia,58.36454,25.5878074,2007,2.0,True,False,False,False,True,False,False,False,False,False,False,False,False,False,1,1,1,False,True,False,True,1.0,True,0.0,True,2008-05-27,2008-05-27,Seed,2008,37.0,False,False,True,True,0.0,8.0,False,False,True,True,False,False,False,False,False,False,False,False,0,0,False,False,False,False,False,False,False,False,False,False,False,False,False,False,False,1,1.0,True,True,True,True,True,False,False,False,False,False,False,True,True,1,0,False,0,0,0.0,0.0,0.12871373178666892,0.12871373178666906,0.12871373178666906,0.12871373178666906,0.0,0.0,0.0,0.12871373178666906,0.12871373178666906,0.12871373178666906,0.0,0.0,0.0,0.0,0.0,0.0,0,0,0,0,1,1,1,3.16,2.6602595372658615,False,False,False,False,False,False,,,0.0,0.0
6130,Bondora,https://www.crunchbase.com/organization/bondora,Estonia,59.4372155,24.7453688,2008,3.0,True,True,False,False,False,False,False,False,True,False,False,False,False,False,5,2,2,True,False,True,False,1.0,True,1.955124,False,2013-10-01,2014-04-02,Series A,2013,356.0,False,False,True,True,0.5,54.0,False,False,False,False,True,True,False,False,True,True,False,False,0,0,False,False,False,False,False,False,False,False,False,False,False,False,False,False,False,0,0.0,False,False,False,True,False,False,False,False,False,True,True,True,True,102,0,False,1,0,0.0,0.0,0.0,1.388922662151952,1.0420488480530192,1.7357964762508846,1.0420488480530192,1.0420488480530192,1.0420488480530192,1.7357964762508846,1.7357964762508846,1.7357964762508846,0.6958888350839553,0.6958888350839553,0.6958888350839553,0.0,0.0,0.0,0,0,0,0,0,0,0,0.64,2.8903717578961645,False,False,True,False,True,True,,,19.0,50.0
6180,Rakuten Fits Me,https://www.crunchbase.com/organization/fits-me,Estonia,58.3801207,26.72245,2009,2.0,False,False,False,False,True,True,False,False,False,True,False,False,False,False,1,2,2,False,False,False,False,0.0,False,3.717174,False,2010-09-22,2012-02-06,Venture - Series Unknown,2010,14.5,False,,True,,10.0,8.5,False,,False,,False,,False,,False,,False,,0,0,False,,False,False,,False,,False,,False,,False,,False,,1,,True,,False,True,,False,False,False,False,False,False,True,True,5,0,False,1,0,0.0,0.0,0.1634029903936329,1.0133019587072292,0.16340299039363307,1.8632009270208256,0.16340299039363307,1.0133019587072292,1.8632009270208256,0.0,0.0,0.0,1.7854362637165104,1.7854362637165104,1.7854362637165104,1.0,0.0,0.0,0,0,0,0,0,1,0,-4.35,2.128231705849268,True,False,True,True,True,True,2015-07-12,6.0,0.0,3.0
6174,Sportlyzer,https://www.crunchbase.com/organization/sportlyzer,Estonia,58.3801207,26.72245,2009,6.0,True,False,False,False,False,True,False,False,False,True,False,False,False,False,0,3,5,True,False,False,False,1.0,True,0.504877,False,2009-08-07,2012-05-30,Seed,2009,94.4,False,False,True,True,2.0,17.0,False,False,True,True,True,False,False,False,True,False,False,False,0,0,False,False,False,False,False,False,False,False,False,False,False,False,False,False,False,3,1.0,True,True,False,True,True,False,False,False,False,False,False,True,True,5,0,False,1,1,1.0,0.6931471805599453,0.1634029903936329,0.5883524745504313,0.16340299039363307,1.8632009270208256,0.16340299039363307,0.7300023026026972,1.8632009270208256,0.16340299039363307,0.16340299039363307,0.16340299039363307,0.8927181318582552,0.0,1.7854362637165104,0.0,0.0,0.0,0,0,0,0,0,1,0,-4.35,1.7404661748405046,False,False,False,False,False,False,,,0.0,3.0
6228,DeltaBid.com,https://www.crunchbase.com/organization/deltabid-com,Estonia,59.4372155,24.7453688,2011,3.0,True,True,False,False,True,False,False,False,False,True,False,False,False,True,2,1,5,False,False,True,False,0.0,False,0.020476,True,2013-02-01,2013-02-01,Venture - Series Unknown,2013,297.6,True,,True,,10.2,68.2,True,,True,,True,,False,,False,,False,,1,0,True,,False,True,,True,,True,,True,,True,,True,,1,,True,,False,True,,True,True,True,False,False,False,True,False,102,0,False,5,1,0.2,0.1823215567939546,0.0,6.196561910539642,0.0,9.185248325449944,0.0,6.196561910539642,9.185248325449944,0.0,0.0,0.0,4.854578695273933,0.30570389039352514,9.185248325449944,9.0,0.0,0.1596603108602024,0,0,0,0,0,0,0,1.9,2.8903717578961645,False,False,True,False,True,True,,,19.0,50.0
6222,Plumbr,https://www.crunchbase.com/organization/plumbr,Estonia,59.4372155,24.7453688,2011,5.0,True,True,False,False,False,False,False,False,False,True,False,False,False,True,2,1,5,False,False,True,False,0.0,False,1.115,False,2013-11-12,2013-11-12,Venture - Series Unknown,2013,8.2,True,,True,,13.0,1.4,False,,True,,False,,False,,False,,False,,2,0,True,,False,True,,True,,True,,True,,True,,True,,3,,True,,False,True,,True,True,True,False,False,False,True,False,102,0,False,5,0,0.0,0.0,0.0,3.5280571990637837,0.0,8.790766821121178,0.0,3.5280571990637837,8.790766821121178,0.0,0.0,0.0,5.571812975270075,0.0,8.945333079850007,0.0,0.0,0.0,0,0,0,0,0,0,0,1.9,2.8903717578961645,True,False,True,True,True,True,2020-10-20,9.0,19.0,50.0
6165,Sprayprinter,https://www.crunchbase.com/organization/sprayprinter-2,Estonia,58.3801207,26.72245,2011,2.0,True,False,False,False,True,False,False,False,False,True,True,False,False,False,5,3,3,True,False,True,False,1.0,True,0.053896,True,2016-01-06,2018-01-01,Seed,2016,277.3333333333333,False,False,True,True,6.2,100.8,False,False,True,True,True,True,True,True,False,False,False,False,0,0,False,False,False,False,False,False,False,False,False,False,False,False,False,False,False,1,0.0,True,False,False,True,False,True,True,True,False,False,False,True,False,5,0,False,2,1,0.5,0.4054651081081644,0.1634029903936329,4.927229349310604,0.16340299039363307,8.945333079850007,0.16340299039363307,3.587861439130804,8.945333079850007,8.945333079850007,8.945333079850007,8.945333079850007,6.156231539765868,0.0,8.878272652378357,0.0,0.0,0.0,0,0,0,0,0,1,0,1.9,2.8903717578961645,False,False,False,False,False,False,,,0.0,3.0
6219,Shaka,https://www.crunchbase.com/organization/shaka,Estonia,59.4372155,24.7453688,2011,3.0,False,True,False,False,False,True,False,False,False,True,False,False,False,False,1,2,3,True,False,True,False,2.0,True,0.03935,True,2012-02-21,2012-08-14,Pre-Seed,2012,196.0,True,True,True,True,6.0,32.3,True,True,True,True,True,True,False,False,False,False,False,False,1,1,True,True,False,True,True,True,True,True,True,True,True,True,True,True,True,1,1.0,True,True,False,True,True,True,True,True,False,False,False,True,False,102,0,False,5,1,0.2,0.1823215567939546,0.0,5.1684070998812714,0.0,8.790766821121178,8.790766821121178,8.790766821121178,8.790766821121178,0.0,3.357227239261318,6.714454478522636,6.529426657339376,4.083058672374313,8.790766821121178,0.0,0.0,0.0,0,0,0,0,0,0,0,1.9,2.747270914255491,False,False,False,False,False,False,,,19.0,50.0
6140,Deekit,https://www.crunchbase.com/organization/deekit,Estonia,59.4372155,24.7453688,2012,4.0,True,True,False,False,False,False,False,False,False,True,False,False,False,True,3,2,3,True,False,False,False,2.0,True,0.54371,False,2015-07-06,2017-01-13,Seed,2015,12.5,True,True,True,True,9.0,182.0,False,False,True,True,True,True,False,False,False,False,False,False,1,1,True,True,False,True,True,True,True,True,True,True,True,True,True,True,True,1,1.0,True,True,False,True,True,True,True,True,False,False,False,True,False,102,0,False,12,2,0.1666666666666666,0.1541506798272582,0.0,5.621437349877205,0.0,8.81970091409316,8.81970091409316,8.81970091409316,8.81970091409316,0.0,4.022305567769228,8.044611135538457,6.118626475031314,1.491567375462326,8.81970091409316,2.0,0.0,0.0402231640645322,0,0,0,0,0,0,0,-0.7,3.039749158970765,False,False,False,False,False,False,,,19.0,50.0
6151,SportID,https://www.crunchbase.com/organization/sportid,Estonia,58.3801207,26.72245,2012,2.0,True,False,False,False,True,True,False,True,False,True,True,False,False,False,1,2,2,False,False,True,False,0.0,False,0.26919,True,2013-03-15,2013-08-23,Equity Crowdfunding,2013,448.0,False,,True,,2.0,29.5,False,,True,,True,,False,,False,,False,,0,0,False,,False,False,,False,,False,,False,,False,,False,,1,,True,,False,True,,True,True,False,False,False,False,True,False,5,0,False,5,2,0.4,0.3364722366212129,0.1634029903936329,6.847536902364691,0.16340299039363307,13.531670814335747,0.16340299039363307,6.847536902364691,13.531670814335747,0.0,0.0,0.0,13.449688189080376,13.449688189080376,13.449688189080376,1.0,1.0,0.0637308819147395,0,0,0,0,1,1,0,-0.7,2.8903717578961645,False,False,False,False,False,False,,,0.0,3.0
6182,Weekdone,https://www.crunchbase.com/organization/weekdone,Estonia,58.3801207,26.72245,2012,3.0,True,False,False,False,True,False,False,False,False,True,False,False,False,True,0,2,6,True,False,False,False,1.0,True,0.29,True,2011-03-01,2013-11-15,Seed,2011,89.66666666666667,False,False,True,True,3.0,14.3,False,False,True,True,False,False,False,False,True,True,False,False,0,0,False,False,False,False,False,False,False,False,False,False,False,False,False,False,False,2,0.0,True,False,False,True,True,False,False,False,False,True,False,True,True,5,0,False,5,2,0.4,0.3364722366212129,0.1634029903936329,1.1635712488406287,0.16340299039363307,2.24428742409568,0.16340299039363307,1.0394004081839614,2.24428742409568,1.9085962927806328,1.9085962927806328,1.9085962927806328,1.192459189377739,0.0,2.1881120998851147,0.0,0.0,0.0,0,0,0,0,0,1,0,-0.7,2.151762203259462,False,False,False,False,False,False,,,0.0,3.0
6193,Stebby,https://www.crunchbase.com/organization/stebby,Estonia,58.3801207,26.72245,2012,1.0,False,False,False,False,False,False,False,True,True,True,False,False,False,False,1,2,3,False,False,True,False,0.0,False,0.04,True,2013-01-01,2013-08-13,Seed,2013,253.5,False,,True,,1.3,20.3,False,,True,,True,,False,,False,,False,,0,0,False,,False,False,,False,,False,,False,,False,,False,,1,,True,,False,True,,True,True,False,False,False,False,True,False,5,0,False,5,1,0.2,0.1823215567939546,0.1634029903936329,5.185525815772009,0.16340299039363307,13.531670814335747,0.16340299039363307,5.185525815772009,13.531670814335747,0.0,0.0,0.0,9.065395929734793,1.8674834548883559,13.449688189080376,1.0,0.0,0.0,0,0,0,0,0,1,0,-0.7,2.8903717578961645,True,False,False,True,True,True,2024-06-27,12.0,0.0,3.0
6202,Like a Local Guide,https://www.crunchbase.com/organization/like-a-local,Estonia,59.4372155,24.7453688,2012,2.0,False,True,False,False,False,True,False,False,False,True,True,False,False,False,0,1,1,False,True,True,False,0.0,False,0.119714,True,2012-04-23,2012-04-23,Seed,2012,448.0,True,,False,,0.0,13.0,False,,True,,True,,False,,False,,False,,1,0,True,,True,True,,True,,True,,True,,True,,True,,1,,True,,True,True,,False,False,False,False,False,False,True,True,102,0,False,12,2,0.1666666666666666,0.1541506798272582,0.0,0.0,0.0,0.0,0.0,0.0,0.0,0.0,0.0,0.0,0.0,0.0,0.0,1.0,0.0,0.0,0,0,0,0,0,0,0,-0.7,2.747270914255491,False,False,False,False,False,False,,,19.0,50.0
6211,Cloutex,https://www.crunchbase.com/organization/cloutex,Estonia,59.4372155,24.7453688,2012,3.0,True,True,False,False,False,True,False,False,False,True,False,False,False,False,1,2,6,True,False,True,False,1.0,True,0.62025,False,2013-09-23,2014-01-16,Seed,2013,88.0,True,True,False,False,3.4,4.3,False,False,True,True,True,False,True,False,True,False,False,False,6,1,True,True,True,True,True,True,True,True,True,True,True,True,True,True,True,6,1.0,True,True,True,True,True,False,False,False,False,False,False,True,True,102,0,False,12,2,0.1666666666666666,0.1541506798272582,0.0,0.0,0.0,0.0,0.0,0.0,0.0,0.0,0.0,0.0,0.0,0.0,0.0,11.0,17.0,0.4435000682091723,1,0,0,1,0,0,0,-0.7,2.8903717578961645,False,False,False,False,False,False,,,19.0,50.0
6136,VitalFields,https://www.crunchbase.com/organization/vitalfields,Estonia,59.4372155,24.7453688,2012,2.0,True,True,False,False,False,False,True,False,False,True,False,False,False,False,0,2,7,True,False,True,False,1.0,True,0.69969,False,2012-07-01,2014-01-07,Series A,2012,81.85714285714286,True,True,True,False,1.3,5.9,False,False,True,True,True,False,False,False,False,False,False,False,4,1,True,True,False,True,True,True,True,True,True,True,True,True,True,True,True,4,1.0,True,True,False,True,True,True,True,False,False,False,False,True,False,102,0,False,12,1,0.0833333333333333,0.0800427076735364,0.0,1.7364238884445664,0.0,8.682119442222831,0.0,2.1705298605557077,8.682119442222831,0.0,0.0,0.0,3.4728477768891324,0.0,8.682119442222831,5.0,23.0,0.4011888209237012,1,0,0,1,0,1,0,-0.7,2.747270914255491,True,False,True,True,True,True,2016-11-21,4.0,19.0,50.0
6224,'Rock' Your Paper,https://www.crunchbase.com/organization/rock-your-paper,Estonia,59.4372155,24.7453688,2012,2.0,True,True,False,False,True,True,False,False,False,True,True,False,False,False,0,2,2,False,False,True,False,0.0,False,0.06025,True,2012-08-09,2013-09-23,Pre-Seed,2012,448.0,True,,True,,1.5,29.5,False,,True,,True,,False,,False,,False,,1,0,True,,False,True,,True,,True,,True,,True,,True,,1,,True,,False,True,,True,True,False,False,False,False,True,False,102,0,False,12,2,0.1666666666666666,0.1541506798272582,0.0,6.724844094540188,0.0,13.449688189080376,0.0,6.724844094540188,13.449688189080376,0.0,0.0,0.0,13.449688189080376,13.449688189080376,13.449688189080376,9.0,4.0,0.3076388360899851,1,0,0,0,0,0,0,-0.7,2.747270914255491,False,False,False,False,False,False,,,19.0,50.0
6227,Actual Reports,https://www.crunchbase.com/organization/actual-reports,Estonia,59.4372155,24.7453688,2012,3.0,True,True,False,False,False,False,False,False,False,True,False,False,False,False,1,1,1,False,True,True,True,1.0,True,0.02025,True,2013-09-23,2013-09-23,Pre-Seed,2013,448.0,True,True,False,False,1.0,13.0,False,False,True,True,True,True,False,False,False,False,False,False,1,1,True,True,True,True,True,True,True,True,True,True,True,True,True,True,True,1,1.0,True,True,True,True,True,False,False,False,False,False,False,True,True,102,0,False,12,2,0.1666666666666666,0.1541506798272582,0.0,0.0,0.0,0.0,0.0,0.0,0.0,0.0,0.0,0.0,0.0,0.0,0.0,9.0,4.0,0.3076388360899851,1,0,0,0,0,0,0,-0.7,2.8903717578961645,False,False,False,False,False,False,,,19.0,50.0
6246,Camorka,https://www.crunchbase.com/organization/camorka,Estonia,59.4372155,24.7453688,2012,3.0,False,True,False,False,False,True,False,False,False,False,True,False,False,False,1,1,1,False,True,False,True,1.0,True,0.020385,True,2013-12-01,2013-12-01,Seed,2013,448.0,True,True,False,False,1.0,13.0,False,False,True,True,True,True,False,False,False,False,False,False,1,1,True,True,True,True,True,True,True,True,True,True,True,True,True,True,True,1,1.0,True,True,True,True,True,False,False,False,False,False,False,True,True,102,0,False,12,2,0.1666666666666666,0.1541506798272582,0.0,0.0,0.0,0.0,0.0,0.0,0.0,0.0,0.0,0.0,0.0,0.0,0.0,9.0,4.0,0.3076388360899851,1,0,0,0,0,0,0,-0.7,2.8903717578961645,False,False,False,False,False,False,,,19.0,50.0
5911,Lingvist,https://www.crunchbase.com/organization/lingvist,Estonia,59.4372155,24.7453688,2013,3.0,True,True,False,False,True,True,False,False,False,True,False,False,False,False,1,1,6,True,False,False,False,1.0,True,1.379373,False,2014-04-01,2014-04-01,Venture - Series Unknown,2014,46.2,True,True,True,False,4.8,98.2,True,False,True,True,True,False,False,False,False,False,False,False,3,1,True,True,False,True,True,True,True,True,True,True,True,True,True,True,True,3,1.0,True,True,False,True,True,True,True,True,False,False,False,True,False,102,0,False,28,4,0.1428571428571428,0.1335313926245225,0.0,1.493533478339359,0.0,8.044611135538457,0.0,1.7922401740072305,8.044611135538457,0.0,0.0,0.0,2.9540107995752756,0.0,8.524182290234119,4.0,16.0,0.3513959693846137,1,0,0,1,0,0,0,-0.08,3.261935314328648,False,False,True,False,True,True,,,19.0,50.0
5991,Ready Player Me,https://www.crunchbase.com/organization/wolfprint-3d,Estonia,59.4372155,24.7453688,2013,4.0,False,True,False,False,False,False,False,False,False,True,True,False,False,False,3,3,11,True,False,False,False,1.0,True,3.55,False,2016-01-22,2020-07-01,Series B,2016,75.81818181818181,True,True,True,False,5.2,6.5,True,False,True,False,True,False,True,False,True,True,False,False,3,1,True,True,False,True,True,True,True,True,True,True,True,True,True,True,True,4,1.0,True,True,False,True,True,True,True,True,False,False,False,True,False,102,0,False,28,3,0.1071428571428571,0.1017826943099422,0.0,2.0386220942671804,0.0,6.649546391729226,0.0,2.2934498560505783,6.649546391729226,0.0,0.0,0.0,3.3973655798992497,0.0,8.799094454119523,27.0,17.0,0.5275541586064895,1,1,1,1,0,0,0,-0.08,2.8903717578961645,False,True,True,True,True,True,,,19.0,50.0
6009,Investly,https://www.crunchbase.com/organization/investly,Estonia,59.4372155,24.7453688,2013,3.0,True,True,False,False,False,False,False,False,True,False,False,False,False,False,1,2,2,False,False,True,False,0.0,False,1.404991,False,2014-08-15,2016-01-12,Equity Crowdfunding,2014,358.6666666666667,True,,True,,3.3,36.3,False,,True,,True,,False,,False,,False,,1,0,True,,False,True,,True,,True,,True,,True,,True,,1,,True,,False,True,,False,False,False,False,True,False,True,True,102,0,False,28,4,0.1428571428571428,0.1335313926245225,0.0,0.9085258192796518,0.0,1.3627887289194778,0.0,0.9085258192796518,1.3627887289194778,0.0,0.0,0.0,0.9085258192796518,0.0,1.3627887289194778,14.0,8.0,0.4019055908702352,1,0,0,0,0,0,0,-0.08,3.261935314328648,False,False,False,False,False,False,,,19.0,50.0
6001,Timbeter,https://www.crunchbase.com/organization/timbeter,Estonia,59.4372155,24.7453688,2013,4.0,True,True,False,False,False,False,False,False,False,True,False,False,False,True,1,3,6,True,False,False,False,3.0,True,1.5,False,2014-06-01,2022-06-08,Seed,2014,25.142857142857142,True,True,True,True,6.2,3.4,False,False,True,True,False,False,True,False,False,False,False,False,4,1,True,True,False,True,True,True,True,True,True,True,True,True,True,True,True,5,1.0,True,True,False,True,True,True,True,False,False,False,False,True,False,102,0,False,28,4,0.1428571428571428,0.1335313926245225,0.0,1.8678823838926004,0.0,8.682119442222831,0.0,0.04085074759840827,0.16340299039363307,0.0,4.303924565618189,8.682119442222831,3.7120892514222685,0.0,12.738717021404344,9.0,15.0,0.4145838385191606,1,0,0,1,0,0,0,-0.08,3.261935314328648,False,False,False,False,False,False,,,19.0,50.0
5905,Estateguru,https://www.crunchbase.com/organization/estateguru,Estonia,59.4372155,24.7453688,2013,3.0,True,True,False,False,False,True,False,False,True,False,False,False,True,True,2,1,2,False,False,True,False,0.0,False,1.165748,False,2015-05-12,2015-05-12,Undisclosed,2015,381.0,True,,True,,3.5,30.5,False,,True,,True,,False,,False,,False,,1,0,True,,False,True,,True,,True,,True,,True,,True,,1,,True,,False,True,,False,False,False,False,True,False,True,True,102,0,False,28,4,0.1428571428571428,0.1335313926245225,0.0,0.6813943644597389,0.0,1.3627887289194778,0.0,0.6813943644597389,1.3627887289194778,0.0,0.0,0.0,1.3627887289194778,1.3627887289194778,1.3627887289194778,16.0,0.0,0.2122999752183393,1,0,0,0,0,0,0,-0.08,3.039749158970765,False,False,False,False,False,False,,,19.0,50.0
5873,Bolt,https://www.crunchbase.com/organization/mtakso,Estonia,59.4372155,24.7453688,2013,3.0,False,True,False,False,True,False,True,False,False,True,False,False,False,False,1,4,14,True,False,False,False,1.0,True,2.153275,False,2014-04-23,2016-05-10,Series F,2014,10.333333333333334,True,False,True,True,5.8,1.4,False,False,False,False,False,False,False,False,False,False,False,False,3,0,True,False,False,True,False,True,False,True,False,True,False,True,False,True,False,4,0.0,True,False,False,True,True,True,True,True,False,True,False,True,False,102,0,False,28,3,0.1071428571428571,0.1017826943099422,0.0,3.609148336235831,0.0,9.265076453592675,0.0,3.807286872651553,9.265076453592675,1.2314858992471651,1.2314858992471651,1.2314858992471651,5.965245448125507,0.0,15.984060375867136,3.0,7.0,0.2599545988864186,1,0,0,0,0,0,0,-0.08,3.261935314328648,False,True,True,True,True,True,,,19.0,50.0
6203,Zerply,https://www.crunchbase.com/organization/zerply,Estonia,59.4372155,24.7453688,2013,2.0,False,True,False,False,True,False,False,False,False,False,True,False,False,False,0,6,10,True,False,False,False,1.0,True,0.7,False,2011-05-17,2015-08-01,Seed,2011,60.3,False,False,True,True,2.4,82.2,True,True,True,False,True,False,True,False,True,False,False,False,0,0,False,False,False,False,False,False,False,False,False,False,False,False,False,False,False,0,0.0,False,False,False,False,False,True,True,True,False,False,False,False,False,102,0,False,28,4,0.1428571428571428,0.1335313926245225,0.0,8.754119126852709,6.163741694913345,15.228484741428339,6.163741694913345,8.750787518282847,15.228484741428339,8.790766821121178,8.790766821121178,8.790766821121178,4.9539443179627805,0.0,15.993156376913566,0.0,0.0,0.0,0,0,0,0,0,0,0,-0.08,2.151762203259462,False,False,False,False,False,False,,,19.0,50.0
6170,SessionLab,https://www.crunchbase.com/organization/trainedon,Estonia,59.4372155,24.7453688,2013,5.0,True,True,False,False,False,True,False,False,False,False,False,False,False,False,0,2,2,True,False,True,False,1.0,True,0.02025,True,2013-09-23,2023-05-04,Seed,2013,273.0,True,False,True,True,3.0,9.0,False,False,True,False,True,True,False,False,False,False,False,False,1,0,True,False,False,True,False,True,False,True,False,True,False,True,False,True,False,1,0.0,True,False,False,True,False,True,True,True,False,False,False,True,False,102,0,False,28,4,0.1428571428571428,0.1335313926245225,0.0,3.5535159657487325,0.0,7.107031931497465,0.0,0.0,0.0,7.107031931497465,7.107031931497465,7.107031931497465,7.107031931497465,7.107031931497465,7.107031931497465,9.0,4.0,0.3076388360899851,1,0,0,0,0,0,0,-0.08,2.8903717578961645,False,False,False,False,False,False,,,19.0,50.0
6166,Digital Sputnik,https://www.crunchbase.com/organization/digital-sputnik,Estonia,59.4372155,24.7453688,2013,2.0,True,True,False,False,True,False,False,False,False,True,True,False,False,False,1,2,8,False,False,False,False,0.0,False,0.54,False,2014-10-15,2016-02-13,Seed,2014,9.77777777777778,True,,True,,16.0,2.0,False,,False,,False,,False,,False,,False,,2,0,True,,False,True,,True,,True,,True,,True,,True,,3,,True,,False,True,,True,True,True,False,False,False,True,False,102,0,False,28,4,0.1428571428571428,0.1335313926245225,0.0,4.469335566006576,0.0,9.071076763403468,0.0,4.469335566006576,9.071076763403468,0.0,0.0,0.0,5.455295844609395,0.0,9.229096065793788,3.0,14.0,0.3177515363447329,1,0,0,1,0,0,0,-0.08,3.261935314328648,False,False,False,False,False,False,,,19.0,50.0
6207,KÖÖK,https://www.crunchbase.com/organization/kÖÖk,Estonia,59.4372155,24.7453688,2013,4.0,False,True,False,False,False,True,True,False,False,True,False,False,False,False,1,1,1,False,True,False,False,0.0,False,0.012937,True,2014-09-15,2014-09-15,Seed,2014,38.0,False,,True,,1.0,1.0,True,,False,,False,,False,,False,,False,,0,0,False,,False,False,,False,,False,,False,,False,,False,,0,,False,,False,False,,False,False,False,False,False,False,True,True,102,0,False,28,4,0.1428571428571428,0.1335313926245225,0.0,0.28329321371583815,0.28329321371583815,0.28329321371583815,0.28329321371583815,0.28329321371583815,0.28329321371583815,0.0,0.0,0.0,0.0,0.0,0.0,0.0,0.0,0.0,0,0,0,0,0,0,0,-0.08,3.261935314328648,False,False,False,False,False,False,,,19.0,50.0
6234,Budgetto,https://www.crunchbase.com/organization/budgetto,Estonia,59.4372155,24.7453688,2013,2.0,True,True,False,False,True,False,False,False,False,True,False,False,True,True,0,1,1,False,True,False,False,0.0,False,0.01365,True,2013-02-01,2013-02-01,Seed,2013,448.0,True,,False,,1.0,13.0,False,,True,,True,,False,,False,,False,,1,0,True,,True,True,,True,,True,,True,,True,,True,,1,,True,,True,True,,False,False,False,False,False,False,True,True,102,0,False,28,4,0.1428571428571428,0.1335313926245225,0.0,0.0,0.0,0.0,0.0,0.0,0.0,0.0,0.0,0.0,0.0,0.0,0.0,9.0,4.0,0.3076388360899851,1,0,0,0,0,0,0,-0.08,2.8903717578961645,False,False,False,False,False,False,,,19.0,50.0
6231,MetricsCat,https://www.crunchbase.com/organization/metricscat,Estonia,59.4372155,24.7453688,2013,1.0,True,True,False,False,False,False,False,False,False,True,False,False,False,False,1,1,1,False,True,True,False,0.0,False,0.020099,True,2014-08-15,2014-08-15,Pre-Seed,2014,448.0,True,,False,,2.0,13.0,False,,True,,True,,False,,False,,False,,1,0,True,,True,True,,True,,True,,True,,True,,True,,1,,True,,True,True,,False,False,False,False,False,False,True,True,102,0,False,28,4,0.1428571428571428,0.1335313926245225,0.0,0.0,0.0,0.0,0.0,0.0,0.0,0.0,0.0,0.0,0.0,0.0,0.0,13.0,9.0,0.4047486147485716,1,0,0,0,0,0,0,-0.08,3.261935314328648,False,False,False,False,False,False,,,19.0,50.0
6226,Hashtago,https://www.crunchbase.com/organization/hashtago,Estonia,59.4372155,24.7453688,2013,3.0,True,True,False,False,False,False,False,False,False,True,True,False,False,False,0,3,4,False,False,True,False,0.0,False,0.2,True,2013-09-05,2015-05-12,Pre-Seed,2013,158.0,True,,True,,2.0,9.5,True,,True,,True,,False,,False,,False,,1,0,True,,False,True,,True,,True,,True,,True,,True,,1,,True,,False,True,,True,True,False,False,False,False,True,False,102,0,False,28,4,0.1428571428571428,0.1335313926245225,0.0,2.268379633836086,0.0,5.209955314943444,0.0,2.268379633836086,5.209955314943444,0.0,0.0,0.0,3.2745624553683497,1.064561094032622,5.209955314943444,16.0,1.0,0.2760308571330789,1,0,0,0,0,0,0,-0.08,2.8903717578961645,False,False,False,False,False,False,,,19.0,50.0
6225,GoWorkaBit,https://www.crunchbase.com/organization/goworkabit,Estonia,59.4372155,24.7453688,2013,4.0,False,True,False,False,True,True,False,False,False,True,False,False,False,True,1,1,1,False,True,False,False,0.0,False,0.02054,True,2014-02-15,2014-02-15,Seed,2014,423.0,False,,True,,7.0,74.0,False,,True,,True,,False,,True,,False,,0,0,False,,False,False,,False,,False,,False,,False,,False,,0,,False,,False,True,,False,False,False,False,False,False,True,True,102,0,False,28,4,0.1428571428571428,0.1335313926245225,0.0,1.7854362637165104,1.7854362637165104,1.7854362637165104,1.7854362637165104,1.7854362637165104,1.7854362637165104,0.0,0.0,0.0,0.0,0.0,0.0,0.0,0.0,0.0,0,0,0,0,0,0,0,-0.08,3.261935314328648,False,False,False,False,False,False,,,19.0,50.0
6223,DigiFlak OU,https://www.crunchbase.com/organization/digiflak-ou,Estonia,59.4372155,24.7453688,2013,1.0,True,True,False,False,False,False,False,False,False,True,False,False,False,False,3,1,1,False,True,False,False,0.0,False,0.0,True,2016-09-16,2016-09-16,Seed,2016,230.0,False,,True,,6.0,44.0,False,,False,,True,,False,,False,,False,,0,0,False,,False,False,,False,,False,,False,,False,,False,,0,,False,,False,True,,False,False,False,False,False,False,True,True,102,0,False,28,4,0.1428571428571428,0.1335313926245225,0.0,1.599310291596139,1.599310291596139,1.599310291596139,1.599310291596139,1.599310291596139,1.599310291596139,0.0,0.0,0.0,0.0,0.0,0.0,1.0,0.0,0.0,0,0,0,0,0,0,0,-0.08,2.8903717578961645,False,False,False,False,False,False,,,19.0,50.0
6148,Traxby,https://www.crunchbase.com/organization/huntloc,Estonia,58.3801207,26.72245,2013,3.0,True,False,False,False,False,True,False,False,False,True,False,False,False,False,1,4,4,False,False,True,False,1.0,True,0.218496,True,2014-09-01,2016-10-03,Pre-Seed,2014,20.375,False,False,True,True,1.8,0.5,True,True,False,False,False,False,False,False,True,False,False,False,0,0,False,False,False,False,False,False,False,False,False,False,False,False,False,False,False,0,0.0,False,False,False,False,False,False,False,False,False,False,False,True,True,5,0,False,6,2,0.3333333333333333,0.2876820724517809,0.1634029903936329,0.23028327572562224,0.23028327572562224,0.23028327572562224,0.0,0.0,0.0,0.23028327572562224,0.23028327572562224,0.23028327572562224,0.0,0.0,0.0,2.0,0.0,0.0402231640645322,0,0,0,0,1,1,0,-0.08,3.261935314328648,False,False,False,False,False,False,,,0.0,3.0
6184,NotesNote,https://www.crunchbase.com/organization/notesnote,Estonia,59.4372155,24.7453688,2014,5.0,False,True,False,False,False,True,False,False,False,False,True,False,False,False,1,1,1,False,True,False,False,0.0,False,0.137741,True,2015-09-01,2015-09-01,Seed,2015,285.0,False,,True,,11.0,27.0,False,,True,,False,,False,,False,,False,,0,0,False,,False,False,,False,,False,,False,,False,,False,,0,,False,,False,False,,False,False,False,False,False,False,True,True,102,0,False,38,5,0.131578947368421,0.1236139559671766,0.0,1.6525494911723297,1.6525494911723297,1.6525494911723297,1.6525494911723297,1.6525494911723297,1.6525494911723297,0.0,0.0,0.0,0.0,0.0,0.0,0.0,0.0,0.0,0,0,0,0,0,0,0,1.6,3.039749158970765,False,False,False,False,False,False,,,19.0,50.0
6139,MRPeasy,https://www.crunchbase.com/organization/mrpeasy,Estonia,59.4372155,24.7453688,2014,3.0,True,True,False,False,False,False,False,False,False,True,False,False,False,False,1,1,1,False,True,True,False,0.0,False,0.0,True,2015-05-12,2015-05-12,Pre-Seed,2015,448.0,True,,False,,3.0,13.0,False,,True,,True,,False,,False,,False,,1,0,True,,True,True,,True,,True,,True,,True,,True,,1,,True,,True,True,,False,False,False,False,False,False,True,True,102,0,False,38,5,0.131578947368421,0.1236139559671766,0.0,0.0,0.0,0.0,0.0,0.0,0.0,0.0,0.0,0.0,0.0,0.0,0.0,16.0,1.0,0.2760308571330789,1,0,0,0,0,0,0,1.6,3.039749158970765,False,False,False,False,False,False,,,19.0,50.0
6135,GlobalReader,https://www.crunchbase.com/organization/globalreader,Estonia,58.3801207,26.72245,2014,4.0,True,False,False,False,True,False,False,False,False,True,False,False,False,False,1,3,3,True,False,True,False,1.0,True,0.171352,True,2015-05-06,2019-12-31,Seed,2015,97.66666666666669,False,False,True,True,5.7,15.3,False,False,False,False,True,False,False,False,False,False,False,False,0,0,False,False,False,False,False,False,False,False,False,False,False,False,False,False,False,2,1.0,True,True,False,True,True,False,False,False,False,False,False,True,True,5,0,False,8,2,0.25,0.2231435513142097,0.1634029903936329,0.6605514093120122,0.16340299039363307,1.6548482471487704,0.16340299039363307,0.9091256187712017,1.6548482471487704,0.16340299039363307,0.16340299039363307,0.16340299039363307,1.066206861064093,0.0,1.599310291596139,0.0,0.0,0.0,0,0,0,0,0,1,0,1.6,3.039749158970765,False,False,False,False,False,False,,,0.0,3.0
5903,Fusebox Energy,https://www.crunchbase.com/organization/fusebox-ou,Estonia,59.4372155,24.7453688,2014,1.0,True,True,True,False,False,False,False,False,False,False,False,False,True,False,4,4,4,True,False,True,False,2.0,True,4.507084,False,2018-08-06,2022-12-08,Venture - Series Unknown,2018,26.8,False,False,True,True,27.8,2.8,True,True,True,True,False,False,False,False,True,True,False,False,0,0,False,False,False,False,False,False,False,False,False,False,False,False,False,False,False,0,0.0,False,False,False,True,True,False,False,False,False,True,False,True,True,102,0,False,38,5,0.131578947368421,0.1236139559671766,0.0,0.8891580043433905,0.529189015945934,1.5111852147945155,0.8341779269775501,1.172681570886033,1.5111852147945155,0.529189015945934,0.7001422933149625,1.0420488480530192,0.7501928113067737,0.0,1.4104762096696841,2.0,0.0,0.0402231640645322,0,0,0,0,0,0,0,1.6,3.66612246699132,False,False,True,False,True,True,,,19.0,50.0
5889,Jobbatical,https://www.crunchbase.com/organization/jobbatical,Estonia,59.4372155,24.7453688,2014,3.0,True,True,False,False,True,True,False,False,False,True,False,False,False,True,0,4,16,True,False,True,False,4.0,True,3.904306,False,2014-10-30,2016-11-21,Series A,2014,39.25,True,True,True,True,4.8,8.9,False,False,True,True,False,False,False,False,True,True,False,False,10,2,True,True,False,True,True,True,True,True,True,True,True,True,True,True,True,10,2.0,True,True,False,True,True,True,True,True,False,False,False,True,False,102,0,False,38,5,0.131578947368421,0.1236139559671766,0.0,1.719540247424707,0.0,15.229887145470835,0.0,0.4639428671086207,1.8263739824452523,0.0,4.7329739601833145,15.229887145470835,3.148093131566653,0.0,17.037059994264812,3.0,10.0,0.2892345811216898,1,0,0,0,0,0,0,1.6,3.261935314328648,False,False,True,False,True,True,,,19.0,50.0
6242,SEMU,https://www.crunchbase.com/organization/semu,Estonia,59.4372155,24.7453688,2014,2.0,True,True,False,False,True,True,False,True,False,True,False,False,True,False,1,2,2,False,False,False,False,0.0,False,0.0,True,2015-02-15,2015-12-08,Seed,2015,118.0,False,,True,,3.0,22.0,False,,False,,True,,False,,False,,False,,0,0,False,,False,False,,False,,False,,False,,False,,False,,0,,False,,False,True,,False,False,False,False,True,False,True,True,102,0,False,38,5,0.131578947368421,0.1236139559671766,0.0,1.3206795698245792,1.0420488480530192,1.599310291596139,1.0420488480530192,1.3206795698245792,1.599310291596139,0.0,0.0,0.0,0.6501638269462,0.6501638269462,0.6501638269462,0.0,0.0,0.0,0,0,0,0,0,0,0,1.6,3.039749158970765,False,False,False,False,False,False,,,19.0,50.0
6243,Contentivo,https://www.crunchbase.com/organization/contentivo,Estonia,59.4372155,24.7453688,2014,1.0,True,True,False,False,False,False,False,False,False,True,True,False,False,False,0,1,1,False,True,True,False,0.0,False,0.020099,True,2014-08-15,2014-08-15,Pre-Seed,2014,448.0,True,,False,,2.0,13.0,False,,True,,True,,False,,False,,False,,1,0,True,,True,True,,True,,True,,True,,True,,True,,1,,True,,True,True,,False,False,False,False,False,False,True,True,102,0,False,38,5,0.131578947368421,0.1236139559671766,0.0,0.0,0.0,0.0,0.0,0.0,0.0,0.0,0.0,0.0,0.0,0.0,0.0,13.0,9.0,0.4047486147485716,1,0,0,0,0,0,0,1.6,3.261935314328648,False,False,False,False,False,False,,,19.0,50.0
6216,Heelosophy,https://www.crunchbase.com/organization/heelosophy,Estonia,58.3801207,26.72245,2014,4.0,True,False,False,False,True,True,False,True,False,False,False,False,False,False,0,1,1,False,True,False,False,0.0,False,0.0201,True,2014-08-16,2014-08-16,Seed,2014,38.0,False,,True,,1.0,1.0,True,,False,,False,,False,,False,,False,,0,0,False,,False,False,,False,,False,,False,,False,,False,,0,,False,,False,False,,False,False,False,False,False,False,True,True,5,0,False,8,2,0.25,0.2231435513142097,0.1634029903936329,0.23028327572562224,0.23028327572562224,0.23028327572562224,0.23028327572562224,0.23028327572562224,0.23028327572562224,0.0,0.0,0.0,0.0,0.0,0.0,1.0,0.0,0.0,0,0,0,0,0,1,0,1.6,3.261935314328648,False,False,False,False,False,False,,,0.0,3.0
6214,Guestjoy,https://www.crunchbase.com/organization/guestjoy,Estonia,59.4372155,24.7453688,2014,2.0,False,True,False,False,False,True,False,False,False,True,True,False,False,True,4,1,1,False,True,False,False,0.0,False,0.0,True,2018-03-19,2018-03-19,Seed,2018,42.0,True,,False,,1.0,3.0,False,,True,,False,,True,,False,,False,,1,0,True,,True,True,,True,,True,,True,,True,,True,,1,,True,,True,True,,False,False,False,False,False,False,True,True,102,0,False,38,4,0.1052631578947368,0.1000834585569824,0.0,0.0,0.0,0.0,0.0,0.0,0.0,0.0,0.0,0.0,0.0,0.0,0.0,1.0,7.0,0.1911926457442186,1,0,0,0,0,0,0,1.6,3.66612246699132,True,False,False,True,True,True,2022-08-23,8.0,19.0,50.0
6248,Peppertix,https://www.crunchbase.com/organization/peppertix,Estonia,59.4372155,24.7453688,2014,1.0,False,True,False,False,False,True,False,False,False,True,True,False,False,False,0,1,1,False,True,True,False,0.0,False,0.020099,True,2014-08-15,2014-08-15,Pre-Seed,2014,448.0,True,,False,,2.0,13.0,False,,True,,True,,False,,False,,False,,1,0,True,,True,True,,True,,True,,True,,True,,True,,1,,True,,True,True,,False,False,False,False,False,False,True,True,102,0,False,38,5,0.131578947368421,0.1236139559671766,0.0,0.0,0.0,0.0,0.0,0.0,0.0,0.0,0.0,0.0,0.0,0.0,0.0,13.0,9.0,0.4047486147485716,1,0,0,0,0,0,0,1.6,3.261935314328648,False,False,False,False,False,False,,,19.0,50.0
6150,Palleter,https://www.crunchbase.com/organization/palleter-2,Estonia,58.3801207,26.72245,2015,4.0,True,False,False,False,True,False,False,False,False,False,False,False,False,False,1,1,1,False,True,True,True,1.0,True,0.126671,True,2016-06-13,2016-06-13,Pre-Seed,2016,0.0,False,False,True,True,10.0,545.0,False,False,True,True,True,True,False,False,False,False,False,False,0,0,False,False,False,False,False,False,False,False,False,False,False,False,False,False,False,0,0.0,False,False,False,False,False,True,True,True,True,False,False,False,False,5,0,False,11,2,0.1818181818181818,0.1670540846631661,0.1634029903936329,8.206852665539333,8.206852665539333,8.206852665539333,0.0,0.0,0.0,8.206852665539333,8.206852665539333,8.206852665539333,0.0,0.0,0.0,0.0,0.0,0.0,0,0,0,0,0,1,0,2.31,2.8903717578961645,False,False,False,False,False,False,,,0.0,3.0
6156,Faralong.com,https://www.crunchbase.com/organization/faralong-com,Estonia,59.4372155,24.7453688,2015,1.0,False,True,False,False,False,True,False,False,False,True,False,False,False,False,0,1,2,False,False,False,False,0.0,False,0.549257,False,2015-07-29,2015-07-29,Seed,2015,42.5,True,,True,,3.0,6.0,False,,False,,False,,False,,False,,False,,0,0,False,,False,True,,False,,False,,False,,False,,False,,0,,False,,False,True,,False,False,False,False,False,False,True,True,102,0,False,53,7,0.1320754716981132,0.1240526486699788,0.0,0.9339240356183276,0.08241180752014504,1.7854362637165104,0.08241180752014504,0.9339240356183276,1.7854362637165104,0.0,0.0,0.0,1.823299526556456,1.823299526556456,1.823299526556456,0.0,0.0,0.0,0,0,0,0,0,0,0,2.31,3.039749158970765,False,False,False,False,False,False,,,19.0,50.0
6168,Toona Technologies,https://www.crunchbase.com/organization/toona,Estonia,58.3801207,26.72245,2015,2.0,True,False,False,False,False,False,False,True,False,True,False,False,False,False,0,1,1,False,True,False,False,0.0,False,0.01686,True,2015-10-07,2015-10-07,Seed,2015,38.0,False,,True,,2.0,1.0,True,,False,,False,,False,,False,,False,,0,0,False,,False,False,,False,,False,,False,,False,,False,,0,,False,,False,False,,False,False,False,False,False,False,True,True,5,0,False,11,2,0.1818181818181818,0.1670540846631661,0.1634029903936329,0.23028327572562224,0.23028327572562224,0.23028327572562224,0.23028327572562224,0.23028327572562224,0.23028327572562224,0.0,0.0,0.0,0.0,0.0,0.0,2.0,0.0,0.0402231640645322,0,0,0,0,1,1,0,2.31,3.039749158970765,False,False,False,False,False,False,,,0.0,3.0
6171,TitanGrid,https://www.crunchbase.com/organization/titangrid,Estonia,59.4372155,24.7453688,2015,2.0,True,True,False,False,False,True,False,False,False,True,False,False,False,False,2,1,1,False,True,True,False,0.0,False,0.018244,True,2017-03-10,2017-03-10,Pre-Seed,2017,70.0,False,,True,,2.0,12.0,True,,False,,False,,False,,False,,False,,0,0,False,,False,False,,False,,False,,False,,False,,False,,0,,False,,False,True,,False,False,False,False,False,False,True,True,102,0,False,53,7,0.1320754716981132,0.1240526486699788,0.0,1.8374217022208528,1.8374217022208528,1.8374217022208528,1.8374217022208528,1.8374217022208528,1.8374217022208528,0.0,0.0,0.0,0.0,0.0,0.0,0.0,0.0,0.0,0,0,0,0,0,0,0,2.31,2.272125885509337,False,False,False,False,False,False,,,19.0,50.0
6178,NEXD,https://www.crunchbase.com/organization/nexd,Estonia,59.4372155,24.7453688,2015,2.0,True,True,False,False,False,False,False,False,False,True,True,False,False,False,1,2,2,True,False,False,False,1.0,True,0.0,True,2016-01-01,2018-09-07,Series A,2016,45.5,True,True,True,False,11.0,12.5,False,False,False,False,False,False,False,False,False,False,False,False,0,0,False,False,False,True,True,False,False,False,False,False,False,False,False,False,False,0,0.0,False,False,False,True,True,True,True,False,False,False,False,True,False,102,0,False,53,7,0.1320754716981132,0.1240526486699788,0.0,4.676336511765793,0.08241180752014504,9.270261216011441,9.270261216011441,9.270261216011441,9.270261216011441,0.08241180752014504,0.08241180752014504,0.08241180752014504,9.27205088307936,9.27205088307936,9.27205088307936,0.0,0.0,0.0,0,0,0,0,0,0,0,2.31,2.8903717578961645,False,False,True,False,True,True,,,19.0,50.0
6190,SpectX,https://www.crunchbase.com/organization/spectx,Estonia,59.4372155,24.7453688,2015,3.0,True,True,False,False,False,False,False,False,False,True,False,False,False,False,2,1,1,False,True,False,True,1.0,True,0.0,True,2017-05-25,2017-05-25,Seed,2017,26.0,True,True,False,False,1.0,5.0,True,True,True,True,False,False,False,False,False,False,False,False,1,1,True,True,True,True,True,True,True,True,True,True,True,True,True,True,True,1,1.0,True,True,True,True,True,False,False,False,False,False,False,True,True,102,0,False,53,6,0.1132075471698113,0.1072455303535975,0.0,0.0,0.0,0.0,0.0,0.0,0.0,0.0,0.0,0.0,0.0,0.0,0.0,0.0,0.0,0.0,0,0,0,0,0,0,0,2.31,2.272125885509337,True,False,False,True,True,True,2021-09-14,6.0,19.0,50.0
6240,Leansite,https://www.crunchbase.com/organization/leansite,Estonia,59.4372155,24.7453688,2015,2.0,True,True,False,False,False,False,False,False,False,True,False,False,True,False,1,1,2,False,False,True,False,0.0,False,0.0,True,2016-01-22,2016-01-22,Pre-Seed,2016,232.0,True,,False,,4.5,6.5,False,,True,,True,,False,,False,,False,,2,0,True,,True,True,,True,,True,,True,,True,,True,,2,,True,,True,True,,False,False,False,False,False,False,True,True,102,0,False,53,7,0.1320754716981132,0.1240526486699788,0.0,0.0,0.0,0.0,0.0,0.0,0.0,0.0,0.0,0.0,0.0,0.0,0.0,20.0,3.0,0.3607241354980607,1,0,0,0,0,0,0,2.31,2.8903717578961645,False,False,False,False,False,False,,,19.0,50.0
6146,imusify,https://www.crunchbase.com/organization/imusify,Estonia,59.4372155,24.7453688,2015,1.0,False,True,False,False,False,False,False,False,False,True,True,False,False,False,5,1,1,False,True,True,True,1.0,True,0.04,True,2020-03-04,2020-03-04,Pre-Seed,2020,928.0,False,False,True,True,10.0,9.0,False,False,True,True,True,True,False,False,True,True,False,False,0,0,False,False,False,False,False,False,False,False,False,False,False,False,False,False,False,0,0.0,False,False,False,False,False,True,True,False,False,False,False,False,False,102,0,False,53,7,0.1320754716981132,0.1240526486699788,0.0,4.487911064328445,4.487911064328445,4.487911064328445,0.0,0.0,0.0,4.487911064328445,4.487911064328445,4.487911064328445,0.0,0.0,0.0,0.0,0.0,0.0,0,0,0,0,0,0,0,2.31,3.845883202923601,False,False,False,False,False,False,,,19.0,50.0
6137,HUGO.legal,https://www.crunchbase.com/organization/hugo-legal,Estonia,59.4372155,24.7453688,2015,5.0,False,True,False,False,True,True,False,False,False,True,False,False,False,False,3,1,1,False,True,True,True,1.0,True,0.0,True,2018-11-21,2018-11-21,Pre-Seed,2018,48.0,True,True,False,False,0.0,3.0,False,False,True,True,False,False,False,False,False,False,False,False,1,1,True,True,True,True,True,True,True,True,True,True,True,True,True,True,True,1,1.0,True,True,True,True,True,False,False,False,False,False,False,True,True,102,0,False,53,7,0.1320754716981132,0.1240526486699788,0.0,0.0,0.0,0.0,0.0,0.0,0.0,0.0,0.0,0.0,0.0,0.0,0.0,2.0,3.0,0.1676849278940113,0,0,0,0,0,0,0,2.31,3.66612246699132,False,False,False,False,False,False,,,19.0,50.0
6073,RebelRoam,https://www.crunchbase.com/organization/rebelroam,Estonia,59.4372155,24.7453688,2015,4.0,False,True,False,False,True,False,False,False,False,True,False,False,False,False,1,1,1,False,True,True,False,0.0,False,0.0,True,2016-01-22,2016-01-22,Pre-Seed,2016,448.0,True,,False,,4.0,13.0,False,,True,,True,,False,,False,,False,,1,0,True,,True,True,,True,,True,,True,,True,,True,,1,,True,,True,True,,False,False,False,False,False,False,True,True,102,0,False,53,7,0.1320754716981132,0.1240526486699788,0.0,0.0,0.0,0.0,0.0,0.0,0.0,0.0,0.0,0.0,0.0,0.0,0.0,20.0,4.0,0.3812408968983642,1,0,0,0,0,0,0,2.31,2.8903717578961645,False,False,False,False,False,False,,,19.0,50.0
5874,Veriff,https://www.crunchbase.com/organization/veriff,Estonia,59.4372155,24.7453688,2015,2.0,True,True,False,False,True,False,False,False,True,True,False,False,False,False,3,3,3,True,False,True,False,1.0,True,0.12,True,2018-01-04,2018-04-01,Series C,2018,4.0,False,False,True,True,19.5,373.7,False,False,True,True,True,True,False,False,False,False,False,False,0,0,False,False,False,False,False,False,False,False,False,False,False,False,False,False,False,0,0.0,False,False,False,False,False,True,True,True,True,False,False,False,False,102,0,False,53,6,0.1132075471698113,0.1072455303535975,0.0,8.807387771770664,8.790766821121178,8.824008722420151,8.790766821121178,8.790766821121178,8.790766821121178,8.824008722420151,8.824008722420151,8.824008722420151,0.05250296437460913,0.05250296437460913,0.05250296437460913,0.0,0.0,0.0,0,0,0,0,0,0,0,2.31,3.66612246699132,False,True,True,True,True,True,,,19.0,50.0
6015,Teamscope,https://www.crunchbase.com/organization/teamscope-2,Estonia,59.4372155,24.7453688,2015,3.0,True,True,False,False,True,False,False,False,False,True,False,False,False,False,1,3,5,True,False,True,False,2.0,True,0.670434,False,2016-01-22,2019-02-05,Pre-Seed,2016,187.75,True,False,True,True,5.0,121.4,False,False,True,True,True,True,False,False,False,False,True,False,2,0,True,False,False,True,False,True,False,True,False,True,False,True,False,True,False,2,0.0,True,False,False,True,False,True,True,True,False,False,False,True,False,102,0,False,53,7,0.1320754716981132,0.1240526486699788,0.0,3.502013481562449,0.0,8.790766821121178,0.0,2.930255607040393,8.790766821121178,0.674689451152609,4.359650293345533,8.044611135538457,5.387536615610401,0.0,9.112926988804327,24.0,13.0,0.4932047555233604,1,1,1,1,0,0,0,2.31,2.8903717578961645,False,False,False,False,False,False,,,19.0,50.0
6046,Rocket10,https://www.crunchbase.com/organization/rocket10,Estonia,59.4372155,24.7453688,2015,2.0,False,True,False,False,False,False,False,False,False,True,True,False,False,False,1,1,1,False,True,False,True,1.0,True,3.0,False,2016-11-30,2016-11-30,Seed,2016,4.0,False,False,True,True,20.0,0.0,False,False,False,False,False,False,False,False,False,False,True,True,0,0,False,False,False,False,False,False,False,False,False,False,False,False,False,False,False,0,0.0,False,False,False,False,False,True,True,False,False,False,False,False,False,102,0,False,53,7,0.1320754716981132,0.1240526486699788,0.0,4.464536781711118,4.464536781711118,4.464536781711118,0.0,0.0,0.0,4.464536781711118,4.464536781711118,4.464536781711118,0.0,0.0,0.0,0.0,0.0,0.0,0,0,0,0,0,0,0,2.31,2.8903717578961645,False,False,False,False,False,False,,,19.0,50.0
6056,Feelingstream,https://www.crunchbase.com/organization/feelingstream,Estonia,59.4372155,24.7453688,2015,2.0,True,True,False,False,True,False,False,False,False,True,True,False,False,False,3,1,2,True,False,False,False,1.0,True,0.45966,True,2018-12-31,2018-12-31,Seed,2018,18.0,True,True,True,False,12.0,2.5,False,False,False,False,False,False,False,False,False,False,False,False,0,0,False,False,False,True,True,False,False,False,False,False,False,False,False,False,False,0,0.0,False,False,False,True,True,True,True,True,False,False,False,True,False,102,0,False,53,7,0.1320754716981132,0.1240526486699788,0.0,4.110014755062377,0.08241180752014504,8.13761770260461,8.13761770260461,8.13761770260461,8.13761770260461,0.08241180752014504,0.08241180752014504,0.08241180752014504,8.067105906834533,8.067105906834533,8.067105906834533,2.0,0.0,0.0402231640645322,0,0,0,0,0,0,0,2.31,3.66612246699132,False,False,False,False,False,False,,,19.0,50.0
6070,Moderan,https://www.crunchbase.com/organization/moderan,Estonia,59.4372155,24.7453688,2015,1.0,True,True,False,False,False,False,False,False,True,True,False,False,True,False,2,2,2,False,False,True,False,2.0,True,0.052535,True,2017-03-02,2018-03-01,Venture - Series Unknown,2017,4.0,False,False,True,True,6.5,0.5,False,False,False,False,True,True,False,False,False,False,False,False,0,0,False,False,False,False,False,False,False,False,False,False,False,False,False,False,False,0,0.0,False,False,False,False,False,True,True,True,True,False,False,False,False,102,0,False,53,7,0.1320754716981132,0.1240526486699788,0.0,7.094406094650127,6.051194486695645,8.13761770260461,0.0,0.0,0.0,6.051194486695645,7.094406094650127,8.13761770260461,4.231333032186091,4.231333032186091,4.231333032186091,2.0,1.0,0.1039540459792718,0,0,0,0,0,0,0,2.31,2.272125885509337,False,False,True,False,True,True,,,19.0,50.0
5945,Snabb,https://www.crunchbase.com/organization/barking,Estonia,59.4372155,24.7453688,2015,4.0,False,True,False,False,True,False,False,False,True,True,False,False,False,True,0,4,5,True,False,False,False,2.0,True,2.792359,False,2015-05-26,2021-04-21,Seed,2015,6.666666666666667,True,False,True,True,7.5,0.7,False,False,False,False,False,False,False,False,False,False,False,False,1,0,True,False,False,True,False,True,False,True,False,True,False,True,False,True,False,1,0.0,True,False,False,True,True,False,False,False,False,False,False,True,True,102,0,False,53,7,0.1320754716981132,0.1240526486699788,0.0,0.9635414352872148,0.0,1.7854362637165104,0.0,0.6895764924774495,1.7854362637165104,1.7854362637165104,1.7854362637165104,1.7854362637165104,1.198994895793802,0.0,1.7854362637165104,1.0,0.0,0.0,0,0,0,0,0,0,0,2.31,3.039749158970765,False,False,False,False,False,False,,,19.0,50.0
6094,Festivality,https://www.crunchbase.com/organization/festivality,Estonia,59.4372155,24.7453688,2015,2.0,True,True,False,False,False,False,False,False,True,True,True,False,False,False,2,1,2,False,False,False,False,1.0,True,0.354439,True,2017-11-22,2017-11-22,Seed,2017,22.0,True,True,True,False,1.0,1.5,False,False,True,True,False,False,False,False,False,False,False,False,1,1,True,True,True,True,True,True,True,True,True,True,True,True,True,True,True,1,1.0,True,True,True,True,True,False,False,False,False,False,False,True,True,102,0,False,53,7,0.1320754716981132,0.1240526486699788,0.0,0.0,0.0,0.0,0.0,0.0,0.0,0.0,0.0,0.0,0.0,0.0,0.0,1.0,0.0,0.0,0,0,0,0,0,0,0,2.31,2.272125885509337,False,False,False,False,False,False,,,19.0,50.0
6239,Clipman,https://www.crunchbase.com/organization/clipman,Estonia,59.4372155,24.7453688,2016,2.0,True,True,False,False,False,True,False,False,False,True,True,False,False,False,0,1,1,False,True,False,True,1.0,True,0.0,True,2016-02-04,2016-02-04,Seed,2016,24.0,True,True,False,False,8.0,1.0,False,False,False,False,False,False,False,False,False,False,False,False,1,1,True,True,True,True,True,True,True,True,True,True,True,True,True,True,True,1,1.0,True,True,True,True,True,False,False,False,False,False,False,True,True,102,0,False,70,7,0.1,0.0953101798043248,0.0,0.0,0.0,0.0,0.0,0.0,0.0,0.0,0.0,0.0,0.0,0.0,0.0,0.0,0.0,0.0,0,0,0,0,0,0,0,1.97,2.8903717578961645,False,False,False,False,False,False,,,19.0,50.0
6235,Calidity,https://www.crunchbase.com/organization/smartvent,Estonia,58.3801207,26.72245,2016,1.0,True,False,True,False,False,False,False,False,False,True,False,True,False,False,2,1,1,False,True,True,False,0.0,False,0.0,True,2018-03-06,2018-03-06,Pre-Seed,2018,448.0,False,,True,,6.0,13.0,False,,True,,True,,False,,False,,False,,0,0,False,,False,False,,False,,False,,False,,False,,False,,1,,True,,True,True,,False,False,False,False,False,False,True,True,5,0,False,14,2,0.1428571428571428,0.1335313926245225,0.1634029903936329,0.16340299039363307,0.16340299039363307,0.16340299039363307,0.16340299039363307,0.16340299039363307,0.16340299039363307,0.0,0.0,0.0,0.0,0.0,0.0,3.0,0.0,0.0687619531421999,0,0,0,0,1,1,1,1.97,3.66612246699132,False,False,False,False,False,False,,,0.0,3.0
6181,FakesKiller,https://www.crunchbase.com/organization/fakeskiller,Estonia,59.4372155,24.7453688,2016,1.0,False,True,False,False,False,False,False,False,False,True,True,False,False,False,3,1,1,False,True,True,False,0.0,False,0.04,True,2019-05-16,2019-05-16,Pre-Seed,2019,448.0,True,,False,,7.0,13.0,False,,True,,True,,False,,False,,False,,1,0,True,,True,True,,True,,True,,True,,True,,True,,1,,True,,True,True,,False,False,False,False,False,False,True,True,102,0,False,70,7,0.1,0.0953101798043248,0.0,0.0,0.0,0.0,0.0,0.0,0.0,0.0,0.0,0.0,0.0,0.0,0.0,50.0,9.0,0.5329944995695938,1,1,1,0,0,0,1,1.97,3.616308761279101,False,False,False,False,False,False,,,19.0,50.0
6164,Speakly,https://www.crunchbase.com/organization/speakly,Estonia,59.4372155,24.7453688,2016,2.0,False,True,False,False,False,True,False,False,False,True,False,False,False,False,2,2,4,True,False,False,False,1.0,True,0.97239,False,2018-04-18,2020-04-03,Seed,2018,34.2,True,True,True,False,3.0,2.6,False,False,True,True,False,False,True,False,True,False,False,False,2,0,True,False,False,True,True,True,False,True,False,True,False,True,False,True,False,3,0.0,True,False,False,True,True,False,False,False,False,False,False,True,True,102,0,False,70,7,0.1,0.0953101798043248,0.0,0.40625021232605774,0.0,1.7854362637165104,0.0,0.48720981352753584,1.7854362637165104,0.08241180752014504,0.08241180752014504,0.08241180752014504,0.7972429499979492,0.0,1.8632009270208256,4.0,12.0,0.3267306444274645,1,0,0,1,0,0,0,1.97,3.66612246699132,False,False,False,False,False,False,,,19.0,50.0
6163,Mobscale,https://www.crunchbase.com/organization/mobscale,Estonia,59.4372155,24.7453688,2016,1.0,True,True,False,False,False,False,False,False,False,True,True,False,False,False,1,1,1,False,True,True,True,1.0,True,0.021474,True,2017-03-20,2017-03-20,Pre-Seed,2017,448.0,True,True,False,False,5.0,13.0,False,False,True,True,True,True,False,False,False,False,False,False,1,1,True,True,True,True,True,True,True,True,True,True,True,True,True,True,True,1,1.0,True,True,True,True,True,False,False,False,False,False,False,True,True,102,0,False,70,7,0.1,0.0953101798043248,0.0,0.0,0.0,0.0,0.0,0.0,0.0,0.0,0.0,0.0,0.0,0.0,0.0,25.0,5.0,0.4191914023918432,1,0,1,0,0,0,0,1.97,2.272125885509337,False,False,False,False,False,False,,,19.0,50.0
6206,TRAPMINE,https://www.crunchbase.com/organization/trapmine,Estonia,59.4372155,24.7453688,2016,2.0,True,True,False,False,False,False,False,False,False,True,False,False,False,False,1,1,3,False,False,True,False,0.0,False,0.0,True,2017-09-19,2017-09-19,Pre-Seed,2017,153.66666666666666,True,,True,,5.0,5.0,False,,True,,True,,False,,False,,False,,1,0,True,,False,True,,True,,True,,True,,True,,True,,1,,True,,False,True,,False,False,False,False,False,False,True,True,102,0,False,70,7,0.1,0.0953101798043248,0.0,0.5570773928472864,0.0,0.8356160892709296,0.0,0.5570773928472864,0.8356160892709296,0.0,0.0,0.0,0.5570773928472864,0.0,0.8356160892709296,25.0,3.0,0.3819112263338324,1,0,1,0,0,0,0,1.97,2.272125885509337,False,False,False,False,False,False,,,19.0,50.0
6142,Polisens.io,https://www.crunchbase.com/organization/polisens-io,Estonia,59.4372155,24.7453688,2016,2.0,True,True,False,False,True,False,False,False,False,True,False,False,False,False,1,2,2,True,False,False,False,1.0,True,0.171474,True,2017-03-20,2017-07-31,Seed,2017,271.0,True,True,True,False,2.5,8.5,True,False,True,True,True,True,False,False,False,False,False,False,1,1,True,True,False,True,True,True,True,True,True,True,True,True,True,True,True,1,1.0,True,True,False,True,True,False,False,False,False,False,False,True,True,102,0,False,70,7,0.1,0.0953101798043248,0.0,0.3921907272562903,0.0,0.7843814545125806,0.7843814545125806,0.7843814545125806,0.7843814545125806,0.0,0.0,0.0,0.7843814545125806,0.7843814545125806,0.7843814545125806,25.0,4.0,0.402427987734136,1,0,1,0,0,0,0,1.97,2.272125885509337,False,False,False,False,False,False,,,19.0,50.0
6141,Shipitwise,https://www.crunchbase.com/organization/shipitwise,Estonia,58.3835136,24.5081751,2016,5.0,False,False,False,False,True,True,False,False,False,True,False,False,False,False,0,1,1,False,True,True,False,0.0,False,0.032392,True,2016-01-22,2016-01-22,Angel,2016,448.0,False,,True,,4.0,13.0,False,,True,,True,,False,,False,,False,,0,0,False,,False,False,,False,,False,,False,,False,,False,,1,,True,,True,True,,False,False,False,False,False,False,True,True,0,0,False,0,0,0.0,0.0,0.11795499621132625,0.11795499621132566,0.11795499621132566,0.11795499621132566,0.11795499621132566,0.11795499621132566,0.11795499621132566,0.0,0.0,0.0,0.0,0.0,0.0,0.0,0.0,0.0,0,0,0,0,1,1,1,1.97,2.8903717578961645,True,False,False,True,True,True,2019-10-18,3.0,0.0,0.0
5940,Gelatex Technologies,https://www.crunchbase.com/organization/gelatex,Estonia,59.4372155,24.7453688,2016,2.0,True,True,True,False,True,False,True,True,False,False,False,False,False,False,0,3,4,True,False,True,False,3.0,True,1.355545,False,2016-11-23,2021-11-25,Seed,2016,30.666666666666668,True,True,True,True,5.8,137.5,False,False,True,True,True,True,False,False,False,False,False,False,2,1,True,True,False,True,True,True,True,True,True,True,True,True,True,True,True,2,1.0,True,True,False,True,True,True,True,True,False,False,False,True,False,102,0,False,70,7,0.1,0.0953101798043248,0.0,2.105662644808005,0.0,8.044611135538457,0.0,0.0,0.0,0.0,2.8075501930773403,8.044611135538457,4.109064681105305,0.0,8.044611135538457,11.0,2.0,0.2787581283216824,1,0,0,0,0,0,0,1.97,2.8903717578961645,False,False,False,False,False,False,,,19.0,50.0
5888,eAgronom,https://www.crunchbase.com/organization/eagronom,Estonia,58.3801207,26.72245,2016,3.0,True,False,False,False,False,False,True,False,False,True,False,True,False,False,2,2,11,True,False,False,False,1.0,True,2.552018,False,2018-11-15,2020-10-09,Series A,2018,27.636363636363637,False,False,True,True,2.4,2.6,False,False,True,True,False,False,True,False,True,False,False,False,0,0,False,False,False,False,False,False,False,False,False,False,False,False,False,False,False,6,0.0,True,False,False,True,False,True,True,False,False,False,False,True,False,5,0,False,14,2,0.1428571428571428,0.1335313926245225,0.1634029903936329,1.133391309949119,0.16340299039363307,8.844891579023628,0.16340299039363307,1.2126564180886226,8.844891579023628,0.42000533669358653,0.42000533669358653,0.42000533669358653,2.0042904726751387,0.0,9.050859326654804,2.0,6.0,0.2191383690949482,1,0,0,0,1,1,0,1.97,3.66612246699132,False,False,True,False,True,True,,,0.0,3.0
6138,Bercman Technologies,https://www.crunchbase.com/organization/bercman-technologies,Estonia,58.3801207,26.72245,2016,1.0,True,False,False,False,True,False,False,False,False,True,False,False,True,False,3,2,1,False,True,True,True,1.0,True,0.056075,True,2019-07-08,2021-06-18,Seed,2019,38.0,False,False,True,True,7.0,1.0,True,True,False,False,False,False,False,False,False,False,False,False,0,0,False,False,False,False,False,False,False,False,False,False,False,False,False,False,False,0,0.0,False,False,False,False,False,False,False,False,False,False,False,True,True,5,0,False,14,2,0.1428571428571428,0.1335313926245225,0.1634029903936329,0.23028327572562224,0.23028327572562224,0.23028327572562224,0.0,0.0,0.0,0.23028327572562224,0.23028327572562224,0.23028327572562224,0.0,0.0,0.0,3.0,0.0,0.0687619531421999,0,0,0,0,1,1,1,1.97,3.616308761279101,False,False,False,False,False,False,,,0.0,3.0
6118,Cyber Struggle,https://www.crunchbase.com/organization/cyber-struggle,Estonia,59.4372155,24.7453688,2016,1.0,True,True,False,False,False,False,False,False,False,True,False,False,False,False,3,3,1,False,True,True,False,0.0,False,0.646815,False,2019-05-17,2023-09-19,Seed,2019,448.0,True,,False,,8.7,13.0,False,,True,,True,,False,,False,,False,,3,0,True,,True,True,,True,,True,,True,,True,,True,,3,,True,,True,True,,False,False,False,False,False,False,True,True,102,0,False,70,7,0.1,0.0953101798043248,0.0,0.0,0.0,0.0,0.0,0.0,0.0,0.0,0.0,0.0,0.0,0.0,0.0,61.0,30.0,0.6563955145917866,1,1,1,1,1,1,1,1.97,3.616308761279101,False,False,False,False,False,False,,,19.0,50.0
6099,ZIRITY,https://www.crunchbase.com/organization/zirity,Estonia,59.4372155,24.7453688,2016,1.0,True,True,False,False,True,True,False,False,False,True,False,False,False,False,2,3,2,True,False,True,False,1.0,True,0.065,True,2018-10-17,2021-05-14,Pre-Seed,2018,367.6666666666667,True,False,True,True,5.3,9.3,False,False,True,False,True,False,False,False,False,False,False,False,2,0,True,False,False,True,False,True,False,True,False,True,False,True,False,True,False,2,0.0,True,False,False,True,True,False,False,False,False,False,False,True,True,102,0,False,70,7,0.1,0.0953101798043248,0.0,0.35485369801087396,0.0,1.064561094032622,0.0,0.0,0.0,1.064561094032622,1.064561094032622,1.064561094032622,0.7097073960217479,0.0,1.064561094032622,51.0,12.0,0.5590437023560153,1,1,1,1,0,0,1,1.97,3.66612246699132,False,False,False,False,False,False,,,19.0,50.0
6088,Yorso,https://www.crunchbase.com/organization/yorso,Estonia,59.4372155,24.7453688,2016,2.0,True,True,False,False,True,True,False,False,False,True,True,False,False,True,2,2,2,True,False,True,False,1.0,True,0.27,True,2018-07-01,2018-11-26,Venture - Series Unknown,2018,24.5,False,False,True,True,5.0,0.0,False,False,False,False,True,True,False,False,True,True,False,False,0,0,False,False,False,False,False,False,False,False,False,False,False,False,False,False,False,0,0.0,False,False,False,False,False,True,True,True,False,False,False,False,False,102,0,False,70,7,0.1,0.0953101798043248,0.0,4.981872577437959,0.863710859623257,9.10003429525266,0.863710859623257,0.863710859623257,0.863710859623257,9.10003429525266,9.10003429525266,9.10003429525266,9.791674201879964,9.791674201879964,9.791674201879964,0.0,0.0,0.0,0,0,0,0,0,0,0,1.97,3.66612246699132,False,False,True,False,True,True,,,19.0,50.0
6065,Eziil,https://www.crunchbase.com/organization/eziil,Estonia,58.36454,25.5878074,2016,3.0,True,False,False,False,True,False,False,False,False,False,False,False,False,False,3,2,5,True,False,True,False,2.0,True,0.742126,False,2019-10-06,2020-10-05,Seed,2019,23.166666666666668,False,False,True,True,4.8,0.7,False,False,True,True,False,False,False,False,False,False,False,False,0,0,False,False,False,False,False,False,False,False,False,False,False,False,False,False,False,5,2.0,True,True,False,True,True,True,True,True,False,False,False,True,False,1,0,False,1,0,0.0,0.0,0.12871373178666892,1.593803044975961,0.12871373178666906,8.91924961092242,0.12871373178666906,2.326347701570607,8.91924961092242,0.12871373178666906,0.12871373178666906,0.12871373178666906,2.930255607040393,0.0,8.790766821121178,0.0,0.0,0.0,0,0,0,0,1,1,1,1.97,3.616308761279101,False,False,False,False,False,False,,,0.0,0.0
6052,Clanbeat,https://www.crunchbase.com/organization/clanbeat,Estonia,59.4372155,24.7453688,2016,4.0,True,True,False,False,True,True,False,False,False,True,False,False,False,False,1,2,4,True,False,True,False,1.0,True,1.2,False,2017-05-11,2019-12-10,Seed,2017,36.0,False,False,True,True,6.5,104.0,False,False,True,False,True,False,True,False,True,False,False,False,0,0,False,False,False,False,False,False,False,False,False,False,False,False,False,False,False,0,0.0,False,False,False,False,False,True,True,True,False,False,False,False,False,102,0,False,70,7,0.1,0.0953101798043248,0.0,8.487670916180752,7.881479106299901,8.790766821121178,8.790766821121178,8.790766821121178,8.790766821121178,7.881479106299901,7.881479106299901,7.881479106299901,5.510319076539472,0.0,8.265478614809208,1.0,0.0,0.0,0,0,0,0,0,0,0,1.97,2.272125885509337,False,False,False,False,False,False,,,19.0,50.0
6036,LIFT99,https://www.crunchbase.com/organization/lift99,Estonia,59.4372155,24.7453688,2016,4.0,True,True,False,False,False,False,False,False,False,True,False,False,False,True,2,1,8,True,False,False,False,2.0,True,2.3,False,2018-05-25,2018-05-25,Seed,2018,23.125,True,False,True,True,7.2,4.8,False,False,True,False,False,False,True,False,True,False,False,False,3,0,True,False,False,True,False,True,False,True,False,True,False,True,False,True,False,3,0.0,True,False,False,True,False,True,True,True,False,False,False,True,False,102,0,False,70,7,0.1,0.0953101798043248,0.0,3.115675117229277,0.0,9.094868479338363,0.0,1.343130598626911,4.487911064328445,7.771748866734382,8.433308673036374,9.094868479338363,5.445992567934491,0.0,13.420834688938296,3.0,3.0,0.196223716971679,1,0,0,0,0,0,0,1.97,3.66612246699132,False,False,False,False,False,False,,,19.0,50.0
6012,Warren.io,https://www.crunchbase.com/organization/warren-io,Estonia,59.4372155,24.7453688,2016,2.0,True,True,False,False,False,False,False,False,False,True,False,False,False,False,1,3,5,True,False,False,False,1.0,True,2.2,False,2017-06-01,2023-04-06,Seed,2017,33.8,True,False,True,True,7.8,5.0,False,False,True,True,False,False,False,False,True,True,False,False,2,0,True,False,False,True,False,True,False,True,False,True,False,True,False,True,False,2,0.0,True,False,False,True,True,False,False,False,False,False,False,True,True,102,0,False,70,7,0.1,0.0953101798043248,0.0,0.9371698314542194,0.0,2.818001086034442,0.0,0.7251032233886467,2.818001086034442,1.7854362637165104,1.7854362637165104,1.7854362637165104,1.732366147141758,0.0,3.2349872637537933,10.0,28.0,0.4787187348617071,1,1,0,1,0,1,0,1.97,2.272125885509337,False,False,False,False,False,False,,,19.0,50.0
6013,MeetFrank,https://www.crunchbase.com/organization/meetfrank,Estonia,59.4372155,24.7453688,2017,3.0,False,True,False,False,True,False,False,False,False,True,False,False,False,False,1,2,4,True,False,False,False,3.0,True,2.831534,False,2018-07-03,2019-12-05,Seed,2018,47.714285714285715,True,True,True,True,5.1,7.4,True,True,True,True,False,False,False,False,False,False,False,False,4,3,True,True,False,True,True,True,True,True,True,True,True,True,True,True,True,4,3.0,True,True,False,True,True,False,False,False,False,False,False,True,True,102,0,False,91,9,0.0989010989010989,0.0943106794712413,0.0,0.6330105145459908,0.0,1.5997938512873848,0.0,0.9437599168448499,1.5997938512873848,0.0,0.3999484628218462,1.5997938512873848,0.9120673970872224,0.0,1.5997938512873848,3.0,0.0,0.0687619531421999,0,0,0,0,0,0,0,2.84,3.66612246699132,False,False,False,False,False,False,,,19.0,50.0
6039,Decomer Technology,https://www.crunchbase.com/organization/decomer-technology,Estonia,58.3801207,26.72245,2017,1.0,True,False,False,False,True,False,True,True,False,False,False,False,False,False,1,4,7,True,False,True,False,3.0,True,0.318758,True,2018-12-10,2024-05-24,Seed,2018,200.0,False,False,True,True,8.7,16.0,True,False,True,True,True,True,False,False,False,False,False,False,0,0,False,False,False,False,False,False,False,False,False,False,False,False,False,False,False,2,1.0,True,True,False,True,True,True,True,True,False,False,False,True,False,5,0,False,16,2,0.125,0.1177830356563834,0.1634029903936329,4.853267957725693,0.16340299039363307,9.138807270972558,0.16340299039363307,4.226093092005879,8.945333079850007,0.16340299039363307,5.689501112018778,9.138807270972558,7.595958401065758,0.0,15.382530334700585,6.0,2.0,0.2252883124345997,1,0,0,0,1,1,1,2.84,3.66612246699132,False,False,False,False,False,False,,,0.0,3.0
6050,Klaus,https://www.crunchbase.com/organization/klaus,Estonia,59.4372155,24.7453688,2017,2.0,True,True,False,False,True,False,False,False,False,True,False,False,False,True,1,3,4,True,False,True,False,3.0,True,7.5923,False,2018-05-31,2020-09-24,Series A,2018,154.5,True,True,True,True,7.7,24.9,False,False,True,True,False,False,False,False,True,True,False,False,0,0,False,False,False,True,True,False,False,False,False,False,False,False,False,False,False,0,0.0,False,False,False,True,True,False,False,False,False,True,False,True,True,102,0,False,91,8,0.0879120879120879,0.0842603436177398,0.0,0.3408938596667636,0.08241180752014504,1.0420488480530192,0.08241180752014504,0.18095435291128464,0.3780394436935638,0.08241180752014504,0.5008333664222426,1.0420488480530192,0.4878963781452188,0.0,1.1066302379326847,4.0,10.0,0.3113709856974924,1,0,0,0,0,0,0,2.84,3.66612246699132,True,False,True,True,True,True,2024-01-08,7.0,19.0,50.0
5983,Katana,https://www.crunchbase.com/organization/katana-mrp,Estonia,59.4372155,24.7453688,2017,3.0,True,True,False,False,True,False,False,False,False,True,False,False,False,False,1,2,2,True,False,True,False,1.0,True,4.352846,False,2018-11-19,2020-01-20,Series B,2018,314.3333333333333,True,False,True,True,6.0,10.3,False,False,True,True,True,False,False,False,True,True,False,False,2,0,True,False,False,True,False,True,False,True,False,True,False,True,False,True,False,2,0.0,True,False,False,True,True,False,False,False,False,True,False,True,True,102,0,False,91,8,0.0879120879120879,0.0842603436177398,0.0,0.5065324707309438,0.0,1.519597412192831,0.0,0.0,0.0,1.519597412192831,1.519597412192831,1.519597412192831,1.0130649414618875,0.0,1.519597412192831,60.0,18.0,0.6097712965036413,1,1,1,1,0,0,1,2.84,3.66612246699132,False,True,True,True,True,True,,,19.0,50.0
6061,Waybiller,https://www.crunchbase.com/organization/waybiller,Estonia,59.4372155,24.7453688,2017,2.0,True,True,False,False,True,False,False,False,False,True,False,False,False,False,3,2,4,True,False,True,False,1.0,True,0.732349,False,2020-03-23,2021-04-13,Seed,2020,7.4,True,True,True,False,15.0,0.0,False,False,False,False,False,False,False,False,False,False,False,False,2,2,True,True,False,True,True,True,True,True,True,True,True,True,True,True,True,3,2.0,True,True,False,True,True,False,False,False,False,False,False,True,True,102,0,False,91,9,0.0989010989010989,0.0943106794712413,0.0,0.33949532816236605,0.0,0.7843814545125806,0.12871373178666906,0.5658255469372767,0.7843814545125806,0.0,0.0,0.0,0.5116754139031365,0.0,0.8609004287038524,2.0,5.0,0.2049651039520221,1,0,0,0,0,0,0,2.84,3.845883202923601,False,False,False,False,False,False,,,19.0,50.0
6069,askRobin,https://www.crunchbase.com/organization/askrobin,Estonia,59.4372155,24.7453688,2017,3.0,False,True,False,False,False,True,False,False,True,False,False,False,False,False,3,1,4,True,False,False,False,1.0,True,1.7,False,2020-05-05,2020-05-05,Seed,2020,19.25,True,True,True,False,2.3,0.8,False,False,True,True,False,False,False,False,False,False,False,False,2,1,True,True,True,True,True,True,True,True,True,True,True,True,True,True,True,2,1.0,True,True,True,True,True,False,False,False,False,False,False,True,True,102,0,False,91,9,0.0989010989010989,0.0943106794712413,0.0,0.0,0.0,0.0,0.0,0.0,0.0,0.0,0.0,0.0,0.0,0.0,0.0,11.0,33.0,0.501975563930283,1,1,0,1,0,1,0,2.84,3.845883202923601,False,False,False,False,False,False,,,19.0,50.0
5975,Zeew,https://www.crunchbase.com/organization/zeew,Estonia,58.3801207,26.72245,2017,2.0,False,False,False,False,True,False,False,False,False,True,True,False,False,False,0,3,5,True,False,True,False,1.0,True,1.32,False,2017-09-15,2022-08-26,Seed,2017,176.33333333333334,False,False,True,True,12.6,124.0,False,False,True,False,True,True,True,False,True,False,True,True,0,0,False,False,False,False,False,False,False,False,False,False,False,False,False,False,False,1,0.0,True,False,False,True,False,True,True,True,False,False,False,True,False,5,0,False,16,2,0.125,0.1177830356563834,0.1634029903936329,5.561372307870953,0.16340299039363307,8.979971776132674,0.16340299039363307,4.715382114876191,8.979971776132674,8.945333079850007,8.945333079850007,8.945333079850007,5.557850463478206,0.0,9.428083190526102,2.0,0.0,0.0402231640645322,0,0,0,0,1,1,0,2.84,2.272125885509337,False,False,False,False,False,False,,,0.0,3.0
5965,Dashbird,https://www.crunchbase.com/organization/dashbird,Estonia,59.4372155,24.7453688,2017,3.0,True,True,False,False,False,False,False,False,False,True,False,False,False,False,1,2,8,True,False,False,False,2.0,True,2.9,False,2018-05-22,2020-04-15,Seed,2018,54.1,True,False,True,True,6.0,11.3,False,False,True,True,False,False,False,False,True,True,False,False,3,0,True,False,False,True,False,True,False,True,False,True,False,True,False,True,False,3,0.0,True,False,False,True,True,True,True,True,False,False,False,True,False,102,0,False,91,9,0.0989010989010989,0.0943106794712413,0.0,1.3373701671177196,0.0,6.963265194468445,0.0,0.32504331312613344,1.7854362637165104,1.7854362637165104,4.374350729092477,6.963265194468445,2.3231373628613414,0.0,6.963265194468445,12.0,36.0,0.5176905666473945,1,1,0,1,0,1,0,2.84,3.66612246699132,False,False,False,False,False,False,,,19.0,50.0
5971,FleetFox,https://www.crunchbase.com/organization/upsteam,Estonia,59.4372155,24.7453688,2017,5.0,True,True,False,False,True,True,False,False,False,False,False,True,True,True,1,1,5,True,False,True,False,3.0,True,1.253138,False,2018-09-18,2018-09-18,Seed,2018,19.4,True,True,True,False,5.0,1.8,False,False,True,True,False,False,False,False,False,False,False,False,3,3,True,True,False,True,True,True,True,True,True,True,True,True,True,True,True,3,3.0,True,True,False,True,True,False,False,False,False,False,False,True,True,102,0,False,91,9,0.0989010989010989,0.0943106794712413,0.0,0.4463590659291276,0.0,1.7854362637165104,1.7854362637165104,1.7854362637165104,1.7854362637165104,0.0,0.0,0.0,0.8927181318582552,0.0,1.7854362637165104,4.0,0.0,0.0908983577180024,0,0,0,0,0,0,0,2.84,3.66612246699132,False,False,False,False,False,False,,,19.0,50.0
5935,Hepta Insights,https://www.crunchbase.com/organization/hepta-group-airborne-ltd,Estonia,59.4372155,24.7453688,2017,3.0,True,True,False,False,True,True,False,False,False,True,False,True,False,False,2,3,7,True,False,False,False,3.0,True,3.144222,False,2019-06-07,2022-10-01,Venture - Series Unknown,2019,37.9,True,False,True,True,6.9,1.7,True,True,False,False,True,True,False,False,False,False,False,False,2,0,True,False,False,True,False,True,False,True,False,True,False,True,False,True,False,2,0.0,True,False,False,True,False,True,True,True,False,False,False,True,False,102,0,False,91,9,0.0989010989010989,0.0943106794712413,0.0,1.380773637964839,0.0,8.355734895037948,0.0,1.5517378924835983,8.355734895037948,0.529189015945934,0.9818570440877336,1.4970026393912623,2.2764588424535575,0.0,8.920091639579802,4.0,4.0,0.2388768829477851,1,0,0,0,0,0,0,2.84,3.616308761279101,False,False,True,False,True,True,,,19.0,50.0
5962,Healthy Networks,https://www.crunchbase.com/organization/healthy-networks,Estonia,59.4372155,24.7453688,2017,4.0,True,True,False,False,False,False,False,True,False,False,False,False,False,False,2,2,3,True,False,True,False,1.0,True,2.37,False,2019-08-01,2020-08-01,Seed,2019,35.0,False,False,True,True,42.2,6.0,True,False,True,True,False,False,False,False,False,False,False,False,0,0,False,False,False,False,False,False,False,False,False,False,False,False,False,False,False,0,0.0,False,False,False,True,True,True,True,False,False,True,False,True,False,102,0,False,91,9,0.0989010989010989,0.0943106794712413,0.0,4.5384610811295625,1.0420488480530192,9.270261216011441,1.5548670627859575,5.4125641393986985,9.270261216011441,1.0420488480530192,1.0420488480530192,1.0420488480530192,6.162207927224171,0.0,10.184939621401195,1.0,3.0,0.1274617638294791,0,0,0,0,0,0,0,2.84,3.616308761279101,False,False,False,False,False,False,,,19.0,50.0
5900,FoodDocs,https://www.crunchbase.com/organization/fooddocs,Estonia,59.4372155,24.7453688,2017,2.0,True,True,False,False,False,True,True,False,False,True,False,False,False,False,2,1,4,True,False,False,False,1.0,True,0.299989,True,2019-01-22,2019-01-22,Venture - Series Unknown,2019,15.0,True,True,True,False,2.0,0.8,False,False,True,True,False,False,True,True,False,False,False,False,2,1,True,True,False,True,True,True,True,True,True,True,True,True,True,True,True,2,1.0,True,True,False,True,True,True,True,True,False,True,False,True,False,102,0,False,91,9,0.0989010989010989,0.0943106794712413,0.0,1.9228988099455617,0.0,6.649546391729226,0.0,2.563865079927415,6.649546391729226,0.0,0.0,0.0,3.628046092411643,0.0,6.649546391729226,7.0,17.0,0.40327690414464,1,0,0,1,0,0,0,2.84,3.616308761279101,False,False,True,False,True,True,,,19.0,50.0
6185,Hala.ai,https://www.crunchbase.com/organization/hala,Estonia,59.4372155,24.7453688,2017,1.0,True,True,False,False,True,False,False,False,False,True,False,False,False,True,0,2,2,True,False,True,False,1.0,True,0.0,True,2017-09-19,2018-05-01,Angel,2017,226.0,True,False,True,True,8.5,7.0,False,False,True,False,True,False,False,False,False,False,False,False,1,0,True,False,False,True,False,True,False,True,False,True,False,True,False,True,False,1,0.0,True,False,False,True,False,True,True,True,False,False,False,True,False,102,0,False,91,9,0.0989010989010989,0.0943106794712413,0.0,4.068808851302304,0.0,8.13761770260461,0.0,0.0,0.0,8.13761770260461,8.13761770260461,8.13761770260461,8.13761770260461,8.13761770260461,8.13761770260461,27.0,6.0,0.4407163657766653,1,0,1,0,0,0,0,2.84,2.272125885509337,False,False,False,False,False,False,,,19.0,50.0
6187,GAUS,https://www.crunchbase.com/organization/gaus,Estonia,59.4372155,24.7453688,2017,2.0,False,True,False,False,True,False,False,False,False,True,False,False,False,False,0,1,1,False,True,True,False,0.0,False,0.023985,True,2017-09-19,2017-09-19,Pre-Seed,2017,448.0,True,,False,,5.0,13.0,False,,True,,True,,False,,False,,False,,1,0,True,,True,True,,True,,True,,True,,True,,True,,1,,True,,True,True,,False,False,False,False,False,False,True,True,102,0,False,91,9,0.0989010989010989,0.0943106794712413,0.0,0.0,0.0,0.0,0.0,0.0,0.0,0.0,0.0,0.0,0.0,0.0,0.0,25.0,5.0,0.4191914023918432,1,0,1,0,0,0,0,2.84,2.272125885509337,False,False,False,False,False,False,,,19.0,50.0
6189,Agrello,https://www.crunchbase.com/organization/agrello,Estonia,59.4372155,24.7453688,2017,1.0,True,True,False,False,False,False,False,False,False,True,False,False,False,False,1,1,1,False,True,False,True,1.0,True,0.0,True,2018-06-01,2018-06-01,Seed,2018,41.0,False,False,True,True,2.0,0.0,True,True,False,False,False,False,False,False,False,False,False,False,0,0,False,False,False,False,False,False,False,False,False,False,False,False,False,False,False,0,0.0,False,False,False,False,False,True,True,False,False,False,False,False,False,102,0,False,91,9,0.0989010989010989,0.0943106794712413,0.0,1.8521853763416547,1.8521853763416547,1.8521853763416547,0.0,0.0,0.0,1.8521853763416547,1.8521853763416547,1.8521853763416547,0.0,0.0,0.0,0.0,0.0,0.0,0,0,0,0,0,0,0,2.84,3.66612246699132,False,False,False,False,False,False,,,19.0,50.0
6236,Shuut,https://www.crunchbase.com/organization/shuut,Estonia,59.4372155,24.7453688,2017,1.0,True,True,False,False,False,False,False,False,False,False,True,False,False,False,1,1,1,False,True,True,True,1.0,True,0.0,True,2018-07-20,2018-07-20,Pre-Seed,2018,47.0,False,False,True,True,3.0,5.0,True,True,False,False,True,True,False,False,False,False,False,False,0,0,False,False,False,False,False,False,False,False,False,False,False,False,False,False,False,0,0.0,False,False,False,True,True,False,False,False,False,True,True,True,True,102,0,False,91,9,0.0989010989010989,0.0943106794712413,0.0,1.1130370114938948,1.1130370114938948,1.1130370114938948,0.0,0.0,0.0,1.1130370114938948,1.1130370114938948,1.1130370114938948,0.0,0.0,0.0,0.0,0.0,0.0,0,0,0,0,0,0,0,2.84,3.66612246699132,False,False,False,False,False,False,,,19.0,50.0
6090,IPOhub,https://www.crunchbase.com/organization/ipohub,Estonia,59.4372155,24.7453688,2017,3.0,True,True,False,False,False,False,False,False,True,False,False,False,False,False,3,1,1,False,True,False,True,1.0,True,0.293208,True,2020-10-13,2020-10-13,Seed,2020,448.0,True,True,False,False,8.0,13.0,False,False,True,True,True,True,False,False,False,False,False,False,1,1,True,True,True,True,True,True,True,True,True,True,True,True,True,True,True,1,1.0,True,True,True,True,True,False,False,False,False,False,False,True,True,102,0,False,91,9,0.0989010989010989,0.0943106794712413,0.0,0.0,0.0,0.0,0.0,0.0,0.0,0.0,0.0,0.0,0.0,0.0,0.0,60.0,19.0,0.6144874188212567,1,1,1,1,0,1,1,2.84,3.845883202923601,False,False,False,False,False,False,,,19.0,50.0
6123,WebTotem,https://www.crunchbase.com/organization/webtotem,Estonia,59.4372155,24.7453688,2017,1.0,True,True,False,False,False,False,False,False,False,True,False,False,False,False,2,2,2,True,False,True,False,1.0,True,0.100656,True,2019-03-25,2019-08-01,Pre-Seed,2019,226.0,True,False,True,True,7.0,6.5,False,False,True,False,True,True,False,False,False,False,False,False,1,0,True,False,False,True,False,True,False,True,False,True,False,True,False,True,False,1,0.0,True,False,False,True,True,False,False,False,False,False,False,True,True,102,0,False,91,9,0.0989010989010989,0.0943106794712413,0.0,0.41708896348877506,0.0,0.8341779269775501,0.0,0.0,0.0,0.8341779269775501,0.8341779269775501,0.8341779269775501,0.8341779269775501,0.8341779269775501,0.8341779269775501,50.0,8.0,0.5233072083705721,1,1,1,0,0,0,1,2.84,3.616308761279101,False,False,False,False,False,False,,,19.0,50.0
6161,Currencii,https://www.crunchbase.com/organization/currencii,Estonia,59.4372155,24.7453688,2017,1.0,False,True,False,False,False,False,False,False,True,False,False,False,False,False,1,1,1,False,True,True,True,1.0,True,0.02357,True,2018-05-22,2018-05-22,Pre-Seed,2018,448.0,True,True,False,False,6.0,13.0,False,False,True,True,True,True,False,False,False,False,False,False,1,1,True,True,True,True,True,True,True,True,True,True,True,True,True,True,True,1,1.0,True,True,True,True,True,False,False,False,False,False,False,True,True,102,0,False,91,9,0.0989010989010989,0.0943106794712413,0.0,0.0,0.0,0.0,0.0,0.0,0.0,0.0,0.0,0.0,0.0,0.0,0.0,32.0,1.0,0.3418313208386545,1,0,1,0,0,0,0,2.84,3.66612246699132,False,False,False,False,False,False,,,19.0,50.0
6132,iklim.co,https://www.crunchbase.com/organization/iklim-co,Estonia,59.4372155,24.7453688,2017,3.0,True,True,False,False,True,False,False,False,False,True,False,False,False,False,2,1,1,False,True,True,True,1.0,True,0.022551,True,2019-03-26,2019-03-26,Pre-Seed,2019,448.0,True,True,False,False,7.0,13.0,False,False,True,True,True,True,False,False,False,False,False,False,1,1,True,True,True,True,True,True,True,True,True,True,True,True,True,True,True,1,1.0,True,True,True,True,True,False,False,False,False,False,False,True,True,102,0,False,91,9,0.0989010989010989,0.0943106794712413,0.0,0.0,0.0,0.0,0.0,0.0,0.0,0.0,0.0,0.0,0.0,0.0,0.0,50.0,9.0,0.5329944995695938,1,1,1,0,0,0,1,2.84,3.616308761279101,False,False,False,False,False,False,,,19.0,50.0
6258,eXpact,https://www.crunchbase.com/organization/expact,Estonia,59.4372155,24.7453688,2017,2.0,True,True,False,False,True,False,False,False,False,False,False,False,False,False,1,1,1,False,True,True,False,0.0,False,0.0,True,2018-10-17,2018-10-17,Pre-Seed,2018,448.0,True,,False,,6.0,13.0,False,,True,,True,,False,,False,,False,,1,0,True,,True,True,,True,,True,,True,,True,,True,,1,,True,,True,True,,False,False,False,False,False,False,True,True,102,0,False,91,9,0.0989010989010989,0.0943106794712413,0.0,0.0,0.0,0.0,0.0,0.0,0.0,0.0,0.0,0.0,0.0,0.0,0.0,32.0,1.0,0.3418313208386545,1,0,1,0,0,0,0,2.84,3.66612246699132,False,False,False,False,False,False,,,19.0,50.0
5976,Outfunnel,https://www.crunchbase.com/organization/outfunnel,Estonia,59.4372155,24.7453688,2018,3.0,True,True,False,False,False,False,False,False,False,True,True,False,False,False,0,2,13,True,False,True,False,2.0,True,2.478976,False,2018-12-01,2020-09-16,Pre-Seed,2018,26.1875,True,False,True,True,5.6,2.6,False,False,True,False,False,False,True,False,False,False,False,False,6,0,True,False,False,True,False,True,False,True,False,True,False,True,False,True,False,6,0.0,True,False,False,True,True,True,True,True,False,True,False,True,False,102,0,False,114,11,0.0964912280701754,0.0921152889078056,0.0,2.8839834905249044,0.0,9.265076453592675,0.0,3.2081753275020595,9.265076453592675,0.8356160892709296,0.9388324686619745,1.0420488480530192,4.772460330821191,0.0,13.63589636345421,25.0,34.0,0.581343192764552,1,1,1,1,0,1,0,2.07,3.66612246699132,False,False,False,False,False,False,,,19.0,50.0
5985,Remato,https://www.crunchbase.com/organization/remato,Estonia,58.3801207,26.72245,2018,4.0,True,False,False,False,False,False,False,False,False,True,False,False,True,False,1,3,10,True,False,True,False,3.0,True,2.339343,False,2019-09-25,2021-08-11,Seed,2019,28.25,False,False,True,True,6.0,2.8,False,False,True,True,False,False,True,False,True,True,False,False,0,0,False,False,False,False,False,False,False,False,False,False,False,False,False,False,False,9,2.0,True,True,False,True,True,True,True,True,False,False,False,True,False,5,0,False,18,2,0.1111111111111111,0.1053605156578263,0.1634029903936329,1.11628735640123,0.16340299039363307,8.945333079850007,0.16340299039363307,1.2611442515756797,8.945333079850007,0.16340299039363307,0.7300023026026972,1.8632009270208256,1.8873189291112118,0.0,8.790766821121178,3.0,0.0,0.0687619531421999,0,0,0,0,1,1,1,2.07,3.616308761279101,False,False,False,False,False,False,,,0.0,3.0
5997,Vumonic Datalabs,https://www.crunchbase.com/organization/vumonic-technologies,Estonia,59.4372155,24.7453688,2018,2.0,True,True,False,False,True,False,False,False,False,True,False,False,False,False,0,2,3,True,False,True,False,1.0,True,0.264553,True,2018-10-17,2019-07-17,Venture - Series Unknown,2018,242.0,True,True,False,False,4.0,7.5,False,False,True,True,True,False,True,True,True,False,False,False,4,1,True,True,True,True,True,True,True,True,True,True,True,True,True,True,True,4,1.0,True,True,True,True,True,False,False,False,False,False,False,True,True,102,0,False,114,11,0.0964912280701754,0.0921152889078056,0.0,0.0,0.0,0.0,0.0,0.0,0.0,0.0,0.0,0.0,0.0,0.0,0.0,57.0,25.0,0.6336074301768616,1,1,1,1,0,1,1,2.07,3.66612246699132,False,False,True,False,True,True,,,19.0,50.0
6007,Supervaisor,https://www.crunchbase.com/organization/supervaisor,Estonia,59.4372155,24.7453688,2018,1.0,True,True,False,False,False,False,False,False,False,True,False,False,False,False,1,1,9,False,False,True,False,0.0,False,1.3,False,2019-03-29,2019-03-29,Pre-Seed,2019,43.44444444444444,True,,True,,2.0,6.2,False,,True,,False,,True,,True,,False,,2,0,True,,False,True,,True,,True,,True,,True,,True,,2,,True,,False,True,,True,True,True,False,False,False,True,False,102,0,False,114,10,0.087719298245614,0.0840831172105413,0.0,3.738754228108814,0.0,8.790766821121178,0.0,3.738754228108814,8.790766821121178,0.0,0.0,0.0,5.699594177292539,0.0,9.564578678683203,11.0,14.0,0.4267366535514652,1,0,0,1,0,0,0,2.07,3.616308761279101,True,False,False,True,True,True,2022-05-11,4.0,19.0,50.0
6014,Salv,https://www.crunchbase.com/organization/salv,Estonia,59.4372155,24.7453688,2018,3.0,True,True,False,False,True,False,False,False,True,True,False,False,False,False,1,4,16,True,False,False,False,3.0,True,8.179177,False,2019-12-03,2023-01-26,Venture - Series Unknown,2019,69.43478260869566,True,True,True,True,7.1,12.5,True,False,True,True,True,False,True,False,True,True,False,False,7,1,True,True,False,True,True,True,True,True,True,True,True,True,True,True,True,7,1.0,True,True,False,True,True,True,True,True,False,True,False,True,False,102,0,False,114,11,0.0964912280701754,0.0921152889078056,0.0,2.1551759900065033,0.0,8.81970091409316,0.0,2.087061141686352,8.81970091409316,0.0,2.563865079927415,6.649546391729226,3.147474745132895,0.0,9.455761791449376,19.0,24.0,0.5243793144619677,1,1,0,1,0,1,0,2.07,3.616308761279101,False,False,True,False,True,True,,,19.0,50.0
5880,Montonio,https://www.crunchbase.com/organization/montonio,Estonia,59.4372155,24.7453688,2018,6.0,True,True,False,False,False,True,False,False,True,False,False,False,False,False,0,5,15,True,False,True,False,2.0,True,4.044834,False,2018-10-25,2021-08-04,Series A,2018,109.79166666666669,True,True,True,False,6.2,6.6,True,False,True,True,True,False,False,False,True,False,True,False,14,2,True,True,False,True,True,True,True,True,True,True,True,True,True,True,True,14,2.0,True,True,False,True,True,True,True,True,False,False,False,True,False,102,0,False,114,11,0.0964912280701754,0.0921152889078056,0.0,1.6418708301701266,0.0,9.265076453592675,0.0,1.798239480662519,9.265076453592675,0.0,0.0,0.0,2.981181508285145,0.0,15.337349544098673,78.0,42.0,0.7105189616026888,1,1,1,1,1,1,1,2.07,3.66612246699132,False,False,True,False,True,True,,,19.0,50.0
5881,Modash.io,https://www.crunchbase.com/organization/modash,Estonia,59.4372155,24.7453688,2018,2.0,True,True,False,False,False,False,False,False,False,True,True,False,False,False,0,2,6,True,False,True,False,1.0,True,2.0,False,2018-12-19,2022-11-23,Series A,2018,24.0,True,True,True,False,4.3,1.5,False,False,True,True,False,False,False,False,True,False,False,False,2,1,True,True,False,True,True,True,True,True,True,True,True,True,True,True,True,2,1.0,True,True,False,True,True,False,False,False,False,True,False,True,True,102,0,False,114,11,0.0964912280701754,0.0921152889078056,0.0,0.28111516389329105,0.0,1.0420488480530192,0.0,0.37482021852438807,1.0420488480530192,0.0,0.0,0.0,0.5592585915131689,0.0,1.1066302379326847,13.0,6.0,0.3719544126344654,1,0,0,0,0,0,0,2.07,3.66612246699132,False,False,True,False,True,True,,,19.0,50.0
5884,Binalyze,https://www.crunchbase.com/organization/binalyze,Estonia,59.4372155,24.7453688,2018,1.0,True,True,False,False,True,False,False,False,False,True,False,False,False,False,2,3,3,True,False,True,False,2.0,True,11.813796,False,2020-12-01,2022-02-04,Series A,2020,31.0,True,True,True,True,12.0,7.8,False,False,True,True,False,False,False,False,False,False,False,False,0,0,False,False,False,True,True,False,False,False,False,False,False,False,False,False,False,0,0.0,False,False,False,True,True,True,True,False,False,False,False,True,False,102,0,False,114,10,0.087719298245614,0.0840831172105413,0.0,1.3454333433603212,0.08241180752014504,2.070379960051264,1.6144708029349382,1.842425381493101,2.070379960051264,0.08241180752014504,0.8484413052275416,1.6144708029349382,1.5866089377752695,0.0,2.149073665458017,0.0,0.0,0.0,0,0,0,0,0,0,0,2.07,3.845883202923601,False,True,True,True,True,True,,,19.0,50.0
5904,Gridio,https://www.crunchbase.com/organization/gridio,Estonia,59.4372155,24.7453688,2018,1.0,True,True,True,False,True,False,False,False,False,True,False,True,False,False,1,3,9,False,False,True,False,1.0,True,4.444682,False,2019-12-06,2025-01-27,Seed,2019,17.1,True,False,True,True,4.8,2.6,False,False,True,False,False,False,True,False,True,False,True,False,5,0,True,False,False,True,False,True,False,True,False,True,False,True,False,True,False,5,0.0,True,False,False,True,False,True,True,False,False,False,False,True,False,102,0,False,114,11,0.0964912280701754,0.0921152889078056,0.0,1.4930813568399883,0.0,9.270261216011441,0.0,1.4930813568399883,9.270261216011441,0.0,0.0,0.0,2.795004528925931,0.0,10.499939089445965,12.0,19.0,0.4611277984214151,1,0,0,1,0,1,0,2.07,3.616308761279101,False,False,False,False,False,False,,,19.0,50.0
5917,Cachet,https://www.crunchbase.com/organization/cachet,Estonia,59.4372155,24.7453688,2018,2.0,False,True,False,False,False,True,False,False,True,True,False,False,False,False,1,3,7,True,False,True,False,1.0,True,1.881412,False,2019-05-31,2020-09-03,Series A,2019,38.57142857142857,True,True,True,False,6.4,123.3,False,False,True,True,True,False,False,False,True,True,False,False,2,0,True,False,False,True,True,True,False,True,False,True,False,True,False,True,False,2,0.0,True,False,False,True,True,True,True,True,False,False,False,True,False,102,0,False,114,11,0.0964912280701754,0.0921152889078056,0.0,2.6145345147505257,0.0,8.044611135538457,0.0,2.9310498531543234,8.044611135538457,0.08241180752014504,0.08241180752014504,0.08241180752014504,3.646303031767454,0.0,8.044611135538457,14.0,25.0,0.4994466435489362,1,1,0,1,0,1,0,2.07,3.616308761279101,False,False,True,False,True,True,,,19.0,50.0
6066,Kipwise,https://www.crunchbase.com/organization/kipwise,Estonia,59.4372155,24.7453688,2018,3.0,True,True,False,False,True,False,False,False,False,True,False,False,False,True,0,1,1,False,True,True,False,0.0,False,0.12,True,2018-07-16,2018-07-16,Pre-Seed,2018,0.0,False,,True,,12.0,545.0,False,,True,,True,,False,,False,,False,,0,0,False,,False,False,,False,,False,,False,,False,,False,,0,,False,,False,False,,True,True,True,True,False,False,False,False,102,0,False,114,11,0.0964912280701754,0.0921152889078056,0.0,8.044611135538457,8.044611135538457,8.044611135538457,8.044611135538457,8.044611135538457,8.044611135538457,0.0,0.0,0.0,0.0,0.0,0.0,3.0,0.0,0.0687619531421999,0,0,0,0,0,0,0,2.07,3.66612246699132,False,False,False,False,False,False,,,19.0,50.0
6208,LevelUP,https://www.crunchbase.com/organization/levelup-2,Estonia,59.4372155,24.7453688,2018,4.0,False,True,False,False,False,True,False,False,False,True,False,False,False,False,0,1,1,False,True,True,False,0.0,False,0.0,True,2018-10-17,2018-10-17,Pre-Seed,2018,448.0,True,,False,,6.0,13.0,False,,True,,True,,False,,False,,False,,1,0,True,,True,True,,True,,True,,True,,True,,True,,1,,True,,True,True,,False,False,False,False,False,False,True,True,102,0,False,114,11,0.0964912280701754,0.0921152889078056,0.0,0.0,0.0,0.0,0.0,0.0,0.0,0.0,0.0,0.0,0.0,0.0,0.0,32.0,1.0,0.3418313208386545,1,0,1,0,0,0,0,2.07,3.66612246699132,False,False,False,False,False,False,,,19.0,50.0
6241,Allies,https://www.crunchbase.com/organization/allies-digital,Estonia,59.4372155,24.7453688,2018,1.0,True,True,False,False,False,False,False,False,False,True,True,False,False,False,2,2,2,False,False,True,False,2.0,True,0.0,True,2020-03-01,2023-04-25,Seed,2020,20.5,True,True,True,True,12.5,3.5,False,False,False,False,False,False,False,False,False,False,False,False,0,0,False,False,False,True,True,False,False,False,False,False,False,False,False,False,False,0,0.0,False,False,False,True,True,True,True,True,False,False,False,True,False,102,0,False,114,11,0.0964912280701754,0.0921152889078056,0.0,4.110014755062377,0.08241180752014504,8.13761770260461,0.0,0.0,0.0,0.08241180752014504,4.110014755062377,8.13761770260461,8.067105906834533,8.067105906834533,8.067105906834533,5.0,7.0,0.3001777629509508,1,0,0,0,0,0,0,2.07,3.845883202923601,False,False,False,False,False,False,,,19.0,50.0
6254,DX.Exchange,https://www.crunchbase.com/organization/dx-exchange,Estonia,59.4372155,24.7453688,2018,1.0,True,True,False,False,False,False,False,False,True,False,False,False,False,False,0,1,1,False,True,False,True,1.0,True,0.0,True,2018-07-03,2018-07-03,Seed,2018,280.0,False,False,True,True,3.0,41.0,False,False,True,True,True,True,False,False,False,False,False,False,0,0,False,False,False,False,False,False,False,False,False,False,False,False,False,False,False,0,0.0,False,False,False,False,False,True,True,True,True,False,False,False,False,102,0,False,114,11,0.0964912280701754,0.0921152889078056,0.0,8.790766821121178,8.790766821121178,8.790766821121178,0.0,0.0,0.0,8.790766821121178,8.790766821121178,8.790766821121178,0.0,0.0,0.0,0.0,0.0,0.0,0,0,0,0,0,0,0,2.07,3.66612246699132,False,False,False,False,False,False,,,19.0,50.0
6102,guavaHR,https://www.crunchbase.com/organization/guavahr,Estonia,58.3801207,26.72245,2018,1.0,True,False,False,False,False,True,True,True,False,True,False,False,False,False,1,1,1,False,True,True,False,0.0,False,0.54376,False,2019-04-01,2019-04-01,Pre-Seed,2019,29.0,False,,True,,1.0,2.0,False,,False,,True,,True,,False,,False,,0,0,False,,False,False,,False,,False,,False,,False,,False,,0,,False,,False,False,,False,False,False,False,False,False,True,True,5,0,False,18,2,0.1111111111111111,0.1053605156578263,0.1634029903936329,0.23028327572562224,0.23028327572562224,0.23028327572562224,0.23028327572562224,0.23028327572562224,0.23028327572562224,0.0,0.0,0.0,0.0,0.0,0.0,0.0,0.0,0.0,0,0,0,0,0,1,0,2.07,3.616308761279101,False,False,False,False,False,False,,,0.0,3.0
6111,GameHunt.gg,https://www.crunchbase.com/organization/gamehuntgg,Estonia,59.4372155,24.7453688,2018,2.0,False,True,False,False,False,False,False,False,False,True,True,False,False,False,1,1,1,False,True,True,True,1.0,True,0.331414,True,2019-09-09,2019-09-09,Pre-Seed,2019,448.0,True,True,False,False,7.0,13.0,False,False,True,True,True,True,False,False,False,False,False,False,1,1,True,True,True,True,True,True,True,True,True,True,True,True,True,True,True,1,1.0,True,True,True,True,True,False,False,False,False,False,False,True,True,102,0,False,114,11,0.0964912280701754,0.0921152889078056,0.0,0.0,0.0,0.0,0.0,0.0,0.0,0.0,0.0,0.0,0.0,0.0,0.0,50.0,9.0,0.5329944995695938,1,1,1,0,0,0,1,2.07,3.616308761279101,False,False,False,False,False,False,,,19.0,50.0
6115,cyex,https://www.crunchbase.com/organization/cyex-oü,Estonia,59.4372155,24.7453688,2018,2.0,True,True,False,False,True,False,False,False,False,True,False,False,False,False,1,1,1,False,True,True,False,0.0,False,0.04,True,2019-06-11,2019-06-11,Pre-Seed,2019,448.0,True,,False,,7.0,13.0,False,,True,,True,,False,,False,,False,,1,0,True,,True,True,,True,,True,,True,,True,,True,,1,,True,,True,True,,False,False,False,False,False,False,True,True,102,0,False,114,11,0.0964912280701754,0.0921152889078056,0.0,0.0,0.0,0.0,0.0,0.0,0.0,0.0,0.0,0.0,0.0,0.0,0.0,50.0,9.0,0.5329944995695938,1,1,1,0,0,0,1,2.07,3.616308761279101,False,False,False,False,False,False,,,19.0,50.0
6117,Precision Navigation Systems,https://www.crunchbase.com/organization/precision-navigation-systems,Estonia,59.4372155,24.7453688,2018,2.0,True,True,False,False,True,True,False,False,False,True,False,False,False,False,0,1,1,False,True,True,True,1.0,True,0.024673,True,2018-03-05,2018-03-05,Pre-Seed,2018,448.0,True,True,False,False,6.0,13.0,False,False,True,True,True,True,False,False,False,False,False,False,1,1,True,True,True,True,True,True,True,True,True,True,True,True,True,True,True,1,1.0,True,True,True,True,True,False,False,False,False,False,False,True,True,102,0,False,114,11,0.0964912280701754,0.0921152889078056,0.0,0.0,0.0,0.0,0.0,0.0,0.0,0.0,0.0,0.0,0.0,0.0,0.0,32.0,1.0,0.3418313208386545,1,0,1,0,0,0,0,2.07,3.66612246699132,False,False,False,False,False,False,,,19.0,50.0
6133,Scoriff,https://www.crunchbase.com/organization/scoriff,Estonia,59.4372155,24.7453688,2018,1.0,True,True,False,False,True,False,False,False,True,True,False,False,False,False,1,1,1,False,True,True,False,0.0,False,0.04,True,2019-04-22,2019-04-22,Pre-Seed,2019,448.0,True,,False,,7.0,13.0,False,,True,,True,,False,,False,,False,,1,0,True,,True,True,,True,,True,,True,,True,,True,,1,,True,,True,True,,False,False,False,False,False,False,True,True,102,0,False,114,11,0.0964912280701754,0.0921152889078056,0.0,0.0,0.0,0.0,0.0,0.0,0.0,0.0,0.0,0.0,0.0,0.0,0.0,50.0,9.0,0.5329944995695938,1,1,1,0,0,0,1,2.07,3.616308761279101,False,False,False,False,False,False,,,19.0,50.0
6147,Moduulo,https://www.crunchbase.com/organization/moduulo,Estonia,59.4372155,24.7453688,2018,3.0,True,True,False,False,True,False,False,False,True,True,False,False,False,False,2,1,1,False,True,True,True,1.0,True,0.022058,True,2020-03-30,2020-03-30,Pre-Seed,2020,448.0,True,True,False,False,8.0,13.0,False,False,True,True,True,True,False,False,False,False,False,False,1,1,True,True,True,True,True,True,True,True,True,True,True,True,True,True,True,1,1.0,True,True,True,True,True,False,False,False,False,False,False,True,True,102,0,False,114,11,0.0964912280701754,0.0921152889078056,0.0,0.0,0.0,0.0,0.0,0.0,0.0,0.0,0.0,0.0,0.0,0.0,0.0,60.0,19.0,0.6144874188212567,1,1,1,1,0,1,1,2.07,3.845883202923601,False,False,False,False,False,False,,,19.0,50.0
6159,Pulse & Fidelity,https://www.crunchbase.com/organization/pulse-fidelity,Estonia,59.4372155,24.7453688,2018,1.0,False,True,False,False,False,True,False,False,False,True,True,False,False,False,2,1,1,False,True,True,True,1.0,True,0.053983,True,2020-02-18,2020-02-18,Pre-Seed,2020,38.0,False,False,True,True,7.0,1.0,True,True,False,False,False,False,False,False,False,False,False,False,0,0,False,False,False,False,False,False,False,False,False,False,False,False,False,False,False,0,0.0,False,False,False,False,False,False,False,False,False,False,False,True,True,102,0,False,114,11,0.0964912280701754,0.0921152889078056,0.0,0.28329321371583815,0.28329321371583815,0.28329321371583815,0.0,0.0,0.0,0.28329321371583815,0.28329321371583815,0.28329321371583815,0.0,0.0,0.0,1.0,0.0,0.0,0,0,0,0,0,0,0,2.07,3.845883202923601,False,False,False,False,False,False,,,19.0,50.0
6186,DataCalculus,https://www.crunchbase.com/organization/datacalculus,Estonia,59.4372155,24.7453688,2019,1.0,True,True,False,False,True,False,False,False,False,True,False,False,False,False,0,3,2,True,False,True,False,2.0,True,0.0,True,2019-10-08,2021-09-13,Pre-Seed,2019,390.6666666666667,True,True,True,True,7.3,10.0,False,False,True,True,True,True,False,False,False,False,False,False,2,1,True,True,False,True,True,True,True,True,True,True,True,True,True,True,True,2,1.0,True,True,False,True,True,True,True,True,False,False,False,True,False,102,0,False,138,16,0.1159420289855072,0.1096989172564244,0.0,3.028725327205305,0.0,9.086175981615916,0.0,0.0,0.0,0.0,4.543087990807958,9.086175981615916,6.05745065441061,0.0,9.086175981615916,60.0,24.0,0.6350041802215602,1,1,1,1,1,1,1,1.81,3.616308761279101,False,False,False,False,False,False,,,19.0,50.0
6160,AUTOM8,https://www.crunchbase.com/organization/autom8-c666,Estonia,59.4372155,24.7453688,2019,2.0,True,True,False,False,True,False,False,False,False,True,False,False,False,False,0,1,1,False,True,True,False,0.0,False,0.04,True,2019-06-03,2019-06-03,Pre-Seed,2019,448.0,True,,False,,7.0,13.0,False,,True,,True,,False,,False,,False,,1,0,True,,True,True,,True,,True,,True,,True,,True,,1,,True,,True,True,,False,False,False,False,False,False,True,True,102,0,False,138,16,0.1159420289855072,0.1096989172564244,0.0,0.0,0.0,0.0,0.0,0.0,0.0,0.0,0.0,0.0,0.0,0.0,0.0,50.0,9.0,0.5329944995695938,1,1,1,0,0,0,1,1.81,3.616308761279101,False,False,False,False,False,False,,,19.0,50.0
6154,Iriscan,https://www.crunchbase.com/organization/iriscan,Estonia,59.4372155,24.7453688,2019,2.0,True,True,False,False,False,False,False,False,False,False,False,False,False,False,0,1,1,False,True,True,False,0.0,False,0.04,True,2019-06-19,2019-06-19,Pre-Seed,2019,448.0,True,,False,,7.0,13.0,False,,True,,True,,False,,False,,False,,1,0,True,,True,True,,True,,True,,True,,True,,True,,1,,True,,True,True,,False,False,False,False,False,False,True,True,102,0,False,138,16,0.1159420289855072,0.1096989172564244,0.0,0.0,0.0,0.0,0.0,0.0,0.0,0.0,0.0,0.0,0.0,0.0,0.0,50.0,9.0,0.5329944995695938,1,1,1,0,0,0,1,1.81,3.616308761279101,False,False,False,False,False,False,,,19.0,50.0
6144,ClickLog,https://www.crunchbase.com/organization/clicklog,Estonia,59.4372155,24.7453688,2019,2.0,True,True,False,False,True,False,False,False,False,True,False,False,False,False,1,1,1,False,True,True,False,0.0,False,0.05939,True,2020-03-24,2020-03-24,Pre-Seed,2020,448.0,True,,False,,8.0,13.0,False,,True,,True,,False,,False,,False,,1,0,True,,True,True,,True,,True,,True,,True,,True,,1,,True,,True,True,,False,False,False,False,False,False,True,True,102,0,False,138,16,0.1159420289855072,0.1096989172564244,0.0,0.0,0.0,0.0,0.0,0.0,0.0,0.0,0.0,0.0,0.0,0.0,0.0,60.0,19.0,0.6144874188212567,1,1,1,1,0,1,1,1.81,3.845883202923601,False,False,False,False,False,False,,,19.0,50.0
6127,VITS,https://www.crunchbase.com/organization/vits-6f89,Estonia,59.4372155,24.7453688,2019,1.0,True,True,False,False,False,False,False,True,False,True,False,False,False,False,0,2,1,True,True,True,True,1.0,True,0.105,True,2019-04-04,2020-04-28,Pre-Seed,2019,448.0,True,True,False,False,7.5,13.0,False,False,True,True,True,True,False,False,False,False,False,False,2,1,True,True,True,True,True,True,True,True,True,True,True,True,True,True,True,2,1.0,True,True,True,True,True,False,False,False,False,False,False,True,True,102,0,False,138,16,0.1159420289855072,0.1096989172564244,0.0,0.0,0.0,0.0,0.0,0.0,0.0,0.0,0.0,0.0,0.0,0.0,0.0,60.0,26.0,0.6420803036802458,1,1,1,1,1,1,1,1.81,3.616308761279101,False,False,False,False,False,False,,,19.0,50.0
6085,EvoEstate,https://www.crunchbase.com/organization/evoestate,Estonia,59.4372155,24.7453688,2019,2.0,True,True,False,False,False,False,False,False,True,False,False,False,True,True,0,2,1,False,True,True,True,1.0,True,0.364464,True,2019-12-11,2020-07-28,Pre-Seed,2019,448.0,True,True,False,False,7.5,13.0,False,False,True,True,True,True,False,False,False,False,False,False,2,2,True,True,True,True,True,True,True,True,True,True,True,True,True,True,True,2,2.0,True,True,True,True,True,False,False,False,False,False,False,True,True,102,0,False,138,15,0.108695652173913,0.1031842362352307,0.0,0.0,0.0,0.0,0.0,0.0,0.0,0.0,0.0,0.0,0.0,0.0,0.0,60.0,26.0,0.6420803036802458,1,1,1,1,1,1,1,1.81,3.616308761279101,True,False,False,True,True,True,2022-03-14,3.0,19.0,50.0
6076,Zelos Team Management,https://www.crunchbase.com/organization/zelos-team-management,Estonia,59.4372155,24.7453688,2019,2.0,False,True,False,False,True,False,False,False,False,True,False,False,False,True,0,2,5,True,False,False,False,2.0,True,0.421011,True,2019-04-30,2019-05-20,Seed,2019,151.33333333333334,True,True,True,True,5.0,4.3,False,False,True,False,True,False,False,False,False,False,False,False,2,0,True,False,False,True,True,True,False,True,False,True,False,True,False,True,False,2,0.0,True,False,False,True,True,False,False,False,False,False,False,True,True,102,0,False,138,16,0.1159420289855072,0.1096989172564244,0.0,0.027470602506715014,0.0,0.08241180752014504,0.0,0.0,0.0,0.08241180752014504,0.08241180752014504,0.08241180752014504,0.05494120501343003,0.0,0.08241180752014504,50.0,8.0,0.5233072083705721,1,1,1,0,0,0,1,1.81,3.616308761279101,False,False,False,False,False,False,,,19.0,50.0
6064,Hive.id,https://www.crunchbase.com/organization/hiveidentity,Estonia,59.4372155,24.7453688,2019,4.0,True,True,False,False,False,False,False,False,True,True,False,False,False,False,0,4,2,False,False,True,False,0.0,False,0.723166,False,2019-02-08,2021-10-28,Seed,2019,360.8,True,,True,,6.4,10.4,False,,True,,True,,False,,False,,False,,4,0,True,,False,True,,True,,True,,True,,True,,True,,4,,True,,False,True,,True,True,True,False,False,False,True,False,102,0,False,138,16,0.1159420289855072,0.1096989172564244,0.0,1.3299092783458453,0.0,6.649546391729226,0.0,1.3299092783458453,6.649546391729226,0.0,0.0,0.0,2.6598185566916905,0.0,6.649546391729226,60.0,23.0,0.6312508334789639,1,1,1,1,0,1,1,1.81,3.616308761279101,False,False,False,False,False,False,,,19.0,50.0
6063,Coursy.io,https://www.crunchbase.com/organization/coursy-io,Estonia,59.4372155,24.7453688,2019,3.0,True,True,False,False,True,True,False,False,False,True,False,False,False,False,1,2,2,True,False,True,False,1.0,True,0.619482,False,2020-06-15,2022-06-22,Seed,2020,10.0,True,False,True,True,12.5,0.5,False,False,False,False,False,False,False,False,False,False,False,False,1,0,True,False,False,True,False,True,False,True,False,True,False,True,False,True,False,1,0.0,True,False,False,True,False,True,True,True,False,False,False,True,False,102,0,False,138,16,0.1159420289855072,0.1096989172564244,0.0,4.068808851302304,0.0,8.13761770260461,0.0,0.0,0.0,8.13761770260461,8.13761770260461,8.13761770260461,8.13761770260461,8.13761770260461,8.13761770260461,8.0,8.0,0.3512303972167651,1,0,0,0,0,0,0,1.81,3.845883202923601,False,False,False,False,False,False,,,19.0,50.0
6028,Consorto,https://www.crunchbase.com/organization/consorto,Estonia,59.4372155,24.7453688,2019,1.0,True,True,False,False,True,True,False,False,True,True,True,False,True,True,0,1,3,True,False,False,False,2.0,True,0.549524,False,2019-09-01,2019-09-01,Seed,2019,151.33333333333334,True,True,False,False,7.5,4.3,False,False,True,False,True,False,True,True,False,False,False,False,3,2,True,True,True,True,True,True,True,True,True,True,True,True,True,True,True,3,2.0,True,True,True,True,True,False,False,False,False,False,False,True,True,102,0,False,138,16,0.1159420289855072,0.1096989172564244,0.0,0.0,0.0,0.0,0.0,0.0,0.0,0.0,0.0,0.0,0.0,0.0,0.0,50.0,7.0,0.5124777381692902,1,1,1,0,0,0,1,1.81,3.616308761279101,False,False,False,False,False,False,,,19.0,50.0
6024,El-Dokan,https://www.crunchbase.com/organization/el-dokan,Estonia,59.4372155,24.7453688,2019,3.0,True,True,False,False,False,True,False,False,False,True,False,False,False,False,1,3,5,True,False,True,False,4.0,True,0.55,False,2020-01-01,2022-09-05,Pre-Seed,2020,171.8,False,False,True,True,8.3,72.0,True,True,True,True,True,True,True,True,True,True,False,False,0,0,False,False,False,False,False,False,False,False,False,False,False,False,False,False,False,0,0.0,False,False,False,False,False,True,True,True,False,False,False,False,False,102,0,False,138,16,0.1159420289855072,0.1096989172564244,0.0,4.5197704543220025,3.3047684581087973,8.790766821121178,4.229654254631739,4.229654254631739,4.229654254631739,3.3047684581087973,4.5777936942600554,8.790766821121178,4.857079416080275,0.0,12.982285738943078,2.0,0.0,0.0402231640645322,0,0,0,0,0,0,0,1.81,3.845883202923601,False,False,False,False,False,False,,,19.0,50.0
6010,Adact,https://www.crunchbase.com/organization/adact,Estonia,59.4372155,24.7453688,2019,1.0,False,True,False,False,False,True,False,False,False,True,True,False,False,False,0,3,1,True,True,True,True,1.0,True,0.63053,False,2019-10-07,2022-02-11,Seed,2019,448.0,True,True,False,False,8.3,13.0,False,False,True,True,True,True,False,False,False,False,False,False,3,1,True,True,True,True,True,True,True,True,True,True,True,True,True,True,True,3,1.0,True,True,True,True,True,False,False,False,False,False,False,True,True,102,0,False,138,15,0.108695652173913,0.1031842362352307,0.0,0.0,0.0,0.0,0.0,0.0,0.0,0.0,0.0,0.0,0.0,0.0,0.0,61.0,40.0,0.6821017287104735,1,1,1,1,1,1,1,1.81,3.616308761279101,True,False,False,True,True,True,2025-03-03,6.0,19.0,50.0
5995,DUCKT,https://www.crunchbase.com/organization/duckt,Estonia,59.4372155,24.7453688,2019,3.0,True,True,False,False,True,False,False,False,False,True,False,True,False,True,0,3,2,True,False,True,False,1.0,True,1.333389,False,2019-05-01,2021-04-07,Seed,2019,105.33333333333331,False,False,True,True,8.0,6.3,True,True,False,False,True,False,False,False,False,False,True,True,0,0,False,False,False,False,False,False,False,False,False,False,False,False,False,False,False,0,0.0,False,False,False,False,False,True,True,False,False,False,False,True,False,102,0,False,138,15,0.108695652173913,0.1031842362352307,0.0,1.688128412944596,1.4970026393912623,2.070379960051264,1.4970026393912623,1.4970026393912623,1.4970026393912623,2.070379960051264,2.070379960051264,2.070379960051264,1.422189194835408,0.0,2.133283792253112,1.0,5.0,0.1647419398874898,0,0,0,0,0,0,0,1.81,3.616308761279101,True,False,False,True,True,True,2022-02-10,3.0,19.0,50.0
5987,Rendin,https://www.crunchbase.com/organization/rendin,Estonia,59.4372155,24.7453688,2019,3.0,False,True,False,False,False,True,False,False,True,True,False,False,True,False,1,2,5,True,False,True,False,1.0,True,1.590421,False,2020-03-12,2020-12-29,Venture - Series Unknown,2020,126.33333333333331,True,True,True,False,4.0,7.0,False,False,True,True,True,False,False,False,False,False,False,False,4,1,True,True,False,True,True,True,True,True,True,True,True,True,True,True,True,4,1.0,True,True,False,True,True,True,True,True,False,False,False,True,False,102,0,False,138,16,0.1159420289855072,0.1096989172564244,0.0,1.4911130422717853,0.0,8.790766821121178,0.0,1.6775021725557584,8.790766821121178,0.0,0.0,0.0,2.6770972882691138,0.0,9.281477283437598,68.0,26.0,0.6543052932410138,1,1,1,1,1,1,1,1.81,3.845883202923601,False,False,True,False,True,True,,,19.0,50.0
5950,heybooster,https://www.crunchbase.com/organization/heybooster,Estonia,59.4372155,24.7453688,2019,2.0,True,True,False,False,False,True,False,False,False,True,True,False,False,False,1,3,11,True,False,False,False,3.0,True,1.046562,False,2020-11-24,2024-04-30,Seed,2020,45.15384615384615,True,True,True,True,8.5,1.3,False,False,True,True,True,True,False,False,True,False,False,False,1,1,True,True,False,True,True,True,True,True,True,True,True,True,True,True,True,1,1.0,True,True,False,True,True,True,True,False,False,False,False,True,False,102,0,False,138,16,0.1159420289855072,0.1096989172564244,0.0,1.9457944721031823,0.0,2.4452925874674563,2.0532849053542175,2.13672184573803,2.4452925874674563,0.0,1.436654809076923,2.2432974728262467,0.5704637662158738,0.0,2.4452925874674563,60.0,19.0,0.6144874188212567,1,1,1,1,0,1,1,1.81,3.845883202923601,False,False,False,False,False,False,,,19.0,50.0
5938,Sentinel,https://www.crunchbase.com/organization/sentinel-cde4,Estonia,59.4372155,24.7453688,2019,2.0,True,True,False,False,True,False,False,False,False,True,False,False,False,False,1,1,5,False,False,False,False,0.0,False,1.35,False,2020-09-14,2020-09-14,Seed,2020,39.6,True,,True,,3.0,5.8,False,,True,,False,,True,,False,,False,,2,0,True,,False,True,,True,,True,,True,,True,,True,,2,,True,,False,True,,True,True,True,False,False,False,True,False,102,0,False,138,16,0.1159420289855072,0.1096989172564244,0.0,2.644050771209422,0.0,8.790766821121178,0.0,2.644050771209422,8.790766821121178,0.0,0.0,0.0,4.961519917875475,0.0,8.790766821121178,12.0,11.0,0.4141603311643828,1,0,0,0,0,0,0,1.81,3.845883202923601,False,False,False,False,False,False,,,19.0,50.0
5934,99math,https://www.crunchbase.com/organization/99math,Estonia,59.4372155,24.7453688,2019,3.0,False,True,False,False,False,True,False,False,False,True,False,False,False,False,1,1,3,True,False,False,False,1.0,True,0.5,True,2020-01-29,2020-01-29,Venture - Series Unknown,2020,20.0,True,True,False,False,4.0,1.3,False,False,True,True,False,False,False,False,False,False,False,False,3,1,True,True,True,True,True,True,True,True,True,True,True,True,True,True,True,3,1.0,True,True,True,True,True,False,False,False,False,False,False,True,True,102,0,False,138,16,0.1159420289855072,0.1096989172564244,0.0,0.0,0.0,0.0,0.0,0.0,0.0,0.0,0.0,0.0,0.0,0.0,0.0,7.0,18.0,0.4082480730260462,1,0,0,1,0,0,0,1.81,3.845883202923601,False,False,True,False,True,True,,,19.0,50.0
5919,Single.Earth,https://www.crunchbase.com/organization/single-earth,Estonia,59.4372155,24.7453688,2019,2.0,True,True,False,False,False,False,False,False,True,True,False,True,False,False,1,2,3,True,False,True,False,2.0,True,8.237542,False,2020-07-01,2021-07-06,Seed,2020,76.0,True,True,True,True,4.0,8.0,False,False,True,True,False,False,False,False,True,True,False,False,0,0,False,False,False,True,True,False,False,False,False,False,False,False,False,False,False,0,0.0,False,False,False,True,True,False,False,False,False,False,False,True,True,102,0,False,138,16,0.1159420289855072,0.1096989172564244,0.0,0.18095435291128464,0.08241180752014504,0.3780394436935638,0.08241180752014504,0.08241180752014504,0.08241180752014504,0.08241180752014504,0.23022562560685442,0.3780394436935638,0.2640111694842467,0.0,0.3960167542263701,4.0,10.0,0.3113709856974924,1,0,0,0,0,0,0,1.81,3.845883202923601,False,False,False,False,False,False,,,19.0,50.0
5913,Fyma,https://www.crunchbase.com/organization/visory,Estonia,59.4372155,24.7453688,2019,2.0,True,True,False,False,True,True,False,False,False,True,False,False,True,False,0,3,10,True,False,True,False,3.0,True,4.175837,False,2019-10-15,2023-11-10,Seed,2019,58.27272727272727,True,True,True,True,4.0,7.3,True,False,True,True,False,False,False,False,True,False,True,False,5,2,True,True,False,True,True,True,True,True,True,True,True,True,True,True,True,5,2.0,True,True,False,True,True,True,True,True,False,False,False,True,False,102,0,False,138,16,0.1159420289855072,0.1096989172564244,0.0,2.1797416428847036,0.0,9.270261216011441,0.0,2.8588543093043604,9.270261216011441,0.0,0.5951454212388367,1.7854362637165104,3.904321659848262,0.0,15.078332642868839,16.0,29.0,0.5250204403356119,1,1,0,1,0,1,0,1.81,3.616308761279101,False,False,False,False,False,False,,,19.0,50.0
6126,ORDIN,https://www.crunchbase.com/organization/ordin,Estonia,59.4372155,24.7453688,2019,1.0,True,True,False,False,False,False,False,False,False,True,False,False,True,False,0,1,1,False,True,True,False,0.0,False,0.04,True,2019-10-03,2019-10-03,Pre-Seed,2019,448.0,True,,False,,7.0,13.0,False,,True,,True,,False,,False,,False,,1,0,True,,True,True,,True,,True,,True,,True,,True,,1,,True,,True,True,,False,False,False,False,False,False,True,True,102,0,False,138,16,0.1159420289855072,0.1096989172564244,0.0,0.0,0.0,0.0,0.0,0.0,0.0,0.0,0.0,0.0,0.0,0.0,0.0,50.0,9.0,0.5329944995695938,1,1,1,0,0,0,1,1.81,3.616308761279101,False,False,False,False,False,False,,,19.0,50.0
5877,BlackWall,https://www.crunchbase.com/organization/botguard,Estonia,59.4372155,24.7453688,2019,2.0,True,True,False,False,True,False,False,False,False,True,False,False,False,False,1,1,5,True,False,False,False,1.0,True,0.58715,False,2020-10-13,2020-10-13,Series B,2020,15.4,True,True,True,False,2.0,2.2,True,False,True,True,False,False,False,False,False,False,False,False,1,1,True,True,False,True,True,True,True,True,True,True,True,True,True,True,True,1,1.0,True,True,False,True,True,False,False,False,False,False,False,True,True,102,0,False,138,15,0.108695652173913,0.1031842362352307,0.0,0.3975642035911694,0.0,0.8341779269775501,0.3780394436935638,0.5300856047882259,0.8341779269775501,0.0,0.0,0.0,0.5349108124036335,0.0,0.8341779269775501,5.0,4.0,0.2569636424365148,1,0,0,0,0,0,0,1.81,3.845883202923601,False,True,True,True,True,True,,,19.0,50.0
5875,UP Catalyst,https://www.crunchbase.com/organization/up-catalyst,Estonia,59.4372155,24.7453688,2019,1.0,True,True,False,False,True,False,False,False,False,False,False,False,False,False,1,4,8,True,False,True,False,2.0,True,7.510118,False,2020-12-17,2024-08-21,Seed,2020,7.388888888888889,True,True,True,True,8.3,0.4,True,True,True,True,True,False,True,False,True,False,False,False,9,1,True,True,False,True,True,True,True,True,True,True,True,True,True,True,True,12,1.0,True,True,False,True,True,False,False,False,False,True,False,True,True,102,0,False,138,16,0.1159420289855072,0.1096989172564244,0.0,0.2272323062842992,0.0,1.0420488480530192,0.0,0.18203351893934377,1.0420488480530192,0.0,0.5210244240265096,1.0420488480530192,0.38470577802996775,0.0,1.060822373700429,4.0,4.0,0.2388768829477851,1,0,0,0,0,0,0,1.81,3.845883202923601,False,False,False,False,False,False,,,19.0,50.0
5906,Tuum,https://www.crunchbase.com/organization/tuum,Estonia,59.4372155,24.7453688,2019,4.0,True,True,False,False,False,False,False,False,True,True,False,False,False,False,1,1,5,True,False,False,False,2.0,True,4.831379,False,2020-12-09,2020-12-09,Series B,2020,22.5,True,True,True,True,9.7,43.0,True,True,True,True,True,False,False,False,False,False,False,False,2,1,True,True,False,True,True,True,True,True,True,True,True,True,True,True,True,2,1.0,True,True,False,True,True,True,True,True,False,False,False,True,False,102,0,False,138,15,0.108695652173913,0.1031842362352307,0.0,3.9006611925665458,0.0,8.825028267869888,0.0,5.881576393987682,8.825028267869888,0.0,0.9292883904348408,1.8585767808696816,5.6966654718613245,0.0,8.97266563802999,3.0,2.0,0.1697730111149502,1,0,0,0,0,0,0,1.81,3.845883202923601,False,True,True,True,True,True,,,19.0,50.0
5914,DriveX Technologies,https://www.crunchbase.com/organization/drivex-technologies,Estonia,59.4372155,24.7453688,2020,3.0,True,True,False,False,True,False,False,False,True,True,False,False,False,False,0,3,15,True,False,True,False,2.0,True,2.501158,False,2020-12-14,2025-02-05,Seed,2020,41.357142857142854,True,True,True,True,11.0,14.3,False,False,True,False,True,False,True,False,True,True,True,False,6,1,True,True,False,True,True,True,True,True,True,True,True,True,True,True,True,6,1.0,True,True,False,True,True,True,True,True,False,True,False,True,False,102,0,False,148,16,0.1081081081081081,0.1026541540600833,0.0,1.116051434096346,0.0,8.825028267869888,0.0,1.227231097312516,8.825028267869888,0.0,0.6157429496235826,1.2314858992471651,2.0840985294575587,0.0,9.39909543060569,68.0,34.0,0.6781658495829617,1,1,1,1,1,1,1,-5.65,3.845883202923601,False,False,False,False,False,False,,,19.0,50.0
5907,Formaloo,https://www.crunchbase.com/organization/formaloo,Estonia,59.4372155,24.7453688,2020,4.0,True,True,False,False,True,False,False,False,False,True,False,False,False,True,0,3,5,True,False,False,False,2.0,True,2.48,False,2020-02-27,2023-07-05,Seed,2020,266.42857142857144,True,True,True,False,8.4,13.6,False,False,True,True,True,True,False,False,False,False,False,False,4,2,True,True,False,True,True,True,True,True,True,True,True,True,True,True,True,4,2.0,True,True,False,True,True,True,True,True,False,False,False,True,False,102,0,False,148,16,0.1081081081081081,0.1026541540600833,0.0,3.5782556034890223,0.0,9.086175981615916,0.0,5.009557844884631,9.086175981615916,0.0,0.0,0.0,5.073821865277447,0.0,9.086175981615916,69.0,21.0,0.6369030283584813,1,1,1,1,1,1,1,-5.65,3.845883202923601,False,False,False,False,False,False,,,19.0,50.0
5898,Shen.AI,https://www.crunchbase.com/organization/mx-labs,Estonia,59.4372155,24.7453688,2020,2.0,True,True,False,False,True,False,False,True,True,True,False,False,False,False,0,2,7,True,False,True,False,1.0,True,3.0,False,2020-10-30,2022-01-31,Venture - Series Unknown,2020,22.545454545454547,True,False,True,True,3.4,0.9,True,False,True,False,False,False,False,False,False,False,False,False,3,0,True,False,False,True,False,True,False,True,False,True,False,True,False,True,False,3,0.0,True,False,False,True,True,True,True,True,False,False,False,True,False,102,0,False,148,16,0.1081081081081081,0.1026541540600833,0.0,3.2313396571799227,0.0,9.270261216011441,0.0,3.5309848734552194,9.270261216011441,0.8341779269775501,0.8341779269775501,0.8341779269775501,5.553829480089608,0.0,13.584704601353966,3.0,6.0,0.2476771581726159,1,0,0,0,0,0,0,-5.65,3.845883202923601,False,False,True,False,True,True,,,19.0,50.0
6092,dillali,https://www.crunchbase.com/organization/dillali,Estonia,59.4372155,24.7453688,2020,2.0,True,True,False,False,False,False,False,False,True,True,False,False,False,False,0,2,4,False,False,True,False,0.0,False,0.258524,True,2020-12-07,2021-10-19,Venture - Series Unknown,2020,199.4,True,,True,,6.0,5.6,False,,True,,True,,False,,False,,False,,3,0,True,,False,True,,True,,True,,True,,True,,True,,3,,True,,False,True,,True,True,True,False,False,False,True,False,102,0,False,148,16,0.1081081081081081,0.1026541540600833,0.0,2.004450544073669,0.0,8.790766821121178,0.0,2.004450544073669,8.790766821121178,0.0,0.0,0.0,3.9439868112518646,0.0,9.373109951413621,67.0,25.0,0.649387050126941,1,1,1,1,1,1,1,-5.65,3.845883202923601,False,False,True,False,True,True,,,19.0,50.0
6025,Recoshelf,https://www.crunchbase.com/organization/recoshelf,Estonia,59.4372155,24.7453688,2020,2.0,False,True,False,False,True,False,False,False,False,True,False,False,False,False,0,6,5,False,False,True,False,5.0,True,0.315083,True,2020-04-02,2022-11-30,Pre-Seed,2020,180.83333333333337,False,False,True,True,7.3,11.7,False,False,True,True,True,True,False,False,False,False,False,False,0,0,False,False,False,False,False,False,False,False,False,False,False,False,False,False,False,0,0.0,False,False,False,True,True,True,True,True,False,False,False,True,False,102,0,False,148,16,0.1081081081081081,0.1026541540600833,0.0,2.9033235980238237,0.8341779269775501,8.790766821121178,0.0,0.0,0.0,0.8341779269775501,2.9033235980238237,8.790766821121178,4.318092879030645,0.0,9.85371160789348,1.0,0.0,0.0,0,0,0,0,0,0,0,-5.65,3.845883202923601,False,False,False,False,False,False,,,19.0,50.0
6101,Nobe,https://www.crunchbase.com/organization/xpass,Estonia,59.4372155,24.7453688,2020,2.0,True,True,False,False,True,True,False,False,True,True,False,False,False,False,0,2,2,False,False,True,False,2.0,True,0.550366,False,2020-10-30,2021-04-14,Pre-Seed,2020,262.0,True,True,False,False,6.0,8.5,False,False,True,True,True,True,False,False,True,True,False,False,1,1,True,True,False,True,True,True,True,True,True,True,True,True,True,True,True,1,1.0,True,True,False,True,True,False,False,False,False,False,False,True,True,102,0,False,148,16,0.1081081081081081,0.1026541540600833,0.0,0.04120590376007252,0.0,0.08241180752014504,0.0,0.0,0.0,0.0,0.04120590376007252,0.08241180752014504,0.08241180752014504,0.08241180752014504,0.08241180752014504,64.0,20.0,0.6252740832255221,1,1,1,1,0,1,1,-5.65,3.845883202923601,False,False,False,False,False,False,,,19.0,50.0
6245,Idyllum Labs,https://www.crunchbase.com/organization/idyllum-labs,Estonia,58.3801207,26.72245,2020,1.0,True,False,False,False,False,False,False,False,False,True,False,False,False,False,0,1,1,False,True,True,False,0.0,False,0.0,True,2020-03-16,2020-03-16,Pre-Seed,2020,448.0,False,,True,,8.0,13.0,False,,True,,True,,False,,False,,False,,0,0,False,,False,False,,False,,False,,False,,False,,False,,1,,True,,True,True,,False,False,False,False,False,False,True,True,5,0,False,19,2,0.1052631578947368,0.1000834585569824,0.1634029903936329,0.16340299039363307,0.16340299039363307,0.16340299039363307,0.16340299039363307,0.16340299039363307,0.16340299039363307,0.0,0.0,0.0,0.0,0.0,0.0,4.0,0.0,0.0908983577180024,0,0,0,0,1,1,1,-5.65,3.845883202923601,False,False,False,False,False,False,,,0.0,3.0
6131,Taut,https://www.crunchbase.com/organization/homestudy,Estonia,59.4372155,24.7453688,2020,3.0,True,True,False,False,False,True,False,False,False,True,False,False,False,False,0,1,1,False,True,True,False,0.0,False,0.025,True,2020-12-04,2020-12-04,Pre-Seed,2020,448.0,True,,False,,8.0,13.0,False,,True,,True,,False,,False,,False,,1,0,True,,True,True,,True,,True,,True,,True,,True,,1,,True,,True,True,,False,False,False,False,False,False,True,True,102,0,False,148,16,0.1081081081081081,0.1026541540600833,0.0,0.0,0.0,0.0,0.0,0.0,0.0,0.0,0.0,0.0,0.0,0.0,0.0,60.0,19.0,0.6144874188212567,1,1,1,1,0,1,1,-5.65,3.845883202923601,False,False,False,False,False,False,,,19.0,50.0
6143,Cappture,https://www.crunchbase.com/organization/cappture-5832,Estonia,59.4372155,24.7453688,2020,1.0,True,True,False,False,True,False,False,False,False,True,False,False,False,False,0,1,1,False,True,True,False,0.0,False,0.055,True,2020-11-01,2020-11-01,Pre-Seed,2020,448.0,True,,False,,8.0,13.0,False,,True,,True,,False,,False,,False,,1,0,True,,True,True,,True,,True,,True,,True,,True,,1,,True,,True,True,,False,False,False,False,False,False,True,True,102,0,False,148,16,0.1081081081081081,0.1026541540600833,0.0,0.0,0.0,0.0,0.0,0.0,0.0,0.0,0.0,0.0,0.0,0.0,0.0,60.0,19.0,0.6144874188212567,1,1,1,1,0,1,1,-5.65,3.845883202923601,False,False,False,False,False,False,,,19.0,50.0
13064,Robert Kalinkin,https://www.crunchbase.com/organization/robert-kalinkin-2,Lithuania,54.6870458,25.2829111,2008,2.0,False,False,False,False,True,True,False,False,False,True,False,False,False,False,7,1,1,False,True,False,True,1.0,True,0.226046,True,2015-09-01,2015-09-01,Seed,2015,72.0,True,True,False,False,4.0,4.0,False,False,True,True,False,False,False,False,False,False,False,False,1,1,True,True,True,True,True,True,True,True,True,True,True,True,True,True,True,1,1.0,True,True,True,False,False,False,False,False,False,False,False,True,True,53,0,False,0,0,0.0,0.0,0.3931527714736103,0.0,0.0,0.0,0.0,0.0,0.0,0.0,0.0,0.0,0.0,0.0,0.0,21.0,0.0,0.2378772748593827,1,0,0,0,0,0,1,0.64,3.039749158970765,False,False,False,False,False,False,,,8.0,21.0
13084,ImpressPages,https://www.crunchbase.com/organization/impresspages,Lithuania,54.6870458,25.2829111,2009,3.0,True,False,False,False,False,False,False,False,False,True,False,False,False,True,4,1,1,False,True,False,True,1.0,True,0.256114,True,2013-07-09,2013-07-09,Seed,2013,72.0,True,True,False,False,2.0,4.0,False,False,True,True,False,False,False,False,False,False,False,False,1,1,True,True,True,True,True,True,True,True,True,True,True,True,True,True,True,1,1.0,True,True,True,False,False,False,False,False,False,False,False,True,True,53,0,False,3,0,0.0,0.0,0.3931527714736103,0.0,0.0,0.0,0.0,0.0,0.0,0.0,0.0,0.0,0.0,0.0,0.0,8.0,0.0,0.1492082812712644,0,0,0,0,0,0,0,-4.35,2.8903717578961645,False,False,False,False,False,False,,,8.0,21.0
13088,Mobassurance,https://www.crunchbase.com/organization/mobassurance,Lithuania,54.6870458,25.2829111,2009,2.0,True,False,False,False,False,True,False,False,True,True,False,False,False,True,4,1,1,False,True,False,True,1.0,True,0.264396,True,2013-08-01,2013-08-01,Seed,2013,72.0,True,True,False,False,2.0,4.0,False,False,True,True,False,False,False,False,False,False,False,False,1,1,True,True,True,True,True,True,True,True,True,True,True,True,True,True,True,1,1.0,True,True,True,False,False,False,False,False,False,False,False,True,True,53,0,False,3,0,0.0,0.0,0.3931527714736103,0.0,0.0,0.0,0.0,0.0,0.0,0.0,0.0,0.0,0.0,0.0,0.0,8.0,0.0,0.1492082812712644,0,0,0,0,0,0,0,-4.35,2.8903717578961645,False,False,False,False,False,False,,,8.0,21.0
13002,Rubedo Sistemos,https://www.crunchbase.com/organization/rubedo-sistemos,Lithuania,54.8982139,23.9044817,2009,4.0,True,False,False,False,True,True,False,False,False,True,False,False,False,False,7,2,2,False,False,False,False,0.0,False,1.004117,False,2016-11-18,2021-08-01,Seed,2016,52.5,True,,False,,4.5,2.0,False,,True,,False,,False,,False,,False,,0,0,False,,False,True,,False,,False,,False,,False,,False,,2,,True,,True,False,,False,False,False,False,False,False,True,True,3,0,False,0,0,0.0,0.0,0.3528033105724979,0.09143308999659236,0.09143308999659236,0.09143308999659236,0.09143308999659236,0.09143308999659236,0.09143308999659236,0.0,0.0,0.0,0.0,0.0,0.0,1.0,0.0,0.0,0,0,0,0,1,1,1,-4.35,2.8903717578961645,False,False,False,False,False,False,,,0.0,0.0
13062,Pinfishing.com,https://www.crunchbase.com/organization/pinfishing-com,Lithuania,54.6870458,25.2829111,2011,1.0,False,False,False,False,True,True,False,False,False,True,True,False,False,False,4,1,1,False,True,False,True,1.0,True,0.212571,True,2015-12-01,2015-12-01,Seed,2015,72.0,True,True,False,False,4.0,4.0,False,False,True,True,False,False,False,False,False,False,False,False,1,1,True,True,True,True,True,True,True,True,True,True,True,True,True,True,True,1,1.0,True,True,True,False,False,False,False,False,False,False,False,True,True,53,0,False,8,0,0.0,0.0,0.3931527714736103,0.0,0.0,0.0,0.0,0.0,0.0,0.0,0.0,0.0,0.0,0.0,0.0,21.0,0.0,0.2378772748593827,1,0,0,0,0,0,1,1.9,3.039749158970765,False,False,False,False,False,False,,,8.0,21.0
13065,Adduplex,https://www.crunchbase.com/organization/adduplex,Lithuania,54.6870458,25.2829111,2011,1.0,False,False,False,False,False,False,False,False,False,True,True,False,False,True,2,2,1,False,True,False,True,1.0,True,0.723833,False,2013-06-06,2015-10-01,Seed,2013,72.0,True,True,False,False,3.0,4.0,False,False,True,True,False,False,False,False,False,False,False,False,2,2,True,True,True,True,True,True,True,True,True,True,True,True,True,True,True,2,2.0,True,True,True,False,False,False,False,False,False,False,False,True,True,53,0,False,8,0,0.0,0.0,0.3931527714736103,0.0,0.0,0.0,0.0,0.0,0.0,0.0,0.0,0.0,0.0,0.0,0.0,21.0,0.0,0.2378772748593827,1,0,0,0,0,0,1,1.9,2.8903717578961645,False,False,False,False,False,False,,,8.0,21.0
13077,Aciety,https://www.crunchbase.com/organization/aciety,Lithuania,54.8982139,23.9044817,2011,2.0,True,False,False,False,True,False,False,False,False,True,False,False,False,True,2,1,1,False,True,False,False,0.0,False,0.519615,False,2013-06-01,2013-06-01,Seed,2013,72.0,True,,False,,2.0,4.0,False,,True,,False,,False,,False,,False,,0,0,False,,False,True,,False,,False,,False,,False,,False,,1,,True,,True,False,,False,False,False,False,False,False,True,True,3,0,False,1,0,0.0,0.0,0.3528033105724979,0.09143308999659236,0.09143308999659236,0.09143308999659236,0.09143308999659236,0.09143308999659236,0.09143308999659236,0.0,0.0,0.0,0.0,0.0,0.0,0.0,0.0,0.0,0,0,0,0,1,1,1,1.9,2.8903717578961645,False,False,False,False,False,False,,,0.0,0.0
13078,Gifty,https://www.crunchbase.com/organization/gifty,Lithuania,54.6870458,25.2829111,2011,3.0,False,False,False,False,False,True,True,False,False,True,False,False,False,True,4,1,1,False,True,False,True,1.0,True,0.685758,False,2015-01-01,2015-01-01,Seed,2015,72.0,True,True,False,False,4.0,4.0,False,False,True,True,False,False,False,False,False,False,False,False,1,1,True,True,True,True,True,True,True,True,True,True,True,True,True,True,True,1,1.0,True,True,True,False,False,False,False,False,False,False,False,True,True,53,0,False,8,0,0.0,0.0,0.3931527714736103,0.0,0.0,0.0,0.0,0.0,0.0,0.0,0.0,0.0,0.0,0.0,0.0,21.0,0.0,0.2378772748593827,1,0,0,0,0,0,1,1.9,3.039749158970765,False,False,False,False,False,False,,,8.0,21.0
13086,Rewalon,https://www.crunchbase.com/organization/rewalon,Lithuania,54.6870458,25.2829111,2011,1.0,False,False,False,False,False,True,False,False,False,False,False,False,False,False,2,2,2,True,False,False,False,1.0,True,0.500295,False,2013-01-07,2014-05-05,Seed,2013,48.333333333333336,True,True,True,False,3.0,2.7,False,False,True,True,False,False,False,False,False,False,False,False,2,1,True,True,False,True,True,True,True,True,True,True,True,True,True,True,True,2,1.0,True,True,False,False,False,False,False,False,False,False,False,True,True,53,0,False,8,0,0.0,0.0,0.3931527714736103,0.1438839775105896,0.0,0.4316519325317688,0.0,0.2158259662658844,0.4316519325317688,0.0,0.0,0.0,0.2877679550211792,0.0,0.4316519325317688,16.0,2.0,0.3133110331910896,1,0,0,0,0,0,0,1.9,2.8903717578961645,False,False,False,False,False,False,,,8.0,21.0
13097,Bliu Bliu,https://www.crunchbase.com/organization/bliu-bliu,Lithuania,54.6870458,25.2829111,2012,1.0,True,False,False,False,False,True,False,False,False,True,False,False,False,False,2,1,1,False,True,False,False,0.0,False,0.0,True,2014-10-01,2014-10-01,Seed,2014,230.0,False,,True,,4.0,44.0,False,,False,,True,,False,,False,,False,,0,0,False,,False,False,,False,,False,,False,,False,,False,,0,,False,,False,True,,False,False,False,False,False,False,True,True,53,0,False,17,0,0.0,0.0,0.3931527714736103,1.4652389745148393,1.4652389745148393,1.4652389745148393,1.4652389745148393,1.4652389745148393,1.4652389745148393,0.0,0.0,0.0,0.0,0.0,0.0,0.0,0.0,0.0,0,0,0,0,0,0,0,-0.7,3.261935314328648,False,False,False,False,False,False,,,8.0,21.0
13094,Benjamin River Productions,https://www.crunchbase.com/organization/benjamin-river-productions,Lithuania,54.6870458,25.2829111,2012,1.0,False,False,False,False,False,False,False,False,False,False,True,False,False,False,0,1,1,False,True,False,True,1.0,True,0.259772,True,2012-12-01,2012-12-01,Seed,2012,72.0,True,True,False,False,1.0,4.0,False,False,True,True,False,False,False,False,False,False,False,False,1,1,True,True,True,True,True,True,True,True,True,True,True,True,True,True,True,1,1.0,True,True,True,False,False,False,False,False,False,False,False,True,True,53,0,False,17,0,0.0,0.0,0.3931527714736103,0.0,0.0,0.0,0.0,0.0,0.0,0.0,0.0,0.0,0.0,0.0,0.0,0.0,0.0,0.0,0,0,0,0,0,0,0,-0.7,2.747270914255491,False,False,False,False,False,False,,,8.0,21.0
13093,Dragdis,https://www.crunchbase.com/organization/dragdis,Lithuania,54.6870458,25.2829111,2012,3.0,False,False,False,False,False,False,False,False,True,True,True,False,False,True,0,2,2,True,False,False,False,1.0,True,0.282323,True,2012-01-01,2013-09-01,Seed,2012,43.0,True,True,False,False,1.5,2.5,False,False,True,True,True,False,False,False,False,False,False,False,2,1,True,True,True,True,True,True,True,True,True,True,True,True,True,True,True,2,1.0,True,True,True,False,False,False,False,False,False,False,False,True,True,53,0,False,17,0,0.0,0.0,0.3931527714736103,0.0,0.0,0.0,0.0,0.0,0.0,0.0,0.0,0.0,0.0,0.0,0.0,8.0,0.0,0.1492082812712644,0,0,0,0,0,0,0,-0.7,2.747270914255491,False,False,False,False,False,False,,,8.0,21.0
13089,STYLEGRID,https://www.crunchbase.com/organization/stylegrid,Lithuania,54.6870458,25.2829111,2012,1.0,False,False,False,False,True,True,False,False,False,True,False,False,False,False,0,1,1,False,True,True,True,1.0,True,0.038966,True,2012-12-01,2012-12-01,Pre-Seed,2012,4.0,False,False,True,True,30.0,1.0,False,False,False,False,False,False,False,False,False,False,False,False,0,0,False,False,False,False,False,False,False,False,False,False,False,False,False,False,False,0,0.0,False,False,False,False,False,True,True,True,True,False,False,False,False,53,0,False,17,0,0.0,0.0,0.3931527714736103,9.281477283437598,9.281477283437598,9.281477283437598,0.0,0.0,0.0,9.281477283437598,9.281477283437598,9.281477283437598,0.0,0.0,0.0,0.0,0.0,0.0,0,0,0,0,0,0,0,-0.7,2.747270914255491,False,False,False,False,False,False,,,8.0,21.0
13080,AdTarget,https://www.crunchbase.com/organization/adtarget-me,Lithuania,54.6870458,25.2829111,2012,2.0,True,False,False,False,False,False,False,False,True,True,True,False,False,True,2,1,1,False,True,False,True,1.0,True,0.276038,True,2014-03-01,2014-03-01,Seed,2014,72.0,True,True,False,False,3.0,4.0,False,False,True,True,False,False,False,False,False,False,False,False,1,1,True,True,True,True,True,True,True,True,True,True,True,True,True,True,True,1,1.0,True,True,True,False,False,False,False,False,False,False,False,True,True,53,0,False,17,0,0.0,0.0,0.3931527714736103,0.0,0.0,0.0,0.0,0.0,0.0,0.0,0.0,0.0,0.0,0.0,0.0,16.0,3.0,0.3397617390478185,1,0,0,0,0,0,0,-0.7,3.261935314328648,False,False,False,False,False,False,,,8.0,21.0
13069,PlaceILive,https://www.crunchbase.com/organization/place-i-live,Lithuania,54.6870458,25.2829111,2012,3.0,False,False,False,False,True,True,False,False,False,True,False,False,True,True,0,3,2,True,False,False,False,1.0,True,0.387709,True,2012-01-01,2015-06-01,Seed,2012,52.666666666666664,True,True,False,False,2.3,3.0,False,False,True,True,True,False,False,False,False,False,False,False,3,1,True,True,True,True,True,True,True,True,True,True,True,True,True,True,True,3,1.0,True,True,True,False,False,False,False,False,False,False,False,True,True,53,0,False,17,0,0.0,0.0,0.3931527714736103,0.0,0.0,0.0,0.0,0.0,0.0,0.0,0.0,0.0,0.0,0.0,0.0,21.0,0.0,0.2378772748593827,1,0,0,0,0,0,1,-0.7,2.747270914255491,False,False,False,False,False,False,,,8.0,21.0
13047,Sprana,https://www.crunchbase.com/organization/sprana,Lithuania,54.6870458,25.2829111,2012,2.0,True,False,False,False,False,False,False,False,False,True,False,False,False,False,7,1,1,False,True,False,True,1.0,True,0.623323,False,2019-10-01,2019-10-01,Seed,2019,20.0,True,True,False,False,1.0,1.0,False,False,True,True,False,False,False,False,False,False,False,False,1,1,True,True,True,True,True,True,True,True,True,True,True,True,True,True,True,1,1.0,True,True,True,False,False,False,False,False,False,False,False,True,True,53,0,False,17,0,0.0,0.0,0.3931527714736103,0.0,0.0,0.0,0.0,0.0,0.0,0.0,0.0,0.0,0.0,0.0,0.0,1.0,0.0,0.0,0,0,0,0,0,0,0,-0.7,3.616308761279101,False,False,False,False,False,False,,,8.0,21.0
12948,Pipelinepharma,https://www.crunchbase.com/organization/pipelinepharma,Lithuania,54.6870458,25.2829111,2012,2.0,True,False,False,False,False,True,False,True,False,False,False,False,False,True,7,2,4,True,False,True,False,1.0,True,1.926033,False,2019-05-31,2021-05-31,Seed,2019,76.0,True,True,True,False,14.0,4.4,True,False,True,True,True,False,False,False,False,False,False,False,3,2,True,True,False,True,True,True,True,True,True,True,True,True,True,True,True,3,2.0,True,True,False,True,False,False,False,False,False,False,False,True,True,53,0,False,17,0,0.0,0.0,0.3931527714736103,0.4360774961755107,0.0,1.3669195973032824,0.0,0.7267958269591845,1.3669195973032824,0.0,0.0,0.0,0.7162844462817445,0.0,1.3669195973032824,33.0,8.0,0.4830840443060399,1,1,1,0,1,1,1,-0.7,3.616308761279101,False,False,False,False,False,False,,,8.0,21.0
12931,CGTrader,https://www.crunchbase.com/organization/cgtrader,Lithuania,54.6870458,25.2829111,2012,3.0,False,False,False,False,True,True,False,False,False,True,False,False,False,False,1,1,1,False,True,False,True,1.0,True,0.26382,True,2013-02-21,2013-02-21,Series B,2013,72.0,True,True,False,False,2.0,4.0,False,False,True,True,False,False,False,False,False,False,False,False,1,1,True,True,True,True,True,True,True,True,True,True,True,True,True,True,True,1,1.0,True,True,True,False,False,False,False,False,False,False,False,True,True,53,0,False,17,0,0.0,0.0,0.3931527714736103,0.0,0.0,0.0,0.0,0.0,0.0,0.0,0.0,0.0,0.0,0.0,0.0,8.0,0.0,0.1492082812712644,0,0,0,0,0,0,0,-0.7,2.8903717578961645,False,False,True,False,True,True,,,8.0,21.0
13063,PlateCulture,https://www.crunchbase.com/organization/plateculture,Lithuania,54.6870458,25.2829111,2013,2.0,False,False,False,False,False,True,False,False,False,False,False,False,False,False,1,3,3,False,False,False,False,1.0,True,0.875777,False,2014-09-15,2016-09-15,Seed,2014,50.4,True,True,True,False,4.0,3.2,False,False,True,True,False,False,False,False,False,False,False,False,3,3,True,True,True,True,True,True,True,True,True,True,True,True,True,True,True,3,3.0,True,True,True,False,False,False,False,False,False,False,False,True,True,53,0,False,25,2,0.08,0.0769610411361283,0.3931527714736103,0.0,0.0,0.0,0.0,0.0,0.0,0.0,0.0,0.0,0.0,0.0,0.0,23.0,3.0,0.3739707873206112,1,0,0,0,0,0,1,-0.08,3.261935314328648,False,False,False,False,False,False,,,8.0,21.0
13068,Unboxed.network,https://www.crunchbase.com/organization/unboxed-2e07,Lithuania,54.8982139,23.9044817,2013,3.0,True,False,False,False,False,True,False,False,False,True,True,False,False,False,0,4,2,True,False,False,False,1.0,True,0.41941,True,2013-05-31,2018-08-09,Venture - Series Unknown,2013,532.0,False,False,True,True,12.0,73.0,True,True,True,True,True,True,False,False,False,False,False,False,0,0,False,False,False,False,False,False,False,False,False,False,False,False,False,False,False,0,0.0,False,False,False,False,False,True,True,True,True,False,False,False,False,3,0,False,3,1,0.3333333333333333,0.2876820724517809,0.3528033105724979,8.076181829698111,6.930341869319954,9.222021790076267,6.930341869319954,8.458128483157497,9.222021790076267,6.930341869319954,6.930341869319954,6.930341869319954,2.7220391149162086,0.0,4.083058672374313,0.0,0.0,0.0,0,0,0,0,1,1,1,-0.08,2.8903717578961645,False,False,True,False,True,True,,,0.0,0.0
12970,Frontu,https://www.crunchbase.com/organization/tasker-c063,Lithuania,54.8982139,23.9044817,2013,2.0,True,False,False,False,False,False,True,False,False,True,False,False,True,True,1,4,5,True,False,True,False,2.0,True,2.523901,False,2014-10-01,2021-08-24,Seed,2014,8.181818181818182,True,True,True,True,9.5,1.8,True,True,False,False,False,False,False,False,False,False,False,False,4,0,True,False,False,True,True,True,False,True,False,True,False,True,False,True,False,9,3.0,True,True,False,True,False,False,False,False,False,False,False,True,True,3,0,False,3,0,0.0,0.0,0.3528033105724979,0.14230313336706757,0.0,0.6009263564815609,0.0,0.09858697722377216,0.5072426605732204,0.09143308999659236,0.21880640661783451,0.6009263564815609,0.2388914645490652,0.0,1.0864943518985373,0.0,0.0,0.0,0,0,0,0,1,1,1,-0.08,3.261935314328648,True,False,False,True,True,True,2024-10-17,11.0,0.0,0.0
13022,Manodaktaras.lt,https://www.crunchbase.com/organization/manodaktaras-lt,Lithuania,54.6870458,25.2829111,2013,3.0,False,False,False,False,False,False,False,True,False,True,False,False,False,False,0,2,2,True,False,False,False,1.0,True,0.29059,True,2013-01-01,2014-05-01,Venture - Series Unknown,2013,33.333333333333336,True,True,False,False,2.7,2.0,False,False,True,True,True,False,False,False,False,False,False,False,3,1,True,True,True,True,True,True,True,True,True,True,True,True,True,True,True,3,1.0,True,True,True,False,False,False,False,False,False,False,False,True,True,53,0,False,25,2,0.08,0.0769610411361283,0.3931527714736103,0.0,0.0,0.0,0.0,0.0,0.0,0.0,0.0,0.0,0.0,0.0,0.0,16.0,2.0,0.3133110331910896,1,0,0,0,0,0,0,-0.08,2.8903717578961645,False,False,True,False,True,True,,,8.0,21.0
13075,Web Robots,https://www.crunchbase.com/organization/web-robots,Lithuania,54.6870458,25.2829111,2013,2.0,True,False,False,False,True,False,False,False,False,True,False,False,False,True,1,1,1,False,True,False,True,1.0,True,0.311825,True,2014-12-01,2014-12-01,Seed,2014,72.0,True,True,False,False,3.0,4.0,False,False,True,True,False,False,False,False,False,False,False,False,1,1,True,True,True,True,True,True,True,True,True,True,True,True,True,True,True,1,1.0,True,True,True,False,False,False,False,False,False,False,False,True,True,53,0,False,25,2,0.08,0.0769610411361283,0.3931527714736103,0.0,0.0,0.0,0.0,0.0,0.0,0.0,0.0,0.0,0.0,0.0,0.0,16.0,3.0,0.3397617390478185,1,0,0,0,0,0,0,-0.08,3.261935314328648,False,False,False,False,False,False,,,8.0,21.0
13092,LaSpell,https://www.crunchbase.com/organization/tokia-lt,Lithuania,54.6870458,25.2829111,2013,1.0,False,False,False,False,False,True,False,False,False,False,False,False,False,False,1,1,1,False,True,False,True,1.0,True,0.270484,True,2014-07-17,2014-07-17,Seed,2014,72.0,True,True,False,False,3.0,4.0,False,False,True,True,False,False,False,False,False,False,False,False,1,1,True,True,True,True,True,True,True,True,True,True,True,True,True,True,True,1,1.0,True,True,True,False,False,False,False,False,False,False,False,True,True,53,0,False,25,2,0.08,0.0769610411361283,0.3931527714736103,0.0,0.0,0.0,0.0,0.0,0.0,0.0,0.0,0.0,0.0,0.0,0.0,16.0,3.0,0.3397617390478185,1,0,0,0,0,0,0,-0.08,3.261935314328648,False,False,False,False,False,False,,,8.0,21.0
13090,Meskeriok.lt,https://www.crunchbase.com/organization/meskeriok-lt,Lithuania,54.6870458,25.2829111,2013,2.0,False,False,False,False,False,False,False,False,False,False,False,False,False,False,1,1,1,False,True,False,False,0.0,False,0.272558,True,2014-06-01,2014-06-01,Seed,2014,72.0,True,,False,,3.0,4.0,False,,True,,False,,False,,False,,False,,1,0,True,,True,True,,True,,True,,True,,True,,True,,1,,True,,True,False,,False,False,False,False,False,False,True,True,53,0,False,25,2,0.08,0.0769610411361283,0.3931527714736103,0.0,0.0,0.0,0.0,0.0,0.0,0.0,0.0,0.0,0.0,0.0,0.0,16.0,3.0,0.3397617390478185,1,0,0,0,0,0,0,-0.08,3.261935314328648,False,False,False,False,False,False,,,8.0,21.0
13083,TrackDuck,https://www.crunchbase.com/organization/trackduck,Lithuania,54.6870458,25.2829111,2013,3.0,True,False,False,False,True,False,False,False,False,True,False,False,False,True,1,1,2,True,False,False,False,1.0,True,0.274721,True,2014-03-05,2014-03-05,Seed,2014,414.0,True,True,True,False,3.5,63.0,False,False,True,True,False,False,False,False,True,False,False,False,1,1,True,True,False,True,True,True,True,True,True,True,True,True,True,True,True,1,1.0,True,True,False,True,False,False,False,False,False,False,False,True,True,53,0,False,25,1,0.04,0.0392207131532812,0.3931527714736103,0.8482469801220972,0.0,1.6964939602441944,1.6964939602441944,1.6964939602441944,1.6964939602441944,0.0,0.0,0.0,1.6964939602441944,1.6964939602441944,1.6964939602441944,16.0,2.0,0.3133110331910896,1,0,0,0,0,0,0,-0.08,3.261935314328648,True,False,False,True,True,True,2017-05-02,4.0,8.0,21.0
12917,Trafi,https://www.crunchbase.com/organization/trafi,Lithuania,54.6870458,25.2829111,2013,4.0,True,False,False,False,True,True,False,False,False,True,False,False,False,False,0,1,1,False,True,False,True,1.0,True,0.4,True,2013-10-14,2013-10-14,Series B,2013,72.0,True,True,False,False,2.0,4.0,False,False,True,True,False,False,False,False,False,False,False,False,1,1,True,True,True,True,True,True,True,True,True,True,True,True,True,True,True,1,1.0,True,True,True,False,False,False,False,False,False,False,False,True,True,53,0,False,25,1,0.04,0.0392207131532812,0.3931527714736103,0.0,0.0,0.0,0.0,0.0,0.0,0.0,0.0,0.0,0.0,0.0,0.0,8.0,0.0,0.1492082812712644,0,0,0,0,0,0,0,-0.08,2.8903717578961645,True,False,True,True,True,True,2025-04-14,12.0,8.0,21.0
13028,Foodout Group,https://www.crunchbase.com/organization/foodout,Lithuania,54.6870458,25.2829111,2014,1.0,False,False,False,False,True,True,True,False,False,True,False,False,False,False,1,2,1,False,True,False,False,0.0,False,1.2,False,2015-01-10,2015-07-04,Series A,2015,9.0,True,,False,,2.0,1.0,False,,False,,False,,False,,False,,False,,2,0,True,,True,True,,True,,True,,True,,True,,True,,2,,True,,True,False,,False,False,False,False,False,False,True,True,53,0,False,31,3,0.0967741935483871,0.0923733201310151,0.3931527714736103,0.0,0.0,0.0,0.0,0.0,0.0,0.0,0.0,0.0,0.0,0.0,0.0,0.0,0.0,0.0,0,0,0,0,0,0,0,1.6,3.039749158970765,False,False,True,False,True,True,,,8.0,21.0
13067,Sharecruit,https://www.crunchbase.com/organization/sharecruit,Lithuania,54.6870458,25.2829111,2014,1.0,True,False,False,False,True,False,False,False,False,False,False,False,False,False,0,2,2,False,False,False,False,0.0,False,0.51017,False,2014-08-27,2015-12-01,Seed,2014,31.333333333333332,True,,True,,1.7,2.7,False,,True,,False,,False,,True,,False,,2,0,True,,False,True,,True,,True,,True,,True,,True,,2,,True,,False,True,,False,False,False,False,False,False,True,True,53,0,False,31,3,0.0967741935483871,0.0923733201310151,0.3931527714736103,0.5749209678228073,0.0,1.7247629034684222,0.0,0.5749209678228073,1.7247629034684222,0.0,0.0,0.0,1.1498419356456147,0.0,1.7247629034684222,0.0,0.0,0.0,0,0,0,0,0,0,0,1.6,3.261935314328648,False,False,False,False,False,False,,,8.0,21.0
13071,FAS Workout,https://www.crunchbase.com/organization/fas-workout,Lithuania,54.6870458,25.2829111,2014,1.0,True,False,False,False,False,True,False,True,False,True,False,False,False,False,2,1,2,True,False,False,False,1.0,True,0.02,True,2016-03-14,2016-03-14,Seed,2016,814.5,False,False,True,True,6.0,10.5,False,False,True,True,True,True,False,False,True,True,False,False,0,0,False,False,False,False,False,False,False,False,False,False,False,False,False,False,False,0,0.0,False,False,False,False,False,True,True,False,False,False,False,False,False,53,0,False,31,3,0.0967741935483871,0.0923733201310151,0.3931527714736103,4.0943459962344315,4.085451912636204,4.103240079832661,4.085451912636204,4.085451912636204,4.085451912636204,4.103240079832661,4.103240079832661,4.103240079832661,0.044951295932390646,0.044951295932390646,0.044951295932390646,0.0,0.0,0.0,0,0,0,0,0,0,0,1.6,2.8903717578961645,False,False,False,False,False,False,,,8.0,21.0
13079,SEMSEYE,https://www.crunchbase.com/organization/sems-technologies,Lithuania,54.8982139,23.9044817,2014,5.0,True,False,False,False,True,True,False,False,False,True,False,False,False,False,1,1,3,False,False,False,False,0.0,False,0.0,True,2015-08-18,2015-08-18,Seed,2015,96.33333333333331,False,,True,,32.7,50.3,False,,True,,False,,False,,False,,True,,0,0,False,,False,False,,False,,False,,False,,False,,False,,0,,False,,False,False,,True,True,True,False,True,False,True,False,3,0,False,4,1,0.25,0.2231435513142097,0.3528033105724979,6.574545985575634,1.216528318804725,9.253569883216716,1.216528318804725,6.574545985575634,9.253569883216716,0.0,0.0,0.0,6.021995124856192,0.006047835478594608,9.030523449325134,0.0,0.0,0.0,0,0,0,0,1,1,1,1.6,3.039749158970765,False,False,False,False,False,False,,,0.0,0.0
13096,Meine Angelruten,https://www.crunchbase.com/organization/meine-angelruten,Lithuania,54.6870458,25.2829111,2014,1.0,False,False,False,False,False,True,False,False,False,True,True,False,False,False,0,1,1,False,True,False,False,0.0,False,0.272558,True,2014-06-01,2014-06-01,Seed,2014,72.0,True,,False,,3.0,4.0,False,,True,,False,,False,,False,,False,,1,0,True,,True,True,,True,,True,,True,,True,,True,,1,,True,,True,False,,False,False,False,False,False,False,True,True,53,0,False,31,3,0.0967741935483871,0.0923733201310151,0.3931527714736103,0.0,0.0,0.0,0.0,0.0,0.0,0.0,0.0,0.0,0.0,0.0,0.0,16.0,3.0,0.3397617390478185,1,0,0,0,0,0,0,1.6,3.261935314328648,False,False,False,False,False,False,,,8.0,21.0
12956,VSight,https://www.crunchbase.com/organization/vsight,Lithuania,54.6870458,25.2829111,2014,2.0,True,False,False,False,False,True,False,False,False,True,False,False,False,False,5,3,3,True,False,False,False,1.0,True,0.970839,False,2019-04-01,2021-11-11,Seed,2019,272.0,False,False,True,True,8.6,7.8,False,False,True,True,True,True,True,False,False,False,False,False,0,0,False,False,False,False,False,False,False,False,False,False,False,False,False,False,False,0,0.0,False,False,False,True,True,True,True,False,False,False,False,True,False,53,0,False,31,3,0.0967741935483871,0.0923733201310151,0.3931527714736103,1.2439992287232795,0.529189015945934,4.103240079832661,0.529189015945934,1.4227017819176158,4.103240079832661,0.529189015945934,0.529189015945934,0.529189015945934,1.795164425731378,0.0,4.487911064328445,20.0,17.0,0.4990153695288217,1,1,0,1,1,1,0,1.6,3.616308761279101,False,False,False,False,False,False,,,8.0,21.0
12936,Interactio,https://www.crunchbase.com/organization/mb-interactio,Lithuania,54.6870458,25.2829111,2014,3.0,True,False,False,False,False,True,False,False,False,True,True,False,False,True,2,3,5,True,False,False,False,2.0,True,1.420159,False,2016-10-01,2019-05-06,Series A,2016,165.33333333333334,True,True,True,True,3.5,22.7,False,False,True,True,True,False,False,False,True,False,False,False,4,1,True,True,False,True,True,True,True,True,True,True,True,True,True,True,True,4,1.0,True,True,False,True,True,False,False,False,False,False,False,True,True,53,0,False,31,2,0.064516129032258,0.0625203569813339,0.3931527714736103,0.3709471626983547,0.0,1.6964939602441944,0.0,0.4241234900610486,1.6964939602441944,0.0,0.264594507972967,0.529189015945934,0.717420579042013,0.0,1.8585767808696816,26.0,2.0,0.3592044564507469,1,0,1,0,0,0,1,1.6,2.8903717578961645,False,True,True,True,True,True,,,8.0,21.0
13014,Welltrado,https://www.crunchbase.com/organization/welltrado,Lithuania,54.6870458,25.2829111,2015,2.0,True,False,False,False,True,True,False,False,True,False,False,False,False,False,2,3,3,False,False,True,False,0.0,False,3.021474,False,2017-03-20,2018-05-02,Seed,2017,154.33333333333334,True,,True,,3.7,4.7,False,,True,,True,,False,,False,,False,,1,0,True,,False,True,,True,,True,,True,,True,,True,,1,,True,,False,True,,True,True,False,False,False,False,True,False,53,0,False,38,4,0.1052631578947368,0.1000834585569824,0.3931527714736103,1.5441430319261982,0.0,4.103240079832661,0.0,1.5441430319261982,4.103240079832661,0.0,0.0,0.0,3.040113386702347,0.529189015945934,4.487911064328445,1.0,0.0,0.0,0,0,0,0,0,0,0,2.31,2.272125885509337,False,False,False,False,False,False,,,8.0,21.0
13016,TableAir,https://www.crunchbase.com/organization/tableair,Lithuania,54.6870458,25.2829111,2015,2.0,True,False,False,False,True,True,False,False,False,True,False,False,False,True,0,2,1,False,True,False,True,1.0,True,0.82549,False,2015-09-01,2018-05-03,Seed,2015,72.0,True,True,False,False,5.5,4.0,False,False,True,True,False,False,False,False,False,False,False,False,2,2,True,True,True,True,True,True,True,True,True,True,True,True,True,True,True,2,2.0,True,True,True,False,False,False,False,False,False,False,False,True,True,53,0,False,38,4,0.1052631578947368,0.1000834585569824,0.3931527714736103,0.0,0.0,0.0,0.0,0.0,0.0,0.0,0.0,0.0,0.0,0.0,0.0,23.0,0.0,0.2465090234911321,1,0,0,0,0,0,1,2.31,3.039749158970765,False,False,False,False,False,False,,,8.0,21.0
13058,PomoDoneApp,https://www.crunchbase.com/organization/pomodoneapp,Lithuania,54.6870458,25.2829111,2015,1.0,True,False,False,False,True,True,False,False,False,True,False,False,False,True,3,1,1,False,True,False,False,0.0,False,0.024832,True,2018-03-06,2018-03-06,Seed,2018,448.0,False,,True,,6.0,13.0,False,,True,,True,,False,,False,,False,,0,0,False,,False,False,,False,,False,,False,,False,,False,,0,,False,,False,True,,False,False,False,False,False,False,True,True,53,0,False,38,4,0.1052631578947368,0.1000834585569824,0.3931527714736103,0.529189015945934,0.529189015945934,0.529189015945934,0.529189015945934,0.529189015945934,0.529189015945934,0.0,0.0,0.0,0.0,0.0,0.0,2.0,2.0,0.1412342220372826,0,0,0,0,0,0,0,2.31,3.66612246699132,False,False,False,False,False,False,,,8.0,21.0
13053,Neematic,https://www.crunchbase.com/organization/neematic,Lithuania,54.6870458,25.2829111,2015,3.0,False,False,False,False,True,True,False,False,False,False,False,False,False,False,1,1,1,False,True,False,True,1.0,True,0.448628,True,2016-10-01,2016-10-01,Seed,2016,72.0,True,True,False,False,5.0,4.0,False,False,True,True,False,False,False,False,False,False,False,False,1,1,True,True,True,True,True,True,True,True,True,True,True,True,True,True,True,1,1.0,True,True,True,False,False,False,False,False,False,False,False,True,True,53,0,False,38,4,0.1052631578947368,0.1000834585569824,0.3931527714736103,0.0,0.0,0.0,0.0,0.0,0.0,0.0,0.0,0.0,0.0,0.0,0.0,23.0,0.0,0.2465090234911321,1,0,0,0,0,0,1,2.31,2.8903717578961645,False,False,False,False,False,False,,,8.0,21.0
12957,Litilit,https://www.crunchbase.com/organization/Litilit,Lithuania,54.6870458,25.2829111,2015,4.0,True,False,False,False,True,False,False,True,False,True,False,False,False,False,5,1,1,False,True,False,True,1.0,True,1.764608,False,2020-01-30,2020-01-30,Series A,2020,20.0,True,True,False,False,2.0,1.0,False,False,True,True,False,False,False,False,False,False,False,False,1,1,True,True,True,True,True,True,True,True,True,True,True,True,True,True,True,1,1.0,True,True,True,False,False,False,False,False,False,False,False,True,True,53,0,False,38,4,0.1052631578947368,0.1000834585569824,0.3931527714736103,0.0,0.0,0.0,0.0,0.0,0.0,0.0,0.0,0.0,0.0,0.0,0.0,3.0,2.0,0.1697730111149502,1,0,0,0,0,0,0,2.31,3.845883202923601,False,False,True,False,True,True,,,8.0,21.0
13072,JetCat Games,https://www.crunchbase.com/organization/jetcat-games-2,Lithuania,54.6870458,25.2829111,2015,2.0,False,False,False,False,False,False,False,False,False,False,True,False,False,False,0,1,1,False,True,False,True,1.0,True,0.109269,True,2015-06-01,2015-06-01,Seed,2015,72.0,True,True,False,False,4.0,4.0,False,False,True,True,False,False,False,False,False,False,False,False,1,1,True,True,True,True,True,True,True,True,True,True,True,True,True,True,True,1,1.0,True,True,True,False,False,False,False,False,False,False,False,True,True,53,0,False,38,4,0.1052631578947368,0.1000834585569824,0.3931527714736103,0.0,0.0,0.0,0.0,0.0,0.0,0.0,0.0,0.0,0.0,0.0,0.0,21.0,0.0,0.2378772748593827,1,0,0,0,0,0,1,2.31,3.039749158970765,False,False,False,False,False,False,,,8.0,21.0
13095,Oberlo,https://www.crunchbase.com/organization/oberlo,Lithuania,54.6870458,25.2829111,2015,5.0,True,False,False,False,True,True,False,False,False,True,False,False,False,False,2,1,2,False,False,False,False,0.0,False,0.0,True,2017-03-01,2017-03-01,Seed,2017,38.0,False,,True,,6.0,7.0,False,,False,,False,,False,,False,,False,,0,0,False,,False,False,,False,,False,,False,,False,,False,,0,,False,,False,True,,False,False,False,False,False,False,True,True,53,0,False,38,3,0.0789473684210526,0.075985906977922,0.3931527714736103,1.7139483030233456,1.7031337025782691,1.7247629034684222,1.7031337025782691,1.7139483030233456,1.7247629034684222,0.0,0.0,0.0,1.433382629748549,1.433382629748549,1.433382629748549,0.0,0.0,0.0,0,0,0,0,0,0,0,2.31,2.272125885509337,True,False,False,True,True,True,2017-05-11,2.0,8.0,21.0
13046,Lympo,https://www.crunchbase.com/organization/lymph,Lithuania,54.6870458,25.2829111,2016,2.0,False,False,False,False,False,True,False,True,False,True,False,False,False,False,2,1,1,False,True,False,False,0.0,False,0.128288,True,2018-08-01,2018-08-01,Seed,2018,9.0,False,,True,,10.0,3.0,True,,False,,False,,False,,False,,False,,0,0,False,,False,False,,False,,False,,False,,False,,False,,0,,False,,False,False,,True,True,True,True,False,False,False,False,53,0,False,42,5,0.119047619047619,0.1124779834266902,0.3931527714736103,8.242584478781973,8.242584478781973,8.242584478781973,8.242584478781973,8.242584478781973,8.242584478781973,0.0,0.0,0.0,0.0,0.0,0.0,0.0,0.0,0.0,0,0,0,0,0,0,0,1.97,3.66612246699132,True,False,False,True,True,True,2020-12-17,4.0,8.0,21.0
12973,Monimoto,https://www.crunchbase.com/organization/monimoto,Lithuania,54.6870458,25.2829111,2016,1.0,True,False,False,False,True,False,False,False,False,True,False,False,False,False,3,3,3,False,False,False,False,2.0,True,0.445138,True,2019-04-01,2019-04-01,Series A,2019,8.666666666666666,True,True,True,True,0.5,0.3,False,False,True,True,False,False,False,False,False,False,False,False,1,1,True,True,True,True,True,True,True,True,True,True,True,True,True,True,True,1,1.0,True,True,True,False,False,False,False,False,False,False,False,True,True,53,0,False,42,6,0.1428571428571428,0.1335313926245225,0.3931527714736103,0.0,0.0,0.0,0.0,0.0,0.0,0.0,0.0,0.0,0.0,0.0,0.0,1.0,0.0,0.0,0,0,0,0,0,0,0,1.97,3.616308761279101,False,False,True,False,True,True,,,8.0,21.0
12925,Ovoko,https://www.crunchbase.com/organization/rrr-lt,Lithuania,54.6870458,25.2829111,2016,2.0,False,False,False,False,True,True,False,False,False,False,False,False,False,False,4,2,5,True,False,False,False,1.0,True,6.223556,False,2020-12-11,2021-08-15,Series B,2020,30.833333333333332,True,True,True,False,13.8,2.0,False,False,True,True,False,False,False,False,True,False,False,False,2,2,True,True,False,True,True,True,True,True,True,True,True,True,True,True,True,2,2.0,True,True,False,True,False,False,False,False,False,False,False,True,True,53,0,False,42,5,0.119047619047619,0.1124779834266902,0.3931527714736103,0.6928099479342038,0.0,1.4043201944335326,1.3669195973032824,1.3856198958684076,1.4043201944335326,0.0,0.0,0.0,0.93109844422247,0.0,1.4043201944335326,30.0,8.0,0.4739203773553828,1,0,1,0,1,1,1,1.97,3.845883202923601,False,True,True,True,True,True,,,8.0,21.0
13042,Portal365,https://www.crunchbase.com/organization/portal365,Lithuania,54.6870458,25.2829111,2017,2.0,True,False,False,False,True,False,False,False,False,True,False,False,False,True,2,1,1,False,True,False,True,1.0,True,0.033675,True,2019-04-04,2019-04-04,Seed,2019,448.0,False,False,True,True,7.0,13.0,False,False,True,True,True,True,False,False,False,False,False,False,0,0,False,False,False,False,False,False,False,False,False,False,False,False,False,False,False,0,0.0,False,False,False,True,True,False,False,False,False,False,False,True,True,53,0,False,57,9,0.1578947368421052,0.1466034741918753,0.3931527714736103,0.529189015945934,0.529189015945934,0.529189015945934,0.0,0.0,0.0,0.529189015945934,0.529189015945934,0.529189015945934,0.0,0.0,0.0,14.0,5.0,0.3646254148122245,1,0,0,0,0,0,0,2.84,3.616308761279101,False,False,False,False,False,False,,,8.0,21.0
13025,ZITICITY,https://www.crunchbase.com/organization/ziticity,Lithuania,54.6870458,25.2829111,2017,3.0,False,False,False,False,True,True,False,False,False,False,False,False,False,False,1,5,7,True,False,True,False,2.0,True,2.867179,False,2018-10-17,2020-06-30,Venture - Series Unknown,2018,177.33333333333334,True,False,True,True,5.5,5.9,False,False,True,True,True,False,False,False,False,False,False,False,2,0,True,False,False,True,False,True,False,True,False,True,False,True,False,True,False,2,0.0,True,False,False,True,True,True,True,True,False,False,False,True,False,53,0,False,57,9,0.1578947368421052,0.1466034741918753,0.3931527714736103,1.9953525474893683,0.0,9.281477283437598,0.0,2.1690278650458064,9.281477283437598,0.529189015945934,1.126975959707178,1.7247629034684222,3.3378588868225605,0.0,13.587983774414905,49.0,11.0,0.5477934435226343,1,1,1,0,1,1,1,2.84,3.66612246699132,False,False,True,False,True,True,,,8.0,21.0
13012,Cogastro,https://www.crunchbase.com/organization/cogastro,Lithuania,54.6870458,25.2829111,2017,2.0,True,False,False,False,False,False,True,False,False,True,False,False,False,False,2,3,5,False,False,True,False,0.0,False,0.887731,False,2019-09-21,2021-10-27,Seed,2019,24.833333333333332,True,,True,,3.5,0.7,False,,False,,True,,True,,False,,False,,5,0,True,,False,True,,True,,True,,True,,True,,True,,5,,True,,False,False,,False,False,False,False,False,False,True,True,53,0,False,57,9,0.1578947368421052,0.1466034741918753,0.3931527714736103,0.4250831482806761,0.0,2.550498889684057,0.0,0.4250831482806761,2.550498889684057,0.0,0.0,0.0,0.8501662965613522,0.0,2.550498889684057,12.0,6.0,0.3646027143925694,1,0,0,0,0,0,0,2.84,3.616308761279101,False,False,False,False,False,False,,,8.0,21.0
13011,CHRG Network,https://www.crunchbase.com/organization/chrg-network,Lithuania,54.6870458,25.2829111,2017,3.0,True,False,False,False,True,False,False,False,False,True,False,False,False,False,1,4,4,True,False,True,False,2.0,True,0.302421,True,2018-09-21,2022-09-01,Seed,2018,150.75,True,False,True,True,5.2,4.5,True,False,True,True,True,True,False,False,False,False,False,False,1,0,True,False,False,True,False,True,False,True,False,True,False,True,False,True,False,1,0.0,True,False,False,True,True,True,True,False,False,False,False,True,False,53,0,False,57,9,0.1578947368421052,0.1466034741918753,0.3931527714736103,1.065818211657674,0.0,2.550498889684057,0.0,0.5917924705003527,1.1835849410007053,0.529189015945934,1.5398439528149954,2.550498889684057,1.7041681786754859,0.529189015945934,2.8329373259894846,16.0,4.0,0.360278500448122,1,0,0,0,0,0,0,2.84,3.66612246699132,False,False,False,False,False,False,,,8.0,21.0
13003,FOROS Green Invest Platform,https://www.crunchbase.com/organization/foros-green-invest,Lithuania,54.6870458,25.2829111,2017,6.0,True,False,False,False,False,False,True,False,True,False,False,True,False,False,3,2,3,True,False,False,False,3.0,True,1.482753,False,2020-08-01,2021-07-05,Seed,2020,26.5,True,True,False,False,2.5,1.8,False,False,True,True,True,True,False,False,False,False,False,False,4,3,True,True,True,True,True,True,True,True,True,True,True,True,True,True,True,4,3.0,True,True,True,False,False,False,False,False,False,False,False,True,True,53,0,False,57,9,0.1578947368421052,0.1466034741918753,0.3931527714736103,0.0,0.0,0.0,0.0,0.0,0.0,0.0,0.0,0.0,0.0,0.0,0.0,15.0,11.0,0.4347586812288292,1,0,0,0,0,1,0,2.84,3.845883202923601,False,False,False,False,False,False,,,8.0,21.0
13000,Amio,https://www.crunchbase.com/organization/amio-io,Lithuania,54.6870458,25.2829111,2017,2.0,True,False,False,False,True,False,False,False,False,True,False,False,False,True,2,4,5,True,False,True,False,2.0,True,0.995281,False,2019-06-03,2022-01-21,Seed,2019,157.33333333333334,True,True,True,True,8.8,4.6,False,False,True,True,True,True,True,False,False,False,False,False,4,1,True,True,False,True,True,True,True,True,True,True,True,True,True,True,True,4,1.0,True,True,False,True,True,False,False,False,False,False,False,True,True,53,0,False,57,9,0.1578947368421052,0.1466034741918753,0.3931527714736103,0.22679529254825745,0.0,0.529189015945934,0.0,0.1322972539864835,0.529189015945934,0.0,0.35279267729728936,0.529189015945934,0.30239372339767656,0.0,0.529189015945934,24.0,16.0,0.5110562802448161,1,1,1,1,1,1,1,2.84,3.616308761279101,False,False,False,False,False,False,,,8.0,21.0
12996,RAWG,https://www.crunchbase.com/organization/rawg,Lithuania,54.6870458,25.2829111,2017,2.0,False,False,False,False,False,False,False,False,False,True,True,False,False,False,1,1,6,False,False,False,False,0.0,False,1.227032,False,2018-02-07,2018-02-07,Seed,2018,11.333333333333334,False,,True,,9.3,0.8,True,,False,,False,,False,,True,,False,,0,0,False,,False,False,,False,,False,,False,,False,,False,,0,,False,,False,False,,True,True,True,False,False,False,True,False,53,0,False,57,9,0.1578947368421052,0.1466034741918753,0.3931527714736103,4.681453679344158,2.1816802139534,9.117485223819404,2.1816802139534,4.681453679344158,9.117485223819404,0.0,0.0,0.0,6.704814579228163,0.0,11.120148693386168,0.0,0.0,0.0,0,0,0,0,0,0,0,2.84,3.66612246699132,False,False,False,False,False,False,,,8.0,21.0
12992,SKETCHAR.io,https://www.crunchbase.com/organization/sketchar,Lithuania,54.6870458,25.2829111,2017,3.0,False,False,False,False,False,True,False,False,False,True,False,False,False,False,0,4,3,True,False,True,False,1.0,True,1.55,False,2016-08-20,2021-06-01,Seed,2016,85.5,True,False,True,True,5.2,10.5,True,False,True,False,False,False,False,False,False,False,False,False,2,0,True,False,False,True,False,True,False,True,False,True,False,True,False,True,False,2,0.0,True,False,False,True,True,True,True,True,False,False,False,True,False,53,0,False,57,9,0.1578947368421052,0.1466034741918753,0.3931527714736103,2.889342964767056,0.0,9.308951208264943,0.0,3.1029837360883143,9.308951208264943,2.248420650803281,2.248420650803281,2.248420650803281,5.4511507368010745,0.0,9.59216070267,0.0,0.0,0.0,0,0,0,0,0,0,0,2.84,2.8903717578961645,False,False,False,False,False,False,,,8.0,21.0
12987,PanPay,https://www.crunchbase.com/organization/panpay,Lithuania,54.6870458,25.2829111,2017,1.0,True,False,False,False,False,False,False,False,True,False,False,False,False,False,1,1,1,False,True,False,True,1.0,True,2.871872,False,2018-11-13,2018-11-13,Seed,2018,208.0,False,False,True,True,4.0,15.0,False,False,True,True,False,False,False,False,False,False,False,False,0,0,False,False,False,False,False,False,False,False,False,False,False,False,False,False,False,0,0.0,False,False,False,False,False,True,True,False,False,False,False,False,False,53,0,False,57,9,0.1578947368421052,0.1466034741918753,0.3931527714736103,6.652219876616682,6.652219876616682,6.652219876616682,0.0,0.0,0.0,6.652219876616682,6.652219876616682,6.652219876616682,0.0,0.0,0.0,0.0,0.0,0.0,0,0,0,0,0,0,0,2.84,3.66612246699132,False,False,False,False,False,False,,,8.0,21.0
12916,PVcase,https://www.crunchbase.com/organization/pvcase,Lithuania,54.6870458,25.2829111,2017,2.0,True,False,True,True,False,False,False,False,False,True,False,True,False,True,1,2,3,True,False,True,False,1.0,True,0.862806,False,2018-10-05,2019-02-01,Series B,2018,34.25,True,True,True,False,4.0,1.8,True,False,True,True,True,False,False,False,False,False,False,False,3,1,True,True,False,True,True,True,True,True,True,True,True,True,True,True,True,3,1.0,True,True,False,False,False,False,False,False,False,False,False,True,True,53,0,False,57,8,0.1403508771929824,0.1313360020610869,0.3931527714736103,0.6376247224210142,0.0,2.550498889684057,0.0,0.8501662965613522,2.550498889684057,0.0,0.0,0.0,1.2752494448420284,0.0,2.550498889684057,31.0,5.0,0.4397897524562896,1,0,1,0,0,0,1,2.84,3.66612246699132,False,True,True,True,True,True,,,8.0,21.0
12938,Oxipit,https://www.crunchbase.com/organization/oxipit,Lithuania,54.6870458,25.2829111,2017,6.0,True,False,False,False,True,False,False,True,False,True,False,False,False,False,1,2,3,True,False,False,False,2.0,True,1.679699,False,2018-07-23,2019-06-18,Series A,2018,35.0,True,True,True,False,4.0,1.3,False,False,True,True,True,False,False,False,False,False,False,False,2,2,True,True,False,True,True,True,True,True,True,True,True,True,True,True,True,2,2.0,True,True,False,True,False,False,False,False,False,True,False,True,True,53,0,False,57,9,0.1578947368421052,0.1466034741918753,0.3931527714736103,0.27316854331212587,0.0,0.8195056299363775,0.8195056299363775,0.8195056299363775,0.8195056299363775,0.0,0.0,0.0,0.5463370866242517,0.0,0.8195056299363775,27.0,6.0,0.4407163657766653,1,0,1,0,0,0,1,2.84,3.66612246699132,False,False,True,False,True,True,,,8.0,21.0
12942,WANNA,https://www.crunchbase.com/organization/wannaby,Lithuania,54.6870458,25.2829111,2017,2.0,False,False,False,False,False,True,False,False,False,True,False,False,False,False,0,2,3,True,False,True,False,1.0,True,2.0,False,2017-01-01,2018-01-01,Seed,2017,7.75,False,False,True,True,0.0,2.8,True,True,False,False,False,False,False,False,False,False,False,False,0,0,False,False,False,False,False,False,False,False,False,False,False,False,False,False,False,0,0.0,False,False,False,True,False,True,True,False,False,True,False,True,False,53,0,False,57,8,0.1403508771929824,0.1313360020610869,0.3931527714736103,2.082765938121816,1.4197151441339657,2.303870886093096,1.4197151441339657,2.0091523054400526,2.303870886093096,2.3036068361671065,2.3036068361671065,2.3036068361671065,1.2396779667097833,0.0,2.47765245752903,0.0,0.0,0.0,0,0,0,0,0,0,0,2.84,2.272125885509337,True,False,False,True,True,True,2024-12-23,7.0,8.0,21.0
12945,GoRamp,https://www.crunchbase.com/organization/goramp,Lithuania,54.6870458,25.2829111,2017,3.0,True,False,False,False,True,True,False,False,False,True,False,False,True,False,2,8,5,True,False,True,False,2.0,True,5.861905,False,2019-04-01,2023-07-20,Seed,2019,256.53333333333336,True,False,True,True,7.1,7.6,False,False,True,True,True,False,False,False,False,False,False,False,2,0,True,False,False,True,False,True,False,True,False,True,False,True,False,True,False,2,0.0,True,False,False,True,True,False,False,False,False,False,False,True,True,53,0,False,57,9,0.1578947368421052,0.1466034741918753,0.3931527714736103,0.5818636311923189,0.0,0.9097246240358065,0.0,0.5324654165214308,0.8961794290703761,0.8961794290703761,0.9029520265530911,0.9097246240358065,0.6634176617810006,0.0,1.3790175677975829,21.0,25.0,0.5374404434835844,1,1,0,1,1,1,1,2.84,3.616308761279101,False,False,False,False,False,False,,,8.0,21.0
12954,GOSU Data Lab,https://www.crunchbase.com/organization/gosu-data-lab,Lithuania,54.6870458,25.2829111,2017,3.0,True,False,False,False,True,False,False,False,False,True,False,False,False,False,0,2,2,False,False,False,False,0.0,False,0.42,True,2017-04-21,2017-10-10,Series B,2017,15.666666666666666,False,,True,,1.7,4.7,True,,False,,False,,False,,False,,False,,0,0,False,,False,False,,False,,False,,False,,False,,False,,0,,False,,False,False,,True,True,True,False,False,False,False,False,53,0,False,57,8,0.1403508771929824,0.1313360020610869,0.3931527714736103,2.89607665565452,0.7853984889464947,7.117432989070569,0.7853984889464947,2.89607665565452,7.117432989070569,0.0,0.0,0.0,5.112870219841364,0.0,7.669305329762046,0.0,0.0,0.0,0,0,0,0,0,0,0,2.84,2.272125885509337,True,False,True,True,True,True,2021-08-01,4.0,8.0,21.0
12927,Amberlo,https://www.crunchbase.com/organization/amberlo,Lithuania,54.8982139,23.9044817,2017,4.0,True,False,False,False,True,False,False,False,False,True,False,False,False,False,3,2,4,True,False,True,False,1.0,True,2.114607,False,2020-09-01,2021-01-11,Seed,2020,22.333333333333332,True,True,True,False,2.3,1.5,False,False,True,True,True,False,True,False,False,False,False,False,0,0,False,False,False,True,True,False,False,False,False,False,False,False,False,False,False,4,1.0,True,True,False,True,False,True,True,False,False,False,False,True,False,3,0,False,5,1,0.2,0.1823215567939546,0.3528033105724979,1.1728605185876646,0.09143308999659236,6.31862744096712,0.09143308999659236,1.389146004305879,6.31862744096712,0.09143308999659236,0.09143308999659236,0.09143308999659236,2.1924119349918065,0.0,6.40201835788683,0.0,0.0,0.0,0,0,0,0,1,1,1,2.84,3.845883202923601,True,False,False,True,True,True,2025-04-23,8.0,0.0,0.0
13087,ForPeeps,https://www.crunchbase.com/organization/forpeeps,Lithuania,54.6870458,25.2829111,2018,1.0,False,False,False,False,False,False,False,False,True,True,False,False,False,False,2,1,1,False,True,True,False,0.0,False,0.0,True,2020-12-11,2020-12-11,Pre-Seed,2020,448.0,False,,True,,8.0,13.0,False,,True,,True,,False,,False,,False,,0,0,False,,False,False,,False,,False,,False,,False,,False,,0,,False,,False,True,,False,False,False,False,False,False,True,True,53,0,False,69,10,0.144927536231884,0.135341347869762,0.3931527714736103,0.529189015945934,0.529189015945934,0.529189015945934,0.529189015945934,0.529189015945934,0.529189015945934,0.0,0.0,0.0,0.0,0.0,0.0,20.0,8.0,0.4352844876140822,1,0,0,0,0,1,0,2.07,3.845883202923601,False,False,False,False,False,False,,,8.0,21.0
12979,Paystrax,https://www.crunchbase.com/organization/paystrax,Lithuania,54.6870458,25.2829111,2018,2.0,True,False,False,False,False,True,False,False,True,True,False,False,False,False,2,1,1,False,True,False,True,1.0,True,1.677842,False,2020-12-01,2020-12-01,Seed,2020,15.0,True,True,False,False,10.0,0.0,False,False,False,False,False,False,False,False,False,False,False,False,1,1,True,True,True,True,True,True,True,True,True,True,True,True,True,True,True,1,1.0,True,True,True,False,False,False,False,False,False,False,False,True,True,53,0,False,69,10,0.144927536231884,0.135341347869762,0.3931527714736103,0.0,0.0,0.0,0.0,0.0,0.0,0.0,0.0,0.0,0.0,0.0,0.0,1.0,0.0,0.0,0,0,0,0,0,0,0,2.07,3.845883202923601,False,False,False,False,False,False,,,8.0,21.0
12995,Viezo,https://www.crunchbase.com/organization/viezo,Lithuania,54.6870458,25.2829111,2018,2.0,True,False,True,False,False,False,False,False,False,True,False,True,False,False,2,1,1,False,True,False,False,0.0,False,0.900112,False,2020-07-01,2020-07-01,Venture - Series Unknown,2020,33.0,True,,False,,3.0,0.0,False,,False,,False,,False,,False,,False,,1,0,True,,True,True,,True,,True,,True,,True,,True,,1,,True,,True,False,,False,False,False,False,False,False,True,True,53,0,False,69,10,0.144927536231884,0.135341347869762,0.3931527714736103,0.0,0.0,0.0,0.0,0.0,0.0,0.0,0.0,0.0,0.0,0.0,0.0,2.0,3.0,0.1676849278940113,0,0,0,0,0,0,0,2.07,3.845883202923601,False,False,True,False,True,True,,,8.0,21.0
12998,sixads,https://www.crunchbase.com/organization/sixads,Lithuania,54.6870458,25.2829111,2018,1.0,False,False,False,False,False,True,False,False,False,False,True,False,False,False,1,1,1,False,True,False,True,1.0,True,0.646461,False,2019-03-03,2019-03-03,Seed,2019,16.0,True,True,False,False,2.0,4.0,False,False,False,False,False,False,False,False,False,False,False,False,1,1,True,True,True,True,True,True,True,True,True,True,True,True,True,True,True,1,1.0,True,True,True,False,False,False,False,False,False,False,False,True,True,53,0,False,69,10,0.144927536231884,0.135341347869762,0.3931527714736103,0.0,0.0,0.0,0.0,0.0,0.0,0.0,0.0,0.0,0.0,0.0,0.0,0.0,0.0,0.0,0,0,0,0,0,0,0,2.07,3.616308761279101,False,False,False,False,False,False,,,8.0,21.0
13018,Thrust,https://www.crunchbase.com/organization/aerodiagnostika,Lithuania,54.6870458,25.2829111,2018,2.0,True,False,True,False,False,True,False,False,False,True,False,True,False,False,0,2,1,False,True,True,True,1.0,True,0.400045,True,2018-06-07,2019-07-04,Seed,2018,26.0,True,True,False,False,1.5,1.0,True,True,False,False,False,False,False,False,False,False,False,False,2,2,True,True,True,True,True,True,True,True,True,True,True,True,True,True,True,2,2.0,True,True,True,False,False,False,False,False,False,False,False,True,True,53,0,False,69,10,0.144927536231884,0.135341347869762,0.3931527714736103,0.0,0.0,0.0,0.0,0.0,0.0,0.0,0.0,0.0,0.0,0.0,0.0,4.0,3.0,0.2183601215474815,1,0,0,0,0,0,0,2.07,3.66612246699132,False,False,False,False,False,False,,,8.0,21.0
12918,Eneba,https://www.crunchbase.com/organization/eneba,Lithuania,54.8982139,23.9044817,2018,2.0,False,False,False,False,False,True,False,False,True,False,True,False,False,False,1,1,1,False,True,False,True,1.0,True,2.783124,False,2019-10-23,2019-10-23,Series A,2019,34.0,False,False,True,True,4.0,7.0,False,False,False,False,False,False,False,False,False,False,False,False,0,0,False,False,False,False,False,False,False,False,False,False,False,False,False,False,False,0,0.0,False,False,False,True,True,False,False,False,False,False,False,True,True,3,0,False,7,2,0.2857142857142857,0.251314428280906,0.3528033105724979,1.637464297932561,1.637464297932561,1.637464297932561,0.0,0.0,0.0,1.637464297932561,1.637464297932561,1.637464297932561,0.0,0.0,0.0,0.0,0.0,0.0,0,0,0,0,1,1,1,2.07,3.616308761279101,False,False,True,False,True,True,,,0.0,0.0
12929,RedTrack.io,https://www.crunchbase.com/organization/redtrack-io,Lithuania,54.6870458,25.2829111,2018,1.0,True,False,False,False,False,False,False,False,False,True,True,False,False,False,2,1,3,True,False,False,False,2.0,True,0.499813,True,2020-08-03,2020-08-03,Series A,2020,27.666666666666668,True,True,True,True,2.0,2.0,False,False,True,True,True,False,False,False,False,False,False,False,1,1,True,True,False,True,True,True,True,True,True,True,True,True,True,True,True,1,1.0,True,True,False,True,True,False,False,False,False,False,False,True,True,53,0,False,69,10,0.144927536231884,0.135341347869762,0.3931527714736103,0.7713742893044891,0.0,1.7247629034684222,0.5893599644450453,0.5893599644450453,0.5893599644450453,0.0,0.8623814517342111,1.7247629034684222,1.4830679212822622,0.5893599644450453,2.1350808959333194,3.0,0.0,0.0687619531421999,0,0,0,0,0,0,0,2.07,3.845883202923601,False,False,True,False,True,True,,,8.0,21.0
12964,Perfection42,https://www.crunchbase.com/organization/perfection42,Lithuania,54.6870458,25.2829111,2018,2.0,True,False,False,False,True,False,False,False,False,True,True,False,False,False,2,2,5,True,False,True,False,1.0,True,1.445842,False,2020-01-10,2023-04-06,Seed,2020,21.833333333333332,True,True,False,False,4.4,2.0,False,False,False,False,True,False,True,False,False,False,False,False,6,1,True,True,True,True,True,True,True,True,True,True,True,True,True,True,True,6,1.0,True,True,True,False,False,False,False,False,False,False,False,True,True,53,0,False,69,10,0.144927536231884,0.135341347869762,0.3931527714736103,0.0,0.0,0.0,0.0,0.0,0.0,0.0,0.0,0.0,0.0,0.0,0.0,11.0,4.0,0.3257255955787148,1,0,0,0,0,0,0,2.07,3.845883202923601,False,False,False,False,False,False,,,8.0,21.0
13059,Houseys,https://www.crunchbase.com/organization/houseys,Lithuania,54.6870458,25.2829111,2018,1.0,True,False,False,False,False,False,False,False,True,False,False,False,True,False,1,2,1,True,True,True,True,1.0,True,0.063615,True,2019-04-01,2019-08-05,Pre-Seed,2019,448.0,False,False,True,True,7.0,13.0,False,False,True,True,True,True,False,False,False,False,False,False,0,0,False,False,False,False,False,False,False,False,False,False,False,False,False,False,False,0,0.0,False,False,False,True,True,False,False,False,False,False,False,True,True,53,0,False,69,10,0.144927536231884,0.135341347869762,0.3931527714736103,0.529189015945934,0.529189015945934,0.529189015945934,0.529189015945934,0.529189015945934,0.529189015945934,0.529189015945934,0.529189015945934,0.529189015945934,0.0,0.0,0.0,14.0,5.0,0.3646254148122245,1,0,0,0,0,0,0,2.07,3.616308761279101,False,False,False,False,False,False,,,8.0,21.0
13061,Razzby,https://www.crunchbase.com/organization/razzby,Lithuania,54.6870458,25.2829111,2018,2.0,True,False,False,False,False,True,False,False,False,True,True,False,False,False,0,1,1,False,True,True,False,0.0,False,0.04,True,2018-10-17,2018-10-17,Pre-Seed,2018,448.0,False,,True,,6.0,13.0,False,,True,,True,,False,,False,,False,,0,0,False,,False,False,,False,,False,,False,,False,,False,,0,,False,,False,True,,False,False,False,False,False,False,True,True,53,0,False,69,10,0.144927536231884,0.135341347869762,0.3931527714736103,0.529189015945934,0.529189015945934,0.529189015945934,0.529189015945934,0.529189015945934,0.529189015945934,0.0,0.0,0.0,0.0,0.0,0.0,2.0,2.0,0.1412342220372826,0,0,0,0,0,0,0,2.07,3.66612246699132,False,False,False,False,False,False,,,8.0,21.0
13074,dear deer eyewear,https://www.crunchbase.com/organization/dear-deer-eyewear,Lithuania,54.8982139,23.9044817,2018,1.0,False,False,False,False,True,True,False,False,False,False,False,False,False,False,1,1,1,False,True,True,True,1.0,True,0.011225,True,2019-04-04,2019-04-04,Pre-Seed,2019,448.0,False,False,True,True,7.0,13.0,False,False,True,True,True,True,False,False,False,False,False,False,0,0,False,False,False,False,False,False,False,False,False,False,False,False,False,False,False,0,0.0,False,False,False,True,True,False,False,False,False,False,False,True,True,3,0,False,7,2,0.2857142857142857,0.251314428280906,0.3528033105724979,0.5072426605732204,0.5072426605732204,0.5072426605732204,0.0,0.0,0.0,0.5072426605732204,0.5072426605732204,0.5072426605732204,0.0,0.0,0.0,0.0,0.0,0.0,0,0,0,0,1,1,1,2.07,3.616308761279101,False,False,False,False,False,False,,,0.0,0.0
13035,HumansApp,https://www.crunchbase.com/organization/humansapp,Lithuania,54.6870458,25.2829111,2018,2.0,False,False,False,False,False,False,False,False,False,True,False,False,False,False,1,1,6,True,False,True,False,1.0,True,2.204508,False,2019-11-26,2019-11-26,Pre-Seed,2019,35.166666666666664,True,False,True,True,7.3,6.3,False,False,True,True,True,False,False,False,False,False,False,False,2,0,True,False,False,True,False,True,False,True,False,True,False,True,False,True,False,2,0.0,True,False,False,True,True,False,False,False,False,False,False,True,True,53,0,False,69,10,0.144927536231884,0.135341347869762,0.3931527714736103,0.48680224762546787,0.0,1.4180199745559376,0.0,0.4726733248519792,1.4180199745559376,0.529189015945934,0.529189015945934,0.529189015945934,0.9181481306564468,0.0,1.6144708029349382,2.0,1.0,0.1039540459792718,0,0,0,0,0,0,0,2.07,3.616308761279101,False,False,False,False,False,False,,,8.0,21.0
13057,Meazy,https://www.crunchbase.com/organization/meazy,Lithuania,54.6870458,25.2829111,2019,2.0,False,False,False,False,False,True,False,False,False,True,False,False,False,False,0,2,1,False,True,True,False,0.0,False,0.106125,True,2019-04-04,2020-01-10,Pre-Seed,2019,448.0,False,,True,,7.5,13.0,False,,True,,True,,False,,False,,False,,0,0,False,,False,False,,False,,False,,False,,False,,False,,0,,False,,False,True,,False,False,False,False,False,False,True,True,53,0,False,82,10,0.1219512195121951,0.1150693297847871,0.3931527714736103,0.529189015945934,0.529189015945934,0.529189015945934,0.529189015945934,0.529189015945934,0.529189015945934,0.0,0.0,0.0,0.0,0.0,0.0,20.0,11.0,0.461735193470811,1,0,0,0,1,1,0,1.81,3.616308761279101,False,False,False,False,False,False,,,8.0,21.0
13056,MANU analytics,https://www.crunchbase.com/organization/manu,Lithuania,54.6870458,25.2829111,2019,3.0,True,False,False,False,False,True,False,False,True,True,False,False,False,False,0,2,2,True,False,True,False,1.0,True,0.05803,True,2019-06-17,2021-05-21,Seed,2019,382.0,False,False,True,True,6.5,12.0,True,False,True,True,True,True,False,False,False,False,False,False,0,0,False,False,False,False,False,False,False,False,False,False,False,False,False,False,False,0,0.0,False,False,False,True,True,False,False,False,False,True,False,True,True,53,0,False,82,10,0.1219512195121951,0.1150693297847871,0.3931527714736103,0.9744520800399498,0.529189015945934,1.4197151441339657,1.4197151441339657,1.4197151441339657,1.4197151441339657,0.529189015945934,0.529189015945934,0.529189015945934,1.7089468966920982,1.7089468966920982,1.7089468966920982,14.0,4.0,0.3478620001545173,1,0,0,0,0,0,0,1.81,3.616308761279101,False,False,False,False,False,False,,,8.0,21.0
13039,MANU,https://www.crunchbase.com/organization/manu-c1a0,Lithuania,54.6870458,25.2829111,2019,3.0,True,False,False,False,False,False,False,False,True,True,False,False,False,False,0,3,2,True,False,True,False,1.0,True,0.073037,True,2019-06-17,2020-12-13,Pre-Seed,2019,415.0,False,False,True,True,6.5,12.5,True,False,True,True,True,True,False,False,False,False,False,False,0,0,False,False,False,False,False,False,False,False,False,False,False,False,False,False,False,0,0.0,False,False,False,True,True,False,False,False,False,True,False,True,True,53,0,False,82,10,0.1219512195121951,0.1150693297847871,0.3931527714736103,0.7518205479929418,0.529189015945934,1.4197151441339657,0.529189015945934,0.9744520800399498,1.4197151441339657,0.529189015945934,0.529189015945934,0.529189015945934,0.8544734483460492,0.0,1.7089468966920982,20.0,10.0,0.4537349996480715,1,0,0,0,0,1,0,1.81,3.616308761279101,False,False,False,False,False,False,,,8.0,21.0
13034,Discontract,https://www.crunchbase.com/organization/discontract,Lithuania,54.6870458,25.2829111,2019,3.0,True,False,False,False,False,True,False,False,False,True,False,False,False,False,1,1,5,True,False,False,False,1.0,True,0.324662,True,2020-04-25,2020-04-25,Seed,2020,3.4,True,True,True,False,3.0,0.0,False,False,False,False,False,False,False,False,False,False,False,False,3,1,True,True,True,True,True,True,True,True,True,True,True,True,True,True,True,3,1.0,True,True,True,False,False,False,False,False,False,False,False,True,True,53,0,False,82,10,0.1219512195121951,0.1150693297847871,0.3931527714736103,0.0,0.0,0.0,0.0,0.0,0.0,0.0,0.0,0.0,0.0,0.0,0.0,5.0,4.0,0.2569636424365148,1,0,0,0,0,0,0,1.81,3.845883202923601,False,False,False,False,False,False,,,8.0,21.0
13029,Dserve,https://www.crunchbase.com/organization/dserve,Lithuania,54.6870458,25.2829111,2019,3.0,True,False,False,False,True,True,True,False,False,True,False,False,False,False,1,1,1,False,True,True,True,1.0,True,0.238453,True,2020-09-01,2020-09-01,Pre-Seed,2020,448.0,False,False,True,True,8.0,13.0,False,False,True,True,True,True,False,False,False,False,False,False,0,0,False,False,False,False,False,False,False,False,False,False,False,False,False,False,False,0,0.0,False,False,False,True,True,False,False,False,False,False,False,True,True,53,0,False,82,10,0.1219512195121951,0.1150693297847871,0.3931527714736103,0.529189015945934,0.529189015945934,0.529189015945934,0.0,0.0,0.0,0.529189015945934,0.529189015945934,0.529189015945934,0.0,0.0,0.0,20.0,8.0,0.4352844876140822,1,0,0,0,0,1,0,1.81,3.845883202923601,False,False,False,False,False,False,,,8.0,21.0
13019,LastMile,https://www.crunchbase.com/organization/lastmile-bf90,Lithuania,54.6870458,25.2829111,2019,3.0,False,False,False,False,True,True,True,False,False,False,False,False,False,False,0,2,1,True,True,True,True,1.0,True,0.111632,True,2019-07-01,2020-01-27,Seed,2019,26.0,True,True,False,False,2.5,1.0,True,True,False,False,False,False,False,False,False,False,False,False,2,1,True,True,True,True,True,True,True,True,True,True,True,True,True,True,True,2,1.0,True,True,True,False,False,False,False,False,False,False,False,True,True,53,0,False,82,10,0.1219512195121951,0.1150693297847871,0.3931527714736103,0.0,0.0,0.0,0.0,0.0,0.0,0.0,0.0,0.0,0.0,0.0,0.0,5.0,6.0,0.2879003222371482,1,0,0,0,0,0,0,1.81,3.616308761279101,False,False,False,False,False,False,,,8.0,21.0
12932,Ligence,https://www.crunchbase.com/organization/ligence,Lithuania,54.6870458,25.2829111,2019,1.0,True,False,False,False,True,False,False,True,False,True,False,False,False,False,1,3,9,True,False,True,False,3.0,True,3.593866,False,2020-06-15,2024-11-12,Seed,2020,91.0,True,True,True,True,12.6,3.3,True,True,True,True,True,True,True,False,False,False,False,False,5,1,True,True,False,True,True,True,True,True,True,True,True,True,True,True,True,5,1.0,True,True,False,True,True,False,False,False,False,False,False,True,True,53,0,False,82,10,0.1219512195121951,0.1150693297847871,0.3931527714736103,0.4280910818276914,0.0,1.4652389745148393,0.0,0.33240466507679556,1.4652389745148393,0.0,0.6194639153294833,1.4652389745148393,0.7115526918448964,0.0,1.599310291596139,10.0,7.0,0.3603079674614015,1,0,0,0,0,0,0,1.81,3.845883202923601,False,False,False,False,False,False,,,8.0,21.0
12958,Inbalance grid,https://www.crunchbase.com/organization/inbalance-grid,Lithuania,54.6870458,25.2829111,2019,3.0,True,False,False,False,True,False,False,False,False,True,False,False,False,False,1,1,4,True,False,False,False,1.0,True,1.033359,False,2020-04-29,2020-04-29,Venture - Series Unknown,2020,13.0,True,True,True,False,3.0,0.5,True,True,False,False,False,False,False,False,False,False,False,False,2,1,True,True,True,True,True,True,True,True,True,True,True,True,True,True,True,2,1.0,True,True,True,False,False,False,False,False,False,False,False,True,True,53,0,False,82,10,0.1219512195121951,0.1150693297847871,0.3931527714736103,0.0,0.0,0.0,0.0,0.0,0.0,0.0,0.0,0.0,0.0,0.0,0.0,9.0,5.0,0.3244022507476923,1,0,0,0,0,0,0,1.81,3.845883202923601,False,False,True,False,True,True,,,8.0,21.0
12961,Spenfi,https://www.crunchbase.com/organization/spenfi,Lithuania,54.6870458,25.2829111,2019,3.0,True,False,False,False,True,False,False,False,True,True,False,False,False,False,0,5,6,True,False,True,False,1.0,True,1.943385,False,2019-10-22,2023-07-10,Seed,2019,167.57142857142858,True,False,True,True,7.5,29.1,False,False,True,True,True,False,False,False,False,False,False,False,2,0,True,False,False,True,False,True,False,True,False,True,False,True,False,True,False,2,0.0,True,False,False,True,True,True,True,True,False,True,False,True,False,53,0,False,82,10,0.1219512195121951,0.1150693297847871,0.3931527714736103,1.623065987734076,0.0,9.314285381903609,0.0,1.7269069246860331,9.314285381903609,0.8961794290703761,0.8961794290703761,0.8961794290703761,2.825845650905179,0.0,9.39909543060569,22.0,10.0,0.4627596300955206,1,0,0,0,1,1,1,1.81,3.616308761279101,False,False,False,False,False,False,,,8.0,21.0
12985,Mark ID,https://www.crunchbase.com/organization/mark-id,Lithuania,54.6870458,25.2829111,2019,2.0,True,False,False,False,True,False,False,False,True,True,False,False,False,False,0,3,5,False,False,False,False,0.0,False,1.562252,False,2019-11-01,2022-12-01,Seed,2019,13.25,True,,True,,8.5,0.1,False,,False,,False,,True,,True,,False,,6,0,True,,False,True,,True,,True,,True,,True,,True,,6,,True,,False,False,,True,True,True,False,False,False,True,False,53,0,False,82,10,0.1219512195121951,0.1150693297847871,0.3931527714736103,1.279407931989908,0.0,8.830943261485732,0.0,1.279407931989908,8.830943261485732,0.0,0.0,0.0,2.4751769522860525,0.0,8.830943261485732,4.0,1.0,0.154629239632742,0,0,0,0,0,0,0,1.81,3.616308761279101,False,False,False,False,False,False,,,8.0,21.0
12988,Openface,https://www.crunchbase.com/organization/openface,Lithuania,54.6870458,25.2829111,2019,3.0,True,False,False,False,False,True,False,True,False,True,False,False,False,False,1,3,3,True,False,True,False,1.0,True,0.709648,False,2020-12-15,2022-03-15,Seed,2020,29.75,False,False,True,True,2.2,2.5,False,False,True,True,False,False,True,False,False,False,False,False,0,0,False,False,False,False,False,False,False,False,False,False,False,False,False,False,False,0,0.0,False,False,False,False,False,False,False,False,False,False,False,True,True,53,0,False,82,10,0.1219512195121951,0.1150693297847871,0.3931527714736103,1.8512409456532537,1.4450168241006591,2.257465067205848,1.4450168241006591,1.986648986170785,2.257465067205848,1.4450168241006591,1.4450168241006591,1.4450168241006591,1.944646362119528,0.0,2.9169695431792917,0.0,0.0,0.0,0,0,0,0,0,0,0,1.81,3.845883202923601,False,False,False,False,False,False,,,8.0,21.0
13008,Inion software,https://www.crunchbase.com/organization/inion-5456,Lithuania,54.6870458,25.2829111,2019,3.0,True,False,True,True,False,False,False,False,False,True,False,True,False,False,0,2,3,True,False,True,False,1.0,True,0.64784,False,2019-08-14,2020-08-14,Seed,2019,30.5,True,True,False,False,2.2,1.2,True,True,False,False,True,False,False,False,False,False,False,False,4,2,True,True,True,True,True,True,True,True,True,True,True,True,True,True,True,4,2.0,True,True,True,False,False,False,False,False,False,False,False,True,True,53,0,False,82,10,0.1219512195121951,0.1150693297847871,0.3931527714736103,0.0,0.0,0.0,0.0,0.0,0.0,0.0,0.0,0.0,0.0,0.0,0.0,12.0,7.0,0.3768801551063721,1,0,0,0,0,0,0,1.81,3.616308761279101,False,False,False,False,False,False,,,8.0,21.0
12966,Watalook,https://www.crunchbase.com/organization/watalook,Lithuania,54.6870458,25.2829111,2020,2.0,False,False,False,False,True,True,False,False,False,True,False,False,False,False,0,3,6,True,False,True,False,3.0,True,4.35564,False,2020-10-13,2022-12-21,Seed,2020,136.125,True,True,True,True,15.9,5.5,False,False,True,True,True,True,False,False,True,False,False,False,2,1,True,True,False,True,True,True,True,True,True,True,True,True,True,True,True,2,1.0,True,True,False,True,True,True,True,True,False,False,False,True,False,53,0,False,88,10,0.1136363636363636,0.1076306641923654,0.3931527714736103,1.744406323921373,0.0,9.27476428703778,0.0,3.0208511689762108,9.27476428703778,0.0,0.4679614788665348,0.813467883574271,2.885765114970583,0.0,9.27476428703778,49.0,21.0,0.6035241316146343,1,1,1,1,1,1,1,-5.65,3.845883202923601,False,False,False,False,False,False,,,8.0,21.0
12940,AISPECO,https://www.crunchbase.com/organization/aispeco,Lithuania,54.6870458,25.2829111,2020,1.0,True,False,False,False,True,False,False,False,False,True,False,False,False,False,0,3,10,True,False,True,False,2.0,True,2.767661,False,2020-01-01,2024-09-20,Seed,2020,23.357142857142858,True,True,True,True,7.2,1.4,False,False,True,True,True,True,True,False,False,False,False,False,4,1,True,True,False,True,True,True,True,True,True,True,True,True,True,True,True,4,1.0,True,True,False,True,True,True,True,True,False,False,False,True,False,53,0,False,88,10,0.1136363636363636,0.1076306641923654,0.3931527714736103,1.0489956738325192,0.0,8.574751340287948,0.0,1.2143041587440682,8.574751340287948,0.0,0.30510749173054996,0.6102149834610999,1.7997864513922874,0.0,8.574751340287948,8.0,12.0,0.3850405679807265,1,0,0,1,0,1,0,-5.65,3.845883202923601,False,False,False,False,False,False,,,8.0,21.0
12944,Traxlo,https://www.crunchbase.com/organization/traxlo,Lithuania,54.6870458,25.2829111,2020,1.0,True,False,False,False,False,True,False,False,False,True,False,False,False,False,0,3,6,True,False,True,False,3.0,True,1.171644,False,2020-08-25,2023-05-24,Pre-Seed,2020,11.25,True,True,True,True,4.1,3.4,False,False,True,True,True,False,False,False,False,False,False,False,3,2,True,True,False,True,True,True,True,True,True,True,True,True,True,True,True,3,2.0,True,True,False,True,False,True,True,False,False,False,False,True,False,53,0,False,88,10,0.1136363636363636,0.1076306641923654,0.3931527714736103,2.78239892456656,0.0,9.15822244308008,0.0,3.0023591135171874,9.15822244308008,0.0,2.3974685939029623,9.15822244308008,4.336593591973433,0.0,9.6448464348296,6.0,0.0,0.1242772544618494,0,0,0,0,0,0,0,-5.65,3.845883202923601,False,False,False,False,False,False,,,8.0,21.0
13041,idBlender,https://www.crunchbase.com/organization/idblender,Lithuania,54.6870458,25.2829111,2020,1.0,True,False,False,False,False,False,False,False,False,True,False,False,False,False,0,1,1,False,True,True,False,0.0,False,0.08,True,2020-05-28,2020-05-28,Pre-Seed,2020,448.0,False,,True,,8.0,13.0,False,,True,,True,,False,,False,,False,,0,0,False,,False,False,,False,,False,,False,,False,,False,,0,,False,,False,True,,False,False,False,False,False,False,True,True,53,0,False,88,10,0.1136363636363636,0.1076306641923654,0.3931527714736103,0.529189015945934,0.529189015945934,0.529189015945934,0.529189015945934,0.529189015945934,0.529189015945934,0.0,0.0,0.0,0.0,0.0,0.0,20.0,8.0,0.4352844876140822,1,0,0,0,0,1,0,-5.65,3.845883202923601,False,False,False,False,False,False,,,8.0,21.0
13073,PROPERENTY,https://www.crunchbase.com/organization/properenty,Lithuania,54.6870458,25.2829111,2020,2.0,True,False,False,False,False,False,False,False,False,False,False,False,True,False,0,1,1,False,True,True,True,1.0,True,0.035229,True,2020-10-13,2020-10-13,Pre-Seed,2020,448.0,False,False,True,True,8.0,13.0,False,False,True,True,True,True,False,False,False,False,False,False,0,0,False,False,False,False,False,False,False,False,False,False,False,False,False,False,False,0,0.0,False,False,False,True,True,False,False,False,False,False,False,True,True,53,0,False,88,10,0.1136363636363636,0.1076306641923654,0.3931527714736103,0.529189015945934,0.529189015945934,0.529189015945934,0.0,0.0,0.0,0.529189015945934,0.529189015945934,0.529189015945934,0.0,0.0,0.0,20.0,8.0,0.4352844876140822,1,0,0,0,0,1,0,-5.65,3.845883202923601,False,False,False,False,False,False,,,8.0,21.0
13044,Reekon,https://www.crunchbase.com/organization/reekon,Lithuania,54.6870458,25.2829111,2020,2.0,True,False,False,False,True,False,False,False,False,True,False,False,False,True,0,1,1,False,True,True,False,0.0,False,0.055,True,2020-08-07,2020-08-07,Pre-Seed,2020,448.0,False,,True,,8.0,13.0,False,,True,,True,,False,,False,,False,,0,0,False,,False,False,,False,,False,,False,,False,,False,,0,,False,,False,True,,False,False,False,False,False,False,True,True,53,0,False,88,10,0.1136363636363636,0.1076306641923654,0.3931527714736103,0.529189015945934,0.529189015945934,0.529189015945934,0.529189015945934,0.529189015945934,0.529189015945934,0.0,0.0,0.0,0.0,0.0,0.0,20.0,8.0,0.4352844876140822,1,0,0,0,0,1,0,-5.65,3.845883202923601,False,False,False,False,False,False,,,8.0,21.0
20112,DIGI Health Kft,https://www.crunchbase.com/organization/digi-health-kft,Hungary,48.0733941,20.7881125,2007,1.0,False,False,False,False,False,False,False,True,False,True,False,False,False,False,10,2,1,False,True,True,False,0.0,False,0.035621,True,2017-11-22,2018-05-07,Pre-Seed,2017,392.0,False,,True,,18.5,7.0,False,,False,,False,,False,,False,,False,,0,0,False,,False,False,,False,,False,,False,,False,,False,,2,,True,,True,False,,False,False,False,False,False,False,True,True,1,0,False,0,0,0.0,0.0,0.32793867833483215,0.14542062725753543,0.14542062725753543,0.14542062725753543,0.14542062725753543,0.14542062725753543,0.14542062725753543,0.0,0.0,0.0,0.0,0.0,0.0,0.0,0.0,0.0,0,0,0,0,1,0,0,3.16,3.933784497209659,False,False,False,False,False,False,,,1.6,3.0
19904,IT-Medicine Kft.,https://www.crunchbase.com/organization/it-medicine-kft,Hungary,47.4978789,19.0402383,2008,1.0,True,False,False,False,False,False,False,True,False,False,False,False,False,False,10,2,1,False,True,True,False,0.0,False,0.252124,True,2018-12-19,2020-06-03,Seed,2018,392.0,True,,False,,20.0,7.0,False,,False,,False,,False,,False,,False,,2,0,True,,True,True,,True,,True,,True,,True,,True,,2,,True,,True,False,,False,False,False,False,False,False,True,True,54,0,False,1,1,1.0,0.6931471805599453,0.21414371872684834,0.0,0.0,0.0,0.0,0.0,0.0,0.0,0.0,0.0,0.0,0.0,0.0,81.0,7.0,0.5595883856426668,1,1,1,0,0,1,1,0.64,4.244200317766478,False,False,False,False,False,False,,,7.0,81.0
20017,Maven7,https://www.crunchbase.com/organization/maven7,Hungary,47.4978789,19.0402383,2009,2.0,True,False,False,False,False,False,False,False,False,True,False,False,False,False,5,1,1,False,True,False,False,0.0,False,0.788358,False,2014-02-27,2014-02-27,Series A,2014,16.0,True,,False,,11.0,8.0,False,,False,,False,,False,,True,,False,,1,0,True,,True,True,,True,,True,,True,,True,,True,,1,,True,,True,False,,False,False,False,False,False,False,True,True,54,0,False,2,1,0.5,0.4054651081081644,0.21414371872684834,0.0,0.0,0.0,0.0,0.0,0.0,0.0,0.0,0.0,0.0,0.0,0.0,0.0,0.0,0.0,0,0,0,0,0,0,0,-4.35,3.8394523125933104,False,False,True,False,True,True,,,7.0,81.0
20121,Genio Studio Ltd,https://www.crunchbase.com/organization/genio-studio-ltd,Hungary,47.4978789,19.0402383,2010,1.0,False,False,False,False,False,False,False,False,False,True,False,False,False,False,4,1,2,False,False,False,False,0.0,False,0.0,True,2014-03-01,2014-03-01,Seed,2014,42.0,True,,False,,3.5,7.0,False,,False,,False,,False,,False,,False,,2,0,True,,True,True,,True,,True,,True,,True,,True,,2,,True,,True,False,,False,False,False,False,False,False,True,True,54,0,False,3,1,0.3333333333333333,0.2876820724517809,0.21414371872684834,0.0,0.0,0.0,0.0,0.0,0.0,0.0,0.0,0.0,0.0,0.0,0.0,5.0,2.0,0.2099961751794825,1,0,0,0,0,0,0,2.23,3.8394523125933104,False,False,False,False,False,False,,,7.0,81.0
20128,Webee,https://www.crunchbase.com/organization/webee,Hungary,47.4978789,19.0402383,2011,2.0,False,False,False,False,False,False,False,False,False,True,True,False,False,False,0,2,2,True,False,False,False,1.0,True,0.0,True,2011-05-06,2020-07-15,Seed,2011,86.0,True,False,True,True,2.0,20.0,False,False,False,False,False,False,False,False,True,False,True,True,1,0,True,False,False,True,False,True,False,True,False,True,False,True,False,True,False,1,0.0,True,False,False,False,False,True,True,True,False,False,False,True,False,54,0,False,5,2,0.4,0.3364722366212129,0.21414371872684834,4.895494491830843,0.0,9.790988983661686,0.0,0.0,0.0,9.790988983661686,9.790988983661686,9.790988983661686,9.790988983661686,9.790988983661686,9.790988983661686,0.0,0.0,0.0,0,0,0,0,0,0,0,1.9,3.6136169696133895,False,False,False,False,False,False,,,7.0,81.0
19944,JayStack Technologies,https://www.crunchbase.com/organization/jaystack-technologies,Hungary,47.4978789,19.0402383,2011,1.0,True,False,False,False,True,False,False,False,False,True,False,False,False,False,4,2,2,False,False,False,False,0.0,False,2.147695,False,2015-09-29,2017-09-08,Seed,2015,267.3333333333333,True,,False,,20.7,5.0,False,,False,,False,,False,,True,,False,,3,0,True,,True,True,,True,,True,,True,,True,,True,,3,,True,,True,False,,False,False,False,False,False,False,True,True,54,0,False,5,1,0.2,0.1823215567939546,0.21414371872684834,0.0,0.0,0.0,0.0,0.0,0.0,0.0,0.0,0.0,0.0,0.0,0.0,33.0,2.0,0.3820729863332897,1,0,1,0,0,0,0,1.9,3.927896354584436,True,False,False,True,True,True,2022-08-22,11.0,7.0,81.0
19920,Daige Kft.,https://www.crunchbase.com/organization/daige-kft,Hungary,47.4978789,19.0402383,2012,1.0,False,False,False,False,True,True,False,False,False,False,False,False,False,False,7,3,1,False,True,True,False,0.0,False,0.939283,False,2019-03-11,2021-09-22,Seed,2019,392.0,True,,False,,21.0,7.0,False,,False,,False,,False,,False,,False,,3,0,True,,True,True,,True,,True,,True,,True,,True,,3,,True,,True,False,,False,False,False,False,False,False,True,True,54,0,False,12,3,0.25,0.2231435513142097,0.21414371872684834,0.0,0.0,0.0,0.0,0.0,0.0,0.0,0.0,0.0,0.0,0.0,0.0,81.0,8.0,0.5704178558439488,1,1,1,0,0,1,1,-0.7,4.960744524482791,False,False,False,False,False,False,,,7.0,81.0
19871,HandInScan,https://www.crunchbase.com/organization/handinscan,Hungary,47.4978789,19.0402383,2012,2.0,True,False,False,False,False,False,False,True,False,True,False,False,False,False,0,3,3,False,False,False,False,0.0,False,1.517556,False,2012-12-28,2017-12-08,Seed,2012,208.33333333333337,True,,True,,13.3,17.0,False,,False,,True,,False,,False,,False,,1,0,True,,False,True,,True,,True,,True,,True,,True,,1,,True,,False,True,,False,False,False,False,False,False,True,True,54,0,False,12,3,0.25,0.2231435513142097,0.21414371872684834,0.7333297498053226,0.0,1.1285795783985038,0.0,0.7333297498053226,1.1285795783985038,0.0,0.0,0.0,0.7675248882117404,0.10258541521925346,1.1285795783985038,33.0,3.0,0.4085236921900184,1,0,1,0,0,0,0,-0.7,3.711130063048756,False,False,False,False,False,False,,,7.0,81.0
20120,MiniBrake,https://www.crunchbase.com/organization/minibrake,Hungary,47.1328461,17.7523356,2012,3.0,False,False,False,False,False,False,False,False,False,True,False,False,False,False,1,1,1,False,True,False,False,0.0,False,0.014,True,2013-02-01,2013-02-01,Seed,2013,1.0,False,,True,,1.0,0.0,False,,False,,False,,False,,False,,False,,0,0,False,,False,False,,False,,False,,False,,False,,False,,1,,True,,True,False,,False,False,False,False,False,False,True,True,1,0,False,0,0,0.0,0.0,0.15803489728668144,0.1052312149850499,0.1052312149850499,0.1052312149850499,0.1052312149850499,0.1052312149850499,0.1052312149850499,0.0,0.0,0.0,0.0,0.0,0.0,0.0,0.0,0.0,0,0,0,0,1,0,0,-0.7,3.3775875160230218,False,False,False,False,False,False,,,0.4000000000000003,7.4
20117,Brickflow,https://www.crunchbase.com/organization/brickflow,Hungary,47.4978789,19.0402383,2012,3.0,False,False,False,False,False,False,False,False,False,True,True,False,False,False,1,2,2,False,False,False,False,0.0,False,0.335,True,2013-02-01,2014-01-30,Seed,2013,225.5,True,,True,,1.5,6.5,False,,True,,True,,False,,False,,False,,1,0,True,,False,True,,True,,True,,True,,True,,True,,1,,True,,False,True,,False,False,False,False,False,False,True,True,54,0,False,12,3,0.25,0.2231435513142097,0.21414371872684834,0.6895087838987914,0.0,1.3790175677975829,0.0,0.6895087838987914,1.3790175677975829,0.0,0.0,0.0,1.3790175677975829,1.3790175677975829,1.3790175677975829,0.0,0.0,0.0,0,0,0,0,0,0,0,-0.7,3.3775875160230218,False,False,False,False,False,False,,,7.0,81.0
20013,Innovair Codes Kft,https://www.crunchbase.com/organization/innovair-codes-kft-c7b8,Hungary,47.5198856,21.6287627,2012,1.0,False,False,False,False,False,True,False,False,False,True,False,False,False,False,5,3,1,False,True,False,False,0.0,False,0.795015,False,2017-08-10,2018-12-18,Seed,2017,392.0,False,,True,,18.3,7.0,False,,False,,False,,False,,False,,False,,0,0,False,,False,False,,False,,False,,False,,False,,False,,3,,True,,True,False,,False,False,False,False,False,False,True,True,1,0,False,0,0,0.0,0.0,0.39943331529835063,0.1944291595406349,0.1944291595406349,0.1944291595406349,0.1944291595406349,0.1944291595406349,0.1944291595406349,0.0,0.0,0.0,0.0,0.0,0.0,9.0,1.0,0.223391192774942,1,0,0,0,0,0,0,-0.7,3.933784497209659,False,False,False,False,False,False,,,3.0,18.0
19992,OptoForce,https://www.crunchbase.com/organization/optoforce,Hungary,47.4978789,19.0402383,2012,2.0,True,False,False,False,True,False,False,False,False,True,False,False,False,False,1,2,3,False,False,False,False,0.0,False,0.0,True,2013-06-01,2015-12-01,Series A,2013,90.0,True,,True,,3.7,17.3,False,,False,,True,,False,,False,,False,,2,0,True,,False,True,,True,,True,,True,,True,,True,,2,,True,,False,True,,False,False,False,False,False,False,True,True,54,0,False,12,2,0.1666666666666666,0.1541506798272582,0.21414371872684834,0.37619319279950125,0.0,1.1285795783985038,0.0,0.37619319279950125,1.1285795783985038,0.0,0.0,0.0,0.7523863855990025,0.0,1.1285795783985038,2.0,0.0,0.0402231640645322,0,0,0,0,0,0,0,-0.7,3.3775875160230218,True,False,True,True,True,True,2018-06-11,6.0,7.0,81.0
19968,Flight Refund,https://www.crunchbase.com/organization/flight-refund,Hungary,47.4978789,19.0402383,2012,2.0,True,False,False,False,True,True,False,False,True,False,False,False,False,False,5,3,1,False,True,False,False,0.0,False,1.066142,False,2017-11-03,2020-02-07,Seed,2017,392.0,True,,False,,19.3,7.0,False,,False,,False,,False,,False,,False,,3,0,True,,True,True,,True,,True,,True,,True,,True,,3,,True,,True,False,,False,False,False,False,False,False,True,True,54,0,False,12,3,0.25,0.2231435513142097,0.21414371872684834,0.0,0.0,0.0,0.0,0.0,0.0,0.0,0.0,0.0,0.0,0.0,0.0,81.0,9.0,0.5801051470429703,1,1,1,0,1,1,1,-0.7,3.933784497209659,False,False,False,False,False,False,,,7.0,81.0
19787,DicomLab,https://www.crunchbase.com/organization/dicomlab,Hungary,46.239954,20.1431222,2012,1.0,True,False,False,False,False,False,False,True,False,False,False,False,False,True,6,4,2,False,False,True,False,0.0,False,2.446052,False,2018-05-11,2023-09-20,Pre-Seed,2018,318.75,False,,True,,15.2,5.8,False,,False,,False,,False,,False,,False,,0,0,False,,False,False,,False,,False,,False,,False,,False,,4,,True,,True,False,,False,False,False,False,False,False,True,True,1,0,False,0,0,0.0,0.0,0.35907254756049395,0.1630738513669068,0.1630738513669068,0.1630738513669068,0.1630738513669068,0.1630738513669068,0.1630738513669068,0.0,0.0,0.0,0.0,0.0,0.0,5.0,0.0,0.1089851172067322,0,0,0,0,1,1,1,-0.7,4.244200317766478,False,False,False,False,False,False,,,0.0,5.0
19776,Neticle,https://www.crunchbase.com/organization/neticle-technologies,Hungary,47.4978789,19.0402383,2012,4.0,True,False,False,False,True,False,False,False,False,True,False,False,False,False,5,2,2,True,False,False,False,1.0,True,0.955777,False,2017-09-13,2019-06-04,Series A,2017,333.0,True,True,True,False,13.5,22.5,False,False,False,False,True,False,False,False,False,False,False,False,1,1,True,True,False,True,True,True,True,True,True,True,True,True,True,True,True,1,1.0,True,True,False,False,False,True,True,False,False,False,False,True,False,54,0,False,12,3,0.25,0.2231435513142097,0.21414371872684834,3.5620036926518557,0.0,7.124007385303711,7.124007385303711,7.124007385303711,7.124007385303711,0.0,0.0,0.0,7.124007385303711,7.124007385303711,7.124007385303711,34.0,3.0,0.4113993291515309,1,0,1,0,0,0,0,-0.7,3.933784497209659,False,False,True,False,True,True,,,7.0,81.0
20134,Worldrat,https://www.crunchbase.com/organization/worldrat,Hungary,47.6123429,17.7979394,2012,3.0,False,False,False,False,False,True,False,False,False,True,False,False,False,False,0,1,1,False,True,False,False,0.0,False,0.050156,True,2012-01-08,2012-01-08,Seed,2012,685.0,False,,True,,1.0,53.0,False,,True,,False,,False,,False,,True,,0,0,False,,False,False,,False,,False,,False,,False,,False,,0,,False,,False,True,,False,False,False,False,False,False,True,True,1,0,False,0,0,0.0,0.0,0.12521485363510995,1.8867220152439703,1.8867220152439703,1.8867220152439703,1.8867220152439703,1.8867220152439703,1.8867220152439703,0.0,0.0,0.0,0.0,0.0,0.0,0.0,0.0,0.0,0,0,0,0,1,1,0,-0.7,3.711130063048756,False,False,False,False,False,False,,,0.0,6.0
20137,Transcarga.pe,https://www.crunchbase.com/organization/transcarga-pe,Hungary,47.6123429,17.7979394,2013,3.0,True,False,False,False,True,False,False,False,False,False,False,False,False,False,0,1,1,False,True,False,False,0.0,False,0.05,True,2013-09-01,2013-09-01,Seed,2013,685.0,False,,True,,2.0,53.0,False,,True,,False,,False,,False,,True,,0,0,False,,False,False,,False,,False,,False,,False,,False,,0,,False,,False,True,,False,False,False,False,False,False,True,True,1,0,False,1,0,0.0,0.0,0.12521485363510995,1.8867220152439703,1.8867220152439703,1.8867220152439703,1.8867220152439703,1.8867220152439703,1.8867220152439703,0.0,0.0,0.0,0.0,0.0,0.0,1.0,0.0,0.0,0,0,0,0,1,1,0,-0.08,3.3775875160230218,False,False,False,False,False,False,,,0.0,6.0
20131,SOPRESO,https://www.crunchbase.com/organization/sopreso,Hungary,47.4978789,19.0402383,2013,3.0,True,False,False,False,False,False,False,False,False,True,False,False,False,True,1,2,3,True,False,False,False,1.0,True,0.0,True,2014-01-01,2014-10-01,Seed,2014,120.33333333333331,True,False,True,True,2.7,22.7,False,False,False,False,True,True,False,False,False,False,False,False,1,0,True,False,False,True,False,True,False,True,False,True,False,True,False,True,False,1,0.0,True,False,False,True,True,False,False,False,False,True,False,True,True,54,0,False,19,4,0.2105263157894736,0.1910552367627091,0.21414371872684834,0.6053569155715777,0.0,1.1285795783985038,0.0,0.5642897891992519,1.1285795783985038,0.6874911683162293,0.6874911683162293,0.6874911683162293,0.822078191220311,0.6501638269462,1.1285795783985038,6.0,1.0,0.1880081363765889,1,0,0,0,0,0,0,-0.08,3.8394523125933104,False,False,False,False,False,False,,,7.0,81.0
19775,indivizo,https://www.crunchbase.com/organization/indivizo,Hungary,47.4978789,19.0402383,2013,3.0,True,False,False,False,True,False,False,False,False,True,True,False,False,False,3,6,5,False,False,False,False,0.0,False,1.23163,False,2016-11-14,2019-02-12,Seed,2016,192.55555555555551,True,,True,,8.4,4.1,False,,False,,True,,True,,True,,False,,7,0,True,,False,True,,True,,True,,True,,True,,True,,7,,True,,False,False,,True,True,True,False,False,False,True,False,54,0,False,19,4,0.2105263157894736,0.1910552367627091,0.21414371872684834,1.7255756807661289,0.0,7.76509056344758,0.0,1.7255756807661289,7.76509056344758,0.0,0.0,0.0,3.0197574413407255,0.0,7.76509056344758,64.0,2.0,0.4463588781951061,1,0,1,0,0,0,0,-0.08,3.9740583963475986,False,False,False,False,False,False,,,7.0,81.0
19785,Chameleon Smart Home,https://www.crunchbase.com/organization/chameleon-smarthome-system,Hungary,47.4978789,19.0402383,2013,2.0,False,False,False,False,True,True,False,False,False,True,False,False,True,False,2,3,3,False,False,True,False,0.0,False,0.56862,False,2015-01-01,2020-10-28,Series A,2015,223.33333333333337,True,,True,,9.7,15.7,True,,False,,True,,False,,False,,False,,1,0,True,,False,True,,True,,True,,True,,True,,True,,2,,True,,False,False,,True,True,False,False,False,False,True,False,54,0,False,19,3,0.1578947368421052,0.1466034741918753,0.21414371872684834,2.4209512504078177,0.0,7.124007385303711,0.0,2.4209512504078177,7.124007385303711,0.0,0.0,0.0,4.812370530857884,0.13884636591974137,7.174257841350202,81.0,6.0,0.5473109449288641,1,1,1,0,0,0,1,-0.08,3.927896354584436,True,False,True,True,True,True,2023-01-20,10.0,7.0,81.0
19789,Gremon Systems,https://www.crunchbase.com/organization/gremon-systems-zrt,Hungary,46.239954,20.1431222,2013,2.0,True,False,False,False,False,False,True,False,False,True,False,False,True,False,2,3,2,False,False,False,False,0.0,False,2.83088,False,2015-02-27,2019-01-11,Series A,2015,264.6666666666667,False,,True,,14.7,5.0,False,,False,,False,,False,,False,,False,,0,0,False,,False,False,,False,,False,,False,,False,,False,,3,,True,,True,False,,False,False,False,False,False,False,True,True,1,0,False,1,0,0.0,0.0,0.35907254756049395,0.1630738513669068,0.1630738513669068,0.1630738513669068,0.1630738513669068,0.1630738513669068,0.1630738513669068,0.0,0.0,0.0,0.0,0.0,0.0,5.0,0.0,0.1089851172067322,0,0,0,0,1,1,1,-0.08,3.927896354584436,False,False,True,False,True,True,,,0.0,5.0
20078,Cubilog,https://www.crunchbase.com/organization/cubilog-ltd-,Hungary,47.4978789,19.0402383,2013,3.0,True,False,False,False,False,True,False,False,False,True,False,False,True,False,2,2,3,False,False,False,False,0.0,False,0.643457,False,2015-01-01,2017-02-14,Seed,2015,335.0,True,,True,,8.0,19.3,False,,False,,True,,False,,False,,False,,1,0,True,,False,True,,True,,True,,True,,True,,True,,1,,True,,False,True,,False,False,False,False,False,False,True,True,54,0,False,19,4,0.2105263157894736,0.1910552367627091,0.21414371872684834,0.9666581111734246,0.0,1.449987166760137,0.0,0.9666581111734246,1.449987166760137,0.0,0.0,0.0,0.9666581111734246,0.0,1.449987166760137,32.0,2.0,0.3791114968966653,1,0,1,0,0,0,0,-0.08,3.927896354584436,False,False,False,False,False,False,,,7.0,81.0
19941,RoyalPaté,https://www.crunchbase.com/organization/royalpaté-kft,Hungary,48.0733941,20.7881125,2013,2.0,False,False,False,False,False,True,True,False,False,False,False,False,False,False,6,3,1,False,True,True,False,0.0,False,0.247219,True,2019-06-20,2021-11-11,Pre-Seed,2019,392.0,False,,True,,21.0,7.0,False,,False,,False,,False,,False,,False,,0,0,False,,False,False,,False,,False,,False,,False,,False,,3,,True,,True,False,,False,False,False,False,False,False,True,True,1,0,False,1,0,0.0,0.0,0.32793867833483215,0.14542062725753543,0.14542062725753543,0.14542062725753543,0.14542062725753543,0.14542062725753543,0.14542062725753543,0.0,0.0,0.0,0.0,0.0,0.0,3.0,2.0,0.1697730111149502,1,0,0,0,1,1,1,-0.08,4.960744524482791,False,False,False,False,False,False,,,1.6,3.0
19922,Plukkido,https://www.crunchbase.com/organization/plukkido,Hungary,47.4978789,19.0402383,2013,4.0,False,False,False,False,True,False,False,False,False,False,False,False,False,False,5,2,3,True,False,True,False,1.0,True,0.589729,False,2018-03-01,2020-05-12,Seed,2018,172.0,True,True,False,False,8.3,3.3,False,False,False,False,False,False,True,True,True,True,False,False,3,1,True,True,True,True,True,True,True,True,True,True,True,True,True,True,True,3,1.0,True,True,True,False,False,False,False,False,False,False,False,True,True,54,0,False,19,4,0.2105263157894736,0.1910552367627091,0.21414371872684834,0.0,0.0,0.0,0.0,0.0,0.0,0.0,0.0,0.0,0.0,0.0,0.0,84.0,7.0,0.5631529318227605,1,1,1,0,0,1,1,-0.08,4.244200317766478,False,False,False,False,False,False,,,7.0,81.0
20068,SpringTab,https://www.crunchbase.com/organization/springtab,Hungary,47.4978789,19.0402383,2014,2.0,True,False,False,False,False,True,False,False,False,True,True,False,False,False,1,2,3,False,False,False,False,0.0,False,0.356761,True,2015-06-02,2016-03-03,Seed,2015,54.25,True,,True,,10.8,3.8,False,,True,,True,,False,,True,,False,,1,0,True,,False,True,,True,,True,,True,,True,,True,,1,,True,,False,True,,False,False,False,False,True,False,True,True,54,0,False,34,5,0.1470588235294117,0.1372011215134849,0.21414371872684834,1.038310443452054,0.0,1.7957897160494813,0.0,1.038310443452054,1.7957897160494813,0.0,0.0,0.0,1.1444367409804737,0.0,1.7957897160494813,6.0,2.0,0.2252883124345997,1,0,0,0,0,0,0,1.6,3.927896354584436,False,False,False,False,False,False,,,7.0,81.0
20072,KitchenBox,https://www.crunchbase.com/organization/kitchenbox,Hungary,47.4978789,19.0402383,2014,1.0,False,False,False,False,True,False,True,False,False,False,False,False,False,False,2,1,1,False,True,False,False,0.0,False,0.13,True,2016-02-01,2016-02-01,Seed,2016,18.0,True,,False,,29.0,1.0,False,,False,,False,,False,,True,,False,,1,0,True,,True,True,,True,,True,,True,,True,,True,,1,,True,,True,False,,False,False,False,False,False,False,True,True,54,0,False,34,5,0.1470588235294117,0.1372011215134849,0.21414371872684834,0.0,0.0,0.0,0.0,0.0,0.0,0.0,0.0,0.0,0.0,0.0,0.0,6.0,4.0,0.272255779691632,1,0,0,0,0,0,0,1.6,3.9740583963475986,False,False,False,False,False,False,,,7.0,81.0
19959,Rendi.hu,https://www.crunchbase.com/organization/helpy,Hungary,47.4978789,19.0402383,2014,1.0,False,False,False,False,True,True,False,False,False,False,False,False,True,False,1,2,2,False,False,True,False,0.0,False,0.175,True,2015-08-01,2016-03-18,Seed,2015,33.0,True,,False,,16.5,9.0,False,,False,,False,,False,,True,,False,,2,0,True,,True,True,,True,,True,,True,,True,,True,,2,,True,,True,False,,False,False,False,False,False,False,True,True,54,0,False,34,5,0.1470588235294117,0.1372011215134849,0.21414371872684834,0.0,0.0,0.0,0.0,0.0,0.0,0.0,0.0,0.0,0.0,0.0,0.0,6.0,4.0,0.272255779691632,1,0,0,0,0,0,0,1.6,3.927896354584436,False,False,False,False,False,False,,,7.0,81.0
19953,Analogy Co.,https://www.crunchbase.com/organization/analogy-co,Hungary,47.4978789,19.0402383,2014,2.0,True,False,False,False,True,True,False,False,False,True,True,False,False,True,1,2,3,False,False,False,False,0.0,False,1.299068,False,2015-09-01,2016-07-13,Seed,2015,2.5,True,,False,,3.0,0.5,False,,False,,False,,False,,False,,False,,4,0,True,,True,True,,True,,True,,True,,True,,True,,4,,True,,True,False,,False,False,False,False,False,False,True,True,54,0,False,34,5,0.1470588235294117,0.1372011215134849,0.21414371872684834,0.0,0.0,0.0,0.0,0.0,0.0,0.0,0.0,0.0,0.0,0.0,0.0,0.0,0.0,0.0,0,0,0,0,0,0,0,1.6,3.927896354584436,False,False,False,False,False,False,,,7.0,81.0
20092,Sportgenetika Kft,https://www.crunchbase.com/organization/sportgenetika-kft,Hungary,47.4978789,19.0402383,2014,2.0,False,False,False,False,True,False,False,True,False,False,False,False,False,False,4,1,1,False,True,True,False,0.0,False,0.034573,True,2018-08-09,2018-08-09,Pre-Seed,2018,392.0,True,,False,,19.0,7.0,False,,False,,False,,False,,False,,False,,1,0,True,,True,True,,True,,True,,True,,True,,True,,1,,True,,True,False,,False,False,False,False,False,False,True,True,54,0,False,34,5,0.1470588235294117,0.1372011215134849,0.21414371872684834,0.0,0.0,0.0,0.0,0.0,0.0,0.0,0.0,0.0,0.0,0.0,0.0,59.0,1.0,0.4011382631238741,1,0,1,0,0,0,0,1.6,4.244200317766478,False,False,False,False,False,False,,,7.0,81.0
20104,Liber8Tech Hungary Kft,https://www.crunchbase.com/organization/liber8tech-hungary-kft,Hungary,47.4978789,19.0402383,2014,1.0,True,False,False,False,False,False,False,False,False,False,False,False,False,False,3,2,1,False,True,False,False,0.0,False,0.03703,True,2017-01-06,2017-10-01,Seed,2017,392.0,True,,False,,18.0,7.0,False,,False,,False,,False,,False,,False,,2,0,True,,True,True,,True,,True,,True,,True,,True,,2,,True,,True,False,,False,False,False,False,False,False,True,True,54,0,False,34,5,0.1470588235294117,0.1372011215134849,0.21414371872684834,0.0,0.0,0.0,0.0,0.0,0.0,0.0,0.0,0.0,0.0,0.0,0.0,32.0,2.0,0.3791114968966653,1,0,1,0,0,0,0,1.6,3.933784497209659,False,False,False,False,False,False,,,7.0,81.0
19891,KWINDOO,https://www.crunchbase.com/organization/kwindoo,Hungary,47.4978789,19.0402383,2014,1.0,False,False,False,False,False,True,False,False,False,True,True,False,False,False,0,3,2,False,False,False,False,0.0,False,1.07476,False,2014-11-24,2018-12-12,Seed,2014,267.3333333333333,True,,False,,21.3,5.0,False,,False,,False,,False,,True,,False,,3,0,True,,True,True,,True,,True,,True,,True,,True,,3,,True,,True,False,,False,False,False,False,False,False,True,True,54,0,False,34,5,0.1470588235294117,0.1372011215134849,0.21414371872684834,0.0,0.0,0.0,0.0,0.0,0.0,0.0,0.0,0.0,0.0,0.0,0.0,59.0,3.0,0.4648691450386136,1,0,1,0,0,0,0,1.6,3.8394523125933104,False,False,False,False,False,False,,,7.0,81.0
19763,Avatao,https://www.crunchbase.com/organization/avatao-com,Hungary,47.4978789,19.0402383,2014,3.0,True,False,False,False,True,True,False,False,False,True,False,False,False,False,3,2,5,True,False,True,False,2.0,True,1.1,False,2017-09-01,2018-10-01,Series A,2017,50.857142857142854,True,True,True,True,16.5,58.2,False,False,True,True,True,False,True,False,True,False,False,False,4,1,True,True,False,True,True,True,True,True,True,True,True,True,True,True,True,4,1.0,True,True,False,True,True,True,True,True,False,True,False,True,False,54,0,False,34,5,0.1470588235294117,0.1372011215134849,0.21414371872684834,1.6668005740074525,0.0,9.790988983661686,0.0,2.4477472459154215,9.790988983661686,0.0,0.10490723019151392,0.20981446038302784,3.308615132812793,0.0,9.790988983661686,3.0,3.0,0.196223716971679,1,0,0,0,0,0,0,1.6,3.933784497209659,False,False,True,False,True,True,,,7.0,81.0
19765,Prefixbox,https://www.crunchbase.com/organization/prefixbox,Hungary,47.4978789,19.0402383,2014,1.0,True,False,False,False,True,True,False,False,False,True,False,False,False,False,3,4,3,True,False,True,False,2.0,True,2.512516,False,2017-12-15,2021-03-19,Series A,2017,42.5,True,True,False,False,16.2,6.2,False,False,False,False,False,False,True,True,True,True,False,False,4,3,True,True,True,True,True,True,True,True,True,True,True,True,True,True,True,4,3.0,True,True,True,False,False,False,False,False,False,False,False,True,True,54,0,False,34,5,0.1470588235294117,0.1372011215134849,0.21414371872684834,0.0,0.0,0.0,0.0,0.0,0.0,0.0,0.0,0.0,0.0,0.0,0.0,6.0,1.0,0.1880081363765889,1,0,0,0,0,0,0,1.6,3.933784497209659,False,False,True,False,True,True,,,7.0,81.0
19829,SDSYS Zrt.,https://www.crunchbase.com/organization/sdsys-zrt,Hungary,47.4978789,19.0402383,2014,1.0,True,False,False,False,False,False,False,False,True,False,False,False,False,False,3,3,1,False,True,False,False,0.0,False,0.561055,False,2017-09-28,2020-12-22,Series A,2017,392.0,True,,False,,19.7,7.0,False,,False,,False,,False,,False,,False,,3,0,True,,True,True,,True,,True,,True,,True,,True,,3,,True,,True,False,,False,False,False,False,False,False,True,True,54,0,False,34,5,0.1470588235294117,0.1372011215134849,0.21414371872684834,0.0,0.0,0.0,0.0,0.0,0.0,0.0,0.0,0.0,0.0,0.0,0.0,81.0,10.0,0.5888683678779381,1,1,1,0,1,1,1,1.6,3.933784497209659,False,False,True,False,True,True,,,7.0,81.0
19830,Synetiq,https://www.crunchbase.com/organization/synetiq,Hungary,47.4978789,19.0402383,2014,2.0,True,False,False,False,True,True,False,False,False,True,True,False,False,False,0,3,4,True,False,True,False,3.0,True,0.667,False,2013-11-01,2016-08-01,Angel,2013,23.25,True,True,True,True,2.8,3.8,False,False,False,False,False,False,False,False,False,False,False,False,3,2,True,True,False,True,True,True,True,True,True,True,True,True,True,True,True,3,2.0,True,True,False,False,False,False,False,False,False,False,False,True,True,54,0,False,34,5,0.1470588235294117,0.1372011215134849,0.21414371872684834,0.3871066248228749,0.0,1.5484264992914996,0.0,0.0,0.0,0.0,0.5161421664304998,1.5484264992914996,0.7742132496457498,0.0,1.5484264992914996,5.0,2.0,0.2099961751794825,1,0,0,0,0,0,0,1.6,3.3775875160230218,False,False,False,False,False,False,,,7.0,81.0
19842,Moonsyst Zrt,https://www.crunchbase.com/organization/moonsyst-zrt,Hungary,47.4907066,18.6358046,2014,1.0,True,False,False,False,False,False,False,False,False,True,False,False,False,False,4,2,1,False,True,False,False,0.0,False,0.458334,True,2018-08-17,2020-07-03,Seed,2018,392.0,True,,False,,20.0,7.0,False,,False,,False,,False,,False,,False,,0,0,False,,False,True,,True,,True,,True,,False,,False,,2,,True,,True,False,,False,False,False,False,False,False,True,True,56,0,False,0,0,0.0,0.0,0.18678212180903628,0.03039568343672689,0.03039568343672689,0.03039568343672689,0.03039568343672689,0.03039568343672689,0.03039568343672689,0.0,0.0,0.0,0.0,0.0,0.0,87.0,9.0,0.587110588288305,1,1,1,0,1,1,1,1.6,4.244200317766478,False,False,False,False,False,False,,,9.0,86.8
19846,Statzup,https://www.crunchbase.com/organization/statzup,Hungary,47.4978789,19.0402383,2014,2.0,False,False,False,False,False,True,False,False,False,True,True,False,False,False,0,2,4,True,False,False,False,2.0,True,0.904996,False,2014-04-04,2015-06-30,Venture - Series Unknown,2014,23.75,True,True,False,False,7.0,4.2,False,False,False,False,False,False,False,False,False,False,False,False,4,2,True,True,True,True,True,True,True,True,True,True,True,True,True,True,True,4,2.0,True,True,True,False,False,False,False,False,False,False,False,True,True,54,0,False,34,4,0.1176470588235294,0.1112256351102243,0.21414371872684834,0.0,0.0,0.0,0.0,0.0,0.0,0.0,0.0,0.0,0.0,0.0,0.0,5.0,2.0,0.2099961751794825,1,0,0,0,0,0,0,1.6,3.8394523125933104,True,False,True,True,True,True,2016-05-30,2.0,7.0,81.0
19860,Pressenger Kft,https://www.crunchbase.com/organization/pressenger-kft,Hungary,47.2291184,16.6187625,2014,2.0,False,False,False,False,False,False,False,False,False,True,True,False,False,False,3,3,1,False,True,False,False,0.0,False,1.410568,False,2017-11-30,2020-06-09,Seed,2017,392.0,False,,True,,19.3,7.0,False,,False,,False,,False,,False,,False,,0,0,False,,False,False,,False,,False,,False,,False,,False,,3,,True,,True,False,,False,False,False,False,False,False,True,True,3,0,False,0,0,0.0,0.0,0.11043324451684756,0.18480328523345732,0.18480328523345732,0.18480328523345732,0.18480328523345732,0.18480328523345732,0.18480328523345732,0.0,0.0,0.0,0.0,0.0,0.0,3.0,0.0,0.0687619531421999,0,0,0,0,1,1,1,1.6,3.933784497209659,False,False,False,False,False,False,,,0.0,3.0
19814,Now Technologies,https://www.crunchbase.com/organization/now-technologies,Hungary,47.4978789,19.0402383,2014,1.0,True,False,False,False,True,True,False,True,False,True,False,False,False,False,0,5,3,False,False,False,False,0.0,False,2.928066,False,2014-03-01,2020-09-11,Series A,2014,215.5,True,,False,,12.0,6.8,False,,False,,False,,False,,False,,False,,6,0,True,,True,True,,True,,True,,True,,True,,True,,6,,True,,True,False,,False,False,False,False,False,False,True,True,54,0,False,34,5,0.1470588235294117,0.1372011215134849,0.21414371872684834,0.0,0.0,0.0,0.0,0.0,0.0,0.0,0.0,0.0,0.0,0.0,0.0,87.0,12.0,0.6112334678532447,1,1,1,1,1,1,1,1.6,3.8394523125933104,False,False,True,False,True,True,,,7.0,81.0
20133,Polarisol KFT.,https://www.crunchbase.com/organization/polarisol-kft,Hungary,47.4978789,19.0402383,2014,1.0,True,False,False,False,False,False,False,True,False,False,False,False,False,False,1,1,1,False,True,False,True,1.0,True,0.941797,False,2015-01-15,2015-01-15,Seed,2015,22.0,True,True,False,False,2.0,0.0,False,False,False,False,False,False,False,False,False,False,False,False,1,1,True,True,True,True,True,True,True,True,True,True,True,True,True,True,True,1,1.0,True,True,True,False,False,False,False,False,False,False,False,True,True,54,0,False,34,5,0.1470588235294117,0.1372011215134849,0.21414371872684834,0.0,0.0,0.0,0.0,0.0,0.0,0.0,0.0,0.0,0.0,0.0,0.0,0.0,0.0,0.0,0,0,0,0,0,0,0,1.6,3.927896354584436,False,False,False,False,False,False,,,7.0,81.0
19872,Servo Movement,https://www.crunchbase.com/organization/servo-movement-kft,Hungary,47.4978789,19.0402383,2015,1.0,False,False,False,False,True,False,False,False,False,False,False,False,False,False,4,2,1,False,True,False,False,0.0,False,0.910529,False,2019-06-12,2020-11-02,Seed,2019,392.0,True,,False,,20.5,7.0,False,,False,,False,,False,,False,,False,,2,0,True,,True,True,,True,,True,,True,,True,,True,,2,,True,,True,False,,False,False,False,False,False,False,True,True,54,0,False,52,7,0.1346153846153846,0.1262937253242921,0.21414371872684834,0.0,0.0,0.0,0.0,0.0,0.0,0.0,0.0,0.0,0.0,0.0,0.0,81.0,8.0,0.5704178558439488,1,1,1,0,0,1,1,2.31,4.960744524482791,False,False,False,False,False,False,,,7.0,81.0
19876,HubScience,https://www.crunchbase.com/organization/hubscience,Hungary,47.4978789,19.0402383,2015,2.0,True,False,False,False,True,False,False,False,False,True,False,False,False,False,1,4,3,True,False,False,False,1.0,True,0.757801,False,2016-05-18,2019-12-23,Seed,2016,203.25,True,True,True,False,10.0,4.5,False,False,False,False,True,True,False,False,False,False,False,False,3,1,True,True,False,True,True,True,True,True,True,True,True,True,True,True,True,3,1.0,True,True,False,False,False,True,True,True,False,False,False,True,False,54,0,False,52,7,0.1346153846153846,0.1262937253242921,0.21414371872684834,1.941272640861895,0.0,7.76509056344758,0.0,2.5883635211491933,7.76509056344758,0.0,0.0,0.0,3.8825452817237904,0.0,7.76509056344758,70.0,5.0,0.51884861001305,1,1,1,0,0,0,0,2.31,3.9740583963475986,False,False,False,False,False,False,,,7.0,81.0
19877,Thinwood,https://www.crunchbase.com/organization/thinwood-kft,Hungary,47.4978789,19.0402383,2015,1.0,False,False,False,False,True,True,False,True,False,False,False,False,False,False,3,3,2,False,False,True,False,0.0,False,0.133489,True,2018-05-18,2024-05-06,Pre-Seed,2018,294.3333333333333,True,,False,,13.3,5.3,False,,False,,False,,False,,False,,False,,3,0,True,,True,True,,True,,True,,True,,True,,True,,3,,True,,True,False,,False,False,False,False,False,False,True,True,54,0,False,52,7,0.1346153846153846,0.1262937253242921,0.21414371872684834,0.0,0.0,0.0,0.0,0.0,0.0,0.0,0.0,0.0,0.0,0.0,0.0,67.0,1.0,0.4135547634174789,1,0,1,0,0,0,0,2.31,4.244200317766478,False,False,False,False,False,False,,,7.0,81.0
19917,fix24,https://www.crunchbase.com/organization/fix24-hu,Hungary,47.4978789,19.0402383,2015,4.0,False,False,False,False,True,False,False,False,False,True,False,False,False,True,2,3,1,False,True,False,False,0.0,False,1.567961,False,2017-12-20,2020-10-02,Series A,2017,392.0,True,,False,,19.7,7.0,False,,False,,False,,False,,False,,False,,3,0,True,,True,True,,True,,True,,True,,True,,True,,3,,True,,True,False,,False,False,False,False,False,False,True,True,54,0,False,52,7,0.1346153846153846,0.1262937253242921,0.21414371872684834,0.0,0.0,0.0,0.0,0.0,0.0,0.0,0.0,0.0,0.0,0.0,0.0,81.0,10.0,0.5888683678779381,1,1,1,0,1,1,1,2.31,3.933784497209659,False,False,True,False,True,True,,,7.0,81.0
19924,"Samebug, Inc.",https://www.crunchbase.com/organization/samebug,Hungary,47.4978789,19.0402383,2015,1.0,True,False,False,False,False,False,False,False,False,True,False,False,False,False,2,1,3,False,False,False,False,0.0,False,0.55,False,2017-03-08,2017-03-08,Seed,2017,28.666666666666668,True,,True,,6.5,5.3,False,,False,,False,,False,,False,,False,,2,0,True,,False,True,,True,,True,,True,,True,,True,,2,,True,,False,False,,True,True,False,False,False,False,True,False,54,0,False,52,6,0.1153846153846153,0.1091992919649919,0.21414371872684834,2.5793132629276347,0.0,7.737939788782904,0.0,2.5793132629276347,7.737939788782904,0.0,0.0,0.0,5.1586265258552695,0.0,7.737939788782904,6.0,1.0,0.1880081363765889,1,0,0,0,0,0,0,2.31,3.933784497209659,True,False,False,True,True,True,2019-02-25,4.0,7.0,81.0
19932,Sixide Kft,https://www.crunchbase.com/organization/sixside-kft,Hungary,47.4978789,19.0402383,2015,1.0,True,False,False,False,False,False,False,False,False,True,True,False,False,False,2,1,1,False,True,False,False,0.0,False,0.154154,True,2017-12-22,2017-12-22,Seed,2017,392.0,True,,False,,18.0,7.0,False,,False,,False,,False,,False,,False,,1,0,True,,True,True,,True,,True,,True,,True,,True,,1,,True,,True,False,,False,False,False,False,False,False,True,True,54,0,False,52,7,0.1346153846153846,0.1262937253242921,0.21414371872684834,0.0,0.0,0.0,0.0,0.0,0.0,0.0,0.0,0.0,0.0,0.0,0.0,32.0,2.0,0.3791114968966653,1,0,1,0,0,0,0,2.31,3.933784497209659,False,False,False,False,False,False,,,7.0,81.0
19951,Let Me Inn,https://www.crunchbase.com/organization/let-me-inn-kft,Hungary,47.4978789,19.0402383,2015,3.0,False,False,False,False,False,False,False,False,False,False,False,False,True,False,3,4,1,False,True,False,False,0.0,False,0.758758,False,2018-07-06,2020-05-07,Seed,2018,392.0,True,,False,,20.2,7.0,False,,False,,False,,False,,False,,False,,4,0,True,,True,True,,True,,True,,True,,True,,True,,4,,True,,True,False,,False,False,False,False,False,False,True,True,54,0,False,52,7,0.1346153846153846,0.1262937253242921,0.21414371872684834,0.0,0.0,0.0,0.0,0.0,0.0,0.0,0.0,0.0,0.0,0.0,0.0,81.0,9.0,0.5801051470429703,1,1,1,0,1,1,1,2.31,4.244200317766478,False,False,False,False,False,False,,,7.0,81.0
19972,Souldrops,https://www.crunchbase.com/organization/monsun-kft,Hungary,47.4739442,18.8232855,2015,2.0,False,False,False,False,True,False,False,False,False,False,False,False,False,False,2,9,1,False,True,False,False,0.0,False,1.004985,False,2017-01-05,2018-08-21,Seed,2017,392.0,True,,False,,18.2,7.0,False,,False,,False,,False,,False,,False,,0,0,False,,False,True,,True,,True,,True,,True,,True,,9,,True,,True,False,,False,False,False,False,False,False,True,True,55,0,False,0,0,0.0,0.0,0.2002982155637216,0.0165181541034911,0.0165181541034911,0.0165181541034911,0.0165181541034911,0.0165181541034911,0.0165181541034911,0.0,0.0,0.0,0.0,0.0,0.0,63.0,3.0,0.4712715295404788,1,0,1,0,0,0,0,2.31,3.933784497209659,False,False,False,False,False,False,,,7.0,81.0
20001,RF Anatomy,https://www.crunchbase.com/organization/rf-anatomy,Hungary,47.5198856,21.6287627,2015,1.0,True,False,False,False,False,True,False,True,False,True,False,False,False,False,2,2,2,False,False,False,False,0.0,False,0.308068,True,2017-04-04,2017-12-06,Seed,2017,207.0,False,,True,,10.0,3.5,False,,False,,False,,False,,False,,False,,0,0,False,,False,False,,False,,False,,False,,False,,False,,1,,True,,False,True,,False,False,False,False,False,False,True,True,1,0,False,2,0,0.0,0.0,0.39943331529835063,0.9102761448652884,0.1944291595406349,1.6261231301899421,0.1944291595406349,0.9102761448652884,1.6261231301899421,0.0,0.0,0.0,1.449987166760137,1.449987166760137,1.449987166760137,5.0,0.0,0.1089851172067322,0,0,0,0,0,0,0,2.31,3.933784497209659,False,False,False,False,False,False,,,3.0,18.0
19869,Scienceboost Kft,https://www.crunchbase.com/organization/scienceboost-kft,Hungary,46.4171344,20.3196068,2015,1.0,False,False,False,False,False,True,False,False,False,True,False,False,False,False,2,3,1,False,True,False,False,0.0,False,0.81132,False,2017-12-20,2020-11-26,Seed,2017,392.0,False,,True,,19.7,7.0,False,,False,,False,,False,,False,,False,,0,0,False,,False,False,,False,,False,,False,,False,,False,,3,,True,,True,False,,False,False,False,False,False,False,True,True,1,0,False,0,0,0.0,0.0,0.35800478772834227,0.1544931821884371,0.1544931821884371,0.1544931821884371,0.1544931821884371,0.1544931821884371,0.1544931821884371,0.0,0.0,0.0,0.0,0.0,0.0,7.0,3.0,0.2649856701138789,1,0,0,0,1,1,1,2.31,3.933784497209659,False,False,False,False,False,False,,,0.0,5.0
19755,Turbine,https://www.crunchbase.com/organization/turbine-2,Hungary,47.4978789,19.0402383,2015,4.0,True,False,False,False,True,False,False,True,False,True,False,False,False,False,4,2,9,True,False,False,False,2.0,True,10.314464,False,2019-11-06,2021-01-07,Venture - Series Unknown,2019,58.0,False,False,True,True,11.4,48.4,True,False,True,True,False,False,False,False,True,True,True,False,0,0,False,False,False,False,False,False,False,False,False,False,False,False,False,False,False,0,0.0,False,False,False,True,True,True,True,True,False,True,False,True,False,54,0,False,52,6,0.1153846153846153,0.1091992919649919,0.21414371872684834,3.6156765155008936,0.6874911683162293,9.815092648039984,0.6874911683162293,3.2123038371210604,9.790988983661686,1.449987166760137,5.63253990740006,9.815092648039984,3.9191117275684,0.0,9.129201415834492,0.0,0.0,0.0,0,0,0,0,0,0,0,2.31,4.960744524482791,False,True,True,True,True,True,,,7.0,81.0
19761,Recart,https://www.crunchbase.com/organization/ghostmonitor,Hungary,47.4978789,19.0402383,2015,1.0,False,False,False,False,False,True,False,False,False,False,False,False,False,False,4,2,3,True,False,False,False,2.0,True,4.696636,False,2019-08-31,2021-06-03,Seed,2019,26.2,True,True,False,False,4.8,2.8,False,False,False,False,False,False,False,False,False,False,False,False,5,2,True,True,True,True,True,True,True,True,True,True,True,True,True,True,True,5,2.0,True,True,True,False,False,False,False,False,False,False,False,True,True,54,0,False,52,7,0.1346153846153846,0.1262937253242921,0.21414371872684834,0.0,0.0,0.0,0.0,0.0,0.0,0.0,0.0,0.0,0.0,0.0,0.0,8.0,2.0,0.2502193392440147,1,0,0,0,0,0,0,2.31,4.960744524482791,False,False,False,False,False,False,,,7.0,81.0
19778,BOOKR Kids,https://www.crunchbase.com/organization/bookr-kids,Hungary,47.4978789,19.0402383,2015,1.0,False,False,False,False,False,True,False,False,False,True,True,False,False,False,0,4,3,True,False,True,False,2.0,True,3.551185,False,2015-11-20,2021-09-24,Seed,2015,185.4,True,True,False,False,11.0,3.2,False,False,False,False,False,False,False,False,False,False,False,False,5,3,True,True,True,True,True,True,True,True,True,True,True,True,True,True,True,5,3.0,True,True,True,False,False,False,False,False,False,False,False,True,True,54,0,False,52,7,0.1346153846153846,0.1262937253242921,0.21414371872684834,0.0,0.0,0.0,0.0,0.0,0.0,0.0,0.0,0.0,0.0,0.0,0.0,86.0,6.0,0.5531826306476082,1,1,1,0,0,0,1,2.31,3.927896354584436,False,False,False,False,False,False,,,7.0,81.0
19790,SHOKA,https://www.crunchbase.com/organization/shoka-me,Hungary,47.4978789,19.0402383,2015,3.0,False,False,False,False,True,False,False,False,False,True,False,False,False,True,1,1,1,False,True,False,False,0.0,False,0.1,True,2016-01-18,2016-01-18,Seed,2016,34.0,False,,True,,5.0,3.0,False,,False,,False,,False,,False,,False,,0,0,False,,False,False,,False,,False,,False,,False,,False,,0,,False,,False,False,,True,True,False,False,False,False,False,False,54,0,False,52,7,0.1346153846153846,0.1262937253242921,0.21414371872684834,9.51204649856741,9.51204649856741,9.51204649856741,9.51204649856741,9.51204649856741,9.51204649856741,0.0,0.0,0.0,0.0,0.0,0.0,0.0,0.0,0.0,0,0,0,0,0,0,0,2.31,3.9740583963475986,False,False,False,False,False,False,,,7.0,81.0
19798,Duelbox,https://www.crunchbase.com/organization/duelbox,Hungary,47.4978789,19.0402383,2015,4.0,False,False,False,False,False,True,False,False,False,False,True,False,False,False,2,5,2,False,False,False,False,0.0,False,2.483368,False,2017-11-29,2022-11-10,Seed,2017,241.6,True,,False,,12.2,4.2,False,,False,,False,,False,,False,,False,,5,0,True,,True,True,,True,,True,,True,,True,,True,,5,,True,,True,False,,False,False,False,False,False,False,True,True,54,0,False,52,7,0.1346153846153846,0.1262937253242921,0.21414371872684834,0.0,0.0,0.0,0.0,0.0,0.0,0.0,0.0,0.0,0.0,0.0,0.0,63.0,3.0,0.4712715295404788,1,0,1,0,0,0,0,2.31,3.933784497209659,False,False,False,False,False,False,,,7.0,81.0
19803,AerinX,https://www.crunchbase.com/organization/aerinx,Hungary,47.4978789,19.0402383,2015,1.0,True,False,False,False,True,False,False,False,False,True,False,False,False,False,3,3,2,False,False,True,False,2.0,True,2.832949,False,2018-12-20,2020-07-22,Seed,2018,2.3333333333333335,True,True,True,True,15.7,0.0,False,False,False,False,False,False,False,False,False,False,False,False,2,2,True,True,False,True,True,True,True,True,True,True,True,True,True,True,True,2,2.0,True,True,False,False,False,False,False,False,False,False,False,True,True,54,0,False,52,7,0.1346153846153846,0.1262937253242921,0.21414371872684834,0.3571365570058214,0.0,1.0714096710174643,0.0,0.0,0.0,0.0,0.3571365570058214,1.0714096710174643,0.7142731140116428,0.0,1.0714096710174643,1.0,0.0,0.0,0,0,0,0,0,0,0,2.31,4.244200317766478,False,False,False,False,False,False,,,7.0,81.0
19820,PlanMaster,https://www.crunchbase.com/organization/planmaster,Hungary,47.5198856,21.6287627,2015,1.0,True,False,False,False,False,False,False,True,False,True,False,False,False,False,4,2,1,False,True,False,False,0.0,False,0.902341,False,2019-03-29,2019-12-13,Seed,2019,392.0,False,,True,,20.0,7.0,False,,False,,False,,False,,False,,False,,0,0,False,,False,False,,False,,False,,False,,False,,False,,2,,True,,True,False,,False,False,False,False,False,False,True,True,1,0,False,2,0,0.0,0.0,0.39943331529835063,0.1944291595406349,0.1944291595406349,0.1944291595406349,0.1944291595406349,0.1944291595406349,0.1944291595406349,0.0,0.0,0.0,0.0,0.0,0.0,14.0,1.0,0.2636143568394742,1,0,0,0,0,0,0,2.31,4.960744524482791,False,False,False,False,False,False,,,3.0,18.0
19844,Platio,https://www.crunchbase.com/organization/platio,Hungary,47.4978789,19.0402383,2015,2.0,True,False,True,True,False,False,False,False,False,False,False,True,True,False,1,2,2,True,False,False,False,1.0,True,0.593466,False,2016-12-01,2020-12-17,Seed,2016,217.0,True,False,True,True,12.0,5.0,False,False,False,False,True,True,False,False,False,False,False,False,1,0,True,False,False,True,False,True,False,True,False,True,False,True,False,True,False,1,0.0,True,False,False,False,False,False,False,False,False,True,False,True,True,54,0,False,52,7,0.1346153846153846,0.1262937253242921,0.21414371872684834,0.4861825743448141,0.0,0.972365148689628,0.0,0.0,0.0,0.972365148689628,0.972365148689628,0.972365148689628,0.972365148689628,0.972365148689628,0.972365148689628,81.0,6.0,0.5473109449288641,1,1,1,0,0,0,1,2.31,3.9740583963475986,False,False,False,False,False,False,,,7.0,81.0
19793,Shapr3D,https://www.crunchbase.com/organization/shapr3d,Hungary,47.4978789,19.0402383,2015,1.0,True,False,False,False,True,False,False,False,False,True,False,False,False,False,1,2,3,True,False,False,False,2.0,True,1.3,False,2016-08-30,2017-12-11,Series B,2016,154.0,False,False,True,True,5.0,25.0,False,False,True,True,False,False,False,False,True,True,False,False,0,0,False,False,False,False,False,False,False,False,False,False,False,False,False,False,False,0,0.0,False,False,False,True,True,False,False,False,False,True,False,True,True,54,0,False,52,7,0.1346153846153846,0.1262937253242921,0.21414371872684834,1.0399619304044676,0.20981446038302784,1.4600841640702373,0.20981446038302784,0.20981446038302784,0.20981446038302784,1.449987166760137,1.4550356654151873,1.4600841640702373,1.501486787442328,1.2404215065874356,1.823299526556456,0.0,0.0,0.0,0,0,0,0,0,0,0,2.31,3.9740583963475986,False,False,True,False,True,True,,,7.0,81.0
20065,ulockme,https://www.crunchbase.com/organization/ulockme,Hungary,47.4978789,19.0402383,2015,2.0,True,False,False,False,False,True,False,False,False,True,False,False,True,False,0,2,1,False,True,False,False,0.0,False,0.14059,True,2015-10-19,2015-12-16,Seed,2015,18.0,True,,False,,28.0,1.0,False,,False,,False,,False,,True,,False,,2,0,True,,True,True,,True,,True,,True,,True,,True,,2,,True,,True,False,,False,False,False,False,False,False,True,True,54,0,False,52,7,0.1346153846153846,0.1262937253242921,0.21414371872684834,0.0,0.0,0.0,0.0,0.0,0.0,0.0,0.0,0.0,0.0,0.0,0.0,2.0,1.0,0.1039540459792718,0,0,0,0,0,0,0,2.31,3.927896354584436,False,False,False,False,False,False,,,7.0,81.0
20139,BeeRides,https://www.crunchbase.com/organization/beerides-car-sharing,Hungary,47.4068966,19.2643066,2015,2.0,False,False,False,False,True,False,False,False,False,False,False,False,False,True,2,1,1,False,True,False,False,0.0,False,0.0,True,2017-12-15,2017-12-15,Private Equity,2017,60.0,False,,True,,0.0,11.0,False,,True,,False,,False,,False,,False,,0,0,False,,False,False,,False,,False,,False,,False,,False,,0,,False,,False,True,,False,False,False,False,True,True,True,True,54,0,False,0,0,0.0,0.0,0.23360837566766693,0.7053001726182456,0.7053001726182456,0.7053001726182456,0.7053001726182456,0.7053001726182456,0.7053001726182456,0.0,0.0,0.0,0.0,0.0,0.0,0.0,0.0,0.0,0,0,0,0,0,0,0,2.31,3.933784497209659,False,False,True,False,True,True,,,6.800000000000011,81.0
20102,Darts Matek Kft,https://www.crunchbase.com/organization/darts-matek-kft,Hungary,47.1910169,18.410811,2015,2.0,False,False,False,False,False,False,False,False,False,False,False,False,False,False,3,2,1,False,True,True,False,0.0,False,0.146362,True,2018-06-27,2019-05-20,Pre-Seed,2018,392.0,True,,False,,19.5,7.0,False,,False,,False,,False,,False,,False,,0,0,False,,False,True,,True,,False,,False,,False,,False,,2,,True,,True,False,,False,False,False,False,False,False,True,True,2,0,False,0,0,0.0,0.0,0.18989643436847958,0.0584231524336408,0.0584231524336408,0.0584231524336408,0.0584231524336408,0.0584231524336408,0.0584231524336408,0.0,0.0,0.0,0.0,0.0,0.0,12.0,0.0,0.1856875093621534,1,0,0,0,1,0,0,2.31,4.244200317766478,False,False,False,False,False,False,,,1.8000000000000016,42.40000000000003
19781,Webshippy Magyarország Kft,https://www.crunchbase.com/organization/webshippy-magyarország-kft,Hungary,47.4978789,19.0402383,2016,1.0,True,False,False,False,True,True,False,False,False,False,False,False,False,False,2,1,1,False,True,False,False,0.0,False,0.578666,False,2018-01-10,2018-01-10,Series A,2018,392.0,True,,False,,19.0,7.0,False,,False,,False,,False,,False,,False,,1,0,True,,True,True,,True,,True,,True,,True,,True,,1,,True,,True,False,,False,False,False,False,False,False,True,True,54,0,False,84,8,0.0952380952380952,0.0909717782057266,0.21414371872684834,0.0,0.0,0.0,0.0,0.0,0.0,0.0,0.0,0.0,0.0,0.0,0.0,59.0,1.0,0.4011382631238741,1,0,1,0,0,0,0,1.97,4.244200317766478,False,False,True,False,True,True,,,7.0,81.0
19801,Talentuno,https://www.crunchbase.com/organization/gws-hub,Hungary,47.4978789,19.0402383,2016,2.0,False,False,False,False,True,False,False,False,False,False,True,False,False,False,1,1,1,False,True,False,False,0.0,False,1.788751,False,2017-08-25,2017-08-25,Series A,2017,392.0,True,,False,,18.0,7.0,False,,False,,False,,False,,False,,False,,1,0,True,,True,True,,True,,True,,True,,True,,True,,1,,True,,True,False,,False,False,False,False,False,False,True,True,54,0,False,84,8,0.0952380952380952,0.0909717782057266,0.21414371872684834,0.0,0.0,0.0,0.0,0.0,0.0,0.0,0.0,0.0,0.0,0.0,0.0,32.0,2.0,0.3791114968966653,1,0,1,0,0,0,0,1.97,3.933784497209659,False,False,True,False,True,True,,,7.0,81.0
19805,CodeBerry Programming School,https://www.crunchbase.com/organization/codeberry-programming-school,Hungary,47.4978789,19.0402383,2016,4.0,False,False,False,False,False,True,False,False,False,True,True,False,False,False,1,4,4,True,False,True,False,1.0,True,1.709838,False,2017-01-10,2019-04-15,Seed,2017,153.6,True,True,True,False,3.8,20.0,False,False,True,False,True,False,True,True,True,True,False,False,2,1,True,True,False,True,True,True,True,True,True,True,True,True,True,True,True,2,1.0,True,True,False,True,False,False,False,False,False,True,False,True,True,54,0,False,84,8,0.0952380952380952,0.0909717782057266,0.21414371872684834,0.47847318857958027,0.0,1.9727370221318457,0.0,0.5980914857244753,1.9727370221318457,0.0,0.0,0.0,0.8405927291809837,0.0,1.9727370221318457,9.0,8.0,0.361682426805703,1,0,0,0,0,1,0,1.97,3.933784497209659,False,False,False,False,False,False,,,7.0,81.0
19819,Supp.li,https://www.crunchbase.com/organization/supp-li,Hungary,47.1753833,20.1946279,2016,1.0,False,False,False,False,False,True,True,False,False,False,False,False,False,False,3,3,1,False,True,False,False,0.0,False,0.905578,False,2019-03-06,2021-01-06,Seed,2019,392.0,True,,False,,21.0,7.0,False,,False,,False,,False,,False,,False,,0,0,False,,False,True,,False,,False,,False,,False,,False,,3,,True,,True,False,,False,False,False,False,False,False,True,True,0,0,False,0,0,0.0,0.0,0.3082294268757824,0.09408997817602692,0.09408997817602692,0.09408997817602692,0.09408997817602692,0.09408997817602692,0.09408997817602692,0.0,0.0,0.0,0.0,0.0,0.0,4.0,0.0,0.0908983577180024,0,0,0,0,1,0,1,1.97,4.960744524482791,False,False,False,False,False,False,,,0.6000000000000001,4.0
19823,Robotic Retail,https://www.crunchbase.com/organization/e-ventor-tech-kft,Hungary,47.8989887,20.3743665,2016,2.0,True,False,False,False,False,False,False,False,False,True,False,False,False,False,3,2,2,True,False,False,False,1.0,True,1.166,False,2019-04-30,2020-12-18,Seed,2019,266.6666666666667,False,False,True,True,14.3,4.7,False,False,False,False,False,False,False,False,False,False,False,False,0,0,False,False,False,False,False,False,False,False,False,False,False,False,False,False,False,3,1.0,True,True,True,False,False,False,False,False,False,False,False,True,True,1,0,False,1,0,0.0,0.0,0.2993920371483787,0.10935046045843945,0.10935046045843945,0.10935046045843945,0.10935046045843945,0.10935046045843945,0.10935046045843945,0.10935046045843945,0.10935046045843945,0.10935046045843945,0.0,0.0,0.0,4.0,1.0,0.154629239632742,0,0,0,0,1,1,1,1.97,4.960744524482791,False,False,False,False,False,False,,,1.0,4.0
19824,CloudStorm,https://www.crunchbase.com/organization/cloudstorm,Hungary,47.4978789,19.0402383,2016,2.0,True,False,False,False,True,True,False,False,False,True,False,False,False,False,2,1,2,True,False,False,False,1.0,True,0.463441,True,2018-08-22,2018-08-22,Seed,2018,49.5,True,True,True,False,7.0,8.0,False,False,False,False,True,False,False,False,False,False,False,False,1,1,True,True,False,True,True,True,True,True,True,True,True,True,True,True,True,1,1.0,True,True,False,True,False,False,False,False,False,True,False,True,True,54,0,False,84,8,0.0952380952380952,0.0909717782057266,0.21414371872684834,0.3437455841581146,0.0,0.6874911683162293,0.6874911683162293,0.6874911683162293,0.6874911683162293,0.0,0.0,0.0,0.6874911683162293,0.6874911683162293,0.6874911683162293,7.0,3.0,0.2649856701138789,1,0,0,0,0,0,0,1.97,4.244200317766478,False,False,False,False,False,False,,,7.0,81.0
19828,EvoAId,https://www.crunchbase.com/organization/solecall,Hungary,47.4978789,19.0402383,2016,4.0,True,False,False,False,True,False,False,True,False,True,False,False,False,False,2,2,2,True,False,False,False,1.0,True,0.886693,False,2018-02-04,2019-12-16,Seed,2018,19.0,True,False,True,True,2.0,0.0,False,False,False,False,False,False,False,False,False,False,False,False,1,0,True,False,False,True,False,True,False,True,False,True,False,True,False,True,False,1,0.0,True,False,False,True,True,False,False,False,False,False,False,True,True,54,0,False,84,8,0.0952380952380952,0.0909717782057266,0.21414371872684834,0.7249935833800685,0.0,1.449987166760137,0.0,0.0,0.0,1.449987166760137,1.449987166760137,1.449987166760137,1.449987166760137,1.449987166760137,1.449987166760137,4.0,1.0,0.154629239632742,0,0,0,0,0,0,0,1.97,4.244200317766478,False,False,False,False,False,False,,,7.0,81.0
19837,DreamJo.bs,https://www.crunchbase.com/organization/dreamjo-bs,Hungary,47.4978789,19.0402383,2016,2.0,False,False,False,False,True,False,False,False,False,True,False,False,False,False,0,3,2,True,False,True,False,1.0,True,0.781932,False,2016-01-01,2020-09-10,Seed,2016,294.3333333333333,True,True,False,False,13.7,5.3,False,False,False,False,False,False,False,False,False,False,False,False,3,1,True,True,True,True,True,True,True,True,True,True,True,True,True,True,True,3,1.0,True,True,True,False,False,False,False,False,False,False,False,True,True,54,0,False,84,8,0.0952380952380952,0.0909717782057266,0.21414371872684834,0.0,0.0,0.0,0.0,0.0,0.0,0.0,0.0,0.0,0.0,0.0,0.0,81.0,8.0,0.5704178558439488,1,1,1,0,0,1,1,1.97,3.9740583963475986,False,False,False,False,False,False,,,7.0,81.0
19772,SignAll,https://www.crunchbase.com/organization/signall,Hungary,47.4978789,19.0402383,2016,2.0,True,False,False,False,False,False,False,False,False,True,False,False,False,True,0,3,4,False,False,False,False,0.0,False,3.346179,False,2016-05-06,2020-06-19,Seed,2016,178.0,True,,True,,16.8,6.6,False,,True,,False,,False,,True,,False,,4,0,True,,False,True,,True,,True,,True,,True,,True,,4,,True,,False,True,,False,False,False,False,False,False,True,True,54,0,False,84,8,0.0952380952380952,0.0909717782057266,0.21414371872684834,0.08816281164727688,0.0,0.4408140582363844,0.0,0.08816281164727688,0.4408140582363844,0.0,0.0,0.0,0.17632562329455376,0.0,0.4408140582363844,85.0,10.0,0.5935931907794867,1,1,1,0,1,1,1,1.97,3.9740583963475986,False,False,False,False,False,False,,,7.0,81.0
19769,Leopoly 3D & XR,https://www.crunchbase.com/organization/leopoly,Hungary,47.4978789,19.0402383,2016,2.0,True,False,False,False,True,True,False,True,False,True,True,False,False,False,0,2,2,False,False,False,False,0.0,False,2.2,False,2016-04-14,2020-05-01,Seed,2016,40.333333333333336,True,,True,,2.0,12.3,False,,False,,True,,False,,True,,False,,2,0,True,,False,True,,True,,True,,True,,True,,True,,2,,True,,False,False,,True,True,True,False,False,False,True,False,54,0,False,84,8,0.0952380952380952,0.0909717782057266,0.21414371872684834,3.2636629945538953,0.0,9.790988983661686,0.0,3.2636629945538953,9.790988983661686,0.0,0.0,0.0,6.527325989107791,0.0,9.790988983661686,6.0,0.0,0.1242772544618494,0,0,0,0,0,0,0,1.97,3.9740583963475986,False,False,False,False,False,False,,,7.0,81.0
19771,Talk-A-Bot,https://www.crunchbase.com/organization/talk-a-bot,Hungary,47.4978789,19.0402383,2016,3.0,True,False,False,False,True,False,False,False,False,True,True,False,False,True,2,3,4,False,False,True,False,3.0,True,1.660766,False,2018-07-16,2019-01-04,Venture - Series Unknown,2018,28.333333333333332,True,True,True,True,9.7,139.8,False,False,True,True,True,True,False,False,False,False,False,False,2,2,True,True,False,True,True,True,True,True,True,True,True,True,True,True,True,2,2.0,True,True,False,False,False,True,True,True,False,False,False,True,False,54,0,False,84,8,0.0952380952380952,0.0909717782057266,0.21414371872684834,2.9463679463010837,0.0,8.83910383890325,0.0,0.0,0.0,0.0,2.9463679463010837,8.83910383890325,5.892735892602167,0.0,8.83910383890325,11.0,2.0,0.2787581283216824,1,0,0,0,0,0,0,1.97,4.244200317766478,False,False,True,False,True,True,,,7.0,81.0
19838,Battlejungle,https://www.crunchbase.com/organization/battlejungle,Hungary,47.4978789,19.0402383,2016,2.0,True,False,False,False,True,False,False,False,False,True,True,False,False,False,1,4,2,False,False,False,False,0.0,False,0.884623,False,2017-06-15,2021-09-10,Seed,2017,295.25,True,,False,,17.2,5.2,False,,False,,False,,False,,False,,False,,3,0,True,,False,True,,True,,True,,True,,True,,True,,4,,True,,True,False,,False,False,False,False,False,False,True,True,54,0,False,84,8,0.0952380952380952,0.0909717782057266,0.21414371872684834,0.024126142316428716,0.0,0.09650456926571487,0.0,0.024126142316428716,0.09650456926571487,0.0,0.0,0.0,0.04825228463285743,0.0,0.09650456926571487,81.0,8.0,0.5704178558439488,1,1,1,0,0,1,1,1.97,3.933784497209659,False,False,False,False,False,False,,,7.0,81.0
19928,Fruitdock Kft,https://www.crunchbase.com/organization/fruitdock-kft,Hungary,47.4978789,19.0402383,2016,1.0,False,False,False,False,False,False,True,False,False,False,False,False,False,False,1,2,1,False,True,False,False,0.0,False,1.098523,False,2017-12-21,2019-07-11,Seed,2017,392.0,True,,False,,19.0,7.0,False,,False,,False,,False,,False,,False,,2,0,True,,True,True,,True,,True,,True,,True,,True,,2,,True,,True,False,,False,False,False,False,False,False,True,True,54,0,False,84,8,0.0952380952380952,0.0909717782057266,0.21414371872684834,0.0,0.0,0.0,0.0,0.0,0.0,0.0,0.0,0.0,0.0,0.0,0.0,70.0,5.0,0.51884861001305,1,1,1,0,0,0,0,1.97,3.933784497209659,False,False,False,False,False,False,,,7.0,81.0
19930,Asolve Kft,https://www.crunchbase.com/organization/asolve-kft,Hungary,46.8022565,19.0046438,2016,1.0,False,False,False,False,False,False,False,False,False,False,False,False,False,False,1,4,1,False,True,False,False,0.0,False,1.090307,False,2017-09-26,2019-12-30,Seed,2017,392.0,True,,False,,19.2,7.0,False,,False,,False,,False,,False,,False,,0,0,False,,False,True,,False,,False,,False,,False,,False,,4,,True,,True,False,,False,False,False,False,False,False,True,True,0,0,False,0,0,0.0,0.0,0.2520376497401141,0.07739649969907492,0.07739649969907492,0.07739649969907492,0.07739649969907492,0.07739649969907492,0.07739649969907492,0.0,0.0,0.0,0.0,0.0,0.0,0.0,0.0,0.0,0,0,0,0,1,1,0,1.97,3.933784497209659,False,False,False,False,False,False,,,0.0,0.8
19933,Chatler.ai,https://www.crunchbase.com/organization/chatler-ai,Hungary,47.4978789,19.0402383,2016,2.0,True,False,False,False,True,False,False,False,False,True,True,False,False,False,1,3,2,True,False,False,False,1.0,True,0.609471,False,2017-01-17,2018-10-30,Seed,2017,289.0,True,True,True,False,14.7,7.0,False,False,False,False,True,False,False,False,False,False,False,False,2,1,True,True,False,True,True,True,True,True,True,True,True,True,True,True,True,2,1.0,True,True,False,True,False,False,False,False,False,False,False,True,True,54,0,False,84,8,0.0952380952380952,0.0909717782057266,0.21414371872684834,0.14693801941212814,0.0,0.4408140582363844,0.0,0.2204070291181922,0.4408140582363844,0.0,0.0,0.0,0.2938760388242563,0.0,0.4408140582363844,59.0,1.0,0.4011382631238741,1,0,1,0,0,0,0,1.97,3.933784497209659,False,False,False,False,False,False,,,7.0,81.0
19952,Tickething,https://www.crunchbase.com/organization/tickething,Hungary,47.4978789,19.0402383,2016,1.0,False,False,False,False,False,True,False,False,False,True,True,False,False,False,0,2,2,False,False,True,False,0.0,False,0.478679,True,2016-02-01,2017-10-17,Seed,2016,220.0,True,,False,,11.5,12.0,False,,False,,False,,False,,False,,False,,2,0,True,,True,True,,True,,True,,True,,True,,True,,2,,True,,True,False,,False,False,False,False,False,False,True,True,54,0,False,84,7,0.0833333333333333,0.0800427076735364,0.21414371872684834,0.0,0.0,0.0,0.0,0.0,0.0,0.0,0.0,0.0,0.0,0.0,0.0,33.0,3.0,0.4085236921900184,1,0,1,0,0,0,0,1.97,3.9740583963475986,True,False,False,True,True,True,2020-11-09,4.0,7.0,81.0
19962,Dylyver Technologies,https://www.crunchbase.com/organization/dylyver-technologies-limited,Hungary,47.4978789,19.0402383,2016,1.0,True,False,False,False,True,False,False,False,False,True,False,False,False,False,3,1,1,False,True,False,True,1.0,True,0.3,True,2019-04-04,2019-04-04,Seed,2019,928.0,False,False,True,True,9.0,9.0,False,False,True,True,True,True,False,False,True,True,False,False,0,0,False,False,False,False,False,False,False,False,False,False,False,False,False,False,False,0,0.0,False,False,False,False,False,True,True,False,False,False,False,False,False,54,0,False,84,8,0.0952380952380952,0.0909717782057266,0.21414371872684834,4.029303902622722,4.029303902622722,4.029303902622722,0.0,0.0,0.0,4.029303902622722,4.029303902622722,4.029303902622722,0.0,0.0,0.0,1.0,0.0,0.0,0,0,0,0,0,0,0,1.97,4.960744524482791,False,False,False,False,False,False,,,7.0,81.0
19964,ChemPass Kft,https://www.crunchbase.com/organization/chempass-kft,Hungary,47.4978789,19.0402383,2016,2.0,True,False,False,False,True,False,False,True,False,True,False,False,False,False,1,2,1,False,True,False,False,0.0,False,0.459929,True,2017-09-12,2018-08-29,Seed,2017,392.0,True,,False,,18.5,7.0,False,,False,,False,,False,,False,,False,,2,0,True,,True,True,,True,,True,,True,,True,,True,,2,,True,,True,False,,False,False,False,False,False,False,True,True,54,0,False,84,8,0.0952380952380952,0.0909717782057266,0.21414371872684834,0.0,0.0,0.0,0.0,0.0,0.0,0.0,0.0,0.0,0.0,0.0,0.0,59.0,3.0,0.4648691450386136,1,0,1,0,0,0,0,1.97,3.933784497209659,False,False,False,False,False,False,,,7.0,81.0
19849,Scolvo,https://www.crunchbase.com/organization/scolvo-zrt,Hungary,47.4978789,19.0402383,2016,1.0,True,False,False,False,True,False,False,False,False,True,False,False,False,False,2,4,1,False,True,False,False,0.0,False,1.489634,False,2018-10-31,2020-12-11,Series A,2018,392.0,True,,False,,20.2,7.0,False,,False,,False,,False,,False,,False,,4,0,True,,True,True,,True,,True,,True,,True,,True,,4,,True,,True,False,,False,False,False,False,False,False,True,True,54,0,False,84,8,0.0952380952380952,0.0909717782057266,0.21414371872684834,0.0,0.0,0.0,0.0,0.0,0.0,0.0,0.0,0.0,0.0,0.0,0.0,81.0,9.0,0.5801051470429703,1,1,1,0,1,1,1,1.97,4.244200317766478,False,False,True,False,True,True,,,7.0,81.0
19866,Makery World,https://www.crunchbase.com/organization/makery-world-franchise,Hungary,47.4978789,19.0402383,2016,4.0,False,False,False,False,False,False,True,False,False,True,False,False,False,True,3,1,1,False,True,False,False,0.0,False,0.574907,False,2019-12-20,2019-12-20,Seed,2019,392.0,True,,False,,20.0,7.0,False,,False,,False,,False,,False,,False,,1,0,True,,True,True,,True,,True,,True,,True,,True,,1,,True,,True,False,,False,False,False,False,False,False,True,True,54,0,False,84,8,0.0952380952380952,0.0909717782057266,0.21414371872684834,0.0,0.0,0.0,0.0,0.0,0.0,0.0,0.0,0.0,0.0,0.0,0.0,70.0,3.0,0.4815684339550392,1,1,1,0,0,0,0,1.97,4.960744524482791,False,False,False,False,False,False,,,7.0,81.0
19896,InSimu,https://www.crunchbase.com/organization/insimu-kft,Hungary,47.5198856,21.6287627,2016,4.0,True,False,False,False,False,True,False,True,False,True,False,False,False,False,1,4,2,False,False,False,False,0.0,False,0.985456,False,2017-06-13,2020-10-29,Seed,2017,318.0,False,,True,,15.8,5.6,False,,False,,False,,False,,False,,False,,0,0,False,,False,False,,False,,False,,False,,False,,False,,4,,True,,False,True,,False,False,False,False,False,False,True,True,1,0,False,4,0,0.0,0.0,0.39943331529835063,0.4807679536704963,0.1944291595406349,1.6261231301899421,0.1944291595406349,0.4807679536704963,1.6261231301899421,0.0,0.0,0.0,0.5799948667040548,0.0,1.449987166760137,18.0,3.0,0.3507956033181489,1,0,0,0,1,1,1,1.97,3.933784497209659,False,False,False,False,False,False,,,3.0,18.0
19987,"SafeCrossing Közlekedéstechnikai Fejlesztő, Gyártó és Szolgáltató Kft",https://www.crunchbase.com/organization/safecrossing-közlekedéstechnikai-fejlesztő-gyártó-és-szolgáltató-kft,Hungary,47.1910169,18.410811,2016,3.0,False,False,False,False,False,True,False,False,False,False,False,False,False,False,1,2,1,False,True,True,False,0.0,False,0.147276,True,2017-11-30,2019-07-30,Pre-Seed,2017,392.0,True,,False,,19.0,7.0,False,,False,,False,,False,,False,,False,,0,0,False,,False,True,,True,,False,,False,,False,,False,,2,,True,,True,False,,False,False,False,False,False,False,True,True,2,0,False,2,0,0.0,0.0,0.18989643436847958,0.0584231524336408,0.0584231524336408,0.0584231524336408,0.0584231524336408,0.0584231524336408,0.0584231524336408,0.0,0.0,0.0,0.0,0.0,0.0,12.0,0.0,0.1856875093621534,1,0,0,0,1,0,0,1.97,3.933784497209659,False,False,False,False,False,False,,,1.8000000000000016,42.40000000000003
20073,Hajtos Pincer,https://www.crunchbase.com/organization/hajtós-pincér-kft,Hungary,47.4978789,19.0402383,2016,1.0,False,False,False,False,False,False,False,False,False,False,False,False,False,False,1,2,1,False,True,True,False,0.0,False,0.159274,True,2017-12-01,2018-03-23,Pre-Seed,2017,392.0,True,,False,,18.5,7.0,False,,False,,False,,False,,False,,False,,2,0,True,,True,True,,True,,True,,True,,True,,True,,2,,True,,True,False,,False,False,False,False,False,False,True,True,54,0,False,84,8,0.0952380952380952,0.0909717782057266,0.21414371872684834,0.0,0.0,0.0,0.0,0.0,0.0,0.0,0.0,0.0,0.0,0.0,0.0,59.0,3.0,0.4648691450386136,1,0,1,0,0,0,0,1.97,3.933784497209659,False,False,False,False,False,False,,,7.0,81.0
20077,Lupfe Kft,https://www.crunchbase.com/organization/lupfe-kft,Hungary,47.4978789,19.0402383,2016,1.0,True,False,False,False,False,False,False,False,False,False,False,False,False,False,2,2,1,False,True,True,False,0.0,False,0.147616,True,2018-07-17,2019-04-09,Pre-Seed,2018,392.0,True,,False,,19.5,7.0,False,,False,,False,,False,,False,,False,,2,0,True,,True,True,,True,,True,,True,,True,,True,,2,,True,,True,False,,False,False,False,False,False,False,True,True,54,0,False,84,8,0.0952380952380952,0.0909717782057266,0.21414371872684834,0.0,0.0,0.0,0.0,0.0,0.0,0.0,0.0,0.0,0.0,0.0,0.0,70.0,4.0,0.5020851953553428,1,1,1,0,0,0,0,1.97,4.244200317766478,False,False,False,False,False,False,,,7.0,81.0
20079,Ewiser Forecast,https://www.crunchbase.com/organization/ewiser-forecast-kft,Hungary,47.4781801,17.0299729,2016,1.0,True,False,False,False,False,False,False,False,False,False,False,False,False,False,2,1,1,False,True,True,False,0.0,False,0.036973,True,2018-03-22,2018-03-22,Pre-Seed,2018,392.0,False,,True,,19.0,7.0,False,,False,,False,,False,,False,,False,,0,0,False,,False,False,,False,,False,,False,,False,,False,,1,,True,,True,False,,False,False,False,False,False,False,True,True,0,0,False,0,0,0.0,0.0,0.0948654284684938,0.15106166298709284,0.15106166298709284,0.15106166298709284,0.15106166298709284,0.15106166298709284,0.15106166298709284,0.0,0.0,0.0,0.0,0.0,0.0,2.0,0.0,0.0402231640645322,0,0,0,0,1,1,1,1.97,4.244200317766478,False,False,False,False,False,False,,,0.0,2.0
20083,Heppen Kft.,https://www.crunchbase.com/organization/mushroom-szoftverfejlesztő-kft,Hungary,47.1910169,18.410811,2016,1.0,False,False,False,False,False,False,False,False,False,False,False,False,False,False,2,2,1,False,True,False,False,0.0,False,0.477654,True,2018-09-28,2019-05-20,Seed,2018,392.0,True,,False,,19.5,7.0,False,,False,,False,,False,,False,,False,,0,0,False,,False,True,,True,,False,,False,,False,,False,,2,,True,,True,False,,False,False,False,False,False,False,True,True,2,0,False,2,0,0.0,0.0,0.18989643436847958,0.0584231524336408,0.0584231524336408,0.0584231524336408,0.0584231524336408,0.0584231524336408,0.0584231524336408,0.0,0.0,0.0,0.0,0.0,0.0,12.0,0.0,0.1856875093621534,1,0,0,0,1,0,0,1.97,4.244200317766478,False,False,False,False,False,False,,,1.8000000000000016,42.40000000000003
20090,Breakslow,https://www.crunchbase.com/organization/breakslow-kft,Hungary,48.0520987,19.0440957,2016,1.0,False,False,False,False,False,False,False,False,False,False,False,False,False,False,2,1,1,False,True,True,False,0.0,False,0.034116,True,2018-08-16,2018-08-16,Pre-Seed,2018,392.0,True,,False,,19.0,7.0,False,,False,,False,,False,,False,,False,,0,0,False,,False,True,,True,,False,,False,,False,,False,,1,,True,,True,False,,False,False,False,False,False,False,True,True,0,0,False,0,0,0.0,0.0,0.1990242257006691,0.0616271041295009,0.0616271041295009,0.0616271041295009,0.0616271041295009,0.0616271041295009,0.0616271041295009,0.0,0.0,0.0,0.0,0.0,0.0,1.0,0.0,0.0,0,0,0,0,1,1,1,1.97,4.244200317766478,False,False,False,False,False,False,,,0.0,1.0
20096,Flying Birds Entertainment Kft,https://www.crunchbase.com/organization/flying-birds-entertainment-kft,Hungary,47.4978789,19.0402383,2016,2.0,False,False,False,False,False,True,False,False,False,False,True,False,False,False,2,1,1,False,True,False,False,0.0,False,0.319431,True,2018-01-29,2018-01-29,Seed,2018,392.0,True,,False,,19.0,7.0,False,,False,,False,,False,,False,,False,,1,0,True,,True,True,,True,,True,,True,,True,,True,,1,,True,,True,False,,False,False,False,False,False,False,True,True,54,0,False,84,8,0.0952380952380952,0.0909717782057266,0.21414371872684834,0.0,0.0,0.0,0.0,0.0,0.0,0.0,0.0,0.0,0.0,0.0,0.0,59.0,1.0,0.4011382631238741,1,0,1,0,0,0,0,1.97,4.244200317766478,False,False,False,False,False,False,,,7.0,81.0
20103,GreenAdvisor,https://www.crunchbase.com/organization/greenadvisor,Hungary,47.4978789,19.0402383,2016,2.0,False,False,False,False,False,False,False,False,False,True,False,True,False,False,0,1,2,True,False,False,False,1.0,True,0.032,True,2016-07-13,2016-07-13,Seed,2016,814.5,False,False,True,True,6.0,10.5,False,False,True,True,True,True,False,False,True,True,False,False,0,0,False,False,False,False,False,False,False,False,False,False,False,False,False,False,False,0,0.0,False,False,False,False,False,True,True,False,False,False,False,False,False,54,0,False,84,8,0.0952380952380952,0.0909717782057266,0.21414371872684834,4.025564076794034,4.021824250965347,4.029303902622722,4.021824250965347,4.021824250965347,4.021824250965347,4.029303902622722,4.029303902622722,4.029303902622722,0.044951295932390646,0.044951295932390646,0.044951295932390646,0.0,0.0,0.0,0,0,0,0,0,0,0,1.97,3.9740583963475986,False,False,False,False,False,False,,,7.0,81.0
20014,Blueopes,https://www.crunchbase.com/organization/blueopes,Hungary,47.4978789,19.0402383,2016,5.0,True,False,False,False,True,False,False,False,True,True,False,False,False,False,1,1,1,False,True,True,True,1.0,True,0.234971,True,2017-07-28,2017-07-28,Pre-Seed,2017,10.0,True,True,False,False,1.0,1.0,True,True,False,False,True,True,False,False,False,False,True,True,1,1,True,True,True,True,True,True,True,True,True,True,True,True,True,True,True,1,1.0,True,True,True,False,False,False,False,False,False,False,False,True,True,54,0,False,84,8,0.0952380952380952,0.0909717782057266,0.21414371872684834,0.0,0.0,0.0,0.0,0.0,0.0,0.0,0.0,0.0,0.0,0.0,0.0,1.0,1.0,0.0637308819147395,0,0,0,0,0,0,0,1.97,3.933784497209659,False,False,False,False,False,False,,,7.0,81.0
20018,VirtDB Zrt.,https://www.crunchbase.com/organization/virtdb,Hungary,47.4978789,19.0402383,2016,1.0,True,False,False,False,False,False,False,False,False,True,False,False,False,False,0,2,1,False,True,False,False,0.0,False,1.547702,False,2016-09-20,2017-06-02,Seed,2016,392.0,True,,False,,17.5,7.0,False,,False,,False,,False,,False,,False,,2,0,True,,True,True,,True,,True,,True,,True,,True,,2,,True,,True,False,,False,False,False,False,False,False,True,True,54,0,False,84,8,0.0952380952380952,0.0909717782057266,0.21414371872684834,0.0,0.0,0.0,0.0,0.0,0.0,0.0,0.0,0.0,0.0,0.0,0.0,32.0,5.0,0.4428423788114048,1,0,1,0,0,0,0,1.97,3.9740583963475986,False,False,False,False,False,False,,,7.0,81.0
20029,Anon Kft.,https://www.crunchbase.com/organization/anon-kft-4df8,Hungary,47.4978789,19.0402383,2016,3.0,False,False,False,False,False,False,False,False,False,False,False,False,False,False,1,3,1,False,True,True,False,0.0,False,0.159018,True,2017-12-19,2019-06-27,Pre-Seed,2017,392.0,True,,False,,19.0,7.0,False,,False,,False,,False,,False,,False,,3,0,True,,True,True,,True,,True,,True,,True,,True,,3,,True,,True,False,,False,False,False,False,False,False,True,True,54,0,False,84,8,0.0952380952380952,0.0909717782057266,0.21414371872684834,0.0,0.0,0.0,0.0,0.0,0.0,0.0,0.0,0.0,0.0,0.0,0.0,70.0,6.0,0.5330218751559761,1,1,1,0,0,0,0,1.97,3.933784497209659,False,False,False,False,False,False,,,7.0,81.0
20105,VR-Reel Media Kft,https://www.crunchbase.com/organization/vr-reel-media-kft,Hungary,47.2028062,18.6261978,2016,2.0,True,False,False,False,False,False,False,False,False,True,False,False,False,False,1,2,1,False,True,True,False,0.0,False,0.036172,True,2017-08-18,2018-02-13,Pre-Seed,2017,392.0,True,,False,,18.5,7.0,False,,False,,False,,False,,False,,False,,0,0,False,,False,True,,True,,True,,False,,False,,False,,2,,True,,True,False,,False,False,False,False,False,False,True,True,55,0,False,0,0,0.0,0.0,0.20232499894405798,0.04527113098201077,0.04527113098201077,0.04527113098201077,0.04527113098201077,0.04527113098201077,0.04527113098201077,0.0,0.0,0.0,0.0,0.0,0.0,62.0,3.0,0.4697092527047929,1,0,1,0,1,0,0,1.97,3.933784497209659,False,False,False,False,False,False,,,4.200000000000001,66.80000000000001
20036,Poizo,https://www.crunchbase.com/organization/poizo-ltd-48d8,Hungary,47.4978789,19.0402383,2017,2.0,False,False,False,False,False,True,False,False,False,True,False,False,False,False,0,1,1,False,True,True,True,1.0,True,0.149514,True,2017-12-07,2017-12-07,Pre-Seed,2017,4.0,True,True,False,False,1.0,0.0,False,False,False,False,True,True,False,False,False,False,True,True,1,1,True,True,True,True,True,True,True,True,True,True,True,True,True,True,True,1,1.0,True,True,True,False,False,False,False,False,False,False,False,True,True,54,0,False,116,11,0.0948275862068965,0.0905968953522265,0.21414371872684834,0.0,0.0,0.0,0.0,0.0,0.0,0.0,0.0,0.0,0.0,0.0,0.0,1.0,0.0,0.0,0,0,0,0,0,0,0,2.84,3.933784497209659,False,False,False,False,False,False,,,7.0,81.0
20063,Appartme Kft,https://www.crunchbase.com/organization/appartme-kft,Hungary,46.2163238,19.8894811,2017,2.0,False,False,False,False,False,False,False,False,False,True,False,False,False,False,0,2,1,False,True,True,False,0.0,False,0.035241,True,2017-11-30,2018-09-11,Pre-Seed,2017,392.0,False,,True,,18.5,7.0,False,,False,,False,,False,,False,,False,,0,0,False,,False,False,,False,,False,,False,,False,,False,,2,,True,,True,False,,False,False,False,False,False,False,True,True,1,0,False,0,0,0.0,0.0,0.34581556912510386,0.15644793400545834,0.15644793400545834,0.15644793400545834,0.15644793400545834,0.15644793400545834,0.15644793400545834,0.0,0.0,0.0,0.0,0.0,0.0,5.0,0.0,0.1089851172067322,0,0,0,0,1,1,1,2.84,3.933784497209659,False,False,False,False,False,False,,,0.0,5.0
20056,Smart Charging Ltd.,https://www.crunchbase.com/organization/smart-charging-ltd,Hungary,47.4978789,19.0402383,2017,1.0,False,False,False,False,True,False,False,False,False,True,False,False,False,False,0,1,1,False,True,False,True,1.0,True,0.171542,True,2017-12-05,2017-12-05,Seed,2017,4.0,True,True,False,False,1.0,0.0,False,False,False,False,True,True,False,False,False,False,True,True,1,1,True,True,True,True,True,True,True,True,True,True,True,True,True,True,True,1,1.0,True,True,True,False,False,False,False,False,False,False,False,True,True,54,0,False,116,11,0.0948275862068965,0.0905968953522265,0.21414371872684834,0.0,0.0,0.0,0.0,0.0,0.0,0.0,0.0,0.0,0.0,0.0,0.0,1.0,0.0,0.0,0,0,0,0,0,0,0,2.84,3.933784497209659,False,False,False,False,False,False,,,7.0,81.0
20055,Taxnology Innovations Kft,https://www.crunchbase.com/organization/taxnology-innovations-kft,Hungary,47.4978789,19.0402383,2017,2.0,True,False,False,False,False,False,False,False,False,True,False,False,False,False,0,3,1,False,True,True,False,0.0,False,0.14943,True,2017-12-15,2019-01-25,Pre-Seed,2017,392.0,True,,False,,19.0,7.0,False,,False,,False,,False,,False,,False,,3,0,True,,True,True,,True,,True,,True,,True,,True,,3,,True,,True,False,,False,False,False,False,False,False,True,True,54,0,False,116,11,0.0948275862068965,0.0905968953522265,0.21414371872684834,0.0,0.0,0.0,0.0,0.0,0.0,0.0,0.0,0.0,0.0,0.0,0.0,70.0,6.0,0.5330218751559761,1,1,1,0,0,0,0,2.84,3.933784497209659,False,False,False,False,False,False,,,7.0,81.0
20045,Enduraid,https://www.crunchbase.com/organization/enduraid,Hungary,47.4978789,19.0402383,2017,3.0,False,False,False,False,False,False,False,False,False,False,False,False,False,False,2,1,1,False,True,True,False,0.0,False,0.0,True,2019-04-10,2019-04-10,Angel,2019,99.0,True,,False,,0.0,2.0,False,,False,,False,,False,,False,,False,,1,0,True,,True,True,,True,,True,,True,,True,,True,,1,,True,,True,False,,False,False,False,False,False,False,True,True,54,0,False,116,11,0.0948275862068965,0.0905968953522265,0.21414371872684834,0.0,0.0,0.0,0.0,0.0,0.0,0.0,0.0,0.0,0.0,0.0,0.0,7.0,3.0,0.2649856701138789,1,0,0,0,0,0,0,2.84,4.960744524482791,False,False,False,False,False,False,,,7.0,81.0
19963,Skillio,https://www.crunchbase.com/organization/skillio,Hungary,46.0663656,18.2253315,2017,1.0,False,False,False,False,True,False,False,False,False,True,False,False,False,False,0,2,1,False,True,True,False,0.0,False,0.15254,True,2017-12-21,2018-07-13,Pre-Seed,2017,392.0,False,,True,,18.5,7.0,False,,False,,False,,False,,False,,False,,0,0,False,,False,False,,False,,False,,False,,False,,False,,2,,True,,True,False,,False,False,False,False,False,False,True,True,1,0,False,2,0,0.0,0.0,0.2763311167974101,0.17084082407881698,0.17084082407881698,0.17084082407881698,0.17084082407881698,0.17084082407881698,0.17084082407881698,0.0,0.0,0.0,0.0,0.0,0.0,2.0,0.0,0.0402231640645322,0,0,0,0,1,0,0,2.84,3.933784497209659,False,False,False,False,False,False,,,1.0,3.0
19956,Innoria Kft.,https://www.crunchbase.com/organization/innoria-kft,Hungary,47.5198856,21.6287627,2017,1.0,False,False,False,False,True,True,False,True,False,False,False,False,False,False,1,2,2,True,False,False,False,1.0,True,0.896515,False,2018-05-03,2019-06-12,Seed,2018,207.0,False,False,True,True,11.5,3.5,False,False,False,False,False,False,False,False,False,False,False,False,0,0,False,False,False,False,False,False,False,False,False,False,False,False,False,False,False,1,0.0,True,False,False,True,True,False,False,False,False,False,False,True,True,1,0,False,9,1,0.1111111111111111,0.1053605156578263,0.39943331529835063,0.9102761448652884,0.1944291595406349,1.6261231301899421,0.1944291595406349,0.1944291595406349,0.1944291595406349,1.6261231301899421,1.6261231301899421,1.6261231301899421,1.449987166760137,1.449987166760137,1.449987166760137,15.0,1.0,0.2700167413413393,1,0,0,0,1,0,0,2.84,4.244200317766478,False,False,False,False,False,False,,,3.0,18.0
20010,StageHive,https://www.crunchbase.com/organization/stagehive-kft,Hungary,47.4978789,19.0402383,2017,1.0,False,False,False,False,False,False,False,False,False,False,False,False,False,False,0,4,1,False,True,True,False,0.0,False,0.14677,True,2017-10-04,2019-09-04,Pre-Seed,2017,392.0,True,,False,,19.2,7.0,False,,False,,False,,False,,False,,False,,4,0,True,,True,True,,True,,True,,True,,True,,True,,4,,True,,True,False,,False,False,False,False,False,False,True,True,54,0,False,116,11,0.0948275862068965,0.0905968953522265,0.21414371872684834,0.0,0.0,0.0,0.0,0.0,0.0,0.0,0.0,0.0,0.0,0.0,0.0,70.0,6.0,0.5330218751559761,1,1,1,0,0,0,0,2.84,3.933784497209659,False,False,False,False,False,False,,,7.0,81.0
20009,Netflorista Kft,https://www.crunchbase.com/organization/netflorista-kft,Hungary,47.6820845,17.6348269,2017,3.0,False,False,False,False,True,True,False,False,False,False,False,False,False,False,0,3,1,False,True,True,False,0.0,False,0.818744,False,2017-12-05,2019-02-01,Seed,2017,392.0,False,,True,,19.0,7.0,False,,False,,False,,False,,False,,False,,0,0,False,,False,False,,False,,False,,False,,False,,False,,3,,True,,True,False,,False,False,False,False,False,False,True,True,1,0,False,4,0,0.0,0.0,0.11074275065196404,0.1073667634891553,0.1073667634891553,0.1073667634891553,0.1073667634891553,0.1073667634891553,0.1073667634891553,0.0,0.0,0.0,0.0,0.0,0.0,4.0,0.0,0.0908983577180024,0,0,0,0,1,1,0,2.84,3.933784497209659,False,False,False,False,False,False,,,0.0,6.0
20007,Adalékmentesen,https://www.crunchbase.com/organization/adalékmentes-kft,Hungary,47.4978789,19.0402383,2017,2.0,False,False,False,False,True,False,True,False,False,False,False,False,False,False,0,2,1,False,True,True,False,0.0,False,0.153093,True,2017-12-21,2018-07-06,Pre-Seed,2017,392.0,True,,False,,18.5,7.0,False,,False,,False,,False,,False,,False,,2,0,True,,True,True,,True,,True,,True,,True,,True,,2,,True,,True,False,,False,False,False,False,False,False,True,True,54,0,False,116,11,0.0948275862068965,0.0905968953522265,0.21414371872684834,0.0,0.0,0.0,0.0,0.0,0.0,0.0,0.0,0.0,0.0,0.0,0.0,59.0,3.0,0.4648691450386136,1,0,1,0,0,0,0,2.84,3.933784497209659,False,False,False,False,False,False,,,7.0,81.0
20005,OOT Technologies Kft,https://www.crunchbase.com/organization/oot-technologies-kft,Hungary,46.9071694,18.0541598,2017,1.0,True,False,False,False,True,False,False,False,False,True,False,False,False,False,1,1,1,False,True,True,False,0.0,False,0.035261,True,2018-07-06,2018-07-06,Pre-Seed,2018,392.0,True,,False,,19.0,7.0,False,,False,,False,,False,,False,,False,,0,0,False,,False,True,,False,,False,,False,,False,,False,,1,,True,,True,False,,False,False,False,False,False,False,True,True,2,0,False,0,0,0.0,0.0,0.19197418493058013,0.09931566151002656,0.09931566151002656,0.09931566151002656,0.09931566151002656,0.09931566151002656,0.09931566151002656,0.0,0.0,0.0,0.0,0.0,0.0,7.0,0.0,0.1375239062843998,0,0,0,0,1,0,0,2.84,4.244200317766478,False,False,False,False,False,False,,,0.4000000000000003,7.4
19998,Sharekiwi Kft,https://www.crunchbase.com/organization/sharekiwi-kft,Hungary,47.6820845,17.6348269,2017,2.0,True,False,False,False,False,False,False,False,False,True,False,False,False,False,0,3,1,False,True,False,False,0.0,False,0.565638,False,2017-12-13,2019-07-03,Seed,2017,392.0,False,,True,,19.0,7.0,False,,False,,False,,False,,False,,False,,0,0,False,,False,False,,False,,False,,False,,False,,False,,3,,True,,True,False,,False,False,False,False,False,False,True,True,1,0,False,4,0,0.0,0.0,0.11074275065196404,0.1073667634891553,0.1073667634891553,0.1073667634891553,0.1073667634891553,0.1073667634891553,0.1073667634891553,0.0,0.0,0.0,0.0,0.0,0.0,4.0,0.0,0.0908983577180024,0,0,0,0,1,1,0,2.84,3.933784497209659,False,False,False,False,False,False,,,0.0,6.0
20110,Pickies Kft,https://www.crunchbase.com/organization/pickies-kft,Hungary,47.1910169,18.410811,2017,2.0,True,False,False,False,False,False,True,True,False,False,False,False,False,False,0,2,1,False,True,True,False,0.0,False,0.035885,True,2017-11-22,2018-04-26,Pre-Seed,2017,392.0,True,,False,,18.5,7.0,False,,False,,False,,False,,False,,False,,0,0,False,,False,True,,True,,False,,False,,False,,False,,2,,True,,True,False,,False,False,False,False,False,False,True,True,2,0,False,3,0,0.0,0.0,0.18989643436847958,0.0584231524336408,0.0584231524336408,0.0584231524336408,0.0584231524336408,0.0584231524336408,0.0584231524336408,0.0,0.0,0.0,0.0,0.0,0.0,11.0,0.0,0.1777470703489321,1,0,0,0,1,0,0,2.84,3.933784497209659,False,False,False,False,False,False,,,1.8000000000000016,42.40000000000003
20109,Tenancy Hungary,https://www.crunchbase.com/organization/tenancy-hungary-kft,Hungary,47.4600185,18.9541818,2017,1.0,True,False,False,False,False,False,False,False,False,False,False,False,True,False,1,2,1,False,True,True,False,0.0,False,0.035634,True,2018-01-30,2018-10-30,Pre-Seed,2018,392.0,True,,False,,19.0,7.0,False,,False,,False,,False,,False,,False,,2,0,True,,True,True,,True,,True,,True,,True,,True,,2,,True,,True,False,,False,False,False,False,False,False,True,True,54,0,False,118,11,0.0932203389830508,0.0891277798960073,0.20988765345603605,0.007716843561677288,0.007716843561677288,0.007716843561677288,0.007716843561677288,0.007716843561677288,0.007716843561677288,0.0,0.0,0.0,0.0,0.0,0.0,59.0,1.0,0.4011382631238741,1,0,1,0,0,0,0,2.84,4.244200317766478,False,False,False,False,False,False,,,7.0,81.0
20132,FintechBlocks,https://www.crunchbase.com/organization/fintechblocks,Hungary,46.239954,20.1431222,2017,2.0,True,False,False,False,False,False,False,False,True,False,False,False,False,False,1,1,2,True,False,False,False,1.0,True,0.0,True,2018-06-01,2018-06-01,Seed,2018,18.0,False,False,True,True,3.5,2.0,True,False,False,False,True,True,False,False,False,False,True,False,0,0,False,False,False,False,False,False,False,False,False,False,False,False,False,False,False,1,0.0,True,False,False,True,True,False,False,False,False,False,False,True,True,1,0,False,2,0,0.0,0.0,0.35907254756049395,0.8719047774272345,0.1630738513669068,1.5807357034875622,0.1630738513669068,0.1630738513669068,0.1630738513669068,1.5807357034875622,1.5807357034875622,1.5807357034875622,1.4600841640702373,1.4600841640702373,1.4600841640702373,0.0,0.0,0.0,0,0,0,0,1,1,0,2.84,4.244200317766478,False,False,False,False,False,False,,,0.0,5.0
20084,RiskCover Hungary Zrt,https://www.crunchbase.com/organization/riskcover-hungary-zrt,Hungary,47.4978789,19.0402383,2017,1.0,True,False,False,False,False,False,False,False,False,False,False,False,False,False,0,3,1,False,True,False,False,0.0,False,1.115521,False,2017-03-20,2019-03-06,Seed,2017,392.0,True,,False,,18.7,7.0,False,,False,,False,,False,,False,,False,,3,0,True,,True,True,,True,,True,,True,,True,,True,,3,,True,,True,False,,False,False,False,False,False,False,True,True,54,0,False,116,11,0.0948275862068965,0.0905968953522265,0.21414371872684834,0.0,0.0,0.0,0.0,0.0,0.0,0.0,0.0,0.0,0.0,0.0,0.0,70.0,5.0,0.51884861001305,1,1,1,0,0,0,0,2.84,3.933784497209659,False,False,False,False,False,False,,,7.0,81.0
20081,Leap,https://www.crunchbase.com/organization/leap-kft,Hungary,47.074298,20.4821152,2017,2.0,True,False,False,False,False,True,False,False,False,False,False,False,False,False,0,3,1,False,True,True,False,0.0,False,0.152071,True,2017-12-06,2018-09-03,Pre-Seed,2017,392.0,False,,True,,18.7,7.0,False,,False,,False,,False,,False,,False,,0,0,False,,False,False,,False,,False,,False,,False,,False,,3,,True,,True,False,,False,False,False,False,False,False,True,True,0,0,False,0,0,0.0,0.0,0.3326589488381521,0.11851597199454106,0.11851597199454103,0.11851597199454103,0.11851597199454103,0.11851597199454106,0.11851597199454103,0.0,0.0,0.0,0.0,0.0,0.0,3.0,1.0,0.1324928350569394,0,0,0,0,1,1,0,2.84,3.933784497209659,False,False,False,False,False,False,,,0.6000000000000001,4.0
20087,CAREonix Kft,https://www.crunchbase.com/organization/careonix-kft,Hungary,47.5198856,21.6287627,2017,2.0,False,False,False,False,False,False,False,True,False,True,False,False,False,False,0,3,1,False,True,True,False,0.0,False,0.152357,True,2017-07-17,2018-06-12,Pre-Seed,2017,392.0,False,,True,,18.3,7.0,False,,False,,False,,False,,False,,False,,0,0,False,,False,False,,False,,False,,False,,False,,False,,3,,True,,True,False,,False,False,False,False,False,False,True,True,1,0,False,9,1,0.1111111111111111,0.1053605156578263,0.39943331529835063,0.1944291595406349,0.1944291595406349,0.1944291595406349,0.1944291595406349,0.1944291595406349,0.1944291595406349,0.0,0.0,0.0,0.0,0.0,0.0,9.0,1.0,0.223391192774942,1,0,0,0,0,0,0,2.84,3.933784497209659,False,False,False,False,False,False,,,3.0,18.0
20093,IntelliWeights Kft,https://www.crunchbase.com/organization/intelliweights-kft,Hungary,47.4978789,19.0402383,2017,1.0,True,False,False,False,False,False,False,False,False,False,False,False,False,False,0,3,1,False,True,True,False,0.0,False,0.151132,True,2017-12-01,2019-01-07,Pre-Seed,2017,392.0,True,,False,,19.0,7.0,False,,False,,False,,False,,False,,False,,3,0,True,,True,True,,True,,True,,True,,True,,True,,3,,True,,True,False,,False,False,False,False,False,False,True,True,54,0,False,116,11,0.0948275862068965,0.0905968953522265,0.21414371872684834,0.0,0.0,0.0,0.0,0.0,0.0,0.0,0.0,0.0,0.0,0.0,0.0,70.0,6.0,0.5330218751559761,1,1,1,0,0,0,0,2.84,3.933784497209659,False,False,False,False,False,False,,,7.0,81.0
19851,Fuvar,https://www.crunchbase.com/organization/fuvar-hu-kft,Hungary,46.0663656,18.2253315,2017,1.0,True,False,False,False,True,False,False,False,False,True,False,False,False,False,0,8,1,False,True,True,False,0.0,False,2.429302,False,2017-11-21,2021-12-23,Seed,2017,392.0,False,,True,,20.4,7.0,False,,False,,False,,False,,False,,False,,0,0,False,,False,False,,False,,False,,False,,False,,False,,8,,True,,True,False,,False,False,False,False,False,False,True,True,1,0,False,2,0,0.0,0.0,0.2763311167974101,0.17084082407881698,0.17084082407881698,0.17084082407881698,0.17084082407881698,0.17084082407881698,0.17084082407881698,0.0,0.0,0.0,0.0,0.0,0.0,3.0,1.0,0.1324928350569394,0,0,0,0,1,1,1,2.84,3.933784497209659,False,False,False,False,False,False,,,1.0,3.0
19852,ViveLab Ergo Plc.,https://www.crunchbase.com/organization/vivelab-ergo-kft,Hungary,47.4978789,19.0402383,2017,3.0,True,False,False,False,False,False,False,False,False,True,False,False,False,False,0,5,3,False,False,False,False,3.0,True,2.016752,False,2017-09-01,2022-02-18,Seed,2017,235.6,True,True,False,False,15.8,4.2,False,False,False,False,True,True,False,False,False,False,False,False,5,5,True,True,True,True,True,True,True,True,True,True,True,True,True,True,True,5,5.0,True,True,True,False,False,False,False,False,False,False,False,True,True,54,0,False,116,11,0.0948275862068965,0.0905968953522265,0.21414371872684834,0.0,0.0,0.0,0.0,0.0,0.0,0.0,0.0,0.0,0.0,0.0,0.0,70.0,5.0,0.51884861001305,1,1,1,0,0,0,0,2.84,3.933784497209659,False,False,False,False,False,False,,,7.0,81.0
19862,ff.next (previously Family Finances),https://www.crunchbase.com/organization/family-finances,Hungary,47.4978789,19.0402383,2017,3.0,True,False,False,False,False,True,False,False,True,True,False,False,False,False,0,4,5,True,False,True,False,4.0,True,0.727061,False,2017-05-05,2019-02-22,Seed,2017,13.0,True,True,True,True,25.7,2.0,True,True,False,False,True,True,False,False,False,False,True,True,4,2,True,True,False,True,True,True,True,True,True,True,True,True,True,True,True,4,2.0,True,True,False,True,True,False,False,False,False,False,False,True,True,54,0,False,116,10,0.0862068965517241,0.0826917158451133,0.21414371872684834,0.4905558118692382,0.0,1.4832507071451917,0.0,0.0,0.0,0.0,0.7358337178038573,1.4832507071451917,0.8378164604285235,0.0,1.4832507071451917,6.0,2.0,0.2252883124345997,1,0,0,0,0,0,0,2.84,3.933784497209659,True,False,False,True,True,True,2022-05-26,5.0,7.0,81.0
19804,OrthoPred,https://www.crunchbase.com/organization/orthopred-kft,Hungary,47.6820845,17.6348269,2017,2.0,True,False,False,False,True,False,False,True,False,True,False,False,False,False,2,2,1,False,True,False,False,0.0,False,0.556963,False,2019-04-18,2020-11-10,Seed,2019,392.0,False,,True,,20.5,7.0,False,,False,,False,,False,,False,,False,,0,0,False,,False,False,,False,,False,,False,,False,,False,,2,,True,,True,False,,False,False,False,False,False,False,True,True,1,0,False,4,0,0.0,0.0,0.11074275065196404,0.1073667634891553,0.1073667634891553,0.1073667634891553,0.1073667634891553,0.1073667634891553,0.1073667634891553,0.0,0.0,0.0,0.0,0.0,0.0,6.0,0.0,0.1242772544618494,0,0,0,0,1,1,1,2.84,4.960744524482791,False,False,False,False,False,False,,,0.0,6.0
19808,CodersRank,https://www.crunchbase.com/organization/codersrank-zrt,Hungary,47.5198856,21.6287627,2017,2.0,True,False,False,False,True,False,False,False,False,True,False,False,False,False,2,2,1,False,True,False,False,0.0,False,1.626053,False,2019-09-04,2020-12-14,Seed,2019,392.0,False,,True,,20.5,7.0,False,,False,,False,,False,,False,,False,,0,0,False,,False,False,,False,,False,,False,,False,,False,,2,,True,,True,False,,False,False,False,False,False,False,True,True,1,0,False,9,0,0.0,0.0,0.39943331529835063,0.1944291595406349,0.1944291595406349,0.1944291595406349,0.1944291595406349,0.1944291595406349,0.1944291595406349,0.0,0.0,0.0,0.0,0.0,0.0,18.0,3.0,0.3507956033181489,1,0,0,0,1,1,1,2.84,4.960744524482791,True,False,False,True,True,True,2023-09-19,6.0,3.0,18.0
19810,Tőkeportál Zrt.,https://www.crunchbase.com/organization/tőkeportál-zrt,Hungary,47.4978789,19.0402383,2017,2.0,True,False,False,False,False,False,False,False,True,True,False,False,False,False,3,2,2,False,False,False,False,0.0,False,0.255126,True,2020-12-14,2024-12-23,Seed,2020,245.5,True,,False,,11.5,4.5,False,,False,,False,,False,,False,,False,,2,0,True,,True,True,,True,,True,,True,,True,,True,,2,,True,,True,False,,False,False,False,False,False,False,True,True,54,0,False,116,11,0.0948275862068965,0.0905968953522265,0.21414371872684834,0.0,0.0,0.0,0.0,0.0,0.0,0.0,0.0,0.0,0.0,0.0,0.0,85.0,7.0,0.5643132085442154,1,1,1,0,0,1,1,2.84,4.873669439023098,False,False,False,False,False,False,,,7.0,81.0
19816,Livlia,https://www.crunchbase.com/organization/livlia,Hungary,47.0933824,17.9080406,2017,5.0,True,False,False,False,False,False,False,False,False,False,False,False,True,False,0,4,2,True,False,True,False,1.0,True,2.238584,False,2017-09-02,2021-12-02,Seed,2017,10.6,True,True,False,False,5.0,0.0,False,False,False,False,False,False,False,False,False,False,False,False,0,0,False,False,False,True,True,False,False,False,False,False,False,False,False,False,False,5,2.0,True,True,True,False,False,False,False,False,False,False,False,True,True,2,0,False,1,0,0.0,0.0,0.16911033030159076,0.09650456926571487,0.09650456926571487,0.09650456926571487,0.09650456926571487,0.09650456926571487,0.09650456926571487,0.09650456926571487,0.09650456926571487,0.09650456926571487,0.0,0.0,0.0,0.0,0.0,0.0,0,0,0,0,1,1,0,2.84,3.933784497209659,False,False,False,False,False,False,,,0.0,7.0
19822,Agroninja,https://www.crunchbase.com/organization/agroninja-kft-2030,Hungary,46.7044213,20.1401294,2017,1.0,True,False,False,False,False,False,False,True,False,True,False,False,False,False,0,7,4,True,False,True,False,1.0,True,1.139164,False,2017-08-21,2021-08-30,Seed,2017,203.9,False,False,True,True,13.3,3.9,False,False,False,False,True,False,False,False,True,False,False,False,0,0,False,False,False,False,False,False,False,False,False,False,False,False,False,False,False,10,2.0,True,True,True,False,False,False,False,False,False,False,False,True,True,0,0,False,0,0,0.0,0.0,0.3288912078829269,0.1348477340013405,0.12130348786989521,0.25674594918434845,0.12130348786989521,0.13823379553420184,0.25674594918434845,0.12130348786989521,0.12130348786989521,0.12130348786989521,0.03524629529519284,0.0,0.1762314764759642,5.0,0.0,0.1089851172067322,0,0,0,0,1,0,1,2.84,3.933784497209659,False,False,False,False,False,False,,,1.6,5.0
19825,Fitpuli,https://www.crunchbase.com/organization/fitpuli-kft,Hungary,47.4978789,19.0402383,2017,2.0,True,False,False,False,False,False,False,True,False,True,False,False,False,False,0,4,2,True,False,True,False,2.0,True,1.68588,False,2017-11-07,2021-05-01,Seed,2017,316.8,True,True,False,False,16.0,5.6,False,False,False,False,False,False,False,False,False,False,False,False,5,2,True,True,True,True,True,True,True,True,True,True,True,True,True,True,True,5,2.0,True,True,True,False,False,False,False,False,False,False,False,True,True,54,0,False,116,11,0.0948275862068965,0.0905968953522265,0.21414371872684834,0.0,0.0,0.0,0.0,0.0,0.0,0.0,0.0,0.0,0.0,0.0,0.0,83.0,6.0,0.5497014829833975,1,1,1,0,0,0,1,2.84,3.933784497209659,False,False,False,False,False,False,,,7.0,81.0
19815,TrustChain Systems,https://www.crunchbase.com/organization/trustchain-systems,Hungary,47.4978789,19.0402383,2017,1.0,True,False,False,False,True,True,False,False,True,True,False,False,False,False,0,4,2,True,False,True,False,1.0,True,1.397079,False,2017-07-05,2019-12-20,Series A,2017,299.5,True,False,True,True,15.2,5.2,False,False,False,False,False,False,False,False,False,False,False,False,3,0,True,False,False,True,False,True,False,True,False,True,False,True,False,True,False,3,0.0,True,False,False,True,True,False,False,False,False,False,False,True,True,54,0,False,116,11,0.0948275862068965,0.0905968953522265,0.21414371872684834,0.36249679169003424,0.0,1.449987166760137,0.0,0.0,0.0,1.449987166760137,1.449987166760137,1.449987166760137,0.7249935833800686,0.0,1.449987166760137,70.0,4.0,0.5020851953553428,1,1,1,0,0,0,0,2.84,3.933784497209659,False,False,True,False,True,True,,,7.0,81.0
19914,Zyntern,https://www.crunchbase.com/organization/zynther-com-kft,Hungary,47.4978789,19.0402383,2017,2.0,False,False,False,False,True,False,False,False,False,True,False,False,False,False,1,3,2,False,False,False,False,0.0,False,0.592586,False,2018-03-28,2020-12-23,Seed,2018,352.6666666666667,True,,True,,16.3,17.3,False,,False,,True,,False,,False,,False,,2,0,True,,False,True,,True,,True,,True,,True,,True,,2,,True,,False,False,,True,True,False,False,False,False,True,False,54,0,False,116,11,0.0948275862068965,0.0905968953522265,0.21414371872684834,2.37466912843457,0.0,7.124007385303711,0.0,2.37466912843457,7.124007385303711,0.0,0.0,0.0,4.74933825686914,0.0,7.124007385303711,81.0,8.0,0.5704178558439488,1,1,1,0,0,1,1,2.84,4.244200317766478,False,False,False,False,False,False,,,7.0,81.0
19921,DP Innovations,https://www.crunchbase.com/organization/dp-innovations-kft,Hungary,47.9557802,21.7167982,2017,1.0,True,False,False,False,False,False,False,True,False,False,False,False,False,False,0,5,2,False,False,True,False,1.0,True,0.217615,True,2017-12-14,2021-11-26,Pre-Seed,2017,314.4,False,False,True,True,20.0,5.6,False,False,False,False,True,True,False,False,False,False,False,False,0,0,False,False,False,False,False,False,False,False,False,False,False,False,False,False,False,4,0.0,True,False,True,False,False,False,False,False,False,False,False,True,True,1,0,False,1,0,0.0,0.0,0.3979146381335883,0.20656004538090816,0.20656004538090816,0.20656004538090816,0.20656004538090816,0.20656004538090816,0.20656004538090816,0.0,0.0,0.0,0.0,0.0,0.0,18.0,5.0,0.3880757793761596,1,0,0,0,1,1,1,2.84,3.933784497209659,False,False,False,False,False,False,,,4.6,18.0
19873,Dental Scanner Solutions Kft,https://www.crunchbase.com/organization/dental-scanner-solutions-kft,Hungary,47.5198856,21.6287627,2017,2.0,True,False,False,False,False,False,False,True,False,True,False,False,False,False,0,3,2,False,False,True,False,2.0,True,1.286361,False,2017-10-18,2019-11-28,Seed,2017,298.0,False,False,True,True,14.5,5.2,False,False,False,False,False,False,False,False,False,False,False,False,0,0,False,False,False,False,False,False,False,False,False,False,False,False,False,False,False,4,4.0,True,True,True,False,False,False,False,False,False,False,False,True,True,1,0,False,9,1,0.1111111111111111,0.1053605156578263,0.39943331529835063,0.1944291595406349,0.1944291595406349,0.1944291595406349,0.0,0.0,0.0,0.1944291595406349,0.1944291595406349,0.1944291595406349,0.0,0.0,0.0,14.0,1.0,0.2636143568394742,1,0,0,0,0,0,0,2.84,3.933784497209659,False,False,False,False,False,False,,,3.0,18.0
19874,BankZee,https://www.crunchbase.com/organization/bankzee,Hungary,48.0733941,20.7881125,2017,3.0,True,False,False,False,False,True,False,False,True,True,False,False,False,False,1,3,3,False,False,False,False,0.0,False,0.919102,False,2018-03-26,2020-12-11,Seed,2018,265.5,True,,True,,12.8,13.0,False,,False,,True,,False,,False,,False,,1,0,True,,False,True,,True,,True,,True,,True,,True,,3,,True,,False,False,,True,True,False,False,False,False,True,False,1,0,False,3,0,0.0,0.0,0.32793867833483215,1.8698009695040254,0.0,7.188362623501031,0.0,1.8698009695040254,7.188362623501031,0.0,0.0,0.0,3.62120310810392,0.0,7.188362623501031,3.0,1.0,0.1324928350569394,0,0,0,0,1,0,1,2.84,4.244200317766478,False,False,False,False,False,False,,,1.6,3.0
19880,DentistRobot,https://www.crunchbase.com/organization/dentistrobot,Hungary,47.4978789,19.0402383,2017,3.0,True,False,False,False,False,False,False,True,False,True,False,False,False,False,0,3,1,False,True,True,False,0.0,False,0.149864,True,2017-08-28,2018-12-13,Pre-Seed,2017,392.0,True,,False,,18.7,7.0,False,,False,,False,,False,,False,,False,,3,0,True,,True,True,,True,,True,,True,,True,,True,,3,,True,,True,False,,False,False,False,False,False,False,True,True,54,0,False,116,11,0.0948275862068965,0.0905968953522265,0.21414371872684834,0.0,0.0,0.0,0.0,0.0,0.0,0.0,0.0,0.0,0.0,0.0,0.0,59.0,3.0,0.4648691450386136,1,0,1,0,0,0,0,2.84,3.933784497209659,False,False,False,False,False,False,,,7.0,81.0
19890,Rollet,https://www.crunchbase.com/organization/parkour,Hungary,47.4978789,19.0402383,2017,2.0,True,False,False,False,True,False,False,False,True,True,False,False,False,False,0,3,2,True,False,False,False,1.0,True,1.611537,False,2017-10-02,2019-02-01,Seed,2017,298.0,True,True,False,False,14.5,5.2,False,False,False,False,False,False,False,False,False,False,False,False,4,1,True,True,True,True,True,True,True,True,True,True,True,True,True,True,True,4,1.0,True,True,True,False,False,False,False,False,False,False,False,True,True,54,0,False,116,11,0.0948275862068965,0.0905968953522265,0.21414371872684834,0.0,0.0,0.0,0.0,0.0,0.0,0.0,0.0,0.0,0.0,0.0,0.0,72.0,5.0,0.5216044130214361,1,1,1,0,0,0,0,2.84,3.933784497209659,False,False,False,False,False,False,,,7.0,81.0
19791,Fastrrr,https://www.crunchbase.com/organization/fastrrr,Hungary,47.4978789,19.0402383,2017,3.0,True,False,False,False,True,True,False,False,False,True,False,False,False,False,2,2,1,False,True,True,False,0.0,False,0.134093,True,2019-09-09,2021-04-29,Pre-Seed,2019,392.0,True,,False,,21.0,7.0,False,,False,,False,,False,,False,,False,,2,0,True,,True,True,,True,,True,,True,,True,,True,,2,,True,,True,False,,False,False,False,False,False,False,True,True,54,0,False,116,11,0.0948275862068965,0.0905968953522265,0.21414371872684834,0.0,0.0,0.0,0.0,0.0,0.0,0.0,0.0,0.0,0.0,0.0,0.0,81.0,4.0,0.5163742651282308,1,1,1,0,0,0,1,2.84,4.960744524482791,False,False,False,False,False,False,,,7.0,81.0
19792,DiabTrend AI Analytics,https://www.crunchbase.com/organization/diabtrend-ai-analytics,Hungary,47.4978789,19.0402383,2017,3.0,False,False,False,False,False,False,False,False,False,True,False,False,False,False,1,2,2,True,False,True,False,1.0,True,1.287825,False,2018-11-30,2020-10-15,Seed,2018,57.5,True,True,False,False,1.0,1.0,False,False,False,False,False,False,False,False,False,False,False,False,2,1,True,True,True,True,True,True,True,True,True,True,True,True,True,True,True,2,1.0,True,True,True,False,False,False,False,False,False,False,False,True,True,54,0,False,116,11,0.0948275862068965,0.0905968953522265,0.21414371872684834,0.0,0.0,0.0,0.0,0.0,0.0,0.0,0.0,0.0,0.0,0.0,0.0,11.0,2.0,0.2787581283216824,1,0,0,0,0,0,0,2.84,4.244200317766478,False,False,False,False,False,False,,,7.0,81.0
19794,Salarify,https://www.crunchbase.com/organization/salarify,Hungary,47.4978789,19.0402383,2017,3.0,True,False,False,False,True,False,False,True,True,False,False,False,False,False,1,2,4,False,False,True,False,0.0,False,0.247807,True,2018-01-01,2020-11-20,Seed,2018,117.25,True,,False,,9.0,6.5,False,,False,,False,,False,,True,,False,,4,0,True,,True,True,,True,,True,,True,,True,,True,,4,,True,,True,False,,False,False,False,False,False,False,True,True,54,0,False,116,11,0.0948275862068965,0.0905968953522265,0.21414371872684834,0.0,0.0,0.0,0.0,0.0,0.0,0.0,0.0,0.0,0.0,0.0,0.0,82.0,6.0,0.5485134145461703,1,1,1,0,0,0,1,2.84,4.244200317766478,False,False,False,False,False,False,,,7.0,81.0
19752,SEON,https://www.crunchbase.com/organization/seon-security,Hungary,47.4978789,19.0402383,2017,2.0,True,False,False,False,False,False,False,False,True,True,False,False,False,False,1,2,2,True,False,True,False,1.0,True,1.840468,False,2018-02-15,2019-12-10,Series B,2018,38.333333333333336,True,True,False,False,6.7,5.7,False,False,False,False,False,False,False,False,True,False,False,False,3,1,True,True,True,True,True,True,True,True,True,True,True,True,True,True,True,3,1.0,True,True,True,False,False,False,False,False,False,False,False,True,True,54,0,False,116,10,0.0862068965517241,0.0826917158451133,0.21414371872684834,0.0,0.0,0.0,0.0,0.0,0.0,0.0,0.0,0.0,0.0,0.0,0.0,8.0,5.0,0.3139502211587543,1,0,0,0,0,0,0,2.84,4.244200317766478,False,True,True,True,True,True,,,7.0,81.0
20140,Mitomarin,https://www.crunchbase.com/organization/mitomarin,Hungary,47.4978789,19.0402383,2018,2.0,True,False,False,False,True,False,True,True,False,False,False,False,False,False,0,3,1,False,True,True,False,0.0,False,0.0,True,2018-09-15,2020-05-18,Seed,2018,1.0,False,,True,,2.0,0.0,False,,False,,False,,True,,False,,False,,0,0,False,,False,False,,False,,False,,False,,False,,False,,0,,False,,False,False,,True,True,True,True,False,False,False,False,54,0,False,135,11,0.0814814814814814,0.0783318432699069,0.21414371872684834,6.929209939898239,6.929209939898239,6.929209939898239,6.929209939898239,6.929209939898239,6.929209939898239,0.0,0.0,0.0,0.0,0.0,0.0,0.0,0.0,0.0,0,0,0,0,0,0,0,2.07,4.244200317766478,False,False,False,False,False,False,,,7.0,81.0
20071,FlyingFreelance Kft.,https://www.crunchbase.com/organization/flyingfreelance-kft,Hungary,47.5890357,16.8771779,2018,2.0,False,False,False,False,False,False,False,False,False,False,False,False,False,False,0,1,1,False,True,True,False,0.0,False,0.03437,True,2018-12-20,2018-12-20,Pre-Seed,2018,392.0,False,,True,,19.0,7.0,False,,False,,False,,False,,False,,False,,0,0,False,,False,False,,False,,False,,False,,False,,False,,1,,True,,True,False,,False,False,False,False,False,False,True,True,0,0,False,0,0,0.0,0.0,0.07847190846803463,0.162670094995528,0.162670094995528,0.162670094995528,0.162670094995528,0.162670094995528,0.162670094995528,0.0,0.0,0.0,0.0,0.0,0.0,2.0,0.0,0.0402231640645322,0,0,0,0,1,1,1,2.07,4.244200317766478,False,False,False,False,False,False,,,0.0,2.0
20067,Oramix Kft,https://www.crunchbase.com/organization/oramix-kft,Hungary,47.4978789,19.0402383,2018,2.0,True,False,False,False,False,False,False,False,False,False,False,False,False,False,0,2,1,False,True,True,False,0.0,False,0.145842,True,2018-07-27,2019-12-04,Pre-Seed,2018,392.0,True,,False,,19.5,7.0,False,,False,,False,,False,,False,,False,,2,0,True,,True,True,,True,,True,,True,,True,,True,,2,,True,,True,False,,False,False,False,False,False,False,True,True,54,0,False,135,11,0.0814814814814814,0.0783318432699069,0.21414371872684834,0.0,0.0,0.0,0.0,0.0,0.0,0.0,0.0,0.0,0.0,0.0,0.0,70.0,4.0,0.5020851953553428,1,1,1,0,0,0,0,2.07,4.244200317766478,False,False,False,False,False,False,,,7.0,81.0
20107,Torrent Detective,https://www.crunchbase.com/organization/torrent-detective,Hungary,47.4978789,19.0402383,2018,2.0,False,False,False,False,True,False,False,False,False,True,False,False,False,False,0,1,1,False,True,True,True,1.0,True,0.03,True,2018-04-05,2018-04-05,Pre-Seed,2018,392.0,True,True,False,False,19.0,7.0,False,False,False,False,False,False,False,False,False,False,False,False,1,1,True,True,True,True,True,True,True,True,True,True,True,True,True,True,True,1,1.0,True,True,True,False,False,False,False,False,False,False,False,True,True,54,0,False,135,11,0.0814814814814814,0.0783318432699069,0.21414371872684834,0.0,0.0,0.0,0.0,0.0,0.0,0.0,0.0,0.0,0.0,0.0,0.0,59.0,1.0,0.4011382631238741,1,0,1,0,0,0,0,2.07,4.244200317766478,False,False,False,False,False,False,,,7.0,81.0
20094,ONEO System,https://www.crunchbase.com/organization/oneo-system-kft,Hungary,46.9122292,17.8917574,2018,2.0,True,False,False,False,False,False,False,False,False,False,False,False,False,False,0,2,1,False,True,True,False,0.0,False,0.149508,True,2018-09-03,2019-01-11,Pre-Seed,2018,392.0,False,,True,,19.5,7.0,False,,False,,False,,False,,False,,False,,0,0,False,,False,False,,False,,False,,False,,False,,False,,2,,True,,True,False,,False,False,False,False,False,False,True,True,1,0,False,0,0,0.0,0.0,0.18374980719896944,0.1084787526852075,0.1084787526852075,0.1084787526852075,0.1084787526852075,0.1084787526852075,0.1084787526852075,0.0,0.0,0.0,0.0,0.0,0.0,3.0,0.0,0.0687619531421999,0,0,0,0,1,1,0,2.07,4.244200317766478,False,False,False,False,False,False,,,0.0,7.0
20064,Centipede Labs Kft,https://www.crunchbase.com/organization/centipede-labs-kft,Hungary,47.6820845,17.6348269,2018,2.0,True,False,False,False,False,True,False,True,False,True,False,False,False,False,0,1,1,False,True,True,False,0.0,False,0.036746,True,2018-04-05,2018-04-05,Pre-Seed,2018,392.0,False,,True,,19.0,7.0,False,,False,,False,,False,,False,,False,,0,0,False,,False,False,,False,,False,,False,,False,,False,,1,,True,,True,False,,False,False,False,False,False,False,True,True,1,0,False,5,0,0.0,0.0,0.11074275065196404,0.1073667634891553,0.1073667634891553,0.1073667634891553,0.1073667634891553,0.1073667634891553,0.1073667634891553,0.0,0.0,0.0,0.0,0.0,0.0,2.0,0.0,0.0402231640645322,0,0,0,0,1,1,0,2.07,4.244200317766478,False,False,False,False,False,False,,,0.0,6.0
19839,GEMIL PHARMA Zrt.,https://www.crunchbase.com/organization/gemil-pharma-zrt,Hungary,47.5198856,21.6287627,2018,1.0,True,False,False,False,False,False,False,True,False,False,False,False,False,False,2,2,1,False,True,False,False,0.0,False,1.471185,False,2020-03-05,2020-10-15,Private Equity,2020,392.0,False,,True,,21.0,7.0,False,,False,,False,,False,,False,,False,,0,0,False,,False,False,,False,,False,,False,,False,,False,,2,,True,,True,False,,False,False,False,False,False,False,True,True,1,0,False,17,1,0.0588235294117647,0.0571584138399486,0.39943331529835063,0.1944291595406349,0.1944291595406349,0.1944291595406349,0.1944291595406349,0.1944291595406349,0.1944291595406349,0.0,0.0,0.0,0.0,0.0,0.0,18.0,2.0,0.3243448974614201,1,0,0,0,1,0,1,2.07,4.873669439023098,False,False,True,False,True,True,,,3.0,18.0
19834,iKont Kft,https://www.crunchbase.com/organization/ikont-kft,Hungary,47.2579935,18.6174895,2018,2.0,True,False,False,False,True,False,False,False,False,True,False,False,True,False,0,4,1,False,True,True,False,0.0,False,1.715405,False,2018-03-22,2021-12-13,Seed,2018,392.0,True,,False,,20.5,7.0,False,,False,,False,,False,,False,,False,,0,0,False,,False,True,,True,,True,,False,,False,,False,,4,,True,,True,False,,False,False,False,False,False,False,True,True,55,0,False,1,0,0.0,0.0,0.19837331248104248,0.04153004851155442,0.04153004851155442,0.04153004851155442,0.04153004851155442,0.04153004851155442,0.04153004851155442,0.0,0.0,0.0,0.0,0.0,0.0,86.0,11.0,0.6027402474194217,1,1,1,0,1,1,1,2.07,4.244200317766478,False,False,False,False,False,False,,,7.800000000000004,81.40000000000002
19827,Check,https://www.crunchbase.com/organization/lokcheck,Hungary,46.7044213,20.1401294,2018,1.0,True,False,False,False,True,False,False,False,False,True,False,False,True,True,0,3,1,False,True,True,False,0.0,False,0.206415,True,2018-11-22,2021-12-02,Pre-Seed,2018,392.0,False,,True,,20.3,7.0,False,,False,,False,,False,,False,,False,,0,0,False,,False,False,,False,,False,,False,,False,,False,,3,,True,,True,False,,False,False,False,False,False,False,True,True,0,0,False,1,0,0.0,0.0,0.3288912078829269,0.12130348786989521,0.12130348786989521,0.12130348786989521,0.12130348786989521,0.12130348786989521,0.12130348786989521,0.0,0.0,0.0,0.0,0.0,0.0,5.0,2.0,0.2099961751794825,1,0,0,0,1,1,1,2.07,4.244200317766478,False,False,False,False,False,False,,,1.6,5.0
19855,MOOW,https://www.crunchbase.com/organization/moow,Hungary,47.4978789,19.0402383,2018,1.0,True,False,False,False,False,False,True,True,False,False,False,False,False,False,1,1,2,True,False,False,False,1.0,True,1.04173,False,2019-12-30,2019-12-30,Seed,2019,14.5,True,True,False,False,8.0,1.0,False,False,False,False,False,False,False,False,False,False,False,False,2,1,True,True,True,True,True,True,True,True,True,True,True,True,True,True,True,2,1.0,True,True,True,False,False,False,False,False,False,False,False,True,True,54,0,False,135,11,0.0814814814814814,0.0783318432699069,0.21414371872684834,0.0,0.0,0.0,0.0,0.0,0.0,0.0,0.0,0.0,0.0,0.0,0.0,2.0,0.0,0.0402231640645322,0,0,0,0,0,0,0,2.07,4.960744524482791,False,False,False,False,False,False,,,7.0,81.0
19906,Growberry,https://www.crunchbase.com/organization/agro-innováció-kft,Hungary,47.8208159,19.6434085,2018,1.0,True,False,False,False,False,False,True,False,False,True,False,False,False,False,0,4,2,True,False,True,False,1.0,True,0.930738,False,2018-07-20,2021-05-13,Pre-Seed,2018,406.0,True,True,True,False,17.2,8.5,False,False,True,False,True,False,False,False,False,False,False,False,0,0,False,False,False,True,True,True,True,False,False,False,False,False,False,False,False,3,1.0,True,True,False,True,False,False,False,False,False,False,False,True,True,0,0,False,0,0,0.0,0.0,0.24706589226956785,0.3767320077946006,0.05770691388181596,1.3338072895329545,0.05770691388181596,0.4830737057655288,1.3338072895329545,0.05770691388181596,0.05770691388181596,0.05770691388181596,0.6895087838987914,0.0,1.3790175677975829,2.0,0.0,0.0402231640645322,0,0,0,0,1,0,0,2.07,4.244200317766478,False,False,False,False,False,False,,,1.6,2.8
19901,Onepage Kft.,https://www.crunchbase.com/organization/onepage-kft,Hungary,47.5198856,21.6287627,2018,1.0,True,False,False,False,False,False,False,False,False,True,False,False,False,False,0,3,1,False,True,False,False,0.0,False,0.79201,False,2018-12-27,2020-09-16,Seed,2018,392.0,False,,True,,20.0,7.0,False,,False,,False,,False,,False,,False,,0,0,False,,False,False,,False,,False,,False,,False,,False,,3,,True,,True,False,,False,False,False,False,False,False,True,True,1,0,False,17,1,0.0588235294117647,0.0571584138399486,0.39943331529835063,0.1944291595406349,0.1944291595406349,0.1944291595406349,0.1944291595406349,0.1944291595406349,0.1944291595406349,0.0,0.0,0.0,0.0,0.0,0.0,18.0,3.0,0.3507956033181489,1,0,0,0,1,1,1,2.07,4.244200317766478,False,False,False,False,False,False,,,3.0,18.0
19886,Stylehub.,https://www.crunchbase.com/organization/stylehub-com,Hungary,47.4978789,19.0402383,2018,2.0,True,False,False,False,True,True,False,False,False,True,False,False,False,False,0,3,1,False,True,True,False,0.0,False,1.289326,False,2018-06-15,2020-01-10,Seed,2018,392.0,True,,False,,20.0,7.0,False,,False,,False,,False,,False,,False,,3,0,True,,True,True,,True,,True,,True,,True,,True,,3,,True,,True,False,,False,False,False,False,False,False,True,True,54,0,False,135,11,0.0814814814814814,0.0783318432699069,0.21414371872684834,0.0,0.0,0.0,0.0,0.0,0.0,0.0,0.0,0.0,0.0,0.0,0.0,81.0,9.0,0.5801051470429703,1,1,1,0,1,1,1,2.07,4.244200317766478,False,False,False,False,False,False,,,7.0,81.0
19875,Haemothromb Test,https://www.crunchbase.com/organization/haemothromb-test-kft,Hungary,47.4978789,19.0402383,2018,1.0,True,False,False,False,False,False,False,True,False,False,True,False,False,False,1,2,1,False,True,False,False,0.0,False,1.787641,False,2019-06-06,2020-04-21,Seed,2019,392.0,True,,False,,20.5,7.0,False,,False,,False,,False,,False,,False,,2,0,True,,True,True,,True,,True,,True,,True,,True,,2,,True,,True,False,,False,False,False,False,False,False,True,True,54,0,False,135,11,0.0814814814814814,0.0783318432699069,0.21414371872684834,0.0,0.0,0.0,0.0,0.0,0.0,0.0,0.0,0.0,0.0,0.0,0.0,81.0,8.0,0.5704178558439488,1,1,1,0,0,1,1,2.07,4.960744524482791,False,False,False,False,False,False,,,7.0,81.0
19907,ALZAGRO,https://www.crunchbase.com/organization/alzagro,Hungary,47.1753833,20.1946279,2018,3.0,True,False,False,False,True,True,True,False,False,True,False,False,False,False,0,2,1,True,True,True,True,1.0,True,0.23807,True,2018-06-01,2019-03-22,Pre-Seed,2018,392.0,True,True,False,False,19.5,7.0,False,False,False,False,False,False,False,False,False,False,False,False,0,0,False,False,False,True,True,False,False,False,False,False,False,False,False,False,False,2,1.0,True,True,True,False,False,False,False,False,False,False,False,True,True,0,0,False,1,0,0.0,0.0,0.3082294268757824,0.09408997817602692,0.09408997817602692,0.09408997817602692,0.09408997817602692,0.09408997817602692,0.09408997817602692,0.09408997817602692,0.09408997817602692,0.09408997817602692,0.0,0.0,0.0,4.0,0.0,0.0908983577180024,0,0,0,0,1,0,1,2.07,4.244200317766478,False,False,False,False,False,False,,,0.6000000000000001,4.0
19813,Evotrex,https://www.crunchbase.com/organization/evotrex-zrt,Hungary,46.9073883,19.6917206,2018,1.0,True,False,False,False,False,False,False,False,False,True,False,False,False,False,0,5,1,False,True,False,False,0.0,False,2.887368,False,2018-06-29,2021-09-17,Seed,2018,392.0,True,,False,,20.4,7.0,False,,False,,False,,False,,False,,False,,0,0,False,,False,True,,False,,False,,False,,False,,False,,5,,True,,True,False,,False,False,False,False,False,False,True,True,0,0,False,1,0,0.0,0.0,0.28799627930967675,0.08205736991262644,0.08205736991262644,0.08205736991262644,0.08205736991262644,0.08205736991262644,0.08205736991262644,0.0,0.0,0.0,0.0,0.0,0.0,5.0,3.0,0.2364468810362113,1,0,0,0,1,1,1,2.07,4.244200317766478,False,False,False,False,False,False,,,3.0,5.0
19770,Webkey,https://www.crunchbase.com/organization/webkey-development-kft,Hungary,46.239954,20.1431222,2018,2.0,False,False,False,False,False,False,False,False,False,True,False,False,False,False,0,3,1,False,True,False,False,0.0,False,0.820866,False,2018-12-04,2020-12-14,Seed,2018,392.0,False,,True,,20.0,7.0,False,,False,,False,,False,,False,,False,,0,0,False,,False,False,,False,,False,,False,,False,,False,,3,,True,,True,False,,False,False,False,False,False,False,True,True,1,0,False,5,0,0.0,0.0,0.35907254756049395,0.1630738513669068,0.1630738513669068,0.1630738513669068,0.1630738513669068,0.1630738513669068,0.1630738513669068,0.0,0.0,0.0,0.0,0.0,0.0,5.0,0.0,0.1089851172067322,0,0,0,0,1,1,1,2.07,4.244200317766478,False,False,False,False,False,False,,,0.0,5.0
19760,ROKSH,https://www.crunchbase.com/organization/weshop-kft,Hungary,47.4978789,19.0402383,2018,1.0,False,False,False,False,True,True,False,False,False,True,False,False,True,False,0,6,4,True,False,True,False,2.0,True,8.579463,False,2018-03-07,2023-10-04,Seed,2018,151.33333333333334,True,True,True,True,9.3,3.0,False,False,False,False,False,False,False,False,False,False,False,False,4,1,True,True,True,True,True,True,True,True,True,True,True,True,True,True,True,4,1.0,True,True,True,False,False,False,False,False,False,False,False,True,True,54,0,False,135,11,0.0814814814814814,0.0783318432699069,0.21414371872684834,0.0,0.0,0.0,0.0,0.0,0.0,0.0,0.0,0.0,0.0,0.0,0.0,86.0,1.0,0.4379983075319318,1,0,1,0,0,0,1,2.07,4.244200317766478,False,False,False,False,False,False,,,7.0,81.0
19811,Conversific,https://www.crunchbase.com/organization/conversific,Hungary,47.5198856,21.6287627,2018,3.0,True,False,False,False,False,True,False,False,False,True,False,False,False,False,0,3,3,True,False,False,False,1.0,True,1.628135,False,2018-05-29,2020-09-16,Seed,2018,239.8,True,False,True,True,14.2,4.2,False,False,False,False,True,False,False,False,False,False,False,False,1,0,True,False,False,True,False,True,False,True,False,True,False,True,False,True,False,5,1.0,True,True,True,False,False,False,False,False,False,False,False,True,True,1,0,False,17,1,0.0588235294117647,0.0571584138399486,0.39943331529835063,0.1555433276325079,0.0,0.1944291595406349,0.0,0.14582186965547614,0.1944291595406349,0.1944291595406349,0.1944291595406349,0.1944291595406349,0.07777166381625394,0.0,0.1944291595406349,18.0,1.0,0.2870647214034093,1,0,0,0,1,0,1,2.07,4.244200317766478,False,False,False,False,False,False,,,3.0,18.0
19809,Omnicoach,https://www.crunchbase.com/organization/omnicoach,Hungary,47.4978789,19.0402383,2018,5.0,False,False,False,False,False,True,False,False,False,True,True,False,False,False,0,4,3,True,False,True,False,1.0,True,1.451243,False,2018-06-01,2020-06-24,Seed,2018,16.166666666666668,True,True,True,False,3.7,1.7,False,False,False,False,True,False,False,False,False,False,False,False,4,1,True,True,False,True,True,True,True,True,True,True,True,True,True,True,True,4,1.0,True,True,False,False,False,True,True,True,False,False,False,True,False,54,0,False,135,11,0.0814814814814814,0.0783318432699069,0.21414371872684834,2.5883635211491933,0.0,7.76509056344758,0.0,3.1060362253790323,7.76509056344758,0.0,0.0,0.0,4.1413816338387095,0.0,7.76509056344758,9.0,5.0,0.3244022507476923,1,0,0,0,0,0,0,2.07,4.244200317766478,False,False,False,False,False,False,,,7.0,81.0
19802,YourAnastomosis,https://www.crunchbase.com/organization/your-anastomosis,Hungary,46.0663656,18.2253315,2018,5.0,True,False,False,False,True,True,False,True,False,True,False,False,False,False,1,2,2,True,False,False,False,1.0,True,0.5,True,2019-01-20,2019-02-08,Series A,2019,197.0,False,False,True,True,12.0,3.5,False,False,False,False,True,True,False,False,False,False,False,False,0,0,False,False,False,False,False,False,False,False,False,False,False,False,False,False,False,2,1.0,True,True,True,False,False,False,False,False,False,False,False,True,True,1,0,False,5,0,0.0,0.0,0.2763311167974101,0.15990853589222923,0.14897624770564144,0.17084082407881698,0.17084082407881698,0.17084082407881698,0.17084082407881698,0.14897624770564144,0.14897624770564144,0.14897624770564144,0.1630738513669068,0.1630738513669068,0.1630738513669068,3.0,0.0,0.0687619531421999,0,0,0,0,1,0,1,2.07,4.960744524482791,False,False,True,False,True,True,,,1.0,3.0
19788,Seyu Solutions,https://www.crunchbase.com/organization/seyu-solutions-kft,Hungary,47.4978789,19.0402383,2018,1.0,False,False,False,False,True,True,False,False,False,True,True,False,False,False,0,4,1,False,True,True,False,0.0,False,1.331237,False,2018-09-20,2021-11-10,Seed,2018,392.0,True,,False,,20.5,7.0,False,,False,,False,,False,,False,,False,,4,0,True,,True,True,,True,,True,,True,,True,,True,,4,,True,,True,False,,False,False,False,False,False,False,True,True,54,0,False,135,11,0.0814814814814814,0.0783318432699069,0.21414371872684834,0.0,0.0,0.0,0.0,0.0,0.0,0.0,0.0,0.0,0.0,0.0,0.0,81.0,9.0,0.5801051470429703,1,1,1,0,1,1,1,2.07,4.244200317766478,False,False,False,False,False,False,,,7.0,81.0
19782,Xeropan,https://www.crunchbase.com/organization/xeropan,Hungary,47.5198856,21.6287627,2018,2.0,False,False,False,False,False,True,False,False,False,True,True,False,False,False,0,2,1,False,True,False,True,1.0,True,1.312572,False,2018-09-09,2019-12-20,Series A,2018,392.0,False,False,True,True,19.5,7.0,False,False,False,False,False,False,False,False,False,False,False,False,0,0,False,False,False,False,False,False,False,False,False,False,False,False,False,False,False,2,2.0,True,True,True,False,False,False,False,False,False,False,False,True,True,1,0,False,17,1,0.0588235294117647,0.0571584138399486,0.39943331529835063,0.1944291595406349,0.1944291595406349,0.1944291595406349,0.0,0.0,0.0,0.1944291595406349,0.1944291595406349,0.1944291595406349,0.0,0.0,0.0,14.0,1.0,0.2636143568394742,1,0,0,0,0,0,0,2.07,4.244200317766478,False,False,True,False,True,True,,,3.0,18.0
19911,Campsule,https://www.crunchbase.com/organization/campsule-kft,Hungary,47.4978789,19.0402383,2018,2.0,False,False,False,False,False,True,False,False,False,False,False,False,False,False,0,4,1,False,True,True,False,0.0,False,0.741507,False,2018-09-11,2021-05-05,Seed,2018,392.0,True,,False,,20.5,7.0,False,,False,,False,,False,,False,,False,,4,0,True,,True,True,,True,,True,,True,,True,,True,,4,,True,,True,False,,False,False,False,False,False,False,True,True,54,0,False,135,11,0.0814814814814814,0.0783318432699069,0.21414371872684834,0.0,0.0,0.0,0.0,0.0,0.0,0.0,0.0,0.0,0.0,0.0,0.0,81.0,9.0,0.5801051470429703,1,1,1,0,1,1,1,2.07,4.244200317766478,False,False,False,False,False,False,,,7.0,81.0
19993,TagThing,https://www.crunchbase.com/organization/tagthing-kft,Hungary,47.4978789,19.0402383,2018,1.0,True,False,False,False,False,False,False,False,False,True,False,False,False,False,0,2,1,False,True,True,False,0.0,False,0.153057,True,2018-05-24,2020-10-05,Pre-Seed,2018,392.0,True,,False,,20.0,7.0,False,,False,,False,,False,,False,,False,,2,0,True,,True,True,,True,,True,,True,,True,,True,,2,,True,,True,False,,False,False,False,False,False,False,True,True,54,0,False,135,11,0.0814814814814814,0.0783318432699069,0.21414371872684834,0.0,0.0,0.0,0.0,0.0,0.0,0.0,0.0,0.0,0.0,0.0,0.0,81.0,7.0,0.5595883856426668,1,1,1,0,0,1,1,2.07,4.244200317766478,False,False,False,False,False,False,,,7.0,81.0
20023,Healhop,https://www.crunchbase.com/organization/healhop-kft,Hungary,47.5198856,21.6287627,2018,3.0,False,False,False,False,False,True,False,True,False,False,False,False,False,False,0,2,1,False,True,True,False,0.0,False,0.146582,True,2018-06-22,2019-07-30,Pre-Seed,2018,392.0,False,,True,,19.5,7.0,False,,False,,False,,False,,False,,False,,0,0,False,,False,False,,False,,False,,False,,False,,False,,2,,True,,True,False,,False,False,False,False,False,False,True,True,1,0,False,17,1,0.0588235294117647,0.0571584138399486,0.39943331529835063,0.1944291595406349,0.1944291595406349,0.1944291595406349,0.1944291595406349,0.1944291595406349,0.1944291595406349,0.0,0.0,0.0,0.0,0.0,0.0,14.0,1.0,0.2636143568394742,1,0,0,0,0,0,0,2.07,4.244200317766478,False,False,False,False,False,False,,,3.0,18.0
20024,Local's Lore Kft,https://www.crunchbase.com/organization/local-s-lore-kft,Hungary,47.4600185,18.9541818,2018,1.0,False,False,False,False,False,False,False,False,False,False,False,False,False,False,0,2,1,False,True,True,False,0.0,False,0.149562,True,2018-03-22,2019-03-11,Pre-Seed,2018,392.0,True,,False,,19.5,7.0,False,,False,,False,,False,,False,,False,,2,0,True,,True,True,,True,,True,,True,,True,,True,,2,,True,,True,False,,False,False,False,False,False,False,True,True,54,0,False,137,11,0.0802919708029197,0.0772313479359901,0.20988765345603605,0.007716843561677288,0.007716843561677288,0.007716843561677288,0.007716843561677288,0.007716843561677288,0.007716843561677288,0.0,0.0,0.0,0.0,0.0,0.0,70.0,4.0,0.5020851953553428,1,1,1,0,0,0,0,2.07,4.244200317766478,False,False,False,False,False,False,,,7.0,81.0
20059,e-Fásli,https://www.crunchbase.com/organization/e-fásli,Hungary,46.239954,20.1431222,2018,4.0,True,False,False,False,False,False,False,True,False,True,False,False,False,False,0,1,1,False,True,True,True,1.0,True,0.037,True,2018-04-27,2018-04-27,Pre-Seed,2018,392.0,False,False,True,True,19.0,7.0,False,False,False,False,False,False,False,False,False,False,False,False,0,0,False,False,False,False,False,False,False,False,False,False,False,False,False,False,False,1,1.0,True,True,True,False,False,False,False,False,False,False,False,True,True,1,0,False,5,0,0.0,0.0,0.35907254756049395,0.1630738513669068,0.1630738513669068,0.1630738513669068,0.0,0.0,0.0,0.1630738513669068,0.1630738513669068,0.1630738513669068,0.0,0.0,0.0,5.0,0.0,0.1089851172067322,0,0,0,0,1,1,1,2.07,4.244200317766478,False,False,False,False,False,False,,,0.0,5.0
20058,My Soccer System Hungary Kft,https://www.crunchbase.com/organization/my-soccer-system-hungary-kft,Hungary,46.0663656,18.2253315,2018,2.0,False,False,False,False,False,False,False,False,False,True,False,False,False,False,0,2,1,False,True,True,False,0.0,False,0.147385,True,2018-08-15,2019-03-18,Pre-Seed,2018,392.0,False,,True,,19.5,7.0,False,,False,,False,,False,,False,,False,,0,0,False,,False,False,,False,,False,,False,,False,,False,,2,,True,,True,False,,False,False,False,False,False,False,True,True,1,0,False,5,0,0.0,0.0,0.2763311167974101,0.17084082407881698,0.17084082407881698,0.17084082407881698,0.17084082407881698,0.17084082407881698,0.17084082407881698,0.0,0.0,0.0,0.0,0.0,0.0,3.0,1.0,0.1324928350569394,0,0,0,0,1,1,1,2.07,4.244200317766478,False,False,False,False,False,False,,,1.0,3.0
20030,VDS LOG Kft,https://www.crunchbase.com/organization/vds-log-kft,Hungary,46.9073883,19.6917206,2018,1.0,True,False,False,False,False,False,False,False,False,True,False,False,False,False,0,2,1,False,True,True,False,0.0,False,0.150517,True,2018-05-24,2020-07-21,Pre-Seed,2018,392.0,True,,False,,20.0,7.0,False,,False,,False,,False,,False,,False,,0,0,False,,False,True,,False,,False,,False,,False,,False,,2,,True,,True,False,,False,False,False,False,False,False,True,True,0,0,False,1,0,0.0,0.0,0.28799627930967675,0.08205736991262644,0.08205736991262644,0.08205736991262644,0.08205736991262644,0.08205736991262644,0.08205736991262644,0.0,0.0,0.0,0.0,0.0,0.0,5.0,3.0,0.2364468810362113,1,0,0,0,1,1,1,2.07,4.244200317766478,False,False,False,False,False,False,,,3.0,5.0
19949,4D Interactive Anatomy,https://www.crunchbase.com/organization/4d-interactive-anatomy-zrt,Hungary,47.4978789,19.0402383,2018,3.0,True,False,False,False,False,True,False,True,False,True,True,False,False,False,0,2,1,False,True,False,False,0.0,False,0.577332,False,2018-03-29,2018-12-05,Seed,2018,392.0,True,,False,,19.0,7.0,False,,False,,False,,False,,False,,False,,2,0,True,,True,True,,True,,True,,True,,True,,True,,2,,True,,True,False,,False,False,False,False,False,False,True,True,54,0,False,135,11,0.0814814814814814,0.0783318432699069,0.21414371872684834,0.0,0.0,0.0,0.0,0.0,0.0,0.0,0.0,0.0,0.0,0.0,0.0,59.0,1.0,0.4011382631238741,1,0,1,0,0,0,0,2.07,4.244200317766478,False,False,False,False,False,False,,,7.0,81.0
19984,Actlico,https://www.crunchbase.com/organization/actlico-kft,Hungary,47.0933824,17.9080406,2018,3.0,False,False,False,False,True,True,False,False,False,False,False,False,False,True,0,2,1,False,True,True,False,0.0,False,0.154094,True,2018-04-19,2020-09-22,Pre-Seed,2018,392.0,True,,False,,20.0,7.0,False,,False,,False,,False,,False,,False,,0,0,False,,False,True,,False,,False,,False,,False,,False,,2,,True,,True,False,,False,False,False,False,False,False,True,True,2,0,False,3,0,0.0,0.0,0.16911033030159076,0.09650456926571487,0.09650456926571487,0.09650456926571487,0.09650456926571487,0.09650456926571487,0.09650456926571487,0.0,0.0,0.0,0.0,0.0,0.0,9.0,2.0,0.2606713688329527,1,0,0,0,1,1,1,2.07,4.244200317766478,False,False,False,False,False,False,,,0.0,7.0
19983,Filipper Kft,https://www.crunchbase.com/organization/filipper-kft,Hungary,47.4978789,19.0402383,2018,2.0,True,False,False,False,True,False,False,False,False,False,False,False,False,False,0,3,1,False,True,True,False,0.0,False,0.149945,True,2018-03-29,2018-11-29,Pre-Seed,2018,392.0,True,,False,,19.0,7.0,False,,False,,False,,False,,False,,False,,3,0,True,,True,True,,True,,True,,True,,True,,True,,3,,True,,True,False,,False,False,False,False,False,False,True,True,54,0,False,135,11,0.0814814814814814,0.0783318432699069,0.21414371872684834,0.0,0.0,0.0,0.0,0.0,0.0,0.0,0.0,0.0,0.0,0.0,0.0,59.0,1.0,0.4011382631238741,1,0,1,0,0,0,0,2.07,4.244200317766478,False,False,False,False,False,False,,,7.0,81.0
19978,Liverobe,https://www.crunchbase.com/organization/liverobe-kft,Hungary,48.1336594,19.7518849,2018,2.0,False,False,False,False,True,True,False,False,False,False,False,False,False,False,0,2,1,False,True,True,False,0.0,False,0.14362,True,2018-08-02,2020-02-26,Pre-Seed,2018,392.0,True,,False,,20.0,7.0,False,,False,,False,,False,,False,,False,,0,0,False,,False,True,,False,,False,,False,,False,,False,,2,,True,,True,False,,False,False,False,False,False,False,True,True,0,0,False,1,0,0.0,0.0,0.2507219718947498,0.0884384967815649,0.0884384967815649,0.0884384967815649,0.0884384967815649,0.0884384967815649,0.0884384967815649,0.0,0.0,0.0,0.0,0.0,0.0,2.0,0.0,0.0402231640645322,0,0,0,0,1,1,1,2.07,4.244200317766478,False,False,False,False,False,False,,,0.0,2.0
19967,DevWing,https://www.crunchbase.com/organization/ib-math-club-kft,Hungary,47.4978789,19.0402383,2018,1.0,True,False,False,False,False,False,False,False,False,True,True,False,False,False,0,3,1,False,True,True,False,0.0,False,0.225308,True,2017-12-19,2019-12-04,Pre-Seed,2017,392.0,True,,False,,19.0,7.0,False,,False,,False,,False,,False,,False,,3,0,True,,True,True,,True,,True,,True,,True,,True,,3,,True,,True,False,,False,False,False,False,False,False,True,True,54,0,False,135,11,0.0814814814814814,0.0783318432699069,0.21414371872684834,0.0,0.0,0.0,0.0,0.0,0.0,0.0,0.0,0.0,0.0,0.0,0.0,70.0,6.0,0.5330218751559761,1,1,1,0,0,0,0,2.07,3.933784497209659,False,False,False,False,False,False,,,7.0,81.0
19960,CloudCAM Kft,https://www.crunchbase.com/organization/cloudcam-kft,Hungary,47.344615,18.7527252,2018,1.0,True,False,False,False,True,False,False,True,False,True,False,False,False,False,0,2,1,False,True,True,False,0.0,False,0.191481,True,2018-07-13,2020-01-02,Pre-Seed,2018,392.0,True,,False,,20.0,7.0,False,,False,,False,,False,,False,,False,,0,0,False,,False,True,,True,,True,,True,,True,,False,,2,,True,,True,False,,False,False,False,False,False,False,True,True,55,0,False,0,0,0.0,0.0,0.20212510834397499,0.027537858406977745,0.027537858406977745,0.027537858406977745,0.027537858406977745,0.027537858406977745,0.027537858406977745,0.0,0.0,0.0,0.0,0.0,0.0,87.0,9.0,0.587110588288305,1,1,1,0,1,1,1,2.07,4.244200317766478,False,False,False,False,False,False,,,7.0,81.0
19954,GOmontir,https://www.crunchbase.com/organization/gomontir,Hungary,47.5198856,21.6287627,2018,2.0,False,False,False,False,True,False,False,False,True,True,False,False,False,False,0,2,2,True,False,False,False,1.0,True,0.440894,True,2018-04-18,2020-12-21,Seed,2018,207.0,False,False,True,True,12.0,3.5,False,False,False,False,False,False,False,False,False,False,False,False,0,0,False,False,False,False,False,False,False,False,False,False,False,False,False,False,False,1,0.0,True,False,False,True,True,False,False,False,False,False,False,True,True,1,0,False,17,1,0.0588235294117647,0.0571584138399486,0.39943331529835063,0.9102761448652884,0.1944291595406349,1.6261231301899421,0.1944291595406349,0.1944291595406349,0.1944291595406349,1.6261231301899421,1.6261231301899421,1.6261231301899421,1.449987166760137,1.449987166760137,1.449987166760137,18.0,2.0,0.3243448974614201,1,0,0,0,1,0,1,2.07,4.244200317766478,False,False,False,False,False,False,,,3.0,18.0
19966,FoldErGo,https://www.crunchbase.com/organization/foldergo-kft,Hungary,47.7856939,18.7403377,2018,1.0,False,False,False,False,True,False,False,False,False,False,False,False,False,True,0,3,1,False,True,True,False,0.0,False,0.207296,True,2018-04-25,2020-09-18,Pre-Seed,2018,392.0,True,,False,,20.0,7.0,False,,False,,False,,False,,False,,False,,0,0,False,,False,True,,True,,True,,True,,False,,False,,3,,True,,True,False,,False,False,False,False,False,False,True,True,55,0,False,0,0,0.0,0.0,0.18233836723808616,0.03910302497210571,0.03910302497210571,0.03910302497210571,0.03910302497210571,0.03910302497210571,0.03910302497210571,0.0,0.0,0.0,0.0,0.0,0.0,80.0,9.0,0.5788879228292512,1,1,1,0,1,1,1,2.07,4.244200317766478,False,False,False,False,False,False,,,9.0,80.0
19878,RECnGO,https://www.crunchbase.com/organization/recngo-kft,Hungary,47.4942216,19.0529846,2019,2.0,False,False,False,False,False,False,False,False,False,True,True,False,False,False,0,4,1,False,True,True,False,0.0,False,1.087596,False,2019-06-21,2021-08-05,Seed,2019,392.0,True,,False,,21.2,7.0,False,,False,,False,,False,,False,,False,,4,0,True,,True,True,,True,,True,,True,,True,,True,,4,,True,,True,False,,False,False,False,False,False,False,True,True,54,0,False,147,12,0.0816326530612244,0.0784716154414951,0.2151840741861394,0.0010403773456210976,0.0010403773456210976,0.0010403773456210976,0.0010403773456210976,0.0010403773456210976,0.0010403773456210976,0.0,0.0,0.0,0.0,0.0,0.0,81.0,8.0,0.5704178558439488,1,1,1,0,0,1,1,1.81,4.960744524482791,False,False,False,False,False,False,,,7.0,81.0
19863,Intech Studio,https://www.crunchbase.com/organization/intech-studio-kft,Hungary,47.4978789,19.0402383,2019,1.0,True,False,False,False,False,True,False,False,False,True,True,False,False,False,0,3,1,False,True,True,False,0.0,False,0.231738,True,2019-04-17,2021-12-15,Pre-Seed,2019,392.0,True,,False,,21.0,7.0,False,,False,,False,,False,,False,,False,,3,0,True,,True,True,,True,,True,,True,,True,,True,,3,,True,,True,False,,False,False,False,False,False,False,True,True,54,0,False,147,12,0.0816326530612244,0.0784716154414951,0.21414371872684834,0.0,0.0,0.0,0.0,0.0,0.0,0.0,0.0,0.0,0.0,0.0,0.0,81.0,8.0,0.5704178558439488,1,1,1,0,0,1,1,1.81,4.960744524482791,False,False,False,False,False,False,,,7.0,81.0
19818,Complytron Kft.,https://www.crunchbase.com/organization/complytron-kft,Hungary,47.4978789,19.0402383,2019,3.0,True,False,False,False,False,False,False,False,False,True,False,False,False,False,1,1,1,False,True,False,False,0.0,False,0.288748,True,2020-06-03,2020-06-03,Seed,2020,392.0,True,,False,,21.0,7.0,False,,False,,False,,False,,False,,False,,1,0,True,,True,True,,True,,True,,True,,True,,True,,1,,True,,True,False,,False,False,False,False,False,False,True,True,54,0,False,147,11,0.0748299319727891,0.0721624462482304,0.21414371872684834,0.0,0.0,0.0,0.0,0.0,0.0,0.0,0.0,0.0,0.0,0.0,0.0,81.0,6.0,0.5473109449288641,1,1,1,0,0,0,1,1.81,4.873669439023098,True,False,False,True,True,True,2023-02-03,4.0,7.0,81.0
19757,PastPay,https://www.crunchbase.com/organization/pastpay,Hungary,47.4978789,19.0402383,2019,2.0,True,False,False,False,False,False,False,False,True,False,False,False,False,True,0,4,5,False,False,True,False,0.0,False,1.48071,False,2019-04-26,2022-05-02,Series A,2019,67.0,True,,True,,5.8,1.9,True,,False,,True,,False,,False,,True,,3,0,True,,False,True,,True,,True,,True,,True,,True,,4,,True,,False,True,,False,False,False,False,False,False,True,True,54,0,False,147,12,0.0816326530612244,0.0784716154414951,0.21414371872684834,0.2740421248740245,0.0,1.449987166760137,0.0,0.2740421248740245,1.449987166760137,0.0,0.0,0.0,0.4963537706406802,0.0,1.544300848761604,83.0,6.0,0.5497014829833975,1,1,1,0,0,0,1,1.81,4.960744524482791,False,False,True,False,True,True,,,7.0,81.0
19783,Safety Logistics Kft.,https://www.crunchbase.com/organization/safety-logistics-kft,Hungary,47.6820845,17.6348269,2019,4.0,True,False,False,False,True,False,False,False,False,True,False,False,False,False,0,4,1,False,True,True,False,0.0,False,1.087866,False,2019-11-19,2021-09-20,Seed,2019,392.0,False,,True,,21.2,7.0,False,,False,,False,,False,,False,,False,,0,0,False,,False,False,,False,,False,,False,,False,,False,,4,,True,,True,False,,False,False,False,False,False,False,True,True,1,0,False,7,0,0.0,0.0,0.11074275065196404,0.1073667634891553,0.1073667634891553,0.1073667634891553,0.1073667634891553,0.1073667634891553,0.1073667634891553,0.0,0.0,0.0,0.0,0.0,0.0,6.0,0.0,0.1242772544618494,0,0,0,0,1,1,1,1.81,4.960744524482791,False,False,False,False,False,False,,,0.0,6.0
19807,Makersmarket.XYZ Ltd.,https://www.crunchbase.com/organization/makersmarket-xyz-ltd,Hungary,47.5198856,21.6287627,2019,1.0,True,False,False,False,True,True,False,False,False,True,False,False,False,False,0,3,1,False,True,True,False,0.0,False,1.170421,False,2019-05-10,2021-12-08,Seed,2019,392.0,False,,True,,20.7,7.0,False,,False,,False,,False,,False,,False,,0,0,False,,False,False,,False,,False,,False,,False,,False,,3,,True,,True,False,,False,False,False,False,False,False,True,True,1,0,False,20,1,0.05,0.048790164169432,0.39943331529835063,0.1944291595406349,0.1944291595406349,0.1944291595406349,0.1944291595406349,0.1944291595406349,0.1944291595406349,0.0,0.0,0.0,0.0,0.0,0.0,18.0,3.0,0.3507956033181489,1,0,0,0,1,1,1,1.81,4.960744524482791,False,False,False,False,False,False,,,3.0,18.0
19777,Poliloop,https://www.crunchbase.com/organization/poliloop,Hungary,47.4978789,19.0402383,2019,3.0,True,False,False,False,True,False,False,True,False,False,False,False,False,False,1,2,2,True,False,False,False,1.0,True,2.12,False,2020-01-27,2020-11-09,Seed,2020,4.0,True,False,True,True,14.0,272.5,False,False,True,True,True,True,False,False,False,False,False,False,1,0,True,False,False,True,False,True,False,True,False,True,False,True,False,True,False,1,0.0,True,False,False,False,False,True,True,True,False,False,False,True,False,54,0,False,147,12,0.0816326530612244,0.0784716154414951,0.21414371872684834,4.419551919451625,0.0,8.83910383890325,0.0,0.0,0.0,8.83910383890325,8.83910383890325,8.83910383890325,8.83910383890325,8.83910383890325,8.83910383890325,1.0,0.0,0.0,0,0,0,0,0,0,0,1.81,4.873669439023098,False,False,False,False,False,False,,,7.0,81.0
19779,Craft,https://www.crunchbase.com/organization/craft-cacb,Hungary,47.4978789,19.0402383,2019,1.0,True,False,False,False,True,False,False,False,False,True,False,False,False,False,1,1,1,False,True,True,True,1.0,True,0.0,True,2020-01-06,2020-01-06,Series B,2020,34.0,False,False,True,True,5.0,7.0,False,False,False,False,False,False,False,False,False,False,False,False,0,0,False,False,False,False,False,False,False,False,False,False,False,False,False,False,False,0,0.0,False,False,False,True,True,False,False,False,False,False,False,True,True,54,0,False,147,12,0.0816326530612244,0.0784716154414951,0.21414371872684834,1.449987166760137,1.449987166760137,1.449987166760137,0.0,0.0,0.0,1.449987166760137,1.449987166760137,1.449987166760137,0.0,0.0,0.0,1.0,0.0,0.0,0,0,0,0,0,0,0,1.81,4.873669439023098,False,False,True,False,True,True,,,7.0,81.0
19931,Alkubot,https://www.crunchbase.com/organization/alkubot-kft,Hungary,47.4978789,19.0402383,2019,2.0,False,False,False,False,False,True,False,False,False,True,True,False,False,False,0,2,1,False,True,True,False,0.0,False,0.142741,True,2019-07-30,2020-05-19,Pre-Seed,2019,392.0,True,,False,,20.5,7.0,False,,False,,False,,False,,False,,False,,2,0,True,,True,True,,True,,True,,True,,True,,True,,2,,True,,True,False,,False,False,False,False,False,False,True,True,54,0,False,147,12,0.0816326530612244,0.0784716154414951,0.21414371872684834,0.0,0.0,0.0,0.0,0.0,0.0,0.0,0.0,0.0,0.0,0.0,0.0,81.0,8.0,0.5704178558439488,1,1,1,0,0,1,1,1.81,4.960744524482791,False,False,False,False,False,False,,,7.0,81.0
20050,Blue Colibri,https://www.crunchbase.com/organization/blue-colibri,Hungary,47.4978789,19.0402383,2019,2.0,True,False,False,False,True,False,False,False,False,True,True,False,False,False,0,2,3,True,False,False,False,1.0,True,0.967882,False,2019-03-21,2021-07-08,Seed,2019,17.0,True,True,True,False,4.7,1.3,False,False,False,False,True,False,False,False,False,False,False,False,2,1,True,True,False,True,True,True,True,True,True,True,True,True,True,True,True,2,1.0,True,True,False,False,False,True,True,True,False,False,False,True,False,54,0,False,147,12,0.0816326530612244,0.0784716154414951,0.21414371872684834,2.5883635211491933,0.0,7.76509056344758,0.0,3.88254528172379,7.76509056344758,0.0,0.0,0.0,5.176727042298387,0.0,7.76509056344758,8.0,2.0,0.2502193392440147,1,0,0,0,0,0,0,1.81,4.960744524482791,False,False,False,False,False,False,,,7.0,81.0
20032,Agora Solutions,https://www.crunchbase.com/organization/agora-solutions-software-kft,Hungary,47.9557802,21.7167982,2019,2.0,True,False,False,False,False,False,False,False,False,True,False,False,False,False,0,2,1,False,True,True,False,0.0,False,0.14704,True,2019-06-21,2020-07-09,Pre-Seed,2019,392.0,False,,True,,20.5,7.0,False,,False,,False,,False,,False,,False,,0,0,False,,False,False,,False,,False,,False,,False,,False,,2,,True,,True,False,,False,False,False,False,False,False,True,True,1,0,False,2,0,0.0,0.0,0.3979146381335883,0.20656004538090816,0.20656004538090816,0.20656004538090816,0.20656004538090816,0.20656004538090816,0.20656004538090816,0.0,0.0,0.0,0.0,0.0,0.0,18.0,3.0,0.3507956033181489,1,0,0,0,1,0,1,1.81,4.960744524482791,False,False,False,False,False,False,,,4.6,18.0
20043,GrainMonitor Kft.,https://www.crunchbase.com/organization/grainmonitor-kft,Hungary,46.6229468,18.8589364,2019,2.0,True,False,False,False,False,False,False,False,False,True,False,False,False,False,1,3,3,False,False,True,False,0.0,False,0.036825,True,2020-03-26,2021-06-08,Pre-Seed,2020,212.25,True,,False,,15.2,7.8,False,,False,,False,,False,,False,,False,,0,0,False,,False,True,,False,,False,,False,,False,,False,,4,,True,,True,False,,False,False,False,False,False,False,True,True,1,0,False,0,0,0.0,0.0,0.25703301183760796,0.09825246931338864,0.09825246931338864,0.09825246931338864,0.09825246931338864,0.09825246931338864,0.09825246931338864,0.0,0.0,0.0,0.0,0.0,0.0,1.0,0.0,0.0,0,0,0,0,1,1,1,1.81,4.873669439023098,False,False,False,False,False,False,,,0.0,0.8
20015,Truviva Kft.,https://www.crunchbase.com/organization/truviva-kft,Hungary,47.1910169,18.410811,2019,2.0,True,False,False,False,True,False,False,False,False,False,False,False,False,False,0,2,1,False,True,True,False,0.0,False,0.202706,True,2019-12-11,2021-05-14,Pre-Seed,2019,392.0,True,,False,,21.0,7.0,False,,False,,False,,False,,False,,False,,0,0,False,,False,True,,True,,False,,False,,False,,False,,2,,True,,True,False,,False,False,False,False,False,False,True,True,2,0,False,7,0,0.0,0.0,0.18989643436847958,0.0584231524336408,0.0584231524336408,0.0584231524336408,0.0584231524336408,0.0584231524336408,0.0584231524336408,0.0,0.0,0.0,0.0,0.0,0.0,13.0,0.0,0.1930392076040493,1,0,0,0,1,0,0,1.81,4.960744524482791,False,False,False,False,False,False,,,1.8000000000000016,42.40000000000003
20044,csapatot.hu,https://www.crunchbase.com/organization/csapatot-hu,Hungary,47.4978789,19.0402383,2020,1.0,True,False,False,False,False,False,False,False,False,False,True,False,False,True,0,1,1,False,True,True,True,1.0,True,0.03106,True,2020-05-01,2020-05-01,Pre-Seed,2020,1.0,False,False,True,True,10.0,1.0,False,False,False,False,False,False,False,False,True,True,False,False,0,0,False,False,False,False,False,False,False,False,False,False,False,False,False,False,False,0,0.0,False,False,False,False,False,True,True,False,False,False,False,False,False,54,0,False,153,12,0.0784313725490196,0.0755075525081451,0.21414371872684834,7.124007385303711,7.124007385303711,7.124007385303711,0.0,0.0,0.0,7.124007385303711,7.124007385303711,7.124007385303711,0.0,0.0,0.0,0.0,0.0,0.0,0,0,0,0,0,0,0,-5.65,4.873669439023098,True,False,False,True,True,True,2023-05-01,3.0,7.0,81.0
19799,MaxWhere,https://www.crunchbase.com/organization/maxwhere,Hungary,47.4978789,19.0402383,2020,4.0,True,False,False,False,True,False,False,False,False,True,True,False,False,True,0,1,1,False,True,False,True,1.0,True,2.35576,False,2020-08-01,2020-08-01,Seed,2020,16.0,True,True,False,False,2.0,0.0,False,False,False,False,False,False,False,False,False,False,False,False,1,1,True,True,True,True,True,True,True,True,True,True,True,True,True,True,True,1,1.0,True,True,True,False,False,False,False,False,False,False,False,True,True,54,0,False,153,13,0.0849673202614379,0.0815498669641077,0.21414371872684834,0.0,0.0,0.0,0.0,0.0,0.0,0.0,0.0,0.0,0.0,0.0,0.0,6.0,0.0,0.1242772544618494,0,0,0,0,0,0,0,-5.65,4.873669439023098,False,False,False,False,False,False,,,7.0,81.0
19780,roboGaze,https://www.crunchbase.com/organization/robogaze,Hungary,47.1910169,18.410811,2020,4.0,True,False,False,False,True,False,False,False,False,True,False,False,False,False,0,2,3,True,False,True,False,1.0,True,0.427925,True,2020-07-19,2020-08-04,Series A,2020,212.25,True,True,False,False,15.0,7.8,False,False,False,False,False,False,False,False,False,False,False,False,0,0,False,False,False,True,True,True,True,False,False,False,False,False,False,False,False,4,1.0,True,True,True,False,False,False,False,False,False,False,False,True,True,2,0,False,8,0,0.0,0.0,0.18989643436847958,0.0584231524336408,0.0584231524336408,0.0584231524336408,0.0584231524336408,0.0584231524336408,0.0584231524336408,0.0584231524336408,0.0584231524336408,0.0584231524336408,0.0,0.0,0.0,13.0,0.0,0.1930392076040493,1,0,0,0,1,0,0,-5.65,4.873669439023098,False,False,True,False,True,True,,,1.8000000000000016,42.40000000000003
19774,Hackrate,https://www.crunchbase.com/organization/hackrate,Hungary,47.4978789,19.0402383,2020,2.0,True,False,False,False,False,False,False,False,False,True,False,False,False,False,0,3,4,True,False,True,False,1.0,True,0.520121,False,2020-12-07,2023-03-20,Pre-Seed,2020,199.16666666666663,True,True,False,False,14.8,3.8,False,False,False,False,True,False,False,False,False,False,False,False,6,3,True,True,True,True,True,True,True,True,True,True,True,True,True,True,True,6,3.0,True,True,True,False,False,False,False,False,False,False,False,True,True,54,0,False,153,13,0.0849673202614379,0.0815498669641077,0.21414371872684834,0.0,0.0,0.0,0.0,0.0,0.0,0.0,0.0,0.0,0.0,0.0,0.0,84.0,6.0,0.5508754911089578,1,1,1,0,0,0,1,-5.65,4.873669439023098,False,False,False,False,False,False,,,7.0,81.0
19806,Biosystems Immunolab,https://www.crunchbase.com/organization/biosystems-immunolab-plc,Hungary,47.5198856,21.6287627,2020,3.0,True,False,False,False,True,False,False,True,False,True,False,False,False,False,0,1,2,False,False,False,False,0.0,False,0.472588,True,2020-10-22,2020-10-22,Series A,2020,10.5,False,,True,,11.0,3.5,False,,False,,False,,False,,False,,False,,0,0,False,,False,False,,False,,False,,False,,False,,False,,1,,True,,False,False,,True,True,False,False,False,False,True,False,1,0,False,27,2,0.074074074074074,0.0714589639821448,0.39943331529835063,4.268412589830535,0.1944291595406349,8.342396020120436,0.1944291595406349,4.268412589830535,8.342396020120436,0.0,0.0,0.0,8.454169597549805,8.454169597549805,8.454169597549805,0.0,0.0,0.0,0,0,0,0,0,0,0,-5.65,4.873669439023098,False,False,True,False,True,True,,,3.0,18.0
19965,Byome Kft.,https://www.crunchbase.com/organization/byome-kft,Hungary,47.5198856,21.6287627,2020,3.0,True,False,False,False,False,False,True,False,False,False,False,False,False,False,0,2,3,True,False,True,False,2.0,True,0.261175,True,2020-08-11,2021-07-01,Pre-Seed,2020,208.25,False,False,True,True,14.2,8.0,False,False,False,False,False,False,False,False,False,False,True,True,0,0,False,False,False,False,False,False,False,False,False,False,False,False,False,False,False,4,2.0,True,True,True,False,False,False,False,False,False,False,False,True,True,1,0,False,27,1,0.037037037037037,0.0363676441708748,0.39943331529835063,0.1944291595406349,0.1944291595406349,0.1944291595406349,0.1944291595406349,0.1944291595406349,0.1944291595406349,0.1944291595406349,0.1944291595406349,0.1944291595406349,0.0,0.0,0.0,18.0,2.0,0.3243448974614201,1,0,0,0,1,0,1,-5.65,4.873669439023098,True,False,False,True,True,True,2021-07-01,1.0,3.0,18.0
19937,Borindex,https://www.crunchbase.com/organization/borindex-kft,Hungary,47.7799838,19.9291176,2020,1.0,False,False,False,False,False,True,True,False,False,True,False,False,False,False,0,2,1,False,True,True,False,0.0,False,0.188981,True,2020-12-07,2021-10-19,Pre-Seed,2020,392.0,True,,False,,21.5,7.0,False,,False,,False,,False,,False,,False,,0,0,False,,False,True,,False,,False,,False,,False,,False,,2,,True,,True,False,,False,False,False,False,False,False,True,True,0,0,False,1,0,0.0,0.0,0.26888224844907577,0.07361488797271636,0.07361488797271636,0.07361488797271636,0.07361488797271636,0.07361488797271636,0.07361488797271636,0.0,0.0,0.0,0.0,0.0,0.0,3.0,2.0,0.1697730111149502,1,0,0,0,1,1,1,-5.65,4.873669439023098,False,False,False,False,False,False,,,1.6,2.8
19908,Paddlemate,https://www.crunchbase.com/organization/paddlemate,Hungary,47.4978789,19.0402383,2020,1.0,True,False,False,False,False,True,False,False,False,True,False,False,False,False,0,2,1,False,True,True,False,0.0,False,0.177637,True,2020-08-01,2020-08-14,Pre-Seed,2020,392.0,True,,False,,21.0,7.0,False,,False,,False,,False,,False,,False,,2,0,True,,True,True,,True,,True,,True,,True,,True,,2,,True,,True,False,,False,False,False,False,False,False,True,True,54,0,False,153,13,0.0849673202614379,0.0815498669641077,0.21414371872684834,0.0,0.0,0.0,0.0,0.0,0.0,0.0,0.0,0.0,0.0,0.0,0.0,81.0,6.0,0.5473109449288641,1,1,1,0,0,0,1,-5.65,4.873669439023098,False,False,False,False,False,False,,,7.0,81.0
19902,Bonsai Experience Kft.,https://www.crunchbase.com/organization/bonsai-experience-kft,Hungary,46.8415803,16.8456316,2020,3.0,True,False,False,False,False,False,False,False,False,True,False,False,False,False,0,4,1,True,True,True,True,1.0,True,0.482172,True,2020-06-15,2022-03-30,Seed,2020,392.0,False,False,True,True,22.0,7.0,False,False,False,False,False,False,False,False,False,False,False,False,0,0,False,False,False,False,False,False,False,False,False,False,False,False,False,False,False,4,1.0,True,True,True,False,False,False,False,False,False,False,False,True,True,2,0,False,0,0,0.0,0.0,0.15607426056345544,0.18123093870145027,0.18123093870145027,0.18123093870145027,0.18123093870145027,0.1812309387014503,0.18123093870145027,0.18123093870145027,0.18123093870145027,0.18123093870145027,0.0,0.0,0.0,1.0,0.0,0.0,0,0,0,0,1,1,1,-5.65,4.873669439023098,False,False,False,False,False,False,,,0.0,1.0
19900,iBookr.ai,https://www.crunchbase.com/organization/ibookr-ai-kft,Hungary,47.6820845,17.6348269,2020,3.0,True,False,False,False,True,False,False,False,True,True,False,False,False,False,0,2,1,False,True,True,False,0.0,False,0.164999,True,2020-07-30,2021-06-02,Pre-Seed,2020,392.0,False,,True,,21.5,7.0,False,,False,,False,,False,,False,,False,,0,0,False,,False,False,,False,,False,,False,,False,,False,,2,,True,,True,False,,False,False,False,False,False,False,True,True,1,0,False,11,0,0.0,0.0,0.11074275065196404,0.1073667634891553,0.1073667634891553,0.1073667634891553,0.1073667634891553,0.1073667634891553,0.1073667634891553,0.0,0.0,0.0,0.0,0.0,0.0,6.0,0.0,0.1242772544618494,0,0,0,0,1,1,1,-5.65,4.873669439023098,False,False,False,False,False,False,,,0.0,6.0
19893,Ongo Vettech,https://www.crunchbase.com/organization/ongo-vettech,Hungary,47.3299049,18.7687291,2020,1.0,True,False,False,False,True,False,True,True,False,False,False,False,False,False,0,1,1,False,True,False,True,1.0,True,0.849147,False,2020-08-24,2020-08-24,Seed,2020,22.0,True,True,False,False,7.0,0.0,False,False,False,False,False,False,False,False,False,False,False,False,0,0,False,False,False,True,True,True,True,True,True,True,True,True,True,False,False,1,1.0,True,True,True,False,False,False,False,False,False,False,False,True,True,55,0,False,1,0,0.0,0.0,0.2039782921201789,0.02768098992309521,0.02768098992309521,0.02768098992309521,0.0,0.0,0.0,0.02768098992309521,0.02768098992309521,0.02768098992309521,0.0,0.0,0.0,4.0,3.0,0.2183601215474815,1,0,0,0,1,0,0,-5.65,4.873669439023098,False,False,False,False,False,False,,,7.0,81.0
19865,Respray Solutions,https://www.crunchbase.com/organization/respray-solutions-kft,Hungary,47.4978789,19.0402383,2020,2.0,True,False,False,False,True,True,False,False,False,False,False,False,False,False,0,4,3,False,False,True,False,0.0,False,0.209218,True,2020-10-15,2024-07-22,Seed,2020,221.5,True,,False,,11.2,4.0,True,,False,,False,,False,,False,,False,,4,0,True,,True,True,,True,,True,,True,,True,,True,,4,,True,,True,False,,False,False,False,False,False,False,True,True,54,0,False,153,13,0.0849673202614379,0.0815498669641077,0.21414371872684834,0.0,0.0,0.0,0.0,0.0,0.0,0.0,0.0,0.0,0.0,0.0,0.0,85.0,7.0,0.5643132085442154,1,1,1,0,0,1,1,-5.65,4.873669439023098,False,False,False,False,False,False,,,7.0,81.0
19864,Water MiniLab,https://www.crunchbase.com/organization/water-minilab-kft,Hungary,47.4978789,19.0402383,2020,3.0,True,False,False,False,True,False,False,False,False,True,False,True,False,False,0,2,1,False,True,True,False,0.0,False,0.655884,False,2020-03-03,2021-04-27,Seed,2020,392.0,True,,False,,21.5,7.0,False,,False,,False,,False,,False,,False,,2,0,True,,True,True,,True,,True,,True,,True,,True,,2,,True,,True,False,,False,False,False,False,False,False,True,True,54,0,False,153,13,0.0849673202614379,0.0815498669641077,0.21414371872684834,0.0,0.0,0.0,0.0,0.0,0.0,0.0,0.0,0.0,0.0,0.0,0.0,81.0,6.0,0.5473109449288641,1,1,1,0,0,0,1,-5.65,4.873669439023098,False,False,False,False,False,False,,,7.0,81.0
19845,SentryNode Robotics,https://www.crunchbase.com/organization/sdr-technologies-kft,Hungary,47.6820845,17.6348269,2020,3.0,True,False,False,False,True,False,False,False,False,True,False,False,False,False,0,1,1,False,True,True,False,0.0,False,0.060392,True,2020-12-09,2020-12-09,Pre-Seed,2020,392.0,False,,True,,21.0,7.0,False,,False,,False,,False,,False,,False,,0,0,False,,False,False,,False,,False,,False,,False,,False,,1,,True,,True,False,,False,False,False,False,False,False,True,True,1,0,False,11,0,0.0,0.0,0.11074275065196404,0.1073667634891553,0.1073667634891553,0.1073667634891553,0.1073667634891553,0.1073667634891553,0.1073667634891553,0.0,0.0,0.0,0.0,0.0,0.0,6.0,0.0,0.1242772544618494,0,0,0,0,1,1,1,-5.65,4.873669439023098,False,False,False,False,False,False,,,0.0,6.0
19821,Artemis,https://www.crunchbase.com/organization/alpha-femtech,Hungary,47.5198856,21.6287627,2020,2.0,False,False,False,False,False,True,False,True,False,True,False,False,False,False,0,2,1,False,True,True,False,0.0,False,0.215278,True,2020-03-01,2021-04-10,Pre-Seed,2020,392.0,False,,True,,21.5,7.0,False,,False,,False,,False,,False,,False,,0,0,False,,False,False,,False,,False,,False,,False,,False,,2,,True,,True,False,,False,False,False,False,False,False,True,True,1,0,False,27,2,0.074074074074074,0.0714589639821448,0.39943331529835063,0.1944291595406349,0.1944291595406349,0.1944291595406349,0.1944291595406349,0.1944291595406349,0.1944291595406349,0.0,0.0,0.0,0.0,0.0,0.0,18.0,4.0,0.3713123647184524,1,0,0,0,1,1,1,-5.65,4.873669439023098,False,False,False,False,False,False,,,3.0,18.0
