company_id,organization_name,organization_name_url,headquarters_country,latitude,longitude,founded_year,number_of_founders,b2b_binary,hub_binary,energy,materials,industrials,consumer_discretionary,consumer_staples,health_care,financials,information_technology,communication_services,utilities,real_estate,other,age,number_seed_rounds,number_seed_investors,follow_on_investor_in_seed_binary,mixed_syndicate,one_seed_investor_binary,pre_seed_binary,single_lead_investor,number_lead_seed_investors,lead_investor_in_seed,total_seed_funding_m,low_seed_financing_binary,earliest_seed_round_date,latest_seed_round_date,last_equity_funding_type,year_first_round,average_seed_investors_portfolio_organizations,regional_seed_investor_binary,regional_lead_seed_investor_binary,overregional_seed_investor_binary,overregional_lead_seed_investor_binary,avg_age_of_seed_investors,avg_exits_of_seed_investors,specific_vc_in_seed_binary,specific_lead_vc_in_seed_binary,target_vc_in_seed_binary,target_lead_vc_in_seed_binary,accelerator_funding_binary,accelerator_lead_funding_binary,angel_group_funding_binary,angel_investor_in_seed_binary,regional_angel_investor_in_seed,angel_group_lead_funding_binary,micro_vc_funding_binary,micro_vc_lead_funding_binary,corporate_vc_funding_binary,corporate_vc_lead_funding_binary,number_seed_investors_same_city,number_seed_lead_investors_same_city,seed_investor_same_city,seed_lead_investor_same_city,seed_investors_all_same_city,seed_investor_same_city_100,seed_lead_investor_same_city_100,seed_investor_same_city_70,seed_lead_investor_same_city_70,seed_investor_same_city_50,seed_lead_investor_same_city_50,seed_investor_same_city_40,seed_lead_investor_same_city_40,seed_investor_same_city_30,seed_lead_investor_same_city_30,seed_investor_same_city_20,seed_lead_investor_same_city_20,seed_investor_same_city_10,seed_lead_investor_same_city_10,seed_investor_same_city_5,seed_lead_investor_same_city_5,number_homecountry_investors,number_homecountry_lead_investors,homecountry_investor_in_seed_binary,homecountry_lead_investor,all_homecountry_investors_in_seed_binary,hub_vc_in_seed_binary,hub_lead_vc_in_seed_binary,global_investor,all_global_investor,us_investor,all_us_investor,dach_investor,all_dach_investor,european_investor,all_european_investor,vcs_within_50km,top_university_count,top_university_ecosystem_binary,founded_startups_in_environment,successful_startups_in_environment,share_successful_startups_in_environment,log_share_successful_startups_in_environment,distance_to_hub,avg_seed_investor_distance,minimum_seed_vc_distance,max_seed_investor_distance,minimum_seed_vc_distance_non_lead,avg_seed_vc_distance_non_lead,maximum_seed_vc_distance_non_lead,minimum_lead_seed_vc_distance,avg_lead_seed_vc_distance,maximum_lead_seed_vc_distance,avg_seed_investor_pairwise_distance,min_seed_investor_pairwise_distance,max_seed_investor_pairwise_distance,local_portfolio,local_coinv,local_network_score,high_local_net_median,high_local_net_top20,high_portfolio_top20,high_coinv_top20,in_peer_top10_20km,in_coinv_peer_top20_30km,in_portfolio_peer_top20_30km,gdp_growth_founding_year,investment_volume_first_seed_year,exit_binary,funding_success,post_seed_funding,exit_funding_success,exit_round_success,success,exit_date,years_to_exit,peer_coinv_top20_threshold,peer_portfolio_top20_threshold
20933,JobSlot,https://www.crunchbase.com/organization/jobslot,Italy,45.4641943,9.1896346,2007,3.0,False,True,False,False,False,False,False,False,False,True,True,False,False,False,4,1,1,False,False,True,False,False,0.0,False,0.0,True,2011-02-04,2011-02-04,Seed,2011,78.0,False,,True,,6.0,19.0,False,,False,,True,,False,False,False,,False,,True,,0,0,False,,False,False,,False,,False,,False,,False,,False,,False,False,False,False,1,,True,,True,False,,False,False,False,False,False,False,True,True,185,1,True,0,0,0.0,0.0,0.0,0.2486898434107342,0.2486898434107342,0.2486898434107342,0.2486898434107342,0.2486898434107342,0.2486898434107342,0.0,0.0,0.0,0.0,0.0,0.0,1.0,0.0,0.0,0,0,0,0,0,0,0,3.16,4.680277658474897,False,False,False,False,False,False,,,4.0,8.0
20981,SHADO,https://www.crunchbase.com/organization/shado,Italy,45.6279075,12.3747797,2007,1.0,True,False,False,False,False,False,False,False,False,False,True,False,False,False,0,1,1,False,False,True,False,False,0.0,False,0.0,True,2007-05-01,2007-05-01,Seed,2007,78.0,True,,False,,2.0,19.0,False,,False,,True,,False,False,False,,False,,True,,1,0,True,,True,True,,True,,True,,True,,True,,True,,True,False,True,False,1,,True,,True,False,,False,False,False,False,False,False,True,True,10,0,False,1,0,0.0,0.0,0.24868984341073422,0.0,0.0,0.0,0.0,0.0,0.0,0.0,0.0,0.0,0.0,0.0,0.0,0.0,0.0,0.0,0,0,0,0,0,0,0,3.16,4.86599480426999,False,False,False,False,False,False,,,3.0,23.0
20155,Newronika,https://www.crunchbase.com/organization/newronika,Italy,45.4641943,9.1896346,2008,2.0,True,True,False,False,True,False,False,True,False,True,False,False,False,False,8,1,1,False,False,True,False,False,0.0,False,0.0,True,2016-03-01,2016-03-01,Series B,2016,20.0,True,,False,,9.0,6.0,False,,False,,False,,False,False,False,,False,,False,,1,0,True,,True,True,,True,,True,,True,,True,,True,,True,False,True,False,1,,True,,True,True,,False,False,False,False,False,False,True,True,185,1,True,2,0,0.0,0.0,0.0,0.0,0.0,0.0,0.0,0.0,0.0,0.0,0.0,0.0,0.0,0.0,0.0,0.0,0.0,0.0,0,0,0,0,0,0,0,0.64,4.35799005684564,False,False,True,False,True,True,,,4.0,8.0
20359,Biogenera,https://www.crunchbase.com/organization/biogenera,Italy,44.4938203,11.3426327,2008,2.0,True,False,False,False,True,False,False,True,False,False,False,False,False,False,1,2,2,False,False,False,False,False,0.0,False,1.900551,False,2009-03-01,2013-06-01,Equity Crowdfunding,2009,16.0,False,,True,,8.0,1.5,False,,False,,False,,False,False,False,,False,,False,,0,0,False,,False,False,,False,,False,,False,,False,,False,,False,False,False,False,1,,True,,False,True,,True,True,True,False,False,False,True,False,16,1,True,0,0,0.0,0.0,0.2007881922946392,3.7941351625552344,0.2007881922946392,7.38748213281583,0.2007881922946392,3.7941351625552344,7.38748213281583,0.0,0.0,0.0,7.187587212048709,7.187587212048709,7.187587212048709,0.0,0.0,0.0,0,0,0,0,1,0,0,0.64,4.531523645819793,False,False,False,False,False,False,,,2.0,2.2
20379,PinCell s.r.l.,https://www.crunchbase.com/organization/pincell-s-r-l,Italy,44.5384728,10.9359609,2008,2.0,True,False,False,False,True,False,False,True,False,False,False,False,False,False,12,1,1,False,False,True,False,True,1.0,True,1.65,False,2020-05-07,2020-05-07,Seed,2020,192.0,False,False,True,True,48.0,72.0,True,True,True,True,False,False,False,False,False,False,False,False,False,False,0,0,False,False,False,False,False,False,False,False,False,False,False,False,False,False,False,False,False,False,False,0,0.0,False,False,False,True,True,False,False,False,False,False,False,True,True,19,0,False,0,0,0.0,0.0,0.17159814133979895,0.8110733472434793,0.8110733472434793,0.8110733472434793,0.0,0.0,0.0,0.8110733472434793,0.8110733472434793,0.8110733472434793,0.0,0.0,0.0,0.0,0.0,0.0,0,0,0,0,1,0,0,0.64,5.993961427306569,False,False,False,False,False,False,,,1.200000000000001,2.6000000000000005
20887,Farman,https://www.crunchbase.com/organization/farman,Italy,41.275088,16.4162585,2008,3.0,False,False,False,False,False,True,True,True,False,False,False,False,False,False,5,1,1,False,False,True,False,False,0.0,False,0.540171,True,2013-11-18,2013-11-18,Seed,2013,14.0,False,,True,,7.0,0.0,False,,False,,True,,False,False,False,,False,,False,,0,0,False,,False,False,,False,,False,,False,,False,,False,,False,False,False,False,1,,True,,True,True,,False,False,False,False,False,False,True,True,2,0,False,0,0,0.0,0.0,0.7466093042102622,0.7466093042102623,0.7466093042102623,0.7466093042102623,0.7466093042102623,0.7466093042102623,0.7466093042102623,0.0,0.0,0.0,0.0,0.0,0.0,0.0,0.0,0.0,0,0,0,0,1,1,1,0.64,4.370712874773608,False,False,False,False,False,False,,,0.0,0.0
20919,Cascaad (CircleMe),https://www.crunchbase.com/organization/cascaad,Italy,45.4641943,9.1896346,2008,2.0,True,True,False,False,False,True,False,False,False,True,True,False,False,False,0,2,1,True,False,True,False,False,0.0,False,1.7,False,2008-11-01,2010-02-01,Series A,2008,43.0,True,,False,,3.0,12.0,False,,False,,False,,False,False,False,,False,,False,,2,0,True,,True,True,,True,,True,,True,,True,,True,,True,False,True,False,2,,True,,True,True,,False,False,False,False,False,False,True,True,185,1,True,2,0,0.0,0.0,0.0,0.0,0.0,0.0,0.0,0.0,0.0,0.0,0.0,0.0,0.0,0.0,0.0,0.0,0.0,0.0,0,0,0,0,0,0,0,0.64,5.180096735160606,False,False,True,False,True,True,,,4.0,8.0
20880,Winmedical,https://www.crunchbase.com/organization/winmedical,Italy,43.4714722,10.6797912,2009,5.0,True,False,False,False,True,False,False,True,False,True,False,False,False,False,2,1,1,False,False,True,False,False,0.0,False,0.413847,True,2011-03-01,2011-03-01,Series A,2011,39.0,True,,False,,13.0,5.0,False,,False,,False,,False,False,False,,False,,False,,0,0,False,,False,True,,True,,False,,False,,False,,False,,False,False,False,False,1,,True,,True,False,,False,False,False,False,False,False,True,True,2,0,False,1,0,0.0,0.0,0.25114731053987616,0.05700037324753493,0.05700037324753493,0.05700037324753493,0.05700037324753493,0.05700037324753493,0.05700037324753493,0.0,0.0,0.0,0.0,0.0,0.0,0.0,0.0,0.0,0,0,0,0,1,1,1,-4.35,4.680277658474897,True,False,True,True,True,True,2018-01-03,9.0,0.0,0.0
20846,Swite,https://www.crunchbase.com/organization/swite,Italy,43.7697955,11.2556404,2009,3.0,False,False,False,False,False,False,False,False,False,True,False,False,False,False,4,2,3,True,True,False,False,False,1.0,True,0.596814,True,2013-06-04,2014-11-19,Seed,2013,54.5,True,False,True,True,0.5,12.0,False,False,True,True,True,False,False,False,False,False,True,False,False,False,1,0,True,False,False,True,False,True,False,True,False,True,False,True,False,True,False,True,False,True,False,4,2.0,True,True,True,True,True,False,False,False,False,False,False,True,True,10,0,False,2,0,0.0,0.0,0.24945797158136823,0.18709347868602624,0.0,0.24945797158136832,0.0,0.12472898579068416,0.24945797158136832,0.24945797158136832,0.24945797158136832,0.24945797158136832,0.12472898579068416,0.0,0.24945797158136832,8.0,0.0,0.1492082812712644,0,0,0,0,0,0,0,-4.35,4.370712874773608,True,False,False,True,True,True,2016-11-14,7.0,1.200000000000001,10.2
21017,Logopro,https://www.crunchbase.com/organization/logopro,Italy,45.6279075,12.3747797,2009,1.0,True,False,False,False,True,True,False,False,False,False,False,False,True,False,1,1,1,False,False,True,False,False,0.0,False,0.148942,True,2010-03-01,2010-03-01,Seed,2010,78.0,True,,False,,5.0,19.0,False,,False,,True,,False,False,False,,False,,True,,1,0,True,,True,True,,True,,True,,True,,True,,True,,True,False,True,False,1,,True,,True,False,,False,False,False,False,False,False,True,True,10,0,False,4,0,0.0,0.0,0.24868984341073422,0.0,0.0,0.0,0.0,0.0,0.0,0.0,0.0,0.0,0.0,0.0,0.0,2.0,0.0,0.0402231640645322,0,0,0,0,0,0,0,-4.35,4.360547602996758,True,False,False,True,True,True,2012-01-17,3.0,3.0,23.0
21012,SplitGigs,https://www.crunchbase.com/organization/splitgigs,Italy,45.7566557,9.7542192,2009,3.0,False,False,False,False,False,True,False,False,True,True,True,False,False,False,0,1,1,False,False,True,False,False,0.0,False,0.0,True,2009-09-01,2009-09-01,Angel,2009,78.0,False,,True,,4.0,19.0,False,,False,,True,,False,False,False,,False,,True,,0,0,False,,False,False,,False,,False,,False,,False,,False,,False,False,False,False,1,,True,,True,False,,False,False,False,False,False,False,True,True,11,0,False,0,0,0.0,0.0,0.054645690779669194,0.20403504339788356,0.20403504339788356,0.20403504339788356,0.20403504339788356,0.20403504339788356,0.20403504339788356,0.0,0.0,0.0,0.0,0.0,0.0,0.0,0.0,0.0,0,0,0,0,1,1,1,-4.35,4.531523645819793,False,False,False,False,False,False,,,0.0,0.0
21007,Shicon,https://www.crunchbase.com/organization/shicon,Italy,45.4641943,9.1896346,2009,1.0,True,True,False,False,False,True,False,False,False,False,False,False,False,True,0,1,1,False,False,True,False,False,0.0,False,0.0,True,2009-02-01,2009-02-01,Seed,2009,78.0,False,,True,,4.0,19.0,False,,False,,True,,False,False,False,,False,,True,,0,0,False,,False,False,,False,,False,,False,,False,,False,,False,False,False,False,1,,True,,True,False,,False,False,False,False,False,False,True,True,185,1,True,3,0,0.0,0.0,0.0,0.2486898434107342,0.2486898434107342,0.2486898434107342,0.2486898434107342,0.2486898434107342,0.2486898434107342,0.0,0.0,0.0,0.0,0.0,0.0,0.0,0.0,0.0,0,0,0,0,0,0,0,-4.35,4.531523645819793,False,False,False,False,False,False,,,4.0,8.0
20956,Stereomood,https://www.crunchbase.com/organization/stereomood,Italy,41.8933203,12.4829321,2009,4.0,False,False,False,False,False,False,False,False,False,False,True,False,False,False,3,1,1,False,False,True,False,False,0.0,False,0.0,True,2012-01-01,2012-01-01,Seed,2012,43.0,False,,True,,6.0,12.0,False,,False,,False,,False,False,False,,False,,False,,0,0,False,,False,False,,False,,False,,False,,False,,False,,False,False,False,False,1,,True,,True,True,,False,False,False,False,False,False,True,True,55,1,True,1,1,1.0,0.6931471805599453,0.477186331368922,0.47718633136892186,0.47718633136892186,0.47718633136892186,0.47718633136892186,0.47718633136892186,0.47718633136892186,0.0,0.0,0.0,0.0,0.0,0.0,0.0,0.0,0.0,0,0,0,0,0,0,0,-4.35,4.624972813284271,False,False,False,False,False,False,,,9.200000000000005,30.200000000000003
20480,Mosaicoon,https://www.crunchbase.com/organization/mosaicoon,Italy,38.198295,13.2473444,2009,1.0,True,False,False,False,False,True,False,False,False,False,True,False,False,False,0,2,2,False,True,False,False,False,1.0,True,0.846529,True,2009-12-01,2013-06-28,Series B,2009,32.5,False,False,True,True,4.0,6.5,False,False,False,False,False,False,False,False,False,False,False,False,False,False,0,0,False,False,False,False,False,False,False,False,False,False,False,False,False,False,False,False,False,False,False,2,1.0,True,True,True,True,True,False,False,False,False,False,False,True,True,0,0,False,0,0,0.0,0.0,0.8747804922727117,0.8747804922727114,0.8747804922727114,0.8747804922727114,0.8747804922727114,0.8747804922727114,0.8747804922727114,0.8747804922727114,0.8747804922727114,0.8747804922727114,0.0,0.0,0.0,0.0,0.0,0.0,0,0,0,0,1,0,0,-4.35,4.531523645819793,False,False,True,False,True,True,,,1.2000000000000002,1.0
20460,Cogisen,https://www.crunchbase.com/organization/cogisen,Italy,40.8358846,14.2487679,2009,2.0,True,False,False,False,True,False,False,True,False,True,False,False,False,False,3,1,1,False,False,True,False,False,0.0,False,0.0,True,2012-11-01,2012-11-01,Series A,2012,45.0,False,,True,,5.0,7.0,False,,False,,False,,False,False,False,,False,,False,,0,0,False,,False,False,,False,,False,,False,,False,,False,,False,False,False,False,1,,True,,True,True,,False,False,False,False,False,False,True,True,6,0,False,0,0,0.0,0.0,0.6579640257134732,0.6579640257134731,0.6579640257134731,0.6579640257134731,0.6579640257134731,0.6579640257134731,0.6579640257134731,0.0,0.0,0.0,0.0,0.0,0.0,1.0,0.0,0.0,0,0,0,0,1,0,0,-4.35,4.624972813284271,False,False,True,False,True,True,,,0.8000000000000007,3.0
20608,Paperlit,https://www.crunchbase.com/organization/paperlit,Italy,39.2171994,9.113311,2009,2.0,True,False,False,False,False,True,False,False,False,True,True,False,False,False,1,2,2,False,False,False,True,False,0.0,False,0.232655,True,2010-03-22,2018-12-01,Pre-Seed,2010,51.0,False,,True,,3.0,4.0,False,,False,,True,,False,False,False,,True,,True,,0,0,False,,False,False,,False,,False,,False,,False,,False,,False,False,False,False,1,,True,,False,True,,False,False,False,False,False,False,True,True,3,0,False,0,0,0.0,0.0,0.6353577151074857,0.8785929070750703,0.41174379942115596,1.3454420147289843,0.41174379942115596,0.8785929070750703,1.3454420147289843,0.0,0.0,0.0,1.173278249464126,1.173278249464126,1.173278249464126,1.0,0.0,0.0,0,0,0,0,1,1,1,-4.35,4.360547602996758,True,False,False,True,True,True,2019-09-01,10.0,0.0,1.0
20599,Crest Optics,https://www.crunchbase.com/organization/crest-optics,Italy,41.8933203,12.4829321,2009,3.0,True,False,False,False,True,False,False,True,False,True,False,False,False,False,4,1,1,False,False,True,False,True,1.0,True,0.66325,True,2013-07-30,2013-07-30,Venture - Series Unknown,2013,24.0,True,True,False,False,0.0,1.0,False,False,False,False,False,False,False,False,False,False,False,False,False,False,1,1,True,True,True,True,True,True,True,True,True,True,True,True,True,True,True,True,True,True,True,1,1.0,True,True,True,False,False,False,False,False,False,False,False,True,True,55,1,True,1,0,0.0,0.0,0.477186331368922,0.0,0.0,0.0,0.0,0.0,0.0,0.0,0.0,0.0,0.0,0.0,0.0,0.0,0.0,0.0,0,0,0,0,0,0,0,-4.35,4.370712874773608,True,False,True,True,True,True,2021-11-11,12.0,9.200000000000005,30.200000000000003
20571,Plug&Wear Srl,https://www.crunchbase.com/organization/plug-and-wear,Italy,43.7697955,11.2556404,2009,3.0,True,False,False,False,True,False,False,False,False,True,False,False,False,False,4,1,1,False,False,True,False,False,0.0,False,0.0,True,2013-09-01,2013-09-01,Seed,2013,230.0,False,,True,,3.0,44.0,False,,False,,True,,False,False,False,,False,,False,,0,0,False,,False,False,,False,,False,,False,,False,,False,,False,False,False,False,0,,False,,False,True,,False,False,False,False,False,False,True,True,10,0,False,2,1,0.5,0.4054651081081644,0.24945797158136823,0.9425642596007808,0.9425642596007808,0.9425642596007808,0.9425642596007808,0.9425642596007808,0.9425642596007808,0.0,0.0,0.0,0.0,0.0,0.0,0.0,0.0,0.0,0,0,0,0,0,0,0,-4.35,4.370712874773608,False,False,False,False,False,False,,,1.200000000000001,10.2
20731,Glomeria Therapeutics,https://www.crunchbase.com/organization/glomeria-therapeutics,Italy,42.3495225,13.4071263,2010,1.0,True,False,False,False,True,False,False,True,False,True,False,False,False,False,0,1,1,False,False,True,False,True,1.0,True,0.0,True,2010-04-01,2010-04-01,Venture - Series Unknown,2010,45.0,False,False,True,True,3.0,7.0,False,False,False,False,False,False,False,False,False,False,False,False,False,False,0,0,False,False,False,False,False,False,False,False,False,False,False,False,False,False,False,False,False,False,False,1,1.0,True,True,True,True,True,False,False,False,False,False,False,True,True,1,0,False,0,0,0.0,0.0,0.4837104203650107,0.48371042036501044,0.48371042036501044,0.48371042036501044,0.0,0.0,0.0,0.48371042036501044,0.48371042036501044,0.48371042036501044,0.0,0.0,0.0,0.0,0.0,0.0,0,0,0,0,1,1,1,2.23,4.360547602996758,False,False,True,False,True,True,,,0.0,0.0
20196,Treedom,https://www.crunchbase.com/organization/treedom,Italy,43.7697955,11.2556404,2010,3.0,False,False,False,True,True,True,False,False,False,True,True,True,False,True,1,1,1,False,False,True,False,True,1.0,True,8.0,False,2011-06-01,2011-06-01,Venture - Series Unknown,2011,47.0,False,False,True,True,0.0,13.0,False,False,False,False,False,False,False,False,False,False,False,False,False,False,0,0,False,False,False,False,False,False,False,False,False,False,False,False,False,False,False,False,False,False,False,1,1.0,True,True,True,True,True,False,False,False,False,False,False,True,True,10,0,False,3,1,0.3333333333333333,0.2876820724517809,0.24945797158136823,0.24945797158136832,0.24945797158136832,0.24945797158136832,0.0,0.0,0.0,0.24945797158136832,0.24945797158136832,0.24945797158136832,0.0,0.0,0.0,0.0,0.0,0.0,0,0,0,0,0,0,0,2.23,4.680277658474897,False,True,True,True,True,True,,,1.200000000000001,10.2
21014,legalPAD,https://www.crunchbase.com/organization/legalpad,Italy,45.6279075,12.3747797,2010,1.0,True,False,False,False,True,False,False,False,False,True,False,False,False,False,3,1,1,False,False,True,False,False,0.0,False,0.020286,True,2013-10-01,2013-10-01,Seed,2013,78.0,True,,False,,8.0,19.0,False,,False,,True,,False,False,False,,False,,True,,1,0,True,,True,True,,True,,True,,True,,True,,True,,True,False,True,False,1,,True,,True,False,,False,False,False,False,False,False,True,True,10,0,False,5,1,0.2,0.1823215567939546,0.24868984341073422,0.0,0.0,0.0,0.0,0.0,0.0,0.0,0.0,0.0,0.0,0.0,0.0,19.0,3.0,0.3558840278318814,1,0,0,0,1,1,0,2.23,4.370712874773608,False,False,False,False,False,False,,,3.0,23.0
20429,Tanaza,https://www.crunchbase.com/organization/tanaza,Italy,45.4641943,9.1896346,2010,2.0,True,True,False,False,True,True,False,False,False,True,False,False,False,False,4,2,3,False,True,False,False,False,1.0,True,2.478745,False,2014-02-10,2019-07-19,Seed,2014,148.0,False,False,True,True,4.5,25.3,False,False,True,False,True,True,False,False,False,False,True,False,False,False,0,0,False,False,False,False,False,False,False,False,False,False,False,False,False,False,False,False,False,False,False,0,0.0,False,False,False,True,True,False,False,False,False,False,False,True,True,185,1,True,9,1,0.1111111111111111,0.1053605156578263,0.0,0.8717785744834047,0.6974900455453099,0.958922838952452,0.958922838952452,0.958922838952452,0.958922838952452,0.6974900455453099,0.6974900455453099,0.6974900455453099,0.2142992128090749,0.0,0.32144881921361235,0.0,0.0,0.0,0,0,0,0,0,0,0,2.23,3.977810745966149,False,False,False,False,False,False,,,4.0,8.0
20821,AutoXY,https://www.crunchbase.com/organization/autoxy,Italy,40.1522173,18.2260628,2010,2.0,True,False,False,False,True,False,False,False,False,True,False,False,False,False,1,1,1,False,False,True,False,True,1.0,True,0.0,True,2011-06-01,2011-06-01,Seed,2011,45.0,False,False,True,True,4.0,7.0,False,False,False,False,False,False,False,False,False,False,False,False,False,False,0,0,False,False,False,False,False,False,False,False,False,False,False,False,False,False,False,False,False,False,False,1,1.0,True,True,True,True,True,False,False,False,False,False,False,True,True,0,0,False,0,0,0.0,0.0,0.9078374392370284,0.9435963162981289,0.9435963162981289,0.9435963162981289,0.0,0.0,0.0,0.9435963162981289,0.9435963162981289,0.9435963162981289,0.0,0.0,0.0,0.0,0.0,0.0,0,0,0,0,1,1,1,2.23,4.680277658474897,True,False,False,True,True,True,2021-06-15,11.0,0.0,0.0
20902,Remocean,https://www.crunchbase.com/organization/remocean,Italy,40.8358846,14.2487679,2010,1.0,True,False,False,False,False,False,False,False,False,True,False,False,False,False,4,1,1,False,False,True,False,False,0.0,False,0.15,True,2014-03-14,2014-03-14,Seed,2014,20.0,False,,True,,7.0,6.0,False,,False,,False,,False,False,False,,False,,False,,0,0,False,,False,False,,False,,False,,False,,False,,False,,False,False,False,False,1,,True,,True,True,,False,False,False,False,False,False,True,True,6,0,False,1,0,0.0,0.0,0.6579640257134732,0.6579640257134731,0.6579640257134731,0.6579640257134731,0.6579640257134731,0.6579640257134731,0.6579640257134731,0.0,0.0,0.0,0.0,0.0,0.0,0.0,0.0,0.0,0,0,0,0,1,0,0,2.23,3.977810745966149,False,False,False,False,False,False,,,0.8000000000000007,3.0
20818,ECO FASHION Italy,https://www.crunchbase.com/organization/eco-fashion-italy,Italy,41.8933203,12.4829321,2010,1.0,False,False,False,False,True,True,False,False,False,False,False,False,False,False,10,1,1,False,False,True,False,False,0.0,False,0.06,True,2020-04-17,2020-04-17,Seed,2020,928.0,False,,True,,10.0,9.0,False,,True,,True,,False,False,False,,True,,False,,0,0,False,,False,False,,False,,False,,False,,False,,False,,False,False,False,False,0,,False,,False,False,,True,True,False,False,False,False,False,False,55,1,True,2,1,0.5,0.4054651081081644,0.477186331368922,4.323402428255223,4.323402428255223,4.323402428255223,4.323402428255223,4.323402428255223,4.323402428255223,0.0,0.0,0.0,0.0,0.0,0.0,1.0,0.0,0.0,0,0,0,0,0,0,0,2.23,5.993961427306569,False,False,False,False,False,False,,,9.200000000000005,30.200000000000003
20907,Money360.it,https://www.crunchbase.com/organization/money360-it,Italy,39.2171994,9.113311,2010,1.0,True,False,False,False,False,False,False,False,True,True,False,False,False,False,0,1,1,False,False,True,False,True,1.0,True,0.0,True,2010-08-01,2010-08-01,Seed,2010,45.0,False,False,True,True,3.0,7.0,False,False,False,False,False,False,False,False,False,False,False,False,False,False,0,0,False,False,False,False,False,False,False,False,False,False,False,False,False,False,False,False,False,False,False,1,1.0,True,True,True,True,True,False,False,False,False,False,False,True,True,3,0,False,2,1,0.5,0.4054651081081644,0.6353577151074857,0.6946623660556375,0.6946623660556375,0.6946623660556375,0.0,0.0,0.0,0.6946623660556375,0.6946623660556375,0.6946623660556375,0.0,0.0,0.0,0.0,0.0,0.0,0,0,0,0,1,1,0,2.23,4.360547602996758,True,False,False,True,True,True,2013-02-14,3.0,0.0,1.0
20913,Sportboom,https://www.crunchbase.com/organization/sportboom,Italy,45.4641943,9.1896346,2010,3.0,False,True,False,False,False,True,False,False,False,False,False,False,False,False,3,1,1,False,False,True,False,False,0.0,False,0.0,True,2013-01-01,2013-01-01,Angel,2013,230.0,False,,True,,3.0,44.0,False,,False,,True,,False,False,False,,False,,False,,0,0,False,,False,False,,False,,False,,False,,False,,False,,False,False,False,False,0,,False,,False,True,,False,False,False,False,False,False,True,True,185,1,True,9,1,0.1111111111111111,0.1053605156578263,0.0,0.6974900455453099,0.6974900455453099,0.6974900455453099,0.6974900455453099,0.6974900455453099,0.6974900455453099,0.0,0.0,0.0,0.0,0.0,0.0,1.0,0.0,0.0,0,0,0,0,0,0,0,2.23,4.370712874773608,False,False,False,False,False,False,,,4.0,8.0
20843,Scarosso,https://www.crunchbase.com/organization/scarosso,Italy,45.4641943,9.1896346,2010,2.0,False,True,False,False,True,True,False,False,False,False,False,False,False,False,2,1,3,False,False,False,False,False,0.0,False,0.0,True,2012-05-29,2012-05-29,Series B,2012,21.0,False,,True,,4.0,6.3,False,,False,,False,,False,True,False,,True,,False,,0,0,False,,False,False,,False,,False,,False,,False,,False,,False,False,False,False,0,,False,,False,True,,False,False,False,False,True,True,True,True,185,1,True,9,1,0.1111111111111111,0.1053605156578263,0.0,0.6769131564734211,0.3482597525554062,0.8412398584324283,0.3482597525554062,0.6769131564734211,0.8412398584324283,0.0,0.0,0.0,0.3354884758534287,0.0,0.503232713780143,0.0,0.0,0.0,0,0,0,0,0,0,0,2.23,4.624972813284271,False,False,True,False,True,True,,,4.0,8.0
20858,Paginemediche,https://www.crunchbase.com/organization/paginemediche,Italy,40.4194416,15.3106085,2010,1.0,False,False,False,False,False,False,False,True,False,True,False,False,False,False,9,1,1,False,False,True,False,True,1.0,True,0.0,True,2019-12-03,2019-12-03,Seed,2019,6.0,True,True,False,False,14.0,2.0,False,False,False,False,False,False,False,False,False,False,False,False,True,True,1,1,True,True,True,True,True,True,True,True,True,True,True,True,True,True,True,True,True,True,True,1,1.0,True,True,True,False,False,False,False,False,False,False,False,True,True,1,0,False,0,0,0.0,0.0,0.7498186581211819,0.0,0.0,0.0,0.0,0.0,0.0,0.0,0.0,0.0,0.0,0.0,0.0,0.0,0.0,0.0,0,0,0,0,1,1,1,2.23,5.303304908059076,False,False,False,False,False,False,,,0.0,0.0
20865,Trampoline,https://www.crunchbase.com/organization/trampoline,Italy,45.0677551,7.6824892,2010,2.0,True,False,False,False,False,False,False,False,False,True,True,False,False,False,4,1,1,False,False,True,False,False,0.0,False,0.068471,True,2014-05-16,2014-05-16,Seed,2014,63.0,False,,True,,1.0,9.0,False,,False,,False,,False,False,False,,True,,False,,0,0,False,,False,False,,False,,False,,False,,False,,False,,False,False,False,False,1,,True,,True,True,,False,False,False,False,False,False,True,True,38,0,False,0,0,0.0,0.0,0.12591627866066715,0.12591627866066704,0.12591627866066704,0.12591627866066704,0.12591627866066704,0.12591627866066704,0.12591627866066704,0.0,0.0,0.0,0.0,0.0,0.0,7.0,2.0,0.2385349642571501,1,0,0,0,1,1,1,2.23,3.977810745966149,False,False,False,False,False,False,,,1.0,7.0
20863,AppsBuilder,https://www.crunchbase.com/organization/appsbuilder,Italy,45.4641943,9.1896346,2010,2.0,False,True,False,False,False,False,False,False,False,True,False,False,False,False,1,2,7,False,True,False,False,False,3.0,True,1.953331,False,2011-03-01,2012-10-20,Venture - Series Unknown,2011,28.0,True,True,True,True,1.8,4.0,False,False,False,False,True,False,False,True,True,False,True,False,False,False,3,1,True,True,False,True,True,True,True,True,True,True,True,True,True,True,True,True,True,True,True,6,2.0,True,True,True,True,True,False,False,False,False,False,False,True,True,185,1,True,9,0,0.0,0.0,0.0,0.3110851772466995,0.0,0.6946623660556375,0.0,0.2929621743561398,0.6946623660556375,0.0,0.34733118302781874,0.6946623660556375,0.4282013859521934,0.0,0.6946623660556375,0.0,0.0,0.0,0,0,0,0,0,0,0,2.23,4.680277658474897,True,False,True,True,True,True,2021-05-01,11.0,4.0,8.0
20946,Getbazza,https://www.crunchbase.com/organization/getbazza,Italy,45.4371908,12.3345898,2010,1.0,False,False,False,False,False,False,False,False,False,True,True,False,False,False,0,1,1,False,False,True,False,False,0.0,False,0.0,True,2010-12-28,2010-12-28,Seed,2010,78.0,True,,False,,5.0,19.0,False,,False,,True,,False,False,False,,False,,True,,0,0,False,,False,True,,True,,True,,True,,True,,False,,False,False,False,False,1,,True,,True,False,,False,False,False,False,False,False,True,True,10,0,False,0,0,0.0,0.0,0.24532739962629274,0.021436541527702656,0.021436541527702656,0.021436541527702656,0.021436541527702656,0.021436541527702656,0.021436541527702656,0.0,0.0,0.0,0.0,0.0,0.0,2.0,0.0,0.0402231640645322,0,0,0,0,1,0,0,2.23,4.360547602996758,True,False,False,True,True,True,2010-12-28,0.0,3.0,22.8
20931,Geolumen,https://www.crunchbase.com/organization/geolumen,Italy,41.2476307,14.7057054,2010,2.0,True,False,False,False,False,True,False,False,False,True,False,False,False,False,6,1,1,False,False,True,False,False,0.0,False,0.0,True,2016-08-16,2016-08-16,Seed,2016,215.0,False,,True,,5.0,13.0,True,,True,,True,,False,False,False,,False,,False,,0,0,False,,False,False,,False,,False,,False,,False,,False,,False,False,False,False,0,,False,,False,True,,False,False,False,False,False,False,True,True,1,0,False,0,0,0.0,0.0,0.646777984359164,1.4421109018535858,1.4421109018535858,1.4421109018535858,1.4421109018535858,1.4421109018535858,1.4421109018535858,0.0,0.0,0.0,0.0,0.0,0.0,0.0,0.0,0.0,0,0,0,0,1,1,1,2.23,4.35799005684564,False,False,False,False,False,False,,,0.0,0.0
20932,+plugg,https://www.crunchbase.com/organization/plugg-srl,Italy,39.2171994,9.113311,2010,1.0,False,False,False,False,False,True,False,False,False,True,False,False,False,False,2,1,1,False,False,True,False,True,1.0,True,0.0,True,2012-07-01,2012-07-01,Seed,2012,45.0,False,False,True,True,5.0,7.0,False,False,False,False,False,False,False,False,False,False,False,False,False,False,0,0,False,False,False,False,False,False,False,False,False,False,False,False,False,False,False,False,False,False,False,1,1.0,True,True,True,True,True,False,False,False,False,False,False,True,True,3,0,False,2,2,1.0,0.6931471805599453,0.6353577151074857,0.6946623660556375,0.6946623660556375,0.6946623660556375,0.0,0.0,0.0,0.6946623660556375,0.6946623660556375,0.6946623660556375,0.0,0.0,0.0,1.0,0.0,0.0,0,0,0,0,1,1,1,2.23,4.624972813284271,False,False,False,False,False,False,,,0.0,1.0
20498,ComfTech s.r.l.,https://www.crunchbase.com/organization/comftech-s-r-l,Italy,45.6395418,9.2788304,2010,2.0,True,False,False,False,True,True,False,True,False,True,False,False,False,False,3,1,1,False,False,True,False,False,0.0,False,0.0,True,2013-01-01,2013-01-01,Venture - Series Unknown,2013,230.0,False,,True,,3.0,44.0,False,,False,,True,,False,False,False,,False,,False,,0,0,False,,False,False,,False,,False,,False,,False,,False,,False,False,False,False,0,,False,,False,True,,False,False,False,False,False,False,True,True,210,0,False,0,0,0.0,0.0,0.020697809566971915,0.6840173543518853,0.6840173543518853,0.6840173543518853,0.6840173543518853,0.6840173543518853,0.6840173543518853,0.0,0.0,0.0,0.0,0.0,0.0,1.0,0.0,0.0,0,0,0,0,1,0,0,2.23,4.370712874773608,False,False,True,False,True,True,,,4.0,7.600000000000008
20832,FABtotum,https://www.crunchbase.com/organization/fabtotum,Italy,45.4641943,9.1896346,2011,2.0,True,True,False,False,True,False,False,False,False,True,False,False,False,False,3,1,1,False,False,True,False,False,0.0,False,0.351,True,2014-02-01,2014-02-01,Seed,2014,230.0,False,,True,,4.0,44.0,False,,False,,True,,False,False,False,,False,,False,,0,0,False,,False,False,,False,,False,,False,,False,,False,,False,False,False,False,0,,False,,False,True,,False,False,False,False,False,False,True,True,185,1,True,15,4,0.2666666666666666,0.2363887780642303,0.0,0.6974900455453099,0.6974900455453099,0.6974900455453099,0.6974900455453099,0.6974900455453099,0.6974900455453099,0.0,0.0,0.0,0.0,0.0,0.0,3.0,0.0,0.0687619531421999,0,0,0,0,0,0,0,1.9,3.977810745966149,True,False,False,True,True,True,2016-05-24,5.0,4.0,8.0
20935,Interactive Project,https://www.crunchbase.com/organization/interactive-project,Italy,41.8933203,12.4829321,2011,1.0,False,False,False,False,False,True,False,False,False,True,True,False,False,False,0,1,2,False,False,False,True,False,0.0,False,0.581374,True,2011-05-31,2011-05-31,Venture - Series Unknown,2011,63.0,True,,False,,0.5,4.0,False,,False,,True,,False,False,False,,True,,False,,2,0,True,,True,True,,True,,True,,True,,True,,True,,True,False,True,False,2,,True,,True,False,,False,False,False,False,False,False,True,True,55,1,True,7,3,0.4285714285714285,0.3566749439387323,0.477186331368922,0.0,0.0,0.0,0.0,0.0,0.0,0.0,0.0,0.0,0.0,0.0,0.0,0.0,0.0,0.0,0,0,0,0,0,0,0,1.9,4.680277658474897,True,False,True,True,True,True,2016-08-03,5.0,9.200000000000005,30.200000000000003
20920,FUNGO STUDIOS,https://www.crunchbase.com/organization/fungo-studios,Italy,45.8066913,12.2063158,2011,4.0,False,False,False,False,False,True,False,False,False,True,True,False,False,False,0,1,1,False,False,True,False,False,0.0,False,0.217683,True,2011-07-01,2011-07-01,Seed,2011,78.0,True,,False,,6.0,19.0,False,,False,,True,,False,False,False,,False,,True,,0,0,False,,False,True,,True,,True,,True,,True,,False,,False,False,False,False,1,,True,,True,False,,False,False,False,False,False,False,True,True,8,0,False,0,0,0.0,0.0,0.23760320758166278,0.023796332187246035,0.023796332187246035,0.023796332187246035,0.023796332187246035,0.023796332187246035,0.023796332187246035,0.0,0.0,0.0,0.0,0.0,0.0,7.0,0.0,0.1375239062843998,0,0,0,0,1,0,0,1.9,4.680277658474897,False,False,False,False,False,False,,,3.0,26.0
20904,Rete del Dono,https://www.crunchbase.com/organization/rete-del-dono,Italy,45.0677551,7.6824892,2011,2.0,False,False,False,False,False,False,False,False,False,True,False,False,False,False,2,1,1,False,False,True,False,False,0.0,False,0.0,True,2013-01-01,2013-01-01,Seed,2013,16.0,False,,True,,0.0,6.0,False,,False,,False,,False,False,False,,False,,False,,0,0,False,,False,False,,False,,False,,False,,False,,False,,False,False,False,False,0,,False,,False,False,,False,False,False,False,True,True,True,True,38,0,False,1,0,0.0,0.0,0.12591627866066715,0.14365829600107355,0.14365829600107355,0.14365829600107355,0.14365829600107355,0.14365829600107355,0.14365829600107355,0.0,0.0,0.0,0.0,0.0,0.0,0.0,0.0,0.0,0,0,0,0,0,0,0,1.9,4.370712874773608,False,False,False,False,False,False,,,1.0,7.0
20924,Cibando,https://www.crunchbase.com/organization/cibando,Italy,41.8933203,12.4829321,2011,1.0,False,False,False,False,False,True,True,False,False,True,False,False,False,False,0,1,2,False,False,False,False,False,0.0,False,0.0,True,2011-12-30,2011-12-30,Seed,2011,86.0,False,,True,,2.0,21.5,False,,False,,False,,False,True,False,,False,,False,,0,0,False,,False,False,,False,,False,,False,,False,,False,,False,False,False,False,1,,True,,False,True,,False,False,False,False,True,False,True,True,55,1,True,7,3,0.4285714285714285,0.3566749439387323,0.477186331368922,0.829902946775186,0.47718633136892186,1.18261956218145,0.47718633136892186,0.829902946775186,1.18261956218145,0.0,0.0,0.0,0.8412398584324283,0.8412398584324283,0.8412398584324283,0.0,0.0,0.0,0,0,0,0,0,0,0,1.9,4.680277658474897,True,False,False,True,True,True,2014-12-18,3.0,9.200000000000005,30.200000000000003
20976,Corso12,https://www.crunchbase.com/organization/corso12,Italy,45.6279075,12.3747797,2011,1.0,False,False,False,False,False,False,False,False,False,True,True,False,False,False,0,2,2,False,False,False,False,False,0.0,False,0.10767,True,2011-04-01,2013-05-31,Seed,2011,70.5,True,,True,,3.0,14.0,False,,False,,True,,False,False,False,,True,,True,,1,0,True,,False,True,,True,,True,,True,,True,,True,,True,False,True,False,2,,True,,True,True,,False,False,False,False,False,False,True,True,10,0,False,9,1,0.1111111111111111,0.1053605156578263,0.24868984341073422,0.1243449217053671,0.0,0.2486898434107342,0.0,0.1243449217053671,0.2486898434107342,0.0,0.0,0.0,0.2486898434107342,0.2486898434107342,0.2486898434107342,12.0,2.0,0.2866985673349037,1,0,0,0,0,0,0,1.9,4.680277658474897,False,False,False,False,False,False,,,3.0,23.0
20958,SCONTO DIGITALE,https://www.crunchbase.com/organization/sconto-digitale-2,Italy,43.7697955,11.2556404,2011,4.0,False,False,False,False,False,True,False,False,False,True,False,False,False,False,2,1,2,False,False,False,False,False,0.0,False,0.05,True,2013-05-28,2013-05-28,Seed,2013,53.0,True,,True,,0.5,7.0,False,,False,,True,,False,False,False,,True,,False,,1,0,True,,False,True,,True,,True,,True,,True,,True,,True,False,True,False,2,,True,,True,True,,False,False,False,False,False,False,True,True,10,0,False,5,2,0.4,0.3364722366212129,0.24945797158136823,0.12472898579068416,0.0,0.24945797158136832,0.0,0.12472898579068416,0.24945797158136832,0.0,0.0,0.0,0.24945797158136832,0.24945797158136832,0.24945797158136832,8.0,1.0,0.212939163186004,1,0,0,0,1,0,0,1.9,4.370712874773608,False,False,False,False,False,False,,,1.200000000000001,10.2
20954,Desall,https://www.crunchbase.com/organization/desall,Italy,45.6279075,12.3747797,2011,1.0,True,False,False,False,True,True,False,False,False,False,False,False,False,True,0,1,1,False,False,True,False,False,0.0,False,0.0,True,2011-06-01,2011-06-01,Seed,2011,78.0,True,,False,,6.0,19.0,False,,False,,True,,False,False,False,,False,,True,,1,0,True,,True,True,,True,,True,,True,,True,,True,,True,False,True,False,1,,True,,True,False,,False,False,False,False,False,False,True,True,10,0,False,9,1,0.1111111111111111,0.1053605156578263,0.24868984341073422,0.0,0.0,0.0,0.0,0.0,0.0,0.0,0.0,0.0,0.0,0.0,0.0,7.0,0.0,0.1375239062843998,0,0,0,0,0,0,0,1.9,4.680277658474897,False,False,False,False,False,False,,,3.0,23.0
20953,Bulsara Advertising,https://www.crunchbase.com/organization/bulsara-advertising,Italy,41.8933203,12.4829321,2011,1.0,True,False,False,False,False,False,False,False,False,True,True,False,False,True,2,1,2,False,False,False,False,False,0.0,False,0.451767,True,2013-05-15,2013-05-15,Seed,2013,52.5,True,,False,,0.0,5.5,False,,False,,True,,False,False,False,,True,,False,,2,0,True,,True,True,,True,,True,,True,,True,,True,,True,False,True,False,2,,True,,True,False,,False,False,False,False,False,False,True,True,55,1,True,7,4,0.5714285714285714,0.4519851237430572,0.477186331368922,0.0,0.0,0.0,0.0,0.0,0.0,0.0,0.0,0.0,0.0,0.0,0.0,9.0,3.0,0.2871220746896815,1,0,0,0,0,0,0,1.9,4.370712874773608,False,False,False,False,False,False,,,9.200000000000005,30.200000000000003
20900,Family Nation,https://www.crunchbase.com/organization/family-nation,Italy,43.7697955,11.2556404,2011,1.0,False,False,False,False,False,True,False,False,False,False,False,False,False,False,2,1,2,False,False,False,False,False,0.0,False,0.067679,True,2013-11-19,2013-11-19,Seed,2013,53.0,True,,True,,0.5,7.0,False,,False,,True,,False,False,False,,True,,False,,1,0,True,,False,True,,True,,True,,True,,True,,True,,True,False,True,False,2,,True,,True,True,,False,False,False,False,False,False,True,True,10,0,False,5,2,0.4,0.3364722366212129,0.24945797158136823,0.12472898579068416,0.0,0.24945797158136832,0.0,0.12472898579068416,0.24945797158136832,0.0,0.0,0.0,0.24945797158136832,0.24945797158136832,0.24945797158136832,8.0,1.0,0.212939163186004,1,0,0,0,1,0,0,1.9,4.370712874773608,False,False,False,False,False,False,,,1.200000000000001,10.2
20899,MiSiedo,https://www.crunchbase.com/organization/misiedo,Italy,45.4371908,12.3345898,2011,2.0,False,False,False,False,False,True,True,False,False,False,False,False,False,False,1,1,2,False,True,False,False,False,1.0,True,0.696432,True,2012-08-01,2012-08-01,Venture - Series Unknown,2012,49.5,False,False,True,True,0.0,11.0,False,False,True,True,True,False,False,False,False,False,False,False,False,False,0,0,False,False,False,False,False,False,False,False,False,False,False,False,False,False,False,False,False,False,False,2,1.0,True,True,True,True,True,False,False,False,False,False,False,True,True,10,0,False,1,1,1.0,0.6931471805599453,0.24532739962629274,0.22472945491650176,0.20413151020671097,0.2453273996262926,0.20413151020671097,0.20413151020671097,0.20413151020671097,0.2453273996262926,0.2453273996262926,0.2453273996262926,0.24945797158136832,0.24945797158136832,0.24945797158136832,0.0,0.0,0.0,0,0,0,0,1,0,0,1.9,4.624972813284271,True,False,True,True,True,True,2017-02-28,6.0,3.0,22.8
20798,Alleantia,https://www.crunchbase.com/organization/alleantia,Italy,43.4714722,10.6797912,2011,3.0,True,False,True,False,True,False,False,False,False,True,False,True,False,False,0,1,2,False,False,False,False,False,0.0,False,0.298218,True,2011-06-13,2011-06-13,Seed,2011,1.0,True,,True,,0.0,0.0,False,,False,,False,,False,True,False,,False,,False,,1,0,True,,True,True,,True,,True,,True,,True,,True,,True,False,True,False,1,,True,,True,False,,False,False,False,False,False,False,True,True,2,0,False,2,1,0.5,0.4054651081081644,0.25114731053987616,0.0,0.0,0.0,0.0,0.0,0.0,0.0,0.0,0.0,0.0,0.0,0.0,0.0,0.0,0.0,0,0,0,0,1,1,1,1.9,4.680277658474897,False,False,False,False,False,False,,,0.0,0.0
20807,Kiunsys,https://www.crunchbase.com/organization/kiunsys,Italy,41.447524,14.508928,2011,2.0,True,False,False,False,True,False,False,False,False,True,False,False,False,False,3,1,1,False,False,True,False,False,0.0,False,0.0,True,2014-10-01,2014-10-01,Equity Crowdfunding,2014,230.0,False,,True,,4.0,44.0,False,,False,,True,,False,False,False,,False,,False,,0,0,False,,False,False,,False,,False,,False,,False,,False,,False,False,False,False,0,,False,,False,True,,False,False,False,False,False,False,True,True,1,0,False,0,0,0.0,0.0,0.6192633363669611,1.303029260080555,1.303029260080555,1.303029260080555,1.303029260080555,1.303029260080555,1.303029260080555,0.0,0.0,0.0,0.0,0.0,0.0,0.0,0.0,0.0,0,0,0,0,1,1,1,1.9,3.977810745966149,True,False,False,True,True,True,2019-02-04,8.0,0.0,0.0
20881,Qurami,https://www.crunchbase.com/organization/qurami,Italy,41.8933203,12.4829321,2011,3.0,True,False,False,False,False,False,False,False,False,True,False,False,False,False,2,1,1,False,False,True,False,False,0.0,False,0.354234,True,2013-08-20,2013-08-20,Venture - Series Unknown,2013,97.0,True,,False,,0.0,7.0,False,,False,,True,,False,False,False,,True,,False,,1,0,True,,True,True,,True,,True,,True,,True,,True,,True,False,True,False,1,,True,,True,False,,False,False,False,False,False,False,True,True,55,1,True,7,3,0.4285714285714285,0.3566749439387323,0.477186331368922,0.0,0.0,0.0,0.0,0.0,0.0,0.0,0.0,0.0,0.0,0.0,0.0,9.0,4.0,0.3076388360899851,1,0,0,0,0,0,0,1.9,4.370712874773608,True,False,True,True,True,True,2018-11-22,7.0,9.200000000000005,30.200000000000003
20860,Responsa,https://www.crunchbase.com/organization/responsa,Italy,45.6279075,12.3747797,2011,4.0,False,False,False,False,True,False,False,False,False,True,False,False,False,True,0,1,1,False,False,True,False,False,0.0,False,0.372462,True,2011-03-01,2011-03-01,Venture - Series Unknown,2011,78.0,True,,False,,6.0,19.0,False,,False,,True,,False,False,False,,False,,True,,1,0,True,,True,True,,True,,True,,True,,True,,True,,True,False,True,False,1,,True,,True,False,,False,False,False,False,False,False,True,True,10,0,False,9,1,0.1111111111111111,0.1053605156578263,0.24868984341073422,0.0,0.0,0.0,0.0,0.0,0.0,0.0,0.0,0.0,0.0,0.0,0.0,7.0,0.0,0.1375239062843998,0,0,0,0,0,0,0,1.9,4.680277658474897,False,False,True,False,True,True,,,3.0,23.0
20857,PromoQui,https://www.crunchbase.com/organization/promoqui-s-p-a,Italy,40.8358846,14.2487679,2011,1.0,False,False,False,False,False,False,False,False,False,True,False,False,False,False,0,1,1,False,False,True,False,True,1.0,True,0.0,True,2011-10-01,2011-10-01,Seed,2011,45.0,False,False,True,True,4.0,7.0,False,False,False,False,False,False,False,False,False,False,False,False,False,False,0,0,False,False,False,False,False,False,False,False,False,False,False,False,False,False,False,False,False,False,False,1,1.0,True,True,True,True,True,False,False,False,False,False,False,True,True,6,0,False,2,0,0.0,0.0,0.6579640257134732,0.6579640257134731,0.6579640257134731,0.6579640257134731,0.0,0.0,0.0,0.6579640257134731,0.6579640257134731,0.6579640257134731,0.0,0.0,0.0,0.0,0.0,0.0,0,0,0,0,1,0,0,1.9,4.680277658474897,False,False,False,False,False,False,,,0.8000000000000007,3.0
21005,Maison Academia,https://www.crunchbase.com/organization/nextstyler,Italy,41.8933203,12.4829321,2011,2.0,False,False,False,False,True,True,False,False,False,False,True,False,False,True,1,2,1,True,False,True,False,False,0.0,False,1.514722,False,2012-07-01,2013-12-01,Seed,2012,97.0,True,,False,,0.0,7.0,False,,False,,True,,False,False,False,,True,,False,,2,0,True,,True,True,,True,,True,,True,,True,,True,,True,False,True,False,2,,True,,True,False,,False,False,False,False,False,False,True,True,55,1,True,7,4,0.5714285714285714,0.4519851237430572,0.477186331368922,0.0,0.0,0.0,0.0,0.0,0.0,0.0,0.0,0.0,0.0,0.0,0.0,9.0,4.0,0.3076388360899851,1,0,0,0,0,0,0,1.9,4.624972813284271,False,False,False,False,False,False,,,9.200000000000005,30.200000000000003
21002,Grow the Planet,https://www.crunchbase.com/organization/grow-the-planet,Italy,45.6279075,12.3747797,2011,3.0,False,False,False,False,False,True,False,False,False,True,True,True,False,False,0,1,1,False,False,True,False,False,0.0,False,0.043,True,2011-04-30,2011-04-30,Venture - Series Unknown,2011,78.0,True,,False,,6.0,19.0,False,,False,,True,,False,False,False,,False,,True,,1,0,True,,True,True,,True,,True,,True,,True,,True,,True,False,True,False,1,,True,,True,False,,False,False,False,False,False,False,True,True,10,0,False,9,1,0.1111111111111111,0.1053605156578263,0.24868984341073422,0.0,0.0,0.0,0.0,0.0,0.0,0.0,0.0,0.0,0.0,0.0,0.0,7.0,0.0,0.1375239062843998,0,0,0,0,0,0,0,1.9,4.680277658474897,False,False,True,False,True,True,,,3.0,23.0
20667,Adabra,https://www.crunchbase.com/organization/adabra,Italy,43.5171442,11.7639282,2011,2.0,True,False,False,False,False,True,False,False,False,True,True,False,False,False,5,2,2,False,True,False,False,False,1.0,True,1.162314,False,2016-02-02,2016-12-29,Seed,2016,9.5,False,False,True,True,1.5,1.0,True,True,False,False,True,False,False,False,False,False,False,False,False,False,0,0,False,False,False,False,False,False,False,False,False,False,False,False,False,False,False,False,False,False,False,2,1.0,True,True,True,True,False,False,False,False,False,False,False,True,True,11,0,False,0,0,0.0,0.0,0.2975760412670083,0.20827600573032592,0.11897597019364367,0.2975760412670082,0.2975760412670082,0.2975760412670082,0.2975760412670082,0.11897597019364367,0.11897597019364367,0.11897597019364367,0.18932747836138406,0.18932747836138406,0.18932747836138406,0.0,0.0,0.0,0,0,0,0,1,1,1,1.9,4.35799005684564,False,False,False,False,False,False,,,0.0,0.0
20505,GrowishPay,https://www.crunchbase.com/organization/growish,Italy,45.4641943,9.1896346,2011,2.0,True,True,False,False,False,True,False,False,True,True,False,False,False,False,2,3,9,False,True,False,True,False,1.0,True,1.148609,False,2013-01-01,2017-05-22,Equity Crowdfunding,2013,20.555555555555557,True,True,True,False,38.0,2.4,False,False,False,False,True,True,True,True,False,False,False,False,False,False,3,1,True,True,False,True,True,True,True,True,True,True,True,True,True,True,True,True,True,True,True,5,1.0,True,True,False,True,True,False,False,False,False,True,False,True,True,185,1,True,15,5,0.3333333333333333,0.2876820724517809,0.0,0.2506930329103563,0.0,0.958922838952452,0.0,0.2820296620241508,0.958922838952452,0.0,0.0,0.0,0.40333908544065433,0.0,0.958922838952452,6.0,1.0,0.1880081363765889,1,0,0,0,0,0,0,1.9,4.370712874773608,False,False,False,False,False,False,,,4.0,8.0
20491,Fazland,https://www.crunchbase.com/organization/fazland,Italy,44.6086674,10.5940667,2011,3.0,True,False,False,False,False,False,False,False,False,True,True,False,False,False,3,1,1,False,False,True,False,True,1.0,True,0.669802,True,2014-07-30,2014-07-30,Series B,2014,6.0,False,False,True,True,1.0,0.0,False,False,False,False,False,False,False,False,False,False,False,False,False,False,0,0,False,False,False,False,False,False,False,False,False,False,False,False,False,False,False,False,False,False,False,1,1.0,True,True,True,True,True,False,False,False,False,False,False,True,True,8,0,False,0,0,0.0,0.0,0.14569458676328065,0.14569458676328031,0.14569458676328031,0.14569458676328031,0.0,0.0,0.0,0.14569458676328031,0.14569458676328031,0.14569458676328031,0.0,0.0,0.0,0.0,0.0,0.0,0,0,0,0,1,1,0,1.9,3.977810745966149,False,False,True,False,True,True,,,0.0,2.0
20528,Cortilia,https://www.crunchbase.com/organization/cortilia,Italy,45.4641943,9.1896346,2011,1.0,False,True,False,False,True,True,True,False,False,False,True,False,False,False,1,1,2,False,False,False,False,False,0.0,False,1.318207,False,2012-02-10,2012-02-10,Series C,2012,15.5,True,,False,,3.5,3.5,False,,False,,True,,False,False,False,,False,,False,,2,0,True,,True,True,,True,,True,,True,,True,,True,,True,False,True,False,2,,True,,True,True,,False,False,False,False,False,False,True,True,185,1,True,15,4,0.2666666666666666,0.2363887780642303,0.0,0.0,0.0,0.0,0.0,0.0,0.0,0.0,0.0,0.0,0.0,0.0,0.0,2.0,0.0,0.0402231640645322,0,0,0,0,0,0,0,1.9,4.624972813284271,False,True,True,True,True,True,,,4.0,8.0
20729,Habble,https://www.crunchbase.com/organization/habble,Italy,44.0749757,11.378722,2011,2.0,True,False,False,False,False,False,False,False,False,True,False,False,False,False,4,1,1,False,False,True,False,False,0.0,False,0.0,True,2015-03-23,2015-03-23,Venture - Series Unknown,2015,230.0,False,,True,,5.0,44.0,False,,False,,True,,False,False,False,,False,,False,,0,0,False,,False,False,,False,,False,,False,,False,,False,,False,False,False,False,0,,False,,False,True,,False,False,False,False,False,False,True,True,23,0,False,0,0,0.0,0.0,0.23177242783256416,0.9188924709520789,0.9188924709520789,0.9188924709520789,0.9188924709520789,0.9188924709520789,0.9188924709520789,0.0,0.0,0.0,0.0,0.0,0.0,2.0,3.0,0.1676849278940113,0,0,0,0,1,1,1,1.9,4.33990170837321,True,False,True,True,True,True,2020-05-05,9.0,3.0,2.0
20204,WISE,https://www.crunchbase.com/organization/wise-s-r-l,Italy,45.4641943,9.1896346,2011,4.0,True,True,False,False,False,False,False,False,False,True,False,False,False,False,2,1,2,False,False,False,False,False,0.0,False,1.336777,False,2013-11-08,2013-11-08,Series D,2013,79.0,True,,True,,13.0,20.5,False,,False,,False,,False,False,False,,True,,False,,1,0,True,,False,True,,True,,True,,True,,True,,True,,True,False,True,False,1,,True,,False,True,,False,False,False,False,True,False,True,True,185,1,True,15,4,0.2666666666666666,0.2363887780642303,0.0,0.42061992921621416,0.0,0.8412398584324283,0.0,0.42061992921621416,0.8412398584324283,0.0,0.0,0.0,0.8412398584324283,0.8412398584324283,0.8412398584324283,0.0,0.0,0.0,0,0,0,0,0,0,0,1.9,4.370712874773608,False,True,True,True,True,True,,,4.0,8.0
20148,D-Orbit,https://www.crunchbase.com/organization/d-orbit,Italy,45.4641943,9.1896346,2011,4.0,True,True,False,False,True,False,False,False,False,True,False,False,False,False,0,2,4,False,True,False,False,False,1.0,True,2.813016,False,2011-03-01,2012-07-01,Series C,2011,11.0,True,True,True,False,4.7,2.2,False,False,False,False,False,False,False,False,False,False,False,False,False,False,1,1,True,True,False,True,True,True,True,True,True,True,True,True,True,True,True,True,True,True,True,4,1.0,True,True,True,True,True,False,False,False,False,False,False,True,True,185,1,True,15,4,0.2666666666666666,0.2363887780642303,0.0,0.1640109368840664,0.0,0.47718633136892186,0.05294113750667673,0.2186812491787552,0.47718633136892186,0.0,0.0,0.0,0.308807329469414,0.05294113750667673,0.5238586441741419,0.0,0.0,0.0,0,0,0,0,0,0,0,1.9,4.680277658474897,False,True,True,True,True,True,,,4.0,8.0
20811,Fannabee,https://www.crunchbase.com/organization/fannabee,Italy,45.4641943,9.1896346,2012,4.0,False,True,False,False,False,True,False,False,False,True,False,False,False,False,1,2,2,False,False,False,False,False,0.0,False,0.053,True,2013-01-15,2013-09-24,Seed,2013,40.5,False,,True,,4.5,9.5,False,,False,,True,,False,False,False,,False,,True,,0,0,False,,False,False,,False,,False,,False,,False,,False,,False,False,False,False,2,,True,,True,False,,False,False,False,False,False,False,True,True,185,1,True,31,7,0.2258064516129032,0.2035989552412395,0.0,0.2075255609477327,0.1663612784847312,0.2486898434107342,0.1663612784847312,0.2075255609477327,0.2486898434107342,0.0,0.0,0.0,0.10992471878431352,0.10992471878431352,0.10992471878431352,2.0,0.0,0.0402231640645322,0,0,0,0,0,0,0,-0.7,4.370712874773608,False,False,False,False,False,False,,,4.0,8.0
20809,Sgnam,https://www.crunchbase.com/organization/sgnam,Italy,44.4938203,11.3426327,2012,2.0,False,False,False,False,False,True,True,False,False,False,False,False,False,False,1,2,3,True,True,False,False,False,1.0,True,0.578816,True,2013-10-31,2014-07-01,Seed,2013,56.2,True,False,True,True,0.6,11.4,False,False,True,True,True,False,False,False,False,False,True,False,False,False,0,0,False,False,False,True,False,False,False,False,False,False,False,False,False,False,False,False,False,False,False,5,2.0,True,True,True,True,True,False,False,False,False,False,False,True,True,16,1,True,2,0,0.0,0.0,0.2007881922946392,0.17679188928026554,0.08080667722277089,0.2007881922946392,0.08080667722277089,0.16079435393734978,0.2007881922946392,0.2007881922946392,0.2007881922946392,0.2007881922946392,0.09978318863254734,0.0,0.24945797158136832,2.0,2.0,0.1412342220372826,0,0,0,0,1,1,0,-0.7,4.370712874773608,False,False,False,False,False,False,,,2.0,2.2
20850,Moku,https://www.crunchbase.com/organization/moku,Italy,45.6279075,12.3747797,2012,3.0,False,False,False,False,False,True,False,False,False,False,False,False,False,True,1,1,1,False,False,True,False,False,0.0,False,0.02,True,2013-01-01,2013-01-01,Seed,2013,78.0,True,,False,,8.0,19.0,False,,False,,True,,False,False,False,,False,,True,,1,0,True,,True,True,,True,,True,,True,,True,,True,,True,False,True,False,1,,True,,True,False,,False,False,False,False,False,False,True,True,10,0,False,13,2,0.1538461538461538,0.1431008436406733,0.24868984341073422,0.0,0.0,0.0,0.0,0.0,0.0,0.0,0.0,0.0,0.0,0.0,0.0,19.0,3.0,0.3558840278318814,1,0,0,0,1,1,0,-0.7,4.370712874773608,False,False,False,False,False,False,,,3.0,23.0
20842,Nextatlas,https://www.crunchbase.com/organization/icoolhunt,Italy,45.0677551,7.6824892,2012,2.0,True,False,False,False,False,False,False,False,False,True,False,False,False,False,1,1,1,False,False,True,False,False,0.0,False,0.651151,True,2013-03-12,2013-03-12,Series B,2013,20.0,False,,True,,6.0,6.0,False,,False,,False,,False,False,False,,False,,False,,0,0,False,,False,False,,False,,False,,False,,False,,False,,False,False,False,False,1,,True,,True,True,,False,False,False,False,False,False,True,True,38,0,False,7,2,0.2857142857142857,0.251314428280906,0.12591627866066715,0.12591627866066704,0.12591627866066704,0.12591627866066704,0.12591627866066704,0.12591627866066704,0.12591627866066704,0.0,0.0,0.0,0.0,0.0,0.0,0.0,0.0,0.0,0,0,0,0,0,0,0,-0.7,4.370712874773608,False,False,True,False,True,True,,,1.0,7.0
20835,SpazioDati,https://www.crunchbase.com/organization/spaziodati,Italy,46.1029536,11.1297425,2012,5.0,True,False,False,False,True,False,False,False,False,True,True,False,False,False,0,2,3,False,False,False,False,False,0.0,False,0.0,True,2012-01-01,2012-11-09,Series A,2012,77.33333333333333,True,,True,,2.3,14.7,False,,False,,True,,False,False,False,,True,,False,,1,0,True,,False,True,,True,,True,,True,,True,,True,,True,False,True,False,2,,True,,False,True,,False,False,False,False,False,False,True,True,6,0,False,1,0,0.0,0.0,0.16636127848473134,0.4021278982468107,0.0,0.7259631190545446,0.0,0.4021278982468107,0.7259631190545446,0.0,0.0,0.0,0.793220648068186,0.48042057568588764,1.173278249464126,0.0,0.0,0.0,0,0,0,0,1,1,0,-0.7,4.624972813284271,False,False,True,False,True,True,,,0.0,1.0
20771,Atooma,https://www.crunchbase.com/organization/atooma,Italy,41.8933203,12.4829321,2012,2.0,True,False,False,False,True,True,False,False,False,True,False,False,True,False,1,2,4,False,False,False,False,False,0.0,False,0.277591,True,2013-01-05,2014-10-01,Seed,2013,84.5,True,,True,,1.7,13.8,False,,False,,True,,False,True,False,,True,,False,,1,0,True,,False,True,,True,,True,,True,,True,,True,,True,False,True,False,1,,True,,False,True,,True,True,True,False,False,False,True,False,55,1,True,11,5,0.4545454545454545,0.3746934494414106,0.477186331368922,2.9354629086275814,0.0,10.047296129506073,0.0,2.9354629086275814,10.047296129506073,0.0,0.0,0.0,5.141913598626131,0.5212772555401268,10.047296129506073,9.0,2.0,0.2606713688329527,1,0,0,0,0,0,0,-0.7,4.370712874773608,False,False,False,False,False,False,,,9.200000000000005,30.200000000000003
20761,eco4cloud,https://www.crunchbase.com/organization/eco4cloud,Italy,39.3319934,16.1843828,2012,2.0,True,False,True,False,False,False,False,False,False,True,False,True,False,False,0,1,2,False,False,False,False,False,0.0,False,0.395269,True,2012-04-12,2012-04-12,Venture - Series Unknown,2012,26.0,False,,True,,8.0,4.0,False,,False,,True,,False,False,False,,False,,False,,0,0,False,,False,False,,False,,False,,False,,False,,False,,False,False,False,False,2,,True,,True,True,,False,False,False,False,False,False,True,True,0,0,False,0,0,0.0,0.0,0.8908207146152914,0.8908207146152916,0.8908207146152916,0.8908207146152916,0.8908207146152916,0.8908207146152916,0.8908207146152916,0.0,0.0,0.0,0.0,0.0,0.0,0.0,0.0,0.0,0,0,0,0,1,1,1,-0.7,4.624972813284271,False,False,True,False,True,True,,,0.0,0.0
20614,Mister Worker,https://www.crunchbase.com/organization/mister-worker,Italy,45.4641943,9.1896346,2012,1.0,False,True,False,False,False,True,False,False,False,False,False,False,False,False,6,1,1,False,False,True,False,True,1.0,True,0.61717,True,2018-04-19,2018-04-19,Seed,2018,11.0,True,True,False,False,13.0,3.0,False,False,False,False,False,False,False,False,False,False,False,False,False,False,1,1,True,True,True,True,True,True,True,True,True,True,True,True,True,True,True,True,True,True,True,1,1.0,True,True,True,True,True,False,False,False,False,False,False,True,True,185,1,True,31,7,0.2258064516129032,0.2035989552412395,0.0,0.0,0.0,0.0,0.0,0.0,0.0,0.0,0.0,0.0,0.0,0.0,0.0,0.0,0.0,0.0,0,0,0,0,0,0,0,-0.7,4.61512051684126,False,False,False,False,False,False,,,4.0,8.0
20618,Inventia,https://www.crunchbase.com/organization/inventia,Italy,45.4641943,9.1896346,2012,1.0,True,True,False,False,True,False,False,False,False,True,True,False,False,True,3,1,2,False,False,False,False,False,0.0,False,0.794966,True,2015-04-10,2015-04-10,Seed,2015,43.0,True,,False,,5.0,6.5,False,,False,,False,,True,False,False,,False,,False,,2,0,True,,True,True,,True,,True,,True,,True,,True,,True,False,True,False,2,,True,,True,True,,False,False,False,False,False,False,True,True,185,1,True,31,6,0.1935483870967742,0.1769307081590782,0.0,0.0,0.0,0.0,0.0,0.0,0.0,0.0,0.0,0.0,0.0,0.0,0.0,2.0,0.0,0.0402231640645322,0,0,0,0,0,0,0,-0.7,4.33990170837321,True,False,False,True,True,True,2019-03-07,7.0,4.0,8.0
20585,Octorate,https://www.crunchbase.com/organization/octorate,Italy,41.8933203,12.4829321,2012,1.0,True,False,False,False,False,False,False,False,False,True,False,False,False,False,3,1,2,False,True,False,False,False,1.0,True,0.559581,True,2015-10-01,2015-10-01,Seed,2015,28.5,False,False,True,True,2.0,9.0,False,False,True,True,False,False,False,True,False,False,False,False,False,False,0,0,False,False,False,False,False,False,False,False,False,False,False,False,False,False,False,False,False,False,False,1,1.0,True,True,False,True,True,False,False,False,False,True,False,True,True,55,1,True,11,4,0.3636363636363636,0.3101549283038395,0.477186331368922,0.507289140164535,0.47718633136892186,0.5373919489601481,0.5373919489601481,0.5373919489601481,0.5373919489601481,0.47718633136892186,0.47718633136892186,0.47718633136892186,0.06289993659066194,0.06289993659066194,0.06289993659066194,0.0,0.0,0.0,0,0,0,0,0,0,0,-0.7,4.33990170837321,True,False,False,True,True,True,2017-11-09,5.0,9.200000000000005,30.200000000000003
20533,Desmotec,https://www.crunchbase.com/organization/desmotec,Italy,45.5669538,8.086912,2012,1.0,True,False,False,False,False,True,False,True,False,False,True,False,False,False,3,2,3,False,True,False,False,False,1.0,True,0.248463,True,2015-10-27,2018-02-25,Seed,2015,49.0,True,False,True,True,5.0,7.0,False,False,False,False,True,True,True,False,False,False,False,False,False,False,0,0,False,False,False,True,False,True,False,False,False,False,False,False,False,False,False,False,False,False,False,2,0.0,True,False,False,True,True,False,False,False,False,False,False,True,True,4,0,False,0,0,0.0,0.0,0.08667546644631148,0.3481640368347731,0.06388340473665706,0.8939332393213506,0.06388340473665706,0.0752794355914843,0.08667546644631154,0.8939332393213506,0.8939332393213506,0.8939332393213506,0.6677245793518936,0.12591627866066704,0.958922838952452,0.0,0.0,0.0,0,0,0,0,1,1,1,-0.7,4.33990170837321,False,False,False,False,False,False,,,0.0,0.0
20515,sailsquare,https://www.crunchbase.com/organization/sailsquare,Italy,45.4641943,9.1896346,2012,2.0,False,True,False,False,False,True,False,False,False,False,False,False,False,True,3,2,2,False,False,False,False,False,0.0,False,4.546016,False,2015-09-30,2018-03-14,Seed,2015,12.5,True,,True,,4.0,0.5,False,,False,,False,,False,False,False,,False,,False,,1,0,True,,False,True,,True,,True,,True,,True,,True,,True,False,True,False,2,,True,,True,True,,False,False,False,False,False,False,True,True,185,1,True,31,7,0.2258064516129032,0.2035989552412395,0.0,0.05961877203256296,0.0,0.11923754406512592,0.0,0.05961877203256296,0.11923754406512592,0.0,0.0,0.0,0.11923754406512592,0.11923754406512592,0.11923754406512592,3.0,3.0,0.196223716971679,1,0,0,0,0,0,0,-0.7,4.33990170837321,False,False,False,False,False,False,,,4.0,8.0
20389,WeSchool,https://www.crunchbase.com/organization/oilproject,Italy,45.4641943,9.1896346,2012,1.0,True,True,False,False,True,True,False,False,False,True,False,False,False,True,3,1,1,False,False,True,False,False,0.0,False,0.55705,True,2015-02-12,2015-02-12,Venture - Series Unknown,2015,15.0,True,,False,,20.0,2.0,False,,False,,False,,False,False,False,,False,,True,,1,0,True,,True,True,,True,,True,,True,,True,,True,,True,False,True,False,1,,True,,True,True,,False,False,False,False,False,False,True,True,185,1,True,31,7,0.2258064516129032,0.2035989552412395,0.0,0.0,0.0,0.0,0.0,0.0,0.0,0.0,0.0,0.0,0.0,0.0,0.0,0.0,0.0,0.0,0,0,0,0,0,0,0,-0.7,4.33990170837321,False,False,True,False,True,True,,,4.0,8.0
20943,Veespo,https://www.crunchbase.com/organization/veespo,Italy,45.4641943,9.1896346,2012,1.0,True,True,False,False,True,False,False,False,False,True,False,False,False,True,1,1,1,False,False,True,False,False,0.0,False,0.0,True,2013-01-01,2013-01-01,Seed,2013,17.0,True,,False,,0.0,2.0,False,,False,,False,,False,False,False,,False,,False,,1,0,True,,True,True,,True,,True,,True,,True,,True,,True,False,True,False,1,,True,,True,True,,False,False,False,False,False,False,True,True,185,1,True,31,7,0.2258064516129032,0.2035989552412395,0.0,0.0,0.0,0.0,0.0,0.0,0.0,0.0,0.0,0.0,0.0,0.0,0.0,0.0,0.0,0.0,0,0,0,0,0,0,0,-0.7,4.370712874773608,False,False,False,False,False,False,,,4.0,8.0
20938,Primo Round,https://www.crunchbase.com/organization/primo-round,Italy,45.8066913,12.2063158,2012,2.0,True,False,False,False,False,False,False,False,False,True,False,False,False,False,1,1,1,False,False,True,False,False,0.0,False,0.066854,True,2013-08-26,2013-08-26,Seed,2013,63.0,False,,True,,0.0,9.0,False,,False,,False,,False,False,False,,True,,False,,0,0,False,,False,False,,False,,False,,False,,False,,False,,False,False,False,False,1,,True,,True,True,,False,False,False,False,False,False,True,True,8,0,False,1,0,0.0,0.0,0.23760320758166278,0.2376032075816627,0.2376032075816627,0.2376032075816627,0.2376032075816627,0.2376032075816627,0.2376032075816627,0.0,0.0,0.0,0.0,0.0,0.0,5.0,3.0,0.2364468810362113,1,0,0,0,1,1,0,-0.7,4.370712874773608,False,False,False,False,False,False,,,3.0,26.0
20934,PrivateGriffe,https://www.crunchbase.com/organization/privategriffe,Italy,45.4641943,9.1896346,2012,2.0,False,True,False,False,True,True,False,False,False,False,False,False,False,False,2,1,2,False,True,False,False,False,1.0,True,1.618332,False,2014-02-02,2014-02-02,Venture - Series Unknown,2014,16.5,True,False,True,True,3.0,2.5,False,False,False,False,False,False,False,False,False,False,False,False,False,False,1,0,True,False,False,True,False,True,False,True,False,True,False,True,False,True,False,True,False,True,False,1,0.0,True,False,False,True,False,False,False,False,False,False,False,True,True,185,1,True,31,7,0.2258064516129032,0.2035989552412395,0.0,0.25441322235653424,0.0,0.5088264447130685,0.0,0.0,0.0,0.5088264447130685,0.5088264447130685,0.5088264447130685,0.5088264447130685,0.5088264447130685,0.5088264447130685,0.0,0.0,0.0,0,0,0,0,0,0,0,-0.7,3.977810745966149,False,False,True,False,True,True,,,4.0,8.0
20951,Tykli,https://www.crunchbase.com/organization/tykli,Italy,45.0677551,7.6824892,2012,2.0,True,False,False,False,True,False,False,False,False,True,False,False,False,True,1,1,1,False,False,True,False,False,0.0,False,0.0,True,2013-01-01,2013-01-01,Private Equity,2013,78.0,False,,True,,8.0,19.0,False,,False,,True,,False,False,False,,False,,True,,0,0,False,,False,False,,False,,False,,False,,False,,False,,False,False,False,False,1,,True,,True,False,,False,False,False,False,False,False,True,True,38,0,False,7,2,0.2857142857142857,0.251314428280906,0.12591627866066715,0.3718880219174603,0.3718880219174603,0.3718880219174603,0.3718880219174603,0.3718880219174603,0.3718880219174603,0.0,0.0,0.0,0.0,0.0,0.0,1.0,4.0,0.1479785252297826,0,0,0,0,0,1,0,-0.7,4.370712874773608,False,False,True,False,True,True,,,1.0,7.0
20916,Canvace,https://www.crunchbase.com/organization/canvace,Italy,41.8933203,12.4829321,2012,3.0,True,False,False,False,False,False,False,False,False,True,False,False,False,False,0,1,2,False,True,False,True,False,1.0,True,0.038836,True,2012-01-01,2012-01-01,Pre-Seed,2012,17.5,True,False,True,True,10.5,0.5,False,False,False,False,True,False,False,False,False,False,False,False,False,False,1,0,True,False,False,True,False,True,False,True,False,True,False,True,False,True,False,True,False,True,False,1,0.0,True,False,False,False,False,True,True,True,False,False,False,True,False,55,1,True,11,5,0.4545454545454545,0.3746934494414106,0.477186331368922,3.821129061178419,0.0,7.642258122356838,0.0,0.0,0.0,7.642258122356838,7.642258122356838,7.642258122356838,7.642258122356838,7.642258122356838,7.642258122356838,1.0,0.0,0.0,0,0,0,0,0,0,0,-0.7,4.624972813284271,False,False,False,False,False,False,,,9.200000000000005,30.200000000000003
20915,Seejay,https://www.crunchbase.com/organization/seejay,Italy,37.5023612,15.0873718,2012,2.0,True,False,False,False,False,True,False,False,False,True,True,False,False,False,2,1,2,False,False,False,False,False,0.0,False,0.16365,True,2014-04-30,2014-04-30,Seed,2014,53.0,False,,True,,1.5,7.0,False,,False,,True,,False,False,False,,True,,False,,0,0,False,,False,False,,False,,False,,False,,False,,False,,False,False,False,False,2,,True,,True,True,,False,False,False,False,False,False,True,True,3,0,False,0,0,0.0,0.0,1.0118080857920644,0.8899185198921185,0.7680289539921722,1.0118080857920644,0.7680289539921722,0.8899185198921185,1.0118080857920644,0.0,0.0,0.0,0.24945797158136832,0.24945797158136832,0.24945797158136832,0.0,0.0,0.0,0,0,0,0,1,1,1,-0.7,3.977810745966149,False,False,False,False,False,False,,,0.0,0.0
20911,IndaBox,https://www.crunchbase.com/organization/indabox,Italy,45.0677551,7.6824892,2012,1.0,False,False,False,False,True,True,False,False,False,True,True,False,False,True,1,2,2,True,True,False,False,False,1.0,True,0.558973,True,2013-07-01,2014-06-10,Seed,2013,52.0,True,True,False,False,3.7,7.0,False,False,False,False,False,False,True,False,False,True,False,False,False,False,3,1,True,True,True,True,True,True,True,True,True,True,True,True,True,True,True,True,True,True,True,3,1.0,True,True,True,False,False,False,False,False,False,False,False,True,True,38,0,False,7,1,0.1428571428571428,0.1335313926245225,0.12591627866066715,0.0,0.0,0.0,0.0,0.0,0.0,0.0,0.0,0.0,0.0,0.0,0.0,1.0,0.0,0.0,0,0,0,0,0,0,0,-0.7,4.370712874773608,True,False,False,True,True,True,2017-02-20,5.0,1.0,7.0
20908,Sparkling18,https://www.crunchbase.com/organization/sparkling18,Italy,45.4641943,9.1896346,2012,1.0,True,True,False,False,False,False,False,False,True,True,False,False,False,False,1,1,2,False,False,False,False,False,0.0,False,3.823255,False,2013-05-01,2013-05-01,Seed,2013,2.0,True,,False,,2.0,1.5,True,,False,,False,,False,False,False,,False,,False,,2,0,True,,True,True,,True,,True,,True,,True,,True,,True,False,True,False,2,,True,,True,True,,False,False,False,False,False,False,True,True,185,1,True,31,7,0.2258064516129032,0.2035989552412395,0.0,0.0,0.0,0.0,0.0,0.0,0.0,0.0,0.0,0.0,0.0,0.0,0.0,0.0,0.0,0.0,0,0,0,0,0,0,0,-0.7,4.370712874773608,False,False,False,False,False,False,,,4.0,8.0
20906,Tacatì,https://www.crunchbase.com/organization/tacat,Italy,44.8260126,8.2026863,2012,2.0,False,False,False,False,False,True,True,False,False,False,False,False,False,False,1,1,2,False,False,False,False,False,0.0,False,1.319724,False,2013-09-02,2013-09-02,Seed,2013,49.5,False,,True,,6.0,9.0,False,,False,,True,,False,False,False,,False,,False,,0,0,False,,False,False,,False,,False,,False,,False,,False,,False,False,False,False,1,,True,,False,True,,False,False,False,False,False,False,True,True,37,0,False,0,0,0.0,0.0,0.10500806957463424,0.5346526629302873,0.10500806957463436,0.9642972562859402,0.10500806957463436,0.5346526629302873,0.9642972562859402,0.0,0.0,0.0,0.958922838952452,0.958922838952452,0.958922838952452,0.0,0.0,0.0,0,0,0,0,1,1,1,-0.7,4.370712874773608,False,False,False,False,False,False,,,0.0,0.0
20209,TENSIVE,https://www.crunchbase.com/organization/tensive,Italy,45.4641943,9.1896346,2012,5.0,True,True,False,False,True,False,False,True,False,False,False,False,False,False,4,1,2,False,False,False,False,False,0.0,False,0.054625,True,2016-01-08,2016-01-08,Series A,2016,56.0,True,,True,,7.5,151.0,False,,False,,False,,False,False,False,,False,,False,,1,0,True,,False,True,,True,,True,,True,,True,,True,,True,False,True,False,1,,True,,False,True,,False,False,False,False,False,False,True,True,185,1,True,31,7,0.2258064516129032,0.2035989552412395,0.0,0.34874502277265496,0.0,0.6974900455453099,0.0,0.34874502277265496,0.6974900455453099,0.0,0.0,0.0,0.6974900455453099,0.6974900455453099,0.6974900455453099,3.0,0.0,0.0687619531421999,0,0,0,0,0,0,0,-0.7,4.35799005684564,False,False,True,False,True,True,,,4.0,8.0
20905,Svinando,https://www.crunchbase.com/organization/svinando,Italy,45.0677551,7.6824892,2012,2.0,False,False,False,False,False,True,True,False,False,False,False,False,False,False,2,1,2,False,True,False,False,False,1.0,True,0.136279,True,2014-06-01,2014-06-01,Seed,2014,43.5,True,True,False,False,3.0,6.0,False,False,False,False,False,False,True,False,False,True,False,False,False,False,2,1,True,True,True,True,True,True,True,True,True,True,True,True,True,True,True,True,True,True,True,2,1.0,True,True,True,False,False,False,False,False,False,False,False,True,True,38,0,False,7,1,0.1428571428571428,0.1335313926245225,0.12591627866066715,0.0,0.0,0.0,0.0,0.0,0.0,0.0,0.0,0.0,0.0,0.0,0.0,1.0,0.0,0.0,0,0,0,0,0,0,0,-0.7,3.977810745966149,True,False,False,True,True,True,2018-03-29,6.0,1.0,7.0
20901,Pathflow,https://www.crunchbase.com/organization/pathflow,Italy,41.8933203,12.4829321,2012,1.0,True,False,False,False,False,True,False,False,False,True,True,False,False,False,1,1,3,False,False,False,False,False,0.0,False,0.140517,True,2013-08-25,2013-08-25,Seed,2013,48.333333333333336,False,,True,,4.0,10.0,False,,False,,True,,False,True,False,,True,,True,,0,0,False,,False,False,,False,,False,,False,,False,,False,,False,False,False,False,3,,True,,True,True,,False,False,False,False,False,False,True,True,55,1,True,11,5,0.4545454545454545,0.3746934494414106,0.477186331368922,0.43287295362594846,0.40607467753004095,0.47718633136892186,0.40607467753004095,0.43287295362594846,0.47718633136892186,0.0,0.0,0.0,0.1694075670400235,0.00941470035542199,0.25011815735391424,1.0,3.0,0.1274617638294791,0,0,0,0,0,0,0,-0.7,4.370712874773608,False,False,False,False,False,False,,,9.200000000000005,30.200000000000003
20892,Buru Buru,https://www.crunchbase.com/organization/buru-buru,Italy,43.7697955,11.2556404,2012,3.0,False,False,False,False,False,True,False,False,False,True,True,False,False,False,0,2,4,True,True,False,False,False,1.0,True,1.302629,False,2012-08-01,2014-11-19,Seed,2012,47.4,True,False,True,True,0.2,10.4,False,False,True,True,True,False,False,False,False,False,True,False,False,False,1,0,True,False,False,True,False,True,False,True,False,True,False,True,False,True,False,True,False,True,False,5,2.0,True,True,True,True,True,False,False,False,False,False,False,True,True,10,0,False,6,2,0.3333333333333333,0.2876820724517809,0.24945797158136823,0.19956637726509469,0.0,0.24945797158136832,0.0,0.16630531438757887,0.24945797158136832,0.24945797158136832,0.24945797158136832,0.24945797158136832,0.09978318863254734,0.0,0.24945797158136832,3.0,0.0,0.0687619531421999,0,0,0,0,0,0,0,-0.7,4.624972813284271,False,False,False,False,False,False,,,1.200000000000001,10.2
20888,eBoox,https://www.crunchbase.com/organization/eboox,Italy,45.4641943,9.1896346,2012,1.0,True,True,False,False,False,True,True,False,False,False,False,False,True,False,0,3,3,True,True,False,False,False,1.0,True,2.06427,False,2012-12-01,2015-05-06,Seed,2012,27.25,True,True,False,False,1.7,8.8,False,False,True,True,True,False,False,False,False,False,False,False,False,False,4,1,True,True,True,True,True,True,True,True,True,True,True,True,True,True,True,True,True,True,True,4,1.0,True,True,True,True,True,False,False,False,False,False,False,True,True,185,1,True,31,7,0.2258064516129032,0.2035989552412395,0.0,0.0,0.0,0.0,0.0,0.0,0.0,0.0,0.0,0.0,0.0,0.0,0.0,6.0,6.0,0.3031924594922654,1,0,0,0,0,1,0,-0.7,4.624972813284271,False,False,False,False,False,False,,,4.0,8.0
20886,Retail Applications,https://www.crunchbase.com/organization/retapps,Italy,45.7795804,10.425873,2012,1.0,True,False,False,False,False,True,False,False,False,True,False,False,False,False,1,1,3,False,False,False,False,False,0.0,False,0.473285,True,2013-10-09,2013-10-09,Seed,2013,3.6666666666666665,False,,True,,13.0,0.0,False,,False,,False,,False,False,False,,True,,False,,0,0,False,,False,False,,False,,False,,False,,False,,False,,False,False,False,False,2,,True,,True,True,,False,False,False,False,False,False,True,True,7,0,False,0,0,0.0,0.0,0.1023356932338544,0.10233569323385432,0.10233569323385432,0.10233569323385432,0.10233569323385432,0.10233569323385432,0.10233569323385432,0.0,0.0,0.0,0.0,0.0,0.0,0.0,0.0,0.0,0,0,0,0,1,0,0,-0.7,4.370712874773608,False,False,False,False,False,False,,,0.4000000000000003,0.4000000000000003
20930,20lines,https://www.crunchbase.com/organization/20lines,Italy,45.6279075,12.3747797,2012,4.0,False,False,False,False,False,True,False,False,False,False,True,False,False,False,0,3,4,True,False,False,False,False,0.0,False,1.245557,False,2012-11-15,2014-06-01,Seed,2012,39.166666666666664,True,,True,,2.0,8.3,False,,False,,True,,False,True,False,,True,,True,,1,0,True,,False,True,,True,,True,,True,,True,,True,,True,False,True,False,6,,True,,True,True,,False,False,False,False,False,False,True,True,10,0,False,13,1,0.0769230769230769,0.0741079721537218,0.24868984341073422,0.20724153617561183,0.0,0.2486898434107342,0.0,0.20724153617561183,0.2486898434107342,0.0,0.0,0.0,0.08289661447024473,0.0,0.2486898434107342,13.0,0.0,0.1930392076040493,1,0,0,0,0,0,0,-0.7,4.624972813284271,True,False,False,True,True,True,2018-11-09,6.0,3.0,23.0
20952,Cabeo,https://www.crunchbase.com/organization/cabeo,Italy,45.4641943,9.1896346,2012,1.0,False,True,False,False,True,True,False,False,False,True,False,False,False,False,1,1,2,False,False,False,False,False,0.0,False,0.066099,True,2013-08-01,2013-08-01,Seed,2013,8.0,True,,True,,6.5,1.0,False,,False,,False,,False,False,False,,False,,False,,1,0,True,,False,True,,True,,True,,True,,True,,True,,True,False,True,False,1,,True,,False,True,,False,False,False,False,False,False,True,True,185,1,True,31,7,0.2258064516129032,0.2035989552412395,0.0,0.479461419476226,0.0,0.958922838952452,0.0,0.479461419476226,0.958922838952452,0.0,0.0,0.0,0.958922838952452,0.958922838952452,0.958922838952452,1.0,0.0,0.0,0,0,0,0,0,0,0,-0.7,4.370712874773608,False,False,False,False,False,False,,,4.0,8.0
20640,Wiman,https://www.crunchbase.com/organization/wiman,Italy,44.4938203,11.3426327,2012,2.0,True,False,False,False,False,False,False,False,False,True,False,False,False,False,1,3,5,True,True,False,True,False,1.0,True,1.427159,False,2013-09-27,2016-12-19,Seed,2013,38.72727272727273,True,False,True,True,6.6,7.7,False,False,True,True,True,False,False,True,False,False,True,False,True,False,0,0,False,False,False,True,False,False,False,False,False,False,False,False,False,False,False,False,False,False,False,10,2.0,True,True,False,True,True,True,True,False,False,False,False,True,False,16,1,True,2,0,0.0,0.0,0.2007881922946392,0.1876084792364625,0.08080667722277089,0.2957743787984321,0.08080667722277089,0.18467965411242324,0.2957743787984321,0.2007881922946392,0.2007881922946392,0.2007881922946392,0.10280823888478666,0.0,0.3169982081628628,3.0,0.0,0.0687619531421999,0,0,0,0,1,0,1,-0.7,4.370712874773608,False,False,False,False,False,False,,,2.0,2.2
21020,Regalister,https://www.crunchbase.com/organization/regalister,Italy,45.0677551,7.6824892,2012,1.0,False,False,False,False,False,False,False,False,False,True,False,False,False,False,2,1,1,False,False,True,False,False,0.0,False,0.064613,True,2014-09-11,2014-09-11,Seed,2014,63.0,False,,True,,1.0,9.0,False,,False,,False,,False,False,False,,True,,False,,0,0,False,,False,False,,False,,False,,False,,False,,False,,False,False,False,False,1,,True,,True,True,,False,False,False,False,False,False,True,True,38,0,False,7,2,0.2857142857142857,0.251314428280906,0.12591627866066715,0.12591627866066704,0.12591627866066704,0.12591627866066704,0.12591627866066704,0.12591627866066704,0.12591627866066704,0.0,0.0,0.0,0.0,0.0,0.0,7.0,2.0,0.2385349642571501,1,0,0,0,1,1,1,-0.7,3.977810745966149,False,False,False,False,False,False,,,1.0,7.0
20657,Bauzaar,https://www.crunchbase.com/organization/bauzaar,Italy,45.4641943,9.1896346,2012,1.0,False,True,False,False,True,True,False,False,False,False,False,False,False,False,2,2,3,False,False,False,False,False,0.0,False,0.278731,True,2014-01-21,2015-09-05,Seed,2014,38.0,True,,True,,6.0,10.0,False,,False,,True,,False,False,False,,False,,True,,2,0,True,,False,True,,True,,True,,True,,True,,True,,True,False,True,False,3,,True,,True,True,,False,False,False,False,False,False,True,True,185,1,True,31,6,0.1935483870967742,0.1769307081590782,0.0,0.08289661447024473,0.0,0.2486898434107342,0.0,0.08289661447024473,0.2486898434107342,0.0,0.0,0.0,0.16579322894048945,0.0,0.2486898434107342,9.0,5.0,0.3244022507476923,1,0,0,0,0,1,1,-0.7,3.977810745966149,True,False,False,True,True,True,2016-12-12,4.0,4.0,8.0
21018,Stylenda,https://www.crunchbase.com/organization/stylenda,Italy,45.6279075,12.3747797,2012,2.0,False,False,False,False,True,True,False,False,False,False,False,False,False,False,1,1,1,False,False,True,False,False,0.0,False,0.0,True,2013-01-01,2013-01-01,Seed,2013,78.0,True,,False,,8.0,19.0,False,,False,,True,,False,False,False,,False,,True,,1,0,True,,True,True,,True,,True,,True,,True,,True,,True,False,True,False,1,,True,,True,False,,False,False,False,False,False,False,True,True,10,0,False,13,2,0.1538461538461538,0.1431008436406733,0.24868984341073422,0.0,0.0,0.0,0.0,0.0,0.0,0.0,0.0,0.0,0.0,0.0,0.0,19.0,3.0,0.3558840278318814,1,0,0,0,1,1,0,-0.7,4.370712874773608,False,False,False,False,False,False,,,3.0,23.0
20962,Where's Up,https://www.crunchbase.com/organization/wheres-up,Italy,45.7310782,12.6800084,2012,4.0,False,False,False,False,False,True,False,False,False,True,True,False,False,False,1,1,1,False,False,True,False,False,0.0,False,0.067717,True,2013-11-01,2013-11-01,Seed,2013,63.0,False,,True,,0.0,9.0,False,,False,,False,,False,False,False,,True,,False,,0,0,False,,False,False,,False,,False,,False,,False,,False,,False,False,False,False,1,,True,,True,True,,False,False,False,False,False,False,True,True,8,0,False,0,0,0.0,0.0,0.2731534623173034,0.2731534623173034,0.2731534623173034,0.2731534623173034,0.2731534623173034,0.2731534623173034,0.2731534623173034,0.0,0.0,0.0,0.0,0.0,0.0,5.0,3.0,0.2364468810362113,1,0,0,0,1,1,0,-0.7,4.370712874773608,False,False,False,False,False,False,,,3.0,24.200000000000006
21011,ElasticDot,https://www.crunchbase.com/organization/elasticdot,Italy,45.4641943,9.1896346,2012,2.0,True,True,False,False,False,False,False,False,False,True,True,False,False,False,1,1,2,False,False,False,False,False,0.0,False,0.195,True,2013-02-09,2013-02-09,Seed,2013,29.5,True,,True,,4.0,7.0,False,,False,,True,,False,False,False,,False,,False,,1,0,True,,False,True,,True,,True,,True,,True,,True,,True,False,True,False,2,,True,,True,True,,False,False,False,False,False,False,True,True,185,1,True,31,7,0.2258064516129032,0.2035989552412395,0.0,0.23859316568446093,0.0,0.47718633136892186,0.0,0.23859316568446093,0.47718633136892186,0.0,0.0,0.0,0.47718633136892186,0.47718633136892186,0.47718633136892186,2.0,0.0,0.0402231640645322,0,0,0,0,0,0,0,-0.7,4.370712874773608,False,False,False,False,False,False,,,4.0,8.0
20990,Henable,https://www.crunchbase.com/organization/h-enable,Italy,45.6279075,12.3747797,2012,2.0,True,False,False,False,False,True,False,False,False,True,False,False,True,False,0,2,2,False,False,False,False,False,0.0,False,0.037732,True,2012-09-01,2016-01-01,Seed,2012,71.5,True,,True,,5.0,10.0,False,,False,,True,,False,False,False,,False,,True,,1,0,True,,False,True,,True,,True,,True,,True,,True,,True,False,True,False,2,,True,,True,False,,False,False,False,False,False,False,True,True,10,0,False,13,2,0.1538461538461538,0.1431008436406733,0.24868984341073422,0.18594401095873014,0.0,0.3718880219174603,0.0,0.18594401095873014,0.3718880219174603,0.0,0.0,0.0,0.3718880219174603,0.3718880219174603,0.3718880219174603,9.0,0.0,0.1596603108602024,0,0,0,0,0,0,0,-0.7,4.624972813284271,False,False,False,False,False,False,,,3.0,23.0
20978,RingTu,https://www.crunchbase.com/organization/ringtu,Italy,41.4595261,13.0125912,2012,1.0,False,False,False,False,False,False,False,False,False,True,False,False,False,True,1,1,1,False,False,True,False,False,0.0,False,0.05,True,2013-11-01,2013-11-01,Seed,2013,685.0,False,,True,,2.0,53.0,False,,True,,False,,False,False,False,,False,,True,,0,0,False,,False,False,,False,,False,,False,,False,,False,,False,False,False,False,0,,False,,False,True,,False,False,False,False,False,False,True,True,0,0,False,0,0,0.0,0.0,0.5416013727435445,1.4054344815989153,1.4054344815989153,1.4054344815989153,1.4054344815989153,1.4054344815989153,1.4054344815989153,0.0,0.0,0.0,0.0,0.0,0.0,0.0,0.0,0.0,0,0,0,0,1,1,1,-0.7,4.370712874773608,False,False,False,False,False,False,,,0.0,0.0
20975,Bad Seed Entertainment,https://www.crunchbase.com/organization/bad-seed-entertainment,Italy,45.4641943,9.1896346,2012,3.0,False,True,False,False,False,False,False,False,False,False,True,False,False,False,0,2,2,False,False,False,False,False,0.0,False,0.357477,True,2012-10-01,2014-07-16,Seed,2012,54.5,True,,True,,0.5,5.0,False,,False,,True,,False,False,False,,False,,False,,1,0,True,,False,True,,True,,True,,True,,True,,True,,True,False,True,False,1,,True,,False,True,,True,True,False,False,False,False,True,False,185,1,True,31,7,0.2258064516129032,0.2035989552412395,0.0,4.976415436800212,0.0,9.952830873600425,0.0,4.976415436800212,9.952830873600425,0.0,0.0,0.0,9.952830873600425,9.952830873600425,9.952830873600425,1.0,0.0,0.0,0,0,0,0,0,0,0,-0.7,4.624972813284271,False,False,False,False,False,False,,,4.0,8.0
20737,Nutrivend,https://www.crunchbase.com/organization/nutrivend,Italy,43.923546,10.889114,2012,3.0,False,False,False,False,False,True,True,True,False,False,False,False,False,False,5,1,2,False,False,False,False,False,2.0,True,0.805838,True,2017-03-17,2017-03-17,Seed,2017,114.5,False,False,True,True,18.0,14.0,False,False,True,True,False,False,False,False,False,False,True,True,False,False,0,0,False,False,False,False,False,False,False,False,False,False,False,False,False,False,False,False,False,False,False,0,0.0,False,False,False,False,False,False,False,False,False,False,False,True,True,12,0,False,0,0,0.0,0.0,0.21769071868794912,1.3431769980602497,1.3431769980602497,1.3431769980602497,0.0,0.0,0.0,1.3431769980602497,1.3431769980602497,1.3431769980602497,0.0,0.0,0.0,0.0,0.0,0.0,0,0,0,0,1,1,0,-0.7,4.906755163608864,False,False,False,False,False,False,,,0.0,0.6000000000000001
20746,Mangatar,https://www.crunchbase.com/organization/mangatar,Italy,45.4641943,9.1896346,2012,2.0,False,True,False,False,False,False,False,False,False,True,True,False,False,False,0,1,1,False,False,True,False,False,0.0,False,0.0,True,2012-12-29,2012-12-29,Venture - Series Unknown,2012,14.0,True,,False,,6.0,0.0,False,,False,,True,,False,False,False,,False,,False,,1,0,True,,True,True,,True,,True,,True,,True,,True,,True,False,True,False,1,,True,,True,True,,False,False,False,False,False,False,True,True,185,1,True,31,7,0.2258064516129032,0.2035989552412395,0.0,0.0,0.0,0.0,0.0,0.0,0.0,0.0,0.0,0.0,0.0,0.0,0.0,1.0,1.0,0.0637308819147395,0,0,0,0,0,0,0,-0.7,4.624972813284271,False,False,True,False,True,True,,,4.0,8.0
20740,marinanow,https://www.crunchbase.com/organization/marinanow,Italy,39.2171994,9.113311,2012,3.0,False,False,False,False,False,True,False,False,False,False,False,False,False,False,2,2,3,True,True,False,False,False,2.0,True,1.089779,False,2014-07-28,2017-08-02,Seed,2014,30.0,True,True,True,True,3.8,6.0,False,False,False,False,False,False,False,False,False,False,False,False,False,False,1,1,True,True,False,True,True,True,True,True,True,True,True,True,True,True,True,True,True,True,True,4,2.0,True,True,True,True,True,False,False,False,False,False,False,True,True,3,0,False,3,2,0.6666666666666666,0.5108256237659906,0.6353577151074857,0.5209967745417281,0.0,0.6946623660556375,0.6946623660556375,0.6946623660556375,0.6946623660556375,0.0,0.34733118302781874,0.6946623660556375,0.34733118302781874,0.0,0.6946623660556375,0.0,0.0,0.0,0,0,0,0,1,1,0,-0.7,3.977810745966149,False,False,False,False,False,False,,,0.0,1.0
21015,News@me,https://www.crunchbase.com/organization/news-me-2,Italy,41.8933203,12.4829321,2013,2.0,False,False,False,False,False,False,False,False,False,True,True,False,False,False,0,1,1,False,False,True,True,False,0.0,False,0.15,True,2013-09-12,2013-09-12,Pre-Seed,2013,42.0,True,,False,,6.0,7.0,False,,False,,False,,False,False,False,,False,,False,,1,0,True,,True,True,,True,,True,,True,,True,,True,,True,False,True,False,1,,True,,True,False,,False,False,False,False,False,False,True,True,55,1,True,19,5,0.2631578947368421,0.2336148511815051,0.477186331368922,0.0,0.0,0.0,0.0,0.0,0.0,0.0,0.0,0.0,0.0,0.0,0.0,1.0,3.0,0.1274617638294791,0,0,0,0,0,0,0,-0.08,4.370712874773608,False,False,False,False,False,False,,,9.200000000000005,30.200000000000003
21008,Makoo,https://www.crunchbase.com/organization/makoo,Italy,45.6279075,12.3747797,2013,1.0,False,False,False,False,True,True,False,False,False,True,True,False,False,False,0,1,1,False,False,True,False,False,0.0,False,0.02004,True,2013-09-15,2013-09-15,Seed,2013,78.0,True,,False,,8.0,19.0,False,,False,,True,,False,False,False,,False,,True,,1,0,True,,True,True,,True,,True,,True,,True,,True,,True,False,True,False,1,,True,,True,False,,False,False,False,False,False,False,True,True,10,0,False,21,3,0.1428571428571428,0.1335313926245225,0.24868984341073422,0.0,0.0,0.0,0.0,0.0,0.0,0.0,0.0,0.0,0.0,0.0,0.0,19.0,3.0,0.3558840278318814,1,0,0,0,1,1,0,-0.08,4.370712874773608,False,False,False,False,False,False,,,3.0,23.0
21009,Kunerango,https://www.crunchbase.com/organization/kunerango,Italy,45.6279075,12.3747797,2013,5.0,True,False,False,False,False,True,False,False,False,False,False,False,False,False,0,2,1,True,False,True,False,False,0.0,False,0.17864,True,2013-07-16,2014-03-17,Seed,2013,78.0,True,,False,,8.5,19.0,False,,False,,True,,False,False,False,,False,,True,,2,0,True,,True,True,,True,,True,,True,,True,,True,,True,False,True,False,2,,True,,True,False,,False,False,False,False,False,False,True,True,10,0,False,21,3,0.1428571428571428,0.1335313926245225,0.24868984341073422,0.0,0.0,0.0,0.0,0.0,0.0,0.0,0.0,0.0,0.0,0.0,0.0,23.0,9.0,0.4582184306356544,1,0,0,0,1,1,1,-0.08,4.370712874773608,False,False,False,False,False,False,,,3.0,23.0
21006,ZenSuite,https://www.crunchbase.com/organization/zensuite,Italy,45.6279075,12.3747797,2013,3.0,False,False,False,False,False,True,False,False,False,True,False,False,False,False,0,2,2,False,False,False,False,False,0.0,False,0.074517,True,2013-10-01,2014-01-20,Seed,2013,39.5,True,,True,,8.0,9.5,False,,False,,True,,False,True,False,,False,,True,,1,0,True,,False,True,,True,,True,,True,,True,,True,,True,False,True,False,1,,True,,False,True,,False,False,False,False,False,False,True,True,10,0,False,21,3,0.1428571428571428,0.1335313926245225,0.24868984341073422,0.5630573911827601,0.0,1.1261147823655202,0.0,0.5630573911827601,1.1261147823655202,0.0,0.0,0.0,1.1261147823655202,1.1261147823655202,1.1261147823655202,19.0,3.0,0.3558840278318814,1,0,0,0,1,1,0,-0.08,4.370712874773608,False,False,False,False,False,False,,,3.0,23.0
21021,Eyeonplay,https://www.crunchbase.com/organization/foooblr,Italy,45.6279075,12.3747797,2013,4.0,False,False,False,False,False,True,False,False,False,True,True,False,False,False,0,1,1,False,False,True,False,False,0.0,False,0.019811,True,2013-01-01,2013-01-01,Seed,2013,78.0,True,,False,,8.0,19.0,False,,False,,True,,False,False,False,,False,,True,,1,0,True,,True,True,,True,,True,,True,,True,,True,,True,False,True,False,1,,True,,True,False,,False,False,False,False,False,False,True,True,10,0,False,21,3,0.1428571428571428,0.1335313926245225,0.24868984341073422,0.0,0.0,0.0,0.0,0.0,0.0,0.0,0.0,0.0,0.0,0.0,0.0,19.0,3.0,0.3558840278318814,1,0,0,0,1,1,0,-0.08,4.370712874773608,False,False,False,False,False,False,,,3.0,23.0
21003,Weekend-a-gogo,https://www.crunchbase.com/organization/weekend-a-gogo,Italy,40.8358846,14.2487679,2013,1.0,False,False,False,False,False,True,False,False,False,False,False,False,False,False,0,1,1,False,False,True,False,False,0.0,False,0.45,True,2013-07-15,2013-07-15,Seed,2013,38.0,False,,True,,11.0,8.0,False,,False,,False,,False,False,False,,False,,False,,0,0,False,,False,False,,False,,False,,False,,False,,False,,False,False,False,False,1,,True,,True,True,,False,False,False,False,False,False,True,True,6,0,False,4,0,0.0,0.0,0.6579640257134732,0.6579640257134731,0.6579640257134731,0.6579640257134731,0.6579640257134731,0.6579640257134731,0.6579640257134731,0.0,0.0,0.0,0.0,0.0,0.0,0.0,0.0,0.0,0,0,0,0,1,0,0,-0.08,4.370712874773608,False,False,False,False,False,False,,,0.8000000000000007,3.0
20983,LIFE INTERACTION,https://www.crunchbase.com/organization/l1f3,Italy,45.6279075,12.3747797,2013,1.0,True,False,False,False,True,True,False,False,False,True,True,False,False,False,0,1,1,False,False,True,False,False,0.0,False,0.0,True,2013-01-01,2013-01-01,Seed,2013,78.0,True,,False,,8.0,19.0,False,,False,,True,,False,False,False,,False,,True,,1,0,True,,True,True,,True,,True,,True,,True,,True,,True,False,True,False,1,,True,,True,False,,False,False,False,False,False,False,True,True,10,0,False,21,3,0.1428571428571428,0.1335313926245225,0.24868984341073422,0.0,0.0,0.0,0.0,0.0,0.0,0.0,0.0,0.0,0.0,0.0,0.0,19.0,3.0,0.3558840278318814,1,0,0,0,1,1,0,-0.08,4.370712874773608,False,False,False,False,False,False,,,3.0,23.0
20992,Thingarage S.r.l.,https://www.crunchbase.com/organization/thingarage-s-r-l-,Italy,41.8933203,12.4829321,2013,3.0,True,False,False,False,True,False,False,False,False,True,False,False,False,False,0,1,2,False,False,False,False,False,0.0,False,0.082043,True,2013-12-20,2013-12-20,Seed,2013,63.0,True,,False,,1.5,4.0,False,,False,,True,,False,False,False,,True,,False,,2,0,True,,True,True,,True,,True,,True,,True,,True,,True,False,True,False,2,,True,,True,False,,False,False,False,False,False,False,True,True,55,1,True,19,5,0.2631578947368421,0.2336148511815051,0.477186331368922,0.0,0.0,0.0,0.0,0.0,0.0,0.0,0.0,0.0,0.0,0.0,0.0,10.0,3.0,0.2965770855466619,1,0,0,0,0,0,0,-0.08,4.370712874773608,False,False,False,False,False,False,,,9.200000000000005,30.200000000000003
21004,Mind The Place,https://www.crunchbase.com/organization/mind-the-place,Italy,45.4371908,12.3345898,2013,1.0,True,False,False,False,True,True,False,False,False,True,True,False,True,False,0,1,1,False,False,True,False,False,0.0,False,0.0,True,2013-11-11,2013-11-11,Seed,2013,63.0,False,,True,,0.0,9.0,False,,False,,False,,False,False,False,,True,,False,,0,0,False,,False,False,,False,,False,,False,,False,,False,,False,False,False,False,1,,True,,True,True,,False,False,False,False,False,False,True,True,10,0,False,3,2,0.6666666666666666,0.5108256237659906,0.24532739962629274,0.2453273996262926,0.2453273996262926,0.2453273996262926,0.2453273996262926,0.2453273996262926,0.2453273996262926,0.0,0.0,0.0,0.0,0.0,0.0,5.0,3.0,0.2364468810362113,1,0,0,0,1,1,0,-0.08,4.370712874773608,False,False,False,False,False,False,,,3.0,22.8
20999,Appydrink,https://www.crunchbase.com/organization/appydrink,Italy,45.4641943,9.1896346,2013,3.0,False,True,False,False,False,False,True,False,False,True,False,False,False,False,0,1,1,False,False,True,False,False,0.0,False,0.0,True,2013-05-01,2013-05-01,Seed,2013,63.0,True,,False,,0.0,9.0,False,,False,,False,,False,False,False,,True,,False,,1,0,True,,True,True,,True,,True,,True,,True,,True,,True,False,True,False,1,,True,,True,True,,False,False,False,False,False,False,True,True,185,1,True,51,13,0.2549019607843137,0.227057450635346,0.0,0.0,0.0,0.0,0.0,0.0,0.0,0.0,0.0,0.0,0.0,0.0,0.0,3.0,0.0,0.0687619531421999,0,0,0,0,0,0,0,-0.08,4.370712874773608,False,False,False,False,False,False,,,4.0,8.0
20993,Chef Dovunque,https://www.crunchbase.com/organization/chef-dovunque,Italy,45.4641943,9.1896346,2013,1.0,False,True,False,False,False,True,True,False,False,False,True,False,False,False,0,1,1,False,False,True,False,True,1.0,True,1.641367,False,2013-10-21,2013-10-21,Seed,2013,45.0,True,True,False,False,6.0,7.0,False,False,False,False,False,False,False,False,False,False,False,False,False,False,1,1,True,True,True,True,True,True,True,True,True,True,True,True,True,True,True,True,True,True,True,1,1.0,True,True,True,True,True,False,False,False,False,False,False,True,True,185,1,True,51,13,0.2549019607843137,0.227057450635346,0.0,0.0,0.0,0.0,0.0,0.0,0.0,0.0,0.0,0.0,0.0,0.0,0.0,1.0,0.0,0.0,0,0,0,0,0,0,0,-0.08,4.370712874773608,False,False,False,False,False,False,,,4.0,8.0
20982,Pinevent,https://www.crunchbase.com/organization/pinevent,Italy,45.4641943,9.1896346,2013,1.0,False,True,False,False,False,False,False,False,False,True,False,False,False,False,0,1,1,False,False,True,False,False,0.0,False,0.0,True,2013-05-01,2013-05-01,Seed,2013,63.0,True,,False,,0.0,9.0,False,,False,,False,,False,False,False,,True,,False,,1,0,True,,True,True,,True,,True,,True,,True,,True,,True,False,True,False,1,,True,,True,True,,False,False,False,False,False,False,True,True,185,1,True,51,13,0.2549019607843137,0.227057450635346,0.0,0.0,0.0,0.0,0.0,0.0,0.0,0.0,0.0,0.0,0.0,0.0,0.0,3.0,0.0,0.0687619531421999,0,0,0,0,0,0,0,-0.08,4.370712874773608,False,False,False,False,False,False,,,4.0,8.0
20738,Le Cicogne,https://www.crunchbase.com/organization/le-cicogne,Italy,41.8933203,12.4829321,2013,3.0,False,False,False,False,False,True,False,True,False,True,False,False,False,False,0,3,7,True,True,False,True,False,1.0,True,0.569361,True,2013-04-11,2016-07-22,Seed,2013,51.7,True,False,True,True,2.9,4.9,False,False,False,False,True,True,False,False,False,False,True,False,False,False,5,0,True,False,False,True,False,True,False,True,False,True,False,True,False,True,False,True,False,True,False,10,1.0,True,True,True,True,True,False,False,False,False,False,False,True,True,55,1,True,19,5,0.2631578947368421,0.2336148511815051,0.477186331368922,0.2389165901161575,0.0,0.48042057568588764,0.0,0.2124421744214059,0.48042057568588764,0.47718633136892186,0.47718633136892186,0.47718633136892186,0.2802505471054844,0.0,0.48042057568588764,29.0,13.0,0.5112915150120901,1,1,1,1,1,1,0,-0.08,4.370712874773608,False,False,False,False,False,False,,,9.200000000000005,30.200000000000003
20799,What a Space,https://www.crunchbase.com/organization/what-a-space,Italy,45.4641943,9.1896346,2013,2.0,True,True,False,False,False,True,False,False,False,True,True,False,True,True,1,3,2,True,True,False,True,False,2.0,True,0.1,True,2014-01-01,2015-12-23,Seed,2014,64.5,False,False,True,True,0.2,5.5,False,False,False,False,True,True,False,False,False,False,False,False,False,False,0,0,False,False,False,False,False,False,False,False,False,False,False,False,False,False,False,False,False,False,False,2,1.0,True,True,False,True,True,False,False,False,False,False,False,True,True,185,1,True,51,13,0.2549019607843137,0.227057450635346,0.0,0.6563544070979144,0.12591627866066704,1.1867925355351614,0.12591627866066704,0.6563544070979144,1.1867925355351614,0.12591627866066704,0.6563544070979144,1.1867925355351614,0.7074425701312379,0.0,1.0611638551968567,3.0,5.0,0.2335038930296898,1,0,0,0,0,1,0,-0.08,3.977810745966149,False,False,False,False,False,False,,,4.0,8.0
20819,MySecretCase s.r.l.,https://www.crunchbase.com/organization/mysecretcase-s-r-l,Italy,45.4641943,9.1896346,2013,1.0,False,True,False,False,False,False,False,False,False,True,False,False,False,False,1,1,1,False,False,True,False,True,1.0,True,0.0,True,2014-06-01,2014-06-01,Venture - Series Unknown,2014,47.0,True,True,False,False,0.0,13.0,False,False,False,False,False,False,False,False,False,False,False,False,False,False,1,1,True,True,True,True,True,True,True,True,True,True,True,True,True,True,True,True,True,True,True,1,1.0,True,True,True,True,True,False,False,False,False,False,False,True,True,185,1,True,51,13,0.2549019607843137,0.227057450635346,0.0,0.0,0.0,0.0,0.0,0.0,0.0,0.0,0.0,0.0,0.0,0.0,0.0,0.0,0.0,0.0,0,0,0,0,0,0,0,-0.08,3.977810745966149,False,False,True,False,True,True,,,4.0,8.0
20816,Gourmant,https://www.crunchbase.com/organization/gourmant,Italy,43.7697955,11.2556404,2013,2.0,False,False,False,False,False,True,False,False,False,False,False,False,False,False,0,1,3,False,True,False,False,False,1.0,True,0.722424,True,2013-12-10,2013-12-10,Venture - Series Unknown,2013,54.0,True,False,True,True,0.3,10.3,False,False,True,True,True,False,False,False,False,False,True,False,False,False,1,0,True,False,False,True,False,True,False,True,False,True,False,True,False,True,False,True,False,True,False,3,1.0,True,True,True,True,True,False,False,False,False,False,False,True,True,10,0,False,11,3,0.2727272727272727,0.241162056816888,0.24945797158136823,0.16630531438757887,0.0,0.24945797158136832,0.0,0.12472898579068416,0.24945797158136832,0.24945797158136832,0.24945797158136832,0.24945797158136832,0.16630531438757887,0.0,0.24945797158136832,8.0,0.0,0.1492082812712644,0,0,0,0,0,0,0,-0.08,4.370712874773608,False,False,True,False,True,True,,,1.200000000000001,10.2
20792,Naboomboo,https://www.crunchbase.com/organization/naboomboo,Italy,45.0677551,7.6824892,2013,2.0,True,False,False,False,False,True,False,False,False,True,False,False,False,False,1,2,3,False,False,False,False,False,0.0,False,0.279247,True,2014-01-01,2015-09-07,Seed,2014,36.666666666666664,True,,True,,8.5,4.7,False,,False,,False,,False,False,False,,True,,False,,1,0,True,,False,True,,True,,True,,True,,True,,True,,True,False,True,False,3,,True,,True,True,,False,False,False,False,False,False,True,True,38,0,False,16,2,0.125,0.1177830356563834,0.12591627866066715,0.08394418577377803,0.0,0.12591627866066704,0.0,0.08394418577377803,0.12591627866066704,0.0,0.0,0.0,0.08394418577377803,0.0,0.12591627866066704,9.0,2.0,0.2606713688329527,1,0,0,0,1,1,1,-0.08,3.977810745966149,False,False,False,False,False,False,,,1.0,7.0
20759,Meritocracy,https://www.crunchbase.com/organization/meritocracy,Italy,45.4641943,9.1896346,2013,2.0,True,True,False,False,True,False,False,False,False,True,False,False,False,False,2,1,3,False,False,False,False,False,0.0,False,0.567017,True,2015-10-21,2015-10-21,Seed,2015,37.0,True,,True,,2.3,10.3,False,,False,,False,,False,False,False,,True,,False,,2,0,True,,False,True,,True,,True,,True,,True,,True,,True,False,True,False,2,,True,,False,True,,True,True,True,False,False,False,True,False,185,1,True,51,12,0.2352941176470588,0.2113090936672069,0.0,3.1900888722644707,0.0,9.570266616793411,0.0,3.1900888722644707,9.570266616793411,0.0,0.0,0.0,6.380177744528941,0.0,9.570266616793411,4.0,2.0,0.1919094156907527,1,0,0,0,0,0,0,-0.08,4.33990170837321,True,False,False,True,True,True,2018-06-05,5.0,4.0,8.0
20758,ClouDesire,https://www.crunchbase.com/organization/cloudesire,Italy,43.4714722,10.6797912,2013,4.0,True,False,False,False,False,True,False,False,False,True,False,False,False,False,2,2,2,False,False,False,False,False,0.0,False,0.65716,True,2015-03-31,2015-12-22,Seed,2015,122.5,False,,True,,12.5,23.0,False,,False,,True,,False,False,False,,False,,True,,0,0,False,,False,False,,False,,False,,False,,False,,False,,False,False,False,False,1,,True,,False,True,,False,False,False,False,False,False,True,True,2,0,False,4,1,0.25,0.2231435513142097,0.25114731053987616,0.5998879728966421,0.25114731053987605,0.948628635253408,0.25114731053987605,0.5998879728966421,0.948628635253408,0.0,0.0,0.0,0.6974900455453099,0.6974900455453099,0.6974900455453099,0.0,0.0,0.0,0,0,0,0,1,1,1,-0.08,4.33990170837321,True,False,False,True,True,True,2020-01-01,7.0,0.0,0.0
20786,Gnammo,https://www.crunchbase.com/organization/gnammo,Italy,45.0677551,7.6824892,2013,2.0,False,False,False,False,False,True,True,False,False,False,True,False,False,True,0,2,3,False,True,False,False,False,1.0,True,0.514176,True,2013-12-15,2015-06-30,Seed,2013,36.666666666666664,True,False,True,True,7.0,4.7,False,False,False,False,False,False,False,False,False,False,True,False,False,False,1,0,True,False,False,True,False,True,False,True,False,True,False,True,False,True,False,True,False,True,False,3,1.0,True,True,True,True,True,False,False,False,False,False,False,True,True,38,0,False,16,2,0.125,0.1177830356563834,0.12591627866066715,0.08394418577377803,0.0,0.12591627866066704,0.0,0.06295813933033352,0.12591627866066704,0.12591627866066704,0.12591627866066704,0.12591627866066704,0.08394418577377803,0.0,0.12591627866066704,5.0,1.0,0.1727159991214717,1,0,0,0,0,1,0,-0.08,4.370712874773608,False,False,False,False,False,False,,,1.0,7.0
20781,PubCoder,https://www.crunchbase.com/organization/pubcoder,Italy,45.0677551,7.6824892,2013,4.0,False,False,False,False,False,False,False,False,False,True,True,False,False,False,0,1,5,False,False,False,False,False,0.0,False,0.614441,True,2013-04-01,2013-04-01,Angel,2013,16.4,False,,True,,18.0,3.8,False,,False,,True,,False,True,False,,False,,True,,0,0,False,,False,False,,False,,False,,False,,False,,False,,False,False,False,False,2,,True,,False,True,,True,True,False,False,True,False,True,False,38,0,False,16,2,0.125,0.1177830356563834,0.12591627866066715,4.40370124108543,0.12591627866066704,11.12858637259855,0.12591627866066704,4.40370124108543,11.12858637259855,0.0,0.0,0.0,6.592633069855159,0.2486898434107342,11.002918796347817,1.0,0.0,0.0,0,0,0,0,0,0,0,-0.08,4.370712874773608,False,False,False,False,False,False,,,1.0,7.0
20779,GoalShouter,https://www.crunchbase.com/organization/goalshouter,Italy,45.4641943,9.1896346,2013,1.0,False,True,False,False,False,True,False,False,False,False,False,False,False,False,3,1,1,False,False,True,False,False,0.0,False,0.12,True,2016-03-10,2016-03-10,Seed,2016,0.0,False,,True,,10.0,545.0,False,,True,,True,,False,False,False,,False,,False,,0,0,False,,False,False,,False,,False,,False,,False,,False,,False,False,False,False,0,,False,,False,False,,True,True,True,True,False,False,False,False,185,1,True,51,13,0.2549019607843137,0.227057450635346,0.0,8.490215601419033,8.490215601419033,8.490215601419033,8.490215601419033,8.490215601419033,8.490215601419033,0.0,0.0,0.0,0.0,0.0,0.0,0.0,0.0,0.0,0,0,0,0,0,0,0,-0.08,4.35799005684564,False,False,False,False,False,False,,,4.0,8.0
20824,Pony Zero,https://www.crunchbase.com/organization/pony-zero,Italy,45.0677551,7.6824892,2013,2.0,True,False,False,False,True,False,False,False,False,False,False,False,False,False,0,3,3,True,False,False,False,False,0.0,False,0.720681,True,2013-10-01,2015-09-01,Seed,2013,38.0,False,,True,,6.8,5.8,False,,False,,False,,False,False,False,,True,,False,,0,0,False,,False,False,,False,,False,,False,,False,,False,,False,False,False,False,6,,True,,True,True,,False,False,False,False,False,False,True,True,38,0,False,16,2,0.125,0.1177830356563834,0.12591627866066715,0.12591627866066704,0.12591627866066704,0.12591627866066704,0.12591627866066704,0.12591627866066704,0.12591627866066704,0.0,0.0,0.0,0.0,0.0,0.0,9.0,1.0,0.223391192774942,1,0,0,0,1,1,1,-0.08,4.370712874773608,False,False,False,False,False,False,,,1.0,7.0
20912,MiniJob,https://www.crunchbase.com/organization/minijob,Italy,42.8834204,13.539593,2013,2.0,False,False,False,False,True,False,False,False,False,False,False,False,False,False,3,1,1,False,False,True,False,True,1.0,True,0.0,True,2016-03-17,2016-03-17,Seed,2016,2.0,True,True,False,False,3.0,0.0,False,False,False,False,True,True,False,False,False,False,False,False,False,False,1,1,True,True,True,True,True,True,True,True,True,True,True,True,True,True,True,True,True,True,True,1,1.0,True,True,True,False,False,False,False,False,False,False,False,True,True,4,0,False,0,0,0.0,0.0,0.45010877626494483,0.0,0.0,0.0,0.0,0.0,0.0,0.0,0.0,0.0,0.0,0.0,0.0,0.0,0.0,0.0,0,0,0,0,1,1,1,-0.08,4.35799005684564,False,False,False,False,False,False,,,0.0,0.0
20974,Re-bello,https://www.crunchbase.com/organization/re-bello,Italy,47.0037399,11.5047991,2013,1.0,False,False,False,False,True,True,False,False,False,False,True,False,False,False,2,1,1,False,False,True,False,False,0.0,False,0.0,True,2015-03-03,2015-03-03,Seed,2015,97.0,False,,True,,2.0,7.0,False,,False,,True,,False,False,False,,True,,False,,0,0,False,,False,False,,False,,False,,False,,False,,False,,False,False,False,False,1,,True,,True,False,,False,False,False,False,False,False,True,True,8,0,False,0,0,0.0,0.0,0.1261359522382662,0.5735190903620556,0.5735190903620556,0.5735190903620556,0.5735190903620556,0.5735190903620556,0.5735190903620556,0.0,0.0,0.0,0.0,0.0,0.0,0.0,0.0,0.0,0,0,0,0,1,1,1,-0.08,4.33990170837321,False,False,False,False,False,False,,,0.0,0.0
20972,Pitchtarget,https://www.crunchbase.com/organization/addictive,Italy,45.6333903,13.0449188,2013,1.0,True,False,False,False,False,False,False,False,False,True,True,False,False,False,0,1,1,False,False,True,False,False,0.0,False,0.0,True,2013-12-01,2013-12-01,Seed,2013,78.0,True,,False,,8.0,19.0,False,,False,,True,,False,False,False,,False,,True,,0,0,False,,False,True,,True,,False,,False,,False,,False,,False,False,False,False,1,,True,,True,False,,False,False,False,False,False,False,True,True,3,0,False,0,0,0.0,0.0,0.2999507737101881,0.05211108898197981,0.05211108898197981,0.05211108898197981,0.05211108898197981,0.05211108898197981,0.05211108898197981,0.0,0.0,0.0,0.0,0.0,0.0,0.0,0.0,0.0,0,0,0,0,1,1,1,-0.08,4.370712874773608,False,False,False,False,False,False,,,0.0,0.0
20971,Zuffle,https://www.crunchbase.com/organization/zuffle,Italy,46.61901,10.59136,2013,1.0,False,False,False,False,False,False,False,False,False,False,True,False,False,False,0,1,1,False,False,True,False,False,0.0,False,0.132787,True,2013-07-26,2013-07-26,Seed,2013,63.0,False,,True,,0.0,9.0,False,,False,,False,,False,False,False,,True,,False,,0,0,False,,False,False,,False,,False,,False,,False,,False,,False,False,False,False,1,,True,,True,True,,False,False,False,False,False,False,True,True,0,0,False,0,0,0.0,0.0,0.16790598944171337,0.1679059894417135,0.1679059894417135,0.1679059894417135,0.1679059894417135,0.1679059894417135,0.1679059894417135,0.0,0.0,0.0,0.0,0.0,0.0,0.0,0.0,0.0,0,0,0,0,1,1,1,-0.08,4.370712874773608,False,False,False,False,False,False,,,0.0,0.0
20967,appEatIT,https://www.crunchbase.com/organization/appeatit,Italy,39.2171994,9.113311,2013,4.0,False,False,False,False,False,True,True,False,False,True,True,False,False,False,0,1,2,False,False,False,True,False,0.0,False,0.149503,True,2013-11-27,2013-11-27,Pre-Seed,2013,63.0,False,,True,,1.5,4.0,False,,False,,True,,False,False,False,,True,,False,,0,0,False,,False,False,,False,,False,,False,,False,,False,,False,False,False,False,2,,True,,True,False,,False,False,False,False,False,False,True,True,3,0,False,4,2,0.5,0.4054651081081644,0.6353577151074857,0.41174379942115596,0.41174379942115596,0.41174379942115596,0.41174379942115596,0.41174379942115596,0.41174379942115596,0.0,0.0,0.0,0.0,0.0,0.0,0.0,0.0,0.0,0,0,0,0,1,1,0,-0.08,4.370712874773608,False,False,False,False,False,False,,,0.0,1.0
20965,BAASBOX,https://www.crunchbase.com/organization/baasbox,Italy,41.8933203,12.4829321,2013,2.0,True,False,False,False,False,False,False,False,False,True,False,False,False,False,0,2,4,True,False,False,False,False,0.0,False,0.446423,True,2013-09-16,2014-01-22,Seed,2013,46.6,True,,False,,5.0,4.0,False,,False,,True,,False,False,False,,True,,False,,4,0,True,,False,True,,True,,True,,True,,True,,True,,True,False,True,False,5,,True,,True,False,,False,False,False,False,False,False,True,True,55,1,True,19,5,0.2631578947368421,0.2336148511815051,0.477186331368922,0.01906218359399605,0.0,0.09531091796998024,0.0,0.01906218359399605,0.09531091796998024,0.0,0.0,0.0,0.0381243671879921,0.0,0.09531091796998024,12.0,7.0,0.3768801551063721,1,0,0,0,0,0,0,-0.08,4.370712874773608,False,False,False,False,False,False,,,9.200000000000005,30.200000000000003
20957,ezTaxi,https://www.crunchbase.com/organization/eztaxi,Italy,45.4641943,9.1896346,2013,1.0,False,True,False,False,True,False,False,False,True,True,False,False,False,False,0,1,1,False,False,True,False,False,0.0,False,0.0,True,2013-07-31,2013-07-31,Seed,2013,63.0,True,,False,,0.0,9.0,False,,False,,False,,False,False,False,,True,,False,,1,0,True,,True,True,,True,,True,,True,,True,,True,,True,False,True,False,1,,True,,True,True,,False,False,False,False,False,False,True,True,185,1,True,51,13,0.2549019607843137,0.227057450635346,0.0,0.0,0.0,0.0,0.0,0.0,0.0,0.0,0.0,0.0,0.0,0.0,0.0,3.0,0.0,0.0687619531421999,0,0,0,0,0,0,0,-0.08,4.370712874773608,False,False,False,False,False,False,,,4.0,8.0
20950,RiparAutOnline,https://www.crunchbase.com/organization/riparautonline,Italy,45.0677551,7.6824892,2013,2.0,False,False,False,False,True,True,False,False,False,False,False,False,False,True,0,2,2,False,False,False,False,False,0.0,False,0.290131,True,2013-07-25,2015-02-26,Seed,2013,45.5,True,,True,,8.0,5.0,False,,False,,False,,False,False,False,,True,,False,,1,0,True,,False,True,,True,,True,,True,,True,,True,,True,False,True,False,2,,True,,True,True,,False,False,False,False,False,False,True,True,38,0,False,16,2,0.125,0.1177830356563834,0.12591627866066715,0.06295813933033352,0.0,0.12591627866066704,0.0,0.06295813933033352,0.12591627866066704,0.0,0.0,0.0,0.12591627866066704,0.12591627866066704,0.12591627866066704,7.0,1.0,0.2012547881991394,1,0,0,0,1,1,1,-0.08,4.370712874773608,False,False,False,False,False,False,,,1.0,7.0
20844,Beast Technologies,https://www.crunchbase.com/organization/beast-technologies,Italy,45.4641943,9.1896346,2013,3.0,True,True,False,False,False,True,False,True,False,True,False,False,False,False,1,1,1,False,False,True,False,False,0.0,False,1.169238,False,2014-01-01,2014-01-01,Seed,2014,230.0,False,,True,,4.0,44.0,False,,False,,True,,False,False,False,,False,,False,,0,0,False,,False,False,,False,,False,,False,,False,,False,,False,False,False,False,0,,False,,False,True,,False,False,False,False,False,False,True,True,185,1,True,51,13,0.2549019607843137,0.227057450635346,0.0,0.6974900455453099,0.6974900455453099,0.6974900455453099,0.6974900455453099,0.6974900455453099,0.6974900455453099,0.0,0.0,0.0,0.0,0.0,0.0,3.0,0.0,0.0687619531421999,0,0,0,0,0,0,0,-0.08,3.977810745966149,False,False,False,False,False,False,,,4.0,8.0
20833,Viralize,https://www.crunchbase.com/organization/viralize,Italy,43.7697955,11.2556404,2013,3.0,False,False,False,False,False,False,False,False,False,False,True,False,False,False,0,4,4,True,True,False,False,False,1.0,True,1.984959,False,2012-08-01,2015-04-16,Seed,2012,50.0,True,False,True,True,0.2,10.2,False,False,True,True,True,False,False,False,False,False,True,False,False,False,1,0,True,False,False,True,False,True,False,True,False,True,False,True,False,True,False,True,False,True,False,6,2.0,True,True,True,True,True,False,False,False,False,False,False,True,True,10,0,False,11,2,0.1818181818181818,0.1670540846631661,0.24945797158136823,0.2078816429844736,0.0,0.24945797158136832,0.0,0.18709347868602624,0.24945797158136832,0.24945797158136832,0.24945797158136832,0.24945797158136832,0.08315265719378945,0.0,0.24945797158136832,7.0,0.0,0.1375239062843998,0,0,0,0,0,0,0,-0.08,4.624972813284271,True,False,False,True,True,True,2020-12-01,7.0,1.200000000000001,10.2
20830,GamePix,https://www.crunchbase.com/organization/gamepix,Italy,41.8933203,12.4829321,2013,2.0,False,False,False,False,True,False,False,False,False,False,True,False,False,False,0,1,2,False,False,False,False,False,0.0,False,0.0,True,2013-09-13,2013-09-13,Angel,2013,63.0,True,,False,,1.5,4.0,False,,False,,True,,False,False,False,,True,,False,,2,0,True,,True,True,,True,,True,,True,,True,,True,,True,False,True,False,2,,True,,True,False,,False,False,False,False,False,False,True,True,55,1,True,19,5,0.2631578947368421,0.2336148511815051,0.477186331368922,0.0,0.0,0.0,0.0,0.0,0.0,0.0,0.0,0.0,0.0,0.0,0.0,10.0,3.0,0.2965770855466619,1,0,0,0,0,0,0,-0.08,4.370712874773608,False,False,False,False,False,False,,,9.200000000000005,30.200000000000003
20885,Balzo,https://www.crunchbase.com/organization/balzo,Italy,43.7697955,11.2556404,2013,2.0,True,False,False,False,False,False,False,False,False,False,True,False,False,False,0,2,2,True,True,False,True,False,1.0,True,0.118586,True,2013-03-23,2014-04-03,Pre-Seed,2013,56.333333333333336,True,False,True,True,0.7,7.7,False,False,False,False,True,False,False,False,False,False,True,True,False,False,1,0,True,False,False,True,False,True,False,True,False,True,False,True,False,True,False,True,False,True,False,3,1.0,True,True,True,True,True,False,False,False,False,False,False,True,True,10,0,False,11,3,0.2727272727272727,0.241162056816888,0.24945797158136823,0.16630531438757887,0.0,0.24945797158136832,0.0,0.12472898579068416,0.24945797158136832,0.24945797158136832,0.24945797158136832,0.24945797158136832,0.16630531438757887,0.0,0.24945797158136832,8.0,1.0,0.212939163186004,1,0,0,0,1,0,0,-0.08,4.370712874773608,False,False,False,False,False,False,,,1.200000000000001,10.2
20884,CoRehab,https://www.crunchbase.com/organization/corehab,Italy,46.1029536,11.1297425,2013,2.0,False,False,False,False,False,True,False,True,False,False,False,False,False,False,0,1,1,False,False,True,False,False,0.0,False,0.0,True,2013-10-01,2013-10-01,Seed,2013,230.0,False,,True,,3.0,44.0,False,,False,,True,,False,False,False,,False,,False,,0,0,False,,False,False,,False,,False,,False,,False,,False,,False,False,False,False,0,,False,,False,True,,False,False,False,False,False,False,True,True,6,0,False,2,0,0.0,0.0,0.16636127848473134,0.7259631190545446,0.7259631190545446,0.7259631190545446,0.7259631190545446,0.7259631190545446,0.7259631190545446,0.0,0.0,0.0,0.0,0.0,0.0,1.0,0.0,0.0,0,0,0,0,1,1,1,-0.08,4.370712874773608,False,False,False,False,False,False,,,0.0,1.0
20882,NetLex,https://www.crunchbase.com/organization/netlex,Italy,41.6867015,12.7770433,2013,3.0,True,False,False,False,True,False,False,False,False,True,False,False,False,False,0,2,5,True,False,False,False,False,0.0,False,0.452379,True,2013-06-03,2014-03-31,Seed,2013,18.333333333333332,True,,True,,1.0,2.5,False,,False,,True,,False,True,False,,True,,False,,0,0,False,,False,True,,True,,True,,True,,False,,False,,False,False,False,False,5,,True,,False,False,,True,True,False,False,False,False,True,False,55,0,False,0,0,0.0,0.0,0.5097278277459999,0.12038180580227911,0.03350233193683936,0.5547791751294778,0.03350233193683936,0.12038180580227911,0.5547791751294778,0.0,0.0,0.0,0.1737590851800423,0.0,0.5212772555401268,11.0,4.0,0.3257255955787148,1,0,0,0,1,1,1,-0.08,4.370712874773608,True,False,False,True,True,True,2016-12-22,3.0,4.0,11.0
20875,XYZE,https://www.crunchbase.com/organization/xyze,Italy,45.6279075,12.3747797,2013,2.0,False,False,False,False,True,True,False,False,False,True,False,False,False,False,0,1,1,False,False,True,False,False,0.0,False,0.0,True,2013-01-01,2013-01-01,Seed,2013,78.0,True,,False,,8.0,19.0,False,,False,,True,,False,False,False,,False,,True,,1,0,True,,True,True,,True,,True,,True,,True,,True,,True,False,True,False,1,,True,,True,False,,False,False,False,False,False,False,True,True,10,0,False,21,3,0.1428571428571428,0.1335313926245225,0.24868984341073422,0.0,0.0,0.0,0.0,0.0,0.0,0.0,0.0,0.0,0.0,0.0,0.0,19.0,3.0,0.3558840278318814,1,0,0,0,1,1,0,-0.08,4.370712874773608,False,False,False,False,False,False,,,3.0,23.0
20853,Zing,https://www.crunchbase.com/organization/zing-2,Italy,45.6279075,12.3747797,2013,2.0,True,False,False,False,False,True,False,False,False,True,True,False,False,False,0,1,2,False,False,False,False,False,0.0,False,0.0,True,2013-07-01,2013-07-01,Seed,2013,70.5,True,,True,,4.0,14.0,False,,False,,True,,False,False,False,,True,,True,,1,0,True,,False,True,,True,,True,,True,,True,,True,,True,False,True,False,2,,True,,True,True,,False,False,False,False,False,False,True,True,10,0,False,21,3,0.1428571428571428,0.1335313926245225,0.24868984341073422,0.1243449217053671,0.0,0.2486898434107342,0.0,0.1243449217053671,0.2486898434107342,0.0,0.0,0.0,0.2486898434107342,0.2486898434107342,0.2486898434107342,22.0,2.0,0.343298060088781,1,0,0,0,0,0,0,-0.08,4.370712874773608,False,False,False,False,False,False,,,3.0,23.0
20848,Dottori.it,https://www.crunchbase.com/organization/dottori-it,Italy,45.4641943,9.1896346,2013,1.0,False,True,False,False,False,False,False,True,False,True,False,False,False,False,1,2,2,False,False,False,False,False,0.0,False,0.0,True,2014-04-02,2018-06-01,Seed,2014,15.0,True,,True,,3.0,7.0,False,,False,,False,,False,True,False,,False,,False,,0,0,False,,False,True,,True,,False,,False,,False,,False,,False,False,False,False,1,,True,,False,False,,False,False,False,False,True,False,True,True,185,1,True,51,12,0.2352941176470588,0.2113090936672069,0.0,0.2700431339797919,0.06289993659066194,0.47718633136892186,0.06289993659066194,0.2700431339797919,0.47718633136892186,0.0,0.0,0.0,0.5373919489601481,0.5373919489601481,0.5373919489601481,1.0,0.0,0.0,0,0,0,0,0,0,0,-0.08,3.977810745966149,True,False,False,True,True,True,2021-10-14,8.0,4.0,8.0
20712,ENJORE,https://www.crunchbase.com/organization/enjore,Italy,41.0477337,16.9204693,2013,1.0,False,False,False,False,False,True,False,False,False,True,True,False,False,False,2,1,1,False,False,True,False,False,0.0,False,0.543802,True,2015-04-27,2015-04-27,Venture - Series Unknown,2015,8.0,False,,True,,0.0,0.0,False,,False,,False,,False,False,False,,False,,False,,0,0,False,,False,False,,False,,False,,False,,False,,False,,False,False,False,False,1,,True,,True,False,,False,False,False,False,False,False,True,True,2,0,False,0,0,0.0,0.0,0.7950719052490312,0.7512519106710271,0.7512519106710271,0.7512519106710271,0.7512519106710271,0.7512519106710271,0.7512519106710271,0.0,0.0,0.0,0.0,0.0,0.0,0.0,0.0,0.0,0,0,0,0,1,1,0,-0.08,4.33990170837321,False,False,True,False,True,True,,,0.0,1.0
20143,Satispay,https://www.crunchbase.com/organization/satispay,Italy,45.4641943,9.1896346,2013,3.0,True,True,False,False,False,False,False,False,True,True,False,False,False,False,1,1,1,False,False,True,False,True,1.0,True,0.0,True,2014-07-01,2014-07-01,Venture - Series Unknown,2014,18.0,False,False,True,True,0.0,3.0,False,False,False,False,False,False,False,False,False,False,False,False,False,False,0,0,False,False,False,False,False,False,False,False,False,False,False,False,False,False,False,False,False,False,False,1,1.0,True,True,True,False,False,False,False,False,False,False,False,True,True,185,1,True,51,12,0.2352941176470588,0.2113090936672069,0.0,0.12591627866066704,0.12591627866066704,0.12591627866066704,0.0,0.0,0.0,0.12591627866066704,0.12591627866066704,0.12591627866066704,0.0,0.0,0.0,1.0,0.0,0.0,0,0,0,0,0,0,0,-0.08,3.977810745966149,False,True,True,True,True,True,,,4.0,8.0
20329,Kippy,https://www.crunchbase.com/organization/kippy,Italy,45.4641943,9.1896346,2013,1.0,False,True,False,False,False,True,False,False,False,True,False,False,False,False,1,4,5,False,True,False,True,False,1.0,True,4.616326,False,2014-03-01,2019-07-11,Series A,2014,26.2,True,False,True,True,2.7,3.6,False,False,False,False,True,True,False,True,False,False,False,False,False,False,4,0,True,False,False,True,False,True,False,True,False,True,False,True,False,True,False,True,False,True,False,4,0.0,True,False,False,True,True,False,False,False,False,False,False,True,True,185,1,True,51,12,0.2352941176470588,0.2113090936672069,0.0,0.1917845677904904,0.0,0.958922838952452,0.0,0.0,0.0,0.958922838952452,0.958922838952452,0.958922838952452,0.3835691355809808,0.0,0.958922838952452,3.0,5.0,0.2335038930296898,1,0,0,0,0,1,0,-0.08,3.977810745966149,True,False,True,True,True,True,2023-05-28,10.0,4.0,8.0
20292,Buzzoole,https://www.crunchbase.com/organization/buzzoole,Italy,40.8358846,14.2487679,2013,4.0,True,False,False,False,False,False,False,False,False,True,True,False,False,False,0,1,2,False,True,False,False,False,1.0,True,0.241816,True,2013-11-12,2013-11-12,Series B,2013,40.0,True,False,True,True,5.5,3.0,False,False,False,False,True,True,False,False,False,False,False,False,False,False,0,0,False,False,False,True,False,True,False,True,False,False,False,False,False,False,False,False,False,False,False,2,1.0,True,True,True,True,True,False,False,False,False,False,False,True,True,6,0,False,4,0,0.0,0.0,0.6579640257134732,0.35242052287177267,0.046877020030072256,0.6579640257134731,0.046877020030072256,0.046877020030072256,0.046877020030072256,0.6579640257134731,0.6579640257134731,0.6579640257134731,0.6920616845162957,0.6920616845162957,0.6920616845162957,0.0,0.0,0.0,0,0,0,0,1,0,0,-0.08,4.370712874773608,False,False,True,False,True,True,,,0.8000000000000007,3.0
20212,Uala,https://www.crunchbase.com/organization/hairdressr,Italy,45.4641943,9.1896346,2013,4.0,False,True,False,False,True,True,False,True,False,True,False,False,False,False,0,1,1,False,False,True,False,False,0.0,False,0.0,True,2013-10-11,2013-10-11,Series A,2013,63.0,True,,False,,0.0,9.0,False,,False,,False,,False,False,False,,True,,False,,1,0,True,,True,True,,True,,True,,True,,True,,True,,True,False,True,False,1,,True,,True,True,,False,False,False,False,False,False,True,True,185,1,True,51,12,0.2352941176470588,0.2113090936672069,0.0,0.0,0.0,0.0,0.0,0.0,0.0,0.0,0.0,0.0,0.0,0.0,0.0,3.0,0.0,0.0687619531421999,0,0,0,0,0,0,0,-0.08,4.370712874773608,True,False,True,True,True,True,2022-09-07,9.0,4.0,8.0
20213,Velasca,https://www.crunchbase.com/organization/velasca,Italy,45.4641943,9.1896346,2013,2.0,False,True,False,False,True,True,False,False,False,False,False,False,False,False,1,2,4,True,False,False,True,False,0.0,False,0.530376,True,2014-09-17,2015-04-02,Series A,2014,32.6,True,,False,,2.0,5.8,False,,False,,True,,False,True,False,,True,,False,,5,0,True,,True,True,,True,,True,,True,,True,,True,,True,False,True,False,5,,True,,True,True,,False,False,False,False,False,False,True,True,185,1,True,51,13,0.2549019607843137,0.227057450635346,0.0,0.0,0.0,0.0,0.0,0.0,0.0,0.0,0.0,0.0,0.0,0.0,0.0,12.0,6.0,0.3646027143925694,1,0,0,0,1,1,1,-0.08,3.977810745966149,False,False,True,False,True,True,,,4.0,8.0
20644,Dianax,https://www.crunchbase.com/organization/dianax,Italy,45.4641943,9.1896346,2013,3.0,True,True,False,False,True,False,False,True,False,False,False,False,False,False,2,1,1,False,False,True,False,True,1.0,True,0.783414,True,2015-10-01,2015-10-01,Seed,2015,6.0,True,True,False,False,2.0,0.0,False,False,False,False,False,False,False,False,False,False,False,False,False,False,1,1,True,True,True,True,True,True,True,True,True,True,True,True,True,True,True,True,True,True,True,1,1.0,True,True,True,True,True,False,False,False,False,False,False,True,True,185,1,True,51,13,0.2549019607843137,0.227057450635346,0.0,0.0,0.0,0.0,0.0,0.0,0.0,0.0,0.0,0.0,0.0,0.0,0.0,0.0,0.0,0.0,0,0,0,0,0,0,0,-0.08,4.33990170837321,False,False,False,False,False,False,,,4.0,8.0
20638,CheckBonus,https://www.crunchbase.com/organization/checkbonus,Italy,45.4641943,9.1896346,2013,2.0,False,True,False,False,False,True,False,False,False,True,True,False,False,False,0,1,1,False,False,True,False,False,0.0,False,0.0,True,2013-07-18,2013-07-18,Venture - Series Unknown,2013,14.0,True,,False,,1.0,2.0,False,,False,,False,,False,False,False,,False,,False,,1,0,True,,True,True,,True,,True,,True,,True,,True,,True,False,True,False,1,,True,,True,True,,False,False,False,False,False,False,True,True,185,1,True,51,13,0.2549019607843137,0.227057450635346,0.0,0.0,0.0,0.0,0.0,0.0,0.0,0.0,0.0,0.0,0.0,0.0,0.0,1.0,1.0,0.0637308819147395,0,0,0,0,0,0,0,-0.08,4.370712874773608,False,False,True,False,True,True,,,4.0,8.0
20636,JotUrl,https://www.crunchbase.com/organization/joturl,Italy,43.7697955,11.2556404,2013,2.0,False,False,False,False,False,False,False,False,False,True,True,False,False,True,0,1,1,False,False,True,False,False,0.0,False,0.179284,True,2013-06-01,2013-06-01,Seed,2013,43.0,True,,False,,1.0,5.0,False,,False,,True,,False,False,False,,False,,False,,1,0,True,,True,True,,True,,True,,True,,True,,True,,True,False,True,False,1,,True,,True,False,,False,False,False,False,False,False,True,True,10,0,False,11,3,0.2727272727272727,0.241162056816888,0.24945797158136823,0.0,0.0,0.0,0.0,0.0,0.0,0.0,0.0,0.0,0.0,0.0,0.0,7.0,2.0,0.2385349642571501,1,0,0,0,1,1,0,-0.08,4.370712874773608,False,False,False,False,False,False,,,1.200000000000001,10.2
20689,WIB Machines,https://www.crunchbase.com/organization/wib-machines,Italy,38.1112268,13.3524434,2013,3.0,True,False,False,False,False,True,False,False,False,True,False,False,False,False,1,2,4,True,True,False,False,False,1.0,True,1.700114,False,2014-03-28,2015-11-03,Seed,2014,20.6,False,False,True,True,14.7,22.2,False,False,False,False,True,False,False,False,False,False,False,False,False,False,0,0,False,False,False,False,False,False,False,False,False,False,False,False,False,False,False,False,False,False,False,5,2.0,True,True,False,True,True,True,True,True,False,False,False,True,False,0,0,False,0,0,0.0,0.0,0.8871466874605993,1.8812932198721444,0.5639081897128456,7.175264379677624,0.5639081897128456,2.378366486077917,7.175264379677624,0.8871466874605992,0.8871466874605992,0.8871466874605992,2.2664045583092527,0.0,6.777095428852445,1.0,0.0,0.0,0,0,0,0,1,0,1,-0.08,3.977810745966149,False,False,False,False,False,False,,,1.2000000000000002,1.0
20697,wineOwine,https://www.crunchbase.com/organization/wineowine,Italy,41.8933203,12.4829321,2013,2.0,False,False,False,False,False,True,True,False,False,False,False,False,False,True,0,2,2,True,False,False,False,False,0.0,False,0.454393,True,2013-12-17,2014-12-04,Venture - Series Unknown,2013,74.33333333333333,True,,False,,1.3,5.0,False,,False,,True,,False,False,False,,True,,False,,3,0,True,,True,True,,True,,True,,True,,True,,True,,True,False,True,False,3,,True,,True,False,,False,False,False,False,False,False,True,True,55,1,True,19,5,0.2631578947368421,0.2336148511815051,0.477186331368922,0.0,0.0,0.0,0.0,0.0,0.0,0.0,0.0,0.0,0.0,0.0,0.0,12.0,9.0,0.3973969165066756,1,0,0,0,0,0,0,-0.08,4.370712874773608,False,False,True,False,True,True,,,9.200000000000005,30.200000000000003
20684,Scloby,https://www.crunchbase.com/organization/scloby,Italy,45.0677551,7.6824892,2013,1.0,False,False,False,False,False,True,False,False,False,True,False,False,False,False,0,2,3,True,False,False,False,False,0.0,False,0.385215,True,2013-07-25,2014-10-18,Equity Crowdfunding,2013,38.75,True,,True,,5.0,4.8,False,,False,,False,,False,True,False,,True,,False,,2,0,True,,False,True,,True,,True,,True,,True,,True,,True,False,True,False,4,,True,,True,True,,False,False,False,False,False,False,True,True,38,0,False,16,2,0.125,0.1177830356563834,0.12591627866066715,0.06295813933033352,0.0,0.12591627866066704,0.0,0.06295813933033352,0.12591627866066704,0.0,0.0,0.0,0.08394418577377803,0.0,0.12591627866066704,7.0,0.0,0.1375239062843998,0,0,0,0,0,0,1,-0.08,4.370712874773608,False,False,False,False,False,False,,,1.0,7.0
20471,Mymenu,https://www.crunchbase.com/organization/mymenu,Italy,45.4641943,9.1896346,2013,3.0,False,True,False,False,True,False,True,False,False,False,False,False,False,False,5,1,3,False,False,False,False,False,0.0,False,1.751927,False,2018-07-01,2018-07-01,Seed,2018,54.0,True,,True,,5.3,10.3,False,,True,,True,,False,False,False,,True,,False,,2,0,True,,False,True,,True,,True,,True,,True,,True,,True,False,True,False,3,,True,,True,True,,False,False,False,False,False,False,True,True,185,1,True,51,12,0.2352941176470588,0.2113090936672069,0.0,0.08315265719378943,0.0,0.24945797158136832,0.0,0.08315265719378943,0.24945797158136832,0.0,0.0,0.0,0.16630531438757887,0.0,0.24945797158136832,11.0,0.0,0.1777470703489321,1,0,0,0,0,0,1,-0.08,4.61512051684126,True,False,False,True,True,True,2021-02-01,8.0,4.0,8.0
20538,Neuron Guard,https://www.crunchbase.com/organization/neuron-guard,Italy,44.5384728,10.9359609,2013,2.0,True,False,False,False,True,False,False,True,False,False,False,False,False,False,2,2,3,True,True,False,False,False,2.0,True,1.350971,False,2015-12-23,2021-11-05,Seed,2015,53.25,True,False,True,True,4.7,1.5,True,False,True,True,False,False,False,False,False,False,False,False,False,False,0,0,False,False,False,True,False,True,False,False,False,False,False,False,False,False,False,False,False,False,False,4,2.0,True,True,True,False,False,False,False,False,False,False,False,True,True,19,0,False,2,0,0.0,0.0,0.17159814133979895,0.19457623821219655,0.0694404406846707,0.3197120357397224,0.0694404406846707,0.0694404406846707,0.0694404406846707,0.3197120357397224,0.3197120357397224,0.3197120357397224,0.19211470628415236,0.0,0.28817205942622853,2.0,0.0,0.0402231640645322,0,0,0,0,1,0,0,-0.08,4.33990170837321,False,False,False,False,False,False,,,1.200000000000001,2.6000000000000005
20518,Wanderio,https://www.crunchbase.com/organization/wanderio,Italy,41.8933203,12.4829321,2013,3.0,False,False,False,False,False,True,False,False,False,True,False,False,False,False,0,2,5,False,True,False,True,False,1.0,True,0.55138,True,2013-12-01,2015-03-01,Venture - Series Unknown,2013,25.8,True,False,True,True,5.8,4.0,False,False,True,False,False,False,False,False,False,False,True,False,False,False,2,0,True,False,False,True,False,True,False,True,False,True,False,True,False,True,False,True,False,True,False,5,1.0,True,True,True,True,True,False,False,False,False,False,False,True,True,55,1,True,19,5,0.2631578947368421,0.2336148511815051,0.477186331368922,0.28631179882135316,0.0,0.47718633136892186,0.0,0.23859316568446093,0.47718633136892186,0.47718633136892186,0.47718633136892186,0.47718633136892186,0.28631179882135316,0.0,0.47718633136892186,2.0,2.0,0.1412342220372826,0,0,0,0,0,0,0,-0.08,4.370712874773608,False,False,True,False,True,True,,,9.200000000000005,30.200000000000003
20591,Pedius,https://www.crunchbase.com/organization/pedius,Italy,41.8933203,12.4829321,2013,3.0,False,False,False,False,False,False,False,False,False,True,False,False,False,False,1,1,3,False,False,False,False,False,0.0,False,0.5,True,2014-12-18,2014-12-18,Series A,2014,11.666666666666666,False,,True,,9.0,1.3,False,,False,,False,,False,False,False,,False,,True,,0,0,False,,False,False,,False,,False,,False,,False,,False,,False,False,False,False,3,,True,,True,True,,False,False,False,False,False,False,True,True,55,1,True,19,5,0.2631578947368421,0.2336148511815051,0.477186331368922,0.4969983251534571,0.47718633136892186,0.5366223127225277,0.47718633136892186,0.4969983251534571,0.5366223127225277,0.0,0.0,0.0,0.6745387238613763,0.0,1.0118080857920644,0.0,0.0,0.0,0,0,0,0,0,0,0,-0.08,3.977810745966149,False,False,True,False,True,True,,,9.200000000000005,30.200000000000003
20582,Bringme Srl Società Benefit,https://www.crunchbase.com/organization/bringme-2,Italy,45.0677551,7.6824892,2013,1.0,False,False,False,False,True,False,False,False,False,True,False,False,False,False,0,1,1,False,False,True,True,False,0.0,False,1.677403,False,2013-07-25,2013-07-25,Seed,2013,63.0,False,,True,,0.0,9.0,False,,False,,False,,False,False,False,,True,,False,,0,0,False,,False,False,,False,,False,,False,,False,,False,,False,False,False,False,1,,True,,True,True,,False,False,False,False,False,False,True,True,38,0,False,16,2,0.125,0.1177830356563834,0.12591627866066715,0.12591627866066704,0.12591627866066704,0.12591627866066704,0.12591627866066704,0.12591627866066704,0.12591627866066704,0.0,0.0,0.0,0.0,0.0,0.0,4.0,1.0,0.154629239632742,0,0,0,0,0,1,0,-0.08,4.370712874773608,False,False,False,False,False,False,,,1.0,7.0
20615,Sellf,https://www.crunchbase.com/organization/sellf,Italy,45.6279075,12.3747797,2013,4.0,False,False,False,False,False,False,False,False,False,True,True,False,False,True,1,3,7,True,True,False,False,False,2.0,True,1.312353,False,2014-01-01,2016-12-16,Seed,2014,52.111111111111114,True,False,True,True,3.6,10.2,False,False,True,True,True,False,False,False,False,False,True,True,True,False,1,0,True,False,False,True,False,True,False,True,False,True,False,True,False,True,False,True,False,True,False,7,3.0,True,True,False,True,True,False,False,False,False,False,False,True,True,10,0,False,21,2,0.0952380952380952,0.0909717782057266,0.24868984341073422,0.4492544282533738,0.0,1.425036011450439,0.0,0.5495367206746936,1.425036011450439,0.2486898434107342,0.2486898434107342,0.2486898434107342,0.5049385351342883,0.0,1.425036011450439,27.0,4.0,0.409779685976032,1,0,1,0,1,1,1,-0.08,3.977810745966149,True,False,False,True,True,True,2018-09-18,5.0,3.0,23.0
20604,eKuota,https://www.crunchbase.com/organization/ekuota,Italy,45.4641943,9.1896346,2013,6.0,True,True,False,False,False,False,False,False,True,True,False,False,False,False,4,1,1,False,False,True,False,False,0.0,False,0.812789,True,2017-11-06,2017-11-06,Seed,2017,43.0,False,,True,,10.0,1.0,False,,False,,False,,False,False,False,,False,,False,,0,0,False,,False,False,,False,,False,,False,,False,,False,,False,False,False,False,1,,True,,True,False,,False,False,False,False,False,False,True,True,185,1,True,51,13,0.2549019607843137,0.227057450635346,0.0,0.47718633136892186,0.47718633136892186,0.47718633136892186,0.47718633136892186,0.47718633136892186,0.47718633136892186,0.0,0.0,0.0,0.0,0.0,0.0,0.0,0.0,0.0,0,0,0,0,0,0,0,-0.08,4.906755163608864,False,False,False,False,False,False,,,4.0,8.0
20370,CellPly,https://www.crunchbase.com/organization/cellply,Italy,44.4938203,11.3426327,2013,2.0,True,False,False,False,True,False,False,True,False,False,False,False,False,False,1,1,3,False,True,False,False,False,1.0,True,2.755793,False,2014-03-20,2014-03-20,Venture - Series Unknown,2014,37.666666666666664,False,False,True,True,9.3,5.0,False,False,False,False,False,False,True,False,False,False,False,False,False,False,0,0,False,False,False,False,False,False,False,False,False,False,False,False,False,False,False,False,False,False,False,2,0.0,True,False,False,True,False,True,True,True,False,False,False,True,False,16,1,True,4,0,0.0,0.0,0.2007881922946392,2.596352839135036,0.2007881922946392,7.38748213281583,0.2007881922946392,0.2007881922946392,0.2007881922946392,7.38748213281583,7.38748213281583,7.38748213281583,4.791724808032472,0.0,7.187587212048709,1.0,0.0,0.0,0,0,0,0,1,0,0,-0.08,3.977810745966149,False,False,True,False,True,True,,,2.0,2.2
20366,Angiodroid,https://www.crunchbase.com/organization/angiodroid,Italy,45.651293,12.2424716,2013,1.0,True,False,False,False,True,False,False,True,False,False,False,False,False,False,0,1,4,False,True,False,False,False,1.0,True,2.61385,False,2013-10-22,2013-10-22,Series A,2013,26.0,False,False,True,True,8.0,3.5,False,False,False,False,False,False,True,False,False,False,False,False,False,False,0,0,False,False,False,False,False,False,False,False,False,False,False,False,False,False,False,False,False,False,False,3,0.0,True,False,False,True,False,True,True,True,False,False,False,True,False,11,0,False,0,0,0.0,0.0,0.23858056007210302,2.193937637780717,0.23858056007210296,7.362250800275514,0.23858056007210296,0.4711665836157847,0.9363386307031478,7.362250800275514,7.362250800275514,7.362250800275514,4.088388896429863,0.0,8.13154278289763,0.0,0.0,0.0,0,0,0,0,0,0,0,-0.08,4.370712874773608,False,False,True,False,True,True,,,3.0,26.0
20570,Mapendo,https://www.crunchbase.com/organization/mapendo,Italy,44.4938203,11.3426327,2013,2.0,True,False,False,False,False,False,False,False,False,True,True,False,False,False,3,1,1,False,False,True,False,False,0.0,False,1.148139,False,2016-12-22,2016-12-22,Seed,2016,49.0,False,,True,,0.0,8.0,False,,True,,False,,False,False,False,,True,,False,,0,0,False,,False,False,,False,,False,,False,,False,,False,,False,False,False,False,1,,True,,True,True,,False,False,False,False,False,False,True,True,16,1,True,4,0,0.0,0.0,0.2007881922946392,0.2007881922946392,0.2007881922946392,0.2007881922946392,0.2007881922946392,0.2007881922946392,0.2007881922946392,0.0,0.0,0.0,0.0,0.0,0.0,0.0,0.0,0.0,0,0,0,0,1,0,0,-0.08,4.35799005684564,False,False,False,False,False,False,,,2.0,2.2
20704,Lorenzo Vinci,https://www.crunchbase.com/organization/lorenzo-vinci,Italy,45.4641943,9.1896346,2013,3.0,False,True,False,False,True,True,True,False,False,False,False,False,False,False,1,2,4,True,False,False,False,False,0.0,False,0.811961,True,2014-12-15,2017-02-08,Seed,2014,31.2,True,,True,,3.8,3.8,True,,False,,True,,False,False,False,,True,,False,,3,0,True,,False,True,,True,,True,,True,,True,,True,,True,False,True,False,5,,True,,True,True,,False,False,False,False,False,False,True,True,185,1,True,51,13,0.2549019607843137,0.227057450635346,0.0,0.09978318863254734,0.0,0.24945797158136832,0.0,0.09978318863254734,0.24945797158136832,0.0,0.0,0.0,0.149674782948821,0.0,0.24945797158136832,8.0,3.0,0.2766700451007435,1,0,0,0,0,0,1,-0.08,3.977810745966149,False,False,False,False,False,False,,,4.0,8.0
20451,Filo,https://www.crunchbase.com/organization/filo,Italy,41.8933203,12.4829321,2014,4.0,True,False,False,False,False,True,False,True,False,True,False,False,False,False,1,2,3,True,False,False,True,False,0.0,False,0.627016,True,2015-01-26,2015-10-01,Venture - Series Unknown,2015,66.25,True,,False,,4.2,5.5,False,,False,,True,,False,False,False,,True,,False,,4,0,True,,True,True,,True,,True,,True,,True,,True,,True,False,True,False,4,,True,,True,False,,False,False,False,False,False,False,True,True,55,1,True,28,5,0.1785714285714285,0.1643030512912762,0.477186331368922,0.0,0.0,0.0,0.0,0.0,0.0,0.0,0.0,0.0,0.0,0.0,0.0,21.0,4.0,0.3858558000891654,1,0,0,0,0,0,0,1.6,4.33990170837321,False,False,True,False,True,True,,,9.200000000000005,30.200000000000003
20378,Karaoke One,https://www.crunchbase.com/organization/karaoke-one,Italy,40.1522173,18.2260628,2014,5.0,False,False,False,False,False,False,False,False,False,True,True,False,False,False,1,3,3,True,True,False,True,False,2.0,True,1.780532,False,2015-08-06,2020-08-05,Seed,2015,56.0,False,False,True,True,23.0,3.8,False,False,False,False,True,True,False,False,False,False,True,True,False,False,0,0,False,False,False,False,False,False,False,False,False,False,False,False,False,False,False,False,False,False,False,4,3.0,True,True,True,False,False,False,False,False,False,False,False,True,True,0,0,False,1,1,1.0,0.6931471805599453,0.9078374392370284,0.616984244258131,0.5191022411378887,0.910630253618858,0.5191022411378887,0.5191022411378887,0.5191022411378887,0.5191022411378887,0.6496115786315453,0.910630253618858,0.2421319320614051,0.0,0.48426386412281025,0.0,0.0,0.0,0,0,0,0,1,1,1,1.6,4.33990170837321,False,False,False,False,False,False,,,0.0,0.0
20403,The Data Appeal Company,https://www.crunchbase.com/organization/travel-appeal,Italy,43.7697955,11.2556404,2014,1.0,True,False,False,False,True,True,False,False,True,True,False,False,False,False,0,2,2,True,False,False,False,False,0.0,False,1.134752,False,2013-12-09,2015-04-02,Series A,2013,75.33333333333333,False,,True,,13.7,20.7,False,,True,,True,,False,False,False,,False,,True,,0,0,False,,False,False,,False,,False,,False,,False,,False,,False,False,False,False,3,,True,,True,True,,False,False,False,False,False,False,True,True,10,0,False,14,3,0.2142857142857142,0.1941560144409574,0.24945797158136823,0.23298267868667913,0.22474503223933448,0.24945797158136832,0.22474503223933448,0.23298267868667913,0.24945797158136832,0.0,0.0,0.0,0.16579322894048945,0.0,0.2486898434107342,1.0,0.0,0.0,0,0,0,0,0,0,0,1.6,4.370712874773608,True,False,True,True,True,True,2022-01-01,8.0,1.200000000000001,10.2
20527,Drexcode,https://www.crunchbase.com/organization/drexcode,Italy,45.4641943,9.1896346,2014,1.0,False,True,False,False,True,True,False,False,False,True,True,False,False,False,0,3,6,True,False,False,False,False,0.0,False,2.53035,False,2014-12-30,2020-01-01,Seed,2014,41.857142857142854,True,,True,,5.2,4.0,False,,False,,True,,False,True,False,,True,,False,,3,0,True,,False,True,,True,,True,,True,,True,,True,,True,False,True,False,6,,True,,False,True,,False,False,False,False,True,False,True,True,185,1,True,69,15,0.217391304347826,0.1967102942460541,0.0,0.2031242799083394,0.0,0.47718633136892186,0.0,0.2031242799083394,0.47718633136892186,0.0,0.0,0.0,0.3297894018157299,0.0,0.6979184986918313,6.0,3.0,0.2517390182913285,1,0,0,0,0,0,0,1.6,3.977810745966149,False,False,False,False,False,False,,,4.0,8.0
20466,Macingo,https://www.crunchbase.com/organization/macingo,Italy,37.75,14.25,2014,4.0,False,False,False,False,True,False,False,False,False,False,False,False,False,False,4,2,3,True,True,False,False,False,1.0,True,2.140343,False,2018-10-20,2022-07-28,Seed,2018,83.25,False,False,True,True,27.8,3.2,False,False,True,True,True,False,False,False,False,False,False,False,False,False,0,0,False,False,False,False,False,False,False,False,False,False,False,False,False,False,False,False,False,False,False,4,1.0,True,True,True,True,False,False,False,False,False,False,False,True,True,0,0,False,0,0,0.0,0.0,0.9549068701095124,0.6823009047459058,0.3346194407182829,0.9549068701095124,0.3346194407182829,0.7481443936457693,0.9549068701095124,0.4847704380463155,0.4847704380463155,0.4847704380463155,0.42559398949038146,0.0,0.6880116681434016,0.0,0.0,0.0,0,0,0,0,1,1,1,1.6,4.61512051684126,False,False,False,False,False,False,,,0.0,0.0
20467,PetMe,https://www.crunchbase.com/organization/petme,Italy,45.4641943,9.1896346,2014,1.0,False,True,False,False,True,True,False,False,False,False,False,False,False,True,0,2,2,False,True,False,False,False,1.0,True,1.095267,False,2014-06-01,2015-12-22,Seed,2014,29.5,True,True,False,False,0.5,7.0,False,False,False,False,True,False,False,False,False,False,False,False,False,False,2,1,True,True,True,True,True,True,True,True,True,True,True,True,True,True,True,True,True,True,True,2,1.0,True,True,True,True,True,False,False,False,False,False,False,True,True,185,1,True,69,15,0.217391304347826,0.1967102942460541,0.0,0.0,0.0,0.0,0.0,0.0,0.0,0.0,0.0,0.0,0.0,0.0,0.0,3.0,6.0,0.2476771581726159,1,0,0,0,0,1,0,1.6,3.977810745966149,False,False,False,False,False,False,,,4.0,8.0
20486,Airlite,https://www.crunchbase.com/organization/airlite,Italy,46.6559455,11.2302129,2014,3.0,True,False,True,False,True,False,False,False,False,False,False,True,True,False,2,1,1,False,False,True,False,False,0.0,False,0.0,True,2016-08-04,2016-08-04,Seed,2016,17.0,False,,True,,0.0,2.0,False,,False,,False,,False,False,False,,False,,False,,0,0,False,,False,False,,False,,False,,False,,False,,False,,False,False,False,False,0,,False,,False,True,,False,False,False,False,False,False,True,True,1,0,False,0,0,0.0,0.0,0.16673387242466603,0.9859113955237784,0.9859113955237784,0.9859113955237784,0.9859113955237784,0.9859113955237784,0.9859113955237784,0.0,0.0,0.0,0.0,0.0,0.0,0.0,0.0,0.0,0,0,0,0,1,1,1,1.6,4.35799005684564,False,False,False,False,False,False,,,0.0,0.0
20495,Vino.com,https://www.crunchbase.com/organization/vino75,Italy,43.7697955,11.2556404,2014,4.0,False,False,False,False,False,True,True,False,False,False,False,False,False,False,0,1,1,False,False,True,False,False,0.0,False,0.096969,True,2013-05-29,2013-05-29,Series A,2013,63.0,False,,True,,0.0,9.0,False,,False,,False,,False,False,False,,True,,False,,0,0,False,,False,False,,False,,False,,False,,False,,False,,False,False,False,False,1,,True,,True,True,,False,False,False,False,False,False,True,True,10,0,False,14,4,0.2857142857142857,0.251314428280906,0.24945797158136823,0.24945797158136832,0.24945797158136832,0.24945797158136832,0.24945797158136832,0.24945797158136832,0.24945797158136832,0.0,0.0,0.0,0.0,0.0,0.0,7.0,2.0,0.2385349642571501,1,0,0,0,1,1,0,1.6,4.370712874773608,False,False,True,False,True,True,,,1.200000000000001,10.2
20159,Cleafy,https://www.crunchbase.com/organization/cleafy,Italy,45.4641943,9.1896346,2014,4.0,True,True,False,False,False,False,False,False,True,True,False,False,False,False,1,1,1,False,False,True,False,False,0.0,False,0.0,True,2015-01-01,2015-01-01,Series A,2015,230.0,False,,True,,5.0,44.0,False,,False,,True,,False,False,False,,False,,False,,0,0,False,,False,False,,False,,False,,False,,False,,False,,False,False,False,False,0,,False,,False,True,,False,False,False,False,False,False,True,True,185,1,True,69,15,0.217391304347826,0.1967102942460541,0.0,0.6974900455453099,0.6974900455453099,0.6974900455453099,0.6974900455453099,0.6974900455453099,0.6974900455453099,0.0,0.0,0.0,0.0,0.0,0.0,5.0,0.0,0.1089851172067322,0,0,0,0,0,0,0,1.6,4.33990170837321,False,False,True,False,True,True,,,4.0,8.0
20164,Everli,https://www.crunchbase.com/organization/supermercato24,Italy,45.4641943,9.1896346,2014,2.0,False,True,False,False,True,True,True,False,False,False,False,False,False,False,1,2,7,False,True,False,False,False,1.0,True,1.011376,False,2015-02-01,2015-05-01,Private Equity,2015,35.42857142857143,True,False,True,True,4.2,11.1,False,False,True,True,False,False,True,False,False,False,False,False,False,False,2,0,True,False,False,True,False,True,False,True,False,True,False,True,False,True,False,True,False,True,False,4,0.0,True,False,False,True,True,False,False,False,False,True,False,True,True,185,1,True,69,14,0.2028985507246377,0.1847341031993385,0.0,0.1670082864788051,0.0,0.6395855089406035,0.0,0.07249284198644543,0.17364799468089817,0.6395855089406035,0.6395855089406035,0.6395855089406035,0.305578419201783,0.0,0.7710652325532412,9.0,4.0,0.3076388360899851,1,0,0,0,0,1,1,1.6,4.33990170837321,True,True,True,True,True,True,2024-02-22,10.0,4.0,8.0
20177,Leaf Space,https://www.crunchbase.com/organization/leafspace,Italy,45.4641943,9.1896346,2014,4.0,True,True,False,False,True,False,False,False,False,True,False,False,False,False,2,1,4,False,True,False,False,False,1.0,True,1.118521,False,2016-06-01,2016-06-01,Series B,2016,9.0,True,True,False,False,3.3,1.0,False,False,False,False,True,False,False,False,False,False,False,False,False,False,3,1,True,True,False,True,True,True,True,True,True,True,True,True,True,True,True,True,True,True,True,4,1.0,True,True,True,True,True,False,False,False,False,False,False,True,True,185,1,True,69,15,0.217391304347826,0.1967102942460541,0.0,0.01323528437666918,0.0,0.05294113750667673,0.0,0.01764704583555891,0.05294113750667673,0.0,0.0,0.0,0.02647056875333836,0.0,0.05294113750667673,6.0,0.0,0.1242772544618494,0,0,0,0,0,0,0,1.6,4.35799005684564,False,False,True,False,True,True,,,4.0,8.0
20298,Wikicasa,https://www.crunchbase.com/organization/wikire,Italy,45.4641943,9.1896346,2014,1.0,True,True,False,False,False,False,False,False,False,True,True,False,True,False,0,4,10,True,False,False,True,False,0.0,False,3.724127,False,2014-10-22,2018-11-07,Series A,2014,13.615384615384617,True,,True,,38.1,0.9,False,,False,,True,,False,True,False,,False,,False,,8,0,True,,False,True,,True,,True,,True,,True,,True,,True,False,True,False,9,,True,,False,True,,True,True,True,False,False,False,True,False,185,1,True,69,15,0.217391304347826,0.1967102942460541,0.0,0.8082136150476846,0.0,7.954182563659139,0.0,0.8082136150476846,7.954182563659139,0.0,0.0,0.0,1.6140433006041788,0.0,7.972177206901257,5.0,10.0,0.3294577451862221,1,0,0,0,0,1,0,1.6,3.977810745966149,False,False,True,False,True,True,,,4.0,8.0
20307,Qapla' SPA SB,https://www.crunchbase.com/organization/qapla-srl,Italy,43.6569596,11.1856679,2014,2.0,True,False,False,False,True,True,False,False,False,True,True,False,False,True,6,1,4,False,True,False,False,False,2.0,True,1.109165,False,2020-10-30,2020-10-30,Series A,2020,66.0,True,True,True,True,6.8,3.2,False,False,True,False,True,False,True,False,False,True,False,False,False,False,0,0,False,False,False,True,True,False,False,False,False,False,False,False,False,False,False,False,False,False,False,4,2.0,True,True,True,True,True,False,False,False,False,False,False,True,True,11,0,False,0,0,0.0,0.0,0.25569925930044174,0.20703819263184026,0.09389563665689134,0.2556992593004419,0.22285861526958572,0.23927893728501384,0.2556992593004419,0.09389563665689134,0.17479744797866664,0.2556992593004419,0.27658644464264864,0.0,0.47718633136892186,1.0,0.0,0.0,0,0,0,0,0,0,0,1.6,5.993961427306569,False,False,True,False,True,True,,,1.0,9.6
20264,Marshmallow Games,https://www.crunchbase.com/organization/marshmallowgames,Italy,41.1257843,16.8620293,2014,5.0,False,False,False,False,True,True,False,False,False,True,False,False,False,False,1,2,2,True,True,False,True,False,1.0,True,0.340505,True,2015-06-01,2018-12-17,Series A,2015,33.333333333333336,False,False,True,True,1.7,8.7,False,False,False,False,False,False,False,False,False,False,False,False,False,False,0,0,False,False,False,False,False,False,False,False,False,False,False,False,False,False,False,False,False,False,False,3,2.0,True,True,True,True,True,False,False,False,False,False,False,True,True,2,0,False,1,0,0.0,0.0,0.7857067939763953,0.7857067939763952,0.7857067939763952,0.7857067939763952,0.7857067939763952,0.7857067939763952,0.7857067939763952,0.7857067939763952,0.7857067939763952,0.7857067939763952,0.0,0.0,0.0,0.0,0.0,0.0,0,0,0,0,1,1,0,1.6,4.33990170837321,False,False,True,False,True,True,,,0.0,1.0
20273,Glickon S.p.A.,https://www.crunchbase.com/organization/glickon,Italy,45.4641943,9.1896346,2014,2.0,True,True,False,False,True,True,False,False,False,True,True,False,False,False,1,1,1,False,False,True,False,False,0.0,False,0.196188,True,2015-05-08,2015-05-08,Series A,2015,17.0,True,,False,,2.0,2.0,False,,False,,False,,False,False,False,,False,,False,,1,0,True,,True,True,,True,,True,,True,,True,,True,,True,False,True,False,1,,True,,True,True,,False,False,False,False,False,False,True,True,185,1,True,69,15,0.217391304347826,0.1967102942460541,0.0,0.0,0.0,0.0,0.0,0.0,0.0,0.0,0.0,0.0,0.0,0.0,0.0,2.0,1.0,0.1039540459792718,0,0,0,0,0,0,0,1.6,4.33990170837321,False,False,True,False,True,True,,,4.0,8.0
20925,Teeser,https://www.crunchbase.com/organization/teeser,Italy,43.9740957,10.8687081,2014,5.0,False,False,False,False,True,True,False,False,False,True,False,False,False,False,0,1,1,False,False,True,False,False,0.0,False,0.0,True,2014-07-31,2014-07-31,Seed,2014,78.0,False,,True,,9.0,19.0,False,,False,,True,,False,False,False,,False,,True,,0,0,False,,False,False,,False,,False,,False,,False,,False,,False,False,False,False,1,,True,,True,False,,False,False,False,False,False,False,True,True,12,0,False,1,0,0.0,0.0,0.2122480921474838,0.21893687345743307,0.21893687345743307,0.21893687345743307,0.21893687345743307,0.21893687345743307,0.21893687345743307,0.0,0.0,0.0,0.0,0.0,0.0,1.0,0.0,0.0,0,0,0,0,1,1,1,1.6,3.977810745966149,False,False,False,False,False,False,,,0.0,0.6000000000000001
20979,LUMI INDUSTRIES srl,https://www.crunchbase.com/organization/lumi-industries-srl,Italy,45.7762844,12.0452878,2014,2.0,True,False,False,False,True,True,False,False,False,True,False,False,False,False,0,1,2,False,False,False,False,False,0.0,False,0.128481,True,2014-09-23,2014-09-23,Seed,2014,70.5,True,,True,,5.0,14.0,False,,False,,True,,False,False,False,,True,,True,,0,0,False,,False,True,,True,,True,,True,,False,,False,,False,False,False,False,2,,True,,True,True,,False,False,False,False,False,False,True,True,12,0,False,0,0,0.0,0.0,0.22476907096744303,0.12760725435678,0.03044543774611699,0.224769070967443,0.03044543774611699,0.12760725435678,0.224769070967443,0.0,0.0,0.0,0.2486898434107342,0.2486898434107342,0.2486898434107342,26.0,8.0,0.4602155144234973,1,0,1,0,1,1,1,1.6,3.977810745966149,False,False,False,False,False,False,,,8.0,26.0
20961,Veicoli,https://www.crunchbase.com/organization/veicoli,Italy,45.0677551,7.6824892,2014,2.0,True,False,False,False,False,False,False,False,False,True,False,False,False,False,0,1,2,False,False,False,False,False,0.0,False,0.0,True,2014-12-23,2014-12-23,Seed,2014,45.5,True,,True,,8.0,5.0,False,,False,,False,,False,False,False,,True,,False,,1,0,True,,False,True,,True,,True,,True,,True,,True,,True,False,True,False,2,,True,,True,True,,False,False,False,False,False,False,True,True,38,0,False,18,2,0.1111111111111111,0.1053605156578263,0.12591627866066715,0.06295813933033352,0.0,0.12591627866066704,0.0,0.06295813933033352,0.12591627866066704,0.0,0.0,0.0,0.12591627866066704,0.12591627866066704,0.12591627866066704,8.0,1.0,0.212939163186004,1,0,0,0,1,1,1,1.6,3.977810745966149,False,False,False,False,False,False,,,1.0,7.0
20941,Fluxedo,https://www.crunchbase.com/organization/fluxedo,Italy,45.6984514,9.0363529,2014,5.0,False,False,False,False,False,True,False,False,True,True,False,False,False,False,1,1,1,False,False,True,False,False,0.0,False,0.068779,True,2015-09-17,2015-09-17,Seed,2015,230.0,False,,True,,5.0,44.0,False,,False,,True,,False,False,False,,False,,False,,0,0,False,,False,False,,False,,False,,False,,False,,False,,False,False,False,False,0,,False,,False,True,,False,False,False,False,False,False,True,True,205,0,False,0,0,0.0,0.0,0.028649819494610564,0.6689371456798856,0.6689371456798856,0.6689371456798856,0.6689371456798856,0.6689371456798856,0.6689371456798856,0.0,0.0,0.0,0.0,0.0,0.0,6.0,0.0,0.1242772544618494,0,0,0,0,1,0,0,1.6,4.33990170837321,False,False,False,False,False,False,,,4.0,7.0
20945,Fight The Stroke,https://www.crunchbase.com/organization/mirrorable,Italy,45.4641943,9.1896346,2014,2.0,True,True,False,False,False,True,False,True,False,False,False,False,False,False,2,1,5,False,False,False,False,False,0.0,False,0.0,True,2016-06-30,2016-06-30,Seed,2016,61.8,False,,True,,35.6,13.8,True,,True,,True,,False,False,False,,False,,False,,0,0,False,,False,False,,False,,False,,False,,False,,False,,False,False,False,False,0,,False,,False,False,,True,True,True,False,False,False,True,False,185,1,True,69,15,0.217391304347826,0.1967102942460541,0.0,6.281472156291886,1.0168986216541986,8.625948115901304,1.0168986216541986,6.281472156291886,8.625948115901304,0.0,0.0,0.0,4.083089658296558,0.20414484007062317,7.643120611205869,0.0,0.0,0.0,0,0,0,0,0,0,0,1.6,4.35799005684564,False,False,False,False,False,False,,,4.0,8.0
20949,Wiziva,https://www.crunchbase.com/organization/wiziva,Italy,44.1141209,12.32615,2014,2.0,False,False,False,False,False,False,False,False,False,True,True,False,False,False,0,1,1,False,False,True,False,False,0.0,False,0.041267,True,2014-01-01,2014-01-01,Seed,2014,105.0,False,,True,,2.0,12.0,False,,True,,False,,False,False,False,,False,,False,,0,0,False,,False,False,,False,,False,,False,,False,,False,,False,False,False,False,0,,False,,False,False,,False,False,False,False,False,False,True,True,0,0,False,0,0,0.0,0.0,0.2894539320198017,0.9002546170101463,0.9002546170101463,0.9002546170101463,0.9002546170101463,0.9002546170101463,0.9002546170101463,0.0,0.0,0.0,0.0,0.0,0.0,0.0,0.0,0.0,0,0,0,0,1,1,1,1.6,3.977810745966149,False,False,False,False,False,False,,,0.0,0.0
20688,Spiiky,https://www.crunchbase.com/organization/spiiky,Italy,44.5384728,10.9359609,2014,2.0,False,False,False,False,False,True,False,False,False,False,False,False,False,False,5,1,1,False,False,True,False,True,1.0,True,0.529273,True,2019-07-18,2019-07-18,Seed,2019,10.0,True,True,False,False,5.0,2.0,True,True,False,False,False,False,False,False,False,False,False,False,False,False,0,0,False,False,False,True,True,True,True,False,False,False,False,False,False,False,False,False,False,False,False,1,1.0,True,True,True,False,False,False,False,False,False,False,False,True,True,19,0,False,3,0,0.0,0.0,0.17159814133979895,0.0694404406846707,0.0694404406846707,0.0694404406846707,0.0,0.0,0.0,0.0694404406846707,0.0694404406846707,0.0694404406846707,0.0,0.0,0.0,1.0,0.0,0.0,0,0,0,0,1,0,0,1.6,5.303304908059076,True,False,False,True,True,True,2021-11-08,7.0,1.200000000000001,2.6000000000000005
20869,DayBreakHotels,https://www.crunchbase.com/organization/daybreakhotels,Italy,41.8933203,12.4829321,2014,4.0,False,False,False,False,False,True,False,False,False,False,False,False,False,False,2,1,2,False,False,False,False,False,0.0,False,0.0,True,2016-09-30,2016-09-30,Seed,2016,51.5,False,,True,,2.0,15.0,False,,True,,False,,False,False,False,,False,,False,,0,0,False,,False,False,,False,,False,,False,,False,,False,,False,False,False,False,2,,True,,True,True,,False,False,False,False,False,False,True,True,55,1,True,28,5,0.1785714285714285,0.1643030512912762,0.477186331368922,0.47718633136892186,0.47718633136892186,0.47718633136892186,0.47718633136892186,0.47718633136892186,0.47718633136892186,0.0,0.0,0.0,0.0,0.0,0.0,2.0,0.0,0.0402231640645322,0,0,0,0,0,0,0,1.6,4.35799005684564,False,False,False,False,False,False,,,9.200000000000005,30.200000000000003
20868,Instal.com,https://www.crunchbase.com/organization/instal-com,Italy,43.7697955,11.2556404,2014,2.0,False,False,False,False,False,False,False,False,False,False,True,False,False,False,0,1,1,False,False,True,False,False,0.0,False,0.674424,True,2014-02-01,2014-02-01,Seed,2014,43.0,True,,False,,2.0,5.0,False,,False,,True,,False,False,False,,False,,False,,1,0,True,,True,True,,True,,True,,True,,True,,True,,True,False,True,False,1,,True,,True,False,,False,False,False,False,False,False,True,True,10,0,False,14,4,0.2857142857142857,0.251314428280906,0.24945797158136823,0.0,0.0,0.0,0.0,0.0,0.0,0.0,0.0,0.0,0.0,0.0,0.0,8.0,2.0,0.2502193392440147,1,0,0,0,1,1,0,1.6,3.977810745966149,False,False,False,False,False,False,,,1.200000000000001,10.2
20859,Life Learning,https://www.crunchbase.com/organization/life-learning,Italy,45.4641943,9.1896346,2014,2.0,False,True,False,False,False,True,False,False,False,True,False,False,False,False,0,2,2,False,True,False,True,False,1.0,True,0.05,True,2014-02-14,2015-11-19,Seed,2014,7.5,True,False,True,True,3.0,1.0,False,False,False,False,False,False,False,True,False,False,False,False,False,False,1,0,True,False,False,True,False,True,False,True,False,True,False,True,False,True,False,True,False,True,False,1,0.0,True,False,False,True,True,False,False,False,False,False,False,True,True,185,1,True,69,15,0.217391304347826,0.1967102942460541,0.0,0.841665277437736,0.0,1.683330554875472,0.0,0.0,0.0,1.683330554875472,1.683330554875472,1.683330554875472,1.683330554875472,1.683330554875472,1.683330554875472,2.0,0.0,0.0402231640645322,0,0,0,0,0,0,0,1.6,3.977810745966149,False,False,False,False,False,False,,,4.0,8.0
20610,Mukako,https://www.crunchbase.com/organization/mukako,Italy,45.4641943,9.1896346,2014,2.0,False,True,False,False,True,True,False,False,False,False,False,False,False,False,2,2,4,True,False,False,False,False,0.0,False,2.032902,False,2016-03-16,2017-04-30,Series A,2016,21.8,True,,True,,3.0,4.6,False,,False,,False,,False,True,False,,False,,False,,3,0,True,,False,True,,True,,True,,True,,True,,True,,True,False,True,False,3,,True,,False,True,,True,True,True,False,False,False,True,False,185,1,True,69,15,0.217391304347826,0.1967102942460541,0.0,2.428661791617879,0.0,9.714647166471515,0.0,2.428661791617879,9.714647166471515,0.0,0.0,0.0,4.857323583235758,0.0,9.714647166471515,8.0,3.0,0.2766700451007435,1,0,0,0,0,0,1,1.6,4.35799005684564,False,False,True,False,True,True,,,4.0,8.0
20665,Immagina Biotechnology,https://www.crunchbase.com/organization/immagina-biotechnology,Italy,46.1029536,11.1297425,2014,1.0,True,False,False,False,True,False,False,True,False,False,False,False,False,False,2,2,7,True,True,False,False,False,1.0,True,0.508502,True,2016-11-30,2020-02-02,Seed,2016,5.375,True,False,True,True,4.0,0.5,False,False,False,False,False,False,False,True,False,False,False,False,False,False,1,0,True,False,False,True,False,True,False,True,False,True,False,True,False,True,False,True,False,True,False,1,0.0,True,False,False,True,False,True,True,True,False,True,False,True,False,6,0,False,4,0,0.0,0.0,0.16636127848473134,1.4717381575339452,0.0,6.27782848931957,0.0,1.739923965035178,6.27782848931957,0.1308091200277825,0.1308091200277825,0.1308091200277825,2.4126336440966853,0.0,6.27782848931957,0.0,0.0,0.0,0,0,0,0,1,1,0,1.6,4.35799005684564,False,False,False,False,False,False,,,0.0,1.0
20986,ZonzoFox,https://www.crunchbase.com/organization/zonzofox,Italy,43.4714722,10.6797912,2014,3.0,False,False,False,False,False,True,False,False,False,False,False,False,False,False,2,1,1,False,False,True,False,False,0.0,False,0.0,True,2016-08-06,2016-08-06,Seed,2016,230.0,False,,True,,6.0,44.0,False,,False,,True,,False,False,False,,False,,False,,0,0,False,,False,False,,False,,False,,False,,False,,False,,False,False,False,False,0,,False,,False,True,,False,False,False,False,False,False,True,True,2,0,False,5,2,0.4,0.3364722366212129,0.25114731053987616,0.948628635253408,0.948628635253408,0.948628635253408,0.948628635253408,0.948628635253408,0.948628635253408,0.0,0.0,0.0,0.0,0.0,0.0,1.0,0.0,0.0,0,0,0,0,1,1,1,1.6,4.35799005684564,False,False,False,False,False,False,,,0.0,0.0
20696,MonsieurGourmand.com,https://www.crunchbase.com/organization/monsieurgourmand-com,Italy,45.62554,11.07178,2014,1.0,False,False,False,False,False,False,True,False,False,False,False,False,False,False,5,1,3,False,False,False,False,False,0.0,False,1.364101,False,2019-01-18,2019-01-18,Seed,2019,81.33333333333333,False,,True,,58.7,19.3,False,,True,,True,,False,False,False,,True,,True,,0,0,False,,False,False,,False,,False,,False,,False,,False,,False,False,False,False,0,,False,,False,True,,False,False,False,False,False,False,True,True,12,0,False,0,0,0.0,0.0,0.14766325579043107,0.5746368248357907,0.4847540686278345,0.7496609296254666,0.4847540686278345,0.5746368248357907,0.7496609296254666,0.0,0.0,0.0,0.2596798076398519,0.009871301791723304,0.3895195163546202,0.0,0.0,0.0,0,0,0,0,1,1,0,1.6,5.303304908059076,False,False,False,False,False,False,,,0.0,0.8000000000000007
21022,GoodAppetito,https://www.crunchbase.com/organization/goodappetito,Italy,45.8066913,12.2063158,2014,1.0,False,False,False,False,False,False,False,False,False,False,True,False,False,True,0,1,2,False,False,False,False,False,0.0,False,0.23769,True,2014-09-23,2014-09-23,Seed,2014,70.5,True,,True,,5.0,14.0,False,,False,,True,,False,False,False,,True,,True,,0,0,False,,False,True,,True,,True,,True,,True,,False,,False,False,False,False,2,,True,,True,True,,False,False,False,False,False,False,True,True,8,0,False,4,0,0.0,0.0,0.23760320758166278,0.13069976988445436,0.023796332187246035,0.2376032075816627,0.023796332187246035,0.13069976988445436,0.2376032075816627,0.0,0.0,0.0,0.2486898434107342,0.2486898434107342,0.2486898434107342,26.0,8.0,0.4602155144234973,1,0,1,0,1,1,1,1.6,3.977810745966149,False,False,False,False,False,False,,,3.0,26.0
20651,Ablio,https://www.crunchbase.com/organization/ablio,Italy,41.8933203,12.4829321,2014,3.0,False,False,False,False,False,True,False,False,False,True,True,False,False,True,2,1,1,False,False,True,False,True,1.0,True,0.65,True,2016-12-30,2016-12-30,Seed,2016,24.0,True,True,False,False,1.0,1.0,False,False,False,False,False,False,False,False,False,False,False,False,False,False,1,1,True,True,True,True,True,True,True,True,True,True,True,True,True,True,True,True,True,True,True,1,1.0,True,True,True,False,False,False,False,False,False,False,False,True,True,55,1,True,28,5,0.1785714285714285,0.1643030512912762,0.477186331368922,0.0,0.0,0.0,0.0,0.0,0.0,0.0,0.0,0.0,0.0,0.0,0.0,1.0,0.0,0.0,0,0,0,0,0,0,0,1.6,4.35799005684564,False,False,False,False,False,False,,,9.200000000000005,30.200000000000003
20625,PrenotaUnCampo,https://www.crunchbase.com/organization/prenotauncampo,Italy,45.4641943,9.1896346,2014,4.0,False,True,False,False,False,True,False,False,False,True,False,False,False,False,1,1,2,False,True,False,True,False,1.0,True,1.033764,False,2015-06-01,2015-06-01,Seed,2015,51.5,True,True,False,False,1.0,15.5,False,False,False,False,False,False,False,False,False,False,False,False,False,False,2,1,True,True,True,True,True,True,True,True,True,True,True,True,True,True,True,True,True,True,True,2,1.0,True,True,True,True,True,False,False,False,False,False,False,True,True,185,1,True,69,14,0.2028985507246377,0.1847341031993385,0.0,0.0,0.0,0.0,0.0,0.0,0.0,0.0,0.0,0.0,0.0,0.0,0.0,5.0,8.0,0.3110072331522328,1,0,0,0,0,1,0,1.6,4.33990170837321,True,False,False,True,True,True,2020-07-23,6.0,4.0,8.0
20736,Wear,https://www.crunchbase.com/organization/wear,Italy,44.7667642,11.827939,2014,3.0,True,False,False,False,False,True,False,False,False,True,False,False,False,False,0,1,1,False,False,True,False,False,0.0,False,1.000818,False,2014-06-18,2014-06-18,Seed,2014,63.0,False,,True,,1.0,9.0,False,,False,,False,,False,False,False,,True,,False,,0,0,False,,False,False,,False,,False,,False,,False,,False,,False,False,False,False,1,,True,,True,True,,False,False,False,False,False,False,True,True,12,0,False,0,0,0.0,0.0,0.221057778410026,0.22105777841002583,0.22105777841002583,0.22105777841002583,0.22105777841002583,0.22105777841002583,0.22105777841002583,0.0,0.0,0.0,0.0,0.0,0.0,2.0,3.0,0.1676849278940113,0,0,0,0,1,1,1,1.6,3.977810745966149,False,False,False,False,False,False,,,3.0,2.0
20770,UNFRAUD,https://www.crunchbase.com/organization/unfraud,Italy,41.8933203,12.4829321,2014,3.0,True,False,False,False,True,False,False,False,True,True,False,False,False,False,1,1,1,False,False,True,False,False,0.0,False,0.10885,True,2015-05-26,2015-05-26,Seed,2015,15.0,False,,True,,20.0,2.0,False,,False,,False,,False,False,False,,False,,True,,0,0,False,,False,False,,False,,False,,False,,False,,False,,False,False,False,False,1,,True,,True,True,,False,False,False,False,False,False,True,True,55,1,True,28,5,0.1785714285714285,0.1643030512912762,0.477186331368922,0.47718633136892186,0.47718633136892186,0.47718633136892186,0.47718633136892186,0.47718633136892186,0.47718633136892186,0.0,0.0,0.0,0.0,0.0,0.0,1.0,0.0,0.0,0,0,0,0,0,0,0,1.6,4.33990170837321,False,False,False,False,False,False,,,9.200000000000005,30.200000000000003
20743,Eattiamo,https://www.crunchbase.com/organization/eattiamo,Italy,44.238366,9.6912326,2014,4.0,False,False,False,False,False,True,True,False,False,True,False,False,False,False,0,2,3,False,True,False,True,False,1.0,True,0.05,True,2014-11-28,2016-05-09,Angel,2014,87.0,False,False,True,True,10.7,35.0,True,True,True,True,True,True,False,False,False,False,False,False,True,False,0,0,False,False,False,False,False,False,False,False,False,False,False,False,False,False,False,False,False,False,False,1,0.0,True,False,False,False,False,True,True,True,False,False,False,True,False,0,0,False,0,0,0.0,0.0,0.14192449372248217,4.485522804636608,0.2616959729125317,6.6316256338456245,0.2616959729125317,3.4124713900320995,6.563246807151667,6.6316256338456245,6.6316256338456245,6.6316256338456245,4.494835137433223,0.06842436961189535,6.742251966605739,0.0,0.0,0.0,0,0,0,0,1,1,1,1.6,3.977810745966149,False,False,False,False,False,False,,,0.0,0.0
20756,Nextwin Srl,https://www.crunchbase.com/organization/nextwin-srl,Italy,41.8933203,12.4829321,2014,3.0,True,False,False,False,True,True,False,False,False,True,False,False,False,False,1,1,2,False,False,False,False,False,0.0,False,0.406309,True,2015-01-24,2015-01-24,Seed,2015,63.0,True,,False,,3.5,4.0,False,,False,,True,,False,False,False,,True,,False,,2,0,True,,True,True,,True,,True,,True,,True,,True,,True,False,True,False,2,,True,,True,False,,False,False,False,False,False,False,True,True,55,1,True,28,5,0.1785714285714285,0.1643030512912762,0.477186331368922,0.0,0.0,0.0,0.0,0.0,0.0,0.0,0.0,0.0,0.0,0.0,0.0,18.0,4.0,0.3713123647184524,1,0,0,0,0,0,0,1.6,4.33990170837321,False,False,False,False,False,False,,,9.200000000000005,30.200000000000003
20721,You Are My Guide,https://www.crunchbase.com/organization/you-are-my-guide,Italy,45.0677551,7.6824892,2014,2.0,True,False,False,False,True,False,False,False,False,True,True,False,False,False,1,1,2,False,False,False,False,False,0.0,False,0.05296,True,2015-03-17,2015-03-17,Equity Crowdfunding,2015,45.5,True,,True,,9.0,5.0,False,,False,,False,,False,False,False,,True,,False,,1,0,True,,False,True,,True,,True,,True,,True,,True,,True,False,True,False,2,,True,,True,True,,False,False,False,False,False,False,True,True,38,0,False,18,2,0.1111111111111111,0.1053605156578263,0.12591627866066715,0.06295813933033352,0.0,0.12591627866066704,0.0,0.06295813933033352,0.12591627866066704,0.0,0.0,0.0,0.12591627866066704,0.12591627866066704,0.12591627866066704,9.0,2.0,0.2606713688329527,1,0,0,0,1,1,1,1.6,4.33990170837321,False,False,False,False,False,False,,,1.0,7.0
20754,Tiassisto24,https://www.crunchbase.com/organization/tiassisto24,Italy,41.8933203,12.4829321,2014,2.0,True,False,False,False,False,True,False,False,False,True,False,False,True,False,1,2,3,True,False,False,False,False,1.0,True,0.461723,True,2015-01-26,2015-06-12,Equity Crowdfunding,2015,57.5,True,False,True,True,3.0,3.8,False,False,False,False,True,False,False,False,False,False,True,False,False,False,3,0,True,False,True,True,False,True,False,True,False,True,False,True,False,True,False,True,False,True,False,3,0.0,True,False,True,False,False,False,False,False,False,False,False,True,True,55,1,True,28,5,0.1785714285714285,0.1643030512912762,0.477186331368922,0.0,0.0,0.0,0.0,0.0,0.0,0.0,0.0,0.0,0.0,0.0,0.0,18.0,4.0,0.3713123647184524,1,0,0,0,0,0,0,1.6,4.33990170837321,False,False,False,False,False,False,,,9.200000000000005,30.200000000000003
20778,Antlos,https://www.crunchbase.com/organization/antlos,Italy,45.6279075,12.3747797,2014,3.0,False,False,False,False,False,True,False,False,False,True,False,False,False,False,0,4,6,False,True,False,False,False,1.0,True,0.681816,True,2014-01-01,2016-03-01,Seed,2014,53.666666666666664,True,False,True,True,3.5,8.2,False,False,False,False,True,True,False,True,False,False,True,False,True,False,2,0,True,False,False,True,False,True,False,True,False,True,False,True,False,True,False,True,False,True,False,3,0.0,True,False,False,True,True,False,False,False,False,False,False,True,True,10,0,False,23,3,0.1304347826086956,0.1226023220923323,0.24868984341073422,0.6493188651604436,0.0,1.425036011450439,0.0,0.5539596817194282,1.425036011450439,1.1261147823655202,1.1261147823655202,1.1261147823655202,1.0239928126230948,0.00941470035542199,2.059803324452054,26.0,6.0,0.4371086035084127,1,0,1,0,1,1,1,1.6,3.977810745966149,True,False,False,True,True,True,2018-05-02,4.0,3.0,23.0
20699,Morpheos,https://www.crunchbase.com/organization/morpheos,Italy,37.5023612,15.0873718,2014,6.0,True,False,False,False,True,True,False,False,False,True,False,False,True,False,1,3,3,False,False,False,False,False,0.0,False,0.837952,True,2015-11-02,2018-06-11,Seed,2015,43.666666666666664,False,,True,,8.7,2.3,False,,False,,True,,False,False,False,,False,,False,,0,0,False,,False,False,,False,,False,,False,,False,,False,,False,False,False,False,3,,True,,True,True,,False,False,False,False,False,False,True,True,3,0,False,1,0,0.0,0.0,1.0118080857920644,0.8534128281022189,0.5366223127225277,1.0118080857920644,0.5366223127225277,0.8534128281022189,1.0118080857920644,0.0,0.0,0.0,0.3181242209126146,0.0,0.47718633136892186,0.0,0.0,0.0,0,0,0,0,1,1,1,1.6,4.33990170837321,False,False,False,False,False,False,,,0.0,0.0
20810,Tutored,https://www.crunchbase.com/organization/tutored,Italy,45.4641943,9.1896346,2014,3.0,False,True,False,False,True,True,False,False,False,False,False,False,False,True,0,3,4,True,False,False,False,False,0.0,False,1.203234,False,2014-10-21,2015-07-30,Seed,2014,66.42857142857143,True,,True,,2.0,6.3,False,,False,,True,,False,False,False,,True,,False,,3,0,True,,False,True,,True,,True,,True,,True,,True,,True,False,True,False,7,,True,,True,True,,False,False,False,False,False,False,True,True,185,1,True,69,15,0.217391304347826,0.1967102942460541,0.0,0.27267790363938393,0.0,0.47718633136892186,0.0,0.27267790363938393,0.47718633136892186,0.0,0.0,0.0,0.27267790363938393,0.0,0.47718633136892186,12.0,9.0,0.3973969165066756,1,0,0,0,1,1,1,1.6,3.977810745966149,False,False,False,False,False,False,,,4.0,8.0
20812,Faberest,https://www.crunchbase.com/organization/faberest,Italy,45.6279075,12.3747797,2014,1.0,False,False,False,False,False,True,True,False,False,True,False,False,False,False,1,2,3,False,False,False,False,False,0.0,False,0.170888,True,2015-04-17,2015-11-27,Seed,2015,27.0,True,,True,,7.5,6.3,False,,False,,True,,False,True,False,,False,,True,,1,0,True,,False,True,,True,,True,,True,,True,,True,,True,False,True,False,3,,True,,True,True,,False,False,False,False,False,False,True,True,10,0,False,23,4,0.1739130434782608,0.1603426500751793,0.24868984341073422,0.11960865783394006,0.0,0.2486898434107342,0.0,0.11960865783394006,0.2486898434107342,0.0,0.0,0.0,0.16631455166158182,0.11013613009108596,0.2486898434107342,26.0,1.0,0.3219242803927362,1,0,1,0,0,0,1,1.6,4.33990170837321,False,False,False,False,False,False,,,3.0,23.0
20705,Kopjra,https://www.crunchbase.com/organization/kopjra,Italy,44.4938203,11.3426327,2014,1.0,False,False,False,False,True,False,False,False,False,True,False,False,False,False,0,2,4,False,False,False,False,False,0.0,False,0.163679,True,2014-11-01,2015-07-29,Venture - Series Unknown,2014,78.0,False,,True,,7.5,13.8,False,,False,,True,,False,False,False,,True,,True,,0,0,False,,False,False,,False,,False,,False,,False,,False,,False,False,False,False,3,,True,,False,True,,False,False,False,False,False,False,True,True,16,1,True,5,0,0.0,0.0,0.2007881922946392,0.3701828125142916,0.2007881922946392,0.8783666731732487,0.2007881922946392,0.3701828125142916,0.8783666731732487,0.0,0.0,0.0,0.34874502277265496,0.0,0.6974900455453099,3.0,0.0,0.0687619531421999,0,0,0,0,1,0,1,1.6,3.977810745966149,False,False,True,False,True,True,,,2.0,2.2
20802,konoz,https://www.crunchbase.com/organization/konoz,Italy,45.4641943,9.1896346,2014,5.0,False,True,False,False,False,True,False,False,True,True,True,False,False,False,2,1,1,False,False,True,False,False,0.0,False,0.11,True,2016-04-03,2016-04-03,Seed,2016,2.0,True,,False,,0.0,0.0,False,,False,,False,,False,False,False,,False,,False,,1,0,True,,True,True,,True,,True,,True,,True,,True,,True,False,True,False,1,,True,,True,True,,False,False,False,False,False,False,True,True,185,1,True,69,15,0.217391304347826,0.1967102942460541,0.0,0.0,0.0,0.0,0.0,0.0,0.0,0.0,0.0,0.0,0.0,0.0,0.0,0.0,0.0,0.0,0,0,0,0,0,0,0,1.6,4.35799005684564,False,False,False,False,False,False,,,4.0,8.0
20783,Alkmeon,https://www.crunchbase.com/organization/alkmeon,Italy,39.1873894,16.8782819,2014,1.0,True,False,False,False,False,True,False,True,False,True,False,False,False,False,0,1,1,False,False,True,False,False,0.0,False,0.5,True,2014-10-30,2014-10-30,Series A,2014,7.0,False,,True,,1.0,0.0,False,,False,,False,,False,False,False,,False,,False,,0,0,False,,False,False,,False,,False,,False,,False,,False,,False,False,False,False,0,,False,,False,False,,True,True,True,True,False,False,False,False,0,0,False,0,0,0.0,0.0,0.9407395696757495,10.521173606427375,10.521173606427375,10.521173606427375,10.521173606427375,10.521173606427375,10.521173606427375,0.0,0.0,0.0,0.0,0.0,0.0,0.0,0.0,0.0,0,0,0,0,1,1,1,1.6,3.977810745966149,False,False,True,False,True,True,,,0.0,0.0
20314,2hire,https://www.crunchbase.com/organization/2hire,Italy,41.8933203,12.4829321,2015,4.0,True,False,False,False,True,False,False,False,False,True,False,False,False,False,0,3,4,False,True,False,True,False,1.0,True,0.713267,True,2014-01-01,2017-09-13,Series A,2014,69.0,True,False,True,True,1.8,7.2,False,False,False,False,True,False,False,False,False,False,True,False,False,False,2,0,True,False,False,True,False,True,False,True,False,True,False,True,False,True,False,True,False,True,False,3,1.0,True,True,False,True,True,False,False,False,False,False,False,True,True,55,1,True,38,5,0.131578947368421,0.1236139559671766,0.477186331368922,0.4597256288689315,0.0,1.361716184106804,0.0,0.453905394702268,1.361716184106804,0.47718633136892186,0.47718633136892186,0.47718633136892186,0.8107662610811023,0.0,1.361716184106804,31.0,10.0,0.4955204405482897,1,1,1,0,0,1,1,2.31,3.977810745966149,False,False,True,False,True,True,,,9.200000000000005,30.200000000000003
20296,Lifeed,https://www.crunchbase.com/organization/lifeed,Italy,45.4641943,9.1896346,2015,2.0,False,True,False,False,True,True,False,False,False,True,False,False,False,False,2,3,6,False,True,False,False,False,2.0,True,1.730991,False,2017-12-01,2019-07-19,Seed,2017,21.833333333333332,True,True,True,True,3.2,2.3,True,False,False,False,True,False,False,True,True,False,False,False,False,False,3,1,True,True,False,True,True,True,True,True,True,True,True,True,True,True,True,True,True,True,True,3,1.0,True,True,False,True,True,False,False,False,False,False,False,True,True,185,1,True,86,19,0.2209302325581395,0.1996130539040156,0.0,0.4071989740806203,0.0,0.958922838952452,0.0,0.4141032211244405,0.958922838952452,0.0,0.39339047999298,0.78678095998596,0.6819731398548945,0.0,1.449987166760137,2.0,4.0,0.1882016892943149,1,0,0,0,0,1,0,2.31,4.906755163608864,False,False,False,False,False,False,,,4.0,8.0
20616,D-EYE,https://www.crunchbase.com/organization/d-eye,Italy,45.391408,11.8058487,2015,6.0,True,False,False,False,False,False,False,True,False,True,False,False,False,False,1,1,4,False,False,False,False,False,0.0,False,1.899805,False,2016-01-22,2016-01-22,Seed,2016,16.75,True,,True,,8.2,3.2,False,,False,,False,,False,False,False,,False,,False,,0,0,False,,False,True,,True,,True,,False,,False,,False,,False,False,False,False,4,,True,,True,True,,False,False,False,False,False,False,True,True,12,0,False,1,0,0.0,0.0,0.20431393613843182,0.24079902265576317,0.04125263400583073,0.39276242143604256,0.04125263400583073,0.24079902265576317,0.39276242143604256,0.0,0.0,0.0,0.3372072835716808,0.12591627866066704,0.5238586441741419,0.0,0.0,0.0,0,0,0,0,1,1,1,2.31,4.35799005684564,False,False,False,False,False,False,,,0.0,0.0
20355,Orangogo,https://www.crunchbase.com/organization/sport-grand-tour,Italy,45.0677551,7.6824892,2015,1.0,False,False,False,False,True,True,False,False,False,True,True,False,False,False,1,3,3,False,True,False,False,False,1.0,True,3.248478,False,2016-01-01,2021-12-31,Seed,2016,39.666666666666664,True,False,True,True,7.0,4.7,False,False,False,False,True,False,False,False,False,False,False,False,False,False,2,0,True,False,False,True,False,True,False,True,False,True,False,True,False,True,False,True,False,True,False,3,1.0,True,True,True,True,True,False,False,False,False,False,False,True,True,38,0,False,19,2,0.1052631578947368,0.1000834585569824,0.12591627866066715,0.041972092886889016,0.0,0.12591627866066704,0.0,0.0,0.0,0.12591627866066704,0.12591627866066704,0.12591627866066704,0.08394418577377803,0.0,0.12591627866066704,0.0,0.0,0.0,0,0,0,0,0,0,0,2.31,4.35799005684564,False,False,False,False,False,False,,,1.0,7.0
20347,greenchic,https://www.crunchbase.com/organization/wardrobe-green-armadio-verde,Italy,45.4641943,9.1896346,2015,2.0,False,True,False,False,True,True,False,False,False,False,False,True,False,False,0,7,4,True,True,False,False,False,2.0,True,4.30362,False,2014-12-09,2019-08-02,Series A,2014,28.6,True,True,True,True,10.6,7.4,True,False,False,False,False,False,False,True,False,False,False,False,False,False,7,6,True,True,False,True,True,True,True,True,True,True,True,True,True,True,True,True,True,True,True,10,7.0,True,True,True,True,True,False,False,False,False,False,False,True,True,185,1,True,86,19,0.2209302325581395,0.1996130539040156,0.0,0.04278025664916359,0.0,0.18932747836138406,0.0,0.10285500747550332,0.18932747836138406,0.0,0.01703393486644656,0.11923754406512592,0.0722667586140584,0.0,0.18932747836138406,6.0,6.0,0.3031924594922654,1,0,0,0,0,1,0,2.31,3.977810745966149,False,False,True,False,True,True,,,4.0,8.0
20340,Together Price,https://www.crunchbase.com/organization/together-price,Italy,41.8933203,12.4829321,2015,3.0,False,False,False,False,False,False,False,False,False,True,False,False,False,True,2,3,3,True,True,False,False,False,2.0,True,1.032244,False,2017-06-12,2018-07-31,Equity Crowdfunding,2017,75.25,True,False,True,True,5.2,7.5,False,False,False,False,True,False,True,False,False,True,True,False,False,False,2,0,True,False,False,True,False,True,False,True,False,True,False,True,False,True,False,True,False,True,False,3,1.0,True,True,False,True,True,False,False,False,False,False,False,True,True,55,1,True,38,5,0.131578947368421,0.1236139559671766,0.477186331368922,0.4597256288689315,0.0,1.361716184106804,0.0,0.0,0.0,0.47718633136892186,0.919451257737863,1.361716184106804,0.8107662610811023,0.0,1.361716184106804,32.0,12.0,0.513932725633377,1,1,1,1,1,1,1,2.31,4.906755163608864,False,False,False,False,False,False,,,9.200000000000005,30.200000000000003
20595,Moovenda,https://www.crunchbase.com/organization/moovenda-2,Italy,41.8933203,12.4829321,2015,3.0,False,False,False,False,True,True,False,False,False,True,False,False,False,False,0,4,5,True,True,False,False,False,1.0,True,1.701708,False,2015-01-26,2016-08-08,Seed,2015,41.44444444444444,True,True,True,False,2.0,4.2,False,False,False,False,True,True,False,True,False,False,True,True,False,False,4,1,True,True,False,True,True,True,True,True,True,True,True,True,True,True,True,True,True,True,True,7,1.0,True,True,False,True,False,False,False,False,False,True,False,True,True,55,1,True,38,5,0.131578947368421,0.1236139559671766,0.477186331368922,0.2784825435585624,0.0,0.5373919489601481,0.0,0.3132928615033827,0.5373919489601481,0.0,0.0,0.0,0.2889658663236727,0.0,0.5373919489601481,25.0,9.0,0.4661588696488756,1,0,1,0,0,0,0,2.31,4.33990170837321,False,False,False,False,False,False,,,9.200000000000005,30.200000000000003
20320,Evja,https://www.crunchbase.com/organization/evja,Italy,40.8358846,14.2487679,2015,2.0,True,False,False,False,True,False,True,False,False,True,False,False,False,False,1,3,4,True,True,False,False,False,2.0,True,4.533608,False,2016-10-01,2023-09-26,Seed,2016,54.2,False,False,True,True,9.2,0.2,False,False,True,True,True,False,False,False,False,False,False,False,False,False,0,0,False,False,False,False,False,False,False,False,False,False,False,False,False,False,False,False,False,False,False,4,2.0,True,True,False,False,False,False,False,False,False,False,False,True,True,6,0,False,7,0,0.0,0.0,0.6579640257134732,0.5017338069505147,0.18851880386121386,1.399489296842905,0.18851880386121386,0.5921756348551108,1.399489296842905,0.18851880386121386,0.36607106509362064,0.5436233263260275,0.5738468959204756,0.0,1.2325739766058497,2.0,0.0,0.0402231640645322,0,0,0,0,1,0,0,2.31,4.35799005684564,False,False,False,False,False,False,,,0.8000000000000007,3.0
20855,Salesoar,https://www.crunchbase.com/organization/salesoar,Italy,43.7697955,11.2556404,2015,1.0,True,False,False,False,False,True,False,False,False,True,False,False,False,False,0,1,2,False,False,False,False,False,0.0,False,0.056567,True,2015-02-01,2015-02-01,Seed,2015,53.0,True,,True,,2.5,7.0,False,,False,,True,,False,False,False,,True,,False,,1,0,True,,False,True,,True,,True,,True,,True,,True,,True,False,True,False,2,,True,,True,True,,False,False,False,False,False,False,True,True,10,0,False,16,4,0.25,0.2231435513142097,0.24945797158136823,0.12472898579068416,0.0,0.24945797158136832,0.0,0.12472898579068416,0.24945797158136832,0.0,0.0,0.0,0.24945797158136832,0.24945797158136832,0.24945797158136832,11.0,1.0,0.2414779522636717,1,0,0,0,1,0,1,2.31,4.33990170837321,False,False,False,False,False,False,,,1.200000000000001,10.2
20873,Euklid,https://www.crunchbase.com/organization/euklid,Italy,45.4641943,9.1896346,2015,2.0,True,True,False,False,False,False,False,False,True,False,False,False,False,False,0,1,3,False,False,False,False,False,0.0,False,0.0,True,2015-12-22,2015-12-22,Seed,2015,53.0,True,,True,,2.0,7.7,False,,False,,False,,False,False,False,,True,,False,,2,0,True,,False,True,,True,,True,,True,,True,,True,,True,False,True,False,2,,True,,False,True,,False,False,False,False,False,False,True,True,185,1,True,86,19,0.2209302325581395,0.1996130539040156,0.0,0.319640946317484,0.0,0.958922838952452,0.0,0.319640946317484,0.958922838952452,0.0,0.0,0.0,0.639281892634968,0.0,0.958922838952452,10.0,3.0,0.2965770855466619,1,0,0,0,0,0,1,2.31,4.33990170837321,False,False,False,False,False,False,,,4.0,8.0
20795,Papèm,https://www.crunchbase.com/organization/papem,Italy,38.1112268,13.3524434,2015,4.0,False,False,False,False,True,True,False,False,False,False,False,False,False,False,1,1,1,False,False,True,False,True,1.0,True,0.0,True,2016-06-01,2016-06-01,Angel,2016,18.0,False,False,True,True,1.0,3.0,False,False,False,False,False,False,False,False,False,False,False,False,False,False,0,0,False,False,False,False,False,False,False,False,False,False,False,False,False,False,False,False,False,False,False,1,1.0,True,True,True,False,False,False,False,False,False,False,False,True,True,0,0,False,1,0,0.0,0.0,0.8871466874605993,0.9053735549130458,0.9053735549130458,0.9053735549130458,0.0,0.0,0.0,0.9053735549130458,0.9053735549130458,0.9053735549130458,0.0,0.0,0.0,0.0,0.0,0.0,0,0,0,0,1,0,0,2.31,4.35799005684564,False,False,False,False,False,False,,,1.2000000000000002,1.0
20682,My Foody,https://www.crunchbase.com/organization/my-foody,Italy,45.4641943,9.1896346,2015,3.0,False,True,False,False,False,False,True,False,False,True,True,True,False,False,3,1,2,False,True,False,True,False,1.0,True,0.571988,True,2018-10-01,2018-10-01,Seed,2018,46.0,True,True,False,False,2.5,7.5,False,False,False,False,False,False,False,False,False,False,False,False,False,False,2,1,True,True,True,True,True,True,True,True,True,True,True,True,True,True,True,True,True,True,True,2,1.0,True,True,True,True,True,False,False,False,False,False,False,True,True,185,1,True,86,18,0.2093023255813953,0.1900436028878649,0.0,0.0,0.0,0.0,0.0,0.0,0.0,0.0,0.0,0.0,0.0,0.0,0.0,12.0,1.0,0.2494183912768929,1,0,0,0,0,0,1,2.31,4.61512051684126,True,False,False,True,True,True,2021-10-14,6.0,4.0,8.0
20903,PonyU,https://www.crunchbase.com/organization/ponyu,Italy,40.8358846,14.2487679,2015,1.0,True,False,False,False,True,True,False,False,False,True,False,False,False,False,0,2,2,False,False,False,False,False,0.0,False,0.0,True,2015-07-09,2021-08-01,Seed,2015,45.0,False,,True,,5.0,9.5,False,,False,,True,,False,False,False,,False,,True,,0,0,False,,False,False,,False,,False,,False,,False,,False,,False,False,False,False,2,,True,,True,True,,False,False,False,False,False,False,True,True,6,0,False,7,0,0.0,0.0,0.6579640257134732,0.605987162410786,0.554010299108099,0.6579640257134731,0.554010299108099,0.605987162410786,0.6579640257134731,0.0,0.0,0.0,0.2486898434107342,0.2486898434107342,0.2486898434107342,0.0,0.0,0.0,0,0,0,0,1,0,0,2.31,4.33990170837321,False,False,False,False,False,False,,,0.8000000000000007,3.0
20698,Social Academy,https://www.crunchbase.com/organization/social-academy,Italy,41.8933203,12.4829321,2015,1.0,False,False,False,False,True,True,False,False,False,True,False,False,False,False,2,1,2,False,True,False,False,False,1.0,True,0.53045,True,2017-02-20,2017-02-20,Seed,2017,60.5,True,True,False,False,3.0,4.0,False,False,False,False,True,False,False,False,False,False,True,False,False,False,2,1,True,True,True,True,True,True,True,True,True,True,True,True,True,True,True,True,True,True,True,2,1.0,True,True,True,False,False,False,False,False,False,False,False,True,True,55,1,True,38,5,0.131578947368421,0.1236139559671766,0.477186331368922,0.0,0.0,0.0,0.0,0.0,0.0,0.0,0.0,0.0,0.0,0.0,0.0,33.0,11.0,0.5095347501627687,1,1,1,0,1,1,1,2.31,4.906755163608864,False,False,False,False,False,False,,,9.200000000000005,30.200000000000003
20694,PlayWood,https://www.crunchbase.com/organization/playwood,Italy,44.6086674,10.5940667,2015,1.0,False,False,False,False,True,True,False,False,False,False,False,False,False,False,2,1,3,False,True,False,False,False,2.0,True,0.476176,True,2017-11-27,2017-11-27,Venture - Series Unknown,2017,71.66666666666667,False,False,True,True,5.0,8.7,False,False,True,True,True,True,True,False,False,False,True,True,False,False,0,0,False,False,False,False,False,False,False,False,False,False,False,False,False,False,False,False,False,False,False,3,2.0,True,True,True,True,True,False,False,False,False,False,False,True,True,8,0,False,1,0,0.0,0.0,0.14569458676328065,0.20994666819999735,0.14569458676328031,0.33845083107343144,0.14569458676328031,0.14569458676328031,0.14569458676328031,0.14569458676328031,0.2420727089183559,0.33845083107343144,0.3181242209126146,0.0,0.47718633136892186,2.0,2.0,0.1412342220372826,0,0,0,0,1,1,1,2.31,4.906755163608864,False,False,True,False,True,True,,,0.0,2.0
20815,Amyko,https://www.crunchbase.com/organization/amyko,Italy,44.4025183,8.6831317,2015,3.0,False,False,False,False,False,True,False,True,False,True,False,False,False,False,0,1,2,False,False,False,False,False,0.0,False,0.283819,True,2015-06-19,2015-06-19,Seed,2015,12.5,True,,True,,2.0,1.0,False,,False,,False,,False,False,False,,False,,False,,0,0,False,,False,True,,True,,True,,True,,True,,True,,False,False,False,False,2,,True,,True,True,,False,False,False,False,False,False,True,True,5,0,False,0,0,0.0,0.0,0.12460342143028881,0.07226410583510469,0.019924790239920883,0.12460342143028848,0.019924790239920883,0.07226410583510469,0.12460342143028848,0.0,0.0,0.0,0.11923754406512592,0.11923754406512592,0.11923754406512592,0.0,0.0,0.0,0,0,0,0,1,1,1,2.31,4.33990170837321,False,False,False,False,False,False,,,0.0,0.0
20800,Majeeko,https://www.crunchbase.com/organization/synkysite,Italy,41.8933203,12.4829321,2015,3.0,False,False,False,False,False,False,False,False,False,True,False,False,False,False,0,1,2,False,False,False,False,False,0.0,False,0.532734,True,2015-02-26,2015-02-26,Seed,2015,80.0,True,,True,,2.0,8.0,False,,False,,True,,False,False,False,,True,,False,,1,0,True,,False,True,,True,,True,,True,,True,,True,,True,False,True,False,2,,True,,True,True,,False,False,False,False,False,False,True,True,55,1,True,38,5,0.131578947368421,0.1236139559671766,0.477186331368922,0.23859316568446093,0.0,0.47718633136892186,0.0,0.23859316568446093,0.47718633136892186,0.0,0.0,0.0,0.47718633136892186,0.47718633136892186,0.47718633136892186,19.0,5.0,0.3931642038898922,1,0,0,0,0,0,0,2.31,4.33990170837321,False,False,False,False,False,False,,,9.200000000000005,30.200000000000003
20851,WETHOD,https://www.crunchbase.com/organization/wethod,Italy,45.6279075,12.3747797,2015,2.0,True,False,False,False,True,False,False,False,False,True,False,False,False,True,0,1,1,False,False,True,False,False,0.0,False,0.053319,True,2015-03-19,2015-03-19,Seed,2015,78.0,True,,False,,10.0,19.0,False,,False,,True,,False,False,False,,False,,True,,1,0,True,,True,True,,True,,True,,True,,True,,True,,True,False,True,False,1,,True,,True,False,,False,False,False,False,False,False,True,True,10,0,False,25,4,0.16,0.1484200051182732,0.24868984341073422,0.0,0.0,0.0,0.0,0.0,0.0,0.0,0.0,0.0,0.0,0.0,0.0,26.0,3.0,0.3856551623074757,1,0,1,0,1,1,1,2.31,4.33990170837321,False,False,False,False,False,False,,,3.0,23.0
20772,Dynamitick,https://www.crunchbase.com/organization/dynamitick,Italy,45.4641943,9.1896346,2015,1.0,True,True,False,False,False,True,False,False,False,True,False,False,False,False,1,3,3,True,False,False,False,False,0.0,False,0.642964,True,2016-02-01,2017-04-01,Seed,2016,68.2,True,,True,,3.2,7.0,False,,False,,True,,True,False,False,,True,,False,,1,0,True,,False,True,,True,,True,,True,,True,,True,,True,False,True,False,5,,True,,True,True,,False,False,False,False,False,False,True,True,185,1,True,86,19,0.2209302325581395,0.1996130539040156,0.0,0.32104139775753276,0.0,0.47718633136892186,0.0,0.32104139775753276,0.47718633136892186,0.0,0.0,0.0,0.28799548997233854,0.0,0.47718633136892186,9.0,0.0,0.1596603108602024,0,0,0,0,0,0,1,2.31,4.35799005684564,False,False,False,False,False,False,,,4.0,8.0
20145,BizAway,https://www.crunchbase.com/organization/bizaway,Italy,46.1113355,12.9016287,2015,3.0,True,False,False,False,False,True,False,False,False,True,False,False,False,False,3,2,3,False,False,False,True,False,0.0,False,2.291897,False,2018-08-08,2018-08-08,Private Equity,2018,18.25,False,,True,,3.0,2.0,False,,True,,False,,False,True,False,,False,,False,,0,0,False,,False,False,,False,,False,,False,,False,,False,,False,False,False,False,0,,False,,False,True,,False,False,False,False,True,False,True,True,4,0,False,0,0,0.0,0.0,0.24658379750064022,0.9208214180302664,0.36067088045439194,1.480971955606141,0.36067088045439194,0.9208214180302664,1.480971955606141,0.0,0.0,0.0,1.2455921075907745,1.2455921075907745,1.2455921075907745,0.0,0.0,0.0,0,0,0,0,1,1,1,2.31,4.61512051684126,False,True,True,True,True,True,,,0.0,0.0
20998,AromaPass,https://www.crunchbase.com/organization/aromapass,Italy,45.6279075,12.3747797,2015,2.0,False,False,False,False,False,True,True,False,False,False,False,False,False,False,0,1,1,False,False,True,False,False,0.0,False,0.0,True,2015-07-25,2015-07-25,Seed,2015,78.0,True,,False,,10.0,19.0,False,,False,,True,,False,False,False,,False,,True,,1,0,True,,True,True,,True,,True,,True,,True,,True,,True,False,True,False,1,,True,,True,False,,False,False,False,False,False,False,True,True,10,0,False,25,4,0.16,0.1484200051182732,0.24868984341073422,0.0,0.0,0.0,0.0,0.0,0.0,0.0,0.0,0.0,0.0,0.0,0.0,26.0,3.0,0.3856551623074757,1,0,1,0,1,1,1,2.31,4.33990170837321,False,False,False,False,False,False,,,3.0,23.0
20200,Artemest,https://www.crunchbase.com/organization/artemest,Italy,45.4641943,9.1896346,2015,2.0,False,True,False,False,False,True,False,False,False,False,False,False,True,False,2,1,5,False,True,False,False,False,1.0,True,1.2,False,2017-01-20,2017-01-20,Series B,2017,34.8,True,True,True,False,5.3,8.4,False,False,False,False,False,False,True,False,False,True,False,False,False,False,3,1,True,True,True,True,True,True,True,True,True,True,True,True,True,True,True,True,True,True,True,3,1.0,True,True,True,True,True,False,False,False,False,False,False,True,True,185,1,True,86,19,0.2209302325581395,0.1996130539040156,0.0,0.0,0.0,0.0,0.0,0.0,0.0,0.0,0.0,0.0,0.0,0.0,0.0,19.0,6.0,0.4073374690328183,1,0,0,0,1,1,1,2.31,4.906755163608864,False,False,True,False,True,True,,,4.0,8.0
20751,Mamma M’Ama,https://www.crunchbase.com/organization/mamma-m-ama,Italy,45.4641943,9.1896346,2015,1.0,False,True,False,False,False,True,True,False,False,False,False,False,False,False,2,1,4,False,False,False,False,False,0.0,False,0.403614,True,2017-04-26,2017-04-26,Seed,2017,28.5,True,,True,,2.3,8.5,True,,False,,False,,False,False,False,,False,,False,,3,0,True,,True,True,,True,,True,,True,,True,,True,,True,False,True,False,3,,True,,True,True,,False,False,False,False,False,False,True,True,185,1,True,86,19,0.2209302325581395,0.1996130539040156,0.0,0.0,0.0,0.0,0.0,0.0,0.0,0.0,0.0,0.0,0.0,0.0,0.0,17.0,5.0,0.3827121743009542,1,0,0,0,1,1,1,2.31,4.906755163608864,False,False,False,False,False,False,,,4.0,8.0
20742,almadom.us,https://www.crunchbase.com/organization/almadom-us,Italy,45.7566557,9.7542192,2015,2.0,True,False,False,False,True,True,False,False,False,False,False,False,True,False,1,1,10,False,False,False,False,False,0.0,False,0.565853,True,2016-06-09,2016-06-09,Seed,2016,8.8,True,,True,,20.8,0.6,False,,False,,True,,False,False,False,,False,,False,,4,0,True,,False,True,,True,,True,,True,,True,,True,,True,False,True,False,8,,True,,True,True,,False,False,False,False,False,False,True,True,11,0,False,1,0,0.0,0.0,0.054645690779669194,0.03266083566055805,0.0,0.07660228369380136,0.0,0.03266083566055805,0.07660228369380136,0.0,0.0,0.0,0.04268911889933275,0.0,0.07660228369380136,0.0,0.0,0.0,0,0,0,0,1,1,1,2.31,4.35799005684564,False,False,False,False,False,False,,,0.0,0.0
20739,GoodBuyAuto,https://www.crunchbase.com/organization/goodbuyauto,Italy,45.4641943,9.1896346,2015,3.0,False,True,False,False,True,True,False,False,False,False,False,False,False,False,1,1,1,False,False,True,False,True,1.0,True,1.649876,False,2016-03-09,2016-03-09,Angel,2016,47.0,True,True,False,False,1.0,13.0,False,False,False,False,False,False,False,False,False,False,False,False,False,False,1,1,True,True,True,True,True,True,True,True,True,True,True,True,True,True,True,True,True,True,True,1,1.0,True,True,True,True,True,False,False,False,False,False,False,True,True,185,1,True,86,19,0.2209302325581395,0.1996130539040156,0.0,0.0,0.0,0.0,0.0,0.0,0.0,0.0,0.0,0.0,0.0,0.0,0.0,6.0,1.0,0.1880081363765889,1,0,0,0,0,0,0,2.31,4.35799005684564,False,False,False,False,False,False,,,4.0,8.0
20245,Zerynth,https://www.crunchbase.com/organization/zerynth,Italy,43.4714722,10.6797912,2015,4.0,True,False,False,False,False,False,False,False,False,True,False,False,False,False,5,1,1,False,False,True,False,True,1.0,True,2.353379,False,2020-09-08,2020-09-08,Series A,2020,45.0,False,False,True,True,13.0,7.0,False,False,False,False,False,False,False,False,False,False,False,False,False,False,0,0,False,False,False,False,False,False,False,False,False,False,False,False,False,False,False,False,False,False,False,1,1.0,True,True,True,True,True,False,False,False,False,False,False,True,True,2,0,False,6,2,0.3333333333333333,0.2876820724517809,0.25114731053987616,0.25114731053987605,0.25114731053987605,0.25114731053987605,0.0,0.0,0.0,0.25114731053987605,0.25114731053987605,0.25114731053987605,0.0,0.0,0.0,0.0,0.0,0.0,0,0,0,0,1,1,1,2.31,5.993961427306569,False,False,True,False,True,True,,,0.0,0.0
20263,Insoore,https://www.crunchbase.com/organization/whoosnap,Italy,41.8933203,12.4829321,2015,3.0,True,False,False,False,True,False,False,False,True,True,False,False,False,True,0,4,4,True,True,False,True,False,1.0,True,1.819452,False,2015-01-26,2019-05-28,Series A,2015,59.166666666666664,True,False,True,True,2.8,4.3,False,False,False,False,True,False,False,False,False,False,True,False,False,False,4,0,True,False,False,True,False,True,False,True,False,True,False,True,False,True,False,True,False,True,False,6,1.0,True,True,True,True,True,False,False,False,False,False,False,True,True,55,1,True,38,5,0.131578947368421,0.1236139559671766,0.477186331368922,0.1668408292571773,0.0,0.5238586441741419,0.0,0.10477172883482838,0.5238586441741419,0.47718633136892186,0.47718633136892186,0.47718633136892186,0.27533974538886147,0.0,0.5238586441741419,25.0,11.0,0.4829222843065828,1,1,1,0,0,1,0,2.31,4.33990170837321,False,False,True,False,True,True,,,9.200000000000005,30.200000000000003
20642,Sharewood,https://www.crunchbase.com/organization/sharewood,Italy,45.4641943,9.1896346,2015,3.0,False,True,False,False,False,True,False,False,False,False,False,False,True,False,0,2,2,False,True,False,True,False,1.0,True,0.0,True,2015-07-31,2022-01-01,Pre-Seed,2015,9.0,True,False,True,True,0.5,0.0,False,False,False,False,False,False,False,False,False,False,True,True,False,False,1,0,True,False,False,True,False,True,False,True,False,True,False,True,False,True,False,True,False,True,False,1,0.0,True,False,False,True,False,False,False,False,False,False,False,True,True,185,1,True,86,19,0.2209302325581395,0.1996130539040156,0.0,0.10949013030700984,0.0,0.21898026061401968,0.0,0.0,0.0,0.21898026061401968,0.21898026061401968,0.21898026061401968,0.21898026061401968,0.21898026061401968,0.21898026061401968,0.0,0.0,0.0,0,0,0,0,0,0,0,2.31,4.33990170837321,False,False,False,False,False,False,,,4.0,8.0
20630,Wallfarm,https://www.crunchbase.com/organization/wallfarm,Italy,41.8933203,12.4829321,2015,6.0,True,False,False,False,True,False,True,False,False,False,False,False,True,False,1,3,7,True,True,False,False,False,1.0,True,0.411523,True,2016-10-01,2020-01-17,Seed,2016,3.3076923076923075,True,False,True,True,27.6,0.0,True,True,False,False,True,False,False,True,False,False,False,False,False,False,5,0,True,False,False,True,False,True,False,True,False,True,False,True,False,True,False,True,False,True,False,9,2.0,True,True,True,True,True,False,False,False,False,False,False,True,True,55,1,True,38,5,0.131578947368421,0.1236139559671766,0.477186331368922,0.21208281394174305,0.0,0.47718633136892186,0.0,0.13633895181969197,0.47718633136892186,0.47718633136892186,0.47718633136892186,0.47718633136892186,0.2651035174271788,0.0,0.47718633136892186,0.0,0.0,0.0,0,0,0,0,0,0,0,2.31,4.35799005684564,False,False,False,False,False,False,,,9.200000000000005,30.200000000000003
20284,3dnextech,https://www.crunchbase.com/organization/3dnextech,Italy,42.7902379,10.3402239,2015,1.0,True,False,False,False,True,False,False,False,False,True,False,False,False,False,5,3,4,True,True,False,True,False,3.0,True,3.332281,False,2020-06-01,2024-02-20,Seed,2020,76.8,False,False,True,True,5.8,0.8,True,True,True,True,True,False,False,False,False,False,False,False,False,False,0,0,False,False,False,False,False,False,False,False,False,False,False,False,False,False,False,False,False,False,False,5,3.0,True,True,True,True,True,False,False,False,False,False,False,True,True,0,0,False,0,0,0.0,0.0,0.3111799386357144,0.21102299426648197,0.13680608575294206,0.31117993863571464,0.20237631564791775,0.20237631564791775,0.20237631564791775,0.13680608575294206,0.2167874466788582,0.31117993863571464,0.24854026507468352,0.0,0.47718633136892186,0.0,0.0,0.0,0,0,0,0,1,1,1,2.31,5.993961427306569,False,False,False,False,False,False,,,0.0,0.0
20230,UNGUESS (formerly AppQuality),https://www.crunchbase.com/organization/app-quality,Italy,45.4641943,9.1896346,2015,2.0,True,True,False,False,True,False,False,False,False,True,False,False,False,True,0,2,3,False,False,False,False,False,0.0,False,0.469337,True,2014-12-16,2017-09-03,Series B,2014,67.0,True,,True,,6.7,9.7,False,,False,,False,,True,False,False,,True,,False,,2,0,True,,False,True,,True,,True,,True,,True,,True,,True,False,True,False,3,,True,,True,True,,False,False,False,False,False,False,True,True,185,1,True,86,19,0.2209302325581395,0.1996130539040156,0.0,0.041972092886889016,0.0,0.12591627866066704,0.0,0.041972092886889016,0.12591627866066704,0.0,0.0,0.0,0.08394418577377803,0.0,0.12591627866066704,10.0,9.0,0.3808247288617051,1,0,0,0,1,1,1,2.31,3.977810745966149,False,False,True,False,True,True,,,4.0,8.0
20955,Songtree,https://www.crunchbase.com/organization/songtree,Italy,41.8933203,12.4829321,2015,1.0,False,False,False,False,False,False,False,False,False,False,True,False,False,False,0,1,1,False,False,True,True,False,0.0,False,0.1,True,2015-05-05,2015-05-05,Pre-Seed,2015,42.0,True,,False,,8.0,7.0,False,,False,,False,,False,False,False,,False,,False,,1,0,True,,True,True,,True,,True,,True,,True,,True,,True,False,True,False,1,,True,,True,False,,False,False,False,False,False,False,True,True,55,1,True,38,5,0.131578947368421,0.1236139559671766,0.477186331368922,0.0,0.0,0.0,0.0,0.0,0.0,0.0,0.0,0.0,0.0,0.0,0.0,4.0,3.0,0.2183601215474815,1,0,0,0,0,0,0,2.31,4.33990170837321,False,False,False,False,False,False,,,9.200000000000005,30.200000000000003
20960,vivereinforma,https://www.crunchbase.com/organization/vivereinforma,Italy,42.0208864,12.7436021,2015,2.0,False,False,False,False,False,True,False,True,False,False,True,False,False,False,1,1,1,False,False,True,False,True,1.0,True,0.0,True,2016-03-04,2016-03-04,Seed,2016,2.0,False,False,True,True,3.0,0.0,False,False,False,False,True,True,False,False,False,False,False,False,False,False,0,0,False,False,False,False,False,False,False,False,False,False,False,False,False,False,False,False,False,False,False,1,1.0,True,True,True,False,False,False,False,False,False,False,False,True,True,54,0,False,0,0,0.0,0.0,0.47749615459688316,0.11603116388636114,0.11603116388636114,0.11603116388636114,0.0,0.0,0.0,0.11603116388636114,0.11603116388636114,0.11603116388636114,0.0,0.0,0.0,0.0,0.0,0.0,0,0,0,0,1,0,0,2.31,4.35799005684564,False,False,False,False,False,False,,,9.200000000000005,30.200000000000003
20964,Listupp,https://www.crunchbase.com/organization/listupp,Italy,43.7697955,11.2556404,2015,2.0,False,False,False,False,True,True,False,False,False,False,False,False,False,False,0,1,1,False,False,True,False,False,0.0,False,0.0,True,2015-02-15,2015-02-15,Seed,2015,43.0,True,,False,,3.0,5.0,False,,False,,True,,False,False,False,,False,,False,,1,0,True,,True,True,,True,,True,,True,,True,,True,,True,False,True,False,1,,True,,True,False,,False,False,False,False,False,False,True,True,10,0,False,16,4,0.25,0.2231435513142097,0.24945797158136823,0.0,0.0,0.0,0.0,0.0,0.0,0.0,0.0,0.0,0.0,0.0,0.0,10.0,2.0,0.2701263796899331,1,0,0,0,1,1,0,2.31,4.33990170837321,False,False,False,False,False,False,,,1.200000000000001,10.2
20681,Mash&Co,https://www.crunchbase.com/organization/mash-co,Italy,37.8512218,15.2830191,2015,2.0,False,False,False,False,False,True,False,False,False,True,True,False,False,False,0,1,1,False,False,True,True,False,0.0,False,0.027623,True,2015-07-01,2015-07-01,Pre-Seed,2015,4.0,False,,True,,3.0,0.0,False,,False,,False,,False,False,False,,False,,False,,0,0,False,,False,False,,False,,False,,False,,False,,False,,False,False,False,False,0,,False,,False,False,,False,False,False,False,False,False,True,True,3,0,False,0,0,0.0,0.0,0.9856373025268619,2.6628878111097207,2.6628878111097207,2.6628878111097207,2.6628878111097207,2.6628878111097207,2.6628878111097207,0.0,0.0,0.0,0.0,0.0,0.0,0.0,0.0,0.0,0,0,0,0,1,1,1,2.31,4.33990170837321,False,False,False,False,False,False,,,0.0,0.0
20936,MiMoto Smart Mobility,https://www.crunchbase.com/organization/mimoto-smart-mobility,Italy,45.4641943,9.1896346,2015,3.0,True,True,False,False,True,False,False,False,False,False,False,False,False,False,1,1,1,False,False,True,False,True,1.0,True,0.0,True,2016-06-01,2016-06-01,Seed,2016,47.0,True,True,False,False,1.0,13.0,False,False,False,False,False,False,False,False,False,False,False,False,False,False,1,1,True,True,True,True,True,True,True,True,True,True,True,True,True,True,True,True,True,True,True,1,1.0,True,True,True,True,True,False,False,False,False,False,False,True,True,185,1,True,86,18,0.2093023255813953,0.1900436028878649,0.0,0.0,0.0,0.0,0.0,0.0,0.0,0.0,0.0,0.0,0.0,0.0,0.0,6.0,1.0,0.1880081363765889,1,0,0,0,0,0,0,2.31,4.35799005684564,True,False,False,True,True,True,2020-08-06,5.0,4.0,8.0
20531,Chino.io,https://www.crunchbase.com/organization/chino-io,Italy,45.886548,11.0452369,2015,2.0,True,False,False,False,True,False,False,True,False,True,False,False,False,False,0,1,1,False,False,True,False,False,0.0,False,0.0,True,2015-01-01,2015-01-01,Series A,2015,230.0,False,,True,,5.0,44.0,False,,False,,True,,False,False,False,,False,,False,,0,0,False,,False,False,,False,,False,,False,,False,,False,,False,False,False,False,0,,False,,False,True,,False,False,False,False,False,False,True,True,18,0,False,0,0,0.0,0.0,0.15162203364113705,0.7401366968988929,0.7401366968988929,0.7401366968988929,0.7401366968988929,0.7401366968988929,0.7401366968988929,0.0,0.0,0.0,0.0,0.0,0.0,2.0,0.0,0.0402231640645322,0,0,0,0,1,1,1,2.31,4.33990170837321,False,False,True,False,True,True,,,0.0,1.0
20510,Manet,https://www.crunchbase.com/organization/manet,Italy,41.8933203,12.4829321,2015,6.0,True,False,False,False,False,True,False,False,False,True,False,False,False,False,1,2,2,True,False,False,True,False,2.0,True,0.834559,True,2016-09-08,2017-02-02,Venture - Series Unknown,2016,87.66666666666667,True,True,True,True,5.3,8.3,False,False,False,False,True,True,True,False,False,True,True,True,False,False,2,2,True,True,False,True,True,True,True,True,True,True,True,True,True,True,True,True,True,True,True,3,3.0,True,True,True,True,True,False,False,False,False,False,False,True,True,55,1,True,38,5,0.131578947368421,0.1236139559671766,0.477186331368922,0.1590621104563073,0.0,0.47718633136892186,0.0,0.0,0.0,0.0,0.1590621104563073,0.47718633136892186,0.3181242209126146,0.0,0.47718633136892186,30.0,18.0,0.5426224281515286,1,1,1,1,1,1,0,2.31,4.35799005684564,False,False,True,False,True,True,,,9.200000000000005,30.200000000000003
20385,Invrsion,https://www.crunchbase.com/organization/invrsion,Italy,45.4641943,9.1896346,2015,2.0,True,True,False,False,False,True,False,False,False,True,False,False,False,True,3,2,2,True,False,False,False,False,0.0,False,8.05522,False,2018-10-16,2020-04-30,Seed,2018,57.0,True,,True,,4.0,5.0,False,,False,,False,,True,False,False,,False,,False,,1,0,True,,False,True,,True,,True,,True,,True,,True,,True,False,True,False,3,,True,,True,True,,False,False,False,False,False,False,True,True,185,1,True,86,18,0.2093023255813953,0.1900436028878649,0.0,0.08394418577377803,0.0,0.12591627866066704,0.0,0.08394418577377803,0.12591627866066704,0.0,0.0,0.0,0.08394418577377803,0.0,0.12591627866066704,3.0,0.0,0.0687619531421999,0,0,0,0,0,0,0,2.31,4.61512051684126,True,False,False,True,True,True,2023-06-07,8.0,4.0,8.0
20433,Composite Research,https://www.crunchbase.com/organization/composite-research,Italy,44.8873086,7.3319454,2015,2.0,True,False,False,False,True,False,False,True,False,False,False,False,False,False,1,2,2,False,False,False,False,False,2.0,True,1.09743,False,2016-06-01,2024-10-07,Seed,2016,34.5,True,True,False,False,3.0,2.5,False,False,False,False,False,False,False,False,False,False,False,False,False,False,0,0,False,False,False,True,True,True,True,True,True,True,True,False,False,False,False,False,False,False,False,2,2.0,True,True,True,False,False,False,False,False,False,False,False,True,True,38,0,False,1,0,0.0,0.0,0.15911298238919003,0.034100658740746775,0.034100658740746775,0.034100658740746775,0.0,0.0,0.0,0.034100658740746775,0.034100658740746775,0.034100658740746775,0.0,0.0,0.0,5.0,0.0,0.1089851172067322,0,0,0,0,1,1,1,2.31,4.35799005684564,False,False,False,False,False,False,,,0.0,5.0
20373,Vita Meals,https://www.crunchbase.com/organization/feat-food,Italy,45.4641943,9.1896346,2015,2.0,False,True,False,False,True,False,True,False,False,False,False,False,False,False,3,2,2,False,False,False,True,False,0.0,False,2.925122,False,2018-08-01,2021-12-15,Seed,2018,95.0,True,,True,,4.5,1.5,False,,True,,False,,False,False,False,,False,,False,,1,0,True,,False,True,,True,,True,,True,,True,,True,,True,False,True,False,2,,True,,True,True,,False,False,False,False,False,False,True,True,185,1,True,86,19,0.2209302325581395,0.1996130539040156,0.0,0.23859316568446093,0.0,0.47718633136892186,0.0,0.23859316568446093,0.47718633136892186,0.0,0.0,0.0,0.47718633136892186,0.47718633136892186,0.47718633136892186,6.0,1.0,0.1880081363765889,1,0,0,0,0,0,0,2.31,4.61512051684126,False,False,False,False,False,False,,,4.0,8.0
20374,KPI6,https://www.crunchbase.com/organization/kpi6,Italy,44.6532007,10.781081,2015,1.0,True,False,False,False,True,False,False,False,False,True,True,False,False,False,0,2,1,True,False,True,True,False,0.0,False,1.159739,False,2015-07-06,2016-01-01,Venture - Series Unknown,2015,97.0,False,,True,,2.5,7.0,False,,False,,True,,False,False,False,,True,,False,,0,0,False,,False,False,,False,,False,,False,,False,,False,,False,False,False,False,2,,True,,True,False,,False,False,False,False,False,False,True,True,20,0,False,0,0,0.0,0.0,0.1541300234442555,0.33637490155552,0.33637490155552,0.33637490155552,0.33637490155552,0.33637490155552,0.33637490155552,0.0,0.0,0.0,0.0,0.0,0.0,0.0,0.0,0.0,0,0,0,0,1,0,0,2.31,4.33990170837321,False,False,True,False,True,True,,,1.200000000000001,2.6000000000000005
20474,Barberino's - Benessere Italiano,https://www.crunchbase.com/organization/barberino-s-classic-italian-barber,Italy,45.4641943,9.1896346,2015,2.0,False,True,False,False,False,True,False,False,False,False,False,False,False,False,3,3,3,False,True,False,True,False,2.0,True,1.274965,False,2018-02-01,2021-08-01,Pre-Seed,2018,19.666666666666668,True,True,False,False,0.5,1.7,False,False,False,False,False,False,False,True,True,False,False,False,False,False,3,2,True,True,True,True,True,True,True,True,True,True,True,True,True,True,True,True,True,True,True,3,2.0,True,True,True,True,True,False,False,False,False,False,False,True,True,185,1,True,86,19,0.2209302325581395,0.1996130539040156,0.0,0.0,0.0,0.0,0.0,0.0,0.0,0.0,0.0,0.0,0.0,0.0,0.0,1.0,0.0,0.0,0,0,0,0,0,0,0,2.31,4.61512051684126,False,False,False,False,False,False,,,4.0,8.0
20459,Prima.it,https://www.crunchbase.com/organization/prima-it,Italy,45.4641943,9.1896346,2015,3.0,False,True,False,False,True,False,False,False,True,False,False,False,False,False,0,3,5,True,False,False,True,False,0.0,False,0.0,True,2013-08-01,2015-03-10,Series A,2013,54.5,True,,True,,1.7,17.3,False,,False,,False,,False,True,False,,False,,False,,1,0,True,,False,True,,True,,True,,True,,True,,True,,True,False,True,False,1,,True,,False,True,,True,True,False,False,True,False,True,False,185,1,True,86,18,0.2093023255813953,0.1900436028878649,0.0,0.20104894872802984,0.0,0.5180477171554796,0.0,0.20104894872802984,0.5180477171554796,0.0,0.0,0.0,0.20855123314178425,0.0,0.5180477171554796,3.0,4.0,0.2167404783719826,1,0,0,0,0,1,0,2.31,4.370712874773608,False,True,True,True,True,True,,,4.0,8.0
20464,ISCLEANAIR,https://www.crunchbase.com/organization/is-clean-air,Italy,41.8933203,12.4829321,2015,2.0,True,False,True,False,True,False,False,False,False,False,False,True,False,False,2,1,2,False,True,False,False,False,1.0,True,1.296243,False,2017-01-31,2017-01-31,Equity Crowdfunding,2017,127.0,True,True,True,False,4.5,22.5,False,False,False,False,True,False,False,False,False,False,False,False,False,False,1,1,True,True,False,True,True,True,True,True,True,True,True,True,True,True,True,True,True,True,True,1,1.0,True,True,False,True,False,False,False,False,False,False,False,True,True,55,1,True,38,5,0.131578947368421,0.1236139559671766,0.477186331368922,0.586639124732063,0.0,1.173278249464126,1.173278249464126,1.173278249464126,1.173278249464126,0.0,0.0,0.0,1.173278249464126,1.173278249464126,1.173278249464126,4.0,1.0,0.154629239632742,0,0,0,0,0,0,0,2.31,4.906755163608864,False,False,False,False,False,False,,,9.200000000000005,30.200000000000003
20514,Yocabè,https://www.crunchbase.com/organization/yocabe,Italy,41.8933203,12.4829321,2016,4.0,True,False,False,False,True,True,False,False,False,False,False,False,False,False,1,2,5,True,True,False,False,False,2.0,True,0.995712,True,2017-03-01,2019-04-12,Equity Crowdfunding,2017,25.857142857142858,True,True,True,True,6.0,3.4,False,False,False,False,True,False,False,True,False,False,False,False,False,False,2,1,True,True,False,True,True,True,True,True,True,True,True,True,True,True,True,True,True,True,True,6,2.0,True,True,False,True,True,True,True,True,False,False,False,True,False,55,1,True,53,6,0.1132075471698113,0.1072455303535975,0.477186331368922,1.7282378853844458,0.0,10.18891987221543,0.0,2.3240957732644394,10.18891987221543,0.0,0.23859316568446093,0.47718633136892186,3.0025675743461098,0.0,10.18891987221543,13.0,5.0,0.3577811474915392,1,0,0,0,0,0,0,1.97,4.906755163608864,False,False,False,False,False,False,,,9.200000000000005,30.200000000000003
20685,eShoppingAdvisor,https://www.crunchbase.com/organization/eshoppingadvisor,Italy,41.8933203,12.4829321,2016,2.0,True,False,False,False,False,False,False,False,False,True,False,False,False,False,4,1,1,False,False,True,False,False,0.0,False,0.60354,True,2020-12-01,2020-12-01,Seed,2020,45.0,False,,True,,4.0,2.0,False,,False,,False,,False,False,False,,False,,False,,0,0,False,,False,False,,False,,False,,False,,False,,False,,False,False,False,False,1,,True,,True,True,,False,False,False,False,False,False,True,True,55,1,True,53,6,0.1132075471698113,0.1072455303535975,0.477186331368922,0.47718633136892186,0.47718633136892186,0.47718633136892186,0.47718633136892186,0.47718633136892186,0.47718633136892186,0.0,0.0,0.0,0.0,0.0,0.0,1.0,1.0,0.0637308819147395,0,0,0,0,0,0,0,1.97,5.993961427306569,False,False,False,False,False,False,,,9.200000000000005,30.200000000000003
20676,Remoria VR,https://www.crunchbase.com/organization/remoria-vr,Italy,41.8933203,12.4829321,2016,2.0,False,False,False,False,True,False,False,False,False,True,False,False,False,False,0,2,2,True,True,False,True,False,1.0,True,0.835253,True,2016-07-06,2016-12-01,Seed,2016,71.66666666666667,True,True,False,False,2.3,5.0,False,False,False,False,True,True,False,False,False,False,True,True,False,False,3,1,True,True,True,True,True,True,True,True,True,True,True,True,True,True,True,True,True,True,True,3,1.0,True,True,True,False,False,False,False,False,False,False,False,True,True,55,1,True,53,6,0.1132075471698113,0.1072455303535975,0.477186331368922,0.0,0.0,0.0,0.0,0.0,0.0,0.0,0.0,0.0,0.0,0.0,0.0,24.0,9.0,0.4622680757227271,1,0,1,0,0,0,0,1.97,4.35799005684564,False,False,False,False,False,False,,,9.200000000000005,30.200000000000003
20671,FindMyLost,https://www.crunchbase.com/organization/findmylost,Italy,45.4641943,9.1896346,2016,3.0,True,True,False,False,False,True,False,False,False,True,False,False,False,True,1,1,1,False,False,True,False,False,0.0,False,0.221236,True,2017-03-30,2017-03-30,Seed,2017,56.0,True,,False,,4.0,18.0,False,,False,,False,,False,False,False,,False,,False,,1,0,True,,True,True,,True,,True,,True,,True,,True,,True,False,True,False,1,,True,,True,True,,False,False,False,False,False,False,True,True,185,1,True,106,23,0.2169811320754717,0.1963733102496049,0.0,0.0,0.0,0.0,0.0,0.0,0.0,0.0,0.0,0.0,0.0,0.0,0.0,8.0,5.0,0.3139502211587543,1,0,0,0,0,1,1,1.97,4.906755163608864,False,False,False,False,False,False,,,4.0,8.0
20670,Teyuto,https://www.crunchbase.com/organization/teyuto,Italy,43.7697955,11.2556404,2016,1.0,True,False,False,False,True,False,False,False,False,False,True,False,False,True,2,2,2,False,False,False,False,False,0.0,False,0.222807,True,2018-02-21,2020-04-03,Seed,2018,22.0,True,,True,,13.0,2.5,False,,False,,True,,False,False,False,,False,,False,,1,0,True,,False,True,,True,,True,,True,,True,,True,,True,False,True,False,2,,True,,True,False,,False,False,False,False,False,False,True,True,10,0,False,17,4,0.2352941176470588,0.2113090936672069,0.24945797158136823,0.10273216110939724,0.0,0.20546432221879452,0.0,0.10273216110939724,0.20546432221879452,0.0,0.0,0.0,0.20546432221879452,0.20546432221879452,0.20546432221879452,13.0,0.0,0.1930392076040493,1,0,0,0,1,0,1,1.97,4.61512051684126,False,False,False,False,False,False,,,1.200000000000001,10.2
20749,Transactionale,https://www.crunchbase.com/organization/transactionale,Italy,44.4938203,11.3426327,2016,2.0,True,False,False,False,False,True,False,False,False,False,True,False,False,False,1,1,1,False,False,True,False,True,1.0,True,0.358495,True,2017-05-11,2017-05-11,Seed,2017,49.0,False,False,True,True,1.0,8.0,False,False,True,True,False,False,False,False,False,False,True,True,False,False,0,0,False,False,False,False,False,False,False,False,False,False,False,False,False,False,False,False,False,False,False,1,1.0,True,True,True,True,True,False,False,False,False,False,False,True,True,16,1,True,8,0,0.0,0.0,0.2007881922946392,0.2007881922946392,0.2007881922946392,0.2007881922946392,0.0,0.0,0.0,0.2007881922946392,0.2007881922946392,0.2007881922946392,0.0,0.0,0.0,2.0,2.0,0.1412342220372826,0,0,0,0,1,1,0,1.97,4.906755163608864,True,False,False,True,True,True,2024-06-28,8.0,2.0,2.2
20730,CV Lab,https://www.crunchbase.com/organization/cvlab-cardiovascular-laboratory,Italy,45.4641943,9.1896346,2016,3.0,True,True,False,False,False,False,False,True,False,False,False,False,False,False,0,1,4,False,False,False,False,False,0.0,False,0.08,True,2016-09-12,2016-09-12,Seed,2016,11.75,True,,True,,9.0,3.0,False,,False,,False,,False,True,False,,False,,False,,1,0,True,,False,True,,True,,True,,True,,True,,True,,True,False,True,False,3,,True,,False,True,,False,False,False,False,True,False,True,True,185,1,True,106,23,0.2169811320754717,0.1963733102496049,0.0,0.11946241092205637,0.0,0.24959767179370404,0.0,0.11946241092205637,0.24959767179370404,0.0,0.0,0.0,0.2022717925580641,0.10233569323385432,0.33387114021673614,4.0,3.0,0.2183601215474815,1,0,0,0,0,0,0,1.97,4.35799005684564,False,False,False,False,False,False,,,4.0,8.0
20715,VINTAG,https://www.crunchbase.com/organization/vintag,Italy,44.4938203,11.3426327,2016,2.0,False,False,False,False,True,True,False,False,False,True,False,False,True,False,2,3,3,False,True,False,True,False,1.0,True,0.29918,True,2018-04-01,2019-10-25,Seed,2018,59.0,True,False,True,True,3.3,2.7,False,False,False,False,True,False,False,False,False,False,True,True,False,False,1,0,True,False,False,True,False,True,False,True,False,True,False,True,False,True,False,True,False,True,False,2,0.0,True,False,False,True,False,True,True,False,False,False,False,True,False,16,1,True,8,1,0.125,0.1177830356563834,0.2007881922946392,3.4355376481369637,0.0,10.10582475211625,0.0,0.1003940961473196,0.2007881922946392,10.10582475211625,10.10582475211625,10.10582475211625,6.858326127797405,0.2007881922946392,10.268365438981323,0.0,0.0,0.0,0,0,0,0,1,0,0,1.97,4.61512051684126,False,False,False,False,False,False,,,2.0,2.2
20666,QOOWEAR,https://www.crunchbase.com/organization/qoowear,Italy,40.1522173,18.2260628,2016,1.0,True,False,False,False,True,False,False,True,False,True,False,False,False,False,2,1,1,False,False,True,True,False,0.0,False,0.1,True,2018-11-10,2018-11-10,Pre-Seed,2018,534.0,False,,True,,14.0,26.0,False,,False,,False,,False,False,False,,False,,False,,0,0,False,,False,False,,False,,False,,False,,False,,False,,False,False,False,False,0,,False,,False,False,,True,True,False,False,False,False,False,False,0,0,False,3,1,0.3333333333333333,0.2876820724517809,0.9078374392370284,15.473671900700099,15.473671900700099,15.473671900700099,15.473671900700099,15.473671900700099,15.473671900700099,0.0,0.0,0.0,0.0,0.0,0.0,0.0,0.0,0.0,0,0,0,0,1,1,1,1.97,4.61512051684126,False,False,False,False,False,False,,,0.0,0.0
20660,AmbiensVR,https://www.crunchbase.com/organization/ambiensvr,Italy,41.8933203,12.4829321,2016,2.0,True,False,False,False,False,False,False,False,False,True,False,False,True,False,0,1,1,False,False,True,True,True,1.0,True,0.327516,True,2016-07-06,2016-07-06,Seed,2016,97.0,True,True,False,False,3.0,7.0,False,False,False,False,True,True,False,False,False,False,True,True,False,False,1,1,True,True,True,True,True,True,True,True,True,True,True,True,True,True,True,True,True,True,True,1,1.0,True,True,True,False,False,False,False,False,False,False,False,True,True,55,1,True,53,6,0.1132075471698113,0.1072455303535975,0.477186331368922,0.0,0.0,0.0,0.0,0.0,0.0,0.0,0.0,0.0,0.0,0.0,0.0,24.0,10.0,0.4710312965576947,1,0,1,0,0,1,0,1.97,4.35799005684564,False,False,False,False,False,False,,,9.200000000000005,30.200000000000003
20750,Prezzo.it,https://www.crunchbase.com/organization/prezzo-it,Italy,45.4641943,9.1896346,2016,2.0,True,True,False,False,False,False,False,False,False,True,False,False,False,False,4,1,1,False,False,True,False,False,0.0,False,0.110943,True,2020-02-01,2020-02-01,Seed,2020,2.0,True,,False,,12.0,0.0,False,,False,,False,,False,False,False,,False,,False,,1,0,True,,True,True,,True,,True,,True,,True,,True,,True,False,True,False,1,,True,,True,True,,False,False,False,False,False,False,True,True,185,1,True,106,23,0.2169811320754717,0.1963733102496049,0.0,0.0,0.0,0.0,0.0,0.0,0.0,0.0,0.0,0.0,0.0,0.0,0.0,0.0,0.0,0.0,0,0,0,0,0,0,0,1.97,5.993961427306569,False,False,False,False,False,False,,,4.0,8.0
20621,WHIP,https://www.crunchbase.com/organization/whip-live,Italy,43.1070321,12.4029962,2016,4.0,True,False,False,False,False,True,False,False,False,True,False,False,False,False,1,1,1,False,False,True,False,False,0.0,False,0.181483,True,2017-10-23,2017-10-23,Seed,2017,43.0,False,,True,,5.0,5.0,False,,False,,True,,False,False,False,,False,,False,,0,0,False,,False,False,,False,,False,,False,,False,,False,,False,False,False,False,1,,True,,True,False,,False,False,False,False,False,False,True,True,4,0,False,1,0,0.0,0.0,0.3661714711400761,0.11837375700858652,0.11837375700858652,0.11837375700858652,0.11837375700858652,0.11837375700858652,0.11837375700858652,0.0,0.0,0.0,0.0,0.0,0.0,0.0,0.0,0.0,0,0,0,0,1,1,1,1.97,4.906755163608864,False,False,False,False,False,False,,,0.0,0.0
20763,Gooldie,https://www.crunchbase.com/organization/gooldie,Italy,45.4641943,9.1896346,2016,3.0,True,True,False,False,False,False,False,False,True,False,False,False,False,False,1,1,1,False,False,True,False,False,0.0,False,0.538456,True,2017-02-01,2017-02-01,Seed,2017,6.0,False,,True,,1.0,1.0,True,,False,,False,,False,False,False,,False,,False,,0,0,False,,False,False,,False,,False,,False,,False,,False,,False,False,False,False,0,,False,,False,False,,True,True,True,True,False,False,False,False,185,1,True,106,23,0.2169811320754717,0.1963733102496049,0.0,6.464241176229522,6.464241176229522,6.464241176229522,6.464241176229522,6.464241176229522,6.464241176229522,0.0,0.0,0.0,0.0,0.0,0.0,0.0,0.0,0.0,0,0,0,0,0,0,0,1.97,4.906755163608864,False,False,False,False,False,False,,,4.0,8.0
20917,Thymus,https://www.crunchbase.com/organization/thymus,Italy,45.7795804,10.425873,2016,1.0,False,False,False,False,True,False,True,True,False,False,False,False,False,False,3,1,1,False,False,True,True,False,0.0,False,0.0,True,2019-10-18,2019-10-18,Pre-Seed,2019,83.0,False,,True,,3.0,7.0,False,,False,,False,,False,False,False,,False,,False,,0,0,False,,False,False,,False,,False,,False,,False,,False,,False,False,False,False,0,,False,,False,False,,True,True,True,True,False,False,False,False,7,0,False,1,0,0.0,0.0,0.1023356932338544,9.618574823335685,9.618574823335685,9.618574823335685,9.618574823335685,9.618574823335685,9.618574823335685,0.0,0.0,0.0,0.0,0.0,0.0,0.0,0.0,0.0,0,0,0,0,1,0,0,1.97,5.303304908059076,False,False,False,False,False,False,,,0.4000000000000003,0.4000000000000003
20898,Linky Innovation srl,https://www.crunchbase.com/organization/linky-366a,Italy,43.107052,13.471682,2016,4.0,True,False,False,False,True,False,False,False,False,True,False,False,False,False,1,1,1,False,False,True,False,False,0.0,False,0.0,True,2017-02-01,2017-02-01,Seed,2017,56.0,False,,True,,4.0,18.0,False,,False,,False,,False,False,False,,False,,False,,0,0,False,,False,False,,False,,False,,False,,False,,False,,False,False,False,False,1,,True,,True,True,,False,False,False,False,False,False,True,True,3,0,False,0,0,0.0,0.0,0.42987211975321643,0.4298721197532162,0.4298721197532162,0.4298721197532162,0.4298721197532162,0.4298721197532162,0.4298721197532162,0.0,0.0,0.0,0.0,0.0,0.0,0.0,0.0,0.0,0,0,0,0,1,1,1,1.97,4.906755163608864,False,False,False,False,False,False,,,0.0,0.0
20893,WAMI - Water with a Mission,https://www.crunchbase.com/organization/wami-water-with-a-mission,Italy,45.4641943,9.1896346,2016,1.0,False,True,False,False,False,True,True,True,False,False,False,False,True,True,1,2,2,False,False,False,False,False,0.0,False,0.0,True,2017-12-20,2017-12-20,Seed,2017,28.5,True,,True,,4.0,9.0,False,,False,,False,,False,False,False,,False,,False,,1,0,True,,True,True,,True,,True,,True,,True,,True,,True,False,True,False,1,,True,,True,True,,False,False,False,False,False,False,True,True,185,1,True,106,23,0.2169811320754717,0.1963733102496049,0.0,0.0,0.0,0.0,0.0,0.0,0.0,0.0,0.0,0.0,0.0,0.0,0.0,8.0,5.0,0.3139502211587543,1,0,0,0,0,1,1,1.97,4.906755163608864,False,False,False,False,False,False,,,4.0,8.0
20808,TomorrowData,https://www.crunchbase.com/organization/tomorrowdata,Italy,45.0677551,7.6824892,2016,2.0,True,False,False,False,True,False,False,False,False,True,False,False,False,False,0,1,1,False,False,True,True,False,0.0,False,0.044334,True,2016-07-28,2016-07-28,Pre-Seed,2016,15.0,False,,True,,21.0,2.0,False,,False,,False,,False,False,False,,False,,True,,0,0,False,,False,False,,False,,False,,False,,False,,False,,False,False,False,False,1,,True,,True,True,,False,False,False,False,False,False,True,True,38,0,False,25,2,0.08,0.0769610411361283,0.12591627866066715,0.12591627866066704,0.12591627866066704,0.12591627866066704,0.12591627866066704,0.12591627866066704,0.12591627866066704,0.0,0.0,0.0,0.0,0.0,0.0,0.0,0.0,0.0,0,0,0,0,0,0,0,1.97,4.35799005684564,False,False,False,False,False,False,,,1.0,7.0
20806,FRUITSAPP,https://www.crunchbase.com/organization/fruitsapp,Italy,41.8933203,12.4829321,2016,1.0,True,False,False,False,False,False,True,False,False,True,False,False,False,False,1,1,5,False,False,False,False,False,0.0,False,0.283624,True,2017-05-01,2017-05-01,Seed,2017,42.0,True,,True,,3.7,2.6,False,,True,,True,,False,True,False,,False,,False,,3,0,True,,False,True,,True,,True,,True,,True,,True,,True,False,True,False,3,,True,,False,True,,False,False,False,False,False,False,True,True,55,1,True,53,6,0.1132075471698113,0.1072455303535975,0.477186331368922,0.4955711084271572,0.0,1.361716184106804,0.0,0.4955711084271572,1.361716184106804,0.0,0.0,0.0,0.7735275601631256,0.0,1.361716184106804,3.0,5.0,0.2335038930296898,1,0,0,0,0,0,0,1.97,4.906755163608864,False,False,False,False,False,False,,,9.200000000000005,30.200000000000003
20794,Direttoo.it,https://www.crunchbase.com/organization/direttoo,Italy,41.8933203,12.4829321,2016,1.0,True,False,False,False,False,True,True,False,False,True,True,False,False,False,0,2,2,True,True,False,False,False,1.0,True,0.307687,True,2016-07-06,2017-02-02,Seed,2016,87.66666666666667,True,True,True,False,5.7,8.3,False,False,False,False,True,True,True,False,False,False,True,True,False,False,2,2,True,True,False,True,True,True,True,True,True,True,True,True,True,True,True,True,True,True,True,3,2.0,True,True,True,True,False,False,False,False,False,False,False,True,True,55,1,True,53,6,0.1132075471698113,0.1072455303535975,0.477186331368922,0.1590621104563073,0.0,0.47718633136892186,0.47718633136892186,0.47718633136892186,0.47718633136892186,0.0,0.0,0.0,0.3181242209126146,0.0,0.47718633136892186,30.0,18.0,0.5426224281515286,1,1,1,1,1,1,0,1.97,4.35799005684564,False,False,False,False,False,False,,,9.200000000000005,30.200000000000003
20793,Mug Studio,https://www.crunchbase.com/organization/mug-studio,Italy,44.6952006,10.0979869,2016,2.0,False,False,False,False,False,True,False,False,False,True,False,False,False,False,1,2,2,False,False,False,False,False,0.0,False,0.058775,True,2017-01-01,2017-10-23,Seed,2017,54.0,False,,True,,4.5,3.0,False,,False,,True,,False,False,False,,False,,False,,0,0,False,,False,False,,False,,False,,False,,False,,False,,False,False,False,False,2,,True,,True,False,,False,False,False,False,False,False,True,True,5,0,False,0,0,0.0,0.0,0.11134640606695165,0.16647338937456208,0.1381834182797301,0.19476336046939408,0.1381834182797301,0.16647338937456208,0.19476336046939408,0.0,0.0,0.0,0.31833218123724644,0.31833218123724644,0.31833218123724644,0.0,0.0,0.0,0,0,0,0,1,1,1,1.97,4.906755163608864,False,False,False,False,False,False,,,0.0,0.0
20785,Taskhunters,https://www.crunchbase.com/organization/taskhunters,Italy,45.4641943,9.1896346,2016,3.0,False,True,False,False,False,True,False,False,False,True,False,False,False,False,2,1,1,False,False,True,False,False,0.0,False,0.052392,True,2018-08-01,2018-08-01,Seed,2018,21.0,False,,True,,3.0,1.0,False,,False,,False,,False,False,False,,False,,False,,0,0,False,,False,False,,False,,False,,False,,False,,False,,False,False,False,False,1,,True,,True,False,,False,False,False,False,False,False,True,True,185,1,True,106,23,0.2169811320754717,0.1963733102496049,0.0,0.47718633136892186,0.47718633136892186,0.47718633136892186,0.47718633136892186,0.47718633136892186,0.47718633136892186,0.0,0.0,0.0,0.0,0.0,0.0,0.0,0.0,0.0,0,0,0,0,0,0,0,1.97,4.61512051684126,False,False,False,False,False,False,,,4.0,8.0
20784,MioAssicuratore,https://www.crunchbase.com/organization/mioassicuratore,Italy,41.8933203,12.4829321,2016,2.0,False,False,False,False,False,False,False,False,True,False,False,False,False,False,1,1,2,False,False,False,False,False,0.0,False,0.320925,True,2017-01-27,2017-01-27,Equity Crowdfunding,2017,60.0,True,,True,,11.0,13.0,False,,False,,True,,False,False,False,,False,,True,,1,0,True,,False,True,,True,,True,,True,,True,,True,,True,False,True,False,2,,True,,True,False,,False,False,False,False,False,False,True,True,55,1,True,53,6,0.1132075471698113,0.1072455303535975,0.477186331368922,0.20767892598944132,0.0,0.41535785197888264,0.0,0.20767892598944132,0.41535785197888264,0.0,0.0,0.0,0.41535785197888264,0.41535785197888264,0.41535785197888264,9.0,3.0,0.2871220746896815,1,0,0,0,0,0,0,1.97,4.906755163608864,False,False,False,False,False,False,,,9.200000000000005,30.200000000000003
20780,Taskomat,https://www.crunchbase.com/organization/taskomat,Italy,43.8977564,12.7547897,2016,2.0,True,False,False,False,True,False,False,False,False,True,False,False,False,True,1,1,1,False,False,True,False,False,0.0,False,0.056047,True,2017-06-13,2017-06-13,Seed,2017,43.0,False,,True,,5.0,5.0,False,,False,,True,,False,False,False,,False,,False,,0,0,False,,False,False,,False,,False,,False,,False,,False,,False,False,False,False,1,,True,,True,False,,False,False,False,False,False,False,True,True,1,0,False,0,0,0.0,0.0,0.3312986237973525,0.12108496555813861,0.12108496555813861,0.12108496555813861,0.12108496555813861,0.12108496555813861,0.12108496555813861,0.0,0.0,0.0,0.0,0.0,0.0,0.0,0.0,0.0,0,0,0,0,1,1,1,1.97,4.906755163608864,False,False,False,False,False,False,,,0.0,0.0
20774,interiorBe,https://www.crunchbase.com/organization/interiorbe,Italy,45.4641943,9.1896346,2016,3.0,False,True,False,False,True,False,False,False,False,False,False,False,True,False,0,2,2,False,False,False,False,False,0.0,False,0.260941,True,2016-08-02,2016-12-22,Seed,2016,39.5,False,,True,,15.5,9.5,False,,False,,True,,False,False,False,,False,,True,,0,0,False,,False,False,,False,,False,,False,,False,,False,,False,False,False,False,2,,True,,True,False,,False,False,False,False,False,False,True,True,185,1,True,106,23,0.2169811320754717,0.1963733102496049,0.0,0.21116891904581617,0.17364799468089817,0.2486898434107342,0.17364799468089817,0.21116891904581617,0.2486898434107342,0.0,0.0,0.0,0.07530389714846895,0.07530389714846895,0.07530389714846895,4.0,0.0,0.0908983577180024,0,0,0,0,0,0,0,1.97,4.35799005684564,False,False,False,False,False,False,,,4.0,8.0
20773,Donapp,https://www.crunchbase.com/organization/donapp,Italy,44.40726,8.9338624,2016,2.0,True,False,False,False,True,True,False,False,False,True,False,False,False,True,0,1,1,False,False,True,True,True,1.0,True,0.055491,True,2016-07-06,2016-07-06,Pre-Seed,2016,97.0,False,False,True,True,3.0,7.0,False,False,False,False,True,True,False,False,False,False,True,True,False,False,0,0,False,False,False,False,False,False,False,False,False,False,False,False,False,False,False,False,False,False,False,1,1.0,True,True,True,False,False,False,False,False,False,False,False,True,True,5,0,False,2,0,0.0,0.0,0.11923754406512624,0.40121625464996136,0.40121625464996136,0.40121625464996136,0.0,0.0,0.0,0.40121625464996136,0.40121625464996136,0.40121625464996136,0.0,0.0,0.0,0.0,0.0,0.0,0,0,0,0,1,1,1,1.97,4.35799005684564,False,False,False,False,False,False,,,0.0,0.0
20769,Crowdbooks,https://www.crunchbase.com/organization/crowdbooks,Italy,42.7902379,10.3402239,2016,1.0,False,False,False,False,False,True,False,False,False,False,True,False,False,False,0,3,3,False,False,False,False,False,0.0,False,0.204927,True,2016-04-15,2017-10-23,Seed,2016,65.33333333333333,False,,True,,3.7,10.0,False,,False,,True,,False,False,False,,True,,False,,0,0,False,,False,False,,False,,False,,False,,False,,False,,False,False,False,False,3,,True,,True,True,,False,False,False,False,False,False,True,True,0,0,False,1,0,0.0,0.0,0.3111799386357144,0.2150980058156972,0.13173776316345923,0.31117993863571464,0.13173776316345923,0.2150980058156972,0.31117993863571464,0.0,0.0,0.0,0.31935053343850844,0.2314072973652352,0.47718633136892186,0.0,0.0,0.0,0,0,0,0,1,1,1,1.97,4.35799005684564,False,False,False,False,False,False,,,0.0,0.0
20837,Wash Out Srl,https://www.crunchbase.com/organization/wash-out-srl,Italy,45.4641943,9.1896346,2016,1.0,False,True,False,False,True,False,False,False,False,True,False,False,False,False,0,2,2,False,True,False,False,False,1.0,True,0.0,True,2016-11-01,2017-06-01,Seed,2016,28.0,True,True,False,False,1.0,8.0,True,False,False,False,False,False,False,False,False,False,False,False,False,False,2,1,True,True,True,True,True,True,True,True,True,True,True,True,True,True,True,True,True,True,True,2,1.0,True,True,True,True,True,False,False,False,False,False,False,True,True,185,1,True,106,22,0.2075471698113207,0.1885911698075499,0.0,0.0,0.0,0.0,0.0,0.0,0.0,0.0,0.0,0.0,0.0,0.0,0.0,11.0,4.0,0.3257255955787148,1,0,0,0,0,1,1,1.97,4.35799005684564,True,False,False,True,True,True,2025-02-05,9.0,4.0,8.0
20839,Vikey,https://www.crunchbase.com/organization/vikey,Italy,41.8933203,12.4829321,2016,6.0,True,False,False,False,False,False,False,False,False,True,False,False,False,False,1,3,7,True,True,False,True,False,2.0,True,0.0,True,2017-06-12,2020-11-13,Pre-Seed,2017,62.0,True,True,True,True,22.2,7.8,False,False,True,False,True,True,True,True,False,True,True,True,False,False,4,3,True,True,False,True,True,True,True,True,True,True,True,True,True,True,True,True,True,True,True,12,6.0,True,True,True,True,True,False,False,False,False,False,False,True,True,55,1,True,53,6,0.1132075471698113,0.1072455303535975,0.477186331368922,0.32979229911391955,0.0,0.5238586441741419,0.0,0.4209914325433783,0.5238586441741419,0.0,0.23859316568446093,0.47718633136892186,0.26846628086936586,0.0,0.5238586441741419,39.0,14.0,0.5461738003471353,1,1,1,1,1,1,1,1.97,4.906755163608864,False,False,False,False,False,False,,,9.200000000000005,30.200000000000003
20539,SiWeGO,https://www.crunchbase.com/organization/siwego,Italy,45.886548,11.0452369,2016,1.0,False,False,False,False,True,False,False,False,False,True,False,False,True,True,1,3,4,False,False,False,True,False,0.0,False,0.41219,True,2017-01-01,2022-12-15,Pre-Seed,2017,2.6,True,,True,,0.0,0.4,False,,False,,False,,False,False,False,,False,,False,,0,0,False,,False,True,,True,,False,,False,,False,,False,,False,False,False,False,1,,True,,False,False,,True,True,True,False,False,False,True,False,18,0,False,1,0,0.0,0.0,0.15162203364113705,4.8387167110410125,0.06116443081937237,9.616268991262654,0.06116443081937237,4.8387167110410125,9.616268991262654,0.0,0.0,0.0,9.6579245592468,9.6579245592468,9.6579245592468,0.0,0.0,0.0,0,0,0,0,1,1,0,1.97,4.906755163608864,False,False,False,False,False,False,,,0.0,1.0
20371,SurgiQ,https://www.crunchbase.com/organization/surgiq,Italy,44.40726,8.9338624,2016,3.0,True,False,False,False,True,False,False,True,False,True,False,False,False,False,0,3,5,True,True,False,True,False,2.0,True,0.95,True,2016-10-18,2021-01-27,Seed,2016,76.33333333333333,True,True,True,True,5.8,5.7,False,False,True,False,True,True,False,False,False,False,False,False,False,False,3,2,True,True,False,True,True,True,True,True,True,True,True,True,True,True,True,True,True,True,True,5,3.0,True,True,False,True,True,False,False,False,False,False,False,True,True,5,0,False,2,0,0.0,0.0,0.11923754406512624,0.2594662363310581,0.0,1.0363436192712612,0.0,0.4791866246404076,1.0363436192712612,0.0,0.03974584802170864,0.11923754406512592,0.5026589369352646,0.0,1.433382629748549,0.0,0.0,0.0,0,0,0,0,1,1,1,1.97,4.35799005684564,False,False,False,False,False,False,,,0.0,0.0
20291,Fitprime,https://www.crunchbase.com/organization/checkmoov,Italy,41.8933203,12.4829321,2016,4.0,False,False,False,False,False,True,False,False,False,True,False,False,False,True,0,3,8,True,True,False,False,False,1.0,True,1.165826,False,2016-02-20,2019-06-14,Series A,2016,48.54545454545455,True,False,True,True,6.0,6.6,False,False,False,False,True,False,True,True,False,True,True,False,False,False,6,0,True,False,False,True,False,True,False,True,False,True,False,True,False,True,False,True,False,True,False,11,1.0,True,True,True,True,True,False,False,False,False,False,False,True,True,55,1,True,53,5,0.0943396226415094,0.0901510969942974,0.477186331368922,0.2211458154227117,0.0,0.5238586441741419,0.0,0.19554176382809071,0.5238586441741419,0.47718633136892186,0.47718633136892186,0.47718633136892186,0.27453252604621176,0.0,0.5238586441741419,39.0,18.0,0.5679083838862486,1,1,1,1,1,1,1,1.97,4.35799005684564,True,False,True,True,True,True,2024-12-13,8.0,9.200000000000005,30.200000000000003
20567,I'm Ok,https://www.crunchbase.com/organization/imok,Italy,40.8358846,14.2487679,2016,4.0,True,False,False,False,False,True,True,False,False,True,False,False,False,False,4,1,1,False,False,True,False,False,0.0,False,0.703541,True,2020-12-01,2020-12-01,Seed,2020,45.0,False,,True,,4.0,2.0,False,,False,,False,,False,False,False,,False,,False,,0,0,False,,False,False,,False,,False,,False,,False,,False,,False,False,False,False,1,,True,,True,True,,False,False,False,False,False,False,True,True,6,0,False,9,0,0.0,0.0,0.6579640257134732,0.6579640257134731,0.6579640257134731,0.6579640257134731,0.6579640257134731,0.6579640257134731,0.6579640257134731,0.0,0.0,0.0,0.0,0.0,0.0,3.0,2.0,0.1697730111149502,1,0,0,0,1,1,1,1.97,5.993961427306569,False,False,False,False,False,False,,,0.8000000000000007,3.0
20565,Foxwin,https://www.crunchbase.com/organization/foxwin,Italy,46.0634632,13.2358377,2016,2.0,True,False,False,False,True,False,False,False,False,True,False,False,False,False,4,1,1,False,False,True,True,True,1.0,True,0.374106,True,2020-07-01,2020-07-01,Seed,2020,18.0,True,True,False,False,53.0,1.0,False,False,False,False,False,False,False,False,False,False,False,False,False,False,0,0,False,False,False,True,True,True,True,False,False,False,False,False,False,False,False,False,False,False,False,1,1.0,True,True,True,False,False,False,False,False,False,False,False,True,True,3,0,False,1,1,1.0,0.6931471805599453,0.2625921792676362,0.06225290993092216,0.06225290993092216,0.06225290993092216,0.0,0.0,0.0,0.06225290993092216,0.06225290993092216,0.06225290993092216,0.0,0.0,0.0,0.0,0.0,0.0,0,0,0,0,1,1,1,1.97,5.993961427306569,False,False,False,False,False,False,,,0.0,0.0
20220,brumbrum,https://www.crunchbase.com/organization/brumbrum-spa,Italy,45.4641943,9.1896346,2016,1.0,False,True,False,False,True,True,False,False,False,True,False,False,False,False,0,1,1,False,False,True,False,False,0.0,False,0.0,True,2016-07-12,2016-07-12,Private Equity,2016,27.0,True,,False,,5.0,9.0,False,,False,,False,,False,False,False,,False,,False,,1,0,True,,True,True,,True,,True,,True,,True,,True,,True,False,True,False,1,,True,,True,True,,False,False,False,False,False,False,True,True,185,1,True,106,22,0.2075471698113207,0.1885911698075499,0.0,0.0,0.0,0.0,0.0,0.0,0.0,0.0,0.0,0.0,0.0,0.0,0.0,2.0,0.0,0.0402231640645322,0,0,0,0,0,0,0,1.97,4.35799005684564,True,True,True,True,True,True,2022-01-26,6.0,4.0,8.0
20550,Yakkyofy,https://www.crunchbase.com/organization/yakkyo,Italy,41.8933203,12.4829321,2016,1.0,True,False,False,False,True,True,False,False,False,True,False,False,False,True,0,2,2,True,True,False,True,False,1.0,True,0.629604,True,2016-07-06,2017-03-28,Pre-Seed,2016,83.33333333333333,True,True,True,False,3.3,10.7,False,False,False,False,True,True,False,False,False,False,True,True,False,False,2,2,True,True,False,True,True,True,True,True,True,True,True,True,True,True,True,True,True,True,True,3,2.0,True,True,True,True,False,False,False,False,False,False,False,True,True,55,1,True,53,6,0.1132075471698113,0.1072455303535975,0.477186331368922,0.1590621104563073,0.0,0.47718633136892186,0.47718633136892186,0.47718633136892186,0.47718633136892186,0.0,0.0,0.0,0.3181242209126146,0.0,0.47718633136892186,30.0,18.0,0.5426224281515286,1,1,1,1,1,1,0,1.97,4.35799005684564,False,False,False,False,False,False,,,9.200000000000005,30.200000000000003
20271,Miscusi,https://www.crunchbase.com/organization/miscusi,Italy,45.4641943,9.1896346,2016,2.0,False,True,False,False,False,True,True,False,False,False,False,False,False,False,0,2,2,True,True,False,True,False,1.0,True,0.0,True,2016-12-01,2017-06-01,Venture - Series Unknown,2016,124.33333333333331,True,False,True,True,1.5,11.3,False,False,True,True,False,False,False,False,False,False,False,False,False,False,1,0,True,False,False,True,False,True,False,True,False,True,False,True,False,True,False,True,False,True,False,1,0.0,True,False,False,True,True,False,False,False,False,True,False,True,True,185,1,True,106,23,0.2169811320754717,0.1963733102496049,0.0,0.2321731683702708,0.0,0.3482597525554062,0.0,0.1741298762777031,0.3482597525554062,0.3482597525554062,0.3482597525554062,0.3482597525554062,0.2321731683702708,0.0,0.3482597525554062,2.0,0.0,0.0402231640645322,0,0,0,0,0,0,0,1.97,4.35799005684564,False,False,True,False,True,True,,,4.0,8.0
20274,Skinlabo,https://www.crunchbase.com/organization/skinlabo,Italy,45.0677551,7.6824892,2016,1.0,False,False,False,False,False,True,False,True,False,True,False,False,False,False,2,3,2,True,True,False,False,False,1.0,True,6.371574,False,2018-12-18,2020-05-26,Series B,2018,54.25,True,True,True,False,8.2,6.8,False,False,False,False,True,False,True,False,False,True,False,False,False,False,3,1,True,True,False,True,True,True,True,True,True,True,True,True,True,True,True,True,True,True,True,4,1.0,True,True,True,False,False,False,False,False,False,False,False,True,True,38,0,False,25,2,0.08,0.0769610411361283,0.12591627866066715,0.13096466104353546,0.0,0.5238586441741419,0.0,0.17461954805804727,0.5238586441741419,0.0,0.0,0.0,0.2619293220870709,0.0,0.5238586441741419,4.0,5.0,0.2556402976054923,1,0,0,0,1,1,0,1.97,4.61512051684126,False,False,True,False,True,True,,,1.0,7.0
20276,Walliance,https://www.crunchbase.com/organization/walliance,Italy,46.1029536,11.1297425,2016,3.0,True,False,False,False,False,False,False,False,True,False,False,False,True,False,0,2,5,True,True,False,True,False,1.0,True,0.560007,True,2016-08-01,2017-12-21,Series B,2016,6.166666666666667,True,True,True,False,4.0,0.7,False,False,False,False,False,False,False,False,False,False,False,False,False,False,2,2,True,True,False,True,True,True,True,True,True,True,True,True,True,True,True,True,True,True,True,4,2.0,True,True,True,False,False,False,False,False,False,False,False,True,True,6,0,False,5,0,0.0,0.0,0.16636127848473134,0.028949565751158934,0.0,0.09086529407498305,0.02493296892965268,0.057899131502317874,0.09086529407498305,0.0,0.0,0.0,0.05482930170532722,0.0,0.09737928422269183,0.0,0.0,0.0,0,0,0,0,1,1,0,1.97,4.35799005684564,False,False,True,False,True,True,,,0.0,1.0
20282,Freeda Media,https://www.crunchbase.com/organization/freeda-media,Italy,45.4641943,9.1896346,2016,2.0,False,True,False,False,False,True,False,False,False,False,True,False,False,False,0,1,1,False,False,True,False,False,0.0,False,4.3,False,2016-09-01,2016-09-01,Series B,2016,145.0,False,,True,,7.0,50.0,False,,True,,False,,False,False,False,,False,,False,,0,0,False,,False,False,,False,,False,,False,,False,,False,,False,False,False,False,0,,False,,False,False,,True,True,True,True,False,False,False,False,185,1,True,106,23,0.2169811320754717,0.1963733102496049,0.0,9.570266616793411,9.570266616793411,9.570266616793411,9.570266616793411,9.570266616793411,9.570266616793411,0.0,0.0,0.0,0.0,0.0,0.0,0.0,0.0,0.0,0,0,0,0,0,0,0,1.97,4.35799005684564,False,False,True,False,True,True,,,4.0,8.0
20476,Doctorium,https://www.crunchbase.com/organization/doctorium,Italy,38.8299603,16.4315569,2016,4.0,True,False,False,False,True,False,False,True,False,True,False,False,False,False,4,1,1,False,False,True,False,False,0.0,False,0.519045,True,2020-12-01,2020-12-01,Seed,2020,45.0,False,,True,,4.0,2.0,False,,False,,False,,False,False,False,,False,,False,,0,0,False,,False,False,,False,,False,,False,,False,,False,,False,False,False,False,1,,True,,True,True,,False,False,False,False,False,False,True,True,1,0,False,0,0,0.0,0.0,0.9481878068762816,0.9481878068762816,0.9481878068762816,0.9481878068762816,0.9481878068762816,0.9481878068762816,0.9481878068762816,0.0,0.0,0.0,0.0,0.0,0.0,0.0,0.0,0.0,0,0,0,0,1,1,1,1.97,5.993961427306569,False,False,False,False,False,False,,,0.0,0.0
20483,Competitoor,https://www.crunchbase.com/organization/competitoor,Italy,44.7835699,10.8854523,2016,2.0,True,False,False,False,False,True,False,False,False,True,False,False,False,False,0,4,6,True,True,False,True,False,4.0,True,0.762049,True,2015-12-31,2018-02-01,Seed,2015,43.875,False,False,True,True,9.2,9.9,False,False,True,True,True,True,False,True,False,False,True,True,True,True,0,0,False,False,False,False,False,False,False,False,False,False,False,False,False,False,False,False,False,False,False,7,4.0,True,True,False,True,True,False,False,False,False,False,False,True,True,19,0,False,0,0,0.0,0.0,0.1530621593359877,0.29215797725599685,0.1456385900641213,1.1050358867352463,0.14975762822751623,0.2113373084858623,0.331192137894083,0.1456385900641213,0.34065037851807756,1.1050358867352463,0.4388402220294339,0.0,1.4354132681064342,3.0,2.0,0.1697730111149502,1,0,0,0,1,1,1,1.97,4.33990170837321,True,False,False,True,True,True,2025-03-10,9.0,0.0,3.0
20513,Gamera Interactive,https://www.crunchbase.com/organization/gamera-interactive,Italy,45.391408,11.8058487,2016,1.0,False,False,False,False,False,True,False,False,False,True,True,False,False,False,4,1,1,False,False,True,False,False,0.0,False,1.3,False,2020-12-12,2020-12-12,Seed,2020,11.0,False,,True,,1.0,0.0,False,,False,,False,,False,False,False,,False,,False,,0,0,False,,False,False,,False,,False,,False,,False,,False,,False,False,False,False,0,,False,,False,False,,False,False,False,False,True,True,True,True,12,0,False,2,0,0.0,0.0,0.20431393613843182,0.5468526008295811,0.5468526008295811,0.5468526008295811,0.5468526008295811,0.5468526008295811,0.5468526008295811,0.0,0.0,0.0,0.0,0.0,0.0,0.0,0.0,0.0,0,0,0,0,1,1,1,1.97,5.993961427306569,False,False,False,False,False,False,,,0.0,0.0
20398,Medics,https://www.crunchbase.com/organization/medics,Italy,45.0004614,7.6847543,2016,2.0,True,False,False,False,False,False,False,True,False,True,False,False,False,False,1,2,2,False,True,False,False,False,1.0,True,3.137307,False,2017-01-01,2022-06-15,Seed,2017,16.5,True,True,False,False,21.0,0.5,False,False,False,False,False,False,False,False,False,False,False,False,False,False,2,1,True,True,True,True,True,True,True,True,True,True,True,True,True,True,True,True,True,False,False,2,1.0,True,True,True,False,False,False,False,False,False,False,False,True,True,38,0,False,25,2,0.08,0.0769610411361283,0.12862808475742854,0.007484834671897399,0.007484834671897399,0.007484834671897399,0.007484834671897399,0.007484834671897399,0.007484834671897399,0.007484834671897399,0.007484834671897399,0.007484834671897399,0.0,0.0,0.0,6.0,0.0,0.1242772544618494,0,0,0,0,0,0,0,1.97,4.906755163608864,False,False,False,False,False,False,,,1.0,7.0
20407,181travel,https://www.crunchbase.com/organization/nausdream,Italy,39.2171994,9.113311,2016,4.0,True,False,False,False,False,True,False,False,False,False,False,False,False,True,1,2,1,True,False,True,False,True,1.0,True,0.659749,True,2017-06-06,2020-06-01,Venture - Series Unknown,2017,49.0,False,False,True,True,2.5,8.0,False,False,True,True,False,False,False,False,False,False,True,True,False,False,0,0,False,False,False,False,False,False,False,False,False,False,False,False,False,False,False,False,False,False,False,2,2.0,True,True,True,True,True,False,False,False,False,False,False,True,True,3,0,False,5,2,0.4,0.3364722366212129,0.6353577151074857,0.6946623660556375,0.6946623660556375,0.6946623660556375,0.0,0.0,0.0,0.6946623660556375,0.6946623660556375,0.6946623660556375,0.0,0.0,0.0,0.0,0.0,0.0,0,0,0,0,1,1,0,1.97,4.906755163608864,False,False,True,False,True,True,,,0.0,1.0
20440,Will Media,https://www.crunchbase.com/organization/will-media,Italy,45.4641943,9.1896346,2016,2.0,False,True,False,False,False,True,False,False,False,False,True,False,False,False,4,1,4,False,False,False,False,False,4.0,True,1.318041,False,2020-04-14,2020-04-14,Seed,2020,1.75,True,True,True,True,13.0,0.0,False,False,False,False,False,False,False,True,True,False,False,False,False,False,3,3,True,True,False,True,True,True,True,True,True,True,True,True,True,True,True,True,True,True,True,3,3.0,True,True,False,True,True,True,True,False,False,False,False,True,False,185,1,True,106,23,0.2169811320754717,0.1963733102496049,0.0,2.130763676811526,0.0,8.523054707246104,0.0,0.0,0.0,0.0,2.130763676811526,8.523054707246104,4.261527353623052,0.0,8.523054707246104,0.0,0.0,0.0,0,0,0,0,0,0,0,1.97,5.993961427306569,False,False,False,False,False,False,,,4.0,8.0
20442,Cesarine,https://www.crunchbase.com/organization/le-cesarine,Italy,44.4938203,11.3426327,2016,1.0,False,False,False,False,False,True,True,False,False,False,False,False,False,False,2,2,9,False,False,False,False,False,0.0,False,2.703479,False,2018-01-01,2021-09-21,Seed,2018,20.555555555555557,False,,True,,6.0,0.1,False,,True,,False,,False,True,False,,False,,False,,0,0,False,,False,False,,False,,False,,False,,False,,False,,False,False,False,False,3,,True,,True,True,,False,False,False,False,False,False,True,True,16,1,True,8,1,0.125,0.1177830356563834,0.2007881922946392,0.23504866837268273,0.2007881922946392,0.3035696205287697,0.2007881922946392,0.23504866837268273,0.3035696205287697,0.0,0.0,0.0,0.3181242209126146,0.0,0.47718633136892186,1.0,2.0,0.1010110579727503,0,0,0,0,1,1,0,1.97,4.61512051684126,False,False,False,False,False,False,,,2.0,2.2
20406,ToothPic,https://www.crunchbase.com/organization/toothpic,Italy,45.0677551,7.6824892,2016,1.0,True,False,False,False,False,False,False,False,False,True,False,False,False,False,2,2,2,True,False,False,True,False,0.0,False,1.349588,False,2018-04-23,2021-01-19,Seed,2018,25.0,True,,True,,6.0,3.0,False,,False,,False,,True,False,False,,False,,False,,1,0,True,,False,True,,True,,True,,True,,True,,True,,True,False,True,False,3,,True,,True,False,,False,False,False,False,False,False,True,True,38,0,False,25,2,0.08,0.0769610411361283,0.12591627866066715,0.4744152169231977,0.0,0.7116228253847966,0.0,0.4744152169231977,0.7116228253847966,0.0,0.0,0.0,0.4744152169231977,0.0,0.7116228253847966,6.0,1.0,0.1880081363765889,1,0,0,0,1,1,0,1.97,4.61512051684126,False,False,False,False,False,False,,,1.0,7.0
20609,Swascan,https://www.crunchbase.com/organization/swascan,Italy,45.5191887,9.3619763,2016,4.0,True,True,False,False,False,False,False,False,False,True,False,False,False,False,0,3,4,False,False,False,False,False,0.0,False,0.689989,True,2016-05-03,2019-11-12,Seed,2016,172.0,True,,True,,5.5,16.2,False,,False,,True,,False,False,False,,False,,False,,0,0,False,,False,True,,True,,True,,True,,True,,True,,False,False,False,False,1,,True,,False,True,,False,False,False,False,False,False,True,True,191,1,True,0,0,0.0,0.0,0.014760190766631414,0.6926273414446017,0.01476019076663122,0.9635366101153531,0.01476019076663122,0.6926273414446017,0.9635366101153531,0.0,0.0,0.0,0.577547980231605,0.0,0.958922838952452,9.0,9.0,0.3713697180047247,1,0,0,0,1,1,1,1.97,4.35799005684564,True,False,False,True,True,True,2020-10-12,4.0,4.0,8.0
20172,Radical Storage,https://www.crunchbase.com/organization/bagbnb,Italy,41.8933203,12.4829321,2016,2.0,False,False,False,False,False,True,False,False,False,False,False,False,False,True,1,1,1,False,False,True,False,True,1.0,True,0.0,True,2017-01-01,2017-01-01,Series A,2017,42.0,True,True,False,False,10.0,7.0,False,False,False,False,False,False,False,False,False,False,False,False,False,False,1,1,True,True,True,True,True,True,True,True,True,True,True,True,True,True,True,True,True,True,True,1,1.0,True,True,True,False,False,False,False,False,False,False,False,True,True,55,1,True,53,6,0.1132075471698113,0.1072455303535975,0.477186331368922,0.0,0.0,0.0,0.0,0.0,0.0,0.0,0.0,0.0,0.0,0.0,0.0,8.0,4.0,0.2971868065010471,1,0,0,0,0,0,0,1.97,4.906755163608864,False,False,True,False,True,True,,,9.200000000000005,30.200000000000003
20568,CleanBnB,https://www.crunchbase.com/organization/cleanbnb,Italy,45.4641943,9.1896346,2016,2.0,True,True,False,False,False,True,False,False,False,False,False,False,True,True,1,1,1,False,False,True,False,True,1.0,True,0.0,True,2017-06-01,2017-06-01,Equity Crowdfunding,2017,47.0,True,True,False,False,2.0,13.0,False,False,False,False,False,False,False,False,False,False,False,False,False,False,1,1,True,True,True,True,True,True,True,True,True,True,True,True,True,True,True,True,True,True,True,1,1.0,True,True,True,True,True,False,False,False,False,False,False,True,True,185,1,True,106,23,0.2169811320754717,0.1963733102496049,0.0,0.0,0.0,0.0,0.0,0.0,0.0,0.0,0.0,0.0,0.0,0.0,0.0,11.0,5.0,0.342489010236422,1,0,0,0,1,1,1,1.97,4.906755163608864,False,False,False,False,False,False,,,4.0,8.0
20188,Enthera,https://www.crunchbase.com/organization/enthera,Italy,45.4641943,9.1896346,2016,3.0,True,True,False,False,True,False,False,True,False,False,False,False,False,False,2,1,1,False,False,True,False,True,1.0,True,4.695293,False,2018-07-25,2018-07-25,Series A,2018,192.0,False,False,True,True,46.0,72.0,True,True,True,True,False,False,False,False,False,False,False,False,False,False,0,0,False,False,False,False,False,False,False,False,False,False,False,False,False,False,False,False,False,False,False,0,0.0,False,False,False,True,True,False,False,False,False,False,False,True,True,185,1,True,106,22,0.2075471698113207,0.1885911698075499,0.0,0.6395855089406035,0.6395855089406035,0.6395855089406035,0.0,0.0,0.0,0.6395855089406035,0.6395855089406035,0.6395855089406035,0.0,0.0,0.0,0.0,0.0,0.0,0,0,0,0,0,0,0,1.97,4.61512051684126,False,True,True,True,True,True,,,4.0,8.0
20789,Diet to go,https://www.crunchbase.com/organization/diet-to-go,Italy,45.4641943,9.1896346,2016,2.0,False,True,False,False,True,True,True,False,False,False,False,False,False,False,0,2,2,True,False,False,False,False,0.0,False,0.500711,True,2016-04-15,2017-01-11,Seed,2016,54.666666666666664,True,,False,,11.3,10.0,False,,False,,True,,False,False,False,,False,,False,,3,0,True,,True,True,,True,,True,,True,,True,,True,,True,False,True,False,3,,True,,True,True,,False,False,False,False,False,False,True,True,185,1,True,106,22,0.2075471698113207,0.1885911698075499,0.0,0.0,0.0,0.0,0.0,0.0,0.0,0.0,0.0,0.0,0.0,0.0,0.0,6.0,6.0,0.3031924594922654,1,0,0,0,0,1,0,1.97,4.35799005684564,True,False,False,True,True,True,2020-12-01,4.0,4.0,8.0
20966,Worth Wearing,https://www.crunchbase.com/organization/worth-wearing,Italy,45.4641943,9.1896346,2016,1.0,False,True,False,False,False,False,False,False,False,False,True,False,False,False,1,1,1,False,False,True,False,False,0.0,False,0.0,True,2017-01-01,2017-01-01,Seed,2017,17.0,True,,False,,4.0,2.0,False,,False,,False,,False,False,False,,False,,False,,1,0,True,,True,True,,True,,True,,True,,True,,True,,True,False,True,False,1,,True,,True,True,,False,False,False,False,False,False,True,True,185,1,True,106,23,0.2169811320754717,0.1963733102496049,0.0,0.0,0.0,0.0,0.0,0.0,0.0,0.0,0.0,0.0,0.0,0.0,0.0,3.0,0.0,0.0687619531421999,0,0,0,0,0,0,0,1.97,4.906755163608864,False,False,False,False,False,False,,,4.0,8.0
20929,Noon Care,https://www.crunchbase.com/organization/noon-care,Italy,45.4641943,9.1896346,2016,2.0,True,True,False,False,False,True,False,False,False,True,False,False,False,False,2,1,1,False,False,True,True,True,1.0,True,0.0,True,2018-03-26,2018-03-26,Pre-Seed,2018,49.0,True,True,False,False,2.0,8.0,False,False,True,True,False,False,False,False,False,False,True,True,False,False,1,1,True,True,True,True,True,True,True,True,True,True,True,True,True,True,True,True,True,True,True,1,1.0,True,True,True,True,True,False,False,False,False,False,False,True,True,185,1,True,106,23,0.2169811320754717,0.1963733102496049,0.0,0.0,0.0,0.0,0.0,0.0,0.0,0.0,0.0,0.0,0.0,0.0,0.0,1.0,0.0,0.0,0,0,0,0,0,0,0,1.97,4.61512051684126,False,False,False,False,False,False,,,4.0,8.0
20167,GenomeUp,https://www.crunchbase.com/organization/genomeup,Italy,41.1257843,16.8620293,2017,4.0,True,False,False,False,True,False,False,True,False,True,False,False,False,False,0,3,8,True,True,False,True,False,3.0,True,2.092403,False,2017-12-19,2022-02-08,Venture - Series Unknown,2017,84.27272727272727,False,False,True,True,11.1,6.5,False,False,True,False,True,True,True,False,False,True,True,True,False,False,0,0,False,False,False,False,False,False,False,False,False,False,False,False,False,False,False,False,False,False,False,9,4.0,True,True,False,True,True,True,True,True,False,False,False,True,False,2,0,False,2,0,0.0,0.0,0.7857067939763953,2.3612452342042447,0.37444566014417136,10.447436948659961,0.37444566014417136,3.4378076859768263,10.447436948659961,0.37444566014417136,0.4772609436022273,0.7857067939763952,3.8218354057730464,0.0,13.94806489812946,1.0,0.0,0.0,0,0,0,0,1,1,1,2.84,4.906755163608864,False,False,True,False,True,True,,,0.0,1.0
20499,Vois,https://www.crunchbase.com/organization/fortune-3,Italy,45.4641943,9.1896346,2017,3.0,True,True,False,False,False,False,False,False,False,False,True,False,False,False,1,2,2,False,True,False,True,False,1.0,True,0.263244,True,2018-05-01,2020-01-07,Seed,2018,49.5,False,False,True,True,5.0,3.5,False,False,False,False,True,True,False,True,False,False,True,True,False,False,0,0,False,False,False,False,False,False,False,False,False,False,False,False,False,False,False,False,False,False,False,1,1.0,True,True,False,False,False,True,True,False,False,False,False,True,False,185,1,True,121,26,0.2148760330578512,0.1946420411819951,0.0,0.3029137392491889,0.12864114712945596,0.47718633136892186,0.12864114712945596,0.12864114712945596,0.12864114712945596,0.47718633136892186,0.47718633136892186,0.47718633136892186,0.5212772555401268,0.5212772555401268,0.5212772555401268,4.0,0.0,0.0908983577180024,0,0,0,0,0,0,0,2.84,4.61512051684126,False,False,False,False,False,False,,,4.0,8.0
20588,Beaconforce,https://www.crunchbase.com/organization/beaconforce,Italy,45.4641943,9.1896346,2017,5.0,True,True,False,False,True,False,False,False,False,True,False,False,False,False,0,3,4,False,True,False,False,False,1.0,True,0.995982,True,2017-12-20,2019-06-06,Seed,2017,27.5,True,False,True,True,2.2,5.2,False,False,False,False,True,False,False,False,False,False,False,False,False,False,1,0,True,False,False,True,False,True,False,True,False,True,False,True,False,True,False,True,False,True,False,2,0.0,True,False,False,True,False,True,True,True,False,False,False,True,False,185,1,True,121,26,0.2148760330578512,0.1946420411819951,0.0,2.687430919131371,0.0,9.590012645278392,0.0,0.38657034374903043,0.958922838952452,9.590012645278392,9.590012645278392,9.590012645278392,5.052605777829706,0.2007881922946392,9.776723904501331,4.0,5.0,0.2556402976054923,1,0,0,0,0,1,0,2.84,4.906755163608864,False,False,False,False,False,False,,,4.0,8.0
20576,Plurima,https://www.crunchbase.com/organization/plurima-d45b,Italy,38.1112268,13.3524434,2017,2.0,True,False,False,False,False,False,False,False,True,False,False,False,False,False,3,2,3,True,True,False,True,False,2.0,True,1.55762,False,2020-04-02,2020-08-10,Seed,2020,84.25,False,False,True,True,13.0,3.2,False,False,True,True,True,True,False,False,False,False,False,False,False,False,0,0,False,False,False,False,False,False,False,False,False,False,False,False,False,False,False,False,False,False,False,3,2.0,True,True,True,True,True,False,False,False,False,False,False,True,True,0,0,False,2,0,0.0,0.0,0.8871466874605993,0.733769148671813,0.4270140710942405,0.8871466874605992,0.8871466874605992,0.8871466874605992,0.8871466874605992,0.4270140710942405,0.6570803792774199,0.8871466874605992,0.3181242209126146,0.0,0.47718633136892186,1.0,2.0,0.1010110579727503,0,0,0,0,1,1,1,2.84,5.993961427306569,False,False,False,False,False,False,,,1.2000000000000002,1.0
20295,Epicura,https://www.crunchbase.com/organization/epicura,Italy,45.0677551,7.6824892,2017,2.0,False,False,False,False,True,False,False,True,False,False,False,False,False,False,0,2,5,False,True,False,False,False,1.0,True,0.0,True,2017-01-01,2019-04-02,Series A,2017,57.4,True,True,True,False,5.8,6.0,False,False,False,False,True,False,True,False,False,True,True,False,False,False,2,1,True,True,False,True,True,True,True,True,True,True,True,True,True,True,True,True,True,True,True,5,1.0,True,True,True,True,False,False,False,False,False,False,False,True,True,38,0,False,29,2,0.0689655172413793,0.0666913744986722,0.12591627866066715,0.1551382402990952,0.0,0.5238586441741419,0.0,0.193922800373869,0.5238586441741419,0.0,0.0,0.0,0.2505755065728796,0.0,0.5238586441741419,5.0,1.0,0.1727159991214717,1,0,0,0,0,1,0,2.84,4.906755163608864,False,False,True,False,True,True,,,1.0,7.0
20363,Letsell,https://www.crunchbase.com/organization/Letsell,Italy,45.0677551,7.6824892,2017,3.0,False,False,False,False,True,True,False,False,False,True,False,False,False,False,3,3,1,True,False,True,False,True,1.0,True,6.083231,False,2020-05-01,2021-06-18,Seed,2020,51.0,True,True,False,False,1.3,2.0,False,False,False,False,False,False,False,False,False,False,False,False,False,False,3,3,True,True,True,True,True,True,True,True,True,True,True,True,True,True,True,True,True,True,True,3,3.0,True,True,True,False,False,False,False,False,False,False,False,True,True,38,0,False,29,2,0.0689655172413793,0.0666913744986722,0.12591627866066715,0.0,0.0,0.0,0.0,0.0,0.0,0.0,0.0,0.0,0.0,0.0,0.0,2.0,1.0,0.1039540459792718,0,0,0,0,0,1,0,2.84,5.993961427306569,False,False,False,False,False,False,,,1.0,7.0
20557,LailaTech,https://www.crunchbase.com/organization/laila,Italy,41.2035192,14.1168624,2017,2.0,False,False,False,False,True,False,False,False,False,True,True,False,False,False,1,2,3,False,True,False,False,False,2.0,True,0.237451,True,2018-09-24,2020-08-05,Seed,2018,90.33333333333331,False,False,True,True,7.0,2.3,False,False,True,True,True,True,False,False,False,False,False,False,False,False,0,0,False,False,False,False,False,False,False,False,False,False,False,False,False,False,False,False,False,False,False,2,1.0,True,True,False,True,True,False,False,False,False,False,False,True,True,4,0,False,0,0,0.0,0.0,0.6188301348216265,0.7842252397703873,0.15611007079067227,1.5777355136988631,0.6188301348216262,0.6188301348216262,0.6188301348216262,0.15611007079067227,0.8669227922447679,1.5777355136988631,0.9564972666899744,0.47718633136892186,1.433382629748549,2.0,0.0,0.0402231640645322,0,0,0,0,1,1,1,2.84,4.61512051684126,False,False,False,False,False,False,,,0.0,2.0
20410,Deesup,https://www.crunchbase.com/organization/deesup,Italy,45.4641943,9.1896346,2017,2.0,False,True,False,False,True,True,False,False,False,False,False,False,True,False,1,2,3,False,True,False,True,False,1.0,True,0.426787,True,2018-01-09,2019-09-19,Series A,2018,65.0,True,False,True,True,8.7,6.3,False,False,False,False,True,True,True,False,False,False,True,True,False,False,1,0,True,False,False,True,False,True,False,True,False,True,False,True,False,True,False,True,False,True,False,3,1.0,True,True,True,True,False,False,False,False,False,False,False,True,True,185,1,True,121,26,0.2148760330578512,0.1946420411819951,0.0,0.3181242209126146,0.0,0.47718633136892186,0.0,0.23859316568446093,0.47718633136892186,0.47718633136892186,0.47718633136892186,0.47718633136892186,0.3181242209126146,0.0,0.47718633136892186,11.0,2.0,0.2787581283216824,1,0,0,0,0,0,1,2.84,4.61512051684126,False,False,True,False,True,True,,,4.0,8.0
20412,Emotiva,https://www.crunchbase.com/organization/emotiva,Italy,45.4641943,9.1896346,2017,3.0,True,True,False,False,True,False,False,False,False,True,False,False,False,False,3,2,1,True,True,True,True,True,1.0,True,0.831651,True,2020-01-06,2021-11-03,Seed,2020,97.0,False,False,True,True,7.5,7.0,False,False,False,False,True,True,False,False,False,False,True,True,False,False,0,0,False,False,False,False,False,False,False,False,False,False,False,False,False,False,False,False,False,False,False,2,1.0,True,True,True,False,False,False,False,False,False,False,False,True,True,185,1,True,121,26,0.2148760330578512,0.1946420411819951,0.0,0.47718633136892186,0.47718633136892186,0.47718633136892186,0.47718633136892186,0.47718633136892186,0.47718633136892186,0.47718633136892186,0.47718633136892186,0.47718633136892186,0.0,0.0,0.0,9.0,4.0,0.3076388360899851,1,0,0,0,0,1,1,2.84,5.993961427306569,False,False,False,False,False,False,,,4.0,8.0
20569,Mygrants,https://www.crunchbase.com/organization/mygrants,Italy,37.5023612,15.0873718,2017,1.0,False,False,False,False,True,True,False,False,False,True,False,False,False,False,0,2,2,False,True,False,False,False,1.0,True,1.131026,False,2017-02-23,2019-10-18,Seed,2017,20.5,False,False,True,True,5.0,0.5,True,True,False,False,False,False,False,False,False,False,False,False,False,False,0,0,False,False,False,False,False,False,False,False,False,False,False,False,False,False,False,False,False,False,False,2,1.0,True,True,True,True,True,False,False,False,False,False,False,True,True,3,0,False,2,0,0.0,0.0,1.0118080857920644,0.9250465447380642,0.8382850036840639,1.0118080857920644,0.8382850036840639,0.8382850036840639,0.8382850036840639,1.0118080857920644,1.0118080857920644,1.0118080857920644,0.2007881922946392,0.2007881922946392,0.2007881922946392,0.0,0.0,0.0,0,0,0,0,1,1,1,2.84,4.906755163608864,False,False,False,False,False,False,,,0.0,0.0
20191,AIKO - Infinite Ways to Autonomy,https://www.crunchbase.com/organization/aiko-intelligent-space-systems,Italy,45.0677551,7.6824892,2017,1.0,True,False,False,False,True,False,False,False,False,True,False,False,False,False,3,1,1,False,False,True,True,True,1.0,True,1.913564,False,2020-12-03,2020-12-03,Series A,2020,49.0,False,False,True,True,4.0,8.0,False,False,True,True,False,False,False,False,False,False,True,True,False,False,0,0,False,False,False,False,False,False,False,False,False,False,False,False,False,False,False,False,False,False,False,1,1.0,True,True,True,True,True,False,False,False,False,False,False,True,True,38,0,False,29,2,0.0689655172413793,0.0666913744986722,0.12591627866066715,0.12591627866066704,0.12591627866066704,0.12591627866066704,0.0,0.0,0.0,0.12591627866066704,0.12591627866066704,0.12591627866066704,0.0,0.0,0.0,0.0,0.0,0.0,0,0,0,0,0,0,0,2.84,5.993961427306569,False,False,True,False,True,True,,,1.0,7.0
20381,Casavo,https://www.crunchbase.com/organization/casavo,Italy,45.4641943,9.1896346,2017,1.0,False,True,False,False,False,False,False,False,True,False,False,False,True,False,0,2,5,True,True,False,True,False,2.0,True,2.313541,False,2017-09-27,2018-03-31,Series D,2017,105.33333333333331,True,False,True,True,6.5,17.8,True,False,True,True,True,False,True,False,False,False,False,False,False,False,1,0,True,False,False,True,False,True,False,True,False,True,False,True,False,True,False,True,False,True,False,1,0.0,True,False,False,True,True,False,False,False,False,True,False,True,True,185,1,True,121,25,0.2066115702479339,0.1878160761115953,0.0,0.5227112852393827,0.0,0.958922838952452,0.0,0.6000542324616268,0.958922838952452,0.3482597525554062,0.44536833801713854,0.6395855089406035,0.6333509348354054,0.0,0.958922838952452,13.0,2.0,0.2940502655767997,1,0,0,0,0,0,1,2.84,4.906755163608864,False,True,True,True,True,True,,,4.0,8.0
20388,Cosaporto,https://www.crunchbase.com/organization/cosaporto,Italy,41.8933203,12.4829321,2017,2.0,False,False,False,False,True,True,False,False,False,False,False,False,False,False,3,2,2,True,True,False,False,False,1.0,True,3.524055,False,2020-07-08,2021-04-30,Series A,2020,31.666666666666668,True,True,True,False,5.7,5.0,False,False,False,False,False,False,False,False,False,False,False,False,False,False,2,1,True,True,False,True,True,True,True,True,True,True,True,True,True,True,True,True,True,True,True,3,1.0,True,True,True,True,False,False,False,False,False,False,False,True,True,55,1,True,62,8,0.1290322580645161,0.1213608570042674,0.477186331368922,0.1590621104563073,0.0,0.47718633136892186,0.0,0.23859316568446093,0.47718633136892186,0.0,0.0,0.0,0.3181242209126146,0.0,0.47718633136892186,9.0,1.0,0.223391192774942,1,0,0,0,0,0,0,2.84,5.993961427306569,False,False,True,False,True,True,,,9.200000000000005,30.200000000000003
20399,FrescoFrigo - Healthy food close to you,https://www.crunchbase.com/organization/frescofrigo,Italy,45.4641943,9.1896346,2017,4.0,False,True,False,False,False,True,False,True,False,True,False,False,False,False,1,2,6,True,False,False,False,False,0.0,False,1.783072,False,2018-01-28,2019-07-09,Seed,2018,31.142857142857142,True,,True,,7.3,3.6,False,,False,,True,,True,True,False,,True,,False,,3,0,True,,False,True,,True,,True,,True,,True,,True,,True,False,True,False,7,,True,,True,True,,False,False,False,False,False,False,True,True,185,1,True,121,26,0.2148760330578512,0.1946420411819951,0.0,0.08553664530186497,0.0,0.1663612784847312,0.0,0.08553664530186497,0.1663612784847312,0.0,0.0,0.0,0.13288021790225388,0.0,0.29188332074363665,12.0,2.0,0.2866985673349037,1,0,0,0,0,0,1,2.84,4.61512051684126,False,False,False,False,False,False,,,4.0,8.0
20222,Latitudo40,https://www.crunchbase.com/organization/latitudo40,Italy,40.8358846,14.2487679,2017,4.0,True,False,False,False,True,False,True,False,False,True,False,False,True,False,1,5,7,True,True,False,True,False,3.0,True,1.208296,False,2018-06-01,2024-07-19,Seed,2018,50.57142857142857,False,False,True,True,20.1,69.4,False,False,True,True,True,True,False,False,False,False,False,False,False,False,0,0,False,False,False,False,False,False,False,False,False,False,False,False,False,False,False,False,False,False,False,5,2.0,True,True,False,True,True,True,True,True,False,False,False,True,False,6,0,False,11,0,0.0,0.0,0.6579640257134732,2.907362949412952,0.18851880386121386,10.388463939966957,0.18851880386121386,2.596949485300215,10.388463939966957,0.47098866574434944,3.4247187229341804,9.145203477344719,4.2271449053697685,0.0,10.204960805100363,0.0,0.0,0.0,0,0,0,0,1,0,0,2.84,4.61512051684126,False,False,False,False,False,False,,,0.8000000000000007,3.0
20423,EatsReady,https://www.crunchbase.com/organization/eatsready,Italy,45.4641943,9.1896346,2017,4.0,False,True,False,False,False,True,True,False,True,True,False,False,False,False,1,2,3,False,False,False,False,False,0.0,False,2.307881,False,2018-03-20,2019-05-02,Venture - Series Unknown,2018,17.0,True,,True,,2.0,3.7,True,,False,,False,,False,False,False,,False,,False,,1,0,True,,False,True,,True,,True,,True,,True,,True,,True,False,True,False,2,,True,,False,True,,False,False,False,False,False,False,True,True,185,1,True,121,25,0.2066115702479339,0.1878160761115953,0.0,0.4625269092766003,0.0,1.1867925355351614,0.0,0.4625269092766003,1.1867925355351614,0.0,0.0,0.0,0.8996104494054618,0.2007881922946392,1.3112506203865844,3.0,2.0,0.1697730111149502,1,0,0,0,0,0,0,2.84,4.61512051684126,True,False,True,True,True,True,2023-03-07,6.0,4.0,8.0
20573,ZAGO Milano,https://www.crunchbase.com/organization/zago-milano,Italy,45.4641943,9.1896346,2017,2.0,False,True,False,False,False,True,False,False,False,False,False,False,False,False,3,1,1,False,False,True,False,True,1.0,True,1.08387,False,2020-02-23,2020-02-23,Seed,2020,27.0,True,True,False,False,0.0,4.0,False,False,False,False,False,False,False,False,False,False,False,False,False,False,1,1,True,True,True,True,True,True,True,True,True,True,True,True,True,True,True,True,True,True,True,1,1.0,True,True,True,True,True,False,False,False,False,False,False,True,True,185,1,True,121,26,0.2148760330578512,0.1946420411819951,0.0,0.0,0.0,0.0,0.0,0.0,0.0,0.0,0.0,0.0,0.0,0.0,0.0,2.0,0.0,0.0402231640645322,0,0,0,0,0,0,0,2.84,5.993961427306569,False,False,False,False,False,False,,,4.0,8.0
20339,WeRoad,https://www.crunchbase.com/organization/weroad,Italy,45.4641943,9.1896346,2017,3.0,False,True,False,False,False,True,False,False,False,False,False,False,False,False,1,1,4,False,False,False,True,False,0.0,False,3.398565,False,2018-07-10,2018-07-10,Series B,2018,17.25,False,,True,,1.0,2.2,False,,False,,False,,False,True,False,,False,,False,,0,0,False,,False,False,,False,,False,,False,,False,,False,,False,False,False,False,2,,True,,False,True,,True,True,True,False,False,False,True,False,185,1,True,121,26,0.2148760330578512,0.1946420411819951,0.0,2.906985667040453,0.47718633136892186,9.714647166471515,0.47718633136892186,2.906985667040453,9.714647166471515,0.0,0.0,0.0,5.333420514339841,0.0,10.18891987221543,1.0,0.0,0.0,0,0,0,0,0,0,0,2.84,4.61512051684126,False,False,True,False,True,True,,,4.0,8.0
20280,Mela Works,https://www.crunchbase.com/organization/mela-793d,Italy,45.4641943,9.1896346,2017,3.0,True,True,False,False,True,False,False,False,False,True,False,False,True,False,1,3,3,False,True,False,True,False,2.0,True,1.953,False,2018-07-10,2020-05-08,Venture - Series Unknown,2018,362.5,False,False,True,True,14.7,213.3,False,False,True,True,True,True,False,False,False,False,False,False,False,False,0,0,False,False,False,False,False,False,False,False,False,False,False,False,False,False,False,False,False,False,False,0,0.0,False,False,False,True,True,True,True,True,False,False,False,True,False,185,1,True,121,26,0.2148760330578512,0.1946420411819951,0.0,3.3629079831040296,0.6395855089406035,8.490215601419033,0.958922838952452,0.958922838952452,0.958922838952452,0.6395855089406035,4.564900555179818,8.490215601419033,5.243185199316611,0.34260840402510934,7.853780173015904,8.0,8.0,0.3512303972167651,1,0,0,0,1,1,1,2.84,4.61512051684126,False,False,True,False,True,True,,,4.0,8.0
20572,Apical,https://www.crunchbase.com/organization/apical,Italy,45.4641943,9.1896346,2017,3.0,False,True,False,False,True,False,False,False,False,False,False,False,False,True,0,4,7,False,True,False,True,False,2.0,True,0.601454,True,2016-01-01,2019-12-16,Seed,2016,62.57142857142857,True,True,True,True,6.7,3.9,False,False,False,False,True,True,True,False,False,False,True,False,False,False,2,1,True,True,False,True,True,True,True,True,True,True,True,True,True,True,True,True,True,True,True,5,2.0,True,True,False,True,True,True,True,False,False,False,False,True,False,185,1,True,121,26,0.2148760330578512,0.1946420411819951,0.0,1.8914423967299725,0.0,10.268365438981323,0.0,2.7178670122527278,10.268365438981323,0.0,0.23859316568446093,0.47718633136892186,3.612294707919763,0.0,10.38956384332649,13.0,0.0,0.1930392076040493,1,0,0,0,0,0,1,2.84,4.35799005684564,False,False,False,False,False,False,,,4.0,8.0
20354,nCore HR,https://www.crunchbase.com/organization/ncore-hr,Italy,45.4641943,9.1896346,2017,2.0,True,True,False,False,True,True,False,False,False,True,True,False,False,False,1,2,2,False,False,False,True,False,2.0,True,2.65689,False,2018-04-12,2023-12-14,Seed,2018,61.5,True,True,False,False,15.5,6.5,False,False,False,False,True,True,False,False,False,False,False,False,False,False,2,2,True,True,True,True,True,True,True,True,True,True,True,True,True,True,True,True,True,True,True,2,2.0,True,True,True,True,True,False,False,False,False,False,False,True,True,185,1,True,121,26,0.2148760330578512,0.1946420411819951,0.0,0.0,0.0,0.0,0.0,0.0,0.0,0.0,0.0,0.0,0.0,0.0,0.0,6.0,3.0,0.2517390182913285,1,0,0,0,0,0,0,2.84,4.61512051684126,False,False,False,False,False,False,,,4.0,8.0
20441,Ecosteer,https://www.crunchbase.com/organization/ecosteer,Italy,46.6559455,11.2302129,2017,2.0,True,False,False,False,False,False,False,False,False,True,False,False,False,False,0,1,1,False,False,True,True,True,1.0,True,1.044364,False,2017-11-01,2017-11-01,Seed,2017,78.0,False,False,True,True,12.0,19.0,False,False,False,False,True,True,False,False,False,False,False,False,True,True,0,0,False,False,False,False,False,False,False,False,False,False,False,False,False,False,False,False,False,False,False,1,1.0,True,True,True,False,False,False,False,False,False,False,False,True,True,1,0,False,1,0,0.0,0.0,0.16673387242466603,0.14436911415688577,0.14436911415688577,0.14436911415688577,0.0,0.0,0.0,0.14436911415688577,0.14436911415688577,0.14436911415688577,0.0,0.0,0.0,0.0,0.0,0.0,0,0,0,0,1,1,1,2.84,4.906755163608864,False,False,False,False,False,False,,,0.0,0.0
20546,Metis Precision Medicine,https://www.crunchbase.com/organization/metis-precision-medicine,Italy,45.0677551,7.6824892,2017,2.0,True,False,False,False,True,False,False,True,False,False,False,False,False,False,1,2,3,True,True,False,False,False,1.0,True,1.471672,False,2018-03-19,2018-12-20,Seed,2018,39.75,True,True,True,False,6.5,5.2,False,False,False,False,False,False,True,False,False,True,False,False,False,False,3,2,True,True,False,True,True,True,True,True,True,True,True,True,True,True,True,True,True,True,True,4,2.0,True,True,True,True,False,False,False,False,False,False,False,True,True,38,0,False,29,2,0.0689655172413793,0.0666913744986722,0.12591627866066715,0.03221673352653854,0.0,0.12886693410615416,0.0,0.06443346705307708,0.12886693410615416,0.0,0.0,0.0,0.06443346705307708,0.0,0.12886693410615416,4.0,0.0,0.0908983577180024,0,0,0,0,0,0,0,2.84,4.61512051684126,False,False,False,False,False,False,,,1.0,7.0
20544,Yolo Tech Insurance,https://www.crunchbase.com/organization/yolo-insurance,Italy,45.4641943,9.1896346,2017,2.0,False,True,False,False,False,False,False,False,True,False,False,False,False,False,0,1,2,False,True,False,False,False,1.0,True,1.176007,False,2017-10-24,2017-10-24,Post-IPO Equity,2017,25.0,True,True,True,False,1.0,4.5,False,False,True,True,False,False,False,False,False,False,True,True,False,False,1,1,True,True,False,True,True,True,True,True,True,True,True,True,True,True,True,True,True,True,True,1,1.0,True,True,False,True,True,True,True,True,False,False,False,True,False,185,1,True,121,25,0.2066115702479339,0.1878160761115953,0.0,3.9511605090764528,0.0,7.9023210181529056,7.9023210181529056,7.9023210181529056,7.9023210181529056,0.0,0.0,0.0,7.9023210181529056,7.9023210181529056,7.9023210181529056,0.0,0.0,0.0,0,0,0,0,0,0,0,2.84,4.906755163608864,True,True,False,True,True,True,2022-08-05,5.0,4.0,8.0
20944,Hoopygang,https://www.crunchbase.com/organization/hoopygang,Italy,43.7697955,11.2556404,2017,1.0,True,False,False,False,False,False,False,False,False,True,True,False,False,False,0,1,1,False,False,True,False,False,0.0,False,0.0,True,2017-06-01,2017-06-01,Seed,2017,43.0,True,,False,,5.0,5.0,False,,False,,True,,False,False,False,,False,,False,,1,0,True,,True,True,,True,,True,,True,,True,,True,,True,False,True,False,1,,True,,True,False,,False,False,False,False,False,False,True,True,10,0,False,19,4,0.2105263157894736,0.1910552367627091,0.24945797158136823,0.0,0.0,0.0,0.0,0.0,0.0,0.0,0.0,0.0,0.0,0.0,0.0,11.0,0.0,0.1777470703489321,1,0,0,0,0,0,1,2.84,4.906755163608864,False,False,False,False,False,False,,,1.200000000000001,10.2
20845,Pi School,https://www.crunchbase.com/organization/pi-school,Italy,41.8933203,12.4829321,2017,2.0,True,False,False,False,False,True,False,False,False,False,False,False,False,False,1,1,1,False,False,True,False,True,1.0,True,0.0,True,2018-01-01,2018-01-01,Seed,2018,42.0,True,True,False,False,11.0,7.0,False,False,False,False,False,False,False,False,False,False,False,False,False,False,1,1,True,True,True,True,True,True,True,True,True,True,True,True,True,True,True,True,True,True,True,1,1.0,True,True,True,False,False,False,False,False,False,False,False,True,True,55,1,True,62,8,0.1290322580645161,0.1213608570042674,0.477186331368922,0.0,0.0,0.0,0.0,0.0,0.0,0.0,0.0,0.0,0.0,0.0,0.0,9.0,0.0,0.1596603108602024,0,0,0,0,0,0,0,2.84,4.61512051684126,False,False,False,False,False,False,,,9.200000000000005,30.200000000000003
20791,Babaiola,https://www.crunchbase.com/organization/babaiola,Italy,41.8933203,12.4829321,2017,3.0,False,False,False,False,False,True,False,False,False,True,False,False,False,True,0,1,2,False,False,False,False,False,0.0,False,0.121216,True,2016-02-23,2016-02-23,Seed,2016,49.5,True,,True,,3.5,3.5,False,,False,,True,,False,False,False,,True,,False,,1,0,True,,False,True,,True,,True,,True,,True,,True,,True,False,True,False,1,,True,,False,False,,True,True,True,False,False,False,True,False,55,1,True,62,8,0.1290322580645161,0.1213608570042674,0.477186331368922,5.084940001696799,0.0,10.169880003393597,0.0,5.084940001696799,10.169880003393597,0.0,0.0,0.0,10.169880003393597,10.169880003393597,10.169880003393597,24.0,9.0,0.4622680757227271,1,0,1,0,0,0,0,2.84,4.35799005684564,False,False,False,False,False,False,,,9.200000000000005,30.200000000000003
20664,Sooneat,https://www.crunchbase.com/organization/sooneat,Italy,45.4641943,9.1896346,2017,2.0,False,True,False,False,False,True,True,False,False,True,False,False,False,False,2,3,3,False,True,False,True,False,1.0,True,0.547365,True,2019-01-01,2020-05-22,Seed,2019,15.0,True,False,True,True,9.0,0.3,False,False,False,False,False,False,False,False,False,False,False,False,False,False,1,0,True,False,False,True,False,True,False,True,False,True,False,True,False,True,False,True,False,True,False,2,1.0,True,True,True,True,False,False,False,False,False,False,False,True,True,185,1,True,121,26,0.2148760330578512,0.1946420411819951,0.0,0.23859316568446093,0.0,0.47718633136892186,0.0,0.0,0.0,0.47718633136892186,0.47718633136892186,0.47718633136892186,0.47718633136892186,0.47718633136892186,0.47718633136892186,1.0,0.0,0.0,0,0,0,0,0,0,0,2.84,5.303304908059076,False,False,False,False,False,False,,,4.0,8.0
20662,B2Book.net,https://www.crunchbase.com/organization/b2book-net,Italy,41.8933203,12.4829321,2017,2.0,False,False,False,False,False,True,False,False,False,False,False,False,False,False,1,1,2,False,True,False,False,False,1.0,True,0.518678,True,2018-04-05,2018-04-05,Seed,2018,814.5,False,False,True,True,8.0,10.5,False,False,True,True,True,True,False,True,False,False,True,True,False,False,0,0,False,False,False,False,False,False,False,False,False,False,False,False,False,False,False,False,False,False,False,0,0.0,False,False,False,False,False,True,True,False,False,False,False,False,False,55,1,True,62,8,0.1290322580645161,0.1213608570042674,0.477186331368922,4.324010842289848,4.323402428255223,4.324619256324474,4.324619256324474,4.324619256324474,4.324619256324474,4.323402428255223,4.323402428255223,4.323402428255223,0.044951295932390646,0.044951295932390646,0.044951295932390646,0.0,0.0,0.0,0,0,0,0,0,0,0,2.84,4.61512051684126,False,False,False,False,False,False,,,9.200000000000005,30.200000000000003
20650,Valore In Sanità,https://www.crunchbase.com/organization/valore-in-sanità,Italy,41.8933203,12.4829321,2017,1.0,True,False,False,False,False,False,False,True,False,True,False,False,False,False,2,1,1,False,False,True,False,True,1.0,True,1.105149,False,2019-11-07,2019-11-07,Seed,2019,49.0,False,False,True,True,3.0,8.0,False,False,True,True,False,False,False,False,False,False,True,True,False,False,0,0,False,False,False,False,False,False,False,False,False,False,False,False,False,False,False,False,False,False,False,1,1.0,True,True,True,True,True,False,False,False,False,False,False,True,True,55,1,True,62,8,0.1290322580645161,0.1213608570042674,0.477186331368922,0.47718633136892186,0.47718633136892186,0.47718633136892186,0.0,0.0,0.0,0.47718633136892186,0.47718633136892186,0.47718633136892186,0.0,0.0,0.0,0.0,0.0,0.0,0,0,0,0,0,0,0,2.84,5.303304908059076,False,False,False,False,False,False,,,9.200000000000005,30.200000000000003
20720,Edgar Smart Concierge,https://www.crunchbase.com/organization/edgar-smart-concierge,Italy,41.8933203,12.4829321,2017,3.0,False,False,False,False,False,True,False,False,False,True,False,False,True,False,0,1,1,False,False,True,False,False,0.0,False,0.058775,True,2017-10-23,2017-10-23,Equity Crowdfunding,2017,43.0,False,,True,,5.0,5.0,False,,False,,True,,False,False,False,,False,,False,,0,0,False,,False,False,,False,,False,,False,,False,,False,,False,False,False,False,1,,True,,True,False,,False,False,False,False,False,False,True,True,55,1,True,62,7,0.1129032258064516,0.1069721195521678,0.477186331368922,0.2314072973652352,0.2314072973652352,0.2314072973652352,0.2314072973652352,0.2314072973652352,0.2314072973652352,0.0,0.0,0.0,0.0,0.0,0.0,0.0,0.0,0.0,0,0,0,0,0,0,0,2.84,4.906755163608864,True,False,False,True,True,True,2022-12-20,5.0,9.200000000000005,30.200000000000003
20719,Qi4M,https://www.crunchbase.com/organization/qi4m,Italy,41.8933203,12.4829321,2017,2.0,True,False,False,False,True,False,False,False,True,True,False,False,False,False,3,1,1,False,False,True,True,False,0.0,False,0.034159,True,2020-03-08,2020-03-08,Pre-Seed,2020,27.0,False,,True,,1.0,0.0,False,,False,,True,,False,False,False,,False,,False,,0,0,False,,False,False,,False,,False,,False,,False,,False,,False,False,False,False,1,,True,,True,True,,False,False,False,False,False,False,True,True,55,1,True,62,8,0.1290322580645161,0.1213608570042674,0.477186331368922,0.47718633136892186,0.47718633136892186,0.47718633136892186,0.47718633136892186,0.47718633136892186,0.47718633136892186,0.0,0.0,0.0,0.0,0.0,0.0,0.0,0.0,0.0,0,0,0,0,0,0,0,2.84,5.993961427306569,False,False,False,False,False,False,,,9.200000000000005,30.200000000000003
20757,In Time Link,https://www.crunchbase.com/organization/in-time-link,Italy,41.8933203,12.4829321,2017,3.0,True,False,False,False,False,False,False,False,True,True,False,False,False,False,0,1,1,False,False,True,False,False,0.0,False,0.206119,True,2017-11-16,2017-11-16,Seed,2017,97.0,True,,False,,4.0,7.0,False,,False,,True,,False,False,False,,True,,False,,1,0,True,,True,True,,True,,True,,True,,True,,True,,True,False,True,False,1,,True,,True,False,,False,False,False,False,False,False,True,True,55,1,True,62,8,0.1290322580645161,0.1213608570042674,0.477186331368922,0.0,0.0,0.0,0.0,0.0,0.0,0.0,0.0,0.0,0.0,0.0,0.0,30.0,11.0,0.5003710832121117,1,1,1,0,1,1,0,2.84,4.906755163608864,False,False,False,False,False,False,,,9.200000000000005,30.200000000000003
20787,Socyza,https://www.crunchbase.com/organization/socyza,Italy,43.7697955,11.2556404,2017,2.0,True,False,False,False,False,False,False,False,False,True,False,False,False,False,1,1,1,False,False,True,True,True,1.0,True,0.057012,True,2018-11-01,2018-11-01,Pre-Seed,2018,43.0,True,True,False,False,6.0,5.0,False,False,False,False,True,True,False,False,False,False,False,False,False,False,1,1,True,True,True,True,True,True,True,True,True,True,True,True,True,True,True,True,True,True,True,1,1.0,True,True,True,False,False,False,False,False,False,False,False,True,True,10,0,False,19,4,0.2105263157894736,0.1910552367627091,0.24945797158136823,0.0,0.0,0.0,0.0,0.0,0.0,0.0,0.0,0.0,0.0,0.0,0.0,13.0,0.0,0.1930392076040493,1,0,0,0,1,0,1,2.84,4.61512051684126,False,False,False,False,False,False,,,1.200000000000001,10.2
20767,Healthy Virtuoso,https://www.crunchbase.com/organization/virtuoso-ebca,Italy,45.4641943,9.1896346,2017,2.0,False,True,False,False,True,True,False,True,True,False,False,False,False,False,3,2,2,False,False,False,False,False,0.0,False,1.208878,False,2020-03-31,2020-11-30,Seed,2020,137.0,False,,True,,6.0,12.5,False,,True,,True,,False,False,False,,False,,False,,0,0,False,,False,False,,False,,False,,False,,False,,False,,False,False,False,False,1,,True,,False,False,,True,True,True,False,False,False,True,False,185,1,True,121,26,0.2148760330578512,0.1946420411819951,0.0,5.034221620922568,0.47718633136892186,9.591256910476211,0.47718633136892186,5.034221620922568,9.591256910476211,0.0,0.0,0.0,10.06816866981275,10.06816866981275,10.06816866981275,1.0,2.0,0.1010110579727503,0,0,0,0,0,0,0,2.84,5.993961427306569,False,False,False,False,False,False,,,4.0,8.0
20706,ELI WMS,https://www.crunchbase.com/organization/eli-wms,Italy,45.7795804,10.425873,2017,2.0,True,False,False,False,True,False,False,False,False,True,False,False,False,False,1,2,2,False,True,False,False,False,1.0,True,0.181062,True,2018-11-30,2020-12-01,Seed,2018,61.5,False,False,True,True,9.5,4.0,False,False,False,False,True,True,False,False,False,False,False,False,False,False,0,0,False,False,False,False,False,False,False,False,False,False,False,False,False,False,False,False,False,False,False,2,1.0,True,True,True,True,True,False,False,False,False,False,False,True,True,7,0,False,2,0,0.0,0.0,0.1023356932338544,0.10233569323385432,0.10233569323385432,0.10233569323385432,0.10233569323385432,0.10233569323385432,0.10233569323385432,0.10233569323385432,0.10233569323385432,0.10233569323385432,0.0,0.0,0.0,0.0,0.0,0.0,0,0,0,0,1,0,0,2.84,4.61512051684126,False,False,False,False,False,False,,,0.4000000000000003,0.4000000000000003
20735,Aircnc,https://www.crunchbase.com/organization/aircnc,Italy,45.4641943,9.1896346,2018,5.0,True,True,False,False,False,True,False,False,False,True,False,False,False,True,1,1,2,False,True,False,False,False,1.0,True,0.215476,True,2019-01-01,2019-01-01,Seed,2019,46.0,True,True,False,False,10.0,4.0,False,False,False,False,True,True,False,False,False,False,False,False,False,False,2,1,True,True,True,True,True,True,True,True,True,True,True,True,True,True,True,True,True,True,True,2,1.0,True,True,True,True,True,False,False,False,False,False,False,True,True,185,1,True,139,28,0.2014388489208633,0.1835198792860633,0.0,0.0,0.0,0.0,0.0,0.0,0.0,0.0,0.0,0.0,0.0,0.0,0.0,10.0,5.0,0.3338572616046727,1,0,0,0,0,1,1,2.07,5.303304908059076,False,False,False,False,False,False,,,4.0,8.0
20722,Promile.me,https://www.crunchbase.com/organization/promile-me,Italy,45.4641943,9.1896346,2018,4.0,True,True,False,False,False,False,False,False,False,True,False,False,False,False,1,1,5,False,True,False,False,False,1.0,True,0.149,True,2019-01-01,2019-01-01,Seed,2019,1.0,False,False,True,True,7.0,0.0,True,True,False,False,False,False,False,True,False,False,False,False,False,False,0,0,False,False,False,False,False,False,False,False,False,False,False,False,False,False,False,False,False,False,False,1,0.0,True,False,False,False,False,True,True,False,False,False,False,True,False,185,1,True,139,28,0.2014388489208633,0.1835198792860633,0.0,3.753040534814701,0.12591627866066704,10.26209576384342,0.12591627866066704,4.2230517335324365,10.26209576384342,2.3430069386614925,2.3430069386614925,2.3430069386614925,5.6980892166241,2.367631762751743,10.383274740667872,0.0,0.0,0.0,0,0,0,0,0,0,0,2.07,5.303304908059076,False,False,False,False,False,False,,,4.0,8.0
20723,Getastand,https://www.crunchbase.com/organization/getastand,Italy,45.4641943,9.1896346,2018,3.0,False,True,False,False,False,True,False,False,False,False,True,False,False,True,1,1,1,False,False,True,True,True,1.0,True,0.163669,True,2019-07-01,2019-07-01,Pre-Seed,2019,97.0,False,False,True,True,6.0,7.0,False,False,False,False,True,True,False,False,False,False,True,True,False,False,0,0,False,False,False,False,False,False,False,False,False,False,False,False,False,False,False,False,False,False,False,1,1.0,True,True,True,False,False,False,False,False,False,False,False,True,True,185,1,True,139,28,0.2014388489208633,0.1835198792860633,0.0,0.47718633136892186,0.47718633136892186,0.47718633136892186,0.0,0.0,0.0,0.47718633136892186,0.47718633136892186,0.47718633136892186,0.0,0.0,0.0,7.0,2.0,0.2385349642571501,1,0,0,0,0,0,0,2.07,5.303304908059076,False,False,False,False,False,False,,,4.0,8.0
20725,MyTutela,https://www.crunchbase.com/organization/mytutela,Italy,41.8933203,12.4829321,2018,3.0,False,False,False,False,False,False,False,False,False,True,False,False,False,False,1,1,1,False,False,True,True,False,0.0,False,0.163669,True,2019-07-01,2019-07-01,Pre-Seed,2019,97.0,True,,False,,6.0,7.0,False,,False,,True,,False,False,False,,True,,False,,1,0,True,,True,True,,True,,True,,True,,True,,True,,True,False,True,False,1,,True,,True,False,,False,False,False,False,False,False,True,True,55,1,True,70,8,0.1142857142857142,0.1082135846402326,0.477186331368922,0.0,0.0,0.0,0.0,0.0,0.0,0.0,0.0,0.0,0.0,0.0,0.0,37.0,6.0,0.4710109976612858,1,0,1,0,0,0,1,2.07,5.303304908059076,False,False,False,False,False,False,,,9.200000000000005,30.200000000000003
20732,Stealth,https://www.crunchbase.com/organization/b2butterfly,Italy,45.4424977,10.9857377,2018,3.0,False,False,False,False,False,False,False,False,False,True,False,False,False,False,1,1,3,False,False,False,True,False,0.0,False,0.498324,True,2019-05-01,2019-05-01,Seed,2019,655.0,False,,True,,9.0,9.3,False,,True,,True,,False,True,False,,True,,False,,0,0,False,,False,False,,False,,False,,False,,False,,False,,False,False,False,False,0,,False,,False,False,,True,True,False,False,False,False,False,False,11,0,False,1,0,0.0,0.0,0.14011768148292533,4.529530391736407,4.528622893548331,4.531345388112562,4.528622893548331,4.529530391736407,4.531345388112562,0.0,0.0,0.0,0.029967530621593755,0.0,0.044951295932390646,0.0,0.0,0.0,0,0,0,0,1,1,1,2.07,5.303304908059076,False,False,False,False,False,False,,,0.0,0.0
20914,XStream Labs,https://www.crunchbase.com/organization/xstream-labs,Italy,45.0677551,7.6824892,2018,5.0,True,False,False,False,False,False,False,False,False,True,False,False,False,False,2,1,1,False,False,True,False,True,1.0,True,0.0,True,2020-02-11,2020-02-11,Seed,2020,2.0,False,False,True,True,1.0,0.0,False,False,False,False,False,False,False,False,False,False,False,False,False,False,0,0,False,False,False,False,False,False,False,False,False,False,False,False,False,False,False,False,False,False,False,0,0.0,False,False,False,False,False,False,False,False,False,False,False,True,True,38,0,False,32,2,0.0625,0.0606246218164348,0.12591627866066715,0.5172573214339798,0.5172573214339798,0.5172573214339798,0.0,0.0,0.0,0.5172573214339798,0.5172573214339798,0.5172573214339798,0.0,0.0,0.0,0.0,0.0,0.0,0,0,0,0,0,0,0,2.07,5.993961427306569,False,False,False,False,False,False,,,1.0,7.0
20948,Neuralya,https://www.crunchbase.com/organization/neuralya,Italy,45.4641943,9.1896346,2018,1.0,True,True,False,False,False,False,False,False,False,True,True,False,False,False,1,1,1,False,False,True,True,True,1.0,True,0.0,True,2019-05-20,2019-05-20,Pre-Seed,2019,154.0,False,False,True,True,3.0,7.0,False,False,False,False,False,False,False,False,False,False,True,True,False,False,0,0,False,False,False,False,False,False,False,False,False,False,False,False,False,False,False,False,False,False,False,0,0.0,False,False,False,False,False,True,True,False,False,False,False,False,False,185,1,True,139,28,0.2014388489208633,0.1835198792860633,0.0,10.268365438981323,10.268365438981323,10.268365438981323,0.0,0.0,0.0,10.268365438981323,10.268365438981323,10.268365438981323,0.0,0.0,0.0,2.0,2.0,0.1412342220372826,0,0,0,0,0,0,0,2.07,5.303304908059076,False,False,False,False,False,False,,,4.0,8.0
20711,UXGO,https://www.crunchbase.com/organization/uxgo,Italy,41.8933203,12.4829321,2018,2.0,True,False,False,False,True,False,False,False,False,True,False,False,False,False,1,1,2,False,True,False,True,False,1.0,True,0.162867,True,2019-05-13,2019-05-13,Pre-Seed,2019,125.5,True,False,True,True,4.5,7.0,False,False,False,False,True,False,False,False,False,False,True,True,False,False,1,0,True,False,False,True,False,True,False,True,False,True,False,True,False,True,False,True,False,True,False,1,0.0,True,False,False,False,False,True,True,False,False,False,False,True,False,55,1,True,70,8,0.1142857142857142,0.1082135846402326,0.477186331368922,5.012457681590503,0.0,10.024915363181005,0.0,0.0,0.0,10.024915363181005,10.024915363181005,10.024915363181005,10.024915363181005,10.024915363181005,10.024915363181005,38.0,5.0,0.4594145664563754,1,0,1,0,0,0,1,2.07,5.303304908059076,False,False,False,False,False,False,,,9.200000000000005,30.200000000000003
20154,Exein,https://www.crunchbase.com/organization/exein,Italy,41.8933203,12.4829321,2018,1.0,True,False,False,False,False,False,False,False,False,True,False,False,False,False,0,1,1,False,False,True,False,True,1.0,True,2.273601,False,2018-11-08,2018-11-08,Series B,2018,45.0,False,False,True,True,5.0,9.0,False,False,False,False,False,False,False,False,False,False,False,False,False,False,0,0,False,False,False,False,False,False,False,False,False,False,False,False,False,False,False,False,False,False,False,1,1.0,True,True,True,True,True,False,False,False,False,False,False,True,True,55,1,True,70,8,0.1142857142857142,0.1082135846402326,0.477186331368922,0.47718633136892186,0.47718633136892186,0.47718633136892186,0.0,0.0,0.0,0.47718633136892186,0.47718633136892186,0.47718633136892186,0.0,0.0,0.0,0.0,0.0,0.0,0,0,0,0,0,0,0,2.07,4.61512051684126,False,False,True,False,True,True,,,9.200000000000005,30.200000000000003
20147,Cardo AI,https://www.crunchbase.com/organization/cardo-ai,Italy,45.4641943,9.1896346,2018,3.0,True,True,False,False,True,False,False,False,True,True,False,False,False,False,1,2,2,False,False,False,False,False,2.0,True,3.947015,False,2019-01-01,2021-12-20,Series A,2019,66.5,True,True,True,True,13.0,4.5,False,False,True,True,True,True,False,False,False,False,False,False,False,False,1,1,True,True,False,True,True,True,True,True,True,True,True,True,True,True,True,True,True,True,True,1,1.0,True,True,False,True,True,False,False,False,False,False,False,True,True,185,1,True,139,28,0.2014388489208633,0.1835198792860633,0.0,0.479461419476226,0.0,0.958922838952452,0.0,0.0,0.0,0.0,0.479461419476226,0.958922838952452,0.958922838952452,0.958922838952452,0.958922838952452,7.0,4.0,0.2855024315141825,1,0,0,0,0,1,0,2.07,5.303304908059076,False,False,True,False,True,True,,,4.0,8.0
20237,TeiaCare,https://www.crunchbase.com/organization/teiacare,Italy,45.4641943,9.1896346,2018,3.0,True,True,False,False,True,False,False,True,True,True,False,False,False,False,1,2,7,True,True,False,False,False,2.0,True,3.82587,False,2019-11-19,2022-07-01,Seed,2019,38.0,True,False,True,True,7.3,5.6,False,False,True,True,False,False,False,False,False,False,True,True,False,False,2,0,True,False,False,True,False,True,False,True,False,True,False,True,False,True,False,True,False,True,False,2,0.0,True,False,False,True,True,True,True,True,False,True,False,True,False,185,1,True,139,28,0.2014388489208633,0.1835198792860633,0.0,2.6976006932375967,0.0,9.570266616793411,0.0,3.3712564267915646,9.570266616793411,0.6279869370985219,0.676633492575693,0.7252800480528642,4.443241945341398,0.0,9.812708541404032,0.0,0.0,0.0,0,0,0,0,0,0,0,2.07,5.303304908059076,False,False,False,False,False,False,,,4.0,8.0
20232,PatchAi,https://www.crunchbase.com/organization/patchai,Italy,45.391408,11.8058487,2018,4.0,True,False,False,False,True,False,False,True,False,True,False,False,False,False,1,2,4,True,True,False,True,False,2.0,True,3.029687,False,2019-05-04,2021-01-14,Seed,2019,7.4,False,False,True,True,10.0,1.6,False,False,False,False,False,False,False,False,False,False,False,False,True,False,0,0,False,False,False,False,False,False,False,False,False,False,False,False,False,False,False,False,False,False,False,3,1.0,True,True,False,True,True,False,False,False,False,True,False,True,True,12,0,False,3,0,0.0,0.0,0.20431393613843182,0.5783432492293943,0.20431393613843168,1.1291706708696796,0.6220454581304208,0.7910871957101736,1.1291706708696796,0.20431393613843168,0.2592273295082251,0.3141407228780185,0.8267374466796493,0.0,1.33326322198238,0.0,0.0,0.0,0,0,0,0,1,1,1,2.07,5.303304908059076,True,False,False,True,True,True,2021-11-17,3.0,0.0,0.0
20214,AWorld,https://www.crunchbase.com/organization/aworld,Italy,45.0677551,7.6824892,2018,3.0,True,False,False,False,False,True,False,False,False,True,True,True,False,False,2,2,2,True,True,False,True,False,1.0,True,0.805457,True,2020-03-01,2020-08-01,Seed,2020,110.66666666666669,False,False,True,True,13.0,4.3,False,False,True,False,True,True,False,False,False,False,False,False,False,False,0,0,False,False,False,False,False,False,False,False,False,False,False,False,False,False,False,False,False,False,False,3,1.0,True,True,True,True,True,False,False,False,False,False,False,True,True,38,0,False,32,2,0.0625,0.0606246218164348,0.12591627866066715,0.25856373383182535,0.12591627866066704,0.5238586441741419,0.12591627866066704,0.32488746141740443,0.5238586441741419,0.12591627866066704,0.12591627866066704,0.12591627866066704,0.3181242209126146,0.0,0.47718633136892186,0.0,0.0,0.0,0,0,0,0,0,0,0,2.07,5.993961427306569,False,False,False,False,False,False,,,1.0,7.0
20195,InSilicoTrials,https://www.crunchbase.com/organization/insilicotrials-technologies,Italy,45.6496485,13.7772781,2018,2.0,True,False,False,False,True,False,False,True,False,True,False,False,False,False,2,1,3,False,True,False,True,False,1.0,True,4.16,False,2020-07-30,2020-07-30,Seed,2020,149.66666666666666,False,False,True,True,9.7,16.3,True,False,False,False,False,False,False,False,False,False,False,False,False,False,0,0,False,False,False,False,False,False,False,False,False,False,False,False,False,False,False,False,False,False,False,2,1.0,True,True,False,True,True,True,True,True,False,False,False,True,False,5,0,False,0,0,0.0,0.0,0.32322750445776843,2.5185555357604295,0.3577336390126039,6.767529800894378,0.430403167374306,3.598966484134342,6.767529800894378,0.3577336390126039,0.3577336390126039,0.3577336390126039,4.610318552863304,0.47718633136892186,6.8895281509914685,0.0,0.0,0.0,0,0,0,0,1,1,1,2.07,5.993961427306569,False,False,False,False,False,False,,,0.0,0.0
20242,Phononic Vibes,https://www.crunchbase.com/organization/phononic-vibes,Italy,45.4641943,9.1896346,2018,5.0,True,True,True,False,False,False,False,False,False,False,False,True,False,False,1,2,2,False,True,False,False,False,1.0,True,3.279429,False,2019-01-01,2020-10-08,Venture - Series Unknown,2019,76.0,True,False,True,True,11.5,22.5,False,False,True,True,False,False,False,False,False,False,False,False,False,False,1,0,True,False,False,True,False,True,False,True,False,True,False,True,False,True,False,True,False,True,False,1,0.0,True,False,False,True,True,False,False,False,False,False,False,True,True,185,1,True,139,28,0.2014388489208633,0.1835198792860633,0.0,0.31979275447030175,0.0,0.6395855089406035,0.0,0.0,0.0,0.6395855089406035,0.6395855089406035,0.6395855089406035,0.6395855089406035,0.6395855089406035,0.6395855089406035,4.0,3.0,0.2183601215474815,1,0,0,0,0,0,0,2.07,5.303304908059076,False,False,True,False,True,True,,,4.0,8.0
20404,EasyPol,https://www.crunchbase.com/organization/easypol,Italy,41.8933203,12.4829321,2018,3.0,True,False,False,False,False,False,False,False,True,True,False,False,False,False,2,1,1,False,False,True,False,True,1.0,True,0.595948,True,2020-11-25,2020-11-25,Series A,2020,176.0,True,True,False,False,5.0,1.0,False,False,True,True,False,False,False,False,False,False,False,False,False,False,1,1,True,True,True,True,True,True,True,True,True,True,True,True,True,True,True,True,True,True,True,1,1.0,True,True,True,False,False,False,False,False,False,False,False,True,True,55,1,True,70,8,0.1142857142857142,0.1082135846402326,0.477186331368922,0.0,0.0,0.0,0.0,0.0,0.0,0.0,0.0,0.0,0.0,0.0,0.0,1.0,1.0,0.0637308819147395,0,0,0,0,0,0,0,2.07,5.993961427306569,False,False,True,False,True,True,,,9.200000000000005,30.200000000000003
20391,Seares,https://www.crunchbase.com/organization/seares,Italy,43.3960392,10.4340511,2018,1.0,True,False,False,False,True,True,False,False,False,True,False,False,False,False,2,1,3,False,True,False,False,False,1.0,True,0.48886,True,2020-12-28,2020-12-28,Venture - Series Unknown,2020,2.0,True,True,False,False,3.5,0.7,False,False,False,False,False,False,True,False,False,False,True,False,False,False,0,0,False,False,False,True,True,False,False,False,False,False,False,False,False,False,False,False,False,False,False,3,1.0,True,True,True,False,False,False,False,False,False,False,False,True,True,1,0,False,0,0,0.0,0.0,0.25029000295201165,0.07880462960815207,0.0781439096108939,0.0801260696026684,0.0781439096108939,0.07913498960678114,0.0801260696026684,0.0781439096108939,0.0781439096108939,0.0781439096108939,0.015027065397061536,0.0,0.022540598095592303,0.0,0.0,0.0,0,0,0,0,1,1,1,2.07,5.993961427306569,False,False,True,False,True,True,,,0.0,0.0
20448,ARTKNIT STUDIOS,https://www.crunchbase.com/organization/artknit-studios,Italy,45.4641943,9.1896346,2018,1.0,False,True,False,False,False,True,False,False,False,True,False,False,False,False,0,1,2,False,False,False,True,False,0.0,False,0.664487,True,2018-11-30,2018-11-30,Seed,2018,83.5,True,,True,,3.5,3.5,False,,False,,True,,False,False,False,,True,,False,,1,0,True,,False,True,,True,,True,,True,,True,,True,,True,False,True,False,1,,True,,False,True,,True,True,False,False,False,False,True,False,185,1,True,139,28,0.2014388489208633,0.1835198792860633,0.0,5.134182719490662,0.0,10.268365438981323,0.0,5.134182719490662,10.268365438981323,0.0,0.0,0.0,10.268365438981323,10.268365438981323,10.268365438981323,0.0,0.0,0.0,0,0,0,0,0,0,0,2.07,4.61512051684126,False,False,False,False,False,False,,,4.0,8.0
20489,MyLab Nutrition,https://www.crunchbase.com/organization/mylab-nutrition,Italy,41.8933203,12.4829321,2018,2.0,False,False,False,False,False,True,True,True,False,False,False,False,False,False,0,2,3,True,True,False,True,False,1.0,True,0.791375,True,2018-01-15,2021-10-06,Seed,2018,93.25,True,True,True,False,5.0,3.8,False,False,True,False,True,True,False,False,False,False,True,True,False,False,3,1,True,True,False,True,True,True,True,True,True,True,True,True,True,True,True,True,True,True,True,4,1.0,True,True,True,True,False,False,False,False,False,False,False,True,True,55,1,True,70,8,0.1142857142857142,0.1082135846402326,0.477186331368922,0.11929658284223046,0.0,0.47718633136892186,0.0,0.1590621104563073,0.47718633136892186,0.0,0.0,0.0,0.23859316568446093,0.0,0.47718633136892186,39.0,8.0,0.4992063330901029,1,1,1,0,0,0,1,2.07,4.61512051684126,False,False,False,False,False,False,,,9.200000000000005,30.200000000000003
20481,Dishcovery,https://www.crunchbase.com/organization/dishcovery,Italy,44.5384728,10.9359609,2018,3.0,False,False,False,False,False,False,True,False,False,False,False,False,False,False,1,1,1,False,False,True,False,True,1.0,True,0.668742,True,2019-10-25,2019-10-25,Equity Crowdfunding,2019,49.0,False,False,True,True,3.0,8.0,False,False,True,True,False,False,False,False,False,False,True,True,False,False,0,0,False,False,False,False,False,False,False,False,False,False,False,False,False,False,False,False,False,False,False,1,1.0,True,True,True,True,True,False,False,False,False,False,False,True,True,19,0,False,4,1,0.25,0.2231435513142097,0.17159814133979895,0.171598141339799,0.171598141339799,0.171598141339799,0.0,0.0,0.0,0.171598141339799,0.171598141339799,0.171598141339799,0.0,0.0,0.0,4.0,0.0,0.0908983577180024,0,0,0,0,1,0,1,2.07,5.303304908059076,False,False,False,False,False,False,,,1.200000000000001,2.6000000000000005
20302,BigProfiles,https://www.crunchbase.com/organization/big-profiles,Italy,41.8933203,12.4829321,2018,3.0,True,False,False,False,True,False,False,False,False,True,False,False,False,True,0,1,5,False,False,False,False,False,0.0,False,0.713267,True,2017-09-13,2017-09-13,Series A,2017,35.2,True,,True,,2.0,2.6,False,,False,,True,,False,True,False,,True,,False,,2,0,True,,False,True,,True,,True,,True,,True,,True,,True,False,True,False,4,,True,,True,True,,False,False,False,False,False,False,True,True,55,1,True,70,8,0.1142857142857142,0.1082135846402326,0.477186331368922,0.23859316568446093,0.0,0.47718633136892186,0.0,0.23859316568446093,0.47718633136892186,0.0,0.0,0.0,0.3181242209126146,0.0,0.47718633136892186,31.0,10.0,0.4955204405482897,1,1,1,0,0,1,1,2.07,4.906755163608864,False,False,True,False,True,True,,,9.200000000000005,30.200000000000003
20297,BionIT Labs,https://www.crunchbase.com/organization/bionit-labs,Italy,40.1889656,18.2088685,2018,1.0,True,False,False,False,False,False,False,True,False,False,False,False,False,False,1,3,3,True,True,False,True,False,3.0,True,4.501521,False,2019-02-27,2021-11-10,Venture - Series Unknown,2019,91.0,False,False,True,True,16.5,0.5,False,False,True,True,False,False,False,False,False,False,False,False,False,False,0,0,False,False,False,False,False,False,False,False,False,False,False,False,False,False,False,False,False,False,False,4,3.0,True,True,True,False,False,False,False,False,False,False,False,True,True,0,0,False,4,1,0.25,0.2231435513142097,0.9035771024148949,0.6970891597348149,0.5161286355326445,1.016569252497864,0.5161286355326445,0.5161286355326445,0.5161286355326445,0.5161286355326445,0.7574093344688716,1.016569252497864,0.325112871562773,0.0,0.5238586441741419,0.0,0.0,0.0,0,0,0,0,1,1,1,2.07,5.303304908059076,False,False,True,False,True,True,,,0.0,0.0
20549,AdvisorEat,https://www.crunchbase.com/organization/advisoreat,Italy,45.4641943,9.1896346,2018,2.0,True,True,False,False,False,False,True,False,False,False,True,False,False,False,1,1,1,False,False,True,False,False,0.0,False,0.744998,True,2019-01-01,2019-01-01,Seed,2019,27.0,True,,False,,8.0,9.0,False,,False,,False,,False,False,False,,False,,False,,1,0,True,,True,True,,True,,True,,True,,True,,True,,True,False,True,False,1,,True,,True,True,,False,False,False,False,False,False,True,True,185,1,True,139,27,0.1942446043165467,0.1775138552258514,0.0,0.0,0.0,0.0,0.0,0.0,0.0,0.0,0.0,0.0,0.0,0.0,0.0,3.0,0.0,0.0687619531421999,0,0,0,0,0,0,0,2.07,5.303304908059076,True,False,False,True,True,True,2021-07-15,3.0,4.0,8.0
20304,ISAAC,https://www.crunchbase.com/organization/isaac,Italy,45.4641943,9.1896346,2018,1.0,True,True,False,False,True,False,False,False,False,True,False,False,True,False,1,2,1,True,False,True,True,True,1.0,True,2.608905,False,2019-12-13,2021-04-15,Series A,2019,136.0,False,False,True,True,23.0,45.0,False,False,True,True,False,False,False,False,False,False,False,False,False,False,0,0,False,False,False,False,False,False,False,False,False,False,False,False,False,False,False,False,False,False,False,0,0.0,False,False,False,True,True,False,False,False,False,False,False,True,True,185,1,True,139,28,0.2014388489208633,0.1835198792860633,0.0,0.6395855089406035,0.6395855089406035,0.6395855089406035,0.0,0.0,0.0,0.6395855089406035,0.6395855089406035,0.6395855089406035,0.0,0.0,0.0,6.0,0.0,0.1242772544618494,0,0,0,0,0,0,0,2.07,5.303304908059076,False,False,True,False,True,True,,,4.0,8.0
20338,Shampora,https://www.crunchbase.com/organization/shampora,Italy,41.8933203,12.4829321,2018,1.0,False,False,False,False,False,True,False,False,False,False,False,False,False,False,0,3,6,True,True,False,False,False,2.0,True,4.006264,False,2018-01-11,2020-11-24,Seed,2018,77.14285714285714,True,True,True,False,5.0,6.3,True,False,True,True,True,True,True,False,False,False,True,True,False,False,3,2,True,True,False,True,True,True,True,True,True,True,True,True,True,True,True,True,True,True,True,7,2.0,True,True,True,True,False,False,False,False,False,False,False,True,True,55,1,True,70,8,0.1142857142857142,0.1082135846402326,0.477186331368922,0.27267790363938393,0.0,0.47718633136892186,0.0,0.3817490650951375,0.47718633136892186,0.0,0.0,0.0,0.27267790363938393,0.0,0.47718633136892186,35.0,2.0,0.3877432455284146,1,0,1,0,0,0,1,2.07,4.61512051684126,False,False,False,False,False,False,,,9.200000000000005,30.200000000000003
20331,Endostart,https://www.crunchbase.com/organization/endostart,Italy,43.5477043,11.0409545,2018,1.0,True,False,False,False,True,False,False,True,False,False,False,False,False,False,0,1,3,False,True,False,False,False,1.0,True,1.14566,False,2018-12-20,2018-12-20,Series B,2018,12.666666666666666,True,False,True,True,8.7,0.7,True,True,True,True,False,False,False,False,False,False,False,False,False,False,0,0,False,False,False,True,False,False,False,False,False,False,False,False,False,False,False,False,False,False,False,3,1.0,True,True,True,True,True,False,False,False,False,False,False,True,True,11,0,False,0,0,0.0,0.0,0.25876353556141135,0.19679421306320977,0.07034899853719474,0.2612701050910232,0.07034899853719474,0.16580955181410897,0.2612701050910232,0.2587635355614113,0.2587635355614113,0.2587635355614113,0.22547896573610446,0.18932747836138406,0.2473211988223813,0.0,0.0,0.0,0,0,0,0,1,1,0,2.07,4.61512051684126,False,False,True,False,True,True,,,0.0,0.6000000000000001
20322,Quick Algorithm,https://www.crunchbase.com/organization/quick-algorithm,Italy,45.4641943,9.1896346,2018,1.0,True,True,False,False,True,False,False,False,False,True,False,True,False,False,2,2,2,False,False,False,True,False,2.0,True,1.580345,False,2020-10-07,2021-08-24,Seed,2020,15.0,True,True,False,False,25.5,0.0,False,False,False,False,True,True,False,False,False,False,False,False,False,False,2,2,True,True,True,True,True,True,True,True,True,True,True,True,True,True,True,True,True,True,True,2,2.0,True,True,True,True,True,False,False,False,False,False,False,True,True,185,1,True,139,28,0.2014388489208633,0.1835198792860633,0.0,0.0,0.0,0.0,0.0,0.0,0.0,0.0,0.0,0.0,0.0,0.0,0.0,1.0,0.0,0.0,0,0,0,0,0,0,0,2.07,5.993961427306569,False,False,False,False,False,False,,,4.0,8.0
20319,Restorative Neurotechnologies,https://www.crunchbase.com/organization/restorative-neurotechnologies,Italy,38.1112268,13.3524434,2018,1.0,True,False,False,False,False,False,False,True,False,False,False,False,False,False,2,1,3,False,False,False,False,False,0.0,False,1.17234,False,2020-09-30,2020-09-30,Series A,2020,103.33333333333331,False,,True,,8.3,4.3,False,,True,,True,,True,False,False,,False,,False,,0,0,False,,False,False,,False,,False,,False,,False,,False,,False,False,False,False,3,,True,,True,True,,False,False,False,False,False,False,True,True,0,0,False,3,0,0.0,0.0,0.8871466874605993,0.7398447711559619,0.4270140710942405,0.9053735549130458,0.4270140710942405,0.7398447711559619,0.9053735549130458,0.0,0.0,0.0,0.3756537514012436,0.12591627866066704,0.5238586441741419,1.0,1.0,0.0637308819147395,0,0,0,0,1,0,1,2.07,5.993961427306569,False,False,True,False,True,True,,,1.2000000000000002,1.0
20318,Alia Therapeutics,https://www.crunchbase.com/organization/alia-therapeutics,Italy,46.1029536,11.1297425,2018,3.0,True,False,False,False,True,False,False,True,False,False,False,False,False,False,1,3,4,True,True,False,False,False,2.0,True,6.270088,False,2019-04-08,2023-04-17,Seed,2019,69.5,True,False,True,True,21.0,24.5,True,True,True,True,True,True,False,False,False,False,False,False,False,False,0,0,False,False,False,True,False,True,False,True,False,True,False,True,False,False,False,False,False,False,False,4,1.0,True,True,False,True,True,False,False,False,False,False,False,True,True,6,0,False,7,0,0.0,0.0,0.16636127848473134,0.3296004353527555,0.02493296892965268,0.7267929038663434,0.02493296892965268,0.11921850863303836,0.1663612784847312,0.1663612784847312,0.5399823620724727,0.7267929038663434,0.38385728058955254,0.0,0.7327400271381281,1.0,0.0,0.0,0,0,0,0,1,1,1,2.07,5.303304908059076,False,False,False,False,False,False,,,0.0,1.0
20315,Pharmercure,https://www.crunchbase.com/organization/pharmercure,Italy,45.0677551,7.6824892,2018,6.0,False,False,False,False,True,False,False,True,False,True,False,False,False,False,1,1,1,False,False,True,True,True,1.0,True,0.670844,True,2019-11-30,2019-11-30,Series A,2019,8.0,True,True,False,False,1.0,2.0,False,False,False,False,False,False,False,False,False,False,False,False,True,True,1,1,True,True,True,True,True,True,True,True,True,True,True,True,True,True,True,True,True,True,True,1,1.0,True,True,True,False,False,False,False,False,False,False,False,True,True,38,0,False,32,2,0.0625,0.0606246218164348,0.12591627866066715,0.0,0.0,0.0,0.0,0.0,0.0,0.0,0.0,0.0,0.0,0.0,0.0,0.0,0.0,0.0,0,0,0,0,0,0,0,2.07,5.303304908059076,False,False,True,False,True,True,,,1.0,7.0
20663,Movieday,https://www.crunchbase.com/organization/movieday,Italy,45.4641943,9.1896346,2018,2.0,False,True,False,False,False,False,False,False,False,False,True,False,False,False,0,1,1,False,False,True,False,True,1.0,True,0.603075,True,2018-01-02,2018-01-02,Seed,2018,33.0,True,True,False,False,41.0,0.0,False,False,False,False,False,False,False,False,False,False,False,False,False,False,1,1,True,True,True,True,True,True,True,True,True,True,True,True,True,True,True,True,True,True,True,1,1.0,True,True,True,True,True,False,False,False,False,False,False,True,True,185,1,True,139,28,0.2014388489208633,0.1835198792860633,0.0,0.0,0.0,0.0,0.0,0.0,0.0,0.0,0.0,0.0,0.0,0.0,0.0,0.0,0.0,0.0,0,0,0,0,0,0,0,2.07,4.61512051684126,False,False,False,False,False,False,,,4.0,8.0
20703,HakunaCloud,https://www.crunchbase.com/organization/hakunacloud,Italy,41.8933203,12.4829321,2018,2.0,False,False,False,False,False,False,False,False,False,True,False,False,False,False,1,1,1,False,False,True,True,True,1.0,True,0.184132,True,2019-01-10,2019-01-10,Pre-Seed,2019,97.0,True,True,False,False,6.0,7.0,False,False,False,False,True,True,False,False,False,False,True,True,False,False,1,1,True,True,True,True,True,True,True,True,True,True,True,True,True,True,True,True,True,True,True,1,1.0,True,True,True,False,False,False,False,False,False,False,False,True,True,55,1,True,70,8,0.1142857142857142,0.1082135846402326,0.477186331368922,0.0,0.0,0.0,0.0,0.0,0.0,0.0,0.0,0.0,0.0,0.0,0.0,37.0,6.0,0.4710109976612858,1,0,1,0,0,0,1,2.07,5.303304908059076,False,False,False,False,False,False,,,9.200000000000005,30.200000000000003
20590,Moneymour,https://www.crunchbase.com/organization/moneymour,Italy,45.4641943,9.1896346,2018,2.0,True,True,False,False,False,True,False,False,True,True,False,False,False,False,0,2,2,True,True,False,True,False,1.0,True,0.353224,True,2018-03-07,2019-04-24,Seed,2018,54.666666666666664,True,True,True,False,10.7,4.7,False,False,False,False,True,True,False,False,False,False,False,False,True,False,2,2,True,True,False,True,True,True,True,True,True,True,True,True,True,True,True,True,True,True,True,3,2.0,True,True,True,True,True,False,False,False,False,False,False,True,True,185,1,True,139,27,0.1942446043165467,0.1775138552258514,0.0,0.041972092886889016,0.0,0.12591627866066704,0.12591627866066704,0.12591627866066704,0.12591627866066704,0.0,0.0,0.0,0.08394418577377803,0.0,0.12591627866066704,7.0,6.0,0.3164391113148159,1,0,0,0,0,1,0,2.07,4.61512051684126,True,False,False,True,True,True,2020-02-12,2.0,4.0,8.0
20594,Weart,https://www.crunchbase.com/organization/weart-s-r-l,Italy,45.4641943,9.1896346,2018,2.0,True,True,False,False,False,True,False,False,False,True,False,False,False,False,0,3,2,True,True,False,True,False,1.0,True,1.310395,False,2018-06-10,2021-04-23,Seed,2018,65.33333333333333,True,True,True,False,4.3,0.3,False,False,True,False,True,True,False,False,False,False,False,False,False,False,2,2,True,True,False,True,True,True,True,True,True,True,True,True,True,True,True,True,True,True,True,3,2.0,True,True,True,True,True,False,False,False,False,False,False,True,True,185,1,True,139,28,0.2014388489208633,0.1835198792860633,0.0,0.1590621104563073,0.0,0.47718633136892186,0.47718633136892186,0.47718633136892186,0.47718633136892186,0.0,0.0,0.0,0.3181242209126146,0.0,0.47718633136892186,5.0,0.0,0.1089851172067322,0,0,0,0,0,0,0,2.07,4.61512051684126,False,False,False,False,False,False,,,4.0,8.0
20622,Bi-rex,https://www.crunchbase.com/organization/bi-rex,Italy,45.4641943,9.1896346,2019,2.0,True,True,False,False,True,False,False,False,False,False,False,True,False,False,1,1,1,False,False,True,True,True,1.0,True,0.17567,True,2020-05-20,2020-05-20,Pre-Seed,2020,136.0,False,False,True,True,23.0,45.0,False,False,True,True,False,False,False,False,False,False,False,False,False,False,0,0,False,False,False,False,False,False,False,False,False,False,False,False,False,False,False,False,False,False,False,0,0.0,False,False,False,True,True,False,False,False,False,False,False,True,True,185,1,True,148,29,0.1959459459459459,0.178937458809714,0.0,0.6395855089406035,0.6395855089406035,0.6395855089406035,0.0,0.0,0.0,0.6395855089406035,0.6395855089406035,0.6395855089406035,0.0,0.0,0.0,6.0,7.0,0.3154699002060681,1,0,0,0,0,1,0,1.81,5.993961427306569,False,False,False,False,False,False,,,4.0,8.0
20702,Leonard,https://www.crunchbase.com/organization/leonard-system,Italy,41.8933203,12.4829321,2019,2.0,False,False,False,False,False,False,True,False,False,True,False,False,False,False,0,1,1,False,False,True,True,False,0.0,False,0.166192,True,2019-01-01,2019-01-01,Pre-Seed,2019,154.0,False,,True,,3.0,7.0,False,,False,,False,,False,False,False,,True,,False,,0,0,False,,False,False,,False,,False,,False,,False,,False,,False,False,False,False,0,,False,,False,False,,True,True,False,False,False,False,False,False,55,1,True,72,8,0.1111111111111111,0.1053605156578263,0.477186331368922,10.024915363181005,10.024915363181005,10.024915363181005,10.024915363181005,10.024915363181005,10.024915363181005,0.0,0.0,0.0,0.0,0.0,0.0,1.0,1.0,0.0637308819147395,0,0,0,0,0,0,0,1.81,5.303304908059076,False,False,False,False,False,False,,,9.200000000000005,30.200000000000003
20526,Microchannel Devices,https://www.crunchbase.com/organization/microchannel-devices,Italy,45.1372206,7.7712531,2019,1.0,True,False,True,True,True,False,False,False,False,False,False,False,False,False,0,2,2,True,True,False,False,False,1.0,True,2.22241,False,2019-12-13,2021-03-12,Seed,2019,57.0,True,True,False,False,5.0,4.3,False,False,False,False,False,False,True,False,False,False,False,False,False,False,0,0,False,False,False,True,True,True,True,True,True,True,True,True,True,True,True,False,False,False,False,3,1.0,True,True,True,False,False,False,False,False,False,False,False,True,True,38,0,False,0,0,0.0,0.0,0.11673983236010876,0.01040185286902107,0.01040185286902107,0.01040185286902107,0.01040185286902107,0.01040185286902107,0.01040185286902107,0.01040185286902107,0.01040185286902107,0.01040185286902107,0.0,0.0,0.0,8.0,1.0,0.212939163186004,1,0,0,0,1,1,1,1.81,5.303304908059076,False,False,False,False,False,False,,,1.0,7.0
20755,Squiseat,https://www.crunchbase.com/organization/squiseat,Italy,44.4938203,11.3426327,2019,1.0,False,False,False,False,False,False,True,False,False,True,False,True,False,False,1,1,1,False,False,True,True,False,0.0,False,0.054758,True,2020-04-01,2020-04-01,Pre-Seed,2020,43.0,True,,False,,8.0,5.0,False,,False,,True,,False,False,False,,False,,False,,0,0,False,,False,True,,False,,False,,False,,False,,False,,False,False,False,False,1,,True,,True,False,,False,False,False,False,False,False,True,True,16,1,True,9,1,0.1111111111111111,0.1053605156578263,0.2007881922946392,0.08080667722277089,0.08080667722277089,0.08080667722277089,0.08080667722277089,0.08080667722277089,0.08080667722277089,0.0,0.0,0.0,0.0,0.0,0.0,2.0,0.0,0.0402231640645322,0,0,0,0,1,0,0,1.81,5.993961427306569,False,False,False,False,False,False,,,2.0,2.2
20534,Usophy Kids,https://www.crunchbase.com/organization/usophy,Italy,45.0677551,7.6824892,2019,2.0,False,False,False,False,False,True,False,False,False,True,False,False,False,False,1,3,4,False,True,False,True,False,3.0,True,0.52389,True,2020-02-03,2022-12-30,Pre-Seed,2020,76.5,True,True,True,True,9.0,2.2,False,False,True,True,True,True,False,True,True,False,False,False,False,False,2,1,True,True,False,True,True,True,True,True,True,True,True,True,True,True,True,True,True,True,False,3,2.0,True,True,False,True,True,True,True,False,False,False,False,True,False,38,0,False,34,2,0.0588235294117647,0.0571584138399486,0.12591627866066715,0.1637236201289746,0.0,0.5238586441741419,0.0,0.0,0.0,0.005119557681089428,0.21829816017196618,0.5238586441741419,0.2969998690924005,0.005119557681089428,0.5238586441741419,3.0,0.0,0.0687619531421999,0,0,0,0,0,0,0,1.81,5.993961427306569,False,False,False,False,False,False,,,1.0,7.0
20668,Piantando,https://www.crunchbase.com/organization/piantando,Italy,45.4641943,9.1896346,2019,2.0,True,True,False,False,True,True,False,False,False,False,False,True,False,True,1,2,6,False,False,False,True,False,0.0,False,0.15242,True,2020-05-15,2020-05-15,Seed,2020,3.6666666666666665,True,,True,,7.0,0.3,False,,False,,False,,False,True,False,,False,,False,,2,0,True,,True,True,,True,,True,,True,,True,,True,,True,False,True,False,2,,True,,True,True,,False,False,False,False,False,False,True,True,185,1,True,148,29,0.1959459459459459,0.178937458809714,0.0,0.0,0.0,0.0,0.0,0.0,0.0,0.0,0.0,0.0,0.0,0.0,0.0,5.0,0.0,0.1089851172067322,0,0,0,0,0,0,0,1.81,5.993961427306569,False,False,False,False,False,False,,,4.0,8.0
20897,Epsilen Bio,https://www.crunchbase.com/organization/epsilen-bio,Italy,45.4641943,9.1896346,2019,2.0,True,True,False,False,True,False,False,True,False,False,False,False,False,False,1,1,1,False,False,True,False,True,1.0,True,0.0,True,2020-04-24,2020-04-24,Seed,2020,192.0,False,False,True,True,48.0,72.0,True,True,True,True,False,False,False,False,False,False,False,False,False,False,0,0,False,False,False,False,False,False,False,False,False,False,False,False,False,False,False,False,False,False,False,0,0.0,False,False,False,True,True,False,False,False,False,False,False,True,True,185,1,True,148,28,0.1891891891891892,0.1732717212740367,0.0,0.6395855089406035,0.6395855089406035,0.6395855089406035,0.0,0.0,0.0,0.6395855089406035,0.6395855089406035,0.6395855089406035,0.0,0.0,0.0,1.0,0.0,0.0,0,0,0,0,0,0,0,1.81,5.993961427306569,True,False,False,True,True,True,2021-11-17,2.0,4.0,8.0
20583,Wahu S.r.l.,https://www.crunchbase.com/organization/wahu-s-r-l,Italy,45.4641943,9.1896346,2019,1.0,True,True,False,False,False,True,False,False,False,True,False,False,False,False,0,2,2,False,True,False,True,False,1.0,True,0.965894,True,2019-06-26,2021-04-23,Seed,2019,93.0,True,True,True,False,5.0,0.5,False,False,True,False,True,True,False,False,False,False,False,False,False,False,1,1,True,True,False,True,True,True,True,True,True,True,True,True,True,True,True,True,True,True,True,2,1.0,True,True,True,True,True,False,False,False,False,False,False,True,True,185,1,True,148,29,0.1959459459459459,0.178937458809714,0.0,0.23859316568446093,0.0,0.47718633136892186,0.47718633136892186,0.47718633136892186,0.47718633136892186,0.0,0.0,0.0,0.47718633136892186,0.47718633136892186,0.47718633136892186,5.0,0.0,0.1089851172067322,0,0,0,0,0,0,0,1.81,5.303304908059076,False,False,False,False,False,False,,,4.0,8.0
20577,Confirmo s.r.l.,https://www.crunchbase.com/organization/confirmo-s-r-l,Italy,41.1257843,16.8620293,2019,2.0,True,False,False,False,False,False,False,False,True,True,False,False,False,False,0,2,3,True,True,False,True,False,2.0,True,0.65543,True,2019-07-01,2020-03-01,Seed,2019,108.75,False,False,True,True,6.2,4.0,False,False,True,True,True,True,False,False,False,False,True,True,False,False,0,0,False,False,False,False,False,False,False,False,False,False,False,False,False,False,False,False,False,False,False,4,2.0,True,True,True,False,False,False,False,False,False,False,False,True,True,2,0,False,4,0,0.0,0.0,0.7857067939763953,0.4968053702026171,0.37444566014417136,0.8638845003779545,0.37444566014417136,0.619165080261063,0.8638845003779545,0.37444566014417136,0.37444566014417136,0.37444566014417136,0.2619293220870709,0.0,0.5238586441741419,1.0,0.0,0.0,0,0,0,0,1,1,1,1.81,5.303304908059076,False,False,False,False,False,False,,,0.0,1.0
20745,Viamadeinitaly,https://www.crunchbase.com/organization/viamadeinitaly,Italy,45.391408,11.8058487,2019,3.0,True,False,False,False,False,True,False,False,False,True,False,False,False,True,1,1,1,False,False,True,True,False,0.0,False,0.034159,True,2020-03-08,2020-03-08,Pre-Seed,2020,27.0,False,,True,,1.0,0.0,False,,False,,True,,False,False,False,,False,,False,,0,0,False,,False,False,,False,,False,,False,,False,,False,,False,False,False,False,1,,True,,True,True,,False,False,False,False,False,False,True,True,12,0,False,6,1,0.1666666666666666,0.1541506798272582,0.20431393613843182,0.20431393613843168,0.20431393613843168,0.20431393613843168,0.20431393613843168,0.20431393613843168,0.20431393613843168,0.0,0.0,0.0,0.0,0.0,0.0,0.0,0.0,0.0,0,0,0,0,1,1,1,1.81,5.993961427306569,False,False,False,False,False,False,,,0.0,0.0
20817,EXE Engineering,https://www.crunchbase.com/organization/exe-engineering-d865,Italy,43.4677215,11.148762,2019,1.0,True,False,True,True,True,False,False,False,False,True,False,True,False,False,0,2,2,False,True,False,True,False,1.0,True,0.0,True,2019-06-01,2020-05-01,Pre-Seed,2019,25.5,True,True,False,False,7.0,1.0,False,False,False,False,True,True,False,False,False,False,True,True,False,False,0,0,False,False,False,True,True,True,True,True,True,False,False,False,False,False,False,False,False,False,False,2,1.0,True,True,True,False,False,False,False,False,False,False,False,True,True,12,0,False,0,0,0.0,0.0,0.27100335623707306,0.0422113754423341,0.0422113754423341,0.0422113754423341,0.0422113754423341,0.0422113754423341,0.0422113754423341,0.0422113754423341,0.0422113754423341,0.0422113754423341,0.0,0.0,0.0,0.0,0.0,0.0,0,0,0,0,1,1,0,1.81,5.303304908059076,False,False,False,False,False,False,,,0.0,0.6000000000000001
20477,PunchLab,https://www.crunchbase.com/organization/punchlab,Italy,41.8933203,12.4829321,2019,2.0,False,False,False,False,False,True,False,False,False,False,False,False,False,False,0,3,4,True,True,False,True,False,2.0,True,1.322892,False,2019-06-23,2021-07-04,Seed,2019,59.0,True,True,True,True,7.3,6.1,True,False,True,True,True,True,False,False,False,False,True,True,False,False,3,1,True,True,False,True,True,True,True,True,True,True,True,True,True,True,True,True,True,True,True,6,2.0,True,True,False,True,True,True,True,False,False,False,False,True,False,55,1,True,72,8,0.1111111111111111,0.1053605156578263,0.477186331368922,1.4196483671658353,0.0,8.459307263248862,0.0,1.8920704477583852,8.459307263248862,0.0,0.23859316568446093,0.47718633136892186,2.570562276479393,0.0,8.459307263248862,39.0,11.0,0.5256570389468317,1,1,1,0,1,1,1,1.81,5.303304908059076,False,False,False,False,False,False,,,9.200000000000005,30.200000000000003
20197,Akiflow,https://www.crunchbase.com/organization/akiflow,Italy,45.391408,11.8058487,2019,2.0,True,False,False,False,False,False,False,False,False,True,True,False,False,False,1,2,3,False,True,False,False,False,1.0,True,1.905,False,2020-08-25,2022-02-03,Seed,2020,15.0,False,False,True,True,18.0,214.0,False,False,True,True,True,True,False,True,False,False,False,False,False,False,0,0,False,False,False,False,False,False,False,False,False,False,False,False,False,False,False,False,False,False,False,0,0.0,False,False,False,False,False,True,True,True,False,False,False,False,False,12,0,False,6,1,0.1666666666666666,0.1541506798272582,0.20431393613843182,6.428035865741018,2.4654691862910165,9.717678085083016,2.4654691862910165,4.783214756070018,7.10096032584902,9.717678085083016,9.717678085083016,9.717678085083016,10.268421339694184,4.837191778788171,14.049228872191954,0.0,0.0,0.0,0,0,0,0,1,1,1,1.81,5.993961427306569,False,False,False,False,False,False,,,0.0,0.0
20458,Existo S.r.l.,https://www.crunchbase.com/organization/existo-s-r-l,Italy,45.4641943,9.1896346,2019,2.0,True,True,False,False,True,False,False,True,False,True,False,False,False,False,0,2,2,False,True,False,False,False,1.0,True,1.139374,False,2019-12-28,2021-04-23,Seed,2019,93.0,True,True,True,False,5.0,0.5,False,False,True,False,True,True,False,False,False,False,False,False,False,False,1,1,True,True,False,True,True,True,True,True,True,True,True,True,True,True,True,True,True,True,True,2,1.0,True,True,True,True,True,False,False,False,False,False,False,True,True,185,1,True,148,29,0.1959459459459459,0.178937458809714,0.0,0.23859316568446093,0.0,0.47718633136892186,0.47718633136892186,0.47718633136892186,0.47718633136892186,0.0,0.0,0.0,0.47718633136892186,0.47718633136892186,0.47718633136892186,5.0,0.0,0.1089851172067322,0,0,0,0,0,0,0,1.81,5.303304908059076,False,False,False,False,False,False,,,4.0,8.0
20447,www.bike-room.com,https://www.crunchbase.com/organization/www-bike-room-com,Italy,45.7795804,10.425873,2019,1.0,False,False,False,False,False,True,False,False,False,True,True,False,False,False,1,2,3,False,False,False,False,False,0.0,False,0.935661,True,2020-12-15,2022-02-08,Seed,2020,88.0,False,,True,,18.3,2.3,False,,True,,True,,False,False,False,,False,,False,,0,0,False,,False,False,,False,,False,,False,,False,,False,,False,False,False,False,3,,True,,True,True,,False,False,False,False,False,False,True,True,7,0,False,3,0,0.0,0.0,0.1023356932338544,0.22239528874145956,0.10233569323385432,0.46251447975667004,0.10233569323385432,0.22239528874145956,0.46251447975667004,0.0,0.0,0.0,0.3181242209126146,0.0,0.47718633136892186,1.0,1.0,0.0637308819147395,0,0,0,0,1,1,1,1.81,5.993961427306569,False,False,False,False,False,False,,,0.4000000000000003,0.4000000000000003
20420,Genoa Instruments,https://www.crunchbase.com/organization/genoa-instruments,Italy,44.40726,8.9338624,2019,5.0,True,False,False,False,True,False,False,True,False,False,False,False,False,False,0,2,2,False,False,False,True,False,2.0,True,0.196871,True,2019-02-01,2021-01-01,Venture - Series Unknown,2019,17.0,False,False,True,True,16.5,0.0,False,False,False,False,True,True,False,False,False,False,False,False,False,False,0,0,False,False,False,False,False,False,False,False,False,False,False,False,False,False,False,False,False,False,False,2,2.0,True,True,True,True,True,False,False,False,False,False,False,True,True,5,0,False,3,0,0.0,0.0,0.11923754406512624,0.15533691987892734,0.11923754406512592,0.19143629569272874,0.0,0.0,0.0,0.11923754406512592,0.15533691987892734,0.19143629569272874,0.2007881922946392,0.2007881922946392,0.2007881922946392,0.0,0.0,0.0,0,0,0,0,1,1,1,1.81,5.303304908059076,False,False,True,False,True,True,,,0.0,0.0
20386,FLEEPtech,https://www.crunchbase.com/organization/fleeptech,Italy,45.4641943,9.1896346,2019,3.0,True,True,False,False,True,True,False,False,False,True,False,False,False,False,1,1,4,False,True,False,False,False,2.0,True,1.537803,False,2020-05-08,2020-05-08,Seed,2020,40.75,True,True,True,True,7.2,5.2,False,False,False,False,False,False,True,False,False,True,False,False,False,False,3,1,True,True,False,True,True,True,True,True,True,True,True,True,True,True,True,True,True,True,True,4,2.0,True,True,True,True,True,False,False,False,False,False,False,True,True,185,1,True,148,29,0.1959459459459459,0.178937458809714,0.0,0.03147906966516676,0.0,0.12591627866066704,0.0,0.0,0.0,0.0,0.06295813933033352,0.12591627866066704,0.06295813933033352,0.0,0.12591627866066704,11.0,4.0,0.3257255955787148,1,0,0,0,0,1,1,1.81,5.993961427306569,False,False,False,False,False,False,,,4.0,8.0
20376,ViteSicure,https://www.crunchbase.com/organization/vitesicure,Italy,45.4641943,9.1896346,2019,2.0,True,True,False,False,True,False,False,False,True,True,False,False,False,False,0,3,5,True,True,False,True,False,1.0,True,1.770802,False,2019-09-15,2022-02-28,Seed,2019,30.833333333333332,True,False,True,True,12.0,3.0,False,False,False,False,True,False,False,True,False,False,False,False,True,False,2,0,True,False,False,True,False,True,False,True,False,True,False,True,False,True,False,True,False,True,False,3,0.0,True,False,False,True,True,True,True,True,False,False,False,True,False,185,1,True,148,29,0.1959459459459459,0.178937458809714,0.0,1.6260011181697434,0.0,7.7122447524528885,0.0,1.7594167740132016,7.7122447524528885,0.958922838952452,0.958922838952452,0.958922838952452,2.836490450558827,0.0,7.7122447524528885,8.0,0.0,0.1492082812712644,0,0,0,0,0,0,1,1.81,5.303304908059076,False,False,False,False,False,False,,,4.0,8.0
20356,Wiseair,https://www.crunchbase.com/organization/wiseair,Italy,45.4641943,9.1896346,2019,4.0,True,True,False,False,False,False,False,False,False,True,False,True,True,False,1,3,3,False,True,False,True,False,2.0,True,1.344371,False,2020-06-26,2021-12-14,Seed,2020,2.5,False,False,True,True,12.3,181.7,False,False,True,True,True,True,False,False,False,False,False,False,False,False,0,0,False,False,False,False,False,False,False,False,False,False,False,False,False,False,False,False,False,False,False,1,0.0,True,False,False,False,False,True,True,True,False,True,False,True,False,185,1,True,148,29,0.1959459459459459,0.178937458809714,0.0,3.072333201527219,0.24959767179370404,8.490215601419033,0.47718633136892186,0.47718633136892186,0.47718633136892186,0.24959767179370404,4.369906636606369,8.490215601419033,5.97256836949578,0.6966964943188362,8.958795872897534,2.0,0.0,0.0402231640645322,0,0,0,0,0,0,0,1.81,5.993961427306569,False,False,False,False,False,False,,,4.0,8.0
20265,Lampoo,https://www.crunchbase.com/organization/lampoo,Italy,45.4641943,9.1896346,2019,1.0,False,True,False,False,True,True,False,False,False,False,False,False,False,False,0,2,3,False,False,False,True,False,0.0,False,7.379469,False,2019-02-01,2021-07-09,Series A,2019,12.0,True,,False,,4.7,1.0,False,,False,,False,,False,False,False,,False,,False,,3,0,True,,True,True,,True,,True,,True,,True,,True,,True,False,True,False,3,,True,,True,True,,False,False,False,False,False,False,True,True,185,1,True,148,29,0.1959459459459459,0.178937458809714,0.0,0.0,0.0,0.0,0.0,0.0,0.0,0.0,0.0,0.0,0.0,0.0,0.0,5.0,3.0,0.2364468810362113,1,0,0,0,0,0,0,1.81,5.303304908059076,False,False,True,False,True,True,,,4.0,8.0
20262,Musify,https://www.crunchbase.com/organization/musify-1c73,Italy,40.8358846,14.2487679,2019,1.0,False,False,False,False,False,False,False,False,False,True,True,False,False,False,1,1,1,False,False,True,False,False,0.0,False,0.461953,True,2020-11-15,2020-11-15,Seed,2020,176.0,False,,True,,5.0,1.0,False,,True,,False,,False,False,False,,False,,False,,0,0,False,,False,False,,False,,False,,False,,False,,False,,False,False,False,False,1,,True,,True,False,,False,False,False,False,False,False,True,True,6,0,False,13,0,0.0,0.0,0.6579640257134732,0.18851880386121386,0.18851880386121386,0.18851880386121386,0.18851880386121386,0.18851880386121386,0.18851880386121386,0.0,0.0,0.0,0.0,0.0,0.0,1.0,0.0,0.0,0,0,0,0,1,0,0,1.81,5.993961427306569,False,False,False,False,False,False,,,0.8000000000000007,3.0
20255,FlowPay,https://www.crunchbase.com/organization/flowpay-83dc,Italy,43.8216342,11.1366776,2019,4.0,True,False,False,False,False,False,False,False,True,True,False,False,False,False,0,2,4,False,True,False,False,False,1.0,True,0.451353,True,2019-10-21,2023-01-17,Seed,2019,34.25,True,True,True,False,57.0,11.0,False,False,True,False,True,False,True,False,False,False,True,True,True,False,0,0,False,False,False,True,True,True,True,True,True,True,True,True,True,True,True,False,False,False,False,3,1.0,True,True,False,True,False,False,False,False,False,False,False,True,True,10,0,False,1,0,0.0,0.0,0.23891416106085317,0.2845365171527937,0.011153186095624469,0.874943150646038,0.011153186095624469,0.3750034992675052,0.874943150646038,0.013135570808659165,0.013135570808659165,0.013135570808659165,0.48133779603107046,0.022540598095592303,0.8858780507365143,0.0,0.0,0.0,0,0,0,0,0,0,0,1.81,5.303304908059076,True,False,False,True,True,True,2025-02-26,6.0,1.0,9.6
20252,Soplaya,https://www.crunchbase.com/organization/soplaya,Italy,46.0634632,13.2358377,2019,4.0,False,False,False,False,False,False,True,False,False,False,False,False,False,False,1,1,2,False,True,False,True,False,1.0,True,4.5,False,2020-07-09,2020-07-09,Venture - Series Unknown,2020,50.5,False,False,True,True,5.5,9.5,False,False,True,True,False,False,False,False,False,False,False,False,False,False,0,0,False,False,False,False,False,False,False,False,False,False,False,False,False,False,False,False,False,False,False,2,1.0,True,True,True,True,True,False,False,False,False,False,False,True,True,3,0,False,2,1,0.5,0.4054651081081644,0.2625921792676362,0.3208271175279023,0.3208271175279023,0.3208271175279023,0.3208271175279023,0.3208271175279023,0.3208271175279023,0.3208271175279023,0.3208271175279023,0.3208271175279023,0.0,0.0,0.0,0.0,0.0,0.0,0,0,0,0,1,1,1,1.81,5.993961427306569,False,False,True,False,True,True,,,0.0,0.0
20240,Finapp,https://www.crunchbase.com/organization/finapp,Italy,45.391408,11.8058487,2019,1.0,True,False,True,True,False,False,True,False,False,False,False,True,False,False,1,1,1,False,False,True,True,True,1.0,True,0.2,True,2020-01-01,2020-01-01,Pre-Seed,2020,9.0,False,False,True,True,1.0,0.0,False,False,False,False,False,False,False,False,False,False,False,False,False,False,0,0,False,False,False,False,False,False,False,False,False,False,False,False,False,False,False,False,False,False,False,0,0.0,False,False,False,False,False,False,False,False,False,False,False,True,True,12,0,False,6,1,0.1666666666666666,0.1541506798272582,0.20431393613843182,0.6325362174850891,0.6325362174850891,0.6325362174850891,0.0,0.0,0.0,0.6325362174850891,0.6325362174850891,0.6325362174850891,0.0,0.0,0.0,0.0,0.0,0.0,0,0,0,0,1,1,1,1.81,5.993961427306569,False,False,False,False,False,False,,,0.0,0.0
20202,ALBA Robot,https://www.crunchbase.com/organization/alba-robot,Italy,45.0677551,7.6824892,2019,2.0,True,False,False,False,True,False,False,True,False,True,False,False,False,False,1,5,6,True,True,False,True,False,1.0,True,4.497572,False,2020-06-15,2023-06-24,Undisclosed,2020,60.0,False,False,True,True,10.2,207.5,True,True,True,False,True,False,False,False,False,False,False,False,True,False,0,0,False,False,False,False,False,False,False,False,False,False,False,False,False,False,False,False,False,False,False,3,1.0,True,True,False,True,True,True,True,True,False,False,False,True,False,38,0,False,34,2,0.0588235294117647,0.0571584138399486,0.12591627866066715,5.013776822804217,0.12591627866066704,8.616315939905965,0.5238586441741419,5.828420246828141,8.616315939905965,0.12591627866066704,0.12591627866066704,0.12591627866066704,5.32665965564445,0.0,9.116594307763412,2.0,0.0,0.0402231640645322,0,0,0,0,0,0,0,1.81,5.993961427306569,False,False,False,False,False,False,,,1.0,7.0
20765,Hoplix,https://www.crunchbase.com/organization/hoplix,Italy,40.822643,14.1219109,2020,1.0,True,False,False,False,True,False,False,False,False,True,True,False,False,False,0,1,1,False,False,True,False,False,0.0,False,0.117799,True,2020-01-01,2020-01-01,Seed,2020,45.0,False,,True,,4.0,2.0,False,,False,,False,,False,False,False,,False,,False,,0,0,False,,False,False,,False,,False,,False,,False,,False,,False,False,False,False,1,,True,,True,True,,False,False,False,False,False,False,True,True,4,0,False,0,0,0.0,0.0,0.6527995837791267,0.6527995837791267,0.6527995837791267,0.6527995837791267,0.6527995837791267,0.6527995837791267,0.6527995837791267,0.0,0.0,0.0,0.0,0.0,0.0,3.0,2.0,0.1697730111149502,1,0,0,0,1,1,1,-5.65,5.993961427306569,False,False,False,False,False,False,,,0.8000000000000007,3.0
20157,1000Farmacie,https://www.crunchbase.com/organization/1000farmacie,Italy,45.4641943,9.1896346,2020,3.0,True,True,False,False,False,False,False,True,False,False,False,False,False,False,0,2,2,False,True,False,False,False,1.0,True,1.98881,False,2020-01-02,2021-12-09,Series A,2020,28.5,False,False,True,True,8.5,2.0,False,False,False,False,False,False,False,False,False,False,False,False,True,True,0,0,False,False,False,False,False,False,False,False,False,False,False,False,False,False,False,False,False,False,False,2,1.0,True,True,True,False,False,False,False,False,False,False,False,True,True,185,1,True,157,30,0.1910828025477707,0.1748628115062785,0.0,0.4378674683909243,0.12591627866066704,0.7498186581211814,0.12591627866066704,0.12591627866066704,0.12591627866066704,0.7498186581211814,0.7498186581211814,0.7498186581211814,0.8088037075416722,0.8088037075416722,0.8088037075416722,1.0,0.0,0.0,0,0,0,0,0,0,0,-5.65,5.993961427306569,False,False,True,False,True,True,,,4.0,8.0
20445,Cargoful,https://www.crunchbase.com/organization/cargoful,Italy,45.4641943,9.1896346,2020,4.0,True,True,False,False,True,False,False,False,False,True,False,False,False,False,0,1,1,False,False,True,True,False,0.0,False,0.294144,True,2020-10-07,2020-10-07,Pre-Seed,2020,27.0,True,,False,,1.0,0.0,False,,False,,True,,False,False,False,,False,,False,,1,0,True,,True,True,,True,,True,,True,,True,,True,,True,False,True,False,1,,True,,True,True,,False,False,False,False,False,False,True,True,185,1,True,157,30,0.1910828025477707,0.1748628115062785,0.0,0.0,0.0,0.0,0.0,0.0,0.0,0.0,0.0,0.0,0.0,0.0,0.0,1.0,0.0,0.0,0,0,0,0,0,0,0,-5.65,5.993961427306569,False,False,False,False,False,False,,,4.0,8.0
20443,EdilGo,https://www.crunchbase.com/organization/edilgo,Italy,45.4641943,9.1896346,2020,4.0,True,True,False,False,True,True,False,False,False,True,False,False,False,False,0,2,3,True,True,False,True,False,2.0,True,0.475111,True,2020-01-01,2020-09-30,Seed,2020,109.75,True,False,True,True,8.0,6.5,False,False,True,True,True,True,True,False,False,False,True,True,False,False,1,0,True,False,False,True,False,True,False,True,False,True,False,True,False,True,False,True,False,True,False,4,2.0,True,True,True,True,False,False,False,False,False,False,False,True,True,185,1,True,157,30,0.1910828025477707,0.1748628115062785,0.0,0.35788974852669136,0.0,0.47718633136892186,0.0,0.23859316568446093,0.47718633136892186,0.47718633136892186,0.47718633136892186,0.47718633136892186,0.23859316568446093,0.0,0.47718633136892186,16.0,8.0,0.41432209116384,1,0,0,0,1,1,1,-5.65,5.993961427306569,False,False,False,False,False,False,,,4.0,8.0
20305,Medicilio - Cantieri Digitali Medtech,https://www.crunchbase.com/organization/cantieri-digitali-medtech,Italy,45.4641943,9.1896346,2020,1.0,False,True,False,False,True,False,False,True,False,False,False,False,False,False,0,3,3,True,False,False,True,False,0.0,False,2.458831,False,2020-10-01,2023-04-14,Seed,2020,17.25,True,,True,,5.0,1.2,True,,False,,False,,False,False,False,,False,,False,,3,0,True,,False,True,,True,,True,,True,,True,,True,,True,False,True,False,3,,True,,False,True,,False,False,False,False,True,False,True,True,185,1,True,157,30,0.1910828025477707,0.1748628115062785,0.0,0.21030996460810708,0.0,0.8412398584324283,0.0,0.21030996460810708,0.8412398584324283,0.0,0.0,0.0,0.42061992921621416,0.0,0.8412398584324283,0.0,0.0,0.0,0,0,0,0,0,0,0,-5.65,5.993961427306569,False,False,False,False,False,False,,,4.0,8.0
20301,Jobtech,https://www.crunchbase.com/organization/jobtech-79b3,Italy,45.4641943,9.1896346,2020,2.0,True,True,False,False,True,False,False,False,False,True,False,False,False,False,0,1,1,False,False,True,False,False,0.0,False,1.8,False,2020-06-01,2020-06-01,Series A,2020,180.0,False,,True,,10.0,46.0,False,,False,,False,,False,False,False,,False,,False,,0,0,False,,False,False,,False,,False,,False,,False,,False,,False,False,False,False,0,,False,,False,False,,False,False,False,False,True,True,True,True,185,1,True,157,30,0.1910828025477707,0.1748628115062785,0.0,0.5180477171554796,0.5180477171554796,0.5180477171554796,0.5180477171554796,0.5180477171554796,0.5180477171554796,0.0,0.0,0.0,0.0,0.0,0.0,2.0,0.0,0.0402231640645322,0,0,0,0,0,0,0,-5.65,5.993961427306569,False,False,True,False,True,True,,,4.0,8.0
20199,Trustfull,https://www.crunchbase.com/organization/fido,Italy,45.4641943,9.1896346,2020,1.0,True,True,False,False,True,False,False,False,True,True,True,False,False,False,0,3,4,False,True,False,True,False,2.0,True,6.948646,False,2020-07-29,2022-07-15,Seed,2020,38.75,True,True,True,True,16.0,7.8,False,False,False,False,False,False,True,False,False,False,False,False,False,False,3,1,True,True,False,True,True,True,True,True,True,True,True,True,True,True,True,True,True,True,True,4,2.0,True,True,True,True,True,False,False,False,False,False,False,True,True,185,1,True,157,30,0.1910828025477707,0.1748628115062785,0.0,0.0501970480736598,0.0,0.2007881922946392,0.0,0.0,0.0,0.0,0.1003940961473196,0.2007881922946392,0.1003940961473196,0.0,0.2007881922946392,15.0,6.0,0.3852010644570158,1,0,0,0,1,1,1,-5.65,5.993961427306569,False,False,False,False,False,False,,,4.0,8.0
20673,FX12,https://www.crunchbase.com/organization/fx12,Italy,40.8358846,14.2487679,2020,1.0,True,False,False,False,True,False,False,False,False,False,False,False,False,False,0,1,1,False,False,True,False,False,0.0,False,0.217275,True,2020-12-01,2020-12-01,Seed,2020,45.0,False,,True,,4.0,2.0,False,,False,,False,,False,False,False,,False,,False,,0,0,False,,False,False,,False,,False,,False,,False,,False,,False,False,False,False,1,,True,,True,True,,False,False,False,False,False,False,True,True,6,0,False,15,0,0.0,0.0,0.6579640257134732,0.6579640257134731,0.6579640257134731,0.6579640257134731,0.6579640257134731,0.6579640257134731,0.6579640257134731,0.0,0.0,0.0,0.0,0.0,0.0,3.0,2.0,0.1697730111149502,1,0,0,0,1,1,1,-5.65,5.993961427306569,False,False,False,False,False,False,,,0.8000000000000007,3.0
20649,Inspector,https://www.crunchbase.com/organization/inspector,Italy,40.8358846,14.2487679,2020,1.0,True,False,False,False,False,False,False,False,False,True,False,False,False,False,0,1,1,False,False,True,True,False,0.0,False,0.058847,True,2020-07-27,2020-07-27,Pre-Seed,2020,43.0,False,,True,,8.0,5.0,False,,False,,True,,False,False,False,,False,,False,,0,0,False,,False,False,,False,,False,,False,,False,,False,,False,False,False,False,1,,True,,True,False,,False,False,False,False,False,False,True,True,6,0,False,15,0,0.0,0.0,0.6579640257134732,0.4086184337916872,0.4086184337916872,0.4086184337916872,0.4086184337916872,0.4086184337916872,0.4086184337916872,0.0,0.0,0.0,0.0,0.0,0.0,0.0,0.0,0.0,0,0,0,0,1,0,0,-5.65,5.993961427306569,False,False,False,False,False,False,,,0.8000000000000007,3.0
20652,SLYMETRIX,https://www.crunchbase.com/organization/slymetrix,Italy,41.8933203,12.4829321,2020,1.0,True,False,False,False,False,True,False,False,False,True,True,False,False,False,0,2,3,False,False,False,True,False,1.0,True,0.226619,True,2020-07-07,2020-07-07,Pre-Seed,2020,40.666666666666664,True,False,True,True,6.0,2.7,False,False,False,False,True,False,False,False,False,False,True,False,False,False,2,0,True,False,True,True,False,True,False,True,False,True,False,True,False,True,False,True,False,True,False,2,0.0,True,False,True,False,False,False,False,False,False,False,False,True,True,55,1,True,73,8,0.1095890410958904,0.1039897135240476,0.477186331368922,0.0,0.0,0.0,0.0,0.0,0.0,0.0,0.0,0.0,0.0,0.0,0.0,42.0,6.0,0.4832738146882128,1,1,1,0,0,0,1,-5.65,5.993961427306569,False,False,False,False,False,False,,,9.200000000000005,30.200000000000003
20503,Ipervox,https://www.crunchbase.com/organization/ipervox-com,Italy,45.391408,11.8058487,2020,2.0,True,False,False,False,True,False,False,False,False,True,False,False,False,False,0,2,2,True,True,False,True,False,1.0,True,0.46,True,2020-01-23,2020-10-01,Pre-Seed,2020,123.33333333333331,False,False,True,True,6.3,5.0,False,False,True,False,True,True,False,False,False,False,True,True,False,False,0,0,False,False,False,False,False,False,False,False,False,False,False,False,False,False,False,False,False,False,False,3,1.0,True,True,True,False,False,False,False,False,False,False,False,True,True,12,0,False,7,1,0.1428571428571428,0.1335313926245225,0.20431393613843182,0.39276242143604256,0.39276242143604256,0.39276242143604256,0.39276242143604256,0.39276242143604256,0.39276242143604256,0.39276242143604256,0.39276242143604256,0.39276242143604256,0.0,0.0,0.0,0.0,0.0,0.0,0,0,0,0,1,1,1,-5.65,5.993961427306569,False,False,False,False,False,False,,,0.0,0.0
