company_id,organization_name,organization_name_url,headquarters_country,latitude,longitude,founded_year,number_of_founders,b2b_binary,hub_binary,energy,materials,industrials,consumer_discretionary,consumer_staples,health_care,financials,information_technology,communication_services,utilities,real_estate,other,age,number_seed_rounds,number_seed_investors,number_lead_seed_investors,total_seed_funding_m,earliest_seed_round_date,latest_seed_round_date,last_equity_funding_type,year_first_round,average_seed_investors_portfolio_organizations,regional_seed_investor_binary,regional_lead_seed_investor_binary,overregional_seed_investor_binary,overregional_lead_seed_investor_binary,avg_age_of_seed_investors,avg_exits_of_seed_investors,specific_vc_in_seed_binary,specific_lead_vc_in_seed_binary,target_vc_in_seed_binary,target_lead_vc_in_seed_binary,accelerator_funding_binary,accelerator_lead_funding_binary,angel_group_funding_binary,angel_group_lead_funding_binary,micro_vc_funding_binary,micro_vc_lead_funding_binary,corporate_vc_funding_binary,corporate_vc_lead_funding_binary,number_seed_investors_same_city,number_seed_lead_investors_same_city,seed_investor_same_city,seed_lead_investor_same_city,seed_investors_all_same_city,seed_investor_same_city_100,seed_lead_investor_same_city_100,seed_investor_same_city_70,seed_lead_investor_same_city_70,seed_investor_same_city_50,seed_lead_investor_same_city_50,seed_investor_same_city_40,seed_lead_investor_same_city_40,seed_investor_same_city_30,seed_lead_investor_same_city_30,seed_investor_same_city_20,seed_lead_investor_same_city_20,number_homecountry_investors,number_homecountry_lead_investors,homecountry_investor_in_seed_binary,homecountry_lead_investor,all_homecountry_investors_in_seed_binary,hub_vc_in_seed_binary,hub_lead_vc_in_seed_binary,global_investor,all_global_investor,us_investor,all_us_investor,dach_investor,all_dach_investor,european_investor,all_european_investor,vcs_within_50km,top_university_count,top_university_ecosystem_binary,founded_startups_in_environment,successful_startups_in_environment,share_successful_startups_in_environment,log_share_successful_startups_in_environment,distance_to_hub,avg_seed_investor_distance,minimum_seed_vc_distance,max_seed_investor_distance,minimum_seed_vc_distance_non_lead,avg_seed_vc_distance_non_lead,maximum_seed_vc_distance_non_lead,minimum_lead_seed_vc_distance,avg_lead_seed_vc_distance,maximum_lead_seed_vc_distance,avg_seed_investor_pairwise_distance,min_seed_investor_pairwise_distance,max_seed_investor_pairwise_distance,gdp_growth_founding_year,investment_volume_first_seed_year,exit_binary,funding_success,post_seed_funding,exit_funding_success,exit_round_success,success,exit_date,years_to_exit,number_seed_investors_same_city_20,number_seed_lead_investors_same_city_20,number_seed_investors_same_city_30,number_seed_lead_investors_same_city_30,number_seed_investors_same_city_40,number_seed_lead_investors_same_city_40,number_seed_investors_same_city_50,number_seed_lead_investors_same_city_50,number_seed_investors_same_city_70,number_seed_lead_investors_same_city_70,number_seed_investors_same_city_100,number_seed_lead_investors_same_city_100
16682,Sonik Sports,https://www.crunchbase.com/organization/sonik-sports,United Kingdom,53.3777294,-1.06213,2007,1.0,False,False,False,True,False,True,True,False,False,False,False,False,False,False,3,1,1,0.0,0.694767,2010-08-25,2010-08-25,Seed,2010,285.0,False,,True,,6.0,27.0,False,,True,,False,,False,,False,,False,,0,0,False,,False,False,,False,,False,,False,,False,,False,,1,,True,,True,False,,False,False,False,False,False,False,True,True,9,0,False,0,0,0.0,0.0,0.07918744009431425,0.1804131327540637,0.1804131327540637,0.1804131327540637,0.1804131327540637,0.1804131327540637,0.1804131327540637,0.0,0.0,0.0,0.0,0.0,0.0,3.16,6.55250788703459,False,False,False,False,False,False,,,0,0,0,0,0,0,0,0,0,0,0,0
916,GasSecure,https://www.crunchbase.com/organization/gassecure,Norway,59.9723975,10.7757292,2008,2.0,True,True,True,True,True,False,False,False,False,True,False,True,False,False,1,1,2,0.0,0.0,2009-12-04,2009-12-04,Venture - Series Unknown,2009,28.0,False,,True,,4.0,6.5,False,,False,,False,,False,,False,,False,,0,0,False,,False,False,,False,,False,,False,,False,,False,,2,,True,,True,False,,False,False,False,False,False,False,True,True,55,1,True,1,1,1.0,0.6931471805599453,0.0068796624669323235,0.39242857586787727,0.39242857586787727,0.39242857586787727,0.39242857586787727,0.39242857586787727,0.39242857586787727,0.0,0.0,0.0,0.0,0.0,0.0,0.64,4.859812404361672,True,False,True,True,True,True,2015-03-10,7.0,0,0,0,0,0,0,0,0,0,0,0,0
20693,Windar Photonics,https://www.crunchbase.com/organization/windar-photonics,Denmark,55.6522136,12.292049,2008,1.0,True,True,True,True,False,False,False,False,False,False,False,True,False,False,3,1,1,0.0,0.0,2011-09-20,2011-09-20,Post-IPO Equity,2011,150.0,True,,False,,7.0,35.0,False,,False,,False,,False,,False,,False,,0,0,False,,False,True,,True,,True,,True,,True,,True,,1,,True,,True,True,,False,False,False,False,False,False,True,True,65,2,True,0,0,0.0,0.0,0.017852195831434464,0.017852195831434443,0.017852195831434443,0.017852195831434443,0.017852195831434443,0.017852195831434443,0.017852195831434443,0.0,0.0,0.0,0.0,0.0,0.0,0.64,4.877484781308751,True,False,False,True,True,True,2015-03-30,7.0,1,0,1,0,1,0,1,0,1,0,1,0
10375,GA Drilling,https://www.crunchbase.com/organization/ga-drilling,Slovakia (Slovak Republic),48.3767652,17.5858175,2008,4.0,True,False,True,True,False,False,False,False,False,True,False,True,False,False,8,1,1,0.0,0.0,2016-10-21,2016-10-21,Venture - Series Unknown,2016,35.0,True,,False,,3.0,4.0,False,,False,,False,,False,,True,,False,,0,0,False,,False,True,,True,,True,,False,,False,,False,,1,,True,,True,False,,False,False,False,False,False,False,True,True,12,0,False,0,0,0.0,0.0,0.09169368184310664,0.043632704586419255,0.043632704586419255,0.043632704586419255,0.043632704586419255,0.043632704586419255,0.043632704586419255,0.0,0.0,0.0,0.0,0.0,0.0,0.64,,False,True,True,True,True,True,,,0,0,0,0,0,0,1,0,1,0,1,0
16263,Cyberhawk,https://www.crunchbase.com/organization/cyberhawk-innovations,United Kingdom,55.8829582,-3.5175773,2008,1.0,True,False,True,True,True,False,False,False,False,True,False,False,False,False,4,2,1,1.0,1.927671,2012-01-01,2013-06-24,Seed,2012,102.0,True,True,False,False,12.5,60.0,False,False,False,False,False,False,False,False,False,False,False,False,0,0,False,False,False,True,True,True,True,True,True,False,False,False,False,False,False,2,1.0,True,True,True,False,False,False,False,False,False,False,False,True,True,19,0,False,0,0,0.0,0.0,0.279479209366458,0.0457668390241771,0.0457668390241771,0.0457668390241771,0.0457668390241771,0.0457668390241771,0.0457668390241771,0.0457668390241771,0.0457668390241771,0.0457668390241771,0.0,0.0,0.0,0.64,6.55250788703459,True,False,False,True,True,True,2019-03-28,11.0,0,0,0,0,0,0,2,1,2,1,2,1
16581,Datum360,https://www.crunchbase.com/organization/datum360,United Kingdom,54.564094,-1.3129164,2009,2.0,True,False,True,True,False,False,False,False,False,False,False,False,False,False,3,2,1,1.0,1.468985,2012-02-22,2013-03-22,Venture - Series Unknown,2012,15.0,False,False,True,True,2.5,6.0,False,False,False,False,False,False,False,False,False,False,False,False,0,0,False,False,False,False,False,False,False,False,False,False,False,False,False,False,False,2,2.0,True,True,True,True,True,False,False,False,False,False,False,True,True,9,0,False,3,1,0.3333333333333333,0.2876820724517809,0.13510156136726748,0.35070689115790254,0.35070689115790254,0.35070689115790254,0.0,0.0,0.0,0.35070689115790254,0.35070689115790254,0.35070689115790254,0.0,0.0,0.0,-4.35,6.55250788703459,True,False,True,True,True,True,2024-06-24,15.0,0,0,0,0,0,0,0,0,0,0,0,0
16198,C-Capture,https://www.crunchbase.com/organization/c-capture-limited,United Kingdom,53.794414,-1.548621,2009,1.0,True,False,True,True,True,False,False,False,False,False,False,False,False,False,2,1,1,0.0,0.263156,2011-06-09,2011-06-09,Venture - Series Unknown,2011,15.0,False,,True,,1.0,6.0,False,,False,,False,,False,,False,,False,,0,0,False,,False,False,,False,,False,,False,,False,,False,,1,,True,,True,True,,False,False,False,False,False,False,True,True,11,1,True,1,0,0.0,0.0,0.0577466785551441,0.2732581836738058,0.2732581836738058,0.2732581836738058,0.2732581836738058,0.2732581836738058,0.2732581836738058,0.0,0.0,0.0,0.0,0.0,0.0,-4.35,6.68586094706836,False,False,True,False,True,True,,,0,0,0,0,0,0,0,0,0,0,0,0
16573,Eco Market,https://www.crunchbase.com/organization/ethical-community,United Kingdom,51.4893335,-0.1440551,2009,2.0,True,True,False,True,False,True,False,False,True,False,False,True,False,False,4,1,1,0.0,0.989216,2013-03-01,2013-03-01,Seed,2013,3.0,True,,False,,3.0,0.0,False,,False,,False,,False,,False,,False,,1,0,True,,True,True,,True,,True,,True,,True,,True,,1,,True,,True,True,,False,False,False,False,False,False,True,True,643,5,True,90,35,0.3888888888888889,0.328504066972036,0.004639509600861782,0.0,0.0,0.0,0.0,0.0,0.0,0.0,0.0,0.0,0.0,0.0,0.0,-4.35,6.55250788703459,False,False,False,False,False,False,,,1,0,1,0,1,0,1,0,1,0,1,0
16382,Cambridge Photon Technology,https://www.crunchbase.com/organization/cambridge-photon-technology,United Kingdom,52.2055314,0.1186637,2009,2.0,True,True,True,True,False,False,False,False,False,False,False,True,False,False,11,1,1,0.0,1.961123,2020-01-24,2020-01-24,Seed,2020,165.0,True,,False,,11.0,30.0,False,,False,,False,,False,,False,,False,,0,0,False,,False,True,,False,,False,,False,,False,,False,,1,,True,,True,True,,False,False,False,False,False,False,True,True,20,1,True,6,5,0.8333333333333334,0.6061358035703156,0.0,0.0816565725707354,0.0816565725707354,0.0816565725707354,0.0816565725707354,0.0816565725707354,0.0816565725707354,0.0,0.0,0.0,0.0,0.0,0.0,-4.35,7.901377353792616,False,False,False,False,False,False,,,0,0,0,0,0,0,0,0,0,0,1,0
16605,GiveMeTap,https://www.crunchbase.com/organization/givemetap,United Kingdom,51.4893335,-0.1440551,2010,1.0,False,True,False,True,False,False,True,False,False,False,False,False,False,False,5,1,1,0.0,0.0,2015-03-23,2015-03-23,Seed,2015,149.0,False,,True,,4.0,31.0,False,,False,,False,,True,,False,,False,,0,0,False,,False,False,,False,,False,,False,,False,,False,,0,,False,,False,False,,True,True,True,True,False,False,False,False,643,5,True,161,55,0.3416149068322981,0.2938740426997019,0.004639509600861782,8.635723834817247,8.635723834817247,8.635723834817247,8.635723834817247,8.635723834817247,8.635723834817247,0.0,0.0,0.0,0.0,0.0,0.0,2.23,7.170888478512505,False,False,False,False,False,False,,,0,0,0,0,0,0,0,0,0,0,0,0
9103,InvenSor GmbH,https://www.crunchbase.com/organization/invensor-gmbh,Germany,52.510885,13.3989367,2010,1.0,True,True,True,True,True,True,False,False,False,True,False,True,False,True,2,3,2,0.0,2.764173,2012-12-17,2012-12-17,Series D,2012,61.5,True,,True,,11.5,13.0,False,,False,,False,,False,,False,,False,,3,0,True,,False,True,,True,,True,,True,,True,,True,,6,,True,,True,True,,False,False,False,False,True,True,True,True,171,3,True,48,21,0.4375,0.3629054936893685,0.0,0.22436538384014307,0.0,0.44873076768028614,0.0,0.22436538384014307,0.44873076768028614,0.0,0.0,0.0,0.2692384606081717,0.0,0.44873076768028614,2.23,6.398594934535208,False,False,True,False,True,True,,,3,0,3,0,3,0,3,0,3,0,3,0
9353,ZIM Plant Technology GmbH,https://www.crunchbase.com/organization/zim-plant-technology-gmbh,Germany,52.6375777,13.2057511,2010,1.0,True,True,False,True,False,False,False,False,False,True,False,False,False,True,2,1,1,0.0,0.0,2012-04-04,2012-04-04,Seed,2012,659.0,False,,True,,7.0,125.0,False,,True,,False,,False,,False,,False,,0,0,False,,False,False,,False,,False,,False,,False,,False,,1,,True,,True,False,,False,False,False,False,True,True,True,True,171,3,True,0,0,0.0,0.0,0.01920648843464807,0.4707127597792359,0.4707127597792359,0.4707127597792359,0.4707127597792359,0.4707127597792359,0.4707127597792359,0.0,0.0,0.0,0.0,0.0,0.0,2.23,6.398594934535208,True,False,False,True,True,True,2013-11-18,3.0,0,0,0,0,0,0,0,0,0,0,0,0
11108,Nines Photovoltaics,https://www.crunchbase.com/organization/nines-photovoltaic,Ireland,53.3436671,-6.2544366,2010,1.0,True,True,True,True,True,False,False,False,False,False,True,True,False,False,3,1,2,0.0,0.465369,2013-09-12,2013-09-12,Venture - Series Unknown,2013,44.5,True,,True,,11.5,10.0,False,,False,,False,,False,,False,,False,,1,0,True,,False,True,,True,,True,,True,,True,,True,,2,,True,,True,True,,False,False,False,False,False,False,True,True,34,0,False,22,6,0.2727272727272727,0.241162056816888,0.0007540886496293537,0.10981256666866052,0.0,0.21962513333732103,0.0,0.10981256666866052,0.21962513333732103,0.0,0.0,0.0,0.21962513333732103,0.21962513333732103,0.21962513333732103,2.23,4.742320024135325,False,False,True,False,True,True,,,1,0,1,0,1,0,1,0,1,0,1,0
19433,Treedom,https://www.crunchbase.com/organization/treedom,Italy,43.7697955,11.2556404,2010,3.0,False,False,False,True,True,True,False,False,False,True,True,True,False,True,1,1,1,1.0,8.0,2011-06-01,2011-06-01,Venture - Series Unknown,2011,47.0,False,False,True,True,0.0,13.0,False,False,False,False,False,False,False,False,False,False,False,False,0,0,False,False,False,False,False,False,False,False,False,False,False,False,False,False,False,1,1.0,True,True,True,True,True,False,False,False,False,False,False,True,True,3,0,False,3,1,0.3333333333333333,0.2876820724517809,0.24945797158136823,0.24945797158136832,0.24945797158136832,0.24945797158136832,0.0,0.0,0.0,0.24945797158136832,0.24945797158136832,0.24945797158136832,0.0,0.0,0.0,2.23,4.680277658474897,False,True,True,True,True,True,,,0,0,0,0,0,0,0,0,0,0,0,0
8892,fos4X,https://www.crunchbase.com/organization/fos4x,Germany,48.1371079,11.5753822,2010,2.0,True,True,True,True,True,False,False,False,False,True,False,True,False,False,2,3,3,0.0,0.0,2012-05-04,2012-05-04,Series B,2012,188.42857142857144,True,,True,,8.7,34.6,False,,True,,False,,False,,False,,False,,0,0,False,,False,True,,True,,True,,True,,True,,True,,7,,True,,True,True,,False,False,False,False,True,True,True,True,129,2,True,21,5,0.238095238095238,0.2135741002980589,0.0,0.09424816491160058,0.01388758490638867,0.433534186946357,0.01388758490638867,0.09424816491160058,0.433534186946357,0.0,0.0,0.0,0.14473255748026118,0.0,0.43803543060195294,2.23,6.398594934535208,True,False,True,True,True,True,2020-09-07,10.0,3,0,3,0,3,0,3,0,6,0,6,0
3860,Supersec,https://www.crunchbase.com/organization/supersec,Belgium,50.8465573,4.351697,2011,1.0,False,True,False,True,False,False,False,False,False,False,False,True,False,False,5,1,1,1.0,0.168785,2016-06-10,2016-06-10,Seed,2016,11.0,True,True,False,False,3.0,1.0,False,False,False,False,False,False,False,False,False,False,False,False,0,0,False,False,False,True,True,True,True,True,True,True,True,True,True,False,False,1,1.0,True,True,True,False,False,False,False,False,False,False,False,True,True,76,0,False,9,1,0.1111111111111111,0.1053605156578263,0.0,0.024794310156501468,0.024794310156501468,0.024794310156501468,0.0,0.0,0.0,0.024794310156501468,0.024794310156501468,0.024794310156501468,0.0,0.0,0.0,1.9,5.303304908059076,False,False,False,False,False,False,,,0,0,1,1,1,1,1,1,1,1,1,1
9018,Solandeo,https://www.crunchbase.com/organization/solandeo-2,Germany,52.510885,13.3989367,2011,1.0,False,True,True,True,False,False,False,False,False,True,False,True,False,False,4,3,2,0.0,0.0,2015-06-22,2022-03-22,Seed,2015,257.6666666666667,True,,True,,22.7,45.7,False,,True,,False,,False,,False,,False,,0,0,False,,False,True,,True,,True,,True,,True,,False,,3,,True,,True,False,,False,False,False,False,True,True,True,True,171,3,True,82,37,0.4512195121951219,0.3724042458472762,0.0,0.17644392552452312,0.026069153681937376,0.4771934692096946,0.026069153681937376,0.17644392552452312,0.4771934692096946,0.0,0.0,0.0,0.30084680364132044,0.0,0.45127020546198066,1.9,6.803505257608338,True,False,False,True,True,True,2024-06-27,13.0,0,0,2,0,2,0,2,0,2,0,2,0
10746,Abyssal,https://www.crunchbase.com/organization/abyssal-sa,Portugal,41.1806814,-8.6821998,2011,6.0,True,False,True,True,False,False,False,False,False,True,False,False,False,False,0,2,2,1.0,0.0,2011-02-22,2012-01-18,Seed,2011,129.5,True,False,True,True,0.5,16.5,True,True,False,False,False,False,False,False,False,False,False,False,1,0,True,False,False,True,False,True,False,True,False,True,False,True,False,True,False,2,1.0,True,True,True,True,True,False,False,False,False,False,False,True,True,4,0,False,0,0,0.0,0.0,0.27769111979914723,0.13458120157351244,0.0,0.2691624031470249,0.0,0.0,0.0,0.2691624031470249,0.2691624031470249,0.2691624031470249,0.2691624031470249,0.2691624031470249,0.2691624031470249,1.9,2.388762789235098,True,False,False,True,True,True,2021-05-04,10.0,1,0,1,0,1,0,1,0,1,0,1,0
11182,Skynet Labs,https://www.crunchbase.com/organization/skynet-labs,Ireland,53.3436671,-6.2544366,2011,1.0,True,True,True,True,False,False,False,False,False,True,False,False,False,False,1,2,1,1.0,0.340436,2012-11-28,2013-05-01,Pre-Seed,2012,0.0,False,False,True,True,17.5,80.0,True,True,True,True,True,True,False,False,False,False,False,False,0,0,False,False,False,False,False,False,False,False,False,False,False,False,False,False,False,0,0.0,False,False,False,False,False,True,True,True,True,False,False,False,False,34,0,False,38,12,0.3157894736842105,0.2744368457017603,0.0007540886496293537,5.183691226271597,5.183691226271597,5.183691226271597,5.183691226271597,5.183691226271597,5.183691226271597,5.183691226271597,5.183691226271597,5.183691226271597,0.0,0.0,0.0,1.9,4.415219602029645,False,False,False,False,False,False,,,0,0,0,0,0,0,0,0,0,0,0,0
4462,SolarNow,https://www.crunchbase.com/organization/solarnow,The Netherlands,51.8474946,5.8637771,2011,1.0,True,False,True,True,False,False,False,False,False,False,False,True,False,False,2,1,1,1.0,0.0,2013-02-14,2013-02-14,Series B,2013,18.0,False,False,True,True,4.0,4.0,True,True,False,False,False,False,False,False,False,False,False,False,0,0,False,False,False,False,False,False,False,False,False,False,False,False,False,False,False,0,0.0,False,False,False,False,False,True,True,True,True,False,False,False,False,12,1,True,2,1,0.5,0.4054651081081644,0.08840311608630631,7.143219104918862,7.143219104918862,7.143219104918862,0.0,0.0,0.0,7.143219104918862,7.143219104918862,7.143219104918862,0.0,0.0,0.0,1.9,5.303304908059076,False,False,True,False,True,True,,,0,0,0,0,0,0,0,0,0,0,0,0
4321,Solease,https://www.crunchbase.com/organization/solease,The Netherlands,52.0907006,5.1215634,2011,2.0,True,False,True,True,False,False,False,False,False,False,False,True,False,False,4,1,1,1.0,0.89533,2015-10-01,2015-10-01,Venture - Series Unknown,2015,1.0,True,True,False,False,1.0,0.0,False,False,False,False,False,False,False,False,False,False,False,False,1,1,True,True,True,True,True,True,True,True,True,True,True,True,True,True,True,1,1.0,True,True,True,False,False,False,False,False,False,False,False,True,True,194,1,True,7,1,0.1428571428571428,0.1335313926245225,0.035062214289133406,0.0,0.0,0.0,0.0,0.0,0.0,0.0,0.0,0.0,0.0,0.0,0.0,1.9,5.303304908059076,False,False,True,False,True,True,,,1,1,1,1,1,1,1,1,1,1,1,1
16315,BuffaloGrid,https://www.crunchbase.com/organization/buffalogrid,United Kingdom,54.5975804,-5.9277097,2011,3.0,True,False,True,True,False,False,False,False,False,True,False,True,False,False,7,1,6,1.0,1.64118,2018-12-12,2018-12-12,Seed,2018,157.33333333333334,False,False,True,True,4.2,28.8,False,False,True,True,True,False,False,False,True,True,False,False,0,0,False,False,False,False,False,False,False,False,False,False,False,False,False,False,False,4,1.0,True,True,False,True,True,True,True,True,False,False,False,True,False,11,0,False,8,1,0.125,0.1177830356563834,0.1404898807118673,1.6578588297345491,0.5183017739431964,7.018981886772044,0.5183017739431964,1.88577024089282,7.018981886772044,0.5183017739431964,0.5183017739431964,0.5183017739431964,2.623792124850108,0.0,7.853780173015904,1.9,7.696667081526462,False,False,False,False,False,False,,,0,0,0,0,0,0,0,0,0,0,0,0
2128,Crosslux,https://www.crunchbase.com/organization/crosslux,France,44.4776793,6.2484788,2011,2.0,True,False,True,True,True,False,False,False,False,False,False,True,False,False,2,1,1,0.0,0.861515,2013-10-04,2013-10-04,Seed,2013,8.0,False,,True,,3.0,0.0,False,,False,,False,,False,,False,,False,,0,0,False,,False,False,,False,,False,,False,,False,,False,,1,,True,,True,False,,False,False,False,False,False,False,True,True,1,0,False,1,0,0.0,0.0,0.2292620980241292,0.1805888448298309,0.1805888448298309,0.1805888448298309,0.1805888448298309,0.1805888448298309,0.1805888448298309,0.0,0.0,0.0,0.0,0.0,0.0,1.9,6.2166061010848646,False,False,False,False,False,False,,,0,0,0,0,0,0,0,0,0,0,0,0
1971,Open Ocean,https://www.crunchbase.com/organization/open-ocean-2,France,48.8534951,2.3483915,2011,2.0,True,True,True,True,True,False,False,False,False,False,False,True,False,False,4,1,2,1.0,1.825871,2015-02-17,2015-02-17,Seed,2015,145.5,True,True,False,False,16.0,50.0,False,False,True,True,False,False,False,False,False,False,False,False,2,1,True,True,True,True,True,True,True,True,True,True,True,True,True,True,True,2,1.0,True,True,True,True,True,False,False,False,False,False,False,True,True,267,4,True,96,38,0.3958333333333333,0.3334916084830751,0.0006205248203236772,0.0,0.0,0.0,0.0,0.0,0.0,0.0,0.0,0.0,0.0,0.0,0.0,1.9,6.2166061010848646,True,False,False,True,True,True,2022-06-09,11.0,2,1,2,1,2,1,2,1,2,1,2,1
1878,LabSense,https://www.crunchbase.com/organization/labsense,France,48.8534951,2.3483915,2011,2.0,True,True,False,True,True,False,False,False,False,True,False,False,False,False,4,1,1,0.0,0.0,2015-02-01,2015-02-01,Seed,2015,71.0,True,,False,,3.0,8.0,True,,False,,True,,False,,False,,False,,1,0,True,,True,True,,True,,True,,True,,True,,True,,1,,True,,True,True,,False,False,False,False,False,False,True,True,267,4,True,96,39,0.40625,0.3409265869705932,0.0006205248203236772,0.0,0.0,0.0,0.0,0.0,0.0,0.0,0.0,0.0,0.0,0.0,0.0,1.9,6.2166061010848646,False,False,False,False,False,False,,,1,0,1,0,1,0,1,0,1,0,1,0
9400,Enerstorage,https://www.crunchbase.com/organization/enerstorage,Germany,48.1371079,11.5753822,2012,1.0,True,True,True,True,False,False,False,False,False,False,False,False,False,False,1,2,1,0.0,0.0,2013-09-01,2013-09-01,Seed,2013,230.0,False,,True,,3.0,44.0,False,,False,,True,,False,,False,,False,,0,0,False,,False,False,,False,,False,,False,,False,,False,,0,,False,,False,True,,False,False,False,False,False,False,True,True,129,2,True,54,20,0.3703703703703703,0.3150810466398953,0.0,0.602097123261419,0.602097123261419,0.602097123261419,0.602097123261419,0.602097123261419,0.602097123261419,0.0,0.0,0.0,0.0,0.0,0.0,-0.7,6.55250788703459,False,False,False,False,False,False,,,0,0,0,0,0,0,0,0,0,0,0,0
21721,StepOne Tech,https://www.crunchbase.com/organization/stepone-tech,Finland,62.0,24.0,2012,1.0,True,False,True,True,True,False,False,False,False,False,False,True,False,False,8,1,1,0.0,0.0,2020-03-05,2020-03-05,Seed,2020,60.0,False,,True,,6.0,12.0,False,,False,,False,,False,,False,,False,,0,0,False,,False,False,,False,,False,,False,,False,,False,,0,,False,,False,False,,True,True,True,True,False,False,False,False,6,0,False,5,1,0.2,0.1823215567939546,0.20997009474927936,6.47604717824976,6.47604717824976,6.47604717824976,6.47604717824976,6.47604717824976,6.47604717824976,0.0,0.0,0.0,0.0,0.0,0.0,-0.7,5.993961427306569,False,False,False,False,False,False,,,0,0,0,0,0,0,0,0,0,0,0,0
9179,SecondSol,https://www.crunchbase.com/organization/secondsol,Germany,50.56761,10.4153029,2012,2.0,True,False,True,True,False,True,False,False,False,True,False,True,False,False,0,2,1,1.0,0.0,2012-02-28,2012-02-28,Seed,2012,47.0,True,True,False,False,9.0,7.0,False,False,False,False,False,False,False,False,False,False,False,False,0,0,False,False,False,True,True,True,True,False,False,False,False,False,False,False,False,2,2.0,True,True,True,False,False,False,False,False,False,True,True,True,True,0,0,False,1,0,0.0,0.0,0.28301129583454426,0.06277762510103016,0.06277762510103016,0.06277762510103016,0.0,0.0,0.0,0.06277762510103016,0.06277762510103016,0.06277762510103016,0.0,0.0,0.0,-0.7,6.398594934535208,False,False,False,False,False,False,,,0,0,0,0,0,0,0,0,2,2,2,2
21630,Fourdeg,https://www.crunchbase.com/organization/fourdeg,Finland,60.1717794,24.9413548,2012,1.0,True,True,True,True,True,False,False,False,False,True,False,True,False,False,1,1,1,0.0,0.0,2013-06-11,2013-06-11,Seed,2013,66.0,False,,True,,1.0,2.0,False,,False,,False,,False,,False,,False,,0,0,False,,False,False,,False,,False,,False,,False,,False,,1,,True,,True,False,,False,False,False,False,False,False,True,True,47,2,True,65,20,0.3076923076923077,0.2682639865946793,0.0004833470476976217,0.5388457224376022,0.5388457224376022,0.5388457224376022,0.5388457224376022,0.5388457224376022,0.5388457224376022,0.0,0.0,0.0,0.0,0.0,0.0,-0.7,4.79081953287472,False,False,False,False,False,False,,,0,0,0,0,0,0,0,0,0,0,0,0
15382,Belltown Power,https://www.crunchbase.com/organization/belltown-power,United Kingdom,51.4893335,-0.1440551,2013,1.0,True,True,True,True,False,False,False,False,False,False,False,True,False,False,1,1,1,1.0,0.0,2014-01-01,2014-01-01,Venture - Series Unknown,2014,8.0,True,True,False,False,3.0,2.0,True,True,False,False,False,False,False,False,False,False,False,False,1,1,True,True,True,True,True,True,True,True,True,True,True,True,True,True,True,1,1.0,True,True,True,True,True,False,False,False,False,False,False,True,True,643,5,True,672,184,0.2738095238095238,0.2420120356185925,0.004639509600861782,0.0,0.0,0.0,0.0,0.0,0.0,0.0,0.0,0.0,0.0,0.0,0.0,-0.08,6.803505257608338,False,True,True,True,True,True,,,1,1,1,1,1,1,1,1,1,1,1,1
256,Vortex Oil Engineering,https://www.crunchbase.com/organization/vortex-oil,Poland,52.2319581,21.0067249,2013,2.0,True,True,True,True,False,False,False,False,False,False,False,True,False,False,1,2,2,0.0,0.858259,2014-04-01,2018-02-08,Seed,2014,11.5,True,,True,,1.0,0.5,True,,False,,False,,True,,False,,False,,1,0,True,,False,True,,True,,True,,True,,True,,True,,1,,True,,False,True,,False,False,False,False,False,False,True,True,58,0,False,47,5,0.1063829787234042,0.1010961168713687,0.0,0.2776649546151653,0.0,0.5553299092303307,0.0,0.2776649546151653,0.5553299092303307,0.0,0.0,0.0,0.5553299092303307,0.5553299092303307,0.5553299092303307,-0.08,3.214867803470662,False,False,False,False,False,False,,,1,0,1,0,1,0,1,0,1,0,1,0
9213,OneShore Energy,https://www.crunchbase.com/organization/oneshore-energy-gmbh,Germany,52.510885,13.3989367,2013,3.0,True,True,True,True,False,False,False,False,False,False,False,True,False,False,2,1,1,0.0,0.0,2015-01-27,2015-01-27,Pre-Seed,2015,659.0,False,,True,,10.0,125.0,False,,True,,False,,False,,False,,False,,0,0,False,,False,False,,False,,False,,False,,False,,False,,1,,True,,True,False,,False,False,False,False,True,True,True,True,171,3,True,225,99,0.44,0.3646431135879092,0.0,0.4771934692096946,0.4771934692096946,0.4771934692096946,0.4771934692096946,0.4771934692096946,0.4771934692096946,0.0,0.0,0.0,0.0,0.0,0.0,-0.08,6.803505257608338,True,False,False,True,True,True,2017-05-29,4.0,0,0,0,0,0,0,0,0,0,0,0,0
15663,Firglas,https://www.crunchbase.com/organization/firglas-ltd,United Kingdom,51.4893335,-0.1440551,2013,1.0,True,True,True,True,True,False,False,True,False,False,False,True,False,False,5,1,1,0.0,3.951856,2018-06-20,2018-06-20,Seed,2018,24.0,False,,True,,3.0,2.0,False,,False,,False,,False,,False,,False,,0,0,False,,False,False,,False,,False,,False,,False,,False,,1,,True,,True,False,,False,False,False,False,False,False,True,True,643,5,True,672,185,0.275297619047619,0.2431795780746302,0.004639509600861782,0.1701966800850627,0.1701966800850627,0.1701966800850627,0.1701966800850627,0.1701966800850627,0.1701966800850627,0.0,0.0,0.0,0.0,0.0,0.0,-0.08,7.696667081526462,False,False,False,False,False,False,,,0,0,0,0,0,0,0,0,0,0,0,0
20861,Vaavud,https://www.crunchbase.com/organization/vaavud,Denmark,55.6867243,12.5700724,2013,4.0,True,True,True,True,False,False,False,False,False,True,False,True,False,True,2,1,2,0.0,0.7,2015-04-15,2015-04-15,Seed,2015,79.5,True,,True,,11.0,19.0,False,,False,,False,,False,,False,,False,,1,0,True,,False,True,,True,,True,,True,,True,,True,,2,,True,,True,True,,False,False,False,False,False,False,True,True,66,2,True,56,20,0.3571428571428571,0.3053816495511818,0.0,0.12839966511202053,0.0,0.25679933022404106,0.0,0.12839966511202053,0.25679933022404106,0.0,0.0,0.0,0.25679933022404106,0.25679933022404106,0.25679933022404106,-0.08,4.330733340286331,False,False,False,False,False,False,,,1,0,1,0,1,0,1,0,1,0,1,0
4626,WeShareSolar,https://www.crunchbase.com/organization/wesharesolar,The Netherlands,52.3730796,4.8924534,2013,2.0,True,True,True,True,False,False,False,False,True,False,False,True,False,False,1,2,3,0.0,0.570157,2014-05-15,2015-02-18,Seed,2014,81.0,True,,False,,9.3,5.0,True,,True,,True,,False,,False,,False,,2,0,True,,False,True,,True,,True,,True,,True,,True,,3,,True,,True,True,,False,False,False,False,False,False,True,True,169,1,True,102,29,0.284313725490196,0.2502245099168804,0.0,0.01911729858302996,0.0,0.057351895749089894,0.0,0.01911729858302996,0.057351895749089894,0.0,0.0,0.0,0.03823459716605992,0.0,0.057351895749089894,-0.08,5.303304908059076,False,False,False,False,False,False,,,2,0,2,0,2,0,2,0,3,0,3,0
15733,Papertrail.io,https://www.crunchbase.com/organization/papertrail-io,United Kingdom,53.2234878,-4.2733853,2013,2.0,True,False,True,True,False,False,False,False,False,False,False,True,False,False,0,4,3,0.0,0.871668,2013-10-21,2016-05-06,Seed,2013,223.83333333333337,False,,True,,10.6,24.2,False,,True,,False,,False,,True,,False,,0,0,False,,False,False,,False,,False,,False,,False,,False,,6,,True,,True,True,,False,False,False,False,False,False,True,True,0,0,False,0,0,0.0,0.0,0.13283064891319535,0.285953415677718,0.25880724882821193,0.34024574937673013,0.25880724882821193,0.285953415677718,0.34024574937673013,0.0,0.0,0.0,0.21281421535145106,0.0,0.3990266537839707,-0.08,6.55250788703459,False,False,False,False,False,False,,,0,0,0,0,0,0,0,0,0,0,0,0
15998,Loogun,https://www.crunchbase.com/organization/loogun,United Kingdom,51.4893335,-0.1440551,2013,2.0,False,True,False,True,False,False,False,False,False,False,False,True,False,True,2,1,1,0.0,0.0,2015-11-10,2015-11-10,Seed,2015,64.0,True,,False,,2.0,5.0,False,,True,,True,,False,,False,,False,,1,0,True,,True,True,,True,,True,,True,,True,,True,,1,,True,,True,True,,False,False,False,False,False,False,True,True,643,5,True,672,185,0.275297619047619,0.2431795780746302,0.004639509600861782,0.0,0.0,0.0,0.0,0.0,0.0,0.0,0.0,0.0,0.0,0.0,0.0,-0.08,7.170888478512505,False,False,False,False,False,False,,,1,0,1,0,1,0,1,0,1,0,1,0
10636,BioMimetx,https://www.crunchbase.com/organization/biomimetx,Portugal,40.3461879,-8.5940128,2013,3.0,True,False,True,True,True,False,False,True,False,False,False,True,False,False,1,3,4,2.0,2.618666,2014-03-20,2022-12-23,Seed,2014,25.8,False,False,True,True,13.8,2.2,False,False,False,False,True,True,False,False,True,True,False,False,0,0,False,False,False,False,False,False,False,False,False,False,False,False,False,False,False,4,2.0,True,True,False,True,True,True,True,False,False,False,False,True,False,1,0,False,4,0,0.0,0.0,0.18803407131044944,2.445391793743736,0.18803407131044944,11.474822683476885,0.18803407131044944,3.950296942032594,11.474822683476885,0.18803407131044944,0.18803407131044944,0.18803407131044944,4.627746204849281,0.0,11.569365512123202,-0.08,3.629660094453965,False,False,False,False,False,False,,,0,0,0,0,0,0,0,0,0,0,0,0
4671,Clean Electricity Generation,https://www.crunchbase.com/organization/clean-electricity-generation,The Netherlands,52.3730796,4.8924534,2013,1.0,True,True,True,True,False,False,False,False,False,False,False,True,False,False,0,1,1,0.0,0.0,2013-06-04,2013-06-04,Pre-Seed,2013,2.0,False,,True,,0.0,1.0,True,,False,,False,,False,,False,,False,,0,0,False,,False,False,,False,,False,,False,,False,,False,,0,,False,,False,False,,True,True,True,True,False,False,False,False,169,1,True,102,28,0.2745098039215686,0.2425616371713113,0.0,8.632570706548254,8.632570706548254,8.632570706548254,8.632570706548254,8.632570706548254,8.632570706548254,0.0,0.0,0.0,0.0,0.0,0.0,-0.08,5.303304908059076,True,False,False,True,True,True,2019-06-17,6.0,0,0,0,0,0,0,0,0,0,0,0,0
15686,Ecoisme,https://www.crunchbase.com/organization/ecoisme,United Kingdom,51.4893335,-0.1440551,2014,4.0,True,True,True,True,False,True,False,False,False,False,False,True,True,False,0,2,5,0.0,0.303786,2014-06-02,2016-03-29,Seed,2014,54.5,False,,True,,8.0,122.8,True,,True,,True,,False,,False,,True,,0,0,False,,False,False,,False,,False,,False,,False,,False,,0,,False,,False,True,,True,True,True,False,True,False,True,False,643,5,True,950,253,0.2663157894736842,0.2361117313800923,0.004639509600861782,6.729325767620418,0.9326577677712301,8.996578627931791,0.9326577677712301,6.729325767620418,8.996578627931791,0.0,0.0,0.0,6.577840460985353,0.047387422043385155,9.97703281167035,1.6,6.803505257608338,False,False,False,False,False,False,,,0,0,0,0,0,0,0,0,0,0,0,0
15465,Terrabotics,https://www.crunchbase.com/organization/terrabotics,United Kingdom,51.4893335,-0.1440551,2014,1.0,True,True,True,True,True,False,False,False,False,True,False,True,False,False,4,1,1,1.0,0.705,2018-11-15,2018-11-15,Seed,2018,45.0,True,True,False,False,1.0,5.0,False,False,False,False,False,False,False,False,False,False,False,False,1,1,True,True,True,True,True,True,True,True,True,True,True,True,True,True,True,1,1.0,True,True,True,True,True,False,False,False,False,False,False,True,True,643,5,True,950,253,0.2663157894736842,0.2361117313800923,0.004639509600861782,0.0,0.0,0.0,0.0,0.0,0.0,0.0,0.0,0.0,0.0,0.0,0.0,1.6,7.696667081526462,False,False,False,False,False,False,,,1,1,1,1,1,1,1,1,1,1,1,1
15796,IntelliSense.io,https://www.crunchbase.com/organization/intellisense-io,United Kingdom,52.2055314,0.1186637,2014,1.0,True,True,False,True,True,False,False,False,False,True,False,False,False,False,6,1,1,1.0,0.0,2020-08-18,2020-08-18,Seed,2020,62.0,False,False,True,True,19.0,18.0,False,False,False,False,False,False,False,False,False,False,True,True,0,0,False,False,False,False,False,False,False,False,False,False,False,False,False,False,False,0,0.0,False,False,False,False,False,False,False,False,False,True,True,True,True,20,1,True,36,11,0.3055555555555556,0.2666286632539486,0.0,0.6580835714175168,0.6580835714175168,0.6580835714175168,0.0,0.0,0.0,0.6580835714175168,0.6580835714175168,0.6580835714175168,0.0,0.0,0.0,1.6,7.901377353792616,False,False,False,False,False,False,,,0,0,0,0,0,0,0,0,0,0,0,0
15412,Silicon MicroGravity,https://www.crunchbase.com/organization/silicon-microgravity,United Kingdom,52.2055314,0.1186637,2014,3.0,True,True,True,True,False,False,False,False,False,True,False,True,False,False,2,1,3,0.0,4.273693,2016-01-18,2016-01-18,Undisclosed,2016,100.0,True,,True,,7.0,16.0,False,,False,,False,,False,,False,,True,,1,0,True,,False,True,,True,,True,,True,,True,,True,,2,,True,,False,True,,True,True,True,False,False,False,True,False,20,1,True,36,11,0.3055555555555556,0.2666286632539486,0.0,2.890687819213156,0.0,8.590406885068733,0.0,2.890687819213156,8.590406885068733,0.0,0.0,0.0,5.769262430818905,0.0816565725707354,8.635723834817247,1.6,6.803505257608338,False,False,False,False,False,False,,,1,0,1,0,1,0,1,0,1,0,2,0
8755,HPS,https://www.crunchbase.com/organization/hps-fcbb,Germany,52.510885,13.3989367,2014,2.0,True,True,True,True,True,True,False,False,False,True,False,True,False,False,5,2,1,0.0,0.0,2019-08-12,2019-08-12,Venture - Series Unknown,2019,24.0,False,,True,,1.0,2.0,True,,False,,False,,False,,False,,False,,0,0,False,,False,False,,False,,False,,False,,False,,False,,2,,True,,True,False,,False,False,False,False,True,True,True,True,171,3,True,307,130,0.4234527687296417,0.353085447508393,0.0,0.4528068331330033,0.4528068331330033,0.4528068331330033,0.4528068331330033,0.4528068331330033,0.4528068331330033,0.0,0.0,0.0,0.0,0.0,0.0,1.6,7.650168700845001,False,False,True,False,True,True,,,0,0,0,0,0,0,0,0,0,0,0,0
15420,IOTICS,https://www.crunchbase.com/organization/iotic-labs,United Kingdom,51.4893335,-0.1440551,2014,5.0,True,True,False,True,True,False,False,False,False,True,False,False,True,False,2,1,2,1.0,0.0,2016-09-13,2016-09-13,Series A,2016,55.5,True,True,False,False,6.0,10.5,True,True,False,False,True,True,False,False,False,False,True,True,1,1,True,True,False,True,True,True,True,True,True,True,True,True,True,True,True,2,1.0,True,True,True,True,True,False,False,False,False,False,False,True,True,643,5,True,950,253,0.2663157894736842,0.2361117313800923,0.004639509600861782,0.0408282862853677,0.0,0.0816565725707354,0.0816565725707354,0.0816565725707354,0.0816565725707354,0.0,0.0,0.0,0.0816565725707354,0.0816565725707354,0.0816565725707354,1.6,6.803505257608338,False,False,True,False,True,True,,,1,1,1,1,1,1,1,1,1,1,2,1
11009,Ambisense,https://www.crunchbase.com/organization/ambisense,Ireland,53.3782873,-6.2662007,2014,3.0,True,True,True,True,True,False,False,False,False,False,False,True,False,False,3,1,1,1.0,1.129559,2017-03-23,2017-03-23,Venture - Series Unknown,2017,19.0,True,True,False,False,1.0,2.0,False,False,False,False,False,False,False,False,False,False,False,False,1,1,True,True,True,True,True,True,True,True,True,True,True,True,True,True,True,1,1.0,True,True,True,True,True,False,False,False,False,False,False,True,True,34,0,False,99,28,0.2828282828282828,0.2490672363240013,0.0032361230424316186,0.00392794465121546,0.00392794465121546,0.00392794465121546,0.0,0.0,0.0,0.00392794465121546,0.00392794465121546,0.00392794465121546,0.0,0.0,0.0,1.6,5.17105201550216,False,False,True,False,True,True,,,1,1,1,1,1,1,1,1,1,1,1,1
11506,Hydromea,https://www.crunchbase.com/organization/hydromea,Switzerland,46.5349093,6.5928442,2014,3.0,True,True,True,True,True,True,False,False,False,True,False,True,False,False,5,1,1,0.0,1.424592,2019-11-13,2019-11-13,Venture - Series Unknown,2019,215.0,False,,True,,5.0,17.0,False,,False,,False,,True,,False,,False,,0,0,False,,False,False,,False,,False,,False,,False,,False,,1,,True,,True,True,,False,False,False,False,True,True,True,True,15,1,True,11,3,0.2727272727272727,0.241162056816888,0.0033784471203716724,0.17486082257673,0.17486082257673,0.17486082257673,0.17486082257673,0.17486082257673,0.17486082257673,0.0,0.0,0.0,0.0,0.0,0.0,1.6,5.993961427306569,False,False,True,False,True,True,,,0,0,0,0,0,0,0,0,0,0,0,0
4417,Bleeve,https://www.crunchbase.com/organization/bleeve,The Netherlands,52.3730796,4.8924534,2014,4.0,False,True,True,True,False,False,False,False,False,True,False,True,False,False,0,2,2,0.0,0.682392,2014-11-01,2016-04-07,Seed,2014,120.0,True,,False,,14.0,7.5,True,,True,,True,,False,,False,,False,,2,0,True,,True,True,,True,,True,,True,,True,,True,,2,,True,,True,True,,False,False,False,False,False,False,True,True,169,1,True,139,36,0.2589928057553957,0.2303120407928223,0.0,0.0,0.0,0.0,0.0,0.0,0.0,0.0,0.0,0.0,0.0,0.0,0.0,1.6,5.303304908059076,False,False,False,False,False,False,,,2,0,2,0,2,0,2,0,2,0,2,0
4480,Desolenator,https://www.crunchbase.com/organization/desolenator,The Netherlands,50.8512438,5.6909768,2014,2.0,True,False,True,True,False,False,False,False,False,False,False,True,False,False,6,2,2,0.0,0.0,2020-01-01,2020-08-12,Venture - Series Unknown,2020,45.5,False,,True,,2.5,2.0,True,,False,,True,,False,,False,,False,,0,0,False,,False,False,,False,,False,,False,,False,,False,,0,,False,,False,True,,True,True,False,False,False,False,True,False,26,0,False,1,0,0.0,0.0,0.09402413760919519,3.786352567014767,1.0630298245785088,6.509675309451025,1.0630298245785088,3.786352567014767,6.509675309451025,0.0,0.0,0.0,7.182160550449752,7.182160550449752,7.182160550449752,1.6,6.55250788703459,False,False,True,False,True,True,,,0,0,0,0,0,0,0,0,0,0,0,0
6919,Oasys,https://www.crunchbase.com/organization/oasys,Spain,41.3825802,2.177073,2014,1.0,True,True,False,True,False,True,False,False,False,True,False,False,False,False,1,1,1,0.0,0.018429,2015-06-01,2015-06-01,Seed,2015,5.0,False,,True,,2.0,0.0,False,,False,,False,,False,,False,,False,,0,0,False,,False,False,,False,,False,,False,,False,,False,,0,,False,,False,False,,True,True,False,False,False,False,False,False,87,2,True,150,39,0.26,0.2311117209633866,0.0,10.882416269458496,10.882416269458496,10.882416269458496,10.882416269458496,10.882416269458496,10.882416269458496,0.0,0.0,0.0,0.0,0.0,0.0,1.6,6.2166061010848646,False,False,False,False,False,False,,,0,0,0,0,0,0,0,0,0,0,0,0
4164,Solar Monkey,https://www.crunchbase.com/organization/solar-monkey,The Netherlands,52.3730796,4.8924534,2014,2.0,True,True,True,True,False,False,False,False,False,False,False,True,False,False,2,2,1,0.0,0.218274,2016-01-15,2017-06-30,Venture - Series Unknown,2016,58.0,True,,False,,2.5,8.0,False,,False,,False,,False,,False,,False,,0,0,False,,False,True,,True,,False,,False,,False,,False,,2,,True,,True,False,,False,False,False,False,False,False,True,True,169,1,True,139,36,0.2589928057553957,0.2303120407928223,0.0,0.05127095594048744,0.05127095594048744,0.05127095594048744,0.05127095594048744,0.05127095594048744,0.05127095594048744,0.0,0.0,0.0,0.0,0.0,0.0,1.6,5.303304908059076,False,False,True,False,True,True,,,0,0,0,0,0,0,0,0,2,0,2,0
21056,Aero Enterprise,https://www.crunchbase.com/organization/aero-enterprise-gmbh,Austria,48.3059078,14.286198,2014,1.0,True,False,True,True,True,True,False,False,False,True,False,True,False,False,6,1,1,0.0,0.0,2020-08-20,2020-08-20,Seed,2020,14.0,True,,False,,9.0,0.0,False,,False,,False,,False,,False,,False,,1,0,True,,True,True,,True,,True,,True,,True,,True,,1,,True,,True,False,,False,False,False,False,True,True,True,True,9,0,False,6,3,0.5,0.4054651081081644,0.15482974722241377,0.0,0.0,0.0,0.0,0.0,0.0,0.0,0.0,0.0,0.0,0.0,0.0,1.6,4.387014176184921,False,False,False,False,False,False,,,1,0,1,0,1,0,1,0,1,0,1,0
1205,Geo Applications Ltd.,https://www.crunchbase.com/organization/geo-applications-ltd,Czech Republic,49.1922443,16.6113382,2014,2.0,True,False,True,True,False,False,False,False,False,True,False,False,False,False,4,1,1,0.0,0.0,2018-03-14,2018-03-14,Seed,2018,15.0,False,,True,,2.0,0.0,False,,False,,False,,False,,False,,False,,0,0,False,,False,False,,False,,False,,False,,False,,False,,1,,True,,True,True,,False,False,False,False,False,False,True,True,4,0,False,5,2,0.4,0.3364722366212129,0.11079863865773769,0.18334102074028633,0.18334102074028633,0.18334102074028633,0.18334102074028633,0.18334102074028633,0.18334102074028633,0.0,0.0,0.0,0.0,0.0,0.0,1.6,2.6100697927420065,False,False,False,False,False,False,,,0,0,0,0,0,0,0,0,0,0,0,0
20805,Seneco,https://www.crunchbase.com/organization/seneco,Denmark,56.112696,10.1015583,2014,1.0,True,False,True,True,False,False,False,False,False,False,False,True,False,False,0,1,2,0.0,1.068402,2014-03-04,2014-03-04,Seed,2014,35.5,True,,True,,6.0,5.5,False,,False,,True,,False,,False,,False,,0,0,False,,False,True,,False,,False,,False,,False,,False,,2,,True,,True,True,,False,False,False,False,False,False,True,True,7,1,True,15,2,0.1333333333333333,0.125163142954006,0.1610030081961438,0.12840566676166135,0.09580832532717877,0.16100300819614388,0.09580832532717877,0.12840566676166135,0.16100300819614388,0.0,0.0,0.0,0.25679933022404106,0.25679933022404106,0.25679933022404106,1.6,4.23410650459726,True,False,False,True,True,True,2021-04-08,7.0,0,0,0,0,0,0,0,0,0,0,1,0
1467,MyLight Systems,https://www.crunchbase.com/organization/mylight-systems,France,46.08748,2.34256,2014,2.0,True,False,True,True,True,False,False,False,False,False,False,True,False,False,2,1,1,1.0,2.231172,2016-05-25,2016-05-25,Series A,2016,32.0,False,False,True,True,1.0,1.0,False,False,False,False,False,False,False,False,False,False,False,False,0,0,False,False,False,False,False,False,False,False,False,False,False,False,False,False,False,1,1.0,True,True,True,True,True,False,False,False,False,False,False,True,True,0,0,False,0,0,0.0,0.0,0.3081791436138195,0.30756715819652475,0.30756715819652475,0.30756715819652475,0.0,0.0,0.0,0.30756715819652475,0.30756715819652475,0.30756715819652475,0.0,0.0,0.0,1.6,6.398594934535208,False,False,True,False,True,True,,,0,0,0,0,0,0,0,0,0,0,0,0
14774,Better Origin,https://www.crunchbase.com/organization/betterorigin,United Kingdom,52.2055314,0.1186637,2015,2.0,True,True,True,True,True,False,True,False,False,True,False,True,False,False,4,2,3,2.0,3.0,2019-04-09,2021-02-23,Series A,2019,32.0,True,False,True,True,3.0,2.8,True,False,True,True,False,False,False,False,True,True,False,False,0,0,False,False,False,True,False,False,False,False,False,False,False,False,False,False,False,1,0.0,True,False,False,True,True,False,False,False,False,True,False,True,True,20,1,True,57,15,0.2631578947368421,0.2336148511815051,0.0,1.454538778051904,0.0816565725707354,2.4176395465831804,0.0816565725707354,1.249648059576958,2.4176395465831804,0.9012194464705198,1.6594294965268501,2.4176395465831804,1.5541211324560928,0.0,2.392723241777171,2.31,8.006700845440367,False,False,True,False,True,True,,,0,0,0,0,0,0,0,0,0,0,1,0
14754,Puraffinity,https://www.crunchbase.com/organization/puraffinity,United Kingdom,51.4893335,-0.1440551,2015,2.0,True,True,False,True,True,False,False,True,False,False,False,True,False,False,4,2,4,1.0,3.55,2019-07-31,2021-12-21,Series A,2019,139.25,True,True,True,False,6.5,21.2,False,False,True,True,False,False,False,False,False,False,False,False,1,1,True,True,False,True,True,True,True,True,True,True,True,True,True,True,True,1,1.0,True,True,False,True,True,True,True,True,False,True,False,True,False,643,5,True,1299,330,0.2540415704387991,0.2263715919314456,0.004639509600861782,4.371697289486221,0.0,8.996578627931791,0.7896133382753959,5.828929719314962,8.996578627931791,0.0,0.0,0.0,7.20491678636085,0.7896133382753959,8.996578627931791,2.31,8.006700845440367,False,False,True,False,True,True,,,1,1,1,1,1,1,1,1,1,1,1,1
14748,New Motion Labs,https://www.crunchbase.com/organization/new-motion-labs,United Kingdom,50.7256138,-3.5269209,2015,1.0,True,False,False,True,True,True,True,False,False,True,False,False,False,False,2,4,4,3.0,1.941883,2017-12-10,2025-03-31,Seed,2017,85.0,False,False,True,True,13.7,6.8,True,True,False,False,True,True,False,False,False,False,False,False,0,0,False,False,False,False,False,False,False,False,False,False,False,False,False,False,False,4,3.0,True,True,True,True,True,False,False,False,False,False,False,True,True,4,1,True,7,1,0.1428571428571428,0.1335313926245225,0.19486616863761969,0.2378363533798214,0.19849597749839987,0.25094981200696187,0.19849597749839987,0.19849597749839987,0.19849597749839987,0.25094981200696187,0.25094981200696187,0.25094981200696187,0.02647470091097351,0.0,0.05294940182194702,2.31,7.696667081526462,False,False,False,False,False,False,,,0,0,0,0,0,0,0,0,0,0,0,0
19081,Platio,https://www.crunchbase.com/organization/platio,Hungary,47.4978789,19.0402383,2015,2.0,True,False,True,True,False,False,False,False,False,False,False,True,True,False,5,1,1,0.0,0.593466,2020-12-17,2020-12-17,Seed,2020,392.0,True,,False,,21.0,7.0,False,,False,,False,,False,,False,,False,,1,0,True,,True,True,,True,,True,,True,,True,,True,,1,,True,,True,False,,False,False,False,False,False,False,True,True,31,0,False,52,7,0.1346153846153846,0.1262937253242921,0.21414371872684834,0.0,0.0,0.0,0.0,0.0,0.0,0.0,0.0,0.0,0.0,0.0,0.0,2.31,4.873669439023098,False,False,False,False,False,False,,,1,0,1,0,1,0,1,0,1,0,1,0
11527,Insolight,https://www.crunchbase.com/organization/insolight,Switzerland,46.5218269,6.6327025,2015,3.0,True,True,True,True,True,False,False,False,False,False,False,True,False,False,3,1,1,1.0,2.390736,2018-01-22,2018-01-22,Venture - Series Unknown,2018,160.0,False,False,True,True,8.0,24.0,False,False,True,True,False,False,False,False,False,False,False,False,0,0,False,False,False,False,False,False,False,False,False,False,False,False,False,False,False,1,1.0,True,True,True,False,False,False,False,False,False,True,True,True,True,14,1,True,18,4,0.2222222222222222,0.2006706954621511,0.0,0.16033108908507668,0.16033108908507668,0.16033108908507668,0.0,0.0,0.0,0.16033108908507668,0.16033108908507668,0.16033108908507668,0.0,0.0,0.0,2.31,6.2166061010848646,False,False,True,False,True,True,,,0,0,0,0,0,0,0,0,0,0,0,0
14837,MIRICO,https://www.crunchbase.com/organization/mirico,United Kingdom,51.6063587,-1.245999,2015,2.0,True,True,True,True,True,True,True,False,False,True,False,False,False,False,1,1,3,0.0,1.444567,2016-05-12,2016-05-12,Equity Crowdfunding,2016,90.66666666666669,True,,False,,6.3,9.7,True,,False,,False,,False,,False,,False,,2,0,True,,False,True,,True,,True,,True,,True,,True,,3,,True,,True,True,,False,False,False,False,False,False,True,True,22,1,True,10,2,0.2,0.1823215567939546,0.016216628545870526,0.027888008821736178,0.003182353606164429,0.07729931925287968,0.003182353606164429,0.027888008821736178,0.07729931925287968,0.0,0.0,0.0,0.053504101502944906,0.0,0.08025615225441736,2.31,6.803505257608338,False,False,False,False,False,False,,,2,0,2,0,2,0,2,0,2,0,3,0
1599,Hydrao,https://www.crunchbase.com/organization/hydrao,France,45.1875602,5.7357819,2015,1.0,True,False,False,True,True,False,False,False,False,True,False,True,False,False,3,1,1,0.0,2.352664,2018-09-25,2018-09-25,Seed,2018,16.0,False,,True,,3.0,0.0,False,,False,,False,,False,,False,,False,,0,0,False,,False,False,,False,,False,,False,,False,,False,,1,,True,,True,True,,False,False,False,False,False,False,True,True,5,0,False,10,2,0.2,0.1823215567939546,0.16381637173455746,0.4816555457478857,0.4816555457478857,0.4816555457478857,0.4816555457478857,0.4816555457478857,0.4816555457478857,0.0,0.0,0.0,0.0,0.0,0.0,2.31,7.0909098220799835,False,False,False,False,False,False,,,0,0,0,0,0,0,0,0,0,0,0,0
21754,Masar,https://www.crunchbase.com/organization/masar,Finland,62.0,24.0,2015,1.0,True,False,True,True,False,False,False,False,False,False,False,True,False,False,0,1,1,0.0,0.0,2015-05-01,2015-05-01,Seed,2015,211.0,False,,True,,4.0,13.0,True,,True,,True,,False,,False,,False,,0,0,False,,False,False,,False,,False,,False,,False,,False,,0,,False,,False,True,,False,False,False,False,False,False,True,True,6,0,False,12,1,0.0833333333333333,0.0800427076735364,0.20997009474927936,1.5611807659463397,1.5611807659463397,1.5611807659463397,1.5611807659463397,1.5611807659463397,1.5611807659463397,0.0,0.0,0.0,0.0,0.0,0.0,2.31,4.704110133842995,False,False,False,False,False,False,,,0,0,0,0,0,0,0,0,0,0,0,0
187,Bisonte,https://www.crunchbase.com/organization/bisonte,Poland,50.0619474,19.9368564,2015,2.0,True,False,True,True,True,False,False,False,False,False,False,False,False,False,5,1,1,0.0,0.295413,2020-11-05,2020-11-05,Seed,2020,31.0,True,,False,,2.0,1.0,True,,False,,False,,False,,False,,False,,1,0,True,,True,True,,True,,True,,True,,True,,True,,1,,True,,True,False,,False,False,False,False,False,False,True,True,13,0,False,33,5,0.1515151515151515,0.1410785982599055,0.25256392777356135,0.0,0.0,0.0,0.0,0.0,0.0,0.0,0.0,0.0,0.0,0.0,0.0,2.31,4.93806460126142,False,False,False,False,False,False,,,1,0,1,0,1,0,1,0,1,0,1,0
1362,NewHeat,https://www.crunchbase.com/organization/newheat,France,44.8074559,-0.5488542,2015,2.0,True,False,True,True,True,False,False,False,False,False,False,True,False,False,2,1,1,0.0,2.048213,2017-06-28,2017-06-28,Venture - Series Unknown,2017,9.0,False,,True,,12.0,2.0,False,,False,,False,,False,,False,,False,,0,0,False,,False,False,,False,,False,,False,,False,,False,,1,,True,,True,False,,False,False,False,False,False,False,True,True,10,0,False,14,2,0.1428571428571428,0.1335313926245225,0.44041277015552205,0.7072689125258178,0.7072689125258178,0.7072689125258178,0.7072689125258178,0.7072689125258178,0.7072689125258178,0.0,0.0,0.0,0.0,0.0,0.0,2.31,6.803505257608338,False,True,True,True,True,True,,,0,0,0,0,0,0,0,0,0,0,0,0
14995,Vidrona,https://www.crunchbase.com/organization/vidrona,United Kingdom,51.6063587,-1.245999,2015,1.0,True,True,True,True,True,False,False,False,True,True,False,True,False,False,3,1,1,0.0,0.0,2018-10-12,2018-10-12,Pre-Seed,2018,102.0,True,,False,,12.0,5.0,False,,False,,False,,False,,False,,False,,0,0,False,,False,True,,False,,False,,False,,False,,False,,1,,True,,True,True,,False,False,False,False,False,False,True,True,22,1,True,10,2,0.2,0.1823215567939546,0.016216628545870526,0.07729931925287968,0.07729931925287968,0.07729931925287968,0.07729931925287968,0.07729931925287968,0.07729931925287968,0.0,0.0,0.0,0.0,0.0,0.0,2.31,7.696667081526462,False,False,False,False,False,False,,,0,0,0,0,0,0,0,0,0,0,1,0
14905,Utonomy,https://www.crunchbase.com/organization/utonomy,United Kingdom,50.9058615,-1.3908774,2015,1.0,True,False,True,True,True,False,False,False,False,False,False,True,False,False,2,3,3,2.0,1.997443,2017-01-12,2019-01-08,Venture - Series Unknown,2017,125.66666666666669,True,True,True,False,21.7,15.7,False,False,True,False,False,False,False,False,False,False,False,False,0,0,False,False,False,True,True,True,True,False,False,False,False,False,False,False,False,3,2.0,True,True,True,True,False,False,False,False,False,False,False,True,True,1,1,True,4,1,0.25,0.2231435513142097,0.09454061068473324,0.07721911579665228,0.057293508054558843,0.10842683825083807,0.10842683825083807,0.10842683825083807,0.10842683825083807,0.057293508054558843,0.06161525456955938,0.06593700108455992,0.035518363773373106,0.00864355576901858,0.05294940182194702,2.31,7.696667081526462,False,False,True,False,True,True,,,0,0,0,0,0,0,0,0,2,2,2,2
15212,ecomo,https://www.crunchbase.com/organization/ecomo,United Kingdom,53.7593363,-2.6992717,2015,1.0,True,False,False,True,False,False,False,False,False,False,False,True,False,True,0,2,4,0.0,0.0,2015-11-01,2016-07-24,Seed,2015,124.25,False,,True,,2.2,17.0,False,,True,,True,,True,,True,,False,,0,0,False,,False,False,,False,,False,,False,,False,,False,,0,,False,,False,False,,True,True,True,False,False,False,False,False,24,0,False,2,1,0.5,0.4054651081081644,0.04319168756185157,7.896243801662174,5.332483561673566,9.60307852415249,5.332483561673566,7.896243801662174,9.60307852415249,0.0,0.0,0.0,7.2436043561468715,0.06251728170655828,12.931949278769622,2.31,7.170888478512505,False,False,False,False,False,False,,,0,0,0,0,0,0,0,0,0,0,0,0
15189,Cambridge Energy Partners,https://www.crunchbase.com/organization/cambridge-energy-partners,United Kingdom,52.2055314,0.1186637,2015,1.0,True,True,True,True,True,False,False,False,False,False,False,True,False,False,5,1,1,0.0,0.0,2020-01-01,2020-01-01,Seed,2020,1.0,True,,False,,26.0,0.0,False,,False,,False,,False,,False,,False,,0,0,False,,False,True,,False,,False,,False,,False,,False,,1,,True,,True,True,,False,False,False,False,False,False,True,True,20,1,True,57,15,0.2631578947368421,0.2336148511815051,0.0,0.07806689463317365,0.07806689463317365,0.07806689463317365,0.07806689463317365,0.07806689463317365,0.07806689463317365,0.0,0.0,0.0,0.0,0.0,0.0,2.31,7.901377353792616,False,False,False,False,False,False,,,0,0,0,0,0,0,0,0,0,0,1,0
15085,Advizzo,https://www.crunchbase.com/organization/advizzo,United Kingdom,51.4893335,-0.1440551,2015,3.0,True,True,True,True,True,False,False,False,False,True,True,True,False,True,1,1,1,0.0,0.0,2016-03-01,2016-03-01,Series A,2016,8.0,True,,False,,5.0,2.0,True,,False,,False,,False,,False,,False,,1,0,True,,True,True,,True,,True,,True,,True,,True,,1,,True,,True,True,,False,False,False,False,False,False,True,True,643,5,True,1299,330,0.2540415704387991,0.2263715919314456,0.004639509600861782,0.0,0.0,0.0,0.0,0.0,0.0,0.0,0.0,0.0,0.0,0.0,0.0,2.31,6.803505257608338,False,False,True,False,True,True,,,1,0,1,0,1,0,1,0,1,0,1,0
10597,BladeInsight,https://www.crunchbase.com/organization/pro-drone,Portugal,38.717239,-9.3020403,2015,1.0,True,True,True,True,True,True,False,False,True,True,False,True,False,True,0,3,2,1.0,0.265518,2015-10-01,2021-03-10,Seed,2015,77.0,True,False,True,True,5.8,3.5,True,True,False,False,True,True,False,False,False,False,False,False,0,0,False,False,False,True,False,True,False,True,False,True,False,True,False,True,False,2,0.0,True,False,False,True,False,False,False,False,False,False,False,True,True,49,0,False,3,0,0.0,0.0,0.014393804274428325,0.917645511195485,0.012644741635711353,1.8226462807552588,0.012644741635711353,0.6159785880088938,1.8226462807552588,1.8226462807552588,1.8226462807552588,1.8226462807552588,1.2069468098066434,0.0,1.8104202147099653,2.31,3.824284091120139,False,False,False,False,False,False,,,2,0,2,0,2,0,2,0,2,0,2,0
7298,klarx,https://www.crunchbase.com/organization/klarx,Germany,48.1371079,11.5753822,2015,3.0,True,True,True,True,False,True,False,False,False,False,False,True,True,False,2,3,1,1.0,0.0,2017-01-01,2017-01-01,Venture - Series Unknown,2017,6.0,False,False,True,True,11.0,0.0,False,False,False,False,False,False,False,False,False,False,False,False,0,0,False,False,False,False,False,False,False,False,False,False,False,False,False,False,False,0,0.0,False,False,False,True,True,False,False,False,False,True,True,True,True,129,2,True,123,45,0.3658536585365853,0.3117796240308413,0.0,0.3594705526783185,0.3594705526783185,0.3594705526783185,0.0,0.0,0.0,0.3594705526783185,0.3594705526783185,0.3594705526783185,0.0,0.0,0.0,2.31,7.244941546337007,False,True,True,True,True,True,,,0,0,0,0,0,0,0,0,0,0,0,0
7236,NexWafe,https://www.crunchbase.com/organization/nexwafe,Germany,47.9960901,7.8494005,2015,4.0,True,False,True,True,True,False,False,False,False,False,False,True,False,False,0,2,1,0.0,0.0,2015-07-13,2015-07-13,Series D,2015,34.0,False,,True,,14.0,5.0,False,,False,,False,,False,,False,,False,,0,0,False,,False,False,,False,,False,,False,,False,,False,,2,,True,,True,True,,False,False,False,False,True,True,True,True,5,0,False,3,1,0.3333333333333333,0.2876820724517809,0.08636230618585528,0.27728598891551026,0.27728598891551026,0.27728598891551026,0.27728598891551026,0.27728598891551026,0.27728598891551026,0.0,0.0,0.0,0.0,0.0,0.0,2.31,6.803505257608338,False,True,True,True,True,True,,,0,0,0,0,0,0,0,0,0,0,0,0
7385,FlyNex,https://www.crunchbase.com/organization/flynex-2,Germany,51.3406321,12.3747329,2015,4.0,True,False,True,True,False,False,False,False,False,True,False,True,True,True,2,3,2,2.0,3.53106,2017-08-10,2017-08-10,Venture - Series Unknown,2017,239.0,True,True,True,True,9.8,38.0,False,False,True,True,False,False,False,False,False,False,False,False,3,3,True,True,False,True,True,True,True,True,True,True,True,True,True,True,True,4,4.0,True,True,True,False,False,False,False,False,False,True,True,True,True,5,0,False,14,5,0.3571428571428571,0.3053816495511818,0.14786552184653276,0.09366141843907763,0.0,0.3746456737563105,0.0,0.0,0.0,0.0,0.09366141843907763,0.3746456737563105,0.18732283687815526,0.0,0.3746456737563105,2.31,7.244941546337007,False,False,True,False,True,True,,,3,3,3,3,3,3,3,3,3,3,3,3
6345,NabraWind Technologies,https://www.crunchbase.com/organization/nabrawind-technologies,Spain,42.815686,-1.6522353,2015,2.0,True,False,True,True,True,False,False,False,False,False,False,True,False,False,5,1,1,0.0,0.302656,2020-11-05,2020-11-05,Corporate Round,2020,151.0,False,,True,,10.0,7.0,True,,False,,True,,False,,False,,False,,0,0,False,,False,False,,False,,False,,False,,False,,False,,0,,False,,False,False,,False,False,False,False,False,False,True,True,3,0,False,4,1,0.25,0.2231435513142097,0.3165795575061825,1.0990237928144848,1.0990237928144848,1.0990237928144848,1.0990237928144848,1.0990237928144848,1.0990237928144848,0.0,0.0,0.0,0.0,0.0,0.0,2.31,6.68586094706836,False,False,True,False,True,True,,,0,0,0,0,0,0,0,0,0,0,0,0
20495,HYMETH,https://www.crunchbase.com/organization/hymeth,Denmark,55.736468,12.5088728,2016,1.0,True,True,True,True,False,False,False,False,False,False,False,False,False,False,4,2,2,1.0,1.156752,2020-09-21,2021-10-15,Venture - Series Unknown,2020,151.0,False,False,True,True,6.5,9.5,True,True,True,False,True,True,False,False,False,False,False,False,0,0,False,False,False,False,False,False,False,False,False,False,False,False,False,False,False,0,0.0,False,False,False,False,False,True,True,False,False,False,False,True,False,66,2,True,148,39,0.2635135135135135,0.2338963430904715,0.0067299315781749955,5.31920266166611,0.6654362180928366,9.972969105239384,9.972969105239384,9.972969105239384,9.972969105239384,0.6654362180928366,0.6654362180928366,0.6654362180928366,10.47387204828326,10.47387204828326,10.47387204828326,1.97,5.707110264748875,False,False,True,False,True,True,,,0,0,0,0,0,0,0,0,0,0,0,0
6274,Triditive,https://www.crunchbase.com/organization/triditive,Spain,43.5449422,-5.66275,2016,3.0,True,False,False,True,True,False,False,False,False,True,False,False,False,False,3,2,2,1.0,7.028846,2019-07-15,2020-11-01,Seed,2019,25.0,False,False,True,True,10.3,353.3,False,False,True,True,True,True,False,False,False,False,True,False,0,0,False,False,False,False,False,False,False,False,False,False,False,False,False,False,False,0,0.0,False,False,False,False,False,True,True,True,True,False,False,False,False,5,0,False,4,0,0.0,0.0,0.3836631752329943,6.878608860167581,5.181210008872212,7.7273082858152655,5.181210008872212,6.4542591473437385,7.7273082858152655,7.7273082858152655,7.7273082858152655,7.7273082858152655,1.903509419340974,0.0,2.855264129011461,1.97,5.993961427306569,False,False,False,False,False,False,,,0,0,0,0,0,0,0,0,0,0,0,0
3809,Aerosint,https://www.crunchbase.com/organization/aerosint,Belgium,50.6450944,5.5736112,2016,2.0,True,False,False,True,True,False,False,False,False,True,False,False,False,False,1,1,2,1.0,0.31827,2017-02-20,2017-02-20,Seed,2017,42.0,True,True,False,False,17.0,4.0,True,True,False,False,False,False,False,False,False,False,False,False,1,0,True,False,False,True,True,True,False,True,False,True,False,True,False,True,False,2,1.0,True,True,True,True,True,False,False,False,False,False,False,True,True,27,0,False,10,3,0.3,0.262364264467491,0.0888431813418539,0.04442159067092699,0.0,0.08884318134185398,0.0,0.0,0.0,0.08884318134185398,0.08884318134185398,0.08884318134185398,0.08884318134185398,0.08884318134185398,0.08884318134185398,1.97,5.303304908059076,True,False,False,True,True,True,2021-07-12,5.0,1,0,1,0,1,0,1,0,1,0,2,1
4073,Satelligence,https://www.crunchbase.com/organization/satelligence,The Netherlands,52.0907006,5.1215634,2016,1.0,True,False,False,True,False,False,False,False,False,True,False,True,False,False,4,1,1,0.0,2.264601,2020-11-25,2020-11-25,Seed,2020,17.0,True,,False,,1.0,0.0,True,,False,,False,,False,,False,,False,,0,0,False,,False,True,,True,,False,,False,,False,,False,,1,,True,,True,False,,False,False,False,False,False,False,True,True,194,1,True,23,3,0.1304347826086956,0.1226023220923323,0.035062214289133406,0.05537293633615812,0.05537293633615812,0.05537293633615812,0.05537293633615812,0.05537293633615812,0.05537293633615812,0.0,0.0,0.0,0.0,0.0,0.0,1.97,6.55250788703459,False,False,False,False,False,False,,,0,0,0,0,0,0,0,0,1,0,1,0
10785,Undersee,https://www.crunchbase.com/organization/undersee,Portugal,40.2111931,-8.4294632,2016,1.0,True,False,False,True,True,False,True,False,False,False,False,True,False,False,3,1,1,1.0,0.0,2019-03-14,2019-03-14,Seed,2019,38.0,False,False,True,True,1.0,0.0,True,True,False,False,True,True,False,False,False,False,False,False,0,0,False,False,False,False,False,False,False,False,False,False,False,False,False,False,False,0,0.0,False,False,False,True,True,False,False,False,False,False,False,True,True,1,0,False,9,1,0.1111111111111111,0.1053605156578263,0.17785466043470477,2.568273762377335,2.568273762377335,2.568273762377335,0.0,0.0,0.0,2.568273762377335,2.568273762377335,2.568273762377335,0.0,0.0,0.0,1.97,3.86702563949741,False,False,False,False,False,False,,,0,0,0,0,0,0,0,0,0,0,0,0
1279,Elum Energy,https://www.crunchbase.com/organization/elum-energy,France,48.8534951,2.3483915,2016,1.0,True,True,True,True,True,False,False,False,False,True,False,True,False,False,1,1,1,0.0,0.0,2017-07-17,2017-07-17,Series B,2017,145.0,True,,False,,13.0,37.0,False,,True,,False,,False,,True,,False,,1,0,True,,True,True,,True,,True,,True,,True,,True,,1,,True,,True,True,,False,False,False,False,False,False,True,True,267,4,True,500,176,0.352,0.3015849776207723,0.0006205248203236772,0.0,0.0,0.0,0.0,0.0,0.0,0.0,0.0,0.0,0.0,0.0,0.0,1.97,6.803505257608338,False,False,True,False,True,True,,,1,0,1,0,1,0,1,0,1,0,1,0
291,SEEDiA,https://www.crunchbase.com/organization/seedia,Poland,50.0619474,19.9368564,2016,2.0,True,False,True,True,True,True,False,False,False,True,False,True,False,False,1,1,1,1.0,0.265,2017-07-17,2017-07-17,Seed,2017,36.0,False,False,True,True,1.0,6.0,False,False,False,False,False,False,False,False,False,False,False,False,0,0,False,False,False,False,False,False,False,False,False,False,False,False,False,False,False,1,1.0,True,True,True,True,True,False,False,False,False,False,False,True,True,13,0,False,41,6,0.1463414634146341,0.1365755350057507,0.25256392777356135,0.25256392777356124,0.25256392777356124,0.25256392777356124,0.0,0.0,0.0,0.25256392777356124,0.25256392777356124,0.25256392777356124,0.0,0.0,0.0,1.97,3.843744164674851,False,False,False,False,False,False,,,0,0,0,0,0,0,0,0,0,0,0,0
7320,Ecoligo,https://www.crunchbase.com/organization/ecoligo,Germany,52.510885,13.3989367,2016,2.0,True,True,True,True,False,False,False,False,True,False,False,True,False,False,3,2,1,1.0,7.914676,2019-07-18,2019-07-18,Venture - Series Unknown,2019,8.0,True,True,False,False,22.0,0.0,True,True,False,False,False,False,False,False,False,False,False,False,2,2,True,True,True,True,True,True,True,True,True,True,True,True,True,True,True,2,2.0,True,True,True,True,True,False,False,False,False,True,True,True,True,171,3,True,495,201,0.406060606060606,0.3407918977657293,0.0,0.0,0.0,0.0,0.0,0.0,0.0,0.0,0.0,0.0,0.0,0.0,0.0,1.97,7.650168700845001,False,False,True,False,True,True,,,2,2,2,2,2,2,2,2,2,2,2,2
7286,Metalshub,https://www.crunchbase.com/organization/metalshub,Germany,51.2254018,6.7763137,2016,2.0,True,False,True,True,False,False,False,False,False,True,False,True,False,False,1,4,3,2.0,6.859652,2017-08-01,2018-11-07,Series A,2017,66.66666666666667,True,False,True,True,6.7,16.7,False,False,False,False,False,False,False,False,True,False,False,False,0,0,False,False,False,True,False,True,False,True,False,True,False,False,False,False,False,4,2.0,True,True,False,True,True,True,True,False,False,True,False,True,False,57,0,False,17,4,0.2352941176470588,0.2113090936672069,0.17468247275260293,3.7251139958895743,0.03439935566152479,10.66449933465528,0.03439935566152479,0.03439935566152479,0.03439935566152479,0.4764432973519169,5.570471316003598,10.66449933465528,5.928986219592104,0.0,11.104705646032697,1.97,7.244941546337007,False,False,True,False,True,True,,,0,0,0,0,2,0,2,0,2,0,2,0
1815,POMP,https://www.crunchbase.com/organization/pomp,France,48.8534951,2.3483915,2016,2.0,True,True,True,True,False,False,False,False,False,False,False,False,False,False,1,1,1,0.0,0.0,2017-09-11,2017-09-11,Pre-Seed,2017,0.0,False,,True,,11.0,527.0,False,,True,,True,,False,,False,,False,,0,0,False,,False,False,,False,,False,,False,,False,,False,,0,,False,,False,False,,True,True,True,True,False,False,False,False,267,4,True,500,176,0.352,0.3015849776207723,0.0006205248203236772,7.853780173015904,7.853780173015904,7.853780173015904,7.853780173015904,7.853780173015904,7.853780173015904,0.0,0.0,0.0,0.0,0.0,0.0,1.97,6.803505257608338,False,False,False,False,False,False,,,0,0,0,0,0,0,0,0,0,0,0,0
1633,Ener-Pacte,https://www.crunchbase.com/organization/ener-pacte,France,45.7578137,4.8320114,2016,3.0,True,False,True,True,False,False,False,False,False,False,False,True,False,False,4,1,1,0.0,1.331316,2020-02-01,2020-02-01,Seed,2020,151.0,False,,True,,10.0,7.0,True,,False,,True,,False,,False,,False,,0,0,False,,False,False,,False,,False,,False,,False,,False,,0,,False,,False,False,,False,False,False,False,False,False,True,True,25,1,True,42,12,0.2857142857142857,0.251314428280906,0.1626758580550929,0.6335283990844732,0.6335283990844732,0.6335283990844732,0.6335283990844732,0.6335283990844732,0.6335283990844732,0.0,0.0,0.0,0.0,0.0,0.0,1.97,7.244941546337007,False,False,False,False,False,False,,,0,0,0,0,0,0,0,0,0,0,0,0
13004,PlanetWatchers,https://www.crunchbase.com/organization/planetwatchers,United Kingdom,51.4893335,-0.1440551,2016,3.0,True,True,False,True,False,False,False,False,False,True,False,True,False,False,1,4,7,3.0,6.777038,2017-07-02,2021-06-03,Series A,2017,66.44444444444444,True,True,True,True,9.7,9.2,True,True,True,False,False,False,False,False,False,False,False,False,3,2,True,True,False,True,True,True,True,True,True,True,True,True,True,True,True,3,2.0,True,True,False,True,True,True,True,True,False,False,False,True,False,643,5,True,1628,418,0.2567567567567567,0.2285343999490861,0.004639509600861782,4.098677086103863,0.0,8.616713337577476,0.0,3.932808827370085,7.0247078882690746,0.0,4.3060124095210845,8.616713337577476,5.9176595212531415,0.0,11.888352203154358,1.97,7.696667081526462,False,False,True,False,True,True,,,3,2,3,2,3,2,3,2,3,2,3,2
12977,Cervest,https://www.crunchbase.com/organization/cervest,United Kingdom,51.4893335,-0.1440551,2016,1.0,True,True,False,True,True,False,False,False,False,True,False,True,False,False,3,1,3,1.0,5.521804,2019-08-01,2019-08-01,Series A,2019,30.333333333333332,False,False,True,True,0.7,3.0,True,True,False,False,False,False,False,False,False,False,False,False,0,0,False,False,False,False,False,False,False,False,False,False,False,False,False,False,False,0,0.0,False,False,False,True,True,True,True,True,False,False,False,True,False,643,5,True,1628,417,0.2561425061425061,0.2280455219144165,0.004639509600861782,3.142939341580795,0.34260840402510934,8.616713337577476,0.4694962831397988,4.543104810358638,8.616713337577476,0.34260840402510934,0.34260840402510934,0.34260840402510934,6.08945194627612,0.26495434136353685,9.05034262409997,1.97,8.006700845440367,True,False,True,True,True,True,2023-07-29,7.0,0,0,0,0,0,0,0,0,0,0,0,0
13293,Hydrotherm,https://www.crunchbase.com/organization/hydrotherm,United Kingdom,53.8917524,-1.9922285,2016,1.0,True,False,True,True,True,False,False,False,False,False,False,False,False,False,2,1,1,1.0,0.55824,2018-02-06,2018-02-06,Seed,2018,50.0,False,False,True,True,36.0,6.0,False,False,False,False,False,False,False,False,False,False,False,False,0,0,False,False,False,False,False,False,False,False,False,False,False,False,False,False,False,1,1.0,True,True,True,False,False,False,False,False,False,False,False,True,True,23,0,False,0,0,0.0,0.0,0.0487725455892499,0.17858680306286967,0.17858680306286967,0.17858680306286967,0.0,0.0,0.0,0.17858680306286967,0.17858680306286967,0.17858680306286967,0.0,0.0,0.0,1.97,7.696667081526462,False,False,False,False,False,False,,,0,0,0,0,0,0,0,0,0,0,0,0
13107,OXTO Energy,https://www.crunchbase.com/organization/oxto-energy,United Kingdom,51.2356068,-0.5732063,2016,1.0,True,False,True,True,False,False,False,False,False,False,False,True,False,False,2,2,2,0.0,0.0,2018-05-04,2022-06-09,Seed,2018,88.0,False,,True,,2.5,1.5,False,,False,,True,,True,,True,,False,,0,0,False,,False,False,,False,,False,,False,,False,,False,,0,,False,,False,False,,True,True,True,False,False,False,False,False,640,0,False,12,3,0.25,0.2231435513142097,0.04566179261324702,11.640511550534537,6.33944939355877,16.9415737075103,6.33944939355877,11.640511550534537,16.9415737075103,0.0,0.0,0.0,15.573151178913346,15.573151178913346,15.573151178913346,1.97,7.696667081526462,False,False,False,False,False,False,,,0,0,0,0,0,0,0,0,0,0,0,0
13185,Zebra Fuel,https://www.crunchbase.com/organization/zebra,United Kingdom,51.4893335,-0.1440551,2016,2.0,True,True,True,True,True,False,False,False,False,True,False,False,False,False,2,2,3,1.0,9.1,2018-02-05,2018-11-01,Seed,2018,154.0,True,True,True,False,1.0,27.7,False,False,True,True,False,False,False,False,True,True,False,False,2,1,True,True,False,True,True,True,True,True,True,True,True,True,True,True,True,2,1.0,True,True,False,True,True,True,True,False,False,False,False,True,False,643,5,True,1628,418,0.2567567567567567,0.2285343999490861,0.004639509600861782,1.1524188396672133,0.0,3.45725651900164,0.0,1.72862825950082,3.45725651900164,0.0,0.0,0.0,2.3048376793344265,0.0,3.45725651900164,1.97,7.696667081526462,False,False,False,False,False,False,,,2,1,2,1,2,1,2,1,2,1,2,1
13198,ebb3,https://www.crunchbase.com/organization/ebb3,United Kingdom,53.2796187,-2.2443618,2016,2.0,True,False,True,True,True,False,False,False,False,False,False,False,False,False,1,1,1,1.0,1.280833,2017-05-30,2017-05-30,Venture - Series Unknown,2017,173.0,False,False,True,True,8.0,32.0,False,False,True,True,False,False,False,False,False,False,False,False,0,0,False,False,False,False,False,False,False,False,False,False,False,False,False,False,False,1,1.0,True,True,True,False,False,False,False,False,False,False,False,True,True,27,0,False,15,2,0.1333333333333333,0.125163142954006,0.022224641707536116,0.3147953691123414,0.3147953691123414,0.3147953691123414,0.0,0.0,0.0,0.3147953691123414,0.3147953691123414,0.3147953691123414,0.0,0.0,0.0,1.97,7.696667081526462,False,False,True,False,True,True,,,0,0,0,0,0,0,0,0,0,0,0,0
13152,Spotless Water,https://www.crunchbase.com/organization/spotless-water,United Kingdom,51.262826,-1.0861976,2016,1.0,False,False,False,True,False,False,False,False,False,False,False,True,False,False,4,1,1,1.0,0.67447,2020-05-27,2020-05-27,Private Equity,2020,37.0,False,False,True,True,2.0,1.0,False,False,False,False,False,False,False,False,False,False,False,False,0,0,False,False,False,False,False,False,False,False,False,False,False,False,False,False,False,1,1.0,True,True,True,False,False,False,False,False,False,False,False,True,True,14,0,False,3,1,0.3333333333333333,0.2876820724517809,0.05567725704998799,0.10446813565932524,0.10446813565932524,0.10446813565932524,0.0,0.0,0.0,0.10446813565932524,0.10446813565932524,0.10446813565932524,0.0,0.0,0.0,1.97,7.901377353792616,False,False,True,False,True,True,,,0,0,0,0,0,0,0,0,0,0,0,0
11737,CyanoGuard AG,https://www.crunchbase.com/organization/cyanoguard-ag,Switzerland,47.2278988,8.6701365,2016,1.0,True,True,False,True,True,False,False,True,False,False,False,False,False,False,1,2,2,1.0,3.575429,2017-09-01,2020-04-14,Seed,2017,40.666666666666664,True,True,True,False,4.7,4.0,False,False,False,False,False,False,False,False,False,False,False,False,0,0,False,False,False,True,True,True,True,True,True,True,True,True,True,True,True,3,1.0,True,True,True,True,True,False,False,False,False,True,True,True,True,121,2,True,1,0,0.0,0.0,0.018981781336107884,0.08848948481201831,0.018981781336107815,0.22750489176383926,0.018981781336107815,0.12324333654997352,0.22750489176383926,0.018981781336107815,0.018981781336107815,0.018981781336107815,0.15207534527277403,0.0,0.22811301790916105,1.97,5.707110264748875,False,False,False,False,False,False,,,2,1,2,1,2,1,2,1,2,1,2,1
12627,WATR,https://www.crunchbase.com/organization/watr,United Kingdom,52.6285576,1.2923954,2017,2.0,True,False,True,True,True,False,False,False,False,False,False,True,False,False,1,2,2,0.0,0.494073,2018-05-10,2020-01-03,Seed,2018,371.0,False,,True,,10.0,14.0,False,,False,,True,,False,,False,,False,,0,0,False,,False,False,,False,,False,,False,,False,,False,,0,,False,,False,False,,True,True,False,False,False,False,False,False,3,0,False,9,1,0.1111111111111111,0.1053605156578263,0.09245881349671337,13.127041406270942,9.477622130401672,16.77646068214021,9.477622130401672,13.127041406270942,16.77646068214021,0.0,0.0,0.0,7.417620751389655,7.417620751389655,7.417620751389655,2.84,7.696667081526462,False,False,False,False,False,False,,,0,0,0,0,0,0,0,0,0,0,0,0
12596,BunkerEx,https://www.crunchbase.com/organization/bunkerex,United Kingdom,51.4893335,-0.1440551,2017,2.0,True,True,True,True,True,False,False,False,True,False,False,False,False,False,0,2,2,0.0,2.068021,2017-08-29,2020-11-01,Seed,2017,213.5,True,,True,,6.5,37.0,True,,False,,True,,False,,True,,False,,1,0,True,,False,True,,True,,True,,True,,True,,True,,1,,True,,False,True,,True,True,False,False,False,False,True,False,643,5,True,1905,471,0.247244094488189,0.2209363929217342,0.004639509600861782,5.4284562718504255,0.0,10.856912543700851,0.0,5.4284562718504255,10.856912543700851,0.0,0.0,0.0,10.856912543700851,10.856912543700851,10.856912543700851,2.84,7.696667081526462,False,False,False,False,False,False,,,1,0,1,0,1,0,1,0,1,0,1,0
12667,No1 Rosemary Water,https://www.crunchbase.com/organization/no1-rosemary-water,United Kingdom,51.4893335,-0.1440551,2017,1.0,False,True,False,True,False,False,True,False,False,False,False,False,False,False,1,1,1,1.0,0.0,2018-01-01,2018-01-01,Equity Crowdfunding,2018,24.0,True,True,False,False,1.0,4.0,False,False,False,False,False,False,False,False,False,False,False,False,1,1,True,True,True,True,True,True,True,True,True,True,True,True,True,True,True,1,1.0,True,True,True,True,True,False,False,False,False,False,False,True,True,643,5,True,1905,471,0.247244094488189,0.2209363929217342,0.004639509600861782,0.0,0.0,0.0,0.0,0.0,0.0,0.0,0.0,0.0,0.0,0.0,0.0,2.84,7.696667081526462,False,False,False,False,False,False,,,1,1,1,1,1,1,1,1,1,1,1,1
12686,PowerMarket,https://www.crunchbase.com/organization/powermarket-2,United Kingdom,51.7520131,-1.2578499,2017,3.0,True,True,True,True,False,False,False,False,False,True,False,True,True,True,3,2,4,2.0,0.0,2020-01-27,2020-07-05,Pre-Seed,2020,76.33333333333333,True,True,True,True,8.5,136.5,False,False,True,True,True,True,True,True,True,True,False,False,0,0,False,False,False,True,True,False,False,False,False,False,False,False,False,False,False,3,1.0,True,True,False,True,True,True,True,True,False,False,False,True,False,18,1,True,65,25,0.3846153846153846,0.3254224004346279,0.0,1.925193778137868,0.08225276663828812,7.454016812636608,0.08225276663828812,0.08225276663828812,0.08225276663828812,0.08225276663828812,3.768134789637448,7.454016812636608,3.7665835104544096,0.0,7.533167020908819,2.84,7.901377353792616,False,False,False,False,False,False,,,0,0,0,0,0,0,0,0,0,0,3,1
12525,OilX,https://www.crunchbase.com/organization/oilx,United Kingdom,51.4893335,-0.1440551,2017,1.0,True,True,True,True,True,False,False,False,True,True,False,False,False,False,0,1,1,0.0,2.2,2017-09-01,2017-09-01,Seed,2017,5.0,False,,True,,0.0,0.0,True,,False,,False,,False,,False,,False,,0,0,False,,False,False,,False,,False,,False,,False,,False,,0,,False,,False,False,,True,True,False,False,False,False,False,False,643,5,True,1905,470,0.2467191601049868,0.2205154289079401,0.004639509600861782,10.856912543700851,10.856912543700851,10.856912543700851,10.856912543700851,10.856912543700851,10.856912543700851,0.0,0.0,0.0,0.0,0.0,0.0,2.84,7.696667081526462,True,False,False,True,True,True,2023-02-01,6.0,0,0,0,0,0,0,0,0,0,0,0,0
11314,MPower Ventures,https://www.crunchbase.com/organization/mpower-ventures-5418,Switzerland,47.3744489,8.5410422,2017,3.0,True,True,True,True,False,False,False,False,False,False,False,True,False,False,3,1,1,0.0,1.603275,2020-03-13,2020-03-13,Venture - Series Unknown,2020,151.0,False,,True,,10.0,7.0,True,,False,,True,,False,,False,,False,,0,0,False,,False,False,,False,,False,,False,,False,,False,,0,,False,,False,False,,False,False,False,False,False,False,True,True,123,2,True,106,32,0.3018867924528302,0.2638145910451375,0.0,0.50326484106299,0.50326484106299,0.50326484106299,0.50326484106299,0.50326484106299,0.50326484106299,0.0,0.0,0.0,0.0,0.0,0.0,2.84,6.2166061010848646,False,False,True,False,True,True,,,0,0,0,0,0,0,0,0,0,0,0,0
12153,PVcase,https://www.crunchbase.com/organization/pvcase,Lithuania,54.6870458,25.2829111,2017,2.0,True,False,True,True,False,False,False,False,False,True,False,True,False,True,1,2,2,1.0,0.286437,2018-10-05,2019-02-01,Series B,2018,41.0,True,True,False,False,3.7,2.0,True,False,False,False,False,False,False,False,False,False,False,False,3,1,True,True,True,True,True,True,True,True,True,True,True,True,True,True,True,3,1.0,True,True,True,False,False,False,False,False,False,False,False,True,True,21,0,False,56,8,0.1428571428571428,0.1335313926245225,0.3931527714736103,0.0,0.0,0.0,0.0,0.0,0.0,0.0,0.0,0.0,0.0,0.0,0.0,2.84,3.66612246699132,False,True,True,True,True,True,,,3,1,3,1,3,1,3,1,3,1,3,1
7934,ucair,https://www.crunchbase.com/organization/ucair-gmbh,Germany,52.510885,13.3989367,2017,2.0,True,True,True,True,False,True,False,False,False,True,False,True,False,False,0,2,1,0.0,0.0,2017-03-30,2017-03-30,Seed,2017,59.0,True,,False,,0.0,11.0,False,,False,,False,,False,,False,,False,,2,0,True,,True,True,,True,,True,,True,,True,,True,,2,,True,,True,True,,False,False,False,False,True,True,True,True,171,3,True,578,223,0.3858131487889273,0.3262870783959817,0.0,0.0,0.0,0.0,0.0,0.0,0.0,0.0,0.0,0.0,0.0,0.0,0.0,2.84,7.244941546337007,True,False,False,True,True,True,2020-01-01,3.0,2,0,2,0,2,0,2,0,2,0,2,0
6166,RatedPower,https://www.crunchbase.com/organization/ratedpower,Spain,40.4237276,-3.6899043,2017,3.0,True,True,True,True,False,False,False,False,False,True,False,True,False,False,1,1,1,1.0,0.02,2018-09-10,2018-09-10,Series A,2018,0.0,False,False,True,True,12.0,527.0,False,False,True,True,True,True,False,False,False,False,False,False,0,0,False,False,False,False,False,False,False,False,False,False,False,False,False,False,False,0,0.0,False,False,False,False,False,True,True,True,True,False,False,False,False,101,2,True,214,37,0.1728971962616822,0.1594769241099323,0.0013966316113990815,8.067062198915803,8.067062198915803,8.067062198915803,0.0,0.0,0.0,8.067062198915803,8.067062198915803,8.067062198915803,0.0,0.0,0.0,2.84,6.2166061010848646,True,False,True,True,True,True,2022-09-14,5.0,0,0,0,0,0,0,0,0,0,0,0,0
20833,Port Safety,https://www.crunchbase.com/organization/port-safety,Denmark,56.0,10.0,2017,2.0,True,False,True,True,True,False,False,False,False,False,False,True,False,False,1,1,1,1.0,0.0,2018-06-01,2018-06-01,Seed,2018,48.0,False,False,True,True,4.0,3.0,False,False,False,False,False,False,False,False,False,False,False,False,0,0,False,False,False,False,False,False,False,False,False,False,False,False,False,False,False,1,1.0,True,True,True,False,False,False,False,False,False,False,False,True,True,8,0,False,5,0,0.0,0.0,0.16418004266816283,0.11643859485090256,0.11643859485090256,0.11643859485090256,0.0,0.0,0.0,0.11643859485090256,0.11643859485090256,0.11643859485090256,0.0,0.0,0.0,2.84,5.707110264748875,False,False,False,False,False,False,,,0,0,0,0,0,0,0,0,0,0,0,0
7168,Enpal,https://www.crunchbase.com/organization/enpal,Germany,52.510885,13.3989367,2017,3.0,True,True,True,True,True,False,False,False,False,False,False,True,False,False,0,4,1,1.0,0.0,2017-07-25,2018-07-20,Venture - Series Unknown,2017,172.0,False,False,True,True,2.5,15.0,False,False,False,False,False,False,False,False,False,False,False,False,0,0,False,False,False,False,False,False,False,False,False,False,False,False,False,False,False,4,4.0,True,True,True,True,True,False,False,False,False,True,True,True,True,171,3,True,578,223,0.3858131487889273,0.3262870783959817,0.0,0.503232713780143,0.503232713780143,0.503232713780143,0.0,0.0,0.0,0.503232713780143,0.503232713780143,0.503232713780143,0.0,0.0,0.0,2.84,7.244941546337007,False,True,True,True,True,True,,,0,0,0,0,0,0,0,0,0,0,0,0
4292,SolarCreed,https://www.crunchbase.com/organization/solarcreed,The Netherlands,52.3730796,4.8924534,2017,2.0,True,True,True,True,True,True,False,False,False,True,True,True,False,False,0,2,2,2.0,0.2,2017-09-01,2018-02-01,Seed,2017,108.5,True,True,False,False,5.5,6.5,True,True,True,True,True,True,False,False,False,False,False,False,2,2,True,True,True,True,True,True,True,True,True,True,True,True,True,True,True,2,2.0,True,True,True,True,True,False,False,False,False,False,False,True,True,169,1,True,226,50,0.2212389380530973,0.1998658664448641,0.0,0.0,0.0,0.0,0.0,0.0,0.0,0.0,0.0,0.0,0.0,0.0,0.0,2.84,5.993961427306569,False,False,False,False,False,False,,,2,2,2,2,2,2,2,2,2,2,2,2
10877,TechMet,https://www.crunchbase.com/organization/techmet-limited,Ireland,53.3436671,-6.2544366,2017,1.0,True,True,True,True,False,False,False,False,False,False,False,True,False,False,1,3,2,1.0,1.5,2018-06-01,2020-10-01,Private Equity,2018,11.666666666666666,False,False,True,True,16.3,2.0,False,False,False,False,False,False,True,False,True,False,False,False,0,0,False,False,False,False,False,False,False,False,False,False,False,False,False,False,False,0,0.0,False,False,False,False,False,True,True,True,False,False,False,False,False,34,0,False,152,37,0.2434210526315789,0.2178664942133659,0.0007540886496293537,6.176474578364326,5.919921321628515,6.689581091835945,5.919921321628515,6.304751206732229,6.689581091835945,5.919921321628515,5.919921321628515,5.919921321628515,8.402457251633697,0.0,12.603685877450546,2.84,5.707110264748875,False,True,True,True,True,True,,,0,0,0,0,0,0,0,0,0,0,0,0
3839,Shayp,https://www.crunchbase.com/organization/shayp,Belgium,50.8465573,4.351697,2017,3.0,True,True,False,True,False,False,False,False,True,True,False,True,True,False,3,1,3,1.0,2.307587,2020-12-03,2020-12-03,Seed,2020,14.666666666666666,True,False,True,True,12.7,0.7,False,False,False,False,False,False,False,False,False,False,False,False,1,0,True,False,False,True,False,True,False,True,False,True,False,True,False,True,False,2,0.0,True,False,False,True,True,False,False,False,False,True,False,True,True,76,0,False,58,8,0.1379310344827586,0.1292117314800061,0.0,0.23381196203478818,0.0,0.6501638269462,0.0,0.025636029579082297,0.05127205915816459,0.6501638269462,0.6501638269462,0.6501638269462,0.4648725841126118,0.05127205915816459,0.6931818662334706,2.84,6.2166061010848646,False,False,False,False,False,False,,,1,0,1,0,1,0,1,0,2,0,2,0
3880,Fishtripr,https://www.crunchbase.com/organization/fishtripr,Belgium,50.8465573,4.351697,2017,3.0,False,True,False,True,False,True,False,False,False,False,False,True,False,False,2,1,2,0.0,0.859154,2019-02-11,2019-02-11,Seed,2019,41.0,True,,False,,4.0,0.5,False,,False,,True,,False,,False,,False,,0,0,False,,False,True,,True,,True,,False,,False,,False,,2,,True,,True,False,,False,False,False,False,False,False,True,True,76,0,False,58,8,0.1379310344827586,0.1292117314800061,0.0,0.06882343591032991,0.048803690478805825,0.08884318134185398,0.048803690478805825,0.06882343591032991,0.08884318134185398,0.0,0.0,0.0,0.08392570334804395,0.08392570334804395,0.08392570334804395,2.84,5.993961427306569,False,False,False,False,False,False,,,0,0,0,0,0,0,1,0,1,0,2,0
3706,SmartEnds,https://www.crunchbase.com/organization/brighterbins,Belgium,51.0538286,3.7250121,2017,2.0,True,False,False,True,False,True,False,False,False,True,False,True,True,False,3,1,1,1.0,0.0,2020-05-26,2020-05-26,Pre-Seed,2020,93.0,False,False,True,True,3.0,4.0,True,True,False,False,True,True,False,False,False,False,False,False,0,0,False,False,False,False,False,False,False,False,False,False,False,False,False,False,False,0,0.0,False,False,False,True,True,False,False,False,False,False,False,True,True,52,1,True,16,7,0.4375,0.3629054936893685,0.04958265241978795,1.0850944910142308,1.0850944910142308,1.0850944910142308,0.0,0.0,0.0,1.0850944910142308,1.0850944910142308,1.0850944910142308,0.0,0.0,0.0,2.84,6.2166061010848646,False,False,False,False,False,False,,,0,0,0,0,0,0,0,0,0,0,0,0
2811,Mint Energie,https://www.crunchbase.com/organization/mint-energie,France,43.632161,3.859425,2017,1.0,True,False,True,True,False,True,False,False,False,True,False,False,False,False,1,1,1,1.0,2.457546,2018-04-06,2018-04-06,Seed,2018,7.0,False,False,True,True,11.0,6.0,False,False,False,False,False,False,False,False,False,False,False,False,0,0,False,False,False,False,False,False,False,False,False,False,False,False,False,False,False,0,0.0,False,False,False,False,False,True,True,False,False,False,False,False,False,4,0,False,7,2,0.2857142857142857,0.251314428280906,0.28562160742785886,16.705433124447218,16.705433124447218,16.705433124447218,0.0,0.0,0.0,16.705433124447218,16.705433124447218,16.705433124447218,0.0,0.0,0.0,2.84,7.0909098220799835,False,False,False,False,False,False,,,0,0,0,0,0,0,0,0,0,0,0,0
7541,Solarworx,https://www.crunchbase.com/organization/solarworx,Germany,52.510885,13.3989367,2017,3.0,True,True,True,True,False,False,False,False,False,False,False,True,False,False,3,2,1,0.0,2.092224,2020-07-28,2020-07-28,Series A,2020,151.0,False,,True,,10.0,7.0,True,,False,,True,,False,,False,,False,,0,0,False,,False,False,,False,,False,,False,,False,,False,,0,,False,,False,False,,False,False,False,False,False,False,True,True,171,3,True,578,224,0.3875432525951557,0.327534739194137,0.0,0.5551378629882436,0.5551378629882436,0.5551378629882436,0.5551378629882436,0.5551378629882436,0.5551378629882436,0.0,0.0,0.0,0.0,0.0,0.0,2.84,7.550135342488429,False,False,True,False,True,True,,,0,0,0,0,0,0,0,0,0,0,0,0
11629,Tinamu,https://www.crunchbase.com/organization/tinamu-labs,Switzerland,47.3744489,8.5410422,2018,4.0,True,True,True,True,True,True,False,False,False,True,False,True,True,False,2,3,4,1.0,3.943427,2020-08-25,2023-06-19,Seed,2020,47.22222222222222,True,False,True,True,4.2,5.9,False,False,False,False,False,False,True,False,False,False,False,False,1,0,True,False,False,True,False,True,False,True,False,True,False,True,False,True,False,9,2.0,True,True,True,True,False,False,False,False,False,True,True,True,True,123,2,True,124,34,0.2741935483870967,0.2423134674219298,0.0,0.15452979581486306,0.0,0.2241191592544337,0.0,0.1346471205464143,0.2241191592544337,0.2241191592544337,0.2241191592544337,0.2241191592544337,0.10874513307533899,0.0,0.2241191592544337,2.07,6.2166061010848646,False,False,False,False,False,False,,,1,0,3,0,3,0,3,0,3,0,3,0
10730,Klugit Energy,https://www.crunchbase.com/organization/klugit-energy,Portugal,40.640496,-8.6537841,2018,2.0,True,False,False,True,True,True,False,False,False,True,False,False,True,False,0,2,2,1.0,0.000949,2018-11-14,2021-02-15,Seed,2018,203.5,False,False,True,True,8.5,19.5,True,True,False,False,True,True,False,False,False,False,False,False,0,0,False,False,False,False,False,False,False,False,False,False,False,False,False,False,False,1,0.0,True,False,False,True,False,False,False,False,False,False,False,True,True,0,0,False,5,0,0.0,0.0,0.21884672740316308,0.9136809523472026,0.21066016323482376,1.6167017414595815,0.21066016323482376,0.21066016323482376,0.21066016323482376,1.6167017414595815,1.6167017414595815,1.6167017414595815,1.8104202147099653,1.8104202147099653,1.8104202147099653,2.07,3.265759410767051,False,False,False,False,False,False,,,0,0,0,0,0,0,0,0,0,0,0,0
11567,UniSieve,https://www.crunchbase.com/organization/unisieve,Switzerland,47.3744489,8.5410422,2018,1.0,True,True,True,True,True,False,False,False,False,False,False,True,False,False,2,2,4,2.0,9.955364,2020-11-04,2023-04-25,Seed,2020,155.4,True,True,True,True,17.2,8.0,False,False,True,True,True,True,False,False,False,False,True,False,2,1,True,True,False,True,True,True,True,True,True,True,True,True,True,True,True,2,1.0,True,True,False,True,True,False,False,False,False,True,False,True,True,123,2,True,124,34,0.2741935483870967,0.2423134674219298,0.0,0.46219854887786854,0.0,1.0429547916933388,0.0,0.6063938244817214,1.0429547916933388,0.0,0.24590563547208924,0.4918112709441785,0.7552558112724344,0.0,1.4496239477318793,2.07,6.2166061010848646,False,False,False,False,False,False,,,2,1,2,1,2,1,2,1,2,1,2,1
11540,Droople,https://www.crunchbase.com/organization/droople,Switzerland,46.5008111,6.7823914,2018,2.0,True,True,False,True,False,False,False,False,False,True,False,True,False,False,2,1,1,0.0,1.642721,2020-09-29,2020-09-29,Series A,2020,17.0,False,,True,,0.0,2.0,True,,False,,False,,False,,False,,False,,0,0,False,,False,False,,False,,False,,False,,False,,False,,0,,False,,False,False,,False,False,False,False,False,False,True,True,15,1,True,0,0,0.0,0.0,0.011690962531127799,0.34795801719217256,0.34795801719217256,0.34795801719217256,0.34795801719217256,0.34795801719217256,0.34795801719217256,0.0,0.0,0.0,0.0,0.0,0.0,2.07,6.2166061010848646,False,False,True,False,True,True,,,0,0,0,0,0,0,0,0,0,0,0,0
13622,Minviro,https://www.crunchbase.com/organization/minviro,United Kingdom,51.4893335,-0.1440551,2018,2.0,True,True,False,True,True,False,False,False,False,True,False,True,False,False,2,1,1,0.0,2.607086,2020-04-03,2020-04-03,Seed,2020,52.0,True,,False,,9.0,5.0,False,,False,,True,,False,,False,,False,,1,0,True,,True,True,,True,,True,,True,,True,,True,,1,,True,,True,True,,False,False,False,False,False,False,True,True,643,5,True,2148,508,0.2364990689013035,0.2122840549675691,0.004639509600861782,0.0,0.0,0.0,0.0,0.0,0.0,0.0,0.0,0.0,0.0,0.0,0.0,2.07,7.901377353792616,False,False,False,False,False,False,,,1,0,1,0,1,0,1,0,1,0,1,0
10671,AQVA MORE,https://www.crunchbase.com/organization/aqva-more,Portugal,38.6925777,-9.3123076,2018,2.0,True,True,False,True,True,False,False,False,False,False,False,True,False,False,2,1,1,0.0,0.12188,2020-12-22,2020-12-22,Seed,2020,256.0,True,,False,,8.0,32.0,True,,False,,False,,False,,False,,False,,0,0,False,,False,True,,True,,True,,True,,True,,True,,1,,True,,True,True,,False,False,False,False,False,False,True,True,49,0,False,6,0,0.0,0.0,0.015341606885935333,0.015188255432783128,0.015188255432783128,0.015188255432783128,0.015188255432783128,0.015188255432783128,0.015188255432783128,0.0,0.0,0.0,0.0,0.0,0.0,2.07,3.7184382563554808,False,False,False,False,False,False,,,1,0,1,0,1,0,1,0,1,0,1,0
3933,Zeopore Technologies,https://www.crunchbase.com/organization/zeopore-technologies,Belgium,50.879202,4.7011675,2018,2.0,True,False,True,True,True,False,False,False,False,True,False,False,False,False,0,1,2,0.0,0.0,2018-05-16,2018-05-16,Seed,2018,25.5,True,,False,,12.0,5.0,True,,False,,False,,False,,True,,False,,1,0,True,,False,True,,True,,True,,True,,True,,True,,2,,True,,True,True,,False,False,False,False,False,False,True,True,74,1,True,16,2,0.125,0.1177830356563834,0.02479431015650143,0.012397155078250734,0.0,0.024794310156501468,0.0,0.012397155078250734,0.024794310156501468,0.0,0.0,0.0,0.024794310156501468,0.024794310156501468,0.024794310156501468,2.07,5.707110264748875,False,False,False,False,False,False,,,1,0,2,0,2,0,2,0,2,0,2,0
13995,Amphibio,https://www.crunchbase.com/organization/amphibio,United Kingdom,51.4893335,-0.1440551,2018,1.0,False,True,False,True,True,False,False,False,False,True,False,False,False,False,1,2,1,0.0,0.0,2019-07-31,2021-02-15,Seed,2019,127.0,True,,False,,18.0,18.0,False,,False,,False,,False,,False,,False,,2,0,True,,True,True,,True,,True,,True,,True,,True,,2,,True,,True,True,,False,False,False,False,False,False,True,True,643,5,True,2148,508,0.2364990689013035,0.2122840549675691,0.004639509600861782,0.0,0.0,0.0,0.0,0.0,0.0,0.0,0.0,0.0,0.0,0.0,0.0,2.07,8.006700845440367,False,False,False,False,False,False,,,2,0,2,0,2,0,2,0,2,0,2,0
721,Intoto,https://www.crunchbase.com/organization/intoto-74fc,Norway,58.31215,6.96187,2018,3.0,True,False,True,True,True,True,False,False,False,True,False,True,False,False,2,1,2,0.0,0.0,2020-09-20,2020-09-20,Pre-Seed,2020,6.5,False,,True,,5.0,1.0,False,,False,,True,,False,,False,,False,,0,0,False,,False,False,,False,,False,,False,,False,,False,,2,,True,,True,True,,False,False,False,False,False,False,True,True,0,0,False,0,0,0.0,0.0,0.279542080427232,0.19363905727584071,0.10205888063911335,0.2852192339125681,0.10205888063911335,0.19363905727584071,0.2852192339125681,0.0,0.0,0.0,0.3058328175538439,0.3058328175538439,0.3058328175538439,2.07,4.61512051684126,False,False,False,False,False,False,,,0,0,0,0,0,0,0,0,0,0,0,0
952,Woltair,https://www.crunchbase.com/organization/topite,Czech Republic,50.0596288,14.4464593,2018,3.0,True,True,True,True,False,False,False,False,False,True,False,True,False,False,1,2,2,2.0,0.864366,2019-01-01,2019-11-22,Series B,2019,49.0,True,True,False,False,7.0,7.3,False,False,False,False,False,False,False,False,False,False,False,False,3,3,True,True,True,True,True,True,True,True,True,True,True,True,True,True,True,3,3.0,True,True,True,True,True,False,False,False,False,False,False,True,True,59,0,False,100,18,0.18,0.1655144384775733,0.0,0.0,0.0,0.0,0.0,0.0,0.0,0.0,0.0,0.0,0.0,0.0,0.0,2.07,3.40452517175483,False,True,True,True,True,True,,,3,3,3,3,3,3,3,3,3,3,3,3
93,WIDMO Spectral Technologies (formerly SGPR.TECH),https://www.crunchbase.com/organization/sgpr-tech,Poland,50.0619474,19.9368564,2018,4.0,True,False,False,True,True,True,False,False,False,True,False,False,True,False,1,1,1,0.0,4.109713,2019-02-10,2019-02-10,Seed,2019,10.0,True,,False,,4.0,1.0,False,,False,,False,,False,,False,,False,,1,0,True,,True,True,,True,,True,,True,,True,,True,,1,,True,,True,False,,False,False,False,False,False,False,True,True,13,0,False,52,7,0.1346153846153846,0.1262937253242921,0.25256392777356135,0.0,0.0,0.0,0.0,0.0,0.0,0.0,0.0,0.0,0.0,0.0,0.0,2.07,4.619073091157083,False,False,False,False,False,False,,,1,0,1,0,1,0,1,0,1,0,1,0
2278,ZE Energy,https://www.crunchbase.com/organization/ze-energy,France,48.8534951,2.3483915,2018,1.0,True,True,True,True,False,False,False,False,False,False,False,True,False,False,2,1,4,1.0,4.496878,2020-06-17,2020-06-17,Series B,2020,181.25,True,True,True,False,15.0,32.5,True,True,True,False,False,False,False,False,False,False,False,False,3,1,True,True,False,True,True,True,True,True,True,True,True,True,True,True,True,3,1.0,True,True,False,True,True,False,False,False,False,True,False,True,True,267,4,True,645,212,0.3286821705426356,0.2841876018020072,0.0006205248203236772,0.10004335684500874,0.0,0.400173427380035,0.0,0.13339114246001166,0.400173427380035,0.0,0.0,0.0,0.2000867136900175,0.0,0.400173427380035,2.07,7.244941546337007,False,True,True,True,True,True,,,3,1,3,1,3,1,3,1,3,1,3,1
13757,Brenpower,https://www.crunchbase.com/organization/bren-i-leri,United Kingdom,51.4893335,-0.1440551,2018,2.0,True,True,True,True,True,False,True,False,False,True,False,True,False,False,2,2,2,2.0,0.201,2020-07-10,2021-07-13,Seed,2020,39.0,False,False,True,True,8.5,0.0,False,False,False,False,False,False,True,True,False,False,False,False,0,0,False,False,False,False,False,False,False,False,False,False,False,False,False,False,False,0,0.0,False,False,False,False,False,True,True,False,False,False,False,False,False,643,5,True,2148,508,0.2364990689013035,0.2122840549675691,0.004639509600861782,2.4984789294397642,2.4957024738994806,2.501255384980048,0.0,0.0,0.0,2.4957024738994806,2.4984789294397642,2.501255384980048,0.019282556806512946,0.019282556806512946,0.019282556806512946,2.07,7.901377353792616,False,False,False,False,False,False,,,0,0,0,0,0,0,0,0,0,0,0,0
3974,SolarDuck,https://www.crunchbase.com/organization/solarduck,The Netherlands,51.8474946,5.8637771,2019,5.0,True,False,True,True,True,False,False,False,False,False,False,True,False,False,1,2,2,2.0,4.334061,2020-06-01,2022-04-21,Venture - Series Unknown,2020,51.5,False,False,True,True,2.0,2.0,True,True,False,False,True,True,False,False,False,False,False,False,0,0,False,False,False,False,False,False,False,False,False,False,False,False,False,False,False,0,0.0,False,False,False,True,True,False,False,False,False,False,False,True,True,12,1,True,15,2,0.1333333333333333,0.125163142954006,0.08840311608630631,0.8726444238604525,0.7920262524115845,0.9532625953093202,0.0,0.0,0.0,0.7920262524115845,0.8726444238604525,0.9532625953093202,0.3058328175538439,0.3058328175538439,0.3058328175538439,1.81,6.55250788703459,False,False,True,False,True,True,,,0,0,0,0,0,0,0,0,0,0,0,0
21227,Skyfora,https://www.crunchbase.com/organization/skyfora,Finland,60.1717794,24.9413548,2019,1.0,True,True,True,True,True,False,False,False,True,True,False,True,False,False,0,3,5,3.0,4.165447,2019-02-19,2025-03-03,Seed,2019,145.83333333333334,True,True,True,True,15.2,6.7,True,True,True,True,True,True,False,False,True,True,False,False,3,2,True,True,False,True,True,True,True,True,True,True,True,True,True,True,True,3,2.0,True,True,False,True,True,False,False,False,False,False,False,True,True,47,2,True,227,49,0.2158590308370044,0.1954508482357473,0.0004833470476976217,0.6794530066224962,0.0,1.6481780695433328,0.0,0.8240890347716664,1.6481780695433328,0.0,0.607134992547911,1.546284018649189,0.9175572768803274,0.0,1.6481780695433328,1.81,5.707110264748875,False,False,False,False,False,False,,,3,2,3,2,3,2,3,2,3,2,3,2
5826,Clever Solar Devices,https://www.crunchbase.com/organization/clever-solar-devices,Spain,27.9064458,-15.6687052,2019,1.0,True,False,True,True,False,False,False,False,False,False,False,True,False,False,1,1,2,0.0,0.231961,2020-11-18,2020-11-18,Seed,2020,20.0,True,,True,,28.0,0.0,False,,False,,False,,False,,True,,False,,1,0,True,,False,True,,True,,True,,True,,True,,True,,2,,True,,True,False,,False,False,False,False,False,False,True,True,3,0,False,1,0,0.0,0.0,1.3447586302911796,0.911284898862854,0.0,1.822569797725708,0.0,0.911284898862854,1.822569797725708,0.0,0.0,0.0,1.822569797725708,1.822569797725708,1.822569797725708,1.81,6.68586094706836,False,False,False,False,False,False,,,1,0,1,0,1,0,1,0,1,0,1,0
19477,Finapp,https://www.crunchbase.com/organization/finapp,Italy,45.391408,11.8058487,2019,1.0,True,False,True,True,False,False,True,False,False,False,False,True,False,False,1,1,1,1.0,0.0,2020-01-01,2020-01-01,Pre-Seed,2020,9.0,False,False,True,True,1.0,0.0,False,False,False,False,False,False,False,False,False,False,False,False,0,0,False,False,False,False,False,False,False,False,False,False,False,False,False,False,False,0,0.0,False,False,False,False,False,False,False,False,False,False,False,True,True,2,0,False,5,1,0.2,0.1823215567939546,0.20431393613843182,0.6325362174850891,0.6325362174850891,0.6325362174850891,0.0,0.0,0.0,0.6325362174850891,0.6325362174850891,0.6325362174850891,0.0,0.0,0.0,1.81,5.993961427306569,False,False,False,False,False,False,,,0,0,0,0,0,0,0,0,0,0,0,0
10556,Fibersail,https://www.crunchbase.com/organization/fibersail,Portugal,41.1494512,-8.6107884,2019,3.0,True,False,True,True,False,False,False,False,False,True,False,True,False,False,0,3,4,2.0,6.115833,2016-04-01,2022-04-06,Venture - Series Unknown,2016,119.28571428571428,False,False,True,True,14.4,7.6,True,True,True,False,True,True,False,False,True,False,False,False,0,0,False,False,False,False,False,False,False,False,False,False,False,False,False,False,False,2,0.0,True,False,False,True,True,False,False,False,False,False,False,True,True,4,0,False,14,4,0.2857142857142857,0.251314428280906,0.2751799827428438,1.2169127945436307,0.27517998274284416,1.6118367600019867,0.27517998274284416,1.0687706824804246,1.6118367600019867,1.5698199269124604,1.587268074701647,1.6047162224908333,0.9097944407187322,0.0,1.8644845810056878,1.81,3.0155349008501706,False,False,True,False,True,True,,,0,0,0,0,0,0,0,0,0,0,0,0
14257,PF Nexus,https://www.crunchbase.com/organization/pf-nexus,United Kingdom,51.4893335,-0.1440551,2019,2.0,True,True,True,True,False,False,False,False,True,False,False,True,False,True,1,2,2,1.0,0.698151,2020-10-15,2022-11-03,Seed,2020,52.0,True,True,False,False,13.5,7.5,False,False,False,False,False,False,True,True,True,False,False,False,2,1,True,True,True,True,True,True,True,True,True,True,True,True,True,True,True,2,1.0,True,True,True,True,True,False,False,False,False,False,False,True,True,643,5,True,2353,534,0.2269443263918402,0.2045267909355726,0.004639509600861782,0.0,0.0,0.0,0.0,0.0,0.0,0.0,0.0,0.0,0.0,0.0,0.0,1.81,7.901377353792616,False,False,False,False,False,False,,,2,1,2,1,2,1,2,1,2,1,2,1
12245,Inion software,https://www.crunchbase.com/organization/inion-5456,Lithuania,54.6870458,25.2829111,2019,3.0,True,False,True,True,False,False,False,False,False,True,False,True,False,False,0,2,2,1.0,0.592122,2019-08-14,2020-08-14,Seed,2019,27.666666666666668,True,True,False,False,2.7,0.7,True,True,False,False,False,False,False,False,False,False,False,False,3,2,True,True,True,True,True,True,True,True,True,True,True,True,True,True,True,3,2.0,True,True,True,False,False,False,False,False,False,False,False,True,True,21,0,False,80,10,0.125,0.1177830356563834,0.3931527714736103,0.0,0.0,0.0,0.0,0.0,0.0,0.0,0.0,0.0,0.0,0.0,0.0,1.81,3.616308761279101,False,False,False,False,False,False,,,3,2,3,2,3,2,3,2,3,2,3,2
19763,Microchannel Devices,https://www.crunchbase.com/organization/microchannel-devices,Italy,45.1372206,7.7712531,2019,1.0,True,False,True,True,True,False,False,False,False,False,False,False,False,False,0,2,1,1.0,2.22241,2019-12-13,2021-03-12,Seed,2019,50.0,True,True,False,False,1.0,2.0,False,False,False,False,False,False,False,False,False,False,False,False,0,0,False,False,False,True,True,True,True,True,True,True,True,True,True,True,True,2,1.0,True,True,True,False,False,False,False,False,False,False,False,True,True,14,0,False,0,0,0.0,0.0,0.11673983236010876,0.01040185286902107,0.01040185286902107,0.01040185286902107,0.01040185286902107,0.01040185286902107,0.01040185286902107,0.01040185286902107,0.01040185286902107,0.01040185286902107,0.0,0.0,0.0,1.81,5.303304908059076,False,False,False,False,False,False,,,2,1,2,1,2,1,2,1,2,1,2,1
8387,Kitekraft,https://www.crunchbase.com/organization/kitekraft,Germany,48.1371079,11.5753822,2019,4.0,True,True,True,True,False,False,False,False,False,False,False,True,False,False,0,2,1,0.0,3.132908,2019-01-01,2019-01-01,Venture - Series Unknown,2019,5.0,False,,True,,1.0,1.0,False,,False,,True,,False,,False,,False,,0,0,False,,False,False,,False,,False,,False,,False,,False,,0,,False,,False,True,,False,False,False,False,True,True,True,True,129,2,True,217,80,0.3686635944700461,0.31383478526224,0.0,0.2421466990858727,0.2421466990858727,0.2421466990858727,0.2421466990858727,0.2421466990858727,0.2421466990858727,0.0,0.0,0.0,0.0,0.0,0.0,1.81,7.650168700845001,False,False,True,False,True,True,,,0,0,0,0,0,0,0,0,0,0,0,0
8367,Timber Base,https://www.crunchbase.com/organization/timber-base,Germany,52.510885,13.3989367,2019,3.0,True,True,False,True,False,False,False,False,True,False,False,False,False,True,0,4,1,0.0,0.0,2019-02-12,2021-10-31,Pre-Seed,2019,8.0,False,,True,,2.0,2.0,False,,False,,False,,False,,False,,False,,0,0,False,,False,False,,False,,False,,False,,False,,False,,0,,False,,False,False,,True,True,True,True,False,False,False,False,171,3,True,737,270,0.3663500678426051,0.3121430005292256,0.0,9.067955801604079,9.067955801604079,9.067955801604079,9.067955801604079,9.067955801604079,9.067955801604079,0.0,0.0,0.0,0.0,0.0,0.0,1.81,7.650168700845001,False,False,False,False,False,False,,,0,0,0,0,0,0,0,0,0,0,0,0
20054,EXE Engineering,https://www.crunchbase.com/organization/exe-engineering-d865,Italy,43.4677215,11.148762,2019,1.0,True,False,True,True,True,False,False,False,False,True,False,True,False,False,0,1,1,1.0,0.0,2019-06-01,2019-06-01,Pre-Seed,2019,43.0,True,True,False,False,1.0,0.0,False,False,False,False,True,True,False,False,True,True,False,False,0,0,False,False,False,True,True,True,True,True,True,False,False,False,False,False,False,1,1.0,True,True,True,False,False,False,False,False,False,False,False,True,True,4,0,False,0,0,0.0,0.0,0.27100335623707306,0.0422113754423341,0.0422113754423341,0.0422113754423341,0.0,0.0,0.0,0.0422113754423341,0.0422113754423341,0.0422113754423341,0.0,0.0,0.0,1.81,5.303304908059076,False,False,False,False,False,False,,,0,0,0,0,0,0,1,1,1,1,1,1
14656,CorNatural,https://www.crunchbase.com/organization/cornatural,United Kingdom,51.4893335,-0.1440551,2019,2.0,True,True,False,True,True,False,False,True,False,False,False,True,False,False,0,1,1,0.0,0.0,2019-08-13,2019-08-13,Seed,2019,0.0,False,,True,,24.0,80.0,True,,True,,True,,False,,False,,False,,0,0,False,,False,False,,False,,False,,False,,False,,False,,0,,False,,False,False,,True,True,True,True,False,False,False,False,643,5,True,2353,534,0.2269443263918402,0.2045267909355726,0.004639509600861782,5.6381341481032505,5.6381341481032505,5.6381341481032505,5.6381341481032505,5.6381341481032505,5.6381341481032505,0.0,0.0,0.0,0.0,0.0,0.0,1.81,8.006700845440367,False,False,False,False,False,False,,,0,0,0,0,0,0,0,0,0,0,0,0
14593,Phycobloom,https://www.crunchbase.com/organization/phycobloom,United Kingdom,51.4893335,-0.1440551,2019,2.0,True,True,True,True,True,False,False,True,False,False,False,True,False,False,1,2,2,1.0,0.0,2020-12-02,2021-01-14,Seed,2020,26.5,True,True,False,False,1.5,0.0,True,True,False,False,True,False,False,False,False,False,True,False,2,1,True,True,True,True,True,True,True,True,True,True,True,True,True,True,True,2,1.0,True,True,True,True,True,False,False,False,False,False,False,True,True,643,5,True,2353,534,0.2269443263918402,0.2045267909355726,0.004639509600861782,0.0,0.0,0.0,0.0,0.0,0.0,0.0,0.0,0.0,0.0,0.0,0.0,1.81,7.901377353792616,False,False,False,False,False,False,,,2,1,2,1,2,1,2,1,2,1,2,1
718,Ocean Oasis,https://www.crunchbase.com/organization/ocean-oasis,Norway,59.9723975,10.7757292,2020,2.0,True,True,True,True,True,False,False,False,False,False,False,True,False,False,0,2,2,0.0,0.0,2020-05-05,2023-02-17,Seed,2020,49.0,False,,True,,1.5,6.5,False,,True,,False,,False,,False,,False,,0,0,False,,False,False,,False,,False,,False,,False,,False,,0,,False,,False,True,,True,True,False,False,False,False,True,False,55,1,True,93,24,0.2580645161290322,0.2295744416445001,0.0068796624669323235,5.608091193887587,1.1618429287471144,10.05433945902806,1.1618429287471144,5.608091193887587,10.05433945902806,0.0,0.0,0.0,10.856912543700851,10.856912543700851,10.856912543700851,-5.65,4.61512051684126,False,False,False,False,False,False,,,0,0,0,0,0,0,0,0,0,0,0,0
690,Spoor,https://www.crunchbase.com/organization/spoor,Norway,59.9723975,10.7757292,2020,3.0,True,True,True,True,True,False,False,False,False,True,False,True,False,False,0,2,6,0.0,4.129086,2020-12-31,2024-05-16,Seed,2020,7.2,True,,True,,4.0,2.5,True,,True,,False,,False,,False,,True,,1,0,True,,False,True,,True,,True,,True,,True,,True,,2,,True,,False,True,,True,True,True,False,False,False,True,False,55,1,True,93,24,0.2580645161290322,0.2295744416445001,0.0068796624669323235,4.0685434463750365,0.0,10.05433945902806,0.0,4.0685434463750365,10.05433945902806,0.0,0.0,0.0,7.939937402691237,0.3058328175538439,15.339585122317537,-5.65,4.61512051684126,False,False,False,False,False,False,,,1,0,1,0,1,0,1,0,1,0,1,0
4616,EqpmntRentals.com,https://www.crunchbase.com/organization/eqpmntrentals-com,The Netherlands,52.1131403,4.6408412,2020,4.0,False,False,False,True,False,True,False,False,False,True,False,False,True,False,0,1,3,1.0,0.0,2020-04-16,2020-04-16,Pre-Seed,2020,2.0,True,True,True,False,9.0,0.0,False,False,False,False,False,False,False,False,False,False,False,False,1,1,True,True,False,True,True,True,True,True,True,True,True,True,True,True,True,2,1.0,True,True,True,False,False,False,False,False,False,False,False,True,True,205,1,True,4,0,0.0,0.0,0.03359932330131633,0.007691507930977059,0.0,0.015383015861954116,0.015383015861954116,0.015383015861954116,0.015383015861954116,0.0,0.0,0.0,0.015383015861954116,0.015383015861954116,0.015383015861954116,-5.65,6.55250788703459,False,False,False,False,False,False,,,2,1,2,1,2,1,2,1,2,1,2,1
8491,Sunvigo,https://www.crunchbase.com/organization/sunvigo,Germany,50.938361,6.959974,2020,3.0,False,False,True,True,False,False,False,False,False,False,False,True,False,False,0,4,2,2.0,8.226426,2020-10-12,2021-08-11,Series B,2020,236.33333333333337,True,True,True,True,6.2,41.7,True,True,True,True,False,False,False,False,False,False,False,False,0,0,False,False,False,True,True,True,True,True,True,True,True,True,True,False,False,2,1.0,True,True,False,True,True,False,False,False,False,True,True,True,True,54,0,False,66,18,0.2727272727272727,0.241162056816888,0.1832177169298696,0.2833035697804393,0.024700970716888863,0.41260486931221446,0.024700970716888863,0.2833035697804393,0.41260486931221446,0.024700970716888863,0.2833035697804393,0.41260486931221446,0.2069916427420175,0.0,0.3881093301412829,-5.65,7.550135342488429,False,False,True,False,True,True,,,0,0,2,1,2,1,2,1,2,1,2,1
