company_id,organization_name,organization_name_url,headquarters_country,latitude,longitude,founded_year,number_of_founders,b2b_binary,hub_binary,energy,materials,industrials,consumer_discretionary,consumer_staples,health_care,financials,information_technology,communication_services,utilities,real_estate,other,age,number_seed_rounds,number_seed_investors,mixed_syndicate,one_seed_investor_binary,pre_seed_binary,single_lead_investor,number_lead_seed_investors,lead_investor_in_seed,total_seed_funding_m,low_seed_financing_binary,earliest_seed_round_date,latest_seed_round_date,last_equity_funding_type,year_first_round,average_seed_investors_portfolio_organizations,regional_seed_investor_binary,regional_lead_seed_investor_binary,overregional_seed_investor_binary,overregional_lead_seed_investor_binary,avg_age_of_seed_investors,avg_exits_of_seed_investors,specific_vc_in_seed_binary,specific_lead_vc_in_seed_binary,target_vc_in_seed_binary,target_lead_vc_in_seed_binary,accelerator_funding_binary,accelerator_lead_funding_binary,angel_group_funding_binary,angel_group_lead_funding_binary,micro_vc_funding_binary,micro_vc_lead_funding_binary,corporate_vc_funding_binary,corporate_vc_lead_funding_binary,number_seed_investors_same_city,number_seed_lead_investors_same_city,seed_investor_same_city,seed_lead_investor_same_city,seed_investors_all_same_city,seed_investor_same_city_100,seed_lead_investor_same_city_100,seed_investor_same_city_70,seed_lead_investor_same_city_70,seed_investor_same_city_50,seed_lead_investor_same_city_50,seed_investor_same_city_40,seed_lead_investor_same_city_40,seed_investor_same_city_30,seed_lead_investor_same_city_30,seed_investor_same_city_20,seed_lead_investor_same_city_20,number_homecountry_investors,number_homecountry_lead_investors,homecountry_investor_in_seed_binary,homecountry_lead_investor,all_homecountry_investors_in_seed_binary,hub_vc_in_seed_binary,hub_lead_vc_in_seed_binary,global_investor,all_global_investor,us_investor,all_us_investor,dach_investor,all_dach_investor,european_investor,all_european_investor,vcs_within_50km,top_university_count,top_university_ecosystem_binary,founded_startups_in_environment,successful_startups_in_environment,share_successful_startups_in_environment,log_share_successful_startups_in_environment,distance_to_hub,avg_seed_investor_distance,minimum_seed_vc_distance,max_seed_investor_distance,minimum_seed_vc_distance_non_lead,avg_seed_vc_distance_non_lead,maximum_seed_vc_distance_non_lead,minimum_lead_seed_vc_distance,avg_lead_seed_vc_distance,maximum_lead_seed_vc_distance,avg_seed_investor_pairwise_distance,min_seed_investor_pairwise_distance,max_seed_investor_pairwise_distance,local_portfolio,local_coinv,local_network_score,high_local_net_median,high_local_net_top20,high_portfolio_top20,high_coinv_top20,in_peer_top10_20km,in_coinv_peer_top20_30km,in_portfolio_peer_top20_30km,gdp_growth_founding_year,investment_volume_first_seed_year,exit_binary,funding_success,post_seed_funding,exit_funding_success,exit_round_success,success,exit_date,years_to_exit,peer_coinv_top20_threshold,peer_portfolio_top20_threshold
21070,Trustpilot,https://www.crunchbase.com/organization/trustpilot,Denmark,55.6867243,12.5700724,2007,2.0,False,True,False,False,False,True,False,False,False,True,False,False,False,False,4,1,1,False,True,False,True,1.0,True,2.0,False,2011-01-28,2011-01-28,Series E,2011,151.0,True,True,False,False,7.0,35.0,False,False,True,True,False,False,False,False,False,False,False,False,1,1,True,True,True,True,True,True,True,True,True,True,True,True,True,True,True,1,1.0,True,True,True,True,True,False,False,False,False,False,False,True,True,234,2,True,1,1,1.0,0.6931471805599453,0.0,0.0,0.0,0.0,0.0,0.0,0.0,0.0,0.0,0.0,0.0,0.0,0.0,4.0,2.0,0.1919094156907527,1,0,0,0,0,0,0,3.16,4.877484781308751,True,True,True,True,True,True,2021-03-23,14.0,14.400000000000006,35.0
21458,TeleSkin,https://www.crunchbase.com/organization/teleskin,Denmark,55.4664892,8.4520751,2007,1.0,True,False,False,False,True,False,False,True,False,True,False,False,False,False,7,1,2,False,False,False,False,0.0,False,0.086401,True,2014-09-17,2014-09-17,Corporate Round,2014,106.5,False,,True,,8.0,21.5,False,,True,,True,,False,,False,,False,,0,0,False,,False,False,,False,,False,,False,,False,,False,,2,,True,,True,True,,False,False,False,False,False,False,True,True,2,0,False,0,0,0.0,0.0,0.2353399255808574,0.25996976496399893,0.25996976496399893,0.25996976496399893,0.25996976496399893,0.25996976496399893,0.25996976496399893,0.0,0.0,0.0,0.0,0.0,0.0,1.0,2.0,0.1010110579727503,0,0,0,0,1,1,1,3.16,4.23410650459726,True,False,True,True,True,True,2014-04-01,7.0,1.8,1.0
21505,Iconfinder,https://www.crunchbase.com/organization/iconfinder,Denmark,55.6867243,12.5700724,2007,2.0,False,True,False,False,False,True,False,False,False,True,False,False,False,True,5,1,2,False,False,False,False,0.0,False,1.5,False,2012-06-17,2012-06-17,Venture - Series Unknown,2012,206.0,True,,True,,11.0,222.5,False,,True,,True,,True,,True,,False,,1,0,True,,False,True,,True,,True,,True,,True,,True,,1,,True,,False,True,,True,True,True,False,False,False,True,False,234,2,True,1,1,1.0,0.6931471805599453,0.0,4.394152685975888,0.005227359580048748,8.783078012371726,0.005227359580048748,4.394152685975888,8.783078012371726,0.0,0.0,0.0,8.77862594102432,8.77862594102432,8.77862594102432,0.0,0.0,0.0,0,0,0,0,0,0,0,3.16,4.229749199228304,True,False,True,True,True,True,2022-10-04,15.0,14.400000000000006,35.0
21383,Unity Studios,https://www.crunchbase.com/organization/studio-unity,Denmark,56.1496278,10.2134046,2008,1.0,True,False,False,False,False,False,False,False,False,True,True,False,False,False,12,1,2,False,False,False,False,0.0,False,2.262165,False,2020-06-17,2020-06-17,Seed,2020,111.5,False,,True,,17.5,21.0,False,,False,,False,,False,,False,,False,,0,0,False,,False,False,,False,,False,,False,,False,,False,,2,,True,,True,True,,False,False,False,False,False,False,True,True,18,1,True,1,0,0.0,0.0,0.1555965689136978,0.15459596321368935,0.15359535751368092,0.1555965689136978,0.15359535751368092,0.15459596321368935,0.1555965689136978,0.0,0.0,0.0,0.005227359580048748,0.005227359580048748,0.005227359580048748,4.0,1.0,0.154629239632742,0,0,0,0,1,1,0,0.64,5.707110264748875,False,False,False,False,False,False,,,0.0,5.0
21456,Windar Photonics,https://www.crunchbase.com/organization/windar-photonics,Denmark,55.6522136,12.292049,2008,1.0,True,True,True,True,False,False,False,False,False,False,False,True,False,False,3,1,1,False,True,False,False,0.0,False,0.0,True,2011-09-20,2011-09-20,Post-IPO Equity,2011,151.0,True,,False,,7.0,35.0,False,,True,,False,,False,,False,,False,,0,0,False,,False,True,,True,,True,,True,,True,,True,,1,,True,,True,True,,False,False,False,False,False,False,True,True,214,2,True,0,0,0.0,0.0,0.017852195831434464,0.017852195831434443,0.017852195831434443,0.017852195831434443,0.017852195831434443,0.017852195831434443,0.017852195831434443,0.0,0.0,0.0,0.0,0.0,0.0,4.0,2.0,0.1919094156907527,1,0,0,0,0,0,0,0.64,4.877484781308751,True,False,False,True,True,True,2015-03-30,7.0,17.400000000000006,35.400000000000006
21570,Refurb.dk,https://www.crunchbase.com/organization/refurb-dk,Denmark,56.3137043,10.3159583,2008,1.0,False,False,False,False,False,True,False,False,False,True,False,False,False,False,12,1,1,False,True,True,False,0.0,False,0.0,True,2020-01-01,2020-01-01,Pre-Seed,2020,3.0,False,,True,,9.0,0.0,True,,False,,False,,False,,False,,False,,0,0,False,,False,False,,False,,False,,False,,False,,False,,1,,True,,True,True,,False,False,False,False,False,False,True,True,18,1,True,0,0,0.0,0.0,0.15653017309538894,0.156530173095389,0.156530173095389,0.156530173095389,0.156530173095389,0.156530173095389,0.156530173095389,0.0,0.0,0.0,0.0,0.0,0.0,0.0,0.0,0.0,0,0,0,0,0,1,0,0.64,5.707110264748875,False,False,False,False,False,False,,,0.0,4.400000000000002
21529,uCommerce,https://www.crunchbase.com/organization/ucommerce,Denmark,56.1496278,10.2134046,2008,1.0,True,False,False,False,False,True,False,False,False,True,True,False,False,False,5,2,1,False,True,False,False,0.0,False,0.598029,False,2013-04-03,2014-11-21,Seed,2013,62.0,False,,True,,5.5,8.0,False,,False,,True,,False,,False,,False,,0,0,False,,False,False,,False,,False,,False,,False,,False,,2,,True,,True,True,,False,False,False,False,False,False,True,True,18,1,True,1,0,0.0,0.0,0.1555965689136978,0.1555965689136978,0.1555965689136978,0.1555965689136978,0.1555965689136978,0.1555965689136978,0.1555965689136978,0.0,0.0,0.0,0.0,0.0,0.0,6.0,2.0,0.2252883124345997,1,0,0,0,1,1,1,0.64,4.122283930911342,False,False,False,False,False,False,,,0.0,5.0
21541,JustSpotted,https://www.crunchbase.com/organization/justspotted,Denmark,55.6867243,12.5700724,2008,3.0,False,True,False,False,False,False,False,False,False,True,False,False,False,False,0,2,6,False,False,False,False,0.0,False,0.765,False,2008-07-01,2009-10-29,Seed,2008,78.25,False,,True,,11.8,214.2,False,,True,,True,,False,,True,,False,,0,0,False,,False,False,,False,,False,,False,,False,,False,,0,,False,,False,False,,True,True,True,True,False,False,False,False,234,2,True,2,2,1.0,0.6931471805599453,0.0,8.841906750795617,8.783078012371726,9.083918999423826,8.783078012371726,8.841906750795617,9.083918999423826,0.0,0.0,0.0,0.2536249782688988,0.0,0.7205626516103185,0.0,0.0,0.0,0,0,0,0,0,0,0,0.64,5.177843213080163,True,False,False,True,True,True,2011-07-20,3.0,14.400000000000006,35.0
21176,Reapplix,https://www.crunchbase.com/organization/reapplix,Denmark,55.8403369,12.4287796,2008,2.0,True,True,False,False,True,False,False,True,False,False,False,False,False,False,1,3,3,True,False,False,False,1.0,True,2.031985,False,2009-03-09,2011-03-04,Series A,2009,95.25,True,True,False,False,5.0,19.2,False,False,True,True,True,False,False,False,False,False,False,False,1,0,True,False,False,True,True,True,True,True,True,True,True,True,True,True,True,4,1.0,True,True,True,True,True,False,False,False,False,False,False,True,True,219,2,True,0,0,0.0,0.0,0.019232508631512952,0.016745103463130774,0.009282887957983451,0.019232508631513212,0.009282887957983451,0.01591596840700329,0.019232508631513212,0.019232508631513212,0.019232508631513212,0.019232508631513212,0.004984324445901672,0.0,0.009968648891803345,2.0,2.0,0.1412342220372826,0,0,0,0,0,0,0,0.64,4.333361462692601,False,True,True,True,True,True,,,16.80000000000001,35.0
21592,JamOrigin,https://www.crunchbase.com/organization/jamorigin,Denmark,56.1496278,10.2134046,2009,1.0,True,False,False,False,False,False,False,False,False,True,True,False,False,False,2,1,2,False,False,False,False,0.0,False,0.191025,True,2011-09-04,2011-09-04,Seed,2011,41.5,True,,True,,8.0,4.5,False,,False,,True,,False,,False,,False,,1,0,True,,False,True,,True,,True,,True,,True,,True,,2,,True,,True,True,,False,False,False,False,False,False,True,True,18,1,True,2,0,0.0,0.0,0.1555965689136978,0.0777982844568489,0.0,0.1555965689136978,0.0,0.0777982844568489,0.1555965689136978,0.0,0.0,0.0,0.1555965689136978,0.1555965689136978,0.1555965689136978,0.0,0.0,0.0,0,0,0,0,0,1,0,-4.35,4.877484781308751,False,False,False,False,False,False,,,0.0,5.0
21574,Inventilate,https://www.crunchbase.com/organization/inventilate,Denmark,56.1390178,9.1547931,2009,1.0,True,False,True,False,False,True,False,False,False,True,False,True,True,True,4,2,3,False,False,False,False,0.0,False,1.719425,False,2013-05-30,2014-11-21,Seed,2013,45.25,True,,True,,3.7,5.5,False,,False,,True,,False,,False,,False,,0,0,False,,False,True,,True,,True,,False,,False,,False,,4,,True,,True,True,,False,False,False,False,False,False,True,True,5,0,False,0,0,0.0,0.0,0.21867475404405654,0.14748208888425657,0.041313004517177385,0.21867475404405648,0.041313004517177385,0.14748208888425657,0.21867475404405648,0.0,0.0,0.0,0.1781252211089715,0.0,0.25679933022404106,2.0,0.0,0.0402231640645322,0,0,0,0,1,0,0,-4.35,4.122283930911342,False,False,False,False,False,False,,,0.8,6.0
21550,Napp,https://www.crunchbase.com/organization/napp-ltd,Denmark,55.6867243,12.5700724,2009,2.0,True,True,False,False,False,False,False,False,False,True,True,False,False,False,7,1,1,False,True,False,True,1.0,True,0.0,True,2016-07-17,2016-07-17,Seed,2016,9.0,True,True,False,False,0.0,3.0,False,False,False,False,False,False,False,False,False,False,False,False,1,1,True,True,True,True,True,True,True,True,True,True,True,True,True,True,True,1,1.0,True,True,True,True,True,False,False,False,False,False,False,True,True,234,2,True,6,5,0.8333333333333334,0.6061358035703156,0.0,0.0,0.0,0.0,0.0,0.0,0.0,0.0,0.0,0.0,0.0,0.0,0.0,1.0,0.0,0.0,0,0,0,0,0,0,0,-4.35,4.600157644164547,True,False,False,True,True,True,2020-05-18,11.0,14.400000000000006,35.0
21514,Graduateland,https://www.crunchbase.com/organization/graduateland,Denmark,55.6867243,12.5700724,2009,5.0,False,True,False,False,True,True,False,False,False,True,True,False,False,False,4,1,1,False,True,True,True,1.0,True,0.411464,True,2013-05-19,2013-05-19,Seed,2013,62.0,True,True,False,False,5.0,8.0,False,False,False,False,True,True,False,False,False,False,False,False,1,1,True,True,True,True,True,True,True,True,True,True,True,True,True,True,True,1,1.0,True,True,True,True,True,False,False,False,False,False,False,True,True,234,2,True,6,5,0.8333333333333334,0.6061358035703156,0.0,0.0,0.0,0.0,0.0,0.0,0.0,0.0,0.0,0.0,0.0,0.0,0.0,7.0,1.0,0.2012547881991394,1,0,0,0,0,0,0,-4.35,4.122283930911342,True,False,False,True,True,True,2022-09-20,13.0,14.400000000000006,35.0
21375,Orphazyme,https://www.crunchbase.com/organization/orphazyme,Denmark,55.6867243,12.5700724,2009,2.0,True,True,False,False,True,False,False,True,False,False,False,False,False,False,2,1,2,False,False,False,False,0.0,False,0.0,True,2011-02-14,2011-02-14,Post-IPO Equity,2011,142.0,True,,False,,8.0,56.5,True,,True,,False,,False,,True,,False,,2,0,True,,True,True,,True,,True,,True,,True,,True,,2,,True,,True,True,,False,False,False,False,False,False,True,True,234,2,True,6,5,0.8333333333333334,0.6061358035703156,0.0,0.002613679790024374,0.0,0.005227359580048748,0.0,0.002613679790024374,0.005227359580048748,0.0,0.0,0.0,0.005227359580048748,0.005227359580048748,0.005227359580048748,1.0,0.0,0.0,0,0,0,0,0,0,0,-4.35,4.877484781308751,True,True,False,True,True,True,2017-11-24,8.0,14.400000000000006,35.0
21615,EntomoPharm,https://www.crunchbase.com/organization/entomopharm,Denmark,55.3997225,10.3852104,2009,2.0,True,False,False,False,True,False,False,True,False,False,False,False,False,False,0,1,2,False,False,False,False,0.0,False,0.687751,False,2009-03-09,2009-03-09,Venture - Series Unknown,2009,49.0,True,,True,,6.0,5.0,False,,False,,True,,False,,False,,False,,1,0,True,,False,True,,True,,True,,True,,True,,True,,2,,True,,True,True,,False,False,False,False,False,False,True,True,7,0,False,0,0,0.0,0.0,0.14110430247518083,0.07055215123759039,0.0,0.14110430247518077,0.0,0.07055215123759039,0.14110430247518077,0.0,0.0,0.0,0.14110430247518077,0.14110430247518077,0.14110430247518077,0.0,0.0,0.0,0,0,0,0,1,0,0,-4.35,4.333361462692601,False,False,True,False,True,True,,,0.6000000000000005,1.0
21401,Acarix,https://www.crunchbase.com/organization/acarix,Denmark,55.7718649,12.5051413,2009,2.0,True,True,False,False,True,False,False,True,False,False,False,False,False,False,1,2,3,True,False,False,False,2.0,True,10.702342,False,2010-12-30,2013-03-15,Venture - Series Unknown,2010,133.5,True,True,True,True,7.8,38.2,False,False,True,True,False,False,False,False,True,False,False,False,0,0,False,False,False,True,True,True,True,True,True,True,True,True,True,True,True,3,1.0,True,True,False,True,True,False,False,False,False,False,False,True,True,233,2,True,1,1,1.0,0.6931471805599453,0.010303257427711297,0.2656334421485957,0.010303257427711219,1.0316239963112492,0.010303257427711219,0.010303257427711219,0.010303257427711219,0.010303257427711219,0.5209636268694802,1.0316239963112492,0.5140132630705159,0.0,1.0280265261410317,13.0,3.0,0.3205009714335284,1,0,0,0,0,0,0,-4.35,4.144720769547168,True,False,True,True,True,True,2016-12-19,7.0,17.400000000000006,35.400000000000006
21256,Create it REAL,https://www.crunchbase.com/organization/create-it-real,Denmark,57.0462626,9.9215263,2009,1.0,True,False,False,False,True,True,False,False,False,True,False,False,False,False,9,2,2,False,False,False,False,0.0,False,5.317042,False,2018-03-05,2020-10-26,Seed,2018,19.0,True,,True,,2.0,2.7,False,,False,,False,,False,,False,,False,,1,0,True,,False,True,,True,,True,,True,,True,,True,,3,,True,,True,True,,False,False,False,False,False,False,True,True,3,0,False,1,0,0.0,0.0,0.22237046823451823,0.14571632901928275,0.0,0.2185744935289241,0.0,0.14571632901928275,0.2185744935289241,0.0,0.0,0.0,0.14571632901928275,0.0,0.2185744935289241,1.0,0.0,0.0,0,0,0,0,1,1,1,-4.35,5.707110264748875,False,False,False,False,False,False,,,0.0,1.0
21560,Me-Mover,https://www.crunchbase.com/organization/me-mover,Denmark,55.6867243,12.5700724,2010,1.0,False,True,False,False,True,True,False,True,False,False,False,False,False,False,2,1,2,False,False,False,False,0.0,False,0.705759,False,2012-05-08,2012-05-08,Seed,2012,49.0,True,,True,,9.0,5.0,False,,False,,True,,False,,False,,False,,1,0,True,,False,True,,True,,True,,True,,True,,True,,2,,True,,True,True,,False,False,False,False,False,False,True,True,234,2,True,15,8,0.5333333333333333,0.4274440148269396,0.0,0.07055215123759039,0.0,0.14110430247518077,0.0,0.07055215123759039,0.14110430247518077,0.0,0.0,0.0,0.14110430247518077,0.14110430247518077,0.14110430247518077,5.0,0.0,0.1089851172067322,0,0,0,0,0,0,0,2.23,4.229749199228304,False,False,False,False,False,False,,,14.400000000000006,35.0
21498,Ge.tt,https://www.crunchbase.com/organization/ge-tt,Denmark,55.6867243,12.5700724,2010,2.0,False,True,False,False,False,False,False,False,False,True,True,False,False,True,1,1,1,False,True,False,False,0.0,False,0.45768,True,2011-12-20,2011-12-20,Seed,2011,156.0,False,,True,,5.0,43.0,False,,True,,False,,False,,False,,False,,0,0,False,,False,False,,False,,False,,False,,False,,False,,0,,False,,False,True,,False,False,False,False,False,False,True,True,234,2,True,15,7,0.4666666666666667,0.3829922522561058,0.0,0.9581956178754963,0.9581956178754963,0.9581956178754963,0.9581956178754963,0.9581956178754963,0.9581956178754963,0.0,0.0,0.0,0.0,0.0,0.0,0.0,0.0,0.0,0,0,0,0,0,0,0,2.23,4.877484781308751,True,False,False,True,True,True,2015-01-13,5.0,14.400000000000006,35.0
21462,Enreach,https://www.crunchbase.com/organization/enreach,Denmark,56.1496278,10.2134046,2010,3.0,True,False,False,False,False,False,False,False,False,True,True,False,False,False,5,1,1,False,True,False,False,0.0,False,0.656063,False,2015-09-03,2015-09-03,Seed,2015,67.0,False,,True,,4.0,10.0,False,,False,,False,,False,,False,,False,,0,0,False,,False,False,,False,,False,,False,,False,,False,,0,,False,,False,True,,False,False,False,False,False,False,True,True,18,1,True,4,0,0.0,0.0,0.1555965689136978,0.9699275041575093,0.9699275041575093,0.9699275041575093,0.9699275041575093,0.9699275041575093,0.9699275041575093,0.0,0.0,0.0,0.0,0.0,0.0,0.0,0.0,0.0,0,0,0,0,0,1,0,2.23,4.330733340286331,False,False,False,False,False,False,,,0.0,5.0
21448,CrossEyes,https://www.crunchbase.com/organization/crosseyes,Denmark,56.1496278,10.2134046,2010,2.0,False,False,False,False,True,True,False,False,False,False,False,False,False,False,6,1,1,False,True,False,False,0.0,False,1.448027,False,2016-04-25,2016-04-25,Seed,2016,206.0,False,,True,,24.0,39.0,False,,False,,False,,False,,False,,False,,0,0,False,,False,False,,False,,False,,False,,False,,False,,1,,True,,True,True,,False,False,False,False,False,False,True,True,18,1,True,4,0,0.0,0.0,0.1555965689136978,0.15359535751368092,0.15359535751368092,0.15359535751368092,0.15359535751368092,0.15359535751368092,0.15359535751368092,0.0,0.0,0.0,0.0,0.0,0.0,0.0,0.0,0.0,0,0,0,0,0,1,0,2.23,4.600157644164547,False,False,False,False,False,False,,,0.0,5.0
21518,Sproom,https://www.crunchbase.com/organization/sproom,Denmark,55.6867243,12.5700724,2010,1.0,True,True,False,False,True,True,False,False,True,True,False,False,False,False,1,1,3,False,False,False,False,0.0,False,2.263615,False,2011-09-05,2011-09-05,Seed,2011,106.33333333333331,True,,False,,7.0,23.0,False,,True,,True,,False,,False,,False,,3,0,True,,True,True,,True,,True,,True,,True,,True,,3,,True,,True,True,,False,False,False,False,False,False,True,True,234,2,True,15,7,0.4666666666666667,0.3829922522561058,0.0,0.003322882963934448,0.0,0.009968648891803345,0.0,0.003322882963934448,0.009968648891803345,0.0,0.0,0.0,0.006645765927868896,0.0,0.009968648891803345,4.0,0.0,0.0908983577180024,0,0,0,0,0,0,0,2.23,4.877484781308751,True,False,False,True,True,True,2016-04-14,6.0,14.400000000000006,35.0
21520,Butchers & Bicycles,https://www.crunchbase.com/organization/butchers-bicycles,Denmark,55.6867243,12.5700724,2010,1.0,False,True,False,False,True,True,False,False,False,False,False,False,False,False,5,1,1,False,True,False,False,0.0,False,0.0,True,2015-03-01,2015-03-01,Seed,2015,17.0,True,,False,,2.0,3.0,False,,False,,False,,False,,False,,False,,1,0,True,,True,True,,True,,True,,True,,True,,True,,1,,True,,True,True,,False,False,False,False,False,False,True,True,234,2,True,15,8,0.5333333333333333,0.4274440148269396,0.0,0.0,0.0,0.0,0.0,0.0,0.0,0.0,0.0,0.0,0.0,0.0,0.0,1.0,0.0,0.0,0,0,0,0,0,0,0,2.23,4.330733340286331,False,False,False,False,False,False,,,14.400000000000006,35.0
21379,Nanovi,https://www.crunchbase.com/organization/nanovi,Denmark,55.7680595,12.5031145,2010,2.0,True,True,False,False,True,False,False,True,False,False,False,False,False,False,3,1,1,False,True,False,False,0.0,False,0.813478,False,2013-11-22,2013-11-22,Venture - Series Unknown,2013,151.0,True,,False,,9.0,35.0,False,,True,,False,,False,,False,,False,,1,0,True,,True,True,,True,,True,,True,,True,,True,,1,,True,,True,True,,False,False,False,False,False,False,True,True,233,2,True,18,10,0.5555555555555556,0.4418327522790392,0.009968648891802916,0.009968648891803345,0.009968648891803345,0.009968648891803345,0.009968648891803345,0.009968648891803345,0.009968648891803345,0.0,0.0,0.0,0.0,0.0,0.0,13.0,3.0,0.3205009714335284,1,0,0,0,0,0,0,2.23,4.122283930911342,False,False,True,False,True,True,,,17.400000000000006,35.400000000000006
21304,Conferize,https://www.crunchbase.com/organization/conferize,Denmark,55.6867243,12.5700724,2010,4.0,False,True,False,False,False,True,False,False,False,True,True,False,False,False,2,2,1,True,True,False,True,1.0,True,1.593591,False,2012-09-18,2014-11-21,Venture - Series Unknown,2012,62.0,True,True,False,False,5.0,8.0,False,False,False,False,True,True,False,False,False,False,False,False,2,1,True,True,True,True,True,True,True,True,True,True,True,True,True,True,True,2,1.0,True,True,True,True,True,False,False,False,False,False,False,True,True,234,2,True,15,8,0.5333333333333333,0.4274440148269396,0.0,0.0,0.0,0.0,0.0,0.0,0.0,0.0,0.0,0.0,0.0,0.0,0.0,7.0,1.0,0.2012547881991394,1,0,0,0,0,0,0,2.23,4.229749199228304,False,False,True,False,True,True,,,14.400000000000006,35.0
21286,Drivr,https://www.crunchbase.com/organization/drivr,Denmark,55.6867243,12.5700724,2010,4.0,True,True,False,False,True,False,False,False,False,True,False,False,False,False,5,1,1,False,True,False,True,1.0,True,3.413194,False,2015-10-15,2015-10-15,Seed,2015,206.0,True,True,False,False,23.0,39.0,False,False,False,False,False,False,False,False,False,False,False,False,1,1,True,True,True,True,True,True,True,True,True,True,True,True,True,True,True,1,1.0,True,True,True,True,True,False,False,False,False,False,False,True,True,234,2,True,15,8,0.5333333333333333,0.4274440148269396,0.0,0.005227359580048748,0.005227359580048748,0.005227359580048748,0.0,0.0,0.0,0.005227359580048748,0.005227359580048748,0.005227359580048748,0.0,0.0,0.0,2.0,1.0,0.1039540459792718,0,0,0,0,0,0,0,2.23,4.330733340286331,False,False,False,False,False,False,,,14.400000000000006,35.0
21425,Resen Waves,https://www.crunchbase.com/organization/resen-waves,Denmark,55.7718649,12.5051413,2010,1.0,True,True,True,False,False,False,False,False,False,False,False,True,False,False,8,1,1,False,True,False,False,0.0,False,1.34506,False,2018-05-22,2018-05-22,Seed,2018,40.0,False,,True,,15.0,6.0,False,,False,,False,,False,,False,,False,,0,0,False,,False,False,,False,,False,,False,,False,,False,,0,,False,,False,True,,False,False,False,False,False,False,True,True,233,2,True,3,2,0.6666666666666666,0.5108256237659906,0.010303257427711297,0.9583648367582916,0.9583648367582916,0.9583648367582916,0.9583648367582916,0.9583648367582916,0.9583648367582916,0.0,0.0,0.0,0.0,0.0,0.0,0.0,0.0,0.0,0,0,0,0,0,0,0,2.23,5.707110264748875,False,False,False,False,False,False,,,17.400000000000006,35.400000000000006
21248,ChurchDesk,https://www.crunchbase.com/organization/churchdesk,Denmark,55.6867243,12.5700724,2010,2.0,False,True,False,False,False,True,False,False,False,True,False,False,False,False,2,1,1,False,True,False,False,0.0,False,1.25,False,2012-01-01,2012-01-01,Venture - Series Unknown,2012,62.0,True,,False,,4.0,8.0,False,,False,,True,,False,,False,,False,,1,0,True,,True,True,,True,,True,,True,,True,,True,,1,,True,,True,True,,False,False,False,False,False,False,True,True,234,2,True,15,8,0.5333333333333333,0.4274440148269396,0.0,0.0,0.0,0.0,0.0,0.0,0.0,0.0,0.0,0.0,0.0,0.0,0.0,5.0,1.0,0.1727159991214717,1,0,0,0,0,0,0,2.23,4.229749199228304,False,False,True,False,True,True,,,14.400000000000006,35.0
21567,Medichanical Engineering,https://www.crunchbase.com/organization/medichanical-engineering,Denmark,57.0462626,9.9215263,2011,3.0,True,False,False,False,True,True,False,True,False,True,False,False,False,False,0,1,1,False,True,False,False,0.0,False,0.0,True,2011-02-10,2011-02-10,Seed,2011,151.0,False,,True,,7.0,35.0,False,,True,,False,,False,,False,,False,,0,0,False,,False,False,,False,,False,,False,,False,,False,,1,,True,,True,True,,False,False,False,False,False,False,True,True,3,0,False,4,0,0.0,0.0,0.22237046823451823,0.22237046823451823,0.22237046823451823,0.22237046823451823,0.22237046823451823,0.22237046823451823,0.22237046823451823,0.0,0.0,0.0,0.0,0.0,0.0,0.0,0.0,0.0,0,0,0,0,1,1,0,1.9,4.877484781308751,False,False,False,False,False,False,,,0.0,1.0
21549,Bike 2.0,https://www.crunchbase.com/organization/bike-2-0,Denmark,54.9380637,8.8629408,2011,2.0,True,False,False,False,True,False,False,False,False,False,False,False,False,False,1,1,1,False,True,False,False,0.0,False,0.521657,False,2012-10-31,2012-10-31,Seed,2012,48.0,False,,True,,0.0,3.0,False,,False,,False,,False,,False,,False,,0,0,False,,False,False,,False,,False,,False,,False,,False,,1,,True,,True,False,,False,False,False,False,False,False,True,True,2,0,False,0,0,0.0,0.0,0.17109498658294395,0.24348252824040512,0.24348252824040512,0.24348252824040512,0.24348252824040512,0.24348252824040512,0.24348252824040512,0.0,0.0,0.0,0.0,0.0,0.0,0.0,0.0,0.0,0,0,0,0,1,1,1,1.9,4.229749199228304,False,False,False,False,False,False,,,0.0,0.0
21588,føtex Erhverv,https://www.crunchbase.com/organization/iposen,Denmark,56.1496278,10.2134046,2011,2.0,False,False,False,False,True,True,False,False,False,False,False,False,False,False,3,1,1,False,True,False,True,1.0,True,0.882469,False,2014-09-03,2014-09-03,Seed,2014,62.0,False,False,True,True,6.0,8.0,False,False,False,False,True,True,False,False,False,False,False,False,0,0,False,False,False,False,False,False,False,False,False,False,False,False,False,False,False,1,1.0,True,True,True,True,True,False,False,False,False,False,False,True,True,18,1,True,7,0,0.0,0.0,0.1555965689136978,0.1555965689136978,0.1555965689136978,0.1555965689136978,0.0,0.0,0.0,0.1555965689136978,0.1555965689136978,0.1555965689136978,0.0,0.0,0.0,6.0,1.0,0.1880081363765889,1,0,0,0,1,1,1,1.9,4.23410650459726,False,False,False,False,False,False,,,0.0,5.0
21609,Admazely,https://www.crunchbase.com/organization/admazely,Denmark,55.6867243,12.5700724,2011,4.0,True,True,False,False,False,True,False,False,False,False,True,False,False,False,1,1,3,False,False,False,False,0.0,False,0.6,False,2012-04-01,2012-04-01,Seed,2012,51.0,True,,False,,8.0,11.7,False,,True,,False,,False,,False,,False,,3,0,True,,True,True,,True,,True,,True,,True,,True,,3,,True,,True,True,,False,False,False,False,False,False,True,True,234,2,True,21,10,0.4761904761904761,0.3894647667617232,0.0,0.0,0.0,0.0,0.0,0.0,0.0,0.0,0.0,0.0,0.0,0.0,0.0,6.0,1.0,0.1880081363765889,1,0,0,0,0,0,0,1.9,4.229749199228304,False,False,False,False,False,False,,,14.400000000000006,35.0
21238,AskCody,https://www.crunchbase.com/organization/askcody,Denmark,57.0462626,9.9215263,2011,2.0,True,False,False,False,False,False,False,False,False,True,True,False,False,False,6,1,1,False,True,False,True,1.0,True,1.5,False,2017-03-01,2017-03-01,Venture - Series Unknown,2017,9.0,False,False,True,True,1.0,3.0,False,False,False,False,False,False,False,False,False,False,False,False,0,0,False,False,False,False,False,False,False,False,False,False,False,False,False,False,False,1,1.0,True,True,True,True,True,False,False,False,False,False,False,True,True,3,0,False,4,0,0.0,0.0,0.22237046823451823,0.22237046823451823,0.22237046823451823,0.22237046823451823,0.0,0.0,0.0,0.22237046823451823,0.22237046823451823,0.22237046823451823,0.0,0.0,0.0,0.0,0.0,0.0,0,0,0,0,1,1,0,1.9,4.804840381116659,False,False,True,False,True,True,,,0.0,1.0
21430,Bownty,https://www.crunchbase.com/organization/bownty,Denmark,55.6867243,12.5700724,2011,3.0,False,True,False,False,False,True,False,False,False,True,True,False,False,False,1,2,3,False,False,False,False,0.0,False,1.747263,False,2012-01-01,2013-04-04,Series A,2012,117.5,True,,False,,8.5,26.0,False,,True,,True,,False,,False,,False,,4,0,True,,True,True,,True,,True,,True,,True,,True,,4,,True,,True,True,,False,False,False,False,False,False,True,True,234,2,True,21,9,0.4285714285714285,0.3566749439387323,0.0,0.002492162222950836,0.0,0.009968648891803345,0.0,0.002492162222950836,0.009968648891803345,0.0,0.0,0.0,0.004984324445901672,0.0,0.009968648891803345,18.0,3.0,0.3507956033181489,1,0,0,0,0,0,0,1.9,4.229749199228304,True,False,True,True,True,True,2017-05-21,6.0,14.400000000000006,35.0
21241,BetaDwarf,https://www.crunchbase.com/organization/betadwarf,Denmark,55.6867243,12.5700724,2011,1.0,False,True,False,False,False,False,False,False,False,False,True,False,False,False,7,1,1,False,True,False,True,1.0,True,1.49512,False,2018-04-17,2018-04-17,Series A,2018,56.0,False,False,True,True,8.0,17.0,True,True,False,False,False,False,False,False,False,False,False,False,0,0,False,False,False,False,False,False,False,False,False,False,False,False,False,False,False,0,0.0,False,False,False,True,True,False,False,False,False,False,False,True,True,234,2,True,21,10,0.4761904761904761,0.3894647667617232,0.0,0.9581956178754963,0.9581956178754963,0.9581956178754963,0.0,0.0,0.0,0.9581956178754963,0.9581956178754963,0.9581956178754963,0.0,0.0,0.0,0.0,0.0,0.0,0,0,0,0,0,0,0,1.9,5.707110264748875,False,False,True,False,True,True,,,14.400000000000006,35.0
21243,Kanda,https://www.crunchbase.com/organization/kanda,Denmark,56.1496278,10.2134046,2011,1.0,True,False,False,False,False,True,False,False,False,True,False,False,False,False,9,1,1,False,True,True,True,1.0,True,2.12,False,2020-11-16,2020-11-16,Seed,2020,0.0,False,False,True,True,14.0,545.0,False,False,True,True,True,True,False,False,False,False,False,False,0,0,False,False,False,False,False,False,False,False,False,False,False,False,False,False,False,0,0.0,False,False,False,False,False,True,True,True,True,False,False,False,False,18,1,True,7,0,0.0,0.0,0.1555965689136978,7.726434027568041,7.726434027568041,7.726434027568041,0.0,0.0,0.0,7.726434027568041,7.726434027568041,7.726434027568041,0.0,0.0,0.0,0.0,0.0,0.0,0,0,0,0,0,1,0,1.9,5.707110264748875,False,False,False,False,False,False,,,0.0,5.0
21267,Brainreader,https://www.crunchbase.com/organization/brainreader-aps,Denmark,57.0462626,9.9215263,2011,2.0,True,False,False,False,False,False,False,True,False,True,False,False,False,False,8,1,3,False,False,False,False,0.0,False,1.642027,False,2019-10-30,2019-10-30,Seed,2019,5.666666666666667,True,,True,,8.3,0.3,False,,False,,False,,False,,False,,False,,1,0,True,,False,True,,True,,True,,True,,True,,True,,2,,True,,False,True,,False,False,False,False,False,False,True,True,3,0,False,4,0,0.0,0.0,0.22237046823451823,0.12177375415216908,0.0,0.22237046823451823,0.0,0.12177375415216908,0.22237046823451823,0.0,0.0,0.0,0.19766198723929096,0.14295079422198906,0.2276646992613655,0.0,0.0,0.0,0,0,0,0,1,1,0,1.9,5.707110264748875,False,False,False,False,False,False,,,0.0,1.0
21392,IntraManager,https://www.crunchbase.com/organization/intramanager,Denmark,55.3997225,10.3852104,2011,1.0,True,False,False,False,False,False,False,False,False,True,False,False,False,False,9,1,1,False,True,False,True,1.0,True,0.329548,True,2020-12-18,2020-12-18,Seed,2020,206.0,False,False,True,True,28.0,39.0,False,False,False,False,False,False,False,False,False,False,False,False,0,0,False,False,False,False,False,False,False,False,False,False,False,False,False,False,False,1,1.0,True,True,True,True,True,False,False,False,False,False,False,True,True,7,0,False,2,0,0.0,0.0,0.14110430247518083,0.14202104090770817,0.14202104090770817,0.14202104090770817,0.0,0.0,0.0,0.14202104090770817,0.14202104090770817,0.14202104090770817,0.0,0.0,0.0,1.0,2.0,0.1010110579727503,0,0,0,0,1,1,1,1.9,5.707110264748875,False,False,False,False,False,False,,,0.6000000000000005,1.0
21521,Evertale,https://www.crunchbase.com/organization/evertale,Denmark,55.6867243,12.5700724,2011,3.0,False,True,False,False,False,False,False,False,False,False,True,False,False,False,1,1,1,False,True,False,False,0.0,False,0.0,True,2012-02-24,2012-02-24,Seed,2012,108.0,False,,True,,12.0,29.0,False,,True,,False,,False,,False,,False,,0,0,False,,False,False,,False,,False,,False,,False,,False,,0,,False,,False,False,,False,False,False,False,False,False,True,True,234,2,True,21,10,0.4761904761904761,0.3894647667617232,0.0,0.8033786045414952,0.8033786045414952,0.8033786045414952,0.8033786045414952,0.8033786045414952,0.8033786045414952,0.0,0.0,0.0,0.0,0.0,0.0,0.0,0.0,0.0,0,0,0,0,0,0,0,1.9,4.229749199228304,False,False,False,False,False,False,,,14.400000000000006,35.0
21053,Galecto,https://www.crunchbase.com/organization/galecto-biotech,Denmark,55.6867243,12.5700724,2011,4.0,True,True,False,False,True,False,False,True,False,False,False,False,False,False,1,1,2,True,False,False,False,1.0,True,0.0,True,2012-01-02,2012-01-02,Series D,2012,173.0,True,True,True,False,8.0,57.0,True,True,True,True,False,False,False,False,False,False,True,False,1,1,True,True,False,True,True,True,True,True,True,True,True,True,True,True,True,1,1.0,True,True,False,True,True,False,False,False,False,False,False,True,True,234,2,True,21,9,0.4285714285714285,0.3566749439387323,0.0,0.313454689882417,0.005227359580048748,0.6216820201847851,0.6216820201847851,0.6216820201847851,0.6216820201847851,0.005227359580048748,0.005227359580048748,0.005227359580048748,0.624315441514563,0.624315441514563,0.624315441514563,1.0,0.0,0.0,0,0,0,0,0,0,0,1.9,4.229749199228304,True,True,True,True,True,True,2020-10-28,9.0,14.400000000000006,35.0
21426,Zetland,https://www.crunchbase.com/organization/zetland,Denmark,55.6867243,12.5700724,2012,4.0,False,True,False,False,False,False,False,False,False,False,True,False,False,False,5,1,1,False,True,False,False,0.0,False,0.0,True,2017-01-01,2017-01-01,Seed,2017,3.0,True,,False,,0.0,0.0,False,,False,,False,,False,,False,,False,,1,0,True,,True,True,,True,,True,,True,,True,,True,,1,,True,,True,True,,False,False,False,False,False,False,True,True,234,2,True,33,14,0.4242424242424242,0.3536400402435783,0.0,0.0,0.0,0.0,0.0,0.0,0.0,0.0,0.0,0.0,0.0,0.0,0.0,0.0,0.0,0.0,0,0,0,0,0,0,0,-0.7,4.804840381116659,False,False,False,False,False,False,,,14.400000000000006,35.0
21511,CAREMAKER,https://www.crunchbase.com/organization/caremaker,Denmark,57.0462626,9.9215263,2012,2.0,False,False,False,False,True,True,False,False,True,True,False,False,False,True,3,1,1,False,True,False,False,0.0,False,0.0,True,2015-03-01,2015-03-01,Seed,2015,1.0,True,,False,,0.0,0.0,False,,False,,False,,False,,False,,False,,1,0,True,,True,True,,True,,True,,True,,True,,True,,1,,True,,True,False,,False,False,False,False,False,False,True,True,3,0,False,6,0,0.0,0.0,0.22237046823451823,0.0,0.0,0.0,0.0,0.0,0.0,0.0,0.0,0.0,0.0,0.0,0.0,0.0,0.0,0.0,0,0,0,0,1,1,0,-0.7,4.330733340286331,False,False,False,False,False,False,,,0.0,1.0
21160,Biosyntia,https://www.crunchbase.com/organization/biosyntia,Denmark,55.8832986,12.5000112,2012,3.0,True,False,False,False,True,False,False,True,False,False,False,False,False,False,3,1,2,False,False,False,False,0.0,False,1.870081,False,2015-05-21,2015-05-21,Series B,2015,153.5,True,,False,,16.0,69.5,True,,True,,False,,False,,False,,True,,0,0,False,,False,True,,True,,True,,True,,True,,True,,2,,True,,True,True,,False,False,False,False,False,False,True,True,232,1,True,1,1,1.0,0.6931471805599453,0.02229269459004184,0.015638746480918137,0.014142616330661092,0.01713487663117518,0.014142616330661092,0.015638746480918137,0.01713487663117518,0.0,0.0,0.0,0.0073106020870660985,0.0073106020870660985,0.0073106020870660985,2.0,0.0,0.0402231640645322,0,0,0,0,0,0,0,-0.7,4.330733340286331,False,False,True,False,True,True,,,16.80000000000001,35.0
21553,Ingenium Golf,https://www.crunchbase.com/organization/ingenium-golf,Denmark,56.1496278,10.2134046,2012,1.0,False,False,False,False,False,True,False,False,False,True,False,False,False,False,0,1,1,False,True,False,False,0.0,False,0.168852,True,2012-12-01,2012-12-01,Series A,2012,2.0,True,,False,,14.0,1.0,False,,False,,False,,False,,False,,False,,1,0,True,,True,True,,True,,True,,True,,True,,True,,1,,True,,True,False,,False,False,False,False,False,False,True,True,18,1,True,11,2,0.1818181818181818,0.1670540846631661,0.1555965689136978,0.0,0.0,0.0,0.0,0.0,0.0,0.0,0.0,0.0,0.0,0.0,0.0,1.0,0.0,0.0,0,0,0,0,0,1,0,-0.7,4.229749199228304,False,False,True,False,True,True,,,0.0,5.0
21554,Sensorist,https://www.crunchbase.com/organization/sensorist,Denmark,55.6867243,12.5700724,2012,1.0,True,True,False,False,False,False,False,False,False,True,False,False,False,False,1,1,2,False,False,False,False,0.0,False,0.0,True,2013-01-31,2013-01-31,Seed,2013,128.5,True,,False,,11.0,30.5,False,,True,,False,,False,,False,,False,,2,0,True,,True,True,,True,,True,,True,,True,,True,,2,,True,,True,True,,False,False,False,False,False,False,True,True,234,2,True,33,14,0.4242424242424242,0.3536400402435783,0.0,0.004984324445901672,0.0,0.009968648891803345,0.0,0.004984324445901672,0.009968648891803345,0.0,0.0,0.0,0.009968648891803345,0.009968648891803345,0.009968648891803345,13.0,2.0,0.2940502655767997,1,0,0,0,0,0,0,-0.7,4.122283930911342,False,False,False,False,False,False,,,14.400000000000006,35.0
21561,bmetric,https://www.crunchbase.com/organization/bellmetric,Denmark,55.6867243,12.5700724,2012,4.0,True,True,False,False,True,False,False,False,False,True,True,False,False,True,1,1,1,False,True,False,False,0.0,False,0.0,True,2013-11-29,2013-11-29,Seed,2013,151.0,True,,False,,9.0,35.0,False,,True,,False,,False,,False,,False,,1,0,True,,True,True,,True,,True,,True,,True,,True,,1,,True,,True,True,,False,False,False,False,False,False,True,True,234,2,True,33,14,0.4242424242424242,0.3536400402435783,0.0,0.0,0.0,0.0,0.0,0.0,0.0,0.0,0.0,0.0,0.0,0.0,0.0,13.0,3.0,0.3205009714335284,1,0,0,0,0,0,0,-0.7,4.122283930911342,False,False,False,False,False,False,,,14.400000000000006,35.0
21103,Penneo,https://www.crunchbase.com/organization/penneo,Denmark,55.6867243,12.5700724,2012,4.0,True,True,False,False,True,True,False,False,False,True,False,False,False,False,1,1,2,True,False,False,False,1.0,True,0.609863,False,2013-12-30,2013-12-30,Venture - Series Unknown,2013,128.5,True,True,False,False,11.0,30.5,False,False,True,True,False,False,False,False,False,False,False,False,2,1,True,True,True,True,True,True,True,True,True,True,True,True,True,True,True,2,1.0,True,True,True,True,True,False,False,False,False,False,False,True,True,234,2,True,33,13,0.3939393939393939,0.3321338350226147,0.0,0.004984324445901672,0.0,0.009968648891803345,0.0,0.0,0.0,0.009968648891803345,0.009968648891803345,0.009968648891803345,0.009968648891803345,0.009968648891803345,0.009968648891803345,13.0,2.0,0.2940502655767997,1,0,0,0,0,0,0,-0.7,4.122283930911342,True,False,True,True,True,True,2020-06-02,8.0,14.400000000000006,35.0
21399,Remic,https://www.crunchbase.com/organization/remic,Denmark,56.169453,9.5495141,2012,1.0,True,False,True,False,True,True,False,False,False,True,False,False,False,False,2,1,1,False,True,False,False,0.0,False,0.005763,True,2014-11-21,2014-11-21,Angel,2014,62.0,False,,True,,6.0,8.0,False,,False,,True,,False,,False,,False,,0,0,False,,False,False,,False,,False,,False,,False,,False,,1,,True,,True,True,,False,False,False,False,False,False,True,True,18,0,False,1,0,0.0,0.0,0.19565379034164357,0.1956537903416437,0.1956537903416437,0.1956537903416437,0.1956537903416437,0.1956537903416437,0.1956537903416437,0.0,0.0,0.0,0.0,0.0,0.0,7.0,1.0,0.2012547881991394,1,0,0,0,1,1,1,-0.7,4.23410650459726,False,False,False,False,False,False,,,0.6000000000000001,5.0
21374,RushFiles,https://www.crunchbase.com/organization/rushfiles,Denmark,55.8611696,9.8444774,2012,1.0,True,False,False,False,False,False,False,False,False,True,False,False,False,False,1,1,1,False,True,False,False,0.0,False,4.4,False,2013-09-01,2013-09-01,Venture - Series Unknown,2013,9.0,True,,False,,0.0,3.0,False,,False,,False,,False,,False,,False,,0,0,False,,False,True,,False,,False,,False,,False,,False,,1,,True,,True,False,,False,False,False,False,False,False,True,True,22,0,False,0,0,0.0,0.0,0.17155455134565947,0.09416286731903559,0.09416286731903559,0.09416286731903559,0.09416286731903559,0.09416286731903559,0.09416286731903559,0.0,0.0,0.0,0.0,0.0,0.0,0.0,0.0,0.0,0,0,0,0,1,1,0,-0.7,4.122283930911342,True,False,True,True,True,True,2023-06-28,11.0,0.0,6.0
21268,Actimo,https://www.crunchbase.com/organization/actimo,Denmark,55.6867243,12.5700724,2012,2.0,True,True,False,False,False,True,False,False,False,True,True,False,False,False,0,1,1,False,True,False,True,1.0,True,0.787929,False,2012-09-18,2012-09-18,Series A,2012,62.0,True,True,False,False,4.0,8.0,False,False,False,False,True,True,False,False,False,False,False,False,1,1,True,True,True,True,True,True,True,True,True,True,True,True,True,True,True,1,1.0,True,True,True,True,True,False,False,False,False,False,False,True,True,234,2,True,33,13,0.3939393939393939,0.3321338350226147,0.0,0.0,0.0,0.0,0.0,0.0,0.0,0.0,0.0,0.0,0.0,0.0,0.0,5.0,1.0,0.1727159991214717,1,0,0,0,0,0,0,-0.7,4.229749199228304,True,False,True,True,True,True,2020-09-16,8.0,14.400000000000006,35.0
21270,Motosumo,https://www.crunchbase.com/organization/motosumo,Denmark,55.6867243,12.5700724,2012,4.0,False,True,False,False,False,True,False,False,False,False,False,False,False,False,4,1,2,True,False,False,False,1.0,True,0.5,True,2016-02-22,2016-02-22,Series A,2016,128.5,True,True,False,False,14.0,30.5,False,False,True,True,False,False,False,False,False,False,False,False,2,1,True,True,True,True,True,True,True,True,True,True,True,True,True,True,True,2,1.0,True,True,True,True,True,False,False,False,False,False,False,True,True,234,2,True,33,14,0.4242424242424242,0.3536400402435783,0.0,0.004984324445901672,0.0,0.009968648891803345,0.0,0.0,0.0,0.009968648891803345,0.009968648891803345,0.009968648891803345,0.009968648891803345,0.009968648891803345,0.009968648891803345,28.0,7.0,0.4564749541546787,1,0,1,0,0,0,0,-0.7,4.600157644164547,False,False,True,False,True,True,,,14.400000000000006,35.0
21234,Unsilo,https://www.crunchbase.com/organization/unsilo,Denmark,56.1496278,10.2134046,2012,2.0,True,False,False,False,False,True,False,False,False,True,False,False,False,False,0,2,2,False,False,False,False,0.0,False,1.0,False,2012-06-01,2013-09-26,Venture - Series Unknown,2012,5.5,True,,True,,8.0,1.5,False,,False,,False,,False,,False,,False,,1,0,True,,False,True,,True,,True,,True,,True,,True,,1,,True,,False,False,,True,True,False,False,False,False,True,False,18,1,True,11,1,0.0909090909090909,0.0870113769896297,0.1555965689136978,6.258642986877729,0.0,12.517285973755456,0.0,6.258642986877729,12.517285973755456,0.0,0.0,0.0,12.517285973755456,12.517285973755456,12.517285973755456,1.0,0.0,0.0,0,0,0,0,0,1,0,-0.7,4.229749199228304,True,False,True,True,True,True,2020-01-28,8.0,0.0,5.0
21340,Onomondo,https://www.crunchbase.com/organization/hello-world-mobile,Denmark,55.6867243,12.5700724,2012,3.0,True,True,False,False,False,False,False,False,False,True,False,False,False,False,2,3,3,True,False,True,False,2.0,True,1.54275,False,2014-02-23,2019-11-28,Series A,2014,49.0,True,True,True,False,1.5,3.5,True,True,False,False,True,False,False,False,False,False,True,True,1,1,True,True,False,True,True,True,True,True,True,True,True,True,True,True,True,3,2.0,True,True,False,True,True,False,False,False,False,False,False,True,True,234,2,True,33,14,0.4242424242424242,0.3536400402435783,0.0,0.5270099064828218,0.0,2.072335234268418,0.017852195831434443,1.0450937150499262,2.072335234268418,0.0,0.008926097915717222,0.017852195831434443,1.037304498831665,0.0,2.072335234268418,7.0,1.0,0.2012547881991394,1,0,0,0,0,0,0,-0.7,4.23410650459726,False,False,True,False,True,True,,,14.400000000000006,35.0
21228,Goodiebox,https://www.crunchbase.com/organization/goodiebox,Denmark,55.6867243,12.5700724,2012,2.0,False,True,False,False,True,True,False,True,False,False,False,False,False,False,6,1,2,True,False,False,False,1.0,True,0.0,True,2018-08-30,2018-08-30,Series A,2018,12.0,True,True,False,False,1.0,0.0,False,False,False,False,False,False,False,False,False,False,False,False,1,0,True,False,False,True,True,True,True,True,True,True,True,True,True,True,True,2,1.0,True,True,True,True,True,False,False,False,False,False,False,True,True,234,2,True,33,14,0.4242424242424242,0.3536400402435783,0.0,0.008926097915717222,0.0,0.017852195831434443,0.0,0.0,0.0,0.017852195831434443,0.017852195831434443,0.017852195831434443,0.017852195831434443,0.017852195831434443,0.017852195831434443,2.0,0.0,0.0402231640645322,0,0,0,0,0,0,0,-0.7,5.707110264748875,False,False,True,False,True,True,,,14.400000000000006,35.0
21305,Traede,https://www.crunchbase.com/organization/traede,Denmark,55.6867243,12.5700724,2012,2.0,True,True,False,False,False,True,False,False,False,True,False,False,False,True,2,2,2,True,False,False,False,1.0,True,2.14,False,2014-02-01,2018-01-08,Seed,2014,54.0,True,True,False,False,9.0,13.5,False,False,True,True,False,False,False,False,False,False,False,False,2,1,True,True,True,True,True,True,True,True,True,True,True,True,True,True,True,2,1.0,True,True,True,True,True,False,False,False,False,False,False,True,True,234,2,True,33,13,0.3939393939393939,0.3321338350226147,0.0,0.004984324445901672,0.0,0.009968648891803345,0.0,0.0,0.0,0.009968648891803345,0.009968648891803345,0.009968648891803345,0.009968648891803345,0.009968648891803345,0.009968648891803345,34.0,16.0,0.5444351769886631,1,1,1,1,0,1,0,-0.7,4.23410650459726,True,False,False,True,True,True,2024-09-13,12.0,14.400000000000006,35.0
21601,Wantr,https://www.crunchbase.com/organization/wantr,Denmark,55.6867243,12.5700724,2012,2.0,False,True,False,False,False,True,False,False,False,False,False,False,False,False,1,1,1,False,True,False,False,0.0,False,0.6,False,2013-03-15,2013-03-15,Seed,2013,151.0,True,,False,,9.0,35.0,False,,True,,False,,False,,False,,False,,1,0,True,,True,True,,True,,True,,True,,True,,True,,1,,True,,True,True,,False,False,False,False,False,False,True,True,234,2,True,33,14,0.4242424242424242,0.3536400402435783,0.0,0.0,0.0,0.0,0.0,0.0,0.0,0.0,0.0,0.0,0.0,0.0,0.0,13.0,3.0,0.3205009714335284,1,0,0,0,0,0,0,-0.7,4.122283930911342,False,False,False,False,False,False,,,14.400000000000006,35.0
21608,Dynastrom,https://www.crunchbase.com/organization/dynastrom,Denmark,56.1921152,10.1117391,2012,1.0,True,False,False,False,False,True,False,False,False,True,True,False,False,False,1,1,1,False,True,False,True,1.0,True,0.0,True,2013-06-01,2013-06-01,Seed,2013,48.0,True,True,False,False,0.0,3.0,False,False,False,False,False,False,False,False,False,False,False,False,0,0,False,False,False,True,True,False,False,False,False,False,False,False,False,False,False,1,1.0,True,True,True,False,False,False,False,False,False,False,False,True,True,18,1,True,11,1,0.0909090909090909,0.0870113769896297,0.16307434713434274,0.09568702371067306,0.09568702371067306,0.09568702371067306,0.0,0.0,0.0,0.09568702371067306,0.09568702371067306,0.09568702371067306,0.0,0.0,0.0,0.0,0.0,0.0,0,0,0,0,0,1,0,-0.7,4.122283930911342,True,False,False,True,True,True,2017-11-09,5.0,0.0,5.0
21622,DecoSlide,https://www.crunchbase.com/organization/decoslide,Denmark,56.1290327,10.1624334,2012,1.0,True,False,False,False,True,True,False,False,False,False,False,False,True,False,2,1,1,False,True,False,False,0.0,False,0.508475,False,2014-11-21,2014-11-21,Seed,2014,62.0,False,,True,,6.0,8.0,False,,False,,True,,False,,False,,False,,0,0,False,,False,False,,False,,False,,False,,False,,False,,1,,True,,True,True,,False,False,False,False,False,False,True,True,18,1,True,11,2,0.1818181818181818,0.1670540846631661,0.15790653211178687,0.15790653211178707,0.15790653211178707,0.15790653211178707,0.15790653211178707,0.15790653211178707,0.15790653211178707,0.0,0.0,0.0,0.0,0.0,0.0,6.0,1.0,0.1880081363765889,1,0,0,0,1,1,1,-0.7,4.23410650459726,False,False,False,False,False,False,,,0.0,5.0
21084,Neurons,https://www.crunchbase.com/organization/neurons,Denmark,55.6522136,12.292049,2013,1.0,True,True,False,False,True,False,False,True,False,True,True,False,False,False,7,2,3,True,False,True,False,1.0,True,8.352483,False,2020-11-01,2022-08-25,Seed,2020,108.25,True,True,True,False,16.5,20.0,False,False,False,False,False,False,False,False,False,False,False,False,0,0,False,False,False,True,True,True,True,True,True,True,True,True,True,True,True,3,1.0,True,True,False,True,True,False,False,False,False,False,False,True,True,214,2,True,2,1,0.5,0.4054651081081644,0.017852195831434464,0.1803833699250966,0.019386179166704216,0.5344787843989223,0.019386179166704216,0.23404910017789404,0.5344787843989223,0.019386179166704216,0.019386179166704216,0.019386179166704216,0.3274234384489251,0.0,0.6052601595180198,36.0,69.0,0.680074847256592,1,1,1,1,1,1,1,-0.08,5.707110264748875,False,False,False,False,False,False,,,17.400000000000006,35.400000000000006
21094,Curasight A/S,https://www.crunchbase.com/organization/curasight,Denmark,55.6867243,12.5700724,2013,3.0,True,True,False,False,True,True,False,True,False,False,False,False,False,True,0,2,2,False,False,False,False,0.0,False,0.0,True,2013-12-30,2017-06-01,Seed,2013,136.0,True,,False,,11.7,32.0,False,,True,,False,,False,,False,,False,,3,0,True,,True,True,,True,,True,,True,,True,,True,,3,,True,,True,True,,False,False,False,False,False,False,True,True,234,2,True,58,20,0.3448275862068966,0.2962658161431724,0.0,0.003322882963934448,0.0,0.009968648891803345,0.0,0.003322882963934448,0.009968648891803345,0.0,0.0,0.0,0.006645765927868896,0.0,0.009968648891803345,35.0,11.0,0.5152050093578937,1,1,1,0,0,0,1,-0.08,4.122283930911342,True,False,False,True,True,True,2020-10-08,7.0,14.400000000000006,35.0
21115,Airtame,https://www.crunchbase.com/organization/airtame,Denmark,55.6867243,12.5700724,2013,5.0,True,True,False,False,True,True,False,False,False,True,True,False,False,True,2,1,5,True,False,False,False,1.0,True,4.472,False,2015-02-05,2015-02-05,Venture - Series Unknown,2015,54.4,True,True,True,False,10.0,12.8,False,False,True,True,False,False,False,False,False,False,False,False,4,1,True,True,False,True,True,True,True,True,True,True,True,True,True,True,True,4,1.0,True,True,False,True,True,True,True,False,False,False,False,True,False,234,2,True,58,21,0.3620689655172414,0.3090048419206022,0.0,2.5273043455804,0.0,12.626553079010197,0.0,3.1566382697525492,12.626553079010197,0.009968648891803345,0.009968648891803345,0.009968648891803345,5.053619701364877,0.0,12.626631829942772,21.0,1.0,0.3016081567741223,1,0,0,0,0,0,0,-0.08,4.330733340286331,False,False,True,False,True,True,,,14.400000000000006,35.0
21178,Woomio,https://www.crunchbase.com/organization/woomio,Denmark,55.6867243,12.5700724,2013,2.0,True,True,False,False,False,False,False,False,False,True,True,False,False,False,1,2,3,True,False,False,False,1.0,True,3.302617,False,2014-08-10,2021-01-01,Series A,2014,275.6666666666667,True,True,True,False,12.3,31.7,False,False,False,False,True,False,False,False,False,False,False,False,1,1,True,True,False,True,True,True,True,True,True,True,True,True,True,True,True,1,1.0,True,True,False,True,True,False,False,False,False,False,False,True,True,234,2,True,58,20,0.3448275862068966,0.2962658161431724,0.0,0.5283683325467767,0.005227359580048748,0.9581956178754963,0.6216820201847851,0.7899388190301407,0.9581956178754963,0.005227359580048748,0.005227359580048748,0.005227359580048748,0.6477732470972593,0.35894534086299357,0.9600589589142212,37.0,42.0,0.6379164309509023,1,1,1,1,0,1,1,-0.08,4.23410650459726,True,False,True,True,True,True,2024-12-16,11.0,14.400000000000006,35.0
21067,Famly,https://www.crunchbase.com/organization/famly,Denmark,55.6867243,12.5700724,2013,2.0,False,True,False,False,False,True,False,True,False,True,False,False,False,False,3,1,6,False,False,False,False,0.0,False,3.571437,False,2016-04-01,2016-04-01,Series A,2016,6.0,True,,True,,0.0,1.2,False,,False,,False,,False,,False,,False,,1,0,True,,False,True,,True,,True,,True,,True,,True,,1,,True,,False,True,,True,True,True,False,False,False,True,False,234,2,True,58,21,0.3620689655172414,0.3090048419206022,0.0,5.9384926655807115,0.0,8.783078012371726,0.0,5.9384926655807115,8.783078012371726,0.0,0.0,0.0,5.335299829720798,0.0,8.783078012371726,2.0,6.0,0.2191383690949482,1,0,0,0,0,0,0,-0.08,4.600157644164547,False,False,True,False,True,True,,,14.400000000000006,35.0
21148,Tonsser,https://www.crunchbase.com/organization/tonsser,Denmark,55.6867243,12.5700724,2013,3.0,False,True,False,False,False,True,False,False,False,True,True,False,False,False,3,2,4,False,False,False,False,0.0,False,4.90741,False,2016-06-08,2017-07-06,Venture - Series Unknown,2016,123.0,True,,True,,15.8,38.0,False,,True,,False,,False,,False,,False,,4,0,True,,False,True,,True,,True,,True,,True,,True,,4,,True,,False,True,,True,True,True,False,True,False,True,False,234,2,True,58,21,0.3620689655172414,0.3090048419206022,0.0,1.4982089119987834,0.0,8.783078012371726,0.0,1.4982089119987834,8.783078012371726,0.0,0.0,0.0,2.894918229000069,0.0,9.434160278898844,37.0,17.0,0.5578487904911099,1,1,1,1,0,1,1,-0.08,4.600157644164547,False,False,True,False,True,True,,,14.400000000000006,35.0
21133,Tattoodo,https://www.crunchbase.com/organization/tattoodo,Denmark,55.6867243,12.5700724,2013,3.0,False,True,False,False,False,True,False,False,False,True,True,False,False,True,1,1,1,False,True,False,False,0.0,False,1.1,False,2014-12-20,2014-12-20,Venture - Series Unknown,2014,71.0,False,,True,,1.0,11.0,True,,True,,False,,False,,False,,False,,0,0,False,,False,False,,False,,False,,False,,False,,False,,0,,False,,False,False,,True,True,True,True,False,False,False,False,234,2,True,58,21,0.3620689655172414,0.3090048419206022,0.0,8.812864626832388,8.812864626832388,8.812864626832388,8.812864626832388,8.812864626832388,8.812864626832388,0.0,0.0,0.0,0.0,0.0,0.0,0.0,0.0,0.0,0,0,0,0,0,0,0,-0.08,4.23410650459726,False,False,True,False,True,True,,,14.400000000000006,35.0
21059,CathVision,https://www.crunchbase.com/organization/cathvision,Denmark,55.6867243,12.5700724,2013,3.0,True,True,False,False,True,False,False,True,False,True,False,False,False,False,1,2,3,False,False,False,False,0.0,False,0.0,True,2014-04-22,2015-12-18,Venture - Series Unknown,2014,43.75,True,,True,,0.7,3.8,False,,False,,False,,False,,False,,False,,2,0,True,,False,True,,True,,True,,True,,True,,True,,4,,True,,True,True,,False,False,False,False,False,False,True,True,234,2,True,58,20,0.3448275862068966,0.2962658161431724,0.0,0.11118523411725911,0.0,0.22237046823451823,0.0,0.11118523411725911,0.22237046823451823,0.0,0.0,0.0,0.14824697882301213,0.0,0.22237046823451823,4.0,1.0,0.154629239632742,0,0,0,0,0,0,0,-0.08,4.23410650459726,False,True,True,True,True,True,,,14.400000000000006,35.0
21050,OrderYoyo,https://www.crunchbase.com/organization/orderyoyo,Denmark,55.6867243,12.5700724,2013,3.0,False,True,False,False,False,True,True,False,False,False,False,False,False,False,3,1,2,True,False,False,False,1.0,True,3.172772,False,2016-06-22,2016-06-22,Post-IPO Equity,2016,128.5,True,True,False,False,14.0,30.5,False,False,True,True,False,False,False,False,False,False,False,False,2,1,True,True,True,True,True,True,True,True,True,True,True,True,True,True,True,2,1.0,True,True,True,True,True,False,False,False,False,False,False,True,True,234,2,True,58,20,0.3448275862068966,0.2962658161431724,0.0,0.004984324445901672,0.0,0.009968648891803345,0.0,0.0,0.0,0.009968648891803345,0.009968648891803345,0.009968648891803345,0.009968648891803345,0.009968648891803345,0.009968648891803345,28.0,7.0,0.4564749541546787,1,0,1,0,0,0,0,-0.08,4.600157644164547,True,False,False,True,True,True,2021-07-02,8.0,14.400000000000006,35.0
21539,Diet4Life,https://www.crunchbase.com/organization/diet4life,Denmark,56.2526132,9.8610556,2013,1.0,True,False,False,False,False,False,True,True,False,False,False,False,False,False,0,1,1,False,True,False,False,0.0,False,0.0,True,2013-01-01,2013-01-01,Seed,2013,151.0,False,,True,,9.0,35.0,False,,True,,False,,False,,False,,False,,0,0,False,,False,False,,False,,False,,False,,False,,False,,1,,True,,True,True,,False,False,False,False,False,False,True,True,18,0,False,0,0,0.0,0.0,0.17992312464199314,0.17992312464199312,0.17992312464199312,0.17992312464199312,0.17992312464199312,0.17992312464199312,0.17992312464199312,0.0,0.0,0.0,0.0,0.0,0.0,0.0,0.0,0.0,0,0,0,0,1,0,0,-0.08,4.122283930911342,False,False,False,False,False,False,,,0.2000000000000028,5.0
21537,addwish,https://www.crunchbase.com/organization/addwish,Denmark,55.6867243,12.5700724,2013,2.0,False,True,False,False,False,True,False,False,False,True,False,False,False,False,0,2,2,False,False,False,False,0.0,False,1.8,False,2013-11-28,2018-01-01,Venture - Series Unknown,2013,63.0,True,,False,,15.0,14.0,False,,True,,False,,False,,False,,False,,1,0,True,,False,True,,True,,True,,True,,True,,True,,2,,True,,True,True,,False,False,False,False,False,False,True,True,234,2,True,58,21,0.3620689655172414,0.3090048419206022,0.0,0.011146347295020988,0.0,0.022292694590041975,0.0,0.011146347295020988,0.022292694590041975,0.0,0.0,0.0,0.022292694590041975,0.022292694590041975,0.022292694590041975,1.0,2.0,0.1010110579727503,0,0,0,0,0,0,0,-0.08,4.122283930911342,False,False,True,False,True,True,,,14.400000000000006,35.0
21535,Tutee,https://www.crunchbase.com/organization/tutee,Denmark,55.4664892,8.4520751,2013,3.0,False,False,False,False,False,True,False,False,False,True,False,False,False,False,1,2,3,False,False,False,False,0.0,False,0.590182,False,2014-02-13,2014-11-14,Seed,2014,28.333333333333332,True,,True,,9.7,3.0,False,,False,,True,,False,,True,,False,,0,0,False,,False,True,,False,,False,,False,,False,,False,,3,,True,,True,True,,False,False,False,False,False,False,True,True,2,0,False,1,1,1.0,0.6931471805599453,0.2353399255808574,0.1555764858163632,0.073036031856381,0.25996976496399893,0.073036031856381,0.1555764858163632,0.25996976496399893,0.0,0.0,0.0,0.1369319167316994,0.06487641895861225,0.19032276232278816,1.0,1.0,0.0637308819147395,0,0,0,0,1,0,1,-0.08,4.23410650459726,False,False,False,False,False,False,,,1.8,1.0
21533,FlexFunding,https://www.crunchbase.com/organization/flexfunding,Denmark,55.7552973,12.5671103,2013,1.0,True,True,False,False,False,True,False,False,True,False,False,False,False,False,4,1,1,False,True,True,False,0.0,False,0.0,True,2017-12-01,2017-12-01,Pre-Seed,2017,6.0,False,,True,,14.0,3.0,False,,False,,False,,False,,False,,False,,0,0,False,,False,False,,False,,False,,False,,False,,False,,1,,True,,True,False,,False,False,False,False,False,False,True,True,234,2,True,59,22,0.3728813559322034,0.3169117107667193,0.007627226008206078,0.19002873486991095,0.19002873486991095,0.19002873486991095,0.19002873486991095,0.19002873486991095,0.19002873486991095,0.0,0.0,0.0,0.0,0.0,0.0,0.0,0.0,0.0,0,0,0,0,0,0,0,-0.08,4.804840381116659,False,False,False,False,False,False,,,17.400000000000006,35.400000000000006
21519,Grazper,https://www.crunchbase.com/organization/grazper,Denmark,55.6867243,12.5700724,2013,1.0,True,True,False,False,True,False,False,False,False,True,False,False,False,False,3,1,1,False,True,False,True,1.0,True,0.0,True,2016-09-09,2016-09-09,Seed,2016,9.0,True,True,False,False,0.0,3.0,False,False,False,False,False,False,False,False,False,False,False,False,1,1,True,True,True,True,True,True,True,True,True,True,True,True,True,True,True,1,1.0,True,True,True,True,True,False,False,False,False,False,False,True,True,234,2,True,58,20,0.3448275862068966,0.2962658161431724,0.0,0.0,0.0,0.0,0.0,0.0,0.0,0.0,0.0,0.0,0.0,0.0,0.0,1.0,0.0,0.0,0,0,0,0,0,0,0,-0.08,4.600157644164547,True,False,False,True,True,True,2020-03-24,7.0,14.400000000000006,35.0
21544,Dencrypt,https://www.crunchbase.com/organization/dencrypt,Denmark,55.6644909,12.4750154,2013,1.0,True,True,False,False,False,False,False,False,False,True,False,False,False,False,1,1,1,False,True,False,True,1.0,True,0.0,True,2014-06-01,2014-06-01,Seed,2014,48.0,False,False,True,True,0.0,3.0,False,False,False,False,False,False,False,False,False,False,False,False,0,0,False,False,False,False,False,False,False,False,False,False,False,False,False,False,False,1,1.0,True,True,True,False,False,False,False,False,False,False,False,True,True,233,2,True,56,21,0.375,0.3184537311185346,0.006452505907757349,0.21986769948169796,0.21986769948169796,0.21986769948169796,0.0,0.0,0.0,0.21986769948169796,0.21986769948169796,0.21986769948169796,0.0,0.0,0.0,1.0,1.0,0.0637308819147395,0,0,0,0,0,0,0,-0.08,4.23410650459726,False,False,False,False,False,False,,,17.400000000000006,35.400000000000006
21580,Water Surveillance,https://www.crunchbase.com/organization/water-surveillance,Denmark,56.0,10.0,2013,1.0,True,False,False,False,True,False,False,False,False,True,False,False,False,False,0,2,2,False,False,False,False,0.0,False,1.325086,False,2013-10-21,2014-11-21,Seed,2013,48.333333333333336,True,,True,,8.7,5.7,False,,False,,True,,False,,False,,False,,0,0,False,,False,True,,True,,True,,True,,True,,False,,3,,True,,True,True,,False,False,False,False,False,False,True,True,21,0,False,2,0,0.0,0.0,0.16418004266816283,0.11654178842286154,0.021265279932258744,0.16418004266816294,0.021265279932258744,0.11654178842286154,0.16418004266816294,0.0,0.0,0.0,0.1037310459424652,0.0,0.1555965689136978,6.0,1.0,0.1880081363765889,1,0,0,0,1,1,1,-0.08,4.122283930911342,False,False,False,False,False,False,,,0.0,5.0
21578,Just-Sold,https://www.crunchbase.com/organization/just-sold,Denmark,55.7336657,12.5655408,2013,1.0,True,True,False,False,True,True,False,False,False,True,False,False,True,False,2,1,1,False,True,False,False,0.0,False,0.0,True,2015-03-31,2015-03-31,Seed,2015,1.0,True,,False,,10.0,0.0,False,,False,,False,,False,,False,,False,,1,0,True,,True,True,,True,,True,,True,,True,,True,,1,,True,,True,True,,False,False,False,False,False,False,True,True,234,2,True,60,22,0.3666666666666666,0.3123746850421524,0.005227359580048402,0.0,0.0,0.0,0.0,0.0,0.0,0.0,0.0,0.0,0.0,0.0,0.0,0.0,0.0,0.0,0,0,0,0,0,0,0,-0.08,4.330733340286331,False,False,False,False,False,False,,,17.400000000000006,35.400000000000006
21552,Nordic Neurostim,https://www.crunchbase.com/organization/nordic-neurostim,Denmark,57.0462626,9.9215263,2013,1.0,True,False,False,False,True,False,False,True,False,False,False,False,False,False,0,1,1,False,True,False,True,1.0,True,0.927055,False,2013-03-07,2013-03-07,Seed,2013,151.0,False,False,True,True,9.0,35.0,False,False,True,True,False,False,False,False,False,False,False,False,0,0,False,False,False,False,False,False,False,False,False,False,False,False,False,False,False,1,1.0,True,True,True,True,True,False,False,False,False,False,False,True,True,3,0,False,8,0,0.0,0.0,0.22237046823451823,0.22237046823451823,0.22237046823451823,0.22237046823451823,0.0,0.0,0.0,0.22237046823451823,0.22237046823451823,0.22237046823451823,0.0,0.0,0.0,1.0,0.0,0.0,0,0,0,0,1,1,1,-0.08,4.122283930911342,False,False,False,False,False,False,,,0.0,1.0
21548,Odendo,https://www.crunchbase.com/organization/teamauction,Denmark,56.3590324,8.6159188,2013,3.0,False,False,False,False,False,True,False,False,False,False,True,False,False,False,1,1,1,False,True,False,False,0.0,False,0.508475,False,2014-11-21,2014-11-21,Venture - Series Unknown,2014,9.0,True,,False,,0.0,3.0,False,,False,,False,,False,,False,,False,,1,0,True,,True,True,,True,,True,,True,,True,,True,,1,,True,,True,False,,False,False,False,False,False,False,True,True,1,0,False,1,0,0.0,0.0,0.25679933022404094,0.0,0.0,0.0,0.0,0.0,0.0,0.0,0.0,0.0,0.0,0.0,0.0,1.0,1.0,0.0637308819147395,0,0,0,0,1,1,1,-0.08,4.23410650459726,False,False,True,False,True,True,,,1.0,1.0
21485,Fida Biosystems,https://www.crunchbase.com/organization/fida-biosystems,Denmark,55.6867243,12.5700724,2013,1.0,True,True,False,False,True,False,False,True,False,True,False,False,False,False,6,1,1,False,True,False,False,0.0,False,0.0,True,2019-06-01,2019-06-01,Seed,2019,25.0,True,,False,,0.0,4.0,False,,False,,False,,False,,False,,False,,1,0,True,,True,True,,True,,True,,True,,True,,True,,1,,True,,True,True,,False,False,False,False,False,False,True,True,234,2,True,58,21,0.3620689655172414,0.3090048419206022,0.0,0.005227359580048748,0.005227359580048748,0.005227359580048748,0.005227359580048748,0.005227359580048748,0.005227359580048748,0.0,0.0,0.0,0.0,0.0,0.0,2.0,0.0,0.0402231640645322,0,0,0,0,0,0,0,-0.08,5.707110264748875,False,False,False,False,False,False,,,14.400000000000006,35.0
21341,Coderstrust,https://www.crunchbase.com/organization/coderstrust,Denmark,55.6867243,12.5700724,2013,5.0,False,True,False,False,False,True,False,False,True,False,False,False,False,False,4,1,1,False,True,False,False,0.0,False,0.15,True,2017-07-31,2017-07-31,Venture - Series Unknown,2017,94.0,False,,True,,0.0,4.0,True,,False,,True,,False,,False,,False,,0,0,False,,False,False,,False,,False,,False,,False,,False,,0,,False,,False,True,,False,False,False,False,False,False,True,True,234,2,True,58,21,0.3620689655172414,0.3090048419206022,0.0,0.4881955914577812,0.4881955914577812,0.4881955914577812,0.4881955914577812,0.4881955914577812,0.4881955914577812,0.0,0.0,0.0,0.0,0.0,0.0,0.0,0.0,0.0,0,0,0,0,0,0,0,-0.08,4.804840381116659,False,False,True,False,True,True,,,14.400000000000006,35.0
21449,Comparo.dk,https://www.crunchbase.com/organization/comparo-dk,Denmark,55.6867243,12.5700724,2013,1.0,False,True,False,False,True,False,False,False,True,False,False,False,False,False,0,1,1,False,True,False,False,0.0,False,0.0,True,2013-06-21,2013-06-21,Seed,2013,20.0,True,,False,,14.0,10.0,False,,False,,False,,False,,True,,False,,1,0,True,,True,True,,True,,True,,True,,True,,True,,1,,True,,True,True,,False,False,False,False,False,False,True,True,234,2,True,58,21,0.3620689655172414,0.3090048419206022,0.0,0.0,0.0,0.0,0.0,0.0,0.0,0.0,0.0,0.0,0.0,0.0,0.0,0.0,0.0,0.0,0,0,0,0,0,0,0,-0.08,4.122283930911342,False,False,False,False,False,False,,,14.400000000000006,35.0
21446,AutoOffer,https://www.crunchbase.com/organization/autooffer,Denmark,55.6867243,12.5700724,2013,1.0,False,True,False,False,True,True,False,False,True,True,False,False,False,False,2,1,1,False,True,False,True,1.0,True,0.0,True,2015-11-17,2015-11-17,Venture - Series Unknown,2015,48.0,False,False,True,True,1.0,3.0,False,False,False,False,False,False,False,False,False,False,False,False,0,0,False,False,False,False,False,False,False,False,False,False,False,False,False,False,False,1,1.0,True,True,True,False,False,False,False,False,False,False,False,True,True,234,2,True,58,21,0.3620689655172414,0.3090048419206022,0.0,0.22237046823451823,0.22237046823451823,0.22237046823451823,0.0,0.0,0.0,0.22237046823451823,0.22237046823451823,0.22237046823451823,0.0,0.0,0.0,3.0,2.0,0.1697730111149502,1,0,0,0,0,0,0,-0.08,4.330733340286331,False,False,True,False,True,True,,,14.400000000000006,35.0
21427,Bookingabus.com,https://www.crunchbase.com/organization/bookingabus-com,Denmark,55.6867243,12.5700724,2013,2.0,False,True,False,False,True,True,False,False,False,False,False,False,False,False,1,3,4,False,False,False,False,0.0,False,1.200893,False,2014-01-01,2016-08-01,Seed,2014,125.6,True,,True,,11.5,24.0,False,,True,,True,,False,,False,,False,,3,0,True,,False,True,,True,,True,,True,,True,,True,,4,,True,,False,True,,False,False,False,False,False,False,True,True,234,2,True,58,21,0.3620689655172414,0.3090048419206022,0.0,0.46687238481450155,0.0,2.072335234268418,0.0,0.46687238481450155,2.072335234268418,0.0,0.0,0.0,0.8984085697397526,0.0,2.076038125486455,33.0,9.0,0.4927713355050616,1,1,1,0,0,0,0,-0.08,4.23410650459726,False,False,False,False,False,False,,,14.400000000000006,35.0
21414,Mofibo,https://www.crunchbase.com/organization/mofibo,Denmark,55.6867243,12.5700724,2013,3.0,False,True,False,False,False,True,False,False,False,False,True,False,False,True,0,1,3,False,False,False,False,0.0,False,0.0,True,2013-07-03,2013-07-03,Venture - Series Unknown,2013,120.33333333333331,True,,False,,9.3,28.0,False,,True,,False,,False,,False,,False,,3,0,True,,True,True,,True,,True,,True,,True,,True,,3,,True,,True,True,,False,False,False,False,False,False,True,True,234,2,True,58,20,0.3448275862068966,0.2962658161431724,0.0,0.003322882963934448,0.0,0.009968648891803345,0.0,0.003322882963934448,0.009968648891803345,0.0,0.0,0.0,0.006645765927868896,0.0,0.009968648891803345,14.0,1.0,0.2636143568394742,1,0,0,0,0,0,0,-0.08,4.122283930911342,True,False,True,True,True,True,2016-05-20,3.0,14.400000000000006,35.0
21371,GenieBelt,https://www.crunchbase.com/organization/geniebelt,Denmark,55.6867243,12.5700724,2013,5.0,True,True,False,False,False,False,False,False,False,True,False,False,True,False,3,2,2,True,False,False,False,1.0,True,2.248075,False,2016-09-12,2018-06-01,Seed,2016,23.0,False,False,True,True,52.5,5.5,False,False,True,False,False,False,False,False,False,False,False,False,0,0,False,False,False,False,False,False,False,False,False,False,False,False,False,False,False,1,1.0,True,True,False,True,False,False,False,False,False,False,False,True,True,234,2,True,58,20,0.3448275862068966,0.2962658161431724,0.0,0.4277786740252947,0.2173684757759242,0.6381888722746651,0.6381888722746651,0.6381888722746651,0.6381888722746651,0.2173684757759242,0.2173684757759242,0.2173684757759242,0.6997979983147776,0.6997979983147776,0.6997979983147776,0.0,0.0,0.0,0,0,0,0,0,0,0,-0.08,4.600157644164547,True,False,False,True,True,True,2019-01-29,6.0,14.400000000000006,35.0
21365,MagCath,https://www.crunchbase.com/organization/magcath,Denmark,55.6867243,12.5700724,2013,1.0,False,True,False,False,False,True,False,True,False,True,False,False,False,False,3,1,2,False,False,False,False,2.0,True,0.884544,False,2016-12-29,2016-12-29,Venture - Series Unknown,2016,78.0,True,True,True,True,12.5,17.5,False,False,True,True,False,False,False,False,False,False,False,False,1,1,True,True,False,True,True,True,True,True,True,True,True,True,True,True,True,1,1.0,True,True,False,True,True,False,False,False,False,True,False,True,True,234,2,True,58,21,0.3620689655172414,0.3090048419206022,0.0,0.4978729676372801,0.0,0.9957459352745602,0.0,0.0,0.0,0.0,0.4978729676372801,0.9957459352745602,0.9957459352745602,0.9957459352745602,0.9957459352745602,28.0,7.0,0.4564749541546787,1,0,1,0,0,0,0,-0.08,4.600157644164547,False,False,True,False,True,True,,,14.400000000000006,35.0
21624,Vaavud,https://www.crunchbase.com/organization/vaavud,Denmark,55.6867243,12.5700724,2013,4.0,True,True,True,True,False,False,False,False,False,True,False,True,False,True,2,1,2,False,False,False,False,0.0,False,0.7,False,2015-04-15,2015-04-15,Seed,2015,80.0,True,,True,,11.0,19.0,False,,True,,False,,False,,False,,False,,1,0,True,,False,True,,True,,True,,True,,True,,True,,2,,True,,True,True,,False,False,False,False,False,False,True,True,234,2,True,58,21,0.3620689655172414,0.3090048419206022,0.0,0.12839966511202053,0.0,0.25679933022404106,0.0,0.12839966511202053,0.25679933022404106,0.0,0.0,0.0,0.25679933022404106,0.25679933022404106,0.25679933022404106,21.0,4.0,0.3858558000891654,1,0,0,0,0,0,0,-0.08,4.330733340286331,False,False,False,False,False,False,,,14.400000000000006,35.0
21616,Kiggit,https://www.crunchbase.com/organization/kiggit,Denmark,55.6867243,12.5700724,2013,2.0,False,True,False,False,False,True,False,False,False,True,True,False,False,False,0,1,3,False,False,False,False,0.0,False,0.020557,True,2013-12-06,2013-12-06,Seed,2013,219.66666666666663,False,,True,,2.0,20.3,False,,False,,True,,False,,False,,False,,0,0,False,,False,False,,False,,False,,False,,False,,False,,0,,False,,False,True,,False,False,False,False,True,False,True,True,234,2,True,58,21,0.3620689655172414,0.3090048419206022,0.0,0.8712937687584077,0.6216820201847851,1.0340036682149416,0.6216820201847851,0.8712937687584077,1.0340036682149416,0.0,0.0,0.0,0.5789043514613804,0.35894534086299357,0.7471744964476009,0.0,0.0,0.0,0,0,0,0,0,0,0,-0.08,4.122283930911342,False,False,False,False,False,False,,,14.400000000000006,35.0
21568,Seneco,https://www.crunchbase.com/organization/seneco,Denmark,56.112696,10.1015583,2014,1.0,True,False,True,True,False,False,False,False,False,False,False,True,False,False,0,1,2,False,False,False,False,0.0,False,1.068402,False,2014-03-04,2014-03-04,Seed,2014,35.5,True,,True,,6.0,5.5,False,,False,,True,,False,,False,,False,,0,0,False,,False,True,,False,,False,,False,,False,,False,,2,,True,,True,True,,False,False,False,False,False,False,True,True,18,1,True,15,2,0.1333333333333333,0.125163142954006,0.1610030081961438,0.12840566676166135,0.09580832532717877,0.16100300819614388,0.09580832532717877,0.12840566676166135,0.16100300819614388,0.0,0.0,0.0,0.25679933022404106,0.25679933022404106,0.25679933022404106,7.0,0.0,0.1375239062843998,0,0,0,0,1,1,1,1.6,4.23410650459726,True,False,False,True,True,True,2021-04-08,7.0,0.0,5.0
21579,shipbeat,https://www.crunchbase.com/organization/shipbeat,Denmark,55.6867243,12.5700724,2014,2.0,True,True,False,False,True,True,False,False,False,True,False,False,False,False,0,1,2,False,False,False,False,2.0,True,1.589067,False,2014-08-22,2014-08-22,Seed,2014,83.5,True,True,False,False,10.0,20.5,False,False,True,True,False,False,False,False,False,False,False,False,2,2,True,True,True,True,True,True,True,True,True,True,True,True,True,True,True,2,2.0,True,True,True,True,True,False,False,False,False,False,False,True,True,234,2,True,78,26,0.3333333333333333,0.2876820724517809,0.0,0.0,0.0,0.0,0.0,0.0,0.0,0.0,0.0,0.0,0.0,0.0,0.0,15.0,1.0,0.2700167413413393,1,0,0,0,0,0,0,1.6,4.23410650459726,False,False,False,False,False,False,,,14.400000000000006,35.0
21542,Third Ear,https://www.crunchbase.com/organization/third-ear,Denmark,55.6867243,12.5700724,2014,1.0,False,True,False,False,False,False,False,False,False,False,True,False,False,True,0,1,2,True,False,False,False,1.0,True,0.0,True,2014-01-22,2014-01-22,Seed,2014,345.0,False,False,True,True,11.0,47.5,True,True,True,True,True,True,False,False,False,False,False,False,0,0,False,False,False,False,False,False,False,False,False,False,False,False,False,False,False,0,0.0,False,False,False,False,False,True,True,True,True,False,False,False,False,234,2,True,78,26,0.3333333333333333,0.2876820724517809,0.0,7.519024083123205,6.254970153874683,8.783078012371726,8.783078012371726,8.783078012371726,8.783078012371726,6.254970153874683,6.254970153874683,6.254970153874683,4.083058672374313,4.083058672374313,4.083058672374313,1.0,0.0,0.0,0,0,0,0,0,0,0,1.6,4.23410650459726,False,False,False,False,False,False,,,14.400000000000006,35.0
21557,Chocolate Cloud ApS,https://www.crunchbase.com/organization/chocolate-cloud-aps,Denmark,57.0462626,9.9215263,2014,1.0,True,False,False,False,False,False,False,False,False,True,False,False,False,False,1,1,1,False,True,False,True,1.0,True,0.0,True,2015-06-01,2015-06-01,Seed,2015,48.0,True,True,False,False,1.0,3.0,False,False,False,False,False,False,False,False,False,False,False,False,1,1,True,True,True,True,True,True,True,True,True,True,True,True,True,True,True,1,1.0,True,True,True,False,False,False,False,False,False,False,False,True,True,3,0,False,10,0,0.0,0.0,0.22237046823451823,0.0,0.0,0.0,0.0,0.0,0.0,0.0,0.0,0.0,0.0,0.0,0.0,0.0,0.0,0.0,0,0,0,0,1,1,0,1.6,4.330733340286331,False,False,False,False,False,False,,,0.0,1.0
21618,VR1 Labs,https://www.crunchbase.com/organization/vr1-labs,Denmark,55.6839121,12.4129262,2014,1.0,True,True,False,False,True,False,False,False,False,False,False,False,False,False,0,1,1,False,True,False,False,0.0,False,0.009,True,2014-08-01,2014-08-01,Seed,2014,1.0,True,,False,,0.0,0.0,False,,False,,False,,False,,False,,False,,1,0,True,,True,True,,True,,True,,True,,True,,True,,1,,True,,True,True,,False,False,False,False,False,False,True,True,233,2,True,76,27,0.3552631578947368,0.3039956479433046,0.009855633894734511,0.009855633894734516,0.009855633894734516,0.009855633894734516,0.009855633894734516,0.009855633894734516,0.009855633894734516,0.0,0.0,0.0,0.0,0.0,0.0,0.0,0.0,0.0,0,0,0,0,0,0,0,1.6,4.23410650459726,False,False,False,False,False,False,,,17.400000000000006,35.400000000000006
21599,Pipetop,https://www.crunchbase.com/organization/pipetop,Denmark,55.6867243,12.5700724,2014,2.0,True,True,False,False,True,False,False,False,False,True,True,False,False,True,0,2,1,False,True,True,True,1.0,True,0.45,True,2014-09-01,2015-09-01,Pre-Seed,2014,21.0,True,True,False,False,2.5,2.0,True,True,False,False,False,False,False,False,False,False,False,False,2,2,True,True,True,True,True,True,True,True,True,True,True,True,True,True,True,2,2.0,True,True,True,True,True,False,False,False,False,False,False,True,True,234,2,True,78,26,0.3333333333333333,0.2876820724517809,0.0,0.0,0.0,0.0,0.0,0.0,0.0,0.0,0.0,0.0,0.0,0.0,0.0,4.0,0.0,0.0908983577180024,0,0,0,0,0,0,0,1.6,4.23410650459726,False,False,False,False,False,False,,,14.400000000000006,35.0
21603,String Learning,https://www.crunchbase.com/organization/string-learning,Denmark,55.6867243,12.5700724,2014,3.0,True,True,False,False,False,True,False,False,False,True,False,False,False,False,1,1,1,False,True,False,True,1.0,True,0.0,True,2015-01-01,2015-01-01,Seed,2015,38.0,False,False,True,True,0.0,5.0,False,False,False,False,False,False,False,False,False,False,False,False,0,0,False,False,False,False,False,False,False,False,False,False,False,False,False,False,False,0,0.0,False,False,False,False,False,False,False,False,False,True,True,True,True,234,2,True,78,26,0.3333333333333333,0.2876820724517809,0.0,1.0340036682149416,1.0340036682149416,1.0340036682149416,0.0,0.0,0.0,1.0340036682149416,1.0340036682149416,1.0340036682149416,0.0,0.0,0.0,1.0,0.0,0.0,0,0,0,0,0,0,0,1.6,4.330733340286331,False,False,False,False,False,False,,,14.400000000000006,35.0
21300,Cortrium,https://www.crunchbase.com/organization/cortrium,Denmark,55.6867243,12.5700724,2014,2.0,True,True,False,False,True,False,False,True,False,True,False,False,False,False,1,4,4,True,False,True,False,1.0,True,1.213425,False,2015-11-15,2018-08-22,Pre-Seed,2015,10.0,True,True,True,False,1.7,0.2,True,False,False,False,True,False,False,False,False,False,True,False,0,0,False,False,False,True,True,True,True,True,True,True,True,True,True,True,True,1,1.0,True,True,False,True,True,True,True,False,False,True,False,True,False,234,2,True,78,26,0.3333333333333333,0.2876820724517809,0.0,1.856985735692617,0.017852195831434443,6.249470377705891,0.35724176469164737,2.470030248979678,6.249470377705891,0.017852195831434443,0.017852195831434443,0.017852195831434443,3.4439549381600907,0.3566717583935273,6.476096304525294,3.0,2.0,0.1697730111149502,1,0,0,0,0,0,0,1.6,4.330733340286331,False,False,False,False,False,False,,,14.400000000000006,35.0
21298,Nustay.com,https://www.crunchbase.com/organization/nustay-com,Denmark,55.6867243,12.5700724,2014,1.0,False,True,False,False,False,True,False,False,False,False,False,False,False,False,1,1,1,False,True,False,False,0.0,False,0.487958,True,2015-03-06,2015-03-06,Venture - Series Unknown,2015,45.0,False,,True,,7.0,4.0,False,,False,,False,,False,,False,,False,,0,0,False,,False,False,,False,,False,,False,,False,,False,,0,,False,,False,False,,True,True,False,False,False,False,False,False,234,2,True,78,26,0.3333333333333333,0.2876820724517809,0.0,4.833286060524623,4.833286060524623,4.833286060524623,4.833286060524623,4.833286060524623,4.833286060524623,0.0,0.0,0.0,0.0,0.0,0.0,0.0,0.0,0.0,0,0,0,0,0,0,0,1.6,4.330733340286331,False,False,True,False,True,True,,,14.400000000000006,35.0
21276,Salestools.io,https://www.crunchbase.com/organization/salestools-io,Denmark,55.678016,12.5326186,2014,2.0,True,True,False,False,True,False,False,False,False,True,False,False,False,False,1,1,1,False,True,False,False,0.0,False,0.1,True,2015-08-01,2015-08-01,Seed,2015,5.0,False,,True,,0.0,3.0,False,,False,,True,,False,,False,,False,,0,0,False,,False,False,,False,,False,,False,,False,,False,,0,,False,,False,False,,True,True,True,True,False,False,False,False,233,2,True,77,25,0.3246753246753247,0.2811673914305872,0.002539794688779008,8.78253631505314,8.78253631505314,8.78253631505314,8.78253631505314,8.78253631505314,8.78253631505314,0.0,0.0,0.0,0.0,0.0,0.0,0.0,0.0,0.0,0,0,0,0,0,0,0,1.6,4.330733340286331,True,False,False,True,True,True,2018-09-17,4.0,17.400000000000006,35.400000000000006
21349,Spektral,https://www.crunchbase.com/organization/cloudcutout,Denmark,55.6867243,12.5700724,2014,2.0,True,True,False,False,True,False,False,False,False,True,True,False,False,False,1,1,2,False,False,False,False,0.0,False,0.5,True,2015-08-10,2015-08-10,Series A,2015,128.5,True,,False,,13.0,30.5,False,,True,,False,,False,,False,,False,,2,0,True,,True,True,,True,,True,,True,,True,,True,,2,,True,,True,True,,False,False,False,False,False,False,True,True,234,2,True,78,25,0.3205128205128205,0.278020161540044,0.0,0.004984324445901672,0.0,0.009968648891803345,0.0,0.004984324445901672,0.009968648891803345,0.0,0.0,0.0,0.009968648891803345,0.009968648891803345,0.009968648891803345,21.0,4.0,0.3858558000891654,1,0,0,0,0,0,0,1.6,4.330733340286331,True,False,True,True,True,True,2017-12-01,3.0,14.400000000000006,35.0
21207,Acquia Optimize,https://www.crunchbase.com/organization/monsido,Denmark,55.6867243,12.5700724,2014,3.0,True,True,False,False,False,False,False,False,False,True,True,False,False,False,4,1,2,True,False,False,False,1.0,True,0.0,True,2018-12-13,2018-12-13,Venture - Series Unknown,2018,115.5,True,True,False,False,26.0,21.5,False,False,False,False,False,False,False,False,False,False,False,False,2,1,True,True,True,True,True,True,True,True,True,True,True,True,True,True,True,2,1.0,True,True,True,True,True,False,False,False,False,False,False,True,True,234,2,True,78,25,0.3205128205128205,0.278020161540044,0.0,0.005227359580048748,0.005227359580048748,0.005227359580048748,0.005227359580048748,0.005227359580048748,0.005227359580048748,0.005227359580048748,0.005227359580048748,0.005227359580048748,0.0,0.0,0.0,8.0,3.0,0.2766700451007435,1,0,0,0,0,0,0,1.6,5.707110264748875,True,False,True,True,True,True,2023-11-14,9.0,14.400000000000006,35.0
21517,Densou Adtech,https://www.crunchbase.com/organization/denso-adtech,Denmark,55.6867243,12.5700724,2014,2.0,False,True,False,False,False,False,False,False,False,False,True,False,False,True,2,1,1,False,True,True,False,0.0,False,0.0,True,2016-09-01,2016-09-01,Pre-Seed,2016,151.0,True,,False,,12.0,35.0,False,,True,,False,,False,,False,,False,,1,0,True,,True,True,,True,,True,,True,,True,,True,,1,,True,,True,True,,False,False,False,False,False,False,True,True,234,2,True,78,26,0.3333333333333333,0.2876820724517809,0.0,0.0,0.0,0.0,0.0,0.0,0.0,0.0,0.0,0.0,0.0,0.0,0.0,28.0,8.0,0.4673044243559607,1,0,1,0,0,0,0,1.6,4.600157644164547,False,False,False,False,False,False,,,14.400000000000006,35.0
21538,Artboost,https://www.crunchbase.com/organization/artboost,Denmark,55.4196123,9.1001057,2014,1.0,False,False,False,False,False,True,False,False,False,False,True,False,False,False,3,1,2,False,False,False,False,0.0,False,0.0,True,2017-12-01,2017-12-01,Seed,2017,19.5,False,,True,,0.0,2.0,False,,True,,False,,False,,True,,False,,0,0,False,,False,False,,False,,False,,False,,False,,False,,2,,True,,True,True,,False,False,False,False,False,False,True,True,6,0,False,1,0,0.0,0.0,0.215835141073766,0.22023638607068607,0.22023638607068607,0.22023638607068607,0.22023638607068607,0.22023638607068607,0.22023638607068607,0.0,0.0,0.0,0.0,0.0,0.0,0.0,0.0,0.0,0,0,0,0,1,0,0,1.6,4.804840381116659,False,False,False,False,False,False,,,1.0,1.0
21530,Maguru,https://www.crunchbase.com/organization/maguru,Denmark,55.6867243,12.5700724,2014,2.0,True,True,False,False,False,True,False,False,False,True,False,False,False,False,0,1,1,False,True,True,True,1.0,True,1.95,False,2014-04-01,2014-04-01,Seed,2014,21.0,True,True,False,False,2.0,2.0,True,True,False,False,False,False,False,False,False,False,False,False,1,1,True,True,True,True,True,True,True,True,True,True,True,True,True,True,True,1,1.0,True,True,True,True,True,False,False,False,False,False,False,True,True,234,2,True,78,26,0.3333333333333333,0.2876820724517809,0.0,0.0,0.0,0.0,0.0,0.0,0.0,0.0,0.0,0.0,0.0,0.0,0.0,3.0,0.0,0.0687619531421999,0,0,0,0,0,0,0,1.6,4.23410650459726,False,False,False,False,False,False,,,14.400000000000006,35.0
21420,Nordic Power Convertors,https://www.crunchbase.com/organization/nordic-power-convertors,Denmark,55.7188384,12.4435483,2014,6.0,True,True,True,False,True,True,False,False,False,True,False,False,False,False,1,1,2,True,False,False,False,1.0,True,2.0,False,2015-09-25,2015-09-25,Venture - Series Unknown,2015,128.5,True,True,False,False,13.0,30.5,False,False,True,True,False,False,False,False,False,False,False,False,2,1,True,True,True,True,True,True,True,True,True,True,True,True,True,True,True,2,1.0,True,True,True,True,True,False,False,False,False,False,False,True,True,233,2,True,80,27,0.3375,0.2908021997880246,0.008694722454320214,0.0076585448173484135,0.006622367180376517,0.008694722454320309,0.006622367180376517,0.006622367180376517,0.006622367180376517,0.008694722454320309,0.008694722454320309,0.008694722454320309,0.009968648891803345,0.009968648891803345,0.009968648891803345,21.0,4.0,0.3858558000891654,1,0,0,0,0,0,0,1.6,4.330733340286331,False,False,True,False,True,True,,,17.400000000000006,35.400000000000006
21421,Suntherm,https://www.crunchbase.com/organization/suntherm,Denmark,56.5857922,9.1361846,2014,3.0,True,False,False,False,True,False,False,False,False,True,False,False,False,False,1,1,1,False,True,False,True,1.0,True,2.5,False,2015-08-17,2015-08-17,Seed,2015,48.0,True,True,False,False,1.0,3.0,False,False,False,False,False,False,False,False,False,False,False,False,0,0,False,False,False,True,True,False,False,False,False,False,False,False,False,False,False,1,1.0,True,True,True,False,False,False,False,False,False,False,False,True,True,1,0,False,0,0,0.0,0.0,0.2350453121321107,0.0700427210027737,0.0700427210027737,0.0700427210027737,0.0,0.0,0.0,0.0700427210027737,0.0700427210027737,0.0700427210027737,0.0,0.0,0.0,1.0,0.0,0.0,0,0,0,0,1,1,1,1.6,4.330733340286331,False,False,False,False,False,False,,,0.0,1.0
21469,Scopito,https://www.crunchbase.com/organization/scopito,Denmark,56.1496278,10.2134046,2014,1.0,True,False,False,False,False,False,False,False,False,True,False,False,False,False,1,1,1,False,True,False,True,1.0,True,0.0,True,2015-06-01,2015-06-01,Seed,2015,48.0,False,False,True,True,1.0,3.0,False,False,False,False,False,False,False,False,False,False,False,False,0,0,False,False,False,False,False,False,False,False,False,False,False,False,False,False,False,1,1.0,True,True,True,False,False,False,False,False,False,False,False,True,True,18,1,True,16,3,0.1875,0.1718502569266592,0.1555965689136978,0.1012892712820446,0.1012892712820446,0.1012892712820446,0.0,0.0,0.0,0.1012892712820446,0.1012892712820446,0.1012892712820446,0.0,0.0,0.0,2.0,0.0,0.0402231640645322,0,0,0,0,0,1,0,1.6,4.330733340286331,False,False,False,False,False,False,,,0.0,5.0
21453,Gobox,https://www.crunchbase.com/organization/gobox,Denmark,55.6867243,12.5700724,2014,1.0,False,True,False,False,True,False,False,False,False,True,False,False,False,False,0,1,1,False,True,False,True,1.0,True,0.64,False,2014-09-01,2014-09-01,Venture - Series Unknown,2014,21.0,True,True,False,False,2.0,2.0,True,True,False,False,False,False,False,False,False,False,False,False,1,1,True,True,True,True,True,True,True,True,True,True,True,True,True,True,True,1,1.0,True,True,True,True,True,False,False,False,False,False,False,True,True,234,2,True,78,26,0.3333333333333333,0.2876820724517809,0.0,0.0,0.0,0.0,0.0,0.0,0.0,0.0,0.0,0.0,0.0,0.0,0.0,3.0,0.0,0.0687619531421999,0,0,0,0,0,0,0,1.6,4.23410650459726,False,False,True,False,True,True,,,14.400000000000006,35.0
21437,Visblue,https://www.crunchbase.com/organization/visblue,Denmark,56.1496278,10.2134046,2014,4.0,True,False,True,False,True,False,False,False,False,False,False,True,False,False,1,1,1,False,True,False,True,1.0,True,0.0,True,2015-06-01,2015-06-01,Seed,2015,48.0,False,False,True,True,1.0,3.0,False,False,False,False,False,False,False,False,False,False,False,False,0,0,False,False,False,False,False,False,False,False,False,False,False,False,False,False,False,1,1.0,True,True,True,False,False,False,False,False,False,False,False,True,True,18,1,True,16,3,0.1875,0.1718502569266592,0.1555965689136978,0.1012892712820446,0.1012892712820446,0.1012892712820446,0.0,0.0,0.0,0.1012892712820446,0.1012892712820446,0.1012892712820446,0.0,0.0,0.0,2.0,0.0,0.0402231640645322,0,0,0,0,0,1,0,1.6,4.330733340286331,False,False,False,False,False,False,,,0.0,5.0
21434,Boatflex,https://www.crunchbase.com/organization/boatflex,Denmark,55.7336657,12.5655408,2014,3.0,False,True,False,False,False,True,False,False,False,False,False,False,False,False,3,1,2,True,False,False,False,1.0,True,1.253509,False,2017-03-24,2017-03-24,Seed,2017,77.0,True,True,True,False,9.0,17.5,False,False,True,True,False,False,False,False,False,False,False,False,1,1,True,True,False,True,True,True,True,True,True,True,True,True,True,True,True,1,1.0,True,True,False,True,True,True,True,False,False,False,False,True,False,234,2,True,79,27,0.3417721518987341,0.2939912416450456,0.005227359580048402,2.927506707255057,0.005227359580048748,5.849786054930065,5.849786054930065,5.849786054930065,5.849786054930065,0.005227359580048748,0.005227359580048748,0.005227359580048748,5.849209555707271,5.849209555707271,5.849209555707271,35.0,9.0,0.4984415947001865,1,1,1,0,0,0,0,1.6,4.804840381116659,False,False,False,False,False,False,,,17.400000000000006,35.400000000000006
21202,SON OF A TAILOR,https://www.crunchbase.com/organization/son-of-a-tailor,Denmark,55.6867243,12.5700724,2014,1.0,False,True,False,False,True,True,False,False,False,False,False,False,False,False,0,3,4,True,False,True,False,2.0,True,0.3,True,2014-12-01,2017-07-14,Series A,2014,11.75,True,True,False,False,1.0,0.5,True,True,False,False,False,False,False,False,False,False,False,False,3,1,True,True,False,True,True,True,True,True,True,True,True,True,True,True,True,4,2.0,True,True,True,True,True,False,False,False,False,False,False,True,True,234,2,True,78,26,0.3333333333333333,0.2876820724517809,0.0,0.004463048957858611,0.0,0.017852195831434443,0.0,0.0,0.0,0.0,0.008926097915717222,0.017852195831434443,0.008926097915717222,0.0,0.017852195831434443,3.0,0.0,0.0687619531421999,0,0,0,0,0,0,0,1.6,4.23410650459726,False,False,True,False,True,True,,,14.400000000000006,35.0
21139,Rokoko,https://www.crunchbase.com/organization/rokoko,Denmark,55.6867243,12.5700724,2014,3.0,True,True,False,False,False,True,False,False,False,True,True,False,False,False,1,2,1,False,True,False,False,0.0,False,2.0,False,2015-04-01,2016-12-01,Venture - Series Unknown,2015,17.0,True,,False,,2.5,3.0,False,,False,,False,,False,,False,,False,,2,0,True,,True,True,,True,,True,,True,,True,,True,,2,,True,,True,True,,False,False,False,False,False,False,True,True,234,2,True,78,26,0.3333333333333333,0.2876820724517809,0.0,0.0,0.0,0.0,0.0,0.0,0.0,0.0,0.0,0.0,0.0,0.0,0.0,1.0,0.0,0.0,0,0,0,0,0,0,0,1.6,4.330733340286331,False,False,True,False,True,True,,,14.400000000000006,35.0
21141,Neurescue,https://www.crunchbase.com/organization/neurescue,Denmark,55.6867243,12.5700724,2014,2.0,True,True,False,False,True,False,False,True,False,False,False,False,False,False,6,1,1,False,True,False,False,0.0,False,0.0,True,2020-03-31,2020-03-31,Series A,2020,50.0,False,,True,,1.0,3.0,False,,True,,False,,False,,True,,False,,0,0,False,,False,False,,False,,False,,False,,False,,False,,0,,False,,False,True,,False,False,False,False,False,False,True,True,234,2,True,78,26,0.3333333333333333,0.2876820724517809,0.0,1.7606076180792132,1.7606076180792132,1.7606076180792132,1.7606076180792132,1.7606076180792132,1.7606076180792132,0.0,0.0,0.0,0.0,0.0,0.0,0.0,0.0,0.0,0,0,0,0,0,0,0,1.6,5.707110264748875,False,False,True,False,True,True,,,14.400000000000006,35.0
21172,Linkfire,https://www.crunchbase.com/organization/linkfire,Denmark,55.6867243,12.5700724,2014,3.0,False,True,False,False,False,False,False,False,False,True,True,False,False,False,1,1,2,False,False,False,False,0.0,False,2.596957,False,2015-09-16,2015-09-16,Post-IPO Equity,2015,113.0,True,,False,,19.5,24.5,False,,False,,False,,False,,True,,False,,2,0,True,,True,True,,True,,True,,True,,True,,True,,2,,True,,True,True,,False,False,False,False,False,False,True,True,234,2,True,78,25,0.3205128205128205,0.278020161540044,0.0,0.002613679790024374,0.0,0.005227359580048748,0.0,0.002613679790024374,0.005227359580048748,0.0,0.0,0.0,0.005227359580048748,0.005227359580048748,0.005227359580048748,3.0,0.0,0.0687619531421999,0,0,0,0,0,0,0,1.6,4.330733340286331,True,False,False,True,True,True,2021-06-28,7.0,14.400000000000006,35.0
21078,QuadSAT,https://www.crunchbase.com/organization/quadsat,Denmark,55.3997225,10.3852104,2014,2.0,True,False,False,False,True,False,False,False,False,True,False,False,False,True,5,2,3,True,False,False,False,3.0,True,3.267045,False,2019-01-16,2020-09-10,Series A,2019,104.0,True,True,True,True,20.5,15.3,False,False,True,True,False,False,False,False,False,False,False,False,2,1,True,True,False,True,True,True,True,True,True,True,True,True,True,True,True,4,2.0,True,True,False,True,True,False,False,False,False,False,False,True,True,7,0,False,5,0,0.0,0.0,0.14110430247518083,0.3208427363889388,0.0,0.8205071682591081,0.0,0.07101052045385409,0.14202104090770817,0.0,0.44575884435648105,0.8205071682591081,0.5126899114882766,0.0,0.9600589589142212,1.0,0.0,0.0,0,0,0,0,1,0,1,1.6,5.707110264748875,False,False,True,False,True,True,,,0.6000000000000005,1.0
21080,Donkey Republic,https://www.crunchbase.com/organization/donkey-republic,Denmark,55.6867243,12.5700724,2014,4.0,False,True,False,False,True,False,False,False,False,True,False,False,False,False,0,2,3,True,False,False,False,1.0,True,2.0,False,2014-01-01,2016-07-25,Post-IPO Equity,2014,127.0,True,False,True,True,11.3,21.3,False,False,False,False,True,False,False,False,True,True,False,False,1,0,True,False,False,True,False,True,False,True,False,True,False,True,False,True,False,1,0.0,True,False,False,True,False,False,False,False,False,False,False,True,True,234,2,True,78,25,0.3205128205128205,0.278020161540044,0.0,0.960313732796654,0.005227359580048748,2.072335234268418,0.005227359580048748,1.0387812969242334,2.072335234268418,0.8033786045414952,0.8033786045414952,0.8033786045414952,1.3869658444058652,0.807481947732395,2.076038125486455,5.0,1.0,0.1727159991214717,1,0,0,0,0,0,0,1.6,4.23410650459726,True,True,False,True,True,True,2021-05-25,7.0,14.400000000000006,35.0
21034,Sparrow Quantum,https://www.crunchbase.com/organization/sparrow-quantum,Denmark,55.6867243,12.5700724,2015,4.0,True,True,False,False,True,False,False,False,False,True,False,False,False,False,1,3,5,True,False,False,False,4.0,True,6.964723,False,2016-05-25,2023-05-11,Series A,2016,272.6666666666667,False,False,True,True,23.7,11.7,False,False,True,True,True,True,False,False,False,False,False,False,0,0,False,False,False,False,False,False,False,False,False,False,False,False,False,False,False,0,0.0,False,False,False,True,True,False,False,False,False,True,False,True,True,234,2,True,113,31,0.2743362831858407,0.24242548086366,0.0,0.9755192431559868,0.7661116154363456,1.229820814496268,0.7661116154363456,0.9979662149663068,1.229820814496268,0.7661116154363456,0.9642957572508268,1.0988721274765239,0.45922828877436117,0.0,0.9183346204425618,6.0,4.0,0.272255779691632,1,0,0,0,0,0,0,2.31,4.600157644164547,False,True,True,True,True,True,,,14.400000000000006,35.0
21088,eloomi,https://www.crunchbase.com/organization/eloomi,Denmark,55.6867243,12.5700724,2015,2.0,True,True,False,False,True,True,False,False,False,True,False,False,False,False,0,1,2,True,False,False,False,1.0,True,1.2,False,2015-09-01,2015-09-01,Private Equity,2015,128.5,True,True,False,False,13.0,30.5,False,False,True,True,False,False,False,False,False,False,False,False,2,1,True,True,True,True,True,True,True,True,True,True,True,True,True,True,True,2,1.0,True,True,True,True,True,False,False,False,False,False,False,True,True,234,2,True,113,31,0.2743362831858407,0.24242548086366,0.0,0.004984324445901672,0.0,0.009968648891803345,0.009968648891803345,0.009968648891803345,0.009968648891803345,0.0,0.0,0.0,0.009968648891803345,0.009968648891803345,0.009968648891803345,21.0,4.0,0.3858558000891654,1,0,0,0,0,0,0,2.31,4.330733340286331,True,True,True,True,True,True,2024-01-18,9.0,14.400000000000006,35.0
21042,Dixa,https://www.crunchbase.com/organization/dixa,Denmark,55.6867243,12.5700724,2015,4.0,True,True,False,False,True,False,False,False,False,True,True,False,False,True,1,2,4,True,False,False,False,1.0,True,2.889967,False,2016-05-01,2018-01-16,Series C,2016,40.0,True,True,True,False,14.0,9.5,False,False,True,True,False,False,False,False,False,False,False,False,3,1,True,True,True,True,True,True,True,True,True,True,True,True,True,True,True,3,1.0,True,True,True,True,True,False,False,False,False,False,False,True,True,234,2,True,113,31,0.2743362831858407,0.24242548086366,0.0,0.0,0.0,0.0,0.0,0.0,0.0,0.0,0.0,0.0,0.0,0.0,0.0,42.0,14.0,0.5533481928603298,1,1,1,1,0,0,1,2.31,4.600157644164547,False,True,True,True,True,True,,,14.400000000000006,35.0
21032,Veo,https://www.crunchbase.com/organization/veo-2,Denmark,55.6867243,12.5700724,2015,1.0,False,True,False,False,False,True,False,False,False,True,True,False,False,False,2,1,6,True,False,False,False,1.0,True,2.378141,False,2017-08-30,2017-08-30,Series C,2017,43.5,True,True,False,False,15.0,10.2,False,False,True,True,False,False,False,False,False,False,False,False,6,1,True,True,True,True,True,True,True,True,True,True,True,True,True,True,True,6,1.0,True,True,True,True,True,False,False,False,False,False,False,True,True,234,2,True,113,31,0.2743362831858407,0.24242548086366,0.0,0.001661441481967224,0.0,0.009968648891803345,0.0,0.0,0.0,0.009968648891803345,0.009968648891803345,0.009968648891803345,0.0033228829639344475,0.0,0.009968648891803345,35.0,5.0,0.4514741274431542,1,0,1,0,0,0,1,2.31,4.804840381116659,False,True,True,True,True,True,,,14.400000000000006,35.0
21061,SoundBoks,https://www.crunchbase.com/organization/sound-boks,Denmark,55.6867243,12.5700724,2015,3.0,True,True,True,False,True,True,False,False,False,True,False,False,False,False,1,1,2,True,False,True,False,1.0,True,0.12,True,2016-03-22,2016-03-22,Venture - Series Unknown,2016,149.0,False,False,True,True,8.0,335.5,False,False,True,True,True,True,True,False,False,False,False,False,0,0,False,False,False,False,False,False,False,False,False,False,False,False,False,False,False,0,0.0,False,False,False,False,False,True,True,True,True,False,False,False,False,234,2,True,113,32,0.2831858407079646,0.2493459237082338,0.0,8.809205016766274,8.807796702221207,8.810613331311343,8.807796702221207,8.807796702221207,8.807796702221207,8.810613331311343,8.810613331311343,8.810613331311343,0.009117498666117916,0.009117498666117916,0.009117498666117916,1.0,0.0,0.0,0,0,0,0,0,0,0,2.31,4.600157644164547,False,False,True,False,True,True,,,14.400000000000006,35.0
21161,Triband,https://www.crunchbase.com/organization/tribune,Denmark,55.6867243,12.5700724,2015,3.0,False,True,False,False,False,False,False,False,False,False,True,False,False,False,1,1,1,False,True,False,False,0.0,False,0.454824,True,2016-06-10,2016-06-10,Seed,2016,21.0,False,,True,,18.0,1.0,False,,False,,False,,False,,False,,False,,0,0,False,,False,False,,False,,False,,False,,False,,False,,1,,True,,True,False,,False,False,False,False,False,False,True,True,234,2,True,113,32,0.2831858407079646,0.2493459237082338,0.0,0.1555965689136978,0.1555965689136978,0.1555965689136978,0.1555965689136978,0.1555965689136978,0.1555965689136978,0.0,0.0,0.0,0.0,0.0,0.0,0.0,0.0,0.0,0,0,0,0,0,0,0,2.31,4.600157644164547,False,False,False,False,False,False,,,14.400000000000006,35.0
21107,CluedIn,https://www.crunchbase.com/organization/cluedin,Denmark,55.6867243,12.5700724,2015,4.0,True,True,False,False,False,False,False,False,False,True,False,False,False,False,4,1,1,False,True,False,True,1.0,True,1.043609,False,2019-09-25,2019-09-25,Series A,2019,30.0,False,False,True,True,3.0,4.0,False,False,False,False,False,False,False,False,True,True,False,False,0,0,False,False,False,False,False,False,False,False,False,False,False,False,False,False,False,0,0.0,False,False,False,True,True,False,False,False,False,False,False,True,True,234,2,True,113,32,0.2831858407079646,0.2493459237082338,0.0,0.5208601256965827,0.5208601256965827,0.5208601256965827,0.0,0.0,0.0,0.5208601256965827,0.5208601256965827,0.5208601256965827,0.0,0.0,0.0,3.0,0.0,0.0687619531421999,0,0,0,0,0,0,0,2.31,5.707110264748875,False,False,True,False,True,True,,,14.400000000000006,35.0
21106,Tiimo,https://www.crunchbase.com/organization/tiimo,Denmark,55.6867243,12.5700724,2015,2.0,False,True,False,False,False,False,False,False,False,True,False,False,False,False,5,3,7,True,False,False,False,2.0,True,5.492744,False,2020-01-31,2024-08-27,Seed,2020,87.88888888888889,True,True,True,True,5.7,3.7,False,False,True,False,False,False,False,False,False,False,False,False,1,0,True,False,False,True,True,True,True,True,True,True,True,True,True,True,True,3,2.0,True,True,False,True,True,True,True,True,False,False,False,True,False,234,2,True,113,32,0.2831858407079646,0.2493459237082338,0.0,3.4643270545955436,0.0,8.805307753428156,0.0,5.382037483015598,8.805307753428156,0.017852195831434443,1.067189019070474,2.1165258423095135,4.563304577198304,0.0,8.805307753428156,11.0,1.0,0.2414779522636717,1,0,0,0,0,0,0,2.31,5.707110264748875,False,False,False,False,False,False,,,14.400000000000006,35.0
21083,Plytix,https://www.crunchbase.com/organization/plytix,Denmark,55.6867243,12.5700724,2015,2.0,True,True,False,False,False,True,False,False,False,True,False,False,False,True,0,1,2,True,False,False,False,1.0,True,0.569919,False,2015-10-09,2015-10-09,Venture - Series Unknown,2015,128.5,True,True,False,False,13.0,30.5,False,False,True,True,False,False,False,False,False,False,False,False,2,1,True,True,True,True,True,True,True,True,True,True,True,True,True,True,True,2,1.0,True,True,True,True,True,False,False,False,False,False,False,True,True,234,2,True,113,32,0.2831858407079646,0.2493459237082338,0.0,0.004984324445901672,0.0,0.009968648891803345,0.009968648891803345,0.009968648891803345,0.009968648891803345,0.0,0.0,0.0,0.009968648891803345,0.009968648891803345,0.009968648891803345,21.0,4.0,0.3858558000891654,1,0,0,0,0,0,0,2.31,4.330733340286331,False,False,True,False,True,True,,,14.400000000000006,35.0
21026,Pleo,https://www.crunchbase.com/organization/pleo-company,Denmark,55.6867243,12.5700724,2015,2.0,True,True,False,False,False,False,False,False,True,True,False,False,False,False,1,2,5,True,False,False,False,3.0,True,6.059636,False,2016-05-26,2017-02-15,Series C,2016,154.83333333333334,True,True,True,True,7.6,27.7,True,True,True,True,True,False,False,False,True,False,False,False,2,1,True,True,False,True,True,True,True,True,True,True,True,True,True,True,True,2,1.0,True,True,False,True,True,False,False,False,False,True,False,True,True,234,2,True,113,31,0.2743362831858407,0.24242548086366,0.0,0.5519647406377112,0.0,0.9581956178754963,0.0,0.6387970785836642,0.9581956178754963,0.0,0.46513240269175815,0.8745370823786917,0.8811644968461517,0.0,1.4348834064318592,6.0,3.0,0.2517390182913285,1,0,0,0,0,0,0,2.31,4.600157644164547,False,True,True,True,True,True,,,14.400000000000006,35.0
21028,Lunar,https://www.crunchbase.com/organization/lunar-bank,Denmark,56.1496278,10.2134046,2015,1.0,False,False,False,False,False,False,False,False,True,False,False,False,False,False,0,2,2,True,False,False,False,1.0,True,4.469512,False,2015-08-13,2016-12-12,Venture - Series Unknown,2015,101.0,False,False,True,True,18.0,23.3,False,False,True,True,False,False,False,False,False,False,False,False,0,0,False,False,False,False,False,False,False,False,False,False,False,False,False,False,False,3,1.0,True,True,True,True,True,False,False,False,False,False,False,True,True,18,1,True,22,4,0.1818181818181818,0.1670540846631661,0.1555965689136978,0.1555965689136978,0.1555965689136978,0.1555965689136978,0.1555965689136978,0.1555965689136978,0.1555965689136978,0.1555965689136978,0.1555965689136978,0.1555965689136978,0.0,0.0,0.0,1.0,0.0,0.0,0,0,0,0,0,1,0,2.31,4.330733340286331,False,True,True,True,True,True,,,0.0,5.0
21331,FarmBackup,https://www.crunchbase.com/organization/farmbackup,Denmark,55.6867243,12.5700724,2015,2.0,True,True,False,False,False,True,True,False,False,True,False,False,False,False,3,1,1,False,True,False,True,1.0,True,1.1368,False,2018-11-08,2018-11-08,Seed,2018,9.0,True,True,False,False,2.0,3.0,False,False,False,False,False,False,False,False,False,False,False,False,1,1,True,True,True,True,True,True,True,True,True,True,True,True,True,True,True,1,1.0,True,True,True,True,True,False,False,False,False,False,False,True,True,234,2,True,113,32,0.2831858407079646,0.2493459237082338,0.0,0.0,0.0,0.0,0.0,0.0,0.0,0.0,0.0,0.0,0.0,0.0,0.0,2.0,0.0,0.0402231640645322,0,0,0,0,0,0,0,2.31,5.707110264748875,False,False,False,False,False,False,,,14.400000000000006,35.0
21348,Saninudge,https://www.crunchbase.com/organization/saninudge,Denmark,55.6867243,12.5700724,2015,1.0,True,True,False,False,False,False,False,True,False,True,False,False,False,False,4,1,1,False,True,False,True,1.0,True,1.1,False,2019-05-31,2019-05-31,Seed,2019,20.0,True,True,False,False,2.0,0.0,False,False,False,False,False,False,False,False,False,False,False,False,0,0,False,False,False,True,True,True,True,True,True,True,True,True,True,True,True,1,1.0,True,True,True,True,True,False,False,False,False,False,False,True,True,234,2,True,113,32,0.2831858407079646,0.2493459237082338,0.0,0.017852195831434443,0.017852195831434443,0.017852195831434443,0.0,0.0,0.0,0.017852195831434443,0.017852195831434443,0.017852195831434443,0.0,0.0,0.0,5.0,1.0,0.1727159991214717,1,0,0,0,0,0,0,2.31,5.707110264748875,False,False,False,False,False,False,,,14.400000000000006,35.0
21354,Organic Basics,https://www.crunchbase.com/organization/organic-basics,Denmark,55.6867243,12.5700724,2015,4.0,False,True,False,False,True,True,False,False,False,False,False,False,False,False,2,2,3,False,False,True,False,3.0,True,0.0,True,2017-09-27,2019-01-10,Seed,2017,24.333333333333332,True,True,True,True,1.7,3.0,False,False,True,True,False,False,False,False,False,False,False,False,2,2,True,True,False,True,True,True,True,True,True,True,True,True,True,True,True,2,2.0,True,True,False,True,True,False,False,False,False,False,False,True,True,234,2,True,113,32,0.2831858407079646,0.2493459237082338,0.0,0.3426755087136773,0.0,1.0280265261410317,0.0,0.0,0.0,0.0,0.3426755087136773,1.0280265261410317,0.6853510174273546,0.0,1.0280265261410317,1.0,0.0,0.0,0,0,0,0,0,0,0,2.31,4.804840381116659,False,False,False,False,False,False,,,14.400000000000006,35.0
21397,Upodi ApS,https://www.crunchbase.com/organization/upodi-aps,Denmark,56.1496278,10.2134046,2015,2.0,True,False,False,False,False,False,False,False,True,True,False,False,False,True,2,1,3,False,False,False,False,0.0,False,0.7,False,2017-06-05,2017-06-05,Venture - Series Unknown,2017,86.0,False,,True,,15.0,20.7,False,,True,,False,,False,,False,,False,,0,0,False,,False,False,,False,,False,,False,,False,,False,,3,,True,,True,True,,False,False,False,False,False,False,True,True,18,1,True,22,4,0.1818181818181818,0.1670540846631661,0.1555965689136978,0.15329688815356043,0.14869752663328578,0.1555965689136978,0.14869752663328578,0.15329688815356043,0.1555965689136978,0.0,0.0,0.0,0.006645765927868896,0.0,0.009968648891803345,2.0,0.0,0.0402231640645322,0,0,0,0,0,1,0,2.31,4.804840381116659,True,False,True,True,True,True,2021-11-03,6.0,0.0,5.0
21384,Harba,https://www.crunchbase.com/organization/harba,Denmark,55.678016,12.5326186,2015,3.0,True,True,False,False,True,True,False,False,False,True,False,False,False,False,1,1,2,True,False,False,False,1.0,True,0.117796,True,2016-03-08,2016-03-08,Seed,2016,3.5,True,True,True,False,1.0,0.0,False,False,False,False,False,False,False,False,False,False,False,False,1,1,True,True,False,True,True,True,True,True,True,True,True,True,True,True,True,1,1.0,True,True,False,True,True,False,False,False,False,False,False,True,True,233,2,True,111,32,0.2882882882882883,0.2533144289475731,0.002539794688779008,0.4091552864977025,0.002539794688778854,0.815770778306626,0.815770778306626,0.815770778306626,0.815770778306626,0.002539794688778854,0.002539794688778854,0.002539794688778854,0.813467883574271,0.813467883574271,0.813467883574271,1.0,0.0,0.0,0,0,0,0,0,0,0,2.31,4.600157644164547,False,False,False,False,False,False,,,17.400000000000006,35.400000000000006
21403,PlatoScience,https://www.crunchbase.com/organization/plato-science,Denmark,55.6867243,12.5700724,2015,1.0,True,True,False,False,False,True,False,False,False,True,False,False,False,False,5,2,1,True,True,False,True,1.0,True,0.0,True,2020-06-29,2022-02-09,Seed,2020,23.0,False,False,True,True,1.0,2.0,False,False,False,False,True,True,False,False,False,False,True,True,0,0,False,False,False,False,False,False,False,False,False,False,False,False,False,False,False,0,0.0,False,False,False,True,True,False,False,False,False,False,False,True,True,234,2,True,113,32,0.2831858407079646,0.2493459237082338,0.0,0.9581956178754963,0.9581956178754963,0.9581956178754963,0.9581956178754963,0.9581956178754963,0.9581956178754963,0.9581956178754963,0.9581956178754963,0.9581956178754963,0.0,0.0,0.0,0.0,0.0,0.0,0,0,0,0,0,0,0,2.31,5.707110264748875,False,False,False,False,False,False,,,14.400000000000006,35.0
21418,Injurymap,https://www.crunchbase.com/organization/injurymap,Denmark,55.6867243,12.5700724,2015,2.0,False,True,False,False,False,True,False,True,False,True,False,False,False,False,1,2,4,False,False,False,False,0.0,False,0.0,True,2016-09-23,2017-10-01,Seed,2016,64.75,True,,True,,15.0,15.2,False,,True,,False,,False,,False,,False,,3,0,True,,True,True,,True,,True,,True,,True,,True,,3,,True,,True,True,,False,False,False,False,False,False,True,True,234,2,True,113,32,0.2831858407079646,0.2493459237082338,0.0,0.003322882963934448,0.0,0.009968648891803345,0.0,0.003322882963934448,0.009968648891803345,0.0,0.0,0.0,0.006645765927868896,0.0,0.009968648891803345,35.0,9.0,0.4984415947001865,1,1,1,0,0,0,1,2.31,4.600157644164547,False,False,False,False,False,False,,,14.400000000000006,35.0
21445,Urbanwinebox,https://www.crunchbase.com/organization/urbanwinebox,Denmark,55.4196123,9.1001057,2015,1.0,False,False,False,False,False,True,False,False,False,False,False,False,False,True,2,1,2,False,False,False,False,0.0,False,0.149195,True,2017-05-16,2017-05-16,Venture - Series Unknown,2017,11.0,False,,True,,19.0,0.5,False,,False,,False,,False,,False,,False,,0,0,False,,False,False,,False,,False,,False,,False,,False,,2,,True,,True,True,,False,False,False,False,False,False,True,True,6,0,False,3,1,0.3333333333333333,0.2876820724517809,0.215835141073766,0.16358341400750068,0.10693044194431528,0.22023638607068607,0.10693044194431528,0.16358341400750068,0.22023638607068607,0.0,0.0,0.0,0.1555965689136978,0.1555965689136978,0.1555965689136978,1.0,0.0,0.0,0,0,0,0,1,0,1,2.31,4.804840381116659,False,False,True,False,True,True,,,1.0,1.0
21433,Radisurf,https://www.crunchbase.com/organization/radisurf,Denmark,56.2017679,10.2419582,2015,4.0,True,False,False,False,True,False,False,False,False,False,False,False,False,False,2,1,1,False,True,False,True,1.0,True,0.0,True,2017-02-05,2017-02-05,Seed,2017,48.0,True,True,False,False,3.0,3.0,False,False,False,False,False,False,False,False,False,False,False,False,0,0,False,False,False,True,True,False,False,False,False,False,False,False,False,False,False,1,1.0,True,True,True,False,False,False,False,False,False,False,False,True,True,18,1,True,21,4,0.1904761904761904,0.1743533871447777,0.15586210073764215,0.09592721515196936,0.09592721515196936,0.09592721515196936,0.0,0.0,0.0,0.09592721515196936,0.09592721515196936,0.09592721515196936,0.0,0.0,0.0,5.0,0.0,0.1089851172067322,0,0,0,0,1,1,1,2.31,4.804840381116659,False,False,False,False,False,False,,,0.0,5.0
21428,Spring Copenhagen,https://www.crunchbase.com/organization/spring-copenhagen,Denmark,56.0,10.0,2015,2.0,False,False,False,False,True,False,False,False,False,False,False,False,False,False,4,1,1,False,True,False,False,0.0,False,0.898911,False,2019-04-29,2019-04-29,Seed,2019,38.0,False,,True,,4.0,5.0,False,,False,,False,,False,,False,,False,,0,0,False,,False,False,,False,,False,,False,,False,,False,,0,,False,,False,False,,False,False,False,False,True,True,True,True,21,0,False,3,0,0.0,0.0,0.16418004266816283,1.021652135569951,1.021652135569951,1.021652135569951,1.021652135569951,1.021652135569951,1.021652135569951,0.0,0.0,0.0,0.0,0.0,0.0,0.0,0.0,0.0,0,0,0,0,1,1,0,2.31,5.707110264748875,False,False,False,False,False,False,,,0.0,5.0
21373,Ontame io,https://www.crunchbase.com/organization/ontame-io,Denmark,55.6867243,12.5700724,2015,4.0,True,True,False,False,True,False,False,False,False,True,False,False,False,False,1,2,6,True,False,False,False,2.0,True,1.83,False,2016-09-13,2018-03-22,Seed,2016,85.66666666666667,True,True,True,False,16.0,17.5,False,False,True,True,False,False,False,False,False,False,False,False,3,2,True,True,False,True,True,True,True,True,True,True,True,True,True,True,True,3,2.0,True,True,False,True,True,True,True,False,False,False,False,True,False,234,2,True,113,32,0.2831858407079646,0.2493459237082338,0.0,1.7004380425362804,0.0,4.833286060524623,0.0,2.5468580616864576,4.833286060524623,0.005227359580048748,0.007598004235926046,0.009968648891803345,2.675191335922356,0.0,4.841121023259112,53.0,18.0,0.597679518361843,1,1,1,1,0,1,1,2.31,4.600157644164547,False,False,False,False,False,False,,,14.400000000000006,35.0
21362,RentSafe,https://www.crunchbase.com/organization/rentsafe,Denmark,55.6867243,12.5700724,2015,2.0,True,True,False,False,True,False,False,False,True,False,False,False,True,False,3,2,4,True,False,False,False,2.0,True,1.478728,False,2018-04-16,2018-04-16,Seed,2018,12.75,True,False,True,True,4.0,0.8,False,False,False,False,False,False,False,False,False,False,False,False,1,0,True,False,False,True,False,True,False,True,False,True,False,True,False,True,False,2,1.0,True,True,True,True,False,False,False,False,False,False,False,True,True,234,2,True,113,32,0.2831858407079646,0.2493459237082338,0.0,0.11118523411725911,0.0,0.22237046823451823,0.0,0.0,0.0,0.22237046823451823,0.22237046823451823,0.22237046823451823,0.22237046823451823,0.22237046823451823,0.22237046823451823,7.0,0.0,0.1375239062843998,0,0,0,0,0,0,0,2.31,5.707110264748875,False,False,False,False,False,False,,,14.400000000000006,35.0
21370,Paperflow,https://www.crunchbase.com/organization/bilagscan,Denmark,55.4196123,9.1001057,2015,4.0,True,False,False,False,False,True,False,False,True,True,False,False,False,False,1,2,1,True,True,False,True,1.0,True,0.0,True,2016-01-01,2017-09-01,Venture - Series Unknown,2016,38.0,False,False,True,True,1.5,5.0,False,False,False,False,False,False,False,False,False,False,False,False,0,0,False,False,False,False,False,False,False,False,False,False,False,False,False,False,False,0,0.0,False,False,False,False,False,False,False,False,False,True,True,True,True,6,0,False,3,0,0.0,0.0,0.215835141073766,0.9488528764161611,0.9488528764161611,0.9488528764161611,0.9488528764161611,0.9488528764161611,0.9488528764161611,0.9488528764161611,0.9488528764161611,0.9488528764161611,0.0,0.0,0.0,0.0,0.0,0.0,0,0,0,0,1,0,0,2.31,4.600157644164547,True,False,True,True,True,True,2022-08-05,7.0,1.0,1.0
21244,Peergrade,https://www.crunchbase.com/organization/peergrade,Denmark,55.6867243,12.5700724,2015,3.0,False,True,False,False,False,True,False,False,False,True,False,False,False,False,1,4,12,False,False,False,False,0.0,False,1.89,False,2016-09-01,2017-12-21,Seed,2016,44.785714285714285,True,,True,,4.5,87.4,True,,True,,True,,False,,True,,False,,3,0,True,,False,True,,True,,True,,True,,True,,True,,3,,True,,False,True,,True,True,True,False,True,False,True,False,234,2,True,113,32,0.2831858407079646,0.2493459237082338,0.0,2.537033763610914,0.0,8.810613331311343,0.0,2.537033763610914,8.810613331311343,0.0,0.0,0.0,3.867900351360626,0.0,9.131801755256015,11.0,20.0,0.4576733333520985,1,0,0,1,0,1,0,2.31,4.600157644164547,False,False,False,False,False,False,,,14.400000000000006,35.0
21222,Claimlane,https://www.crunchbase.com/organization/claimlane,Denmark,55.6867243,12.5700724,2015,5.0,True,True,False,False,True,True,False,False,False,True,False,False,False,False,1,2,3,True,False,False,False,1.0,True,2.13237,False,2016-01-12,2024-05-28,Seed,2016,15.0,True,False,True,True,11.0,1.7,False,False,True,True,False,False,False,False,False,False,False,False,2,0,True,False,False,True,False,True,False,True,False,True,False,True,False,True,False,2,0.0,True,False,False,True,False,False,False,False,False,False,False,True,True,234,2,True,113,32,0.2831858407079646,0.2493459237082338,0.0,0.3229983552040869,0.0,0.9689950656122607,0.0,0.0,0.0,0.9689950656122607,0.9689950656122607,0.9689950656122607,0.6459967104081737,0.0,0.9689950656122607,3.0,0.0,0.0687619531421999,0,0,0,0,0,0,0,2.31,4.600157644164547,False,False,False,False,False,False,,,14.400000000000006,35.0
21205,Simple Feast,https://www.crunchbase.com/organization/simple-feast,Denmark,55.6867243,12.5700724,2015,2.0,False,True,False,False,False,False,True,True,False,True,False,False,False,False,1,1,2,False,False,False,False,0.0,False,0.0,True,2016-02-01,2016-02-01,Equity Crowdfunding,2016,39.0,False,,True,,1.0,7.0,False,,False,,False,,False,,False,,False,,0,0,False,,False,False,,False,,False,,False,,False,,False,,0,,False,,False,True,,False,False,False,False,False,False,True,True,234,2,True,113,31,0.2743362831858407,0.24242548086366,0.0,0.7395278717860394,0.5208601256965827,0.9581956178754963,0.5208601256965827,0.7395278717860394,0.9581956178754963,0.0,0.0,0.0,1.4348834064318592,1.4348834064318592,1.4348834064318592,1.0,7.0,0.1911926457442186,1,0,0,0,0,0,0,2.31,4.600157644164547,False,True,False,True,False,True,,,14.400000000000006,35.0
21597,Dixie,https://www.crunchbase.com/organization/dixie,Denmark,55.6867243,12.5700724,2015,2.0,False,True,False,False,True,False,False,False,True,False,False,False,False,False,0,1,1,False,True,False,True,1.0,True,0.0,True,2015-04-01,2015-04-01,Seed,2015,21.0,True,True,False,False,3.0,2.0,True,True,False,False,False,False,False,False,False,False,False,False,1,1,True,True,True,True,True,True,True,True,True,True,True,True,True,True,True,1,1.0,True,True,True,True,True,False,False,False,False,False,False,True,True,234,2,True,113,32,0.2831858407079646,0.2493459237082338,0.0,0.0,0.0,0.0,0.0,0.0,0.0,0.0,0.0,0.0,0.0,0.0,0.0,4.0,0.0,0.0908983577180024,0,0,0,0,0,0,0,2.31,4.330733340286331,False,False,False,False,False,False,,,14.400000000000006,35.0
21184,HPNow,https://www.crunchbase.com/organization/hpnow,Denmark,55.6867243,12.5700724,2015,3.0,True,True,False,False,True,False,False,False,False,False,False,False,False,False,5,1,2,False,False,False,False,0.0,False,5.863773,False,2020-11-01,2020-11-01,Series A,2020,23.0,False,,True,,5.0,2.0,False,,False,,False,,False,,False,,True,,0,0,False,,False,False,,False,,False,,False,,False,,False,,0,,False,,False,True,,False,False,False,False,True,False,True,True,234,2,True,113,32,0.2831858407079646,0.2493459237082338,0.0,0.8042793075572642,0.6641410865066002,0.944417528607928,0.6641410865066002,0.8042793075572642,0.944417528607928,0.0,0.0,0.0,0.6526876419385113,0.6526876419385113,0.6526876419385113,0.0,0.0,0.0,0,0,0,0,0,0,0,2.31,5.707110264748875,False,False,True,False,True,True,,,14.400000000000006,35.0
21193,CanopyLAB,https://www.crunchbase.com/organization/canopylab,Denmark,55.6867243,12.5700724,2015,2.0,False,True,False,False,False,True,False,False,False,True,False,False,False,False,5,1,2,True,False,False,False,1.0,True,1.5,False,2020-01-26,2020-01-26,Seed,2020,14.0,True,False,True,True,10.5,0.5,True,True,False,False,False,False,False,False,False,False,False,False,1,0,True,False,False,True,False,True,False,True,False,True,False,True,False,True,False,1,0.0,True,False,False,True,True,False,False,False,False,False,False,True,True,234,2,True,113,32,0.2831858407079646,0.2493459237082338,0.0,0.44112797577122764,0.0,0.8822559515424552,0.0,0.0,0.0,0.8822559515424552,0.8822559515424552,0.8822559515424552,0.8822559515424552,0.8822559515424552,0.8822559515424552,0.0,0.0,0.0,0,0,0,0,0,0,0,2.31,5.707110264748875,False,False,False,False,False,False,,,14.400000000000006,35.0
21526,Bifrost Communications ApS,https://www.crunchbase.com/organization/bifrost-communications-aps,Denmark,55.7680595,12.5031145,2015,4.0,True,True,False,False,False,False,False,False,False,True,False,False,False,False,0,1,2,False,False,False,False,0.0,False,1.5,False,2015-04-05,2015-04-05,Seed,2015,26.5,True,,True,,1.0,2.5,False,,False,,False,,False,,False,,False,,1,0,True,,False,True,,True,,True,,True,,True,,True,,2,,True,,True,True,,False,False,False,False,False,False,True,True,233,2,True,112,33,0.2946428571428571,0.2582348711254798,0.009968648891802916,0.1115389616498524,0.009968648891803345,0.21310927440790148,0.009968648891803345,0.1115389616498524,0.21310927440790148,0.0,0.0,0.0,0.22237046823451823,0.22237046823451823,0.22237046823451823,3.0,1.0,0.1324928350569394,0,0,0,0,0,0,0,2.31,4.330733340286331,False,False,False,False,False,False,,,17.400000000000006,35.400000000000006
21512,Race Optimizer,https://www.crunchbase.com/organization/race-optimizer,Denmark,55.6867243,12.5700724,2015,1.0,False,True,False,False,False,True,False,False,False,True,True,False,False,False,0,1,2,True,False,False,False,1.0,True,0.027623,True,2015-07-01,2015-07-01,Seed,2015,3.5,True,True,True,False,0.0,0.0,False,False,False,False,False,False,False,False,False,False,False,False,1,1,True,True,False,True,True,True,True,True,True,True,True,True,True,True,True,1,1.0,True,True,False,True,True,False,False,False,False,False,False,True,True,234,2,True,113,32,0.2831858407079646,0.2493459237082338,0.0,0.4067339417871355,0.0,0.813467883574271,0.813467883574271,0.813467883574271,0.813467883574271,0.0,0.0,0.0,0.813467883574271,0.813467883574271,0.813467883574271,0.0,0.0,0.0,0,0,0,0,0,0,0,2.31,4.330733340286331,False,False,False,False,False,False,,,14.400000000000006,35.0
21472,CorporateHealth International,https://www.crunchbase.com/organization/corporatehealth-international,Denmark,55.3997225,10.3852104,2015,2.0,True,False,False,False,False,False,False,True,False,False,False,False,False,False,0,1,2,True,False,True,False,1.0,True,0.571697,False,2015-05-15,2015-05-15,Pre-Seed,2015,3.0,True,True,True,False,1.0,0.0,True,False,False,False,False,False,False,False,False,False,False,False,1,1,True,True,False,True,True,True,True,True,True,True,True,True,True,True,True,1,1.0,True,True,False,False,False,True,True,False,False,False,False,True,False,7,0,False,7,0,0.0,0.0,0.14110430247518083,2.836602572800314,0.0,5.673205145600628,5.673205145600628,5.673205145600628,5.673205145600628,0.0,0.0,0.0,5.673205145600628,5.673205145600628,5.673205145600628,0.0,0.0,0.0,0,0,0,0,1,0,0,2.31,4.330733340286331,False,False,False,False,False,False,,,0.6000000000000005,1.0
21459,Supervisual,https://www.crunchbase.com/organization/supervisual,Denmark,55.6867243,12.5700724,2015,3.0,True,True,False,False,False,True,False,False,False,True,True,False,False,False,0,2,2,False,False,True,False,2.0,True,0.065733,True,2015-12-20,2016-01-01,Venture - Series Unknown,2015,56.5,True,True,True,True,1.0,6.5,False,False,False,False,False,False,False,False,False,False,False,False,1,1,True,True,False,True,True,True,True,True,True,True,True,True,True,True,True,1,1.0,True,True,False,True,True,False,False,False,False,True,False,True,True,234,2,True,113,32,0.2831858407079646,0.2493459237082338,0.0,0.5170018341074708,0.0,1.0340036682149416,0.0,0.0,0.0,0.0,0.5170018341074708,1.0340036682149416,1.0340036682149416,1.0340036682149416,1.0340036682149416,5.0,2.0,0.2099961751794825,1,0,0,0,0,0,0,2.31,4.330733340286331,False,False,True,False,True,True,,,14.400000000000006,35.0
21461,Hivebeat,https://www.crunchbase.com/organization/hivebeat,Denmark,56.1496278,10.2134046,2015,1.0,False,False,False,False,False,False,False,False,False,True,False,False,False,False,0,1,1,False,True,False,True,1.0,True,0.125,True,2015-10-12,2015-10-12,Seed,2015,0.0,False,False,True,True,5.0,406.0,False,False,True,True,True,True,True,True,True,True,False,False,0,0,False,False,False,False,False,False,False,False,False,False,False,False,False,False,False,0,0.0,False,False,False,False,False,True,True,True,True,False,False,False,False,18,1,True,22,5,0.2272727272727272,0.2047944126460131,0.1555965689136978,8.655742031730128,8.655742031730128,8.655742031730128,0.0,0.0,0.0,8.655742031730128,8.655742031730128,8.655742031730128,0.0,0.0,0.0,0.0,0.0,0.0,0,0,0,0,0,1,0,2.31,4.330733340286331,False,False,False,False,False,False,,,0.0,5.0
21506,Roccamore,https://www.crunchbase.com/organization/roccamore,Denmark,55.6867243,12.5700724,2015,2.0,True,True,False,False,False,True,False,False,False,False,False,False,False,False,4,1,1,False,True,False,False,0.0,False,0.0,True,2019-07-30,2019-07-30,Seed,2019,43.0,False,,True,,3.0,1.0,False,,False,,False,,False,,False,,False,,0,0,False,,False,False,,False,,False,,False,,False,,False,,0,,False,,False,False,,False,False,False,False,False,False,True,True,234,2,True,113,32,0.2831858407079646,0.2493459237082338,0.0,0.672952844420475,0.672952844420475,0.672952844420475,0.672952844420475,0.672952844420475,0.672952844420475,0.0,0.0,0.0,0.0,0.0,0.0,0.0,0.0,0.0,0,0,0,0,0,0,0,2.31,5.707110264748875,False,False,False,False,False,False,,,14.400000000000006,35.0
21483,TracInnovations,https://www.crunchbase.com/organization/tracinnovations,Denmark,55.7297174,12.3582875,2015,1.0,True,True,False,False,False,False,False,True,False,True,False,False,False,False,1,2,2,True,False,False,False,1.0,True,0.0,True,2016-06-01,2019-05-01,Venture - Series Unknown,2016,26.333333333333332,False,False,True,True,13.3,1.3,False,False,False,False,False,False,False,False,False,False,False,False,0,0,False,False,False,False,False,False,False,False,False,False,False,False,False,False,False,3,1.0,True,True,True,False,False,False,False,False,False,False,False,True,True,220,2,True,4,1,0.25,0.2231435513142097,0.01410289262237827,0.15610272823532917,0.12937047720940978,0.20956723028716798,0.12937047720940978,0.1694688537482889,0.20956723028716798,0.12937047720940978,0.12937047720940978,0.12937047720940978,0.1235440721056792,0.0,0.1853161081585188,2.0,0.0,0.0402231640645322,0,0,0,0,0,0,0,2.31,4.600157644164547,False,False,True,False,True,True,,,17.400000000000006,35.400000000000006
21562,Princh,https://www.crunchbase.com/organization/princh,Denmark,56.1496278,10.2134046,2015,1.0,True,False,False,False,False,False,False,False,False,True,False,False,False,False,1,1,1,False,True,False,True,1.0,True,0.0,True,2016-06-01,2016-06-01,Seed,2016,48.0,False,False,True,True,2.0,3.0,False,False,False,False,False,False,False,False,False,False,False,False,0,0,False,False,False,False,False,False,False,False,False,False,False,False,False,False,False,1,1.0,True,True,True,False,False,False,False,False,False,False,False,True,True,18,1,True,22,5,0.2272727272727272,0.2047944126460131,0.1555965689136978,0.1012892712820446,0.1012892712820446,0.1012892712820446,0.0,0.0,0.0,0.1012892712820446,0.1012892712820446,0.1012892712820446,0.0,0.0,0.0,3.0,0.0,0.0687619531421999,0,0,0,0,1,1,0,2.31,4.600157644164547,False,False,False,False,False,False,,,0.0,5.0
21583,Snaplytics,https://www.crunchbase.com/organization/snaplytics,Denmark,55.6867243,12.5700724,2015,2.0,True,True,False,False,False,False,False,False,False,True,False,False,False,False,1,1,2,False,False,False,False,0.0,False,0.0,True,2016-07-07,2016-07-07,Seed,2016,8.0,False,,True,,2.0,1.0,False,,False,,False,,False,,False,,False,,0,0,False,,False,False,,False,,False,,False,,False,,False,,0,,False,,False,False,,True,True,True,False,False,False,True,False,234,2,True,113,32,0.2831858407079646,0.2493459237082338,0.0,4.791625402890804,0.8033786045414952,8.779872201240114,0.8033786045414952,4.791625402890804,8.779872201240114,0.0,0.0,0.0,9.062116023772159,9.062116023772159,9.062116023772159,1.0,0.0,0.0,0,0,0,0,0,0,0,2.31,4.600157644164547,False,False,False,False,False,False,,,14.400000000000006,35.0
21546,Mearto,https://www.crunchbase.com/organization/mearto,Denmark,55.6867243,12.5700724,2015,1.0,False,True,False,False,False,True,False,False,False,True,False,False,False,False,1,1,2,False,False,True,False,0.0,False,0.0,True,2016-04-23,2016-04-23,Pre-Seed,2016,35.0,True,,True,,0.5,4.5,False,,True,,False,,False,,False,,False,,1,0,True,,False,True,,True,,True,,True,,True,,True,,1,,True,,False,True,,False,False,False,False,True,False,True,True,234,2,True,113,32,0.2831858407079646,0.2493459237082338,0.0,0.5170018341074708,0.0,1.0340036682149416,0.0,0.5170018341074708,1.0340036682149416,0.0,0.0,0.0,1.0340036682149416,1.0340036682149416,1.0340036682149416,4.0,0.0,0.0908983577180024,0,0,0,0,0,0,0,2.31,4.600157644164547,False,False,False,False,False,False,,,14.400000000000006,35.0
21109,Kaffe Bueno,https://www.crunchbase.com/organization/kafe-bueno,Denmark,55.736468,12.5088728,2016,3.0,False,True,False,False,True,False,True,True,False,False,False,False,False,False,4,1,3,False,False,False,False,0.0,False,1.2961,False,2020-10-27,2020-10-27,Series A,2020,77.0,True,,True,,58.7,14.0,True,,True,,False,,False,,False,,False,,1,0,True,,False,True,,True,,True,,True,,True,,True,,1,,True,,False,True,,False,False,False,False,False,False,True,True,233,2,True,152,40,0.2631578947368421,0.2336148511815051,0.0067299315781749955,0.7068187043052818,0.003561358375034998,1.235172511226445,0.003561358375034998,0.7068187043052818,1.235172511226445,0.0,0.0,0.0,1.3805590673854433,0.8791673068925486,2.0238259555131424,30.0,28.0,0.5815016745544065,1,1,1,1,0,1,0,1.97,5.707110264748875,False,False,True,False,True,True,,,17.400000000000006,35.400000000000006
21143,Certainly,https://www.crunchbase.com/organization/certainly,Denmark,55.6867243,12.5700724,2016,2.0,True,True,False,False,True,True,False,False,False,True,False,False,False,False,4,1,2,True,False,False,False,1.0,True,4.66264,False,2020-09-23,2020-09-23,Seed,2020,88.0,True,True,False,False,16.0,19.5,False,False,True,True,False,False,False,False,False,False,False,False,2,1,True,True,True,True,True,True,True,True,True,True,True,True,True,True,True,2,1.0,True,True,True,True,True,False,False,False,False,False,False,True,True,234,2,True,148,39,0.2635135135135135,0.2338963430904715,0.0,0.002613679790024374,0.0,0.005227359580048748,0.005227359580048748,0.005227359580048748,0.005227359580048748,0.0,0.0,0.0,0.005227359580048748,0.005227359580048748,0.005227359580048748,52.0,12.0,0.5609333314661855,1,1,1,1,0,0,1,1.97,5.707110264748875,False,False,False,False,False,False,,,14.400000000000006,35.0
21134,Hoba Therapeutics,https://www.crunchbase.com/organization/hoba-therapeutics,Denmark,55.6867243,12.5700724,2016,1.0,True,True,False,False,True,False,False,True,False,False,False,False,False,False,0,1,2,False,False,False,False,2.0,True,2.0,False,2016-12-05,2016-12-05,Series A,2016,148.5,True,True,True,True,9.5,51.0,True,True,True,True,False,False,False,False,False,False,False,False,1,1,True,True,False,True,True,True,True,True,True,True,True,True,True,True,True,2,2.0,True,True,True,True,True,False,False,False,False,False,False,True,True,234,2,True,148,39,0.2635135135135135,0.2338963430904715,0.0,0.11379891390728347,0.005227359580048748,0.22237046823451823,0.0,0.0,0.0,0.005227359580048748,0.11379891390728347,0.22237046823451823,0.2185744935289241,0.2185744935289241,0.2185744935289241,8.0,0.0,0.1492082812712644,0,0,0,0,0,0,0,1.97,4.600157644164547,False,False,True,False,True,True,,,14.400000000000006,35.0
21027,Corti,https://www.crunchbase.com/organization/corti,Denmark,55.6867243,12.5700724,2016,3.0,True,True,False,False,True,False,False,True,False,True,False,False,False,False,0,2,7,True,False,True,False,2.0,True,5.0,False,2016-01-28,2018-03-02,Series B,2016,80.22222222222223,True,True,True,False,7.6,26.1,False,False,True,True,False,False,False,False,True,False,False,False,5,2,True,True,False,True,True,True,True,True,True,True,True,True,True,True,True,5,2.0,True,True,False,True,True,True,True,True,False,False,False,True,False,234,2,True,148,38,0.2567567567567567,0.2285343999490861,0.0,1.2058694211006582,0.0,8.783078012371726,0.0,1.550403541415132,8.783078012371726,0.0,0.0,0.0,2.320784053804556,0.0,8.953058873364853,13.0,25.0,0.492602376228251,1,1,0,1,0,1,0,1.97,4.600157644164547,False,True,True,True,True,True,,,14.400000000000006,35.0
21090,2021.AI,https://www.crunchbase.com/organization/2021-ai,Denmark,55.6867243,12.5700724,2016,1.0,True,True,False,False,True,False,False,False,False,True,False,False,False,False,0,3,2,False,False,False,False,2.0,True,6.293707,False,2016-12-01,2020-08-24,Seed,2016,138.0,True,True,False,False,27.5,26.0,False,False,False,False,False,False,False,False,False,False,False,False,2,2,True,True,False,True,True,True,True,True,True,True,True,True,True,True,True,3,3.0,True,True,True,True,True,False,False,False,False,False,False,True,True,234,2,True,148,39,0.2635135135135135,0.2338963430904715,0.0,0.00877718949595735,0.005227359580048748,0.01587684932777455,0.0,0.0,0.0,0.005227359580048748,0.00877718949595735,0.01587684932777455,0.008445033824554339,0.0,0.01266755073683151,30.0,31.0,0.59055267098358,1,1,1,1,0,1,0,1.97,4.600157644164547,False,False,False,False,False,False,,,14.400000000000006,35.0
21069,Cardlay,https://www.crunchbase.com/organization/cardlay,Denmark,55.3997225,10.3852104,2016,1.0,True,False,False,False,True,False,False,False,True,True,False,False,False,True,0,1,1,False,True,False,True,1.0,True,4.0,False,2016-12-21,2016-12-21,Venture - Series Unknown,2016,151.0,False,False,True,True,12.0,35.0,False,False,True,True,False,False,False,False,False,False,False,False,0,0,False,False,False,False,False,False,False,False,False,False,False,False,False,False,False,1,1.0,True,True,True,True,True,False,False,False,False,False,False,True,True,7,0,False,11,0,0.0,0.0,0.14110430247518083,0.14110430247518077,0.14110430247518077,0.14110430247518077,0.0,0.0,0.0,0.14110430247518077,0.14110430247518077,0.14110430247518077,0.0,0.0,0.0,0.0,0.0,0.0,0,0,0,0,1,0,0,1.97,4.600157644164547,False,False,True,False,True,True,,,0.6000000000000005,1.0
21292,Contractbook,https://www.crunchbase.com/organization/contractbook,Denmark,55.6867243,12.5700724,2016,3.0,True,True,False,False,True,False,False,False,False,True,False,False,False,False,3,2,5,True,False,False,False,1.0,True,3.877352,False,2019-11-19,2020-05-01,Series B,2019,79.4,True,False,True,True,3.0,12.2,False,False,False,False,False,False,True,False,False,False,False,False,1,0,True,False,False,True,False,True,False,True,False,True,False,True,False,True,False,1,0.0,True,False,False,True,False,True,True,True,False,True,False,True,False,234,2,True,148,38,0.2567567567567567,0.2285343999490861,0.0,3.808550390547495,0.0,8.783078012371726,0.0,2.564918485091437,8.783078012371726,8.783078012371726,8.783078012371726,8.783078012371726,5.633888916285085,0.0,9.434160278898844,5.0,6.0,0.2879003222371482,1,0,0,0,0,0,0,1.97,5.707110264748875,False,True,True,True,True,True,,,14.400000000000006,35.0
21288,hiveonline,https://www.crunchbase.com/organization/hiveonline,Denmark,55.6867243,12.5700724,2016,2.0,True,True,False,False,True,False,False,False,True,True,False,False,False,True,1,2,5,True,False,False,False,3.0,True,1.206957,False,2017-11-14,2019-05-06,Seed,2017,1.5,False,False,True,True,8.0,109.0,True,False,True,True,True,True,False,False,False,False,False,False,0,0,False,False,False,False,False,False,False,False,False,False,False,False,False,False,False,0,0.0,False,False,False,True,True,True,True,True,False,False,False,True,False,234,2,True,148,39,0.2635135135135135,0.2338963430904715,0.0,2.33484778239003,0.42907229238757133,7.868598585779381,0.42907229238757133,0.47496620904207704,0.5208601256965827,0.5208601256965827,4.194729355737982,7.868598585779381,3.9405651719578976,0.0,7.809086928167788,1.0,0.0,0.0,0,0,0,0,0,0,0,1.97,4.804840381116659,False,False,False,False,False,False,,,14.400000000000006,35.0
21258,HYMETH,https://www.crunchbase.com/organization/hymeth,Denmark,55.736468,12.5088728,2016,1.0,True,True,True,True,False,False,False,False,False,False,False,False,False,False,4,2,2,True,False,False,False,1.0,True,1.156752,False,2020-09-21,2021-10-15,Venture - Series Unknown,2020,153.0,False,False,True,True,6.5,9.0,True,True,True,False,True,True,False,False,False,False,False,False,0,0,False,False,False,False,False,False,False,False,False,False,False,False,False,False,False,0,0.0,False,False,False,False,False,True,True,False,False,False,False,True,False,233,2,True,152,40,0.2631578947368421,0.2336148511815051,0.0067299315781749955,5.31920266166611,0.6654362180928366,9.972969105239384,9.972969105239384,9.972969105239384,9.972969105239384,0.6654362180928366,0.6654362180928366,0.6654362180928366,10.47387204828326,10.47387204828326,10.47387204828326,0.0,0.0,0.0,0,0,0,0,0,0,0,1.97,5.707110264748875,False,False,True,False,True,True,,,17.400000000000006,35.400000000000006
21255,Nordetect,https://www.crunchbase.com/organization/nordetect,Denmark,55.6867243,12.5700724,2016,2.0,True,True,False,False,False,False,True,False,False,True,False,False,False,False,4,3,6,True,False,False,False,1.0,True,1.5,False,2020-01-10,2021-03-15,Seed,2020,169.66666666666666,True,False,True,True,17.4,34.6,True,False,True,False,True,True,False,False,False,False,False,False,4,0,True,False,False,True,False,True,False,True,False,True,False,True,False,True,False,4,0.0,True,False,False,True,False,True,True,True,False,False,False,True,False,234,2,True,148,39,0.2635135135135135,0.2338963430904715,0.0,3.4339316450745754,0.005227359580048748,8.783078012371726,0.005227359580048748,3.183132921463817,8.783078012371726,6.192717604792927,6.192717604792927,6.192717604792927,3.9938226074740664,0.0,8.77862594102432,83.0,69.0,0.7614108901279197,1,1,1,1,1,1,1,1.97,5.707110264748875,False,False,False,False,False,False,,,14.400000000000006,35.0
21322,Artland,https://www.crunchbase.com/organization/artland,Denmark,55.6867243,12.5700724,2016,2.0,False,True,False,False,False,True,False,False,False,True,True,False,False,False,2,1,9,False,False,False,False,0.0,False,0.998324,False,2018-03-13,2018-03-13,Venture - Series Unknown,2018,29.333333333333332,True,,True,,16.0,6.8,False,,True,,False,,False,,False,,False,,2,0,True,,False,True,,True,,True,,True,,True,,True,,2,,True,,False,True,,True,True,True,False,False,False,True,False,234,2,True,148,39,0.2635135135135135,0.2338963430904715,0.0,1.7346552240277189,0.0,6.187814637579392,0.0,1.7346552240277189,6.187814637579392,0.0,0.0,0.0,3.4653662603737176,0.009968648891803345,6.925547414531628,48.0,14.0,0.5663060452684318,1,1,1,1,0,0,1,1.97,5.707110264748875,False,False,True,False,True,True,,,14.400000000000006,35.0
21325,IndieFrame,https://www.crunchbase.com/organization/indieframe,Denmark,55.6867243,12.5700724,2016,2.0,False,True,False,False,False,False,False,False,False,True,True,False,False,False,4,1,1,False,True,True,False,0.0,False,0.076312,True,2020-05-25,2020-05-25,Pre-Seed,2020,51.0,False,,True,,2.0,4.0,False,,True,,False,,False,,False,,False,,0,0,False,,False,False,,False,,False,,False,,False,,False,,0,,False,,False,False,,False,False,False,False,False,False,True,True,234,2,True,148,39,0.2635135135135135,0.2338963430904715,0.0,0.7334532700895641,0.7334532700895641,0.7334532700895641,0.7334532700895641,0.7334532700895641,0.7334532700895641,0.0,0.0,0.0,0.0,0.0,0.0,0.0,0.0,0.0,0,0,0,0,0,0,0,1.97,5.707110264748875,False,False,False,False,False,False,,,14.400000000000006,35.0
21249,Grant Compass,https://www.crunchbase.com/organization/grant-compass,Denmark,55.6867243,12.5700724,2016,4.0,True,True,False,False,False,False,False,False,False,True,False,False,False,False,4,1,2,False,False,False,False,0.0,False,4.427788,False,2020-08-01,2020-08-01,Seed,2020,88.0,True,,False,,16.0,19.5,False,,True,,False,,False,,False,,False,,2,0,True,,True,True,,True,,True,,True,,True,,True,,2,,True,,True,True,,False,False,False,False,False,False,True,True,234,2,True,148,39,0.2635135135135135,0.2338963430904715,0.0,0.002613679790024374,0.0,0.005227359580048748,0.0,0.002613679790024374,0.005227359580048748,0.0,0.0,0.0,0.005227359580048748,0.005227359580048748,0.005227359580048748,52.0,12.0,0.5609333314661855,1,1,1,1,0,0,1,1.97,5.707110264748875,False,False,False,False,False,False,,,14.400000000000006,35.0
21211,Mate.bike,https://www.crunchbase.com/organization/mate-bike,Denmark,55.6867243,12.5700724,2016,2.0,False,True,False,False,True,True,False,False,False,False,False,False,False,False,3,2,2,False,False,False,False,0.0,False,0.0,True,2019-09-15,2020-09-01,Series A,2019,17.0,False,,True,,2.0,1.0,False,,False,,True,,False,,False,,False,,0,0,False,,False,False,,False,,False,,False,,False,,False,,0,,False,,False,True,,True,True,True,False,False,False,True,False,234,2,True,148,39,0.2635135135135135,0.2338963430904715,0.0,3.67447203336478,1.1611294291501677,6.187814637579392,1.1611294291501677,3.67447203336478,6.187814637579392,0.0,0.0,0.0,6.464241176229522,6.464241176229522,6.464241176229522,0.0,0.0,0.0,0,0,0,0,0,0,0,1.97,5.707110264748875,False,False,True,False,True,True,,,14.400000000000006,35.0
21201,Tame,https://www.crunchbase.com/organization/tame,Denmark,55.6867243,12.5700724,2016,4.0,True,True,False,False,True,True,False,False,False,True,True,False,False,True,0,4,12,True,False,True,False,2.0,True,6.076813,False,2016-04-01,2021-05-04,Seed,2016,17.0625,True,True,True,False,2.0,2.5,False,False,False,False,False,False,False,False,False,False,False,False,13,2,True,True,False,True,True,True,True,True,True,True,True,True,True,True,True,13,2.0,True,True,False,True,True,True,True,True,False,False,False,True,False,234,2,True,148,39,0.2635135135135135,0.2338963430904715,0.0,0.6190174448253705,0.0,8.783078012371726,0.0,0.7070751255447056,8.783078012371726,0.0,0.002613679790024374,0.005227359580048748,1.2292790897674584,0.0,8.852693694126335,22.0,37.0,0.5767420507724166,1,1,0,1,0,1,0,1.97,4.600157644164547,False,False,False,False,False,False,,,14.400000000000006,35.0
21199,Woba,https://www.crunchbase.com/organization/woba,Denmark,55.678016,12.5326186,2016,1.0,True,True,False,False,False,False,False,True,False,True,False,False,False,False,4,1,1,False,True,True,False,0.0,False,0.0,True,2020-06-30,2020-06-30,Venture - Series Unknown,2020,106.0,True,,False,,20.0,26.0,False,,True,,False,,False,,False,,False,,0,0,False,,False,True,,True,,True,,True,,True,,True,,1,,True,,True,True,,False,False,False,False,False,False,True,True,233,2,True,145,38,0.2620689655172414,0.2327524104208465,0.002539794688779008,0.010181436689989453,0.010181436689989453,0.010181436689989453,0.010181436689989453,0.010181436689989453,0.010181436689989453,0.0,0.0,0.0,0.0,0.0,0.0,48.0,20.0,0.5972427250690651,1,1,1,1,0,1,1,1.97,5.707110264748875,False,False,True,False,True,True,,,17.400000000000006,35.400000000000006
21215,Nordic Harvest,https://www.crunchbase.com/organization/nordic-harvest,Denmark,55.6522136,12.292049,2016,1.0,False,True,False,False,False,True,True,False,False,False,False,True,False,False,4,1,3,True,False,False,False,1.0,True,9.097045,False,2020-04-01,2020-04-01,Seed,2020,78.33333333333333,True,True,False,False,16.5,15.0,False,False,False,False,False,False,False,False,False,False,False,False,0,0,False,False,False,True,True,True,True,True,True,True,True,True,True,True,True,3,1.0,True,True,True,True,True,False,False,False,False,False,False,True,True,214,2,True,6,1,0.1666666666666666,0.1541506798272582,0.017852195831434464,0.019386179166704216,0.019386179166704216,0.019386179166704216,0.019386179166704216,0.019386179166704216,0.019386179166704216,0.019386179166704216,0.019386179166704216,0.019386179166704216,0.0,0.0,0.0,34.0,29.0,0.5966580304393243,1,1,1,1,0,1,0,1.97,5.707110264748875,False,False,False,False,False,False,,,17.400000000000006,35.400000000000006
21195,Muninn,https://www.crunchbase.com/organization/wehowsky,Denmark,55.6867243,12.5700724,2016,1.0,True,True,False,False,True,False,False,False,False,True,False,False,False,False,3,2,2,True,False,True,False,1.0,True,2.502725,False,2019-12-01,2022-08-29,Seed,2019,83.0,True,False,True,True,15.3,18.0,False,False,True,True,False,False,False,False,True,True,False,False,2,0,True,False,False,True,False,True,False,True,False,True,False,True,False,True,False,2,0.0,True,False,False,True,True,False,False,False,False,False,False,True,True,234,2,True,148,38,0.2567567567567567,0.2285343999490861,0.0,0.1802658078267298,0.009968648891803345,0.5208601256965827,0.009968648891803345,0.009968648891803345,0.009968648891803345,0.5208601256965827,0.5208601256965827,0.5208601256965827,0.34413219332396194,0.0,0.5161982899859429,49.0,29.0,0.6320410868376773,1,1,1,1,0,1,1,1.97,5.707110264748875,True,False,False,True,True,True,2024-10-01,8.0,14.400000000000006,35.0
21190,Penni.io,https://www.crunchbase.com/organization/penni-io,Denmark,55.6867243,12.5700724,2016,2.0,True,True,False,False,False,False,False,False,True,True,False,False,False,False,4,2,4,True,False,True,False,1.0,True,9.212123,False,2020-03-04,2020-12-29,Seed,2020,38.5,True,True,True,False,16.0,8.8,False,False,True,True,False,False,False,False,False,False,False,False,2,1,True,True,False,True,True,True,True,True,True,True,True,True,True,True,True,2,1.0,True,True,False,True,True,True,True,True,False,False,False,True,False,234,2,True,148,39,0.2635135135135135,0.2338963430904715,0.0,3.0305451574588007,0.0,9.091635472376401,0.0,4.545817736188201,9.091635472376401,0.0,0.0,0.0,6.061090314917601,0.0,9.091635472376401,47.0,7.0,0.5064636223775507,1,1,1,0,0,0,1,1.97,5.707110264748875,False,False,False,False,False,False,,,14.400000000000006,35.0
21253,ResoTher Pharma,https://www.crunchbase.com/organization/resother-pharma,Denmark,55.2997641,9.5471969,2016,1.0,True,False,False,False,True,False,False,True,False,False,False,False,False,False,3,1,2,False,False,False,False,2.0,True,2.371226,False,2019-11-05,2019-11-05,Venture - Series Unknown,2019,59.0,False,False,True,True,15.5,8.0,True,True,False,False,False,False,False,False,False,False,True,True,0,0,False,False,False,False,False,False,False,False,False,False,False,False,False,False,False,1,1.0,True,True,False,True,True,False,False,False,False,False,False,True,True,6,0,False,0,0,0.0,0.0,0.19520158838957447,0.27470837177276847,0.10329847795032532,0.44611826559521167,0.0,0.0,0.0,0.10329847795032532,0.27470837177276847,0.44611826559521167,0.5435268601661276,0.5435268601661276,0.5435268601661276,1.0,0.0,0.0,0,0,0,0,1,1,0,1.97,5.707110264748875,False,False,True,False,True,True,,,0.0,1.8
21216,BioPhero,https://www.crunchbase.com/organization/biophero,Denmark,55.7680595,12.5031145,2016,1.0,True,True,False,False,True,False,False,False,False,False,False,False,False,False,2,1,3,True,False,False,False,1.0,True,3.500657,False,2018-09-17,2018-09-17,Series A,2018,105.66666666666669,True,False,True,True,19.0,36.0,True,True,True,False,False,False,False,False,False,False,False,False,1,0,True,False,False,True,False,True,False,True,False,True,False,True,False,True,False,2,0.0,True,False,False,True,False,False,False,False,False,True,False,True,True,233,2,True,145,38,0.2620689655172414,0.2327524104208465,0.009968648891802916,0.3726458486214746,0.00546697463166531,0.973213731910835,0.00546697463166531,0.07236190697679445,0.1392568393219236,0.973213731910835,0.973213731910835,0.973213731910835,0.6687384932818805,0.14202104090770817,0.9711761237487079,6.0,0.0,0.1242772544618494,0,0,0,0,0,0,0,1.97,5.707110264748875,True,False,True,True,True,True,2022-06-29,6.0,17.400000000000006,35.400000000000006
21240,Beyond Leather Materials,https://www.crunchbase.com/organization/beyond-leather-materials,Denmark,55.6867243,12.5700724,2016,2.0,True,True,False,False,True,False,False,False,False,False,False,False,False,False,4,1,4,True,False,False,False,1.0,True,1.237654,False,2020-07-01,2020-07-01,Venture - Series Unknown,2020,112.5,True,True,True,False,18.5,14.0,True,False,True,False,True,False,False,False,False,False,False,False,3,1,True,True,False,True,True,True,True,True,True,True,True,True,True,True,True,3,1.0,True,True,False,True,True,False,False,False,False,False,False,True,True,234,2,True,148,39,0.2635135135135135,0.2338963430904715,0.0,0.15803418483622067,0.0,0.6216820201847851,0.005227359580048748,0.21071224644829425,0.6216820201847851,0.0,0.0,0.0,0.3134612703956681,0.0,0.624315441514563,36.0,28.0,0.5990536482261779,1,1,1,1,0,1,1,1.97,5.707110264748875,False,False,True,False,True,True,,,14.400000000000006,35.0
21233,Passendo,https://www.crunchbase.com/organization/passendo,Denmark,55.6867243,12.5700724,2016,2.0,True,True,False,False,False,False,False,False,False,False,True,False,False,False,3,2,3,True,False,False,False,2.0,True,3.060664,False,2019-06-24,2021-12-13,Seed,2019,27.333333333333332,True,True,True,True,7.7,4.3,True,False,True,True,False,False,False,False,False,False,False,False,0,0,False,False,False,True,True,True,True,True,True,True,True,True,True,True,True,1,1.0,True,True,False,True,True,False,False,False,False,False,False,True,True,234,2,True,148,39,0.2635135135135135,0.2338963430904715,0.0,0.5325766112972387,0.017852195831434443,0.9581956178754963,0.9581956178754963,0.9581956178754963,0.9581956178754963,0.017852195831434443,0.3197671080081098,0.6216820201847851,0.6348966361955287,0.35894534086299357,0.9407117407162516,5.0,1.0,0.1727159991214717,1,0,0,0,0,0,0,1.97,5.707110264748875,False,False,False,False,False,False,,,14.400000000000006,35.0
21577,Krizo,https://www.crunchbase.com/organization/krizo,Denmark,55.678016,12.5326186,2016,2.0,True,True,False,False,False,False,False,False,False,True,False,False,False,False,3,1,1,False,True,True,False,0.0,False,0.0,True,2019-06-01,2019-06-01,Pre-Seed,2019,206.0,True,,False,,27.0,39.0,False,,False,,False,,False,,False,,False,,1,0,True,,True,True,,True,,True,,True,,True,,True,,1,,True,,True,True,,False,False,False,False,False,False,True,True,233,2,True,145,37,0.2551724137931034,0.2272729446562209,0.002539794688779008,0.006522681440327037,0.006522681440327037,0.006522681440327037,0.006522681440327037,0.006522681440327037,0.006522681440327037,0.0,0.0,0.0,0.0,0.0,0.0,13.0,2.0,0.2940502655767997,1,0,0,0,0,0,0,1.97,5.707110264748875,True,False,False,True,True,True,2021-10-13,5.0,17.400000000000006,35.400000000000006
21335,Wedbox,https://www.crunchbase.com/organization/wedbox,Denmark,56.155315,10.1654876,2016,1.0,False,False,False,False,False,True,False,False,False,True,False,False,False,False,3,1,1,False,True,False,True,1.0,True,1.852456,False,2019-08-19,2019-08-19,Seed,2019,206.0,False,False,True,True,27.0,39.0,False,False,False,False,False,False,False,False,False,False,False,False,0,0,False,False,False,False,False,False,False,False,False,False,False,False,False,False,False,1,1.0,True,True,True,True,True,False,False,False,False,False,False,True,True,18,1,True,27,5,0.1851851851851851,0.1698990367953974,0.15861297351800804,0.15662050543104897,0.15662050543104897,0.15662050543104897,0.0,0.0,0.0,0.15662050543104897,0.15662050543104897,0.15662050543104897,0.0,0.0,0.0,1.0,0.0,0.0,0,0,0,0,0,1,0,1.97,5.707110264748875,False,False,False,False,False,False,,,0.0,5.0
21479,Tomorrow,https://www.crunchbase.com/organization/tomorrow-2,Denmark,55.6867243,12.5700724,2016,2.0,True,True,False,False,True,False,False,False,False,True,False,True,False,False,4,1,1,False,True,True,False,0.0,False,0.0,True,2020-09-07,2020-09-07,Pre-Seed,2020,22.0,False,,True,,0.0,1.0,False,,True,,False,,False,,False,,False,,0,0,False,,False,False,,False,,False,,False,,False,,False,,0,,False,,False,True,,False,False,False,False,True,True,True,True,234,2,True,148,39,0.2635135135135135,0.2338963430904715,0.0,0.35724176469164737,0.35724176469164737,0.35724176469164737,0.35724176469164737,0.35724176469164737,0.35724176469164737,0.0,0.0,0.0,0.0,0.0,0.0,0.0,0.0,0.0,0,0,0,0,0,0,0,1.97,5.707110264748875,False,False,False,False,False,False,,,14.400000000000006,35.0
21475,Astralis,https://www.crunchbase.com/organization/astralis,Denmark,55.6867243,12.5700724,2016,2.0,False,True,False,False,False,True,False,False,False,True,True,False,False,False,0,1,2,False,False,True,False,0.0,False,0.0,True,2016-01-01,2016-01-01,Pre-Seed,2016,91.0,True,,True,,9.0,31.0,False,,True,,False,,True,,False,,False,,1,0,True,,False,True,,True,,True,,True,,True,,True,,1,,True,,False,True,,True,True,True,False,False,False,True,False,234,2,True,148,39,0.2635135135135135,0.2338963430904715,0.0,3.093907318789696,0.0,6.187814637579392,0.0,3.093907318789696,6.187814637579392,0.0,0.0,0.0,6.187814637579392,6.187814637579392,6.187814637579392,3.0,4.0,0.2167404783719826,1,0,0,0,0,0,0,1.97,4.600157644164547,False,False,False,False,False,False,,,14.400000000000006,35.0
21454,Gloove,https://www.crunchbase.com/organization/gloove-dk,Denmark,56.1496278,10.2134046,2016,1.0,False,False,False,False,True,False,False,False,False,False,False,False,False,True,0,1,1,False,True,False,True,1.0,True,0.12,True,2016-11-08,2016-11-08,Seed,2016,45.0,False,False,True,True,8.0,4.0,False,False,False,False,False,False,False,False,False,False,False,False,0,0,False,False,False,False,False,False,False,False,False,False,False,False,False,False,False,0,0.0,False,False,False,False,False,True,True,False,False,False,False,False,False,18,1,True,27,5,0.1851851851851851,0.1698990367953974,0.1555965689136978,4.987862987810964,4.987862987810964,4.987862987810964,0.0,0.0,0.0,4.987862987810964,4.987862987810964,4.987862987810964,0.0,0.0,0.0,0.0,0.0,0.0,0,0,0,0,0,1,0,1.97,4.600157644164547,False,False,False,False,False,False,,,0.0,5.0
21451,Take Daily,https://www.crunchbase.com/organization/take-daily,Denmark,55.6867243,12.5700724,2016,1.0,False,True,False,False,False,True,True,False,False,True,False,False,False,False,1,1,1,False,True,False,True,1.0,True,0.155287,True,2017-07-18,2017-07-18,Seed,2017,21.0,False,False,True,True,19.0,1.0,False,False,False,False,False,False,False,False,False,False,False,False,0,0,False,False,False,False,False,False,False,False,False,False,False,False,False,False,False,1,1.0,True,True,True,False,False,False,False,False,False,False,False,True,True,234,2,True,148,39,0.2635135135135135,0.2338963430904715,0.0,0.1555965689136978,0.1555965689136978,0.1555965689136978,0.0,0.0,0.0,0.1555965689136978,0.1555965689136978,0.1555965689136978,0.0,0.0,0.0,2.0,2.0,0.1412342220372826,0,0,0,0,0,0,0,1.97,4.804840381116659,False,False,False,False,False,False,,,14.400000000000006,35.0
21444,Meploy,https://www.crunchbase.com/organization/meploy,Denmark,55.6867243,12.5700724,2016,1.0,True,True,False,False,True,False,False,False,False,True,False,False,False,False,4,1,1,False,True,True,False,0.0,False,0.0,True,2020-04-01,2020-04-01,Pre-Seed,2020,4.0,False,,True,,14.0,1.0,False,,False,,False,,False,,False,,False,,0,0,False,,False,False,,False,,False,,False,,False,,False,,0,,False,,False,False,,True,True,True,True,False,False,False,False,234,2,True,148,39,0.2635135135135135,0.2338963430904715,0.0,8.16966100195633,8.16966100195633,8.16966100195633,8.16966100195633,8.16966100195633,8.16966100195633,0.0,0.0,0.0,0.0,0.0,0.0,1.0,0.0,0.0,0,0,0,0,0,0,0,1.97,5.707110264748875,False,False,False,False,False,False,,,14.400000000000006,35.0
21436,UnitPal,https://www.crunchbase.com/organization/unitpal,Denmark,55.6867243,12.5700724,2016,2.0,True,True,False,False,False,True,False,False,False,True,False,False,True,True,1,2,6,True,False,False,False,1.0,True,0.289947,True,2017-03-23,2017-07-11,Seed,2017,18.0,True,False,True,True,10.5,2.0,False,False,True,True,True,True,False,False,False,False,False,False,1,0,True,False,False,True,False,True,False,True,False,True,False,True,False,True,False,2,0.0,True,False,False,True,True,False,False,False,False,False,False,True,True,234,2,True,148,39,0.2635135135135135,0.2338963430904715,0.0,0.37211066049265756,0.002539794688778854,0.9581956178754963,0.002539794688778854,0.07906818180123833,0.1555965689136978,0.9581956178754963,0.9581956178754963,0.9581956178754963,0.6542609131782553,0.15373926317378606,0.9556566420675412,2.0,0.0,0.0402231640645322,0,0,0,0,0,0,0,1.97,4.804840381116659,False,False,False,False,False,False,,,14.400000000000006,35.0
21358,DrugStars,https://www.crunchbase.com/organization/drugstars,Denmark,55.6867243,12.5700724,2016,1.0,False,True,False,False,False,False,False,True,False,True,False,False,False,False,1,1,3,True,False,False,False,1.0,True,0.506046,False,2017-01-25,2017-01-25,Venture - Series Unknown,2017,87.0,True,True,True,False,15.0,20.7,False,False,True,True,False,False,False,False,False,False,False,False,2,1,True,True,False,True,True,True,True,True,True,True,True,True,True,True,True,2,1.0,True,True,False,True,True,False,False,False,False,False,False,True,True,234,2,True,148,39,0.2635135135135135,0.2338963430904715,0.0,0.3227214222557665,0.0,0.9581956178754963,0.0,0.4790978089377481,0.9581956178754963,0.009968648891803345,0.009968648891803345,0.009968648891803345,0.6420794132429926,0.009968648891803345,0.9581956178754963,35.0,8.0,0.4887543035011649,1,1,1,0,0,0,1,1.97,4.804840381116659,False,False,True,False,True,True,,,14.400000000000006,35.0
21355,Pantrii,https://www.crunchbase.com/organization/råhandel,Denmark,55.6867243,12.5700724,2016,2.0,False,True,False,False,False,True,True,False,False,False,False,False,False,False,4,1,1,False,True,False,False,0.0,False,1.660913,False,2020-11-17,2020-11-17,Seed,2020,215.0,False,,True,,9.0,13.0,True,,True,,True,,False,,False,,False,,0,0,False,,False,False,,False,,False,,False,,False,,False,,0,,False,,False,True,,False,False,False,False,False,False,True,True,234,2,True,148,39,0.2635135135135135,0.2338963430904715,0.0,0.6216820201847851,0.6216820201847851,0.6216820201847851,0.6216820201847851,0.6216820201847851,0.6216820201847851,0.0,0.0,0.0,0.0,0.0,0.0,2.0,7.0,0.2314158098087509,1,0,0,0,0,0,0,1.97,5.707110264748875,False,False,False,False,False,False,,,14.400000000000006,35.0
21352,Zliide,https://www.crunchbase.com/organization/zliide,Denmark,56.1496278,10.2134046,2016,4.0,True,False,False,False,False,True,False,False,False,True,False,False,False,False,2,1,3,True,False,True,False,2.0,True,5.31,False,2018-06-29,2018-06-29,Seed,2018,95.0,False,False,True,True,11.3,21.3,False,False,True,True,False,False,False,False,False,False,False,False,0,0,False,False,False,False,False,False,False,False,False,False,False,False,False,False,False,3,2.0,True,True,True,True,True,False,False,False,False,False,False,True,True,18,1,True,27,5,0.1851851851851851,0.1698990367953974,0.1555965689136978,0.15329688815356043,0.14869752663328578,0.1555965689136978,0.1555965689136978,0.1555965689136978,0.1555965689136978,0.14869752663328578,0.1521470477734918,0.1555965689136978,0.006645765927868896,0.0,0.009968648891803345,3.0,0.0,0.0687619531421999,0,0,0,0,1,1,0,1.97,5.707110264748875,False,False,False,False,False,False,,,0.0,5.0
21380,Rently,https://www.crunchbase.com/organization/rently-abfc,Denmark,55.6867243,12.5700724,2016,3.0,False,True,False,False,False,False,False,False,False,False,False,False,True,False,0,1,1,False,True,False,False,0.0,False,0.733446,False,2016-04-16,2016-04-16,Seed,2016,48.0,False,,True,,2.0,3.0,False,,False,,False,,False,,False,,False,,0,0,False,,False,False,,False,,False,,False,,False,,False,,1,,True,,True,False,,False,False,False,False,False,False,True,True,234,2,True,148,39,0.2635135135135135,0.2338963430904715,0.0,0.22237046823451823,0.22237046823451823,0.22237046823451823,0.22237046823451823,0.22237046823451823,0.22237046823451823,0.0,0.0,0.0,0.0,0.0,0.0,5.0,1.0,0.1727159991214717,1,0,0,0,0,0,0,1.97,4.600157644164547,False,False,False,False,False,False,,,14.400000000000006,35.0
21398,chefmade,https://www.crunchbase.com/organization/chef-made-2439,Denmark,56.1496278,10.2134046,2016,1.0,False,False,False,False,False,False,True,False,False,True,False,False,False,False,2,2,2,False,False,False,False,0.0,False,1.828384,False,2018-02-27,2019-08-12,Seed,2018,2.3333333333333335,True,,True,,0.5,0.0,False,,False,,False,,False,,False,,False,,1,0,True,,False,True,,True,,True,,True,,True,,True,,3,,True,,True,True,,False,False,False,False,False,False,True,True,18,1,True,27,5,0.1851851851851851,0.1698990367953974,0.1555965689136978,0.1037310459424652,0.0,0.1555965689136978,0.0,0.1037310459424652,0.1555965689136978,0.0,0.0,0.0,0.1037310459424652,0.0,0.1555965689136978,0.0,0.0,0.0,0,0,0,0,0,1,0,1.97,5.707110264748875,False,False,False,False,False,False,,,0.0,5.0
21396,Digital Revisor,https://www.crunchbase.com/organization/digital-revisor,Denmark,56.1496278,10.2134046,2016,1.0,True,False,False,False,True,True,False,False,True,False,False,False,False,False,1,1,1,False,True,False,True,1.0,True,0.523984,False,2017-06-20,2017-06-20,Seed,2017,48.0,False,False,True,True,3.0,3.0,False,False,False,False,False,False,False,False,False,False,False,False,0,0,False,False,False,False,False,False,False,False,False,False,False,False,False,False,False,1,1.0,True,True,True,False,False,False,False,False,False,False,False,True,True,18,1,True,27,5,0.1851851851851851,0.1698990367953974,0.1555965689136978,0.1012892712820446,0.1012892712820446,0.1012892712820446,0.0,0.0,0.0,0.1012892712820446,0.1012892712820446,0.1012892712820446,0.0,0.0,0.0,5.0,0.0,0.1089851172067322,0,0,0,0,1,1,1,1.97,4.804840381116659,False,False,False,False,False,False,,,0.0,5.0
21388,Omnio,https://www.crunchbase.com/organization/omnio-iot,Denmark,55.6867243,12.5700724,2016,2.0,True,True,False,False,True,False,False,False,False,True,False,False,False,False,1,2,6,True,False,True,False,2.0,True,1.512939,False,2017-07-10,2018-08-01,Seed,2017,79.8,True,True,True,True,9.6,103.8,False,False,True,True,True,True,False,False,False,False,False,False,4,1,True,True,False,True,True,True,True,True,True,True,True,True,True,True,True,4,1.0,True,True,False,True,True,True,True,True,False,False,False,True,False,234,2,True,148,38,0.2567567567567567,0.2285343999490861,0.0,2.7769408745071518,0.0,8.783078012371726,0.0,2.1957695030929316,8.783078012371726,0.009968648891803345,3.939283617335592,7.868598585779381,4.541318787961295,0.0,8.783078012371726,55.0,26.0,0.6335962878067002,1,1,1,1,0,1,1,1.97,4.804840381116659,True,False,False,True,True,True,2022-11-01,6.0,14.400000000000006,35.0
21564,Methyl Detect,https://www.crunchbase.com/organization/methyl-detect,Denmark,57.0462626,9.9215263,2017,3.0,True,False,False,False,False,False,False,True,False,False,False,False,False,False,1,1,1,False,True,False,True,1.0,True,0.0,True,2018-06-01,2018-06-01,Seed,2018,48.0,True,True,False,False,4.0,3.0,False,False,False,False,False,False,False,False,False,False,False,False,1,1,True,True,True,True,True,True,True,True,True,True,True,True,True,True,True,1,1.0,True,True,True,False,False,False,False,False,False,False,False,True,True,3,0,False,12,0,0.0,0.0,0.22237046823451823,0.0,0.0,0.0,0.0,0.0,0.0,0.0,0.0,0.0,0.0,0.0,0.0,1.0,0.0,0.0,0,0,0,0,1,1,1,2.84,5.707110264748875,False,False,False,False,False,False,,,0.0,1.0
21337,Grandhood,https://www.crunchbase.com/organization/grandhood,Denmark,55.6867243,12.5700724,2017,2.0,True,True,False,False,False,False,False,False,True,False,False,False,False,False,0,2,6,True,False,False,False,2.0,True,3.2,False,2017-12-18,2018-09-25,Seed,2017,119.28571428571428,True,True,True,False,12.4,24.0,False,False,True,True,False,False,False,False,False,False,False,False,5,2,True,True,False,True,True,True,True,True,True,True,True,True,True,True,True,5,2.0,True,True,False,True,True,False,False,False,False,True,False,True,True,234,2,True,175,43,0.2457142857142857,0.2197090888655749,0.0,0.14741762187841584,0.0,0.8745370823786917,0.0,0.2186342705946729,0.8745370823786917,0.0,0.004984324445901672,0.009968648891803345,0.2948319515546151,0.0,0.8844563482372457,46.0,23.0,0.6053861289180129,1,1,1,1,0,1,1,2.84,4.804840381116659,False,False,False,False,False,False,,,14.400000000000006,35.0
21296,Tobi,https://www.crunchbase.com/organization/tobi,Denmark,55.6867243,12.5700724,2017,2.0,True,True,False,False,False,False,False,False,True,False,False,False,False,False,3,1,1,False,True,True,True,1.0,True,0.469917,True,2020-07-24,2020-07-24,Pre-Seed,2020,21.0,True,True,False,False,8.0,2.0,True,True,False,False,False,False,False,False,False,False,False,False,1,1,True,True,True,True,True,True,True,True,True,True,True,True,True,True,True,1,1.0,True,True,True,True,True,False,False,False,False,False,False,True,True,234,2,True,175,43,0.2457142857142857,0.2197090888655749,0.0,0.0,0.0,0.0,0.0,0.0,0.0,0.0,0.0,0.0,0.0,0.0,0.0,9.0,1.0,0.223391192774942,1,0,0,0,0,0,0,2.84,5.707110264748875,False,False,False,False,False,False,,,14.400000000000006,35.0
21310,Particle3D,https://www.crunchbase.com/organization/particle3d,Denmark,55.3997225,10.3852104,2017,4.0,True,False,False,False,True,False,False,True,False,False,False,False,False,False,1,2,3,False,False,False,False,3.0,True,4.587472,False,2018-05-15,2020-04-14,Seed,2018,56.666666666666664,False,False,True,True,13.3,12.0,True,True,True,True,False,False,False,False,False,False,False,False,0,0,False,False,False,False,False,False,False,False,False,False,False,False,False,False,False,1,1.0,True,True,False,True,True,True,True,True,False,False,False,True,False,7,0,False,13,0,0.0,0.0,0.14110430247518083,2.34447901805077,0.1392568393219236,6.073673046571276,0.0,0.0,0.0,0.1392568393219236,2.34447901805077,6.073673046571276,4.236075050367073,0.958073972961678,6.1803592753615355,1.0,1.0,0.0637308819147395,0,0,0,0,1,1,1,2.84,5.707110264748875,False,False,False,False,False,False,,,0.6000000000000005,1.0
21377,Justlearn.com,https://www.crunchbase.com/organization/justlearn,Denmark,55.4894999,9.47905,2017,1.0,False,False,False,False,False,True,False,False,False,True,False,False,False,False,3,2,3,True,False,False,False,2.0,True,0.130625,True,2020-11-17,2021-01-12,Seed,2020,69.33333333333333,True,True,True,True,29.0,13.0,False,False,False,False,False,False,False,False,False,False,False,False,0,0,False,False,False,True,True,True,True,True,True,True,True,True,True,False,False,3,2.0,True,True,True,True,True,False,False,False,False,False,False,True,True,7,0,False,0,0,0.0,0.0,0.195458831039906,0.10226568753227729,0.024523265632893566,0.19571586480168007,0.08655793216225818,0.08655793216225818,0.08655793216225818,0.024523265632893566,0.11011956521728682,0.19571586480168007,0.13613448411259182,0.06487641895861225,0.18993167586548235,2.0,0.0,0.0402231640645322,0,0,0,0,1,0,1,2.84,5.707110264748875,False,False,False,False,False,False,,,0.8000000000000007,1.0
21378,Fellow Pay,https://www.crunchbase.com/organization/creditstretcher,Denmark,55.6867243,12.5700724,2017,3.0,True,True,False,False,False,False,False,False,True,True,False,False,False,False,3,1,4,True,False,True,False,2.0,True,0.40293,True,2020-10-29,2020-10-29,Pre-Seed,2020,108.25,False,False,True,True,25.7,9.8,True,False,True,True,True,False,False,False,False,False,False,False,0,0,False,False,False,False,False,False,False,False,False,False,False,False,False,False,False,0,0.0,False,False,False,False,False,True,True,True,False,False,False,True,False,234,2,True,175,43,0.2457142857142857,0.2197090888655749,0.0,6.423680996368871,0.8655560639246027,9.508751777481049,0.8655560639246027,3.6884593477166128,6.511362631508622,8.80905351256121,9.15890264502113,9.508751777481049,5.810235865702546,2.971271112375008,9.653594609907111,0.0,0.0,0.0,0,0,0,0,0,0,0,2.84,5.707110264748875,False,False,False,False,False,False,,,14.400000000000006,35.0
21387,Propstep,https://www.crunchbase.com/organization/nybygget,Denmark,55.6867243,12.5700724,2017,2.0,True,True,False,False,False,False,False,False,False,True,False,False,False,False,3,1,2,False,False,True,False,0.0,False,0.473394,True,2020-10-14,2020-10-14,Pre-Seed,2020,104.0,True,,True,,28.0,19.5,False,,False,,False,,False,,False,,False,,1,0,True,,False,True,,True,,True,,True,,True,,True,,2,,True,,True,True,,False,False,False,False,False,False,True,True,234,2,True,175,43,0.2457142857142857,0.2197090888655749,0.0,0.08192016654902849,0.005227359580048748,0.15861297351800824,0.005227359580048748,0.08192016654902849,0.15861297351800824,0.0,0.0,0.0,0.15662050543104897,0.15662050543104897,0.15662050543104897,30.0,29.0,0.5846187265271547,1,1,1,1,0,1,0,2.84,5.707110264748875,False,False,False,False,False,False,,,14.400000000000006,35.0
21350,Nordgreen,https://www.crunchbase.com/organization/nordgreen,Denmark,55.6867243,12.5700724,2017,3.0,False,True,False,False,True,True,False,False,False,False,False,False,False,False,0,2,1,True,True,True,True,1.0,True,2.5,False,2017-05-01,2019-05-01,Seed,2017,7.0,True,True,False,False,1.0,0.0,False,False,False,False,False,False,False,False,False,False,False,False,2,1,True,True,True,True,True,True,True,True,True,True,True,True,True,True,True,2,1.0,True,True,True,True,True,False,False,False,False,False,False,True,True,234,2,True,175,43,0.2457142857142857,0.2197090888655749,0.0,0.0,0.0,0.0,0.0,0.0,0.0,0.0,0.0,0.0,0.0,0.0,0.0,0.0,0.0,0.0,0,0,0,0,0,0,0,2.84,4.804840381116659,False,False,False,False,False,False,,,14.400000000000006,35.0
21200,Risika,https://www.crunchbase.com/organization/risika-aps,Denmark,55.6867243,12.5700724,2017,4.0,True,True,False,False,True,False,False,False,True,True,False,False,False,False,2,2,2,True,False,True,False,1.0,True,7.783839,False,2019-01-31,2021-12-16,Seed,2019,80.0,True,True,False,False,9.0,18.0,False,False,True,True,False,False,False,False,False,False,False,False,2,1,True,True,True,True,True,True,True,True,True,True,True,True,True,True,True,2,1.0,True,True,True,True,True,False,False,False,False,False,False,True,True,234,2,True,175,43,0.2457142857142857,0.2197090888655749,0.0,0.0,0.0,0.0,0.0,0.0,0.0,0.0,0.0,0.0,0.0,0.0,0.0,49.0,8.0,0.5213427376659054,1,1,1,0,0,0,1,2.84,5.707110264748875,False,False,False,False,False,False,,,14.400000000000006,35.0
21214,Shopbox,https://www.crunchbase.com/organization/shopbox,Denmark,55.6867243,12.5700724,2017,3.0,False,True,False,False,False,True,False,False,True,True,True,False,False,False,1,1,1,False,True,False,False,0.0,False,2.360244,False,2018-04-13,2018-04-13,Venture - Series Unknown,2018,21.0,False,,True,,3.0,3.0,False,,False,,False,,False,,False,,False,,0,0,False,,False,False,,False,,False,,False,,False,,False,,0,,False,,False,True,,False,False,False,False,False,False,True,True,234,2,True,175,43,0.2457142857142857,0.2197090888655749,0.0,0.5208601256965827,0.5208601256965827,0.5208601256965827,0.5208601256965827,0.5208601256965827,0.5208601256965827,0.0,0.0,0.0,0.0,0.0,0.0,0.0,0.0,0.0,0,0,0,0,0,0,0,2.84,5.707110264748875,False,False,True,False,True,True,,,14.400000000000006,35.0
21152,Nordsense,https://www.crunchbase.com/organization/nordsense,Denmark,55.6867243,12.5700724,2017,2.0,True,True,False,False,False,False,False,False,False,True,False,True,False,True,0,2,7,True,False,False,False,3.0,True,4.225,False,2017-05-15,2018-06-01,Venture - Series Unknown,2017,26.25,False,False,True,True,19.2,130.1,False,False,True,True,False,False,False,False,True,True,False,False,0,0,False,False,False,False,False,False,False,False,False,False,False,False,False,False,False,0,0.0,False,False,False,False,False,True,True,True,True,False,False,False,False,234,2,True,175,43,0.2457142857142857,0.2197090888655749,0.0,8.835730795604572,8.783078012371726,9.021745803984324,8.783078012371726,8.820687143252329,9.021745803984324,8.783078012371726,8.870832651093135,9.021745803984324,0.16606192611894535,0.0,0.4459526996999351,0.0,0.0,0.0,0,0,0,0,0,0,0,2.84,4.804840381116659,False,False,True,False,True,True,,,14.400000000000006,35.0
21223,Synklino,https://www.crunchbase.com/organization/synklino,Denmark,55.7680595,12.5031145,2017,1.0,True,True,False,False,True,False,False,True,False,False,False,False,False,False,3,1,2,False,False,False,False,2.0,True,0.0,True,2020-09-29,2020-09-29,Series A,2020,108.5,True,True,True,True,14.0,21.0,False,False,False,False,False,False,False,False,False,False,False,False,1,1,True,True,False,True,True,True,True,True,True,True,True,True,True,True,True,1,1.0,True,True,False,True,True,False,False,False,False,False,False,True,True,233,2,True,173,42,0.2427745664739884,0.2173464336298838,0.009968648891802916,0.2608326323088041,0.00546697463166531,0.5161982899859429,0.0,0.0,0.0,0.00546697463166531,0.2608326323088041,0.5161982899859429,0.516860757885084,0.516860757885084,0.516860757885084,30.0,29.0,0.5846187265271547,1,1,1,1,0,1,0,2.84,5.707110264748875,False,True,True,True,True,True,,,17.400000000000006,35.400000000000006
21175,PatentRenewal.com,https://www.crunchbase.com/organization/company42,Denmark,55.6867243,12.5700724,2017,3.0,True,True,False,False,False,False,False,False,False,True,False,False,False,False,1,2,2,False,False,True,False,2.0,True,2.173795,False,2018-09-01,2023-03-22,Venture - Series Unknown,2018,19.5,False,False,True,True,11.0,2.5,False,False,True,True,False,False,False,False,False,False,False,False,0,0,False,False,False,False,False,False,False,False,False,False,False,False,False,False,False,0,0.0,False,False,False,False,False,True,True,True,False,False,False,True,False,234,2,True,175,43,0.2457142857142857,0.2197090888655749,0.0,4.569328033784295,0.9689950656122607,8.16966100195633,0.0,0.0,0.0,0.9689950656122607,4.569328033784295,8.16966100195633,8.022274656853144,8.022274656853144,8.022274656853144,0.0,0.0,0.0,0,0,0,0,0,0,0,2.84,5.707110264748875,False,False,True,False,True,True,,,14.400000000000006,35.0
21189,AeroGuest,https://www.crunchbase.com/organization/aero-guest,Denmark,56.1496278,10.2134046,2017,1.0,False,False,False,False,False,True,False,False,True,True,False,False,False,False,0,2,4,True,False,True,False,1.0,True,5.0,False,2017-03-16,2020-07-01,Seed,2017,66.75,False,False,True,True,15.5,11.8,False,False,False,False,False,False,False,False,False,False,False,False,0,0,False,False,False,False,False,False,False,False,False,False,False,False,False,False,False,3,1.0,True,True,True,True,True,False,False,False,False,False,False,True,True,18,1,True,29,6,0.2068965517241379,0.1880522315029396,0.1555965689136978,0.1549294984470255,0.15359535751368092,0.1555965689136978,0.15359535751368092,0.15459596321368935,0.1555965689136978,0.1555965689136978,0.1555965689136978,0.1555965689136978,0.003484906386699165,0.0,0.005227359580048748,4.0,1.0,0.154629239632742,0,0,0,0,1,1,0,2.84,4.804840381116659,False,False,False,False,False,False,,,0.0,5.0
21185,Proper,https://www.crunchbase.com/organization/proper-328b,Denmark,55.6867243,12.5700724,2017,2.0,False,True,False,False,False,False,False,False,False,True,False,False,True,False,1,3,23,True,False,False,False,4.0,True,8.338348,False,2018-11-24,2022-11-17,Seed,2018,30.24137931034483,True,True,True,True,12.2,6.1,False,False,True,True,False,False,False,False,False,False,True,True,23,3,True,True,False,True,True,True,True,True,True,True,True,True,True,True,True,23,3.0,True,True,False,True,True,True,True,True,False,True,False,True,False,234,2,True,175,43,0.2457142857142857,0.2197090888655749,0.0,0.7258249936781985,0.0,6.187814637579392,0.0,0.8083901529708646,6.187814637579392,0.0,0.25107532774536856,0.9876027305114956,1.3375167365756753,0.0,6.332372276588786,95.0,52.0,0.7490783518823205,1,1,1,1,1,1,1,2.84,5.707110264748875,False,False,False,False,False,False,,,14.400000000000006,35.0
21272,Qvest,https://www.crunchbase.com/organization/qvest,Denmark,55.6867243,12.5700724,2017,3.0,True,True,False,False,False,False,False,False,False,True,False,False,False,False,1,1,4,True,False,True,False,1.0,True,0.73,False,2018-06-30,2018-06-30,Pre-Seed,2018,120.0,True,True,False,False,15.8,25.8,False,False,True,True,False,False,False,False,False,False,False,False,4,1,True,True,True,True,True,True,True,True,True,True,True,True,True,True,True,4,1.0,True,True,True,True,True,False,False,False,False,False,False,True,True,234,2,True,175,43,0.2457142857142857,0.2197090888655749,0.0,0.003799002117963023,0.0,0.009968648891803345,0.0,0.0017424531933495826,0.005227359580048748,0.009968648891803345,0.009968648891803345,0.009968648891803345,0.005976498595894916,0.0,0.009968648891803345,56.0,15.0,0.5872424843543602,1,1,1,1,0,1,1,2.84,5.707110264748875,False,False,False,False,False,False,,,14.400000000000006,35.0
21147,Radiobotics,https://www.crunchbase.com/organization/radiobotics,Denmark,55.4196123,9.1001057,2017,5.0,True,False,False,False,True,False,False,True,False,True,False,False,False,False,1,4,7,True,False,True,False,1.0,True,2.906252,False,2018-02-01,2020-12-01,Seed,2018,59.333333333333336,False,False,True,True,7.5,8.9,True,True,True,False,True,False,False,False,False,False,False,False,0,0,False,False,False,False,False,False,False,False,False,False,False,False,False,False,False,7,1.0,True,True,False,True,True,False,False,False,False,True,False,True,True,6,0,False,4,1,0.25,0.2231435513142097,0.215835141073766,0.3424453064819556,0.20248992745866176,0.827349906467294,0.20248992745866176,0.3577214215333643,0.827349906467294,0.22023638607068607,0.22023638607068607,0.22023638607068607,0.3812654436286084,0.0,0.9600589589142212,1.0,1.0,0.0637308819147395,0,0,0,0,1,1,1,2.84,5.707110264748875,False,False,False,False,False,False,,,1.0,1.0
21142,WasteHero,https://www.crunchbase.com/organization/wastehero,Denmark,55.6867243,12.5700724,2017,3.0,True,True,False,False,True,False,False,False,False,True,False,True,False,False,3,1,3,True,False,False,False,1.0,True,5.8,False,2020-09-22,2020-09-22,Seed,2020,51.333333333333336,False,False,True,True,4.7,6.3,True,True,True,True,False,False,True,False,False,False,False,False,0,0,False,False,False,False,False,False,False,False,False,False,False,False,False,False,False,1,0.0,True,False,False,False,False,True,True,True,False,True,False,True,False,234,2,True,175,43,0.2457142857142857,0.2197090888655749,0.0,3.321372463618964,0.1776170991160385,8.783078012371726,0.1776170991160385,4.480347555743882,8.783078012371726,1.0034222793691285,1.0034222793691285,1.0034222793691285,6.355230603629342,1.0501749780849199,9.391585911671621,0.0,0.0,0.0,0,0,0,0,0,0,0,2.84,5.707110264748875,False,False,False,False,False,False,,,14.400000000000006,35.0
21545,Canecto,https://www.crunchbase.com/organization/canecto,Denmark,55.7718649,12.5051413,2017,2.0,True,True,False,False,True,True,False,False,False,True,False,False,False,False,1,1,1,False,True,False,True,1.0,True,0.0,True,2018-06-01,2018-06-01,Seed,2018,48.0,False,False,True,True,4.0,3.0,False,False,False,False,False,False,False,False,False,False,False,False,0,0,False,False,False,False,False,False,False,False,False,False,False,False,False,False,False,1,1.0,True,True,True,False,False,False,False,False,False,False,False,True,True,233,2,True,14,4,0.2857142857142857,0.251314428280906,0.010303257427711297,0.21291450206955678,0.21291450206955678,0.21291450206955678,0.0,0.0,0.0,0.21291450206955678,0.21291450206955678,0.21291450206955678,0.0,0.0,0.0,7.0,1.0,0.2012547881991394,1,0,0,0,0,0,0,2.84,5.707110264748875,False,False,False,False,False,False,,,17.400000000000006,35.400000000000006
21532,FAVES,https://www.crunchbase.com/organization/faves-pro,Denmark,55.6867243,12.5700724,2017,1.0,False,True,False,False,True,True,False,False,False,False,False,False,False,False,1,1,1,False,True,True,True,1.0,True,0.0,True,2018-07-01,2018-07-01,Pre-Seed,2018,392.0,False,False,True,True,7.0,58.0,False,False,True,True,True,True,True,True,False,False,False,False,0,0,False,False,False,False,False,False,False,False,False,False,False,False,False,False,False,0,0.0,False,False,False,False,False,True,True,True,True,False,False,False,False,234,2,True,175,43,0.2457142857142857,0.2197090888655749,0.0,8.783078012371726,8.783078012371726,8.783078012371726,0.0,0.0,0.0,8.783078012371726,8.783078012371726,8.783078012371726,0.0,0.0,0.0,0.0,0.0,0.0,0,0,0,0,0,0,0,2.84,5.707110264748875,False,False,False,False,False,False,,,14.400000000000006,35.0
21082,Superb,https://www.crunchbase.com/organization/superb-dbad,Denmark,55.6867243,12.5700724,2017,2.0,False,True,False,False,False,True,False,False,False,True,False,False,False,False,1,1,2,True,False,True,False,1.0,True,1.438666,False,2018-05-03,2018-05-03,Series A,2018,128.5,True,True,False,False,16.0,30.5,False,False,True,True,False,False,False,False,False,False,False,False,2,1,True,True,True,True,True,True,True,True,True,True,True,True,True,True,True,2,1.0,True,True,True,True,True,False,False,False,False,False,False,True,True,234,2,True,175,43,0.2457142857142857,0.2197090888655749,0.0,0.004984324445901672,0.0,0.009968648891803345,0.0,0.0,0.0,0.009968648891803345,0.009968648891803345,0.009968648891803345,0.009968648891803345,0.009968648891803345,0.009968648891803345,48.0,16.0,0.5778140737325099,1,1,1,1,0,1,1,2.84,5.707110264748875,False,False,True,False,True,True,,,14.400000000000006,35.0
21390,Accordium,https://www.crunchbase.com/organization/accordium,Denmark,55.3615271,10.6630468,2017,4.0,False,False,False,False,False,True,False,False,False,True,True,False,False,False,0,2,4,True,False,True,False,2.0,True,0.565753,False,2017-09-07,2018-10-18,Angel,2017,97.5,False,False,True,True,11.0,19.8,False,False,True,True,True,True,False,False,False,False,False,False,0,0,False,False,False,False,False,False,False,False,False,False,False,False,False,False,False,2,1.0,True,True,False,True,True,False,False,False,False,False,False,True,True,7,0,False,0,0,0.0,0.0,0.12535738899949747,0.36125471910965373,0.12421191957815811,0.8341948487513056,0.12535738899949755,0.12535738899949755,0.12535738899949755,0.12421191957815811,0.47920338416473185,0.8341948487513056,0.6420794132429926,0.009968648891803345,0.9581956178754963,1.0,0.0,0.0,0,0,0,0,1,0,1,2.84,4.804840381116659,True,False,False,True,True,True,2021-09-09,4.0,0.6000000000000005,1.0
21404,Smooth Robotics,https://www.crunchbase.com/organization/smooth-robotics,Denmark,55.3997225,10.3852104,2017,1.0,True,False,False,False,True,True,False,False,False,True,False,False,False,False,0,1,2,False,False,False,False,0.0,False,0.0,True,2017-01-01,2017-01-01,Seed,2017,21.5,True,,False,,15.5,1.0,False,,False,,False,,False,,False,,False,,2,0,True,,True,True,,True,,True,,True,,True,,True,,2,,True,,True,False,,False,False,False,False,False,False,True,True,7,0,False,13,0,0.0,0.0,0.14110430247518083,0.0,0.0,0.0,0.0,0.0,0.0,0.0,0.0,0.0,0.0,0.0,0.0,1.0,0.0,0.0,0,0,0,0,1,0,1,2.84,4.804840381116659,False,False,False,False,False,False,,,0.6000000000000005,1.0
21481,Leadfamly,https://www.crunchbase.com/organization/lead-famly,Denmark,56.1496278,10.2134046,2017,2.0,True,False,False,False,False,False,False,False,False,True,False,False,False,False,1,1,2,False,False,False,False,0.0,False,0.0,True,2018-05-01,2018-05-01,Seed,2018,18.0,True,,True,,1.0,3.0,False,,True,,False,,False,,False,,False,,0,0,False,,False,True,,True,,True,,True,,True,,False,,2,,True,,True,True,,False,False,False,False,False,False,True,True,18,1,True,29,5,0.1724137931034483,0.1590646946296873,0.1555965689136978,0.09190060695012732,0.028204644986556827,0.1555965689136978,0.028204644986556827,0.09190060695012732,0.1555965689136978,0.0,0.0,0.0,0.18010637389226283,0.18010637389226283,0.18010637389226283,0.0,0.0,0.0,0,0,0,0,0,1,0,2.84,5.707110264748875,True,False,False,True,True,True,2019-03-01,2.0,0.0,5.0
21492,Eduflow,https://www.crunchbase.com/organization/eduflow,Denmark,55.6867243,12.5700724,2017,3.0,False,True,False,False,False,True,False,False,False,True,False,False,False,False,0,1,2,False,False,False,False,0.0,False,0.0,True,2017-08-22,2017-08-22,Seed,2017,115.0,False,,True,,10.5,335.0,True,,True,,True,,False,,False,,False,,0,0,False,,False,False,,False,,False,,False,,False,,False,,0,,False,,False,False,,True,True,True,True,False,False,False,False,234,2,True,175,42,0.24,0.2151113796169455,0.0,8.80964643628932,8.808679541267297,8.810613331311343,8.808679541267297,8.80964643628932,8.810613331311343,0.0,0.0,0.0,0.025089005708213274,0.025089005708213274,0.025089005708213274,3.0,4.0,0.2167404783719826,1,0,0,0,0,0,0,2.84,4.804840381116659,True,False,False,True,True,True,2023-05-22,6.0,14.400000000000006,35.0
21497,Empirical,https://www.crunchbase.com/organization/empirical-spirits,Denmark,55.6867243,12.5700724,2017,2.0,False,True,False,False,True,False,True,False,False,True,False,False,False,False,0,2,5,False,False,True,False,0.0,False,0.0,True,2017-06-01,2019-11-01,Series A,2017,33.8,False,,True,,5.3,7.4,True,,True,,False,,False,,True,,False,,0,0,False,,False,False,,False,,False,,False,,False,,False,,0,,False,,False,True,,True,True,True,False,False,False,True,False,234,2,True,175,43,0.2457142857142857,0.2197090888655749,0.0,7.395163401577347,0.9581956178754963,9.014773056179191,0.9581956178754963,7.395163401577347,9.014773056179191,0.0,0.0,0.0,3.514652868741415,0.0,8.771876385251634,1.0,0.0,0.0,0,0,0,0,0,0,0,2.84,4.804840381116659,False,False,True,False,True,True,,,14.400000000000006,35.0
21510,Scoutbase,https://www.crunchbase.com/organization/scoutbase,Denmark,55.0636625,10.6084725,2017,3.0,True,False,False,False,True,False,False,False,False,True,False,False,False,False,1,1,1,False,True,False,False,0.0,False,0.0,True,2018-09-01,2018-09-01,Seed,2018,5.0,False,,True,,46.0,0.0,False,,False,,False,,False,,False,,False,,0,0,False,,False,False,,False,,False,,False,,False,,False,,1,,True,,True,True,,False,False,False,False,False,False,True,True,6,0,False,0,0,0.0,0.0,0.14197836761243465,0.1330137204475046,0.1330137204475046,0.1330137204475046,0.1330137204475046,0.1330137204475046,0.1330137204475046,0.0,0.0,0.0,0.0,0.0,0.0,0.0,0.0,0.0,0,0,0,0,1,1,1,2.84,5.707110264748875,False,False,False,False,False,False,,,0.0,0.0
21527,Takt,https://www.crunchbase.com/organization/takt-9fb4,Denmark,55.6867243,12.5700724,2017,1.0,False,True,False,False,True,True,False,False,False,True,False,False,True,False,2,1,1,False,True,True,False,0.0,False,0.0,True,2019-05-01,2019-05-01,Pre-Seed,2019,25.0,True,,False,,0.0,4.0,False,,False,,False,,False,,False,,False,,1,0,True,,True,True,,True,,True,,True,,True,,True,,1,,True,,True,True,,False,False,False,False,False,False,True,True,234,2,True,175,43,0.2457142857142857,0.2197090888655749,0.0,0.005227359580048748,0.005227359580048748,0.005227359580048748,0.005227359580048748,0.005227359580048748,0.005227359580048748,0.0,0.0,0.0,0.0,0.0,0.0,2.0,0.0,0.0402231640645322,0,0,0,0,0,0,0,2.84,5.707110264748875,False,False,False,False,False,False,,,14.400000000000006,35.0
21422,Obital,https://www.crunchbase.com/organization/obital,Denmark,55.6867243,12.5700724,2017,2.0,True,True,False,False,False,True,False,False,False,True,False,False,False,False,2,1,4,False,False,True,False,0.0,False,0.39,True,2019-01-07,2019-01-07,Pre-Seed,2019,31.5,True,,False,,13.5,8.2,False,,True,,False,,True,,False,,False,,4,0,True,,True,True,,True,,True,,True,,True,,True,,4,,True,,True,True,,False,False,False,False,False,False,True,True,234,2,True,175,42,0.24,0.2151113796169455,0.0,0.002492162222950836,0.0,0.009968648891803345,0.0,0.002492162222950836,0.009968648891803345,0.0,0.0,0.0,0.004984324445901672,0.0,0.009968648891803345,42.0,11.0,0.5328314314600262,1,1,1,0,0,0,1,2.84,5.707110264748875,True,False,False,True,True,True,2021-01-08,4.0,14.400000000000006,35.0
21431,CXweb,https://www.crunchbase.com/organization/cxweb,Denmark,56.0,10.0,2017,1.0,True,False,False,False,False,False,False,False,False,True,False,False,True,False,2,1,1,False,True,True,True,1.0,True,0.045,True,2019-10-01,2019-10-01,Pre-Seed,2019,29.0,False,False,True,True,1.0,2.0,False,False,False,False,True,True,True,True,False,False,False,False,0,0,False,False,False,False,False,False,False,False,False,False,False,False,False,False,False,0,0.0,False,False,False,False,False,False,False,False,False,False,False,True,True,21,0,False,5,0,0.0,0.0,0.16418004266816283,0.8629786870419116,0.8629786870419116,0.8629786870419116,0.0,0.0,0.0,0.8629786870419116,0.8629786870419116,0.8629786870419116,0.0,0.0,0.0,0.0,0.0,0.0,0,0,0,0,1,1,0,2.84,5.707110264748875,False,False,False,False,False,False,,,0.0,5.0
21435,Jatana,https://www.crunchbase.com/organization/jatana,Denmark,55.6867243,12.5700724,2017,3.0,True,True,False,False,True,False,False,False,False,True,False,False,False,True,1,1,1,False,True,True,False,0.0,False,0.415,True,2018-02-01,2018-02-01,Pre-Seed,2018,106.0,True,,False,,18.0,26.0,False,,True,,False,,False,,False,,False,,1,0,True,,True,True,,True,,True,,True,,True,,True,,1,,True,,True,True,,False,False,False,False,False,False,True,True,234,2,True,175,43,0.2457142857142857,0.2197090888655749,0.0,0.009968648891803345,0.009968648891803345,0.009968648891803345,0.009968648891803345,0.009968648891803345,0.009968648891803345,0.0,0.0,0.0,0.0,0.0,0.0,34.0,16.0,0.5444351769886631,1,1,1,1,0,1,0,2.84,5.707110264748875,False,False,False,False,False,False,,,14.400000000000006,35.0
21055,Hemab,https://www.crunchbase.com/organization/hemab,Denmark,55.6867243,12.5700724,2017,1.0,True,True,False,False,True,False,False,True,False,False,False,False,False,False,3,1,1,False,True,False,True,1.0,True,0.0,True,2020-12-14,2020-12-14,Series B,2020,249.0,True,True,False,False,21.0,99.0,True,True,True,True,False,False,False,False,False,False,False,False,1,1,True,True,True,True,True,True,True,True,True,True,True,True,True,True,True,1,1.0,True,True,True,True,True,False,False,False,False,False,False,True,True,234,2,True,175,42,0.24,0.2151113796169455,0.0,0.005227359580048748,0.005227359580048748,0.005227359580048748,0.0,0.0,0.0,0.005227359580048748,0.005227359580048748,0.005227359580048748,0.0,0.0,0.0,6.0,2.0,0.2252883124345997,1,0,0,0,0,0,0,2.84,5.707110264748875,False,True,True,True,True,True,,,14.400000000000006,35.0
21471,Lokalist,https://www.crunchbase.com/organization/lokalist-aps,Denmark,55.6867243,12.5700724,2017,2.0,True,True,False,False,False,False,False,False,False,True,False,True,False,False,1,1,1,False,True,True,False,0.0,False,0.07,True,2018-10-04,2018-10-04,Pre-Seed,2018,29.0,False,,True,,0.0,2.0,False,,False,,True,,True,,False,,False,,0,0,False,,False,False,,False,,False,,False,,False,,False,,0,,False,,False,False,,False,False,False,False,False,False,True,True,234,2,True,175,43,0.2457142857142857,0.2197090888655749,0.0,0.7158068860780711,0.7158068860780711,0.7158068860780711,0.7158068860780711,0.7158068860780711,0.7158068860780711,0.0,0.0,0.0,0.0,0.0,0.0,0.0,0.0,0.0,0,0,0,0,0,0,0,2.84,5.707110264748875,False,False,False,False,False,False,,,14.400000000000006,35.0
21602,Universal Bar Feeder,https://www.crunchbase.com/organization/universal-bar-feeder,Denmark,54.9089186,9.7897999,2017,3.0,True,False,False,False,True,False,False,False,False,False,False,False,False,False,1,1,1,False,True,False,True,1.0,True,0.0,True,2018-06-01,2018-06-01,Seed,2018,48.0,False,False,True,True,4.0,3.0,False,False,False,False,False,False,False,False,False,False,False,False,0,0,False,False,False,False,False,False,False,False,False,False,False,False,False,False,False,1,1.0,True,True,True,False,False,False,False,False,False,False,False,True,True,1,0,False,1,0,0.0,0.0,0.15168713617591514,0.2378029465855097,0.2378029465855097,0.2378029465855097,0.0,0.0,0.0,0.2378029465855097,0.2378029465855097,0.2378029465855097,0.0,0.0,0.0,0.0,0.0,0.0,0,0,0,0,1,1,1,2.84,5.707110264748875,False,False,False,False,False,False,,,0.0,0.0
21596,Port Safety,https://www.crunchbase.com/organization/port-safety,Denmark,56.0,10.0,2017,2.0,True,False,True,True,True,False,False,False,False,False,False,True,False,False,1,1,1,False,True,False,True,1.0,True,0.0,True,2018-06-01,2018-06-01,Seed,2018,48.0,False,False,True,True,4.0,3.0,False,False,False,False,False,False,False,False,False,False,False,False,0,0,False,False,False,False,False,False,False,False,False,False,False,False,False,False,False,1,1.0,True,True,True,False,False,False,False,False,False,False,False,True,True,21,0,False,5,0,0.0,0.0,0.16418004266816283,0.11643859485090256,0.11643859485090256,0.11643859485090256,0.0,0.0,0.0,0.11643859485090256,0.11643859485090256,0.11643859485090256,0.0,0.0,0.0,6.0,0.0,0.1242772544618494,0,0,0,0,1,1,1,2.84,5.707110264748875,False,False,False,False,False,False,,,0.0,5.0
21593,Lua,https://www.crunchbase.com/organization/whispr,Denmark,55.6867243,12.5700724,2018,2.0,True,True,False,False,False,False,False,False,False,True,False,False,False,True,1,1,4,True,False,False,False,1.0,True,0.0,True,2019-03-14,2019-03-14,Seed,2019,141.5,True,False,True,True,11.3,27.5,False,False,True,True,True,True,False,False,True,True,True,False,1,0,True,False,False,True,False,True,False,True,False,True,False,True,False,True,False,1,0.0,True,False,False,True,True,True,True,True,False,False,False,True,False,234,2,True,198,45,0.2272727272727272,0.2047944126460131,0.0,1.959854305831583,0.009968648891803345,5.913057338683536,0.009968648891803345,2.2937405351502784,5.913057338683536,0.9581956178754963,0.9581956178754963,0.9581956178754963,3.0678891529126147,0.0,5.905647985588176,46.0,21.0,0.5973859350952735,1,1,1,1,0,1,1,2.07,5.707110264748875,True,False,False,True,True,True,2021-03-23,3.0,14.400000000000006,35.0
21239,Cirqle Biomedical,https://www.crunchbase.com/organization/cirqle-biomedical,Denmark,55.6867243,12.5700724,2018,2.0,True,True,False,False,True,False,False,True,False,False,False,False,False,False,1,1,2,False,False,True,False,2.0,True,1.8,False,2019-08-27,2019-08-27,Pre-Seed,2019,37.0,True,True,True,True,1.0,0.5,True,True,False,False,False,False,False,False,True,True,False,False,1,1,True,True,False,True,True,True,True,True,True,True,True,True,True,True,True,1,1.0,True,True,False,True,True,True,True,True,False,False,False,True,False,234,2,True,198,46,0.2323232323232323,0.2089011945986666,0.0,3.085117877463901,0.0,6.170235754927802,0.0,0.0,0.0,0.0,3.085117877463901,6.170235754927802,6.170235754927802,6.170235754927802,6.170235754927802,0.0,0.0,0.0,0,0,0,0,0,0,0,2.07,5.707110264748875,False,False,False,False,False,False,,,14.400000000000006,35.0
21230,Likvido,https://www.crunchbase.com/organization/likvido-24d8,Denmark,55.6867243,12.5700724,2018,2.0,True,True,False,False,True,False,False,False,True,False,False,False,False,False,0,4,3,True,False,True,False,1.0,True,3.801003,False,2018-07-27,2020-06-02,Seed,2018,132.8,True,False,True,True,20.6,27.8,False,False,True,False,False,False,False,False,False,False,False,False,4,0,True,False,False,True,False,True,False,True,False,True,False,True,False,True,False,4,0.0,True,False,False,True,True,False,False,False,False,False,False,True,True,234,2,True,198,46,0.2323232323232323,0.2089011945986666,0.0,0.2116837086169472,0.005227359580048748,1.0280265261410317,0.005227359580048748,0.007598004235926046,0.009968648891803345,1.0280265261410317,1.0280265261410317,1.0280265261410317,0.4147172352801332,0.0,1.031413228288379,68.0,54.0,0.7197232725320355,1,1,1,1,1,1,1,2.07,5.707110264748875,False,False,False,False,False,False,,,14.400000000000006,35.0
21277,Cavea,https://www.crunchbase.com/organization/cavea-e8fb,Denmark,55.6867243,12.5700724,2018,4.0,True,True,False,False,True,False,False,False,False,True,True,False,False,False,1,2,3,True,False,True,False,1.0,True,1.45593,False,2019-02-15,2021-01-07,Pre-Seed,2019,83.66666666666667,True,True,True,False,17.0,13.7,False,False,False,False,False,False,False,False,False,False,False,False,2,1,True,True,False,True,True,True,True,True,True,True,True,True,True,True,True,2,1.0,True,True,False,True,True,False,False,False,False,False,False,True,True,234,2,True,198,46,0.2323232323232323,0.2089011945986666,0.0,0.16447431701260998,0.0,0.4881955914577812,0.005227359580048748,0.24671147551891498,0.4881955914577812,0.0,0.0,0.0,0.32548399068563816,0.005227359580048748,0.4881955914577812,36.0,41.0,0.6331073799995596,1,1,1,1,0,1,1,2.07,5.707110264748875,False,False,False,False,False,False,,,14.400000000000006,35.0
21156,Bright Star Studios,https://www.crunchbase.com/organization/bright-star-studios,Denmark,56.1496278,10.2134046,2018,5.0,False,False,False,False,False,True,False,False,False,True,True,False,False,False,2,2,11,True,False,True,False,2.0,True,2.7,False,2020-04-28,2021-05-26,Series A,2020,91.45454545454544,False,False,True,True,5.8,8.7,True,True,True,True,True,False,True,False,False,False,True,False,0,0,False,False,False,False,False,False,False,False,False,False,False,False,False,False,False,0,0.0,False,False,False,True,False,True,True,True,False,True,False,True,False,18,1,True,32,6,0.1875,0.1718502569266592,0.1555965689136978,6.470152297712723,0.7777027211283507,10.113502619360366,0.7777027211283507,6.672523596322138,10.113502619360366,1.0054602885803348,5.55948145397035,10.113502619360366,8.664033049455709,0.0,17.66090311809191,0.0,0.0,0.0,0,0,0,0,0,1,0,2.07,5.707110264748875,False,False,True,False,True,True,,,0.0,5.0
21150,Abzu,https://www.crunchbase.com/organization/abzu,Denmark,55.6867243,12.5700724,2018,3.0,True,True,False,False,True,False,False,False,False,True,False,False,False,False,0,3,4,True,False,True,False,3.0,True,9.298698,False,2018-02-28,2021-04-09,Seed,2018,134.875,True,True,True,True,20.1,28.6,False,False,True,True,False,False,False,False,False,False,False,False,6,4,True,True,False,True,True,True,True,True,True,True,True,True,True,True,True,6,4.0,True,True,False,True,True,False,False,False,False,False,False,True,True,234,2,True,198,46,0.2323232323232323,0.2089011945986666,0.0,0.22560907111505224,0.0,0.8822559515424552,0.005227359580048748,0.005227359580048748,0.005227359580048748,0.0,0.29906964162672006,0.8822559515424552,0.37975343993426164,0.0,0.8822559515424552,94.0,62.0,0.7639314713247889,1,1,1,1,1,1,1,2.07,5.707110264748875,False,False,False,False,False,False,,,14.400000000000006,35.0
21183,Vital Beats,https://www.crunchbase.com/organization/vital-beats,Denmark,55.6867243,12.5700724,2018,1.0,True,True,False,False,True,False,False,True,False,True,False,False,False,False,0,4,4,False,False,True,False,0.0,False,4.521416,False,2018-06-01,2020-07-01,Seed,2018,386.0,True,,True,,39.8,117.5,False,,True,,True,,False,,False,,False,,1,0,True,,False,True,,True,,True,,True,,True,,True,,1,,True,,False,True,,False,False,False,False,False,False,True,True,234,2,True,198,46,0.2323232323232323,0.2089011945986666,0.0,0.5863926210764975,0.009968648891803345,0.8033786045414952,0.009968648891803345,0.5863926210764975,0.8033786045414952,0.0,0.0,0.0,0.4536780799659212,0.0,0.8083893869711538,34.0,16.0,0.5444351769886631,1,1,1,1,0,1,0,2.07,5.707110264748875,False,False,False,False,False,False,,,14.400000000000006,35.0
21186,Seasony,https://www.crunchbase.com/organization/seasony,Denmark,55.6867243,12.5700724,2018,3.0,True,True,False,False,True,False,True,False,False,True,False,False,False,False,2,2,9,True,False,True,False,2.0,True,2.410266,False,2020-08-05,2023-12-11,Seed,2020,92.66666666666669,True,True,True,False,12.0,12.1,False,False,True,False,True,False,False,False,False,False,False,False,7,2,True,True,False,True,True,True,True,True,True,True,True,True,True,True,True,7,2.0,True,True,False,True,True,True,True,True,False,False,False,True,False,234,2,True,198,46,0.2323232323232323,0.2089011945986666,0.0,1.083525372156369,0.0,8.783078012371726,0.0,1.3923572842610388,8.783078012371726,0.0,0.002613679790024374,0.005227359580048748,2.1347979134580877,0.0,8.783078012371726,30.0,34.0,0.5987919916700809,1,1,1,1,0,1,0,2.07,5.707110264748875,False,False,False,False,False,False,,,14.400000000000006,35.0
21187,Sundew,https://www.crunchbase.com/organization/sundew,Denmark,55.6867243,12.5700724,2018,3.0,True,True,False,False,True,False,True,True,False,False,False,False,False,False,2,3,6,True,False,False,False,2.0,True,3.355824,False,2020-09-24,2022-03-17,Series B,2020,70.6,True,True,True,True,28.3,21.5,True,True,True,True,True,False,False,False,True,False,False,False,2,1,True,True,False,True,True,True,True,True,True,True,True,True,True,True,True,3,1.0,True,True,False,True,True,True,True,True,False,False,False,True,False,234,2,True,198,46,0.2323232323232323,0.2089011945986666,0.0,1.353739567932001,0.0,6.254970153874683,0.0,1.7196615099256995,6.254970153874683,0.005227359580048748,0.6218956839446028,1.2385640083091571,2.4216409722786025,0.005227359580048748,6.254970153874683,43.0,43.0,0.6545736198105516,1,1,1,1,0,1,1,2.07,5.707110264748875,False,False,True,False,True,True,,,14.400000000000006,35.0
21367,Headlight,https://www.crunchbase.com/organization/headlight-9cca,Denmark,55.6867243,12.5700724,2018,3.0,True,True,False,False,False,False,False,False,False,True,False,False,False,False,0,1,1,False,True,False,True,1.0,True,1.17765,False,2018-09-20,2018-09-20,Seed,2018,21.0,True,True,False,False,6.0,2.0,True,True,False,False,False,False,False,False,False,False,False,False,1,1,True,True,True,True,True,True,True,True,True,True,True,True,True,True,True,1,1.0,True,True,True,True,True,False,False,False,False,False,False,True,True,234,2,True,198,46,0.2323232323232323,0.2089011945986666,0.0,0.0,0.0,0.0,0.0,0.0,0.0,0.0,0.0,0.0,0.0,0.0,0.0,7.0,2.0,0.2385349642571501,1,0,0,0,0,0,0,2.07,5.707110264748875,False,False,False,False,False,False,,,14.400000000000006,35.0
21415,Marionette XR,https://www.crunchbase.com/organization/marionette-xr,Denmark,55.6867243,12.5700724,2018,1.0,True,True,False,False,False,False,False,False,False,True,True,False,False,False,0,2,2,False,False,True,False,0.0,False,0.03057,True,2018-11-01,2021-09-13,Pre-Seed,2018,9.0,True,,True,,8.5,272.5,False,,True,,True,,False,,False,,False,,1,0,True,,False,True,,True,,True,,True,,True,,True,,1,,True,,False,True,,True,True,True,False,False,False,True,False,234,2,True,198,46,0.2323232323232323,0.2089011945986666,0.0,3.9342992928896905,0.0,7.868598585779381,0.0,3.9342992928896905,7.868598585779381,0.0,0.0,0.0,7.868598585779381,7.868598585779381,7.868598585779381,3.0,3.0,0.196223716971679,1,0,0,0,0,0,0,2.07,5.707110264748875,False,False,False,False,False,False,,,14.400000000000006,35.0
21405,Nature Preserve,https://www.crunchbase.com/organization/nature-preserve,Denmark,55.6867243,12.5700724,2018,4.0,True,True,False,False,False,False,True,False,False,True,False,False,False,False,2,2,5,False,False,True,False,0.0,False,0.254888,True,2020-04-14,2022-10-01,Pre-Seed,2020,151.25,False,,True,,14.2,30.3,True,,True,,True,,False,,False,,False,,0,0,False,,False,False,,False,,False,,False,,False,,False,,0,,False,,False,True,,True,True,True,False,False,False,True,False,234,2,True,198,46,0.2323232323232323,0.2089011945986666,0.0,3.5883527588367974,0.8356160892709296,6.254970153874683,0.8356160892709296,3.5883527588367974,6.254970153874683,0.0,0.0,0.0,4.237218455711395,0.0,6.714454478522636,6.0,5.0,0.2890191943493392,1,0,0,0,0,0,0,2.07,5.707110264748875,False,False,False,False,False,False,,,14.400000000000006,35.0
21411,DIGURA,https://www.crunchbase.com/organization/digura,Denmark,57.0462626,9.9215263,2018,3.0,True,False,False,False,True,False,False,False,False,True,False,False,False,False,1,1,1,False,True,True,False,0.0,False,0.6,False,2019-06-01,2019-06-01,Seed,2019,45.0,False,,True,,11.0,4.0,False,,False,,False,,False,,False,,False,,0,0,False,,False,False,,False,,False,,False,,False,,False,,0,,False,,False,False,,True,True,False,False,False,False,False,False,3,0,False,14,1,0.0714285714285714,0.0689928714869514,0.22237046823451823,5.046292041975454,5.046292041975454,5.046292041975454,5.046292041975454,5.046292041975454,5.046292041975454,0.0,0.0,0.0,0.0,0.0,0.0,0.0,0.0,0.0,0,0,0,0,1,1,0,2.07,5.707110264748875,False,False,False,False,False,False,,,0.0,1.0
21312,Good Monday,https://www.crunchbase.com/organization/good-monday,Denmark,55.6867243,12.5700724,2018,2.0,True,True,False,False,True,False,False,False,False,False,False,False,False,False,0,3,4,True,False,False,False,3.0,True,6.252982,False,2018-04-16,2020-06-03,Seed,2018,134.14285714285714,True,True,True,True,14.7,30.7,False,False,True,True,False,False,False,False,False,False,False,False,4,1,True,True,False,True,True,True,True,True,True,True,True,True,True,True,True,4,1.0,True,True,False,True,True,False,False,False,False,False,False,True,True,234,2,True,198,45,0.2272727272727272,0.2047944126460131,0.0,0.2885504524360384,0.0,0.9581956178754963,0.0,0.13270719364709652,0.5208601256965827,0.009968648891803345,0.49634146415462743,0.9581956178754963,0.518591154896923,0.0,1.4348834064318592,68.0,34.0,0.6781658495829617,1,1,1,1,1,1,1,2.07,5.707110264748875,True,False,False,True,True,True,2022-03-23,4.0,14.400000000000006,35.0
21315,Go Dogo,https://www.crunchbase.com/organization/go-dogo,Denmark,55.7718649,12.5051413,2018,3.0,False,True,False,False,True,True,False,False,False,True,False,False,False,False,2,1,2,False,False,True,False,0.0,False,0.390194,True,2020-11-30,2020-11-30,Angel,2020,59.5,True,,False,,20.0,14.5,False,,True,,False,,False,,False,,False,,1,0,True,,False,True,,True,,True,,True,,True,,True,,2,,True,,True,True,,False,False,False,False,False,False,True,True,233,2,True,16,4,0.25,0.2231435513142097,0.010303257427711297,0.005372490770796278,0.0004417241138813387,0.010303257427711219,0.0004417241138813387,0.005372490770796278,0.010303257427711219,0.0,0.0,0.0,0.009968648891803345,0.009968648891803345,0.009968648891803345,50.0,19.0,0.5967253814843333,1,1,1,1,0,1,1,2.07,5.707110264748875,False,False,False,False,False,False,,,17.400000000000006,35.400000000000006
21326,Nautix Technologies,https://www.crunchbase.com/organization/nautix-technologies,Denmark,55.6867243,12.5700724,2018,3.0,True,True,False,False,True,False,False,False,False,True,False,False,False,True,1,2,2,False,False,True,False,0.0,False,0.262759,True,2019-04-10,2020-04-29,Pre-Seed,2019,21.5,False,,True,,2.0,0.0,True,,False,,True,,False,,False,,False,,0,0,False,,False,False,,False,,False,,False,,False,,False,,0,,False,,False,True,,False,False,False,False,True,False,True,True,234,2,True,198,46,0.2323232323232323,0.2089011945986666,0.0,0.38881650866347534,0.2894374258691696,0.4881955914577812,0.2894374258691696,0.38881650866347534,0.4881955914577812,0.0,0.0,0.0,0.7156478730087786,0.7156478730087786,0.7156478730087786,0.0,0.0,0.0,0,0,0,0,0,0,0,2.07,5.707110264748875,False,False,False,False,False,False,,,14.400000000000006,35.0
21333,Cerebriu,https://www.crunchbase.com/organization/cerebriu,Denmark,55.4196123,9.1001057,2018,5.0,True,False,False,False,False,False,False,True,False,True,False,False,False,False,2,1,4,True,False,True,False,1.0,True,1.403,False,2020-05-08,2020-05-08,Series A,2020,69.5,False,False,True,True,25.7,10.5,True,False,False,False,False,False,False,False,False,False,False,False,0,0,False,False,False,False,False,False,False,False,False,False,False,False,False,False,False,3,1.0,True,True,True,True,True,False,False,False,False,False,False,True,True,6,0,False,5,1,0.2,0.1823215567939546,0.215835141073766,0.21616824139777746,0.20767794071319012,0.22059039740945613,0.22023638607068607,0.22041339174007113,0.22059039740945613,0.20767794071319012,0.20767794071319012,0.20767794071319012,0.010771296085014209,0.005227359580048748,0.014102892622378354,1.0,2.0,0.1010110579727503,0,0,0,0,1,1,1,2.07,5.707110264748875,False,False,True,False,True,True,,,1.0,1.0
21140,Octarine Bio,https://www.crunchbase.com/organization/octarine-bio,Denmark,55.6867243,12.5700724,2018,2.0,True,True,False,False,True,False,False,True,False,True,False,False,False,False,2,4,5,True,False,True,False,3.0,True,4.994251,False,2020-01-13,2022-09-20,Series A,2020,50.3,True,True,True,True,10.2,9.7,True,True,False,False,False,False,False,False,False,False,True,True,2,2,True,True,False,True,True,True,True,True,True,True,True,True,True,True,True,2,2.0,True,True,False,True,True,True,True,False,False,False,False,True,False,234,2,True,198,46,0.2323232323232323,0.2089011945986666,0.0,1.7144312236868209,0.005227359580048748,5.905132123725305,0.5208601256965827,2.8774354850858512,5.905132123725305,0.005227359580048748,0.5514269622877903,1.0280265261410317,2.483680524747852,0.0,5.993953732175734,36.0,57.0,0.6627845301409174,1,1,1,1,0,1,1,2.07,5.707110264748875,False,False,True,False,True,True,,,14.400000000000006,35.0
21044,Cellugy,https://www.crunchbase.com/organization/cellugy,Denmark,56.1496278,10.2134046,2018,3.0,True,False,False,False,True,False,False,True,False,False,False,False,False,False,2,2,7,True,False,False,False,3.0,True,8.164191,False,2020-12-30,2024-05-21,Seed,2020,135.71428571428572,False,False,True,True,15.1,9.9,True,False,True,True,True,True,False,False,False,False,False,False,0,0,False,False,False,False,False,False,False,False,False,False,False,False,False,False,False,4,1.0,True,True,False,True,True,True,True,True,False,True,False,True,False,18,1,True,32,6,0.1875,0.1718502569266592,0.1555965689136978,1.4975430935778309,0.14869752663328578,8.655742031730128,0.14869752663328578,2.278407871197698,8.655742031730128,0.1555965689136978,0.4563900567513411,0.7051675901662482,2.7895249963823194,0.0,9.164057813062923,2.0,0.0,0.0402231640645322,0,0,0,0,0,1,0,2.07,5.707110264748875,False,False,False,False,False,False,,,0.0,5.0
21049,Uizard,https://www.crunchbase.com/organization/uizard-technologies,Denmark,55.6867243,12.5700724,2018,4.0,True,True,False,False,True,False,False,False,False,True,False,False,False,False,0,2,13,True,False,True,False,2.0,True,3.6,False,2018-05-21,2019-09-09,Series A,2018,32.9375,True,True,True,True,3.2,7.0,True,True,True,True,False,False,True,False,True,False,False,False,3,1,True,True,False,True,True,True,True,True,True,True,True,True,True,True,True,3,1.0,True,True,False,True,True,True,True,True,False,True,False,True,False,234,2,True,198,45,0.2272727272727272,0.2047944126460131,0.0,3.8679614711101973,0.0,8.807796702221207,0.0,3.987046725313351,8.807796702221207,0.0,3.093907318789696,6.187814637579392,4.17009698741909,0.0,9.129201415834492,6.0,14.0,0.3732668376643824,1,0,0,1,0,0,0,2.07,5.707110264748875,True,False,True,True,True,True,2024-05-27,6.0,14.400000000000006,35.0
21073,Modl.ai,https://www.crunchbase.com/organization/modl-ai,Denmark,55.6867243,12.5700724,2018,6.0,True,True,False,False,True,False,False,False,False,True,True,False,False,False,2,1,5,True,False,False,False,1.0,True,1.7,False,2020-02-03,2020-02-03,Series A,2020,57.6,True,True,True,False,9.0,12.2,True,False,True,True,False,False,False,False,True,False,False,False,2,1,True,True,False,True,True,True,True,True,True,True,True,True,True,True,True,2,1.0,True,True,False,True,True,True,True,False,False,False,False,True,False,234,2,True,198,46,0.2323232323232323,0.2089011945986666,0.0,3.083539290140524,0.0,8.670061832647145,0.0,3.8519319504527036,8.670061832647145,0.009968648891803345,0.009968648891803345,0.009968648891803345,5.788393354409551,0.009968648891803345,12.55411574051768,65.0,19.0,0.6223026811253767,1,1,1,1,0,1,1,2.07,5.707110264748875,False,False,True,False,True,True,,,14.400000000000006,35.0
21056,Dreamdata,https://www.crunchbase.com/organization/dreamdata-io,Denmark,55.6867243,12.5700724,2018,3.0,True,True,False,False,True,False,False,False,False,True,False,False,False,True,1,2,7,True,False,True,False,3.0,True,4.894541,False,2019-09-03,2020-12-07,Series A,2019,121.3,True,False,True,True,8.8,21.9,False,False,True,True,True,True,False,False,True,True,False,False,5,0,True,False,False,True,False,True,False,True,False,True,False,True,False,True,False,5,0.0,True,False,False,True,True,False,False,False,False,False,False,True,True,234,2,True,198,46,0.2323232323232323,0.2089011945986666,0.0,0.7127575836029122,0.0,2.1165258423095135,0.0,0.4420941082812309,2.1165258423095135,0.9581956178754963,1.3443056926868353,2.1165258423095135,1.0418857882200878,0.0,2.1165258423095135,54.0,39.0,0.6679468035513866,1,1,1,1,0,1,1,2.07,5.707110264748875,False,False,True,False,True,True,,,14.400000000000006,35.0
21502,Cellari,https://www.crunchbase.com/organization/cellari,Denmark,55.678016,12.5326186,2018,2.0,True,True,False,False,True,False,False,True,False,True,False,False,False,False,0,1,2,True,False,False,False,1.0,True,0.0,True,2018-07-13,2018-07-13,Seed,2018,72.0,False,False,True,True,13.5,41.5,True,True,True,True,True,True,False,False,False,False,False,False,0,0,False,False,False,False,False,False,False,False,False,False,False,False,False,False,False,0,0.0,False,False,False,True,False,True,True,True,False,False,False,True,False,233,2,True,194,44,0.2268041237113402,0.2044125146081465,0.002539794688779008,3.6044332853912175,0.9556566420675412,6.253209928714894,0.9556566420675412,0.9556566420675412,0.9556566420675412,6.253209928714894,6.253209928714894,6.253209928714894,5.6381341481032505,5.6381341481032505,5.6381341481032505,3.0,2.0,0.1697730111149502,1,0,0,0,0,0,0,2.07,5.707110264748875,False,False,False,False,False,False,,,17.400000000000006,35.400000000000006
21500,Legal Monster,https://www.crunchbase.com/organization/legal-monster,Denmark,55.6867243,12.5700724,2018,3.0,True,True,False,False,True,False,False,False,False,True,False,False,False,True,1,1,3,True,False,True,False,2.0,True,0.0,True,2019-10-01,2019-10-01,Pre-Seed,2019,98.0,True,True,True,True,16.3,24.0,False,False,True,True,False,False,False,False,False,False,False,False,2,1,True,True,False,True,True,True,True,True,True,True,True,True,True,True,True,2,1.0,True,True,False,True,True,False,False,False,False,False,False,True,True,234,2,True,198,46,0.2323232323232323,0.2089011945986666,0.0,0.2105502230255295,0.0,0.6216820201847851,0.0,0.0,0.0,0.009968648891803345,0.31582533453829426,0.6216820201847851,0.4182837526760893,0.009968648891803345,0.6232005889516793,55.0,12.0,0.5663954005979113,1,1,1,1,0,0,1,2.07,5.707110264748875,False,False,False,False,False,False,,,14.400000000000006,35.0
21487,Toit,https://www.crunchbase.com/organization/toitware,Denmark,56.1496278,10.2134046,2018,2.0,True,False,False,False,False,False,False,False,False,True,False,False,False,False,1,1,1,False,True,False,True,1.0,True,0.0,True,2019-02-25,2019-02-25,Seed,2019,147.0,False,False,True,True,16.0,40.0,False,False,True,True,False,False,False,False,False,False,False,False,0,0,False,False,False,False,False,False,False,False,False,False,False,False,False,False,False,0,0.0,False,False,False,True,True,False,False,False,False,False,False,True,True,18,1,True,32,6,0.1875,0.1718502569266592,0.1555965689136978,0.5843710085234238,0.5843710085234238,0.5843710085234238,0.0,0.0,0.0,0.5843710085234238,0.5843710085234238,0.5843710085234238,0.0,0.0,0.0,0.0,0.0,0.0,0,0,0,0,0,1,0,2.07,5.707110264748875,False,False,False,False,False,False,,,0.0,5.0
21114,Pie Systems,https://www.crunchbase.com/organization/pie-systems,Denmark,55.6867243,12.5700724,2018,2.0,False,True,False,False,False,False,False,False,False,True,False,False,False,False,0,2,7,True,False,True,False,1.0,True,1.599989,False,2018-12-25,2020-08-06,Seed,2018,84.57142857142857,True,True,True,False,5.5,38.1,False,False,True,True,False,False,True,False,True,False,True,False,2,1,True,True,False,True,True,True,True,True,True,True,True,True,True,True,True,2,1.0,True,True,False,True,True,True,True,True,False,False,False,True,False,234,2,True,198,46,0.2323232323232323,0.2089011945986666,0.0,5.5239045973160215,0.0,8.783078012371726,0.0,6.313033825504025,8.783078012371726,0.0,0.0,0.0,5.8384993625664645,0.0,10.846767985912837,5.0,4.0,0.2569636424365148,1,0,0,0,0,0,0,2.07,5.707110264748875,False,False,False,False,False,False,,,14.400000000000006,35.0
21122,raffle.ai,https://www.crunchbase.com/organization/raffle-ai,Denmark,55.6867243,12.5700724,2018,2.0,True,True,False,False,True,False,False,False,False,True,False,False,False,False,2,1,2,True,False,True,False,1.0,True,3.85,False,2020-01-29,2020-01-29,Series A,2020,156.0,True,True,False,False,24.0,32.5,False,False,True,False,False,False,False,False,False,False,False,False,2,1,True,True,True,True,True,True,True,True,True,True,True,True,True,True,True,2,1.0,True,True,True,True,True,False,False,False,False,False,False,True,True,234,2,True,198,46,0.2323232323232323,0.2089011945986666,0.0,0.007598004235926046,0.005227359580048748,0.009968648891803345,0.009968648891803345,0.009968648891803345,0.009968648891803345,0.005227359580048748,0.005227359580048748,0.005227359580048748,0.00546697463166531,0.00546697463166531,0.00546697463166531,73.0,43.0,0.7061465800328227,1,1,1,1,1,1,1,2.07,5.707110264748875,False,False,True,False,True,True,,,14.400000000000006,35.0
21092,Blue World Technologies,https://www.crunchbase.com/organization/blue-world-technologies,Denmark,57.0462626,9.9215263,2018,3.0,True,False,True,False,True,False,False,False,False,False,False,True,False,False,1,2,3,True,False,True,False,2.0,True,7.847484,False,2019-11-01,2020-12-17,Series C,2019,76.33333333333333,False,False,True,True,16.3,15.7,True,True,False,False,False,False,False,False,False,False,False,False,0,0,False,False,False,False,False,False,False,False,False,False,False,False,False,False,False,1,0.0,True,False,False,True,True,False,False,False,False,False,False,True,True,3,0,False,14,0,0.0,0.0,0.22237046823451823,0.6604629938341419,0.2185744935289241,0.8977980067361615,0.2185744935289241,0.2185744935289241,0.2185744935289241,0.8650164812373401,0.8814072439867509,0.8977980067361615,0.7527297307011204,0.490648285456745,0.9600589589142212,0.0,0.0,0.0,0,0,0,0,1,1,0,2.07,5.707110264748875,False,True,True,True,True,True,,,0.0,1.0
21540,Klipworks,https://www.crunchbase.com/organization/klipworks,Denmark,55.6867243,12.5700724,2019,1.0,False,True,False,False,False,False,False,False,False,True,True,False,False,False,0,2,2,True,False,True,False,1.0,True,0.0,True,2019-08-23,2020-02-01,Seed,2019,24.0,True,False,True,True,5.0,2.5,True,True,False,False,True,True,False,False,False,False,False,False,1,0,True,False,False,True,False,True,False,True,False,True,False,True,False,True,False,1,0.0,True,False,False,True,True,False,False,False,False,True,False,True,True,234,2,True,213,48,0.2253521126760563,0.2032282416132682,0.0,0.1447187129345848,0.0,0.2894374258691696,0.0,0.0,0.0,0.2894374258691696,0.2894374258691696,0.2894374258691696,0.2894374258691696,0.2894374258691696,0.2894374258691696,0.0,0.0,0.0,0,0,0,0,0,0,0,1.81,5.707110264748875,False,False,False,False,False,False,,,14.400000000000006,35.0
21131,Viio,https://www.crunchbase.com/organization/oveo,Denmark,55.6867243,12.5700724,2019,2.0,True,True,False,False,False,True,False,False,False,True,False,False,False,False,1,2,4,True,False,True,False,2.0,True,1.544234,False,2020-04-02,2021-01-27,Venture - Series Unknown,2020,87.75,True,False,True,True,17.0,17.2,False,False,True,False,True,True,False,False,False,False,False,False,2,0,True,False,False,True,False,True,False,True,False,True,False,True,False,True,False,2,0.0,True,False,False,True,False,False,False,False,False,False,False,True,True,234,2,True,213,48,0.2253521126760563,0.2032282416132682,0.0,0.2762212973487077,0.005227359580048748,0.813467883574271,0.005227359580048748,0.007598004235926046,0.009968648891803345,0.813467883574271,0.813467883574271,0.813467883574271,0.5458592354016151,0.00546697463166531,0.8181075102905919,77.0,41.0,0.7070917246289914,1,1,1,1,1,1,1,1.81,5.707110264748875,False,False,True,False,True,True,,,14.400000000000006,35.0
21237,Layerise,https://www.crunchbase.com/organization/layerise-2,Denmark,55.6867243,12.5700724,2019,2.0,True,True,False,False,False,False,False,False,False,True,False,False,False,False,1,2,3,True,False,True,False,2.0,True,4.746649,False,2020-09-24,2021-06-23,Seed,2020,161.4,True,True,True,True,18.0,40.8,False,False,True,True,False,False,False,False,False,False,False,False,2,1,True,True,False,True,True,True,True,True,True,True,True,True,True,True,True,2,1.0,True,True,False,True,True,True,True,True,False,False,False,True,False,234,2,True,213,48,0.2253521126760563,0.2032282416132682,0.0,4.7183475492079685,0.0,8.783078012371726,0.0,3.012790860648196,6.025581721296392,0.0,5.855385341581151,8.783078012371726,5.505813978172356,0.0,8.783078012371726,7.0,0.0,0.1375239062843998,0,0,0,0,0,0,0,1.81,5.707110264748875,False,False,False,False,False,False,,,14.400000000000006,35.0
21085,Enduro Genetics,https://www.crunchbase.com/organization/enduro-genetics,Denmark,55.6867243,12.5700724,2019,2.0,True,True,False,False,True,False,False,True,False,False,False,False,False,False,1,2,2,False,False,True,False,2.0,True,0.56936,False,2020-12-02,2022-04-07,Series A,2020,33.0,True,True,False,False,2.0,0.5,True,True,False,False,False,False,False,False,True,True,False,False,2,2,True,True,True,True,True,True,True,True,True,True,True,True,True,True,True,2,2.0,True,True,True,True,True,False,False,False,False,False,False,True,True,234,2,True,213,48,0.2253521126760563,0.2032282416132682,0.0,0.0,0.0,0.0,0.0,0.0,0.0,0.0,0.0,0.0,0.0,0.0,0.0,2.0,2.0,0.1412342220372826,0,0,0,0,0,0,0,1.81,5.707110264748875,False,False,True,False,True,True,,,14.400000000000006,35.0
21457,Hololink,https://www.crunchbase.com/organization/hololink,Denmark,55.6867243,12.5700724,2019,2.0,True,True,False,False,False,False,False,False,False,True,True,False,False,False,1,4,5,True,False,True,False,2.0,True,0.85,False,2020-04-05,2022-08-04,Pre-Seed,2020,70.8,True,False,True,True,9.7,92.8,False,False,True,True,True,True,False,False,False,False,False,False,2,0,True,False,False,True,False,True,False,True,False,True,False,True,False,True,False,2,0.0,True,False,False,True,False,True,True,True,False,False,False,True,False,234,2,True,213,48,0.2253521126760563,0.2032282416132682,0.0,5.409204449146097,0.0,9.014773056179191,0.0,4.200175145659549,9.014773056179191,7.785927526459008,7.827263056119196,7.868598585779381,4.836814429682247,0.0,9.014773056179191,5.0,11.0,0.3374579390089616,1,0,0,0,0,0,0,1.81,5.707110264748875,False,False,False,False,False,False,,,14.400000000000006,35.0
21136,The Many,https://www.crunchbase.com/organization/brickshare,Denmark,55.6867243,12.5700724,2019,3.0,True,True,False,False,False,False,False,False,True,False,False,False,True,False,0,2,4,True,False,False,False,2.0,True,6.081401,False,2017-12-10,2021-02-15,Seed,2017,124.4,True,True,False,False,19.0,27.2,False,False,True,True,False,False,False,False,False,False,False,False,5,2,True,True,True,True,True,True,True,True,True,True,True,True,True,True,True,5,2.0,True,True,True,True,True,False,False,False,False,False,False,True,True,234,2,True,213,48,0.2253521126760563,0.2032282416132682,0.0,0.0030392016943704184,0.0,0.009968648891803345,0.0,0.0017424531933495826,0.005227359580048748,0.0,0.004984324445901672,0.009968648891803345,0.005105500004722158,0.0,0.009968648891803345,80.0,48.0,0.725008925745561,1,1,1,1,1,1,1,1.81,4.804840381116659,False,False,False,False,False,False,,,14.400000000000006,35.0
21334,Egoo.Health,https://www.crunchbase.com/organization/egoo-health,Denmark,55.7297174,12.3582875,2019,4.0,True,True,False,False,False,False,False,True,False,True,False,False,False,False,0,1,2,False,False,False,False,0.0,False,0.750574,False,2019-08-06,2019-08-06,Seed,2019,55.5,True,,False,,33.0,13.0,False,,True,,False,,False,,False,,False,,1,0,True,,False,True,,True,,True,,True,,True,,True,,2,,True,,True,True,,False,False,False,False,False,False,True,True,220,2,True,10,1,0.1,0.0953101798043248,0.01410289262237827,0.005008175855338513,0.0,0.010016351710677024,0.0,0.005008175855338513,0.010016351710677024,0.0,0.0,0.0,0.010016351710677024,0.010016351710677024,0.010016351710677024,41.0,13.0,0.5446704117559371,1,1,1,1,0,0,1,1.81,5.707110264748875,False,False,False,False,False,False,,,17.400000000000006,35.400000000000006
21192,Biograil,https://www.crunchbase.com/organization/biograil,Denmark,55.6867243,12.5700724,2019,3.0,True,True,False,False,True,False,False,True,False,False,False,False,False,False,1,2,5,True,False,False,False,1.0,True,3.327211,False,2020-01-17,2022-10-04,Seed,2020,166.2,False,False,True,True,10.0,29.8,True,False,True,True,False,False,False,False,False,False,False,False,0,0,False,False,False,False,False,False,False,False,False,False,False,False,False,False,False,0,0.0,False,False,False,False,False,True,True,True,False,True,False,True,False,234,2,True,213,48,0.2253521126760563,0.2032282416132682,0.0,2.129950731455909,0.6596294886482418,7.223233869163199,0.7452839007416678,2.497531042157826,7.223233869163199,0.6596294886482418,0.6596294886482418,0.6596294886482418,3.0610105450889065,0.08430064975933715,7.342311592077839,0.0,0.0,0.0,0,0,0,0,0,0,0,1.81,5.707110264748875,False,False,False,False,False,False,,,14.400000000000006,35.0
21621,Foundation Platform,https://www.crunchbase.com/organization/foundation-3402,Denmark,55.6867243,12.5700724,2019,2.0,True,True,False,False,False,False,False,False,False,True,False,False,False,False,0,1,3,True,False,True,False,1.0,True,0.0,True,2019-08-31,2019-08-31,Pre-Seed,2019,182.66666666666663,True,False,True,True,11.0,34.3,False,False,True,True,True,True,False,False,True,True,False,False,2,0,True,False,False,True,False,True,False,True,False,True,False,True,False,True,False,2,0.0,True,False,False,True,True,False,False,False,False,False,False,True,True,234,2,True,213,48,0.2253521126760563,0.2032282416132682,0.0,0.3227214222557665,0.0,0.9581956178754963,0.0,0.004984324445901672,0.009968648891803345,0.9581956178754963,0.9581956178754963,0.9581956178754963,0.6420794132429926,0.009968648891803345,0.9581956178754963,44.0,22.0,0.5971591849869446,1,1,1,1,0,1,1,1.81,5.707110264748875,False,False,False,False,False,False,,,14.400000000000006,35.0
21029,Podimo,https://www.crunchbase.com/organization/podimo,Denmark,55.6867243,12.5700724,2019,4.0,False,True,False,False,False,False,False,False,False,False,True,False,False,False,0,1,3,True,False,False,False,2.0,True,6.773102,False,2019-07-03,2019-07-03,Venture - Series Unknown,2019,136.66666666666666,True,True,True,True,16.5,35.0,False,False,True,True,False,False,False,False,False,False,False,False,1,1,True,True,False,True,True,True,True,True,True,True,True,True,True,True,True,1,1.0,True,True,False,True,True,True,True,True,False,False,False,True,False,234,2,True,213,47,0.2206572769953051,0.1993894653061025,0.0,4.990297549983706,0.0,8.783078012371726,6.187814637579392,6.187814637579392,6.187814637579392,0.0,4.391539006185863,8.783078012371726,6.3666022693173625,4.12891415800097,8.783078012371726,5.0,0.0,0.1089851172067322,0,0,0,0,0,0,0,1.81,5.707110264748875,False,True,True,True,True,True,,,14.400000000000006,35.0
21051,Female Invest,https://www.crunchbase.com/organization/female-invest,Denmark,55.6867243,12.5700724,2019,3.0,False,True,False,False,False,True,False,False,True,True,False,False,False,True,1,2,9,True,False,False,False,1.0,True,6.147896,False,2020-12-17,2021-11-09,Series A,2020,32.666666666666664,True,False,True,True,13.8,69.6,True,False,True,False,True,False,False,False,True,False,False,False,4,0,True,False,False,True,False,True,False,True,False,True,False,True,False,True,False,4,0.0,True,False,False,True,False,True,True,True,False,False,False,True,False,234,2,True,213,48,0.2253521126760563,0.2032282416132682,0.0,3.102800031114171,0.0,8.810613331311343,0.0,2.392765283456976,8.810613331311343,8.783078012371726,8.783078012371726,8.783078012371726,4.62792057414603,0.0,8.810613331311343,35.0,28.0,0.5963356007001885,1,1,1,1,0,1,1,1.81,5.707110264748875,False,False,True,False,True,True,,,14.400000000000006,35.0
21515,anna,https://www.crunchbase.com/organization/anna,Denmark,55.6867243,12.5700724,2019,2.0,True,True,False,False,False,True,True,False,False,True,False,False,False,False,0,1,5,False,False,True,False,0.0,False,0.0,True,2019-12-29,2019-12-29,Pre-Seed,2019,51.6,True,,True,,6.0,10.6,True,,True,,False,,False,,True,,False,,1,0,True,,False,True,,True,,True,,True,,True,,True,,1,,True,,False,True,,False,False,False,False,True,False,True,True,234,2,True,213,48,0.2253521126760563,0.2032282416132682,0.0,0.5261749530268575,0.0,0.9581956178754963,0.0,0.5261749530268575,0.9581956178754963,0.0,0.0,0.0,0.6361505836219207,0.0,0.9581956178754963,8.0,19.0,0.4246485703305262,1,0,0,1,0,1,0,1.81,5.707110264748875,False,False,False,False,False,False,,,14.400000000000006,35.0
21363,The Capital Platform,https://www.crunchbase.com/organization/the-capital-platform,Denmark,56.1496278,10.2134046,2019,3.0,True,False,False,False,False,False,False,False,False,True,True,False,False,False,0,2,2,False,False,True,False,2.0,True,0.076,True,2019-03-01,2019-03-01,Seed,2019,1.0,False,False,True,True,1.0,0.0,True,True,False,False,False,False,False,False,False,False,False,False,0,0,False,False,False,False,False,False,False,False,False,False,False,False,False,False,False,0,0.0,False,False,False,False,False,True,True,True,True,False,False,False,False,18,1,True,35,7,0.2,0.1823215567939546,0.1555965689136978,7.677984280901587,7.677984280901587,7.677984280901587,0.0,0.0,0.0,7.677984280901587,7.677984280901587,7.677984280901587,0.0,0.0,0.0,0.0,0.0,0.0,0,0,0,0,0,1,0,1.81,5.707110264748875,False,False,False,False,False,False,,,0.0,5.0
21162,Capturi,https://www.crunchbase.com/organization/capturi,Denmark,56.155315,10.1654876,2019,1.0,True,False,False,False,True,False,False,False,False,True,False,False,False,True,1,2,2,False,False,False,False,2.0,True,6.478251,False,2020-06-24,2021-08-10,Seed,2020,105.0,True,True,True,True,16.5,20.5,False,False,False,False,False,False,False,False,False,False,False,False,0,0,False,False,False,True,True,True,True,True,True,True,True,True,True,False,False,2,2.0,True,True,True,True,True,False,False,False,False,False,False,True,True,18,1,True,35,6,0.1714285714285714,0.1582240052148941,0.15861297351800804,0.09106432210572407,0.02550813878039919,0.15662050543104897,0.0,0.0,0.0,0.02550813878039919,0.09106432210572407,0.15662050543104897,0.17850582950148738,0.17850582950148738,0.17850582950148738,5.0,2.0,0.2099961751794825,1,0,0,0,1,1,1,1.81,5.707110264748875,True,False,False,True,True,True,2024-10-22,5.0,0.0,5.0
21480,BioLib,https://www.crunchbase.com/organization/biolib,Denmark,56.0,10.0,2019,4.0,True,False,False,False,True,False,False,True,False,True,False,False,False,False,0,2,4,False,False,True,False,0.0,False,0.0,True,2019-09-01,2020-12-04,Pre-Seed,2019,30.0,False,,True,,2.0,3.2,False,,True,,False,,False,,True,,False,,0,0,False,,False,False,,False,,False,,False,,False,,False,,1,,True,,False,True,,False,False,False,False,False,False,True,True,21,0,False,6,0,0.0,0.0,0.16418004266816283,0.8309674633065417,0.16418004266816294,1.721200305582017,0.16418004266816294,0.8309674633065417,1.721200305582017,0.0,0.0,0.0,1.3484341036772147,0.5208601256965827,2.2784058981357274,0.0,0.0,0.0,0,0,0,0,1,1,0,1.81,5.707110264748875,False,False,False,False,False,False,,,0.0,5.0
21490,Fenerum,https://www.crunchbase.com/organization/fenerum,Denmark,56.155315,10.1654876,2019,2.0,True,False,False,False,True,False,False,False,True,True,False,False,False,False,0,1,1,False,True,True,False,0.0,False,0.0,True,2019-12-06,2019-12-06,Pre-Seed,2019,6.0,False,,True,,0.0,0.0,False,,False,,False,,False,,False,,False,,0,0,False,,False,False,,False,,False,,False,,False,,False,,1,,True,,True,True,,False,False,False,False,False,False,True,True,18,1,True,35,7,0.2,0.1823215567939546,0.15861297351800804,0.15861297351800824,0.15861297351800824,0.15861297351800824,0.15861297351800824,0.15861297351800824,0.15861297351800824,0.0,0.0,0.0,0.0,0.0,0.0,0.0,0.0,0.0,0,0,0,0,0,1,0,1.81,5.707110264748875,False,False,False,False,False,False,,,0.0,5.0
21494,Confect.io,https://www.crunchbase.com/organization/confect-io,Denmark,55.6867243,12.5700724,2019,2.0,True,True,False,False,False,False,False,False,False,False,False,False,False,False,0,1,1,False,True,True,True,1.0,True,0.0,True,2018-04-10,2018-04-10,Pre-Seed,2018,32.0,True,True,False,False,0.0,4.0,False,False,True,True,False,False,False,False,False,False,False,False,1,1,True,True,True,True,True,True,True,True,True,True,True,True,True,True,True,1,1.0,True,True,True,True,True,False,False,False,False,False,False,True,True,234,2,True,213,48,0.2253521126760563,0.2032282416132682,0.0,0.0,0.0,0.0,0.0,0.0,0.0,0.0,0.0,0.0,0.0,0.0,0.0,3.0,0.0,0.0687619531421999,0,0,0,0,0,0,0,1.81,5.707110264748875,False,False,False,False,False,False,,,14.400000000000006,35.0
21179,GamerzClass,https://www.crunchbase.com/organization/gamerzclass,Denmark,55.6867243,12.5700724,2019,3.0,False,True,False,False,False,True,False,False,False,False,True,False,False,False,0,3,9,True,False,True,False,2.0,True,4.0,False,2019-12-01,2021-06-01,Seed,2019,40.833333333333336,True,True,True,False,6.1,37.6,False,False,True,True,True,False,True,False,True,False,False,False,7,3,True,True,False,True,True,True,True,True,True,True,True,True,True,True,True,7,3.0,True,True,False,True,True,True,True,True,False,False,False,True,False,234,2,True,213,47,0.2206572769953051,0.1993894653061025,0.0,1.0517573202878134,0.0,8.783078012371726,0.0,1.4023430937170844,8.783078012371726,0.0,0.0,0.0,1.860791548298692,0.0,8.783078012371726,41.0,43.0,0.6499587166197506,1,1,1,1,0,1,1,1.81,5.707110264748875,True,False,False,True,True,True,2022-05-15,3.0,14.400000000000006,35.0
21212,Finematter,https://www.crunchbase.com/organization/finematter,Denmark,55.678016,12.5326186,2020,2.0,False,True,False,False,False,True,False,False,False,False,False,False,False,False,0,2,7,True,False,True,False,1.0,True,4.761195,False,2020-08-14,2023-09-26,Seed,2020,31.75,True,True,True,False,10.7,5.8,True,False,True,True,True,False,False,False,False,False,False,False,5,1,True,True,False,True,True,True,True,True,True,True,True,True,True,True,True,5,1.0,True,True,False,True,True,True,True,True,False,False,False,True,False,233,2,True,216,47,0.2175925925925926,0.1968756244935995,0.002539794688779008,2.1400704731149633,0.002539794688778854,8.78253631505314,0.002539794688778854,2.4454319986044184,8.78253631505314,0.002539794688778854,0.002539794688778854,0.002539794688778854,3.7280806722879554,0.0,8.783078012371726,10.0,1.0,0.2328462036319224,1,0,0,0,0,0,0,-5.65,5.707110264748875,False,False,False,False,False,False,,,17.400000000000006,35.400000000000006
21226,Teamway,https://www.crunchbase.com/organization/teamway,Denmark,55.6867243,12.5700724,2020,2.0,True,True,False,False,True,False,False,False,False,True,False,False,False,False,0,2,5,True,False,True,False,2.0,True,1.451212,False,2020-12-08,2022-08-31,Seed,2020,74.33333333333333,True,True,True,True,7.6,9.0,True,True,True,True,True,False,False,False,False,False,False,False,4,1,True,True,False,True,True,True,True,True,True,True,True,True,True,True,True,4,1.0,True,True,False,True,True,True,True,True,False,False,False,True,False,234,2,True,220,49,0.2227272727272727,0.2010838332494775,0.0,1.244357463908197,0.0,6.839235403684347,0.0,0.1567273449412085,0.6216820201847851,0.0,3.4196177018421734,6.839235403684347,2.4310860573248774,0.0,6.839235403684347,34.0,35.0,0.6134214450970314,1,1,1,1,0,1,0,-5.65,5.707110264748875,False,False,False,False,False,False,,,14.400000000000006,35.0
21030,Teton,https://www.crunchbase.com/organization/teton-ai,Denmark,55.6867243,12.5700724,2020,2.0,False,True,False,False,True,False,False,True,False,True,False,False,False,False,0,2,4,True,False,True,False,2.0,True,5.867103,False,2020-10-01,2023-04-05,Undisclosed,2020,35.0,True,False,True,True,7.3,6.8,False,False,True,True,False,False,False,False,False,False,False,False,1,0,True,False,False,True,False,True,False,True,False,True,False,True,False,True,False,1,0.0,True,False,False,True,True,True,True,True,False,False,False,True,False,234,2,True,220,49,0.2227272727272727,0.2010838332494775,0.0,2.0986357281639623,0.009968648891803345,6.187814637579392,0.009968648891803345,0.6242663286004801,1.2385640083091571,0.9581956178754963,3.573005127727444,6.187814637579392,3.253567835514306,0.46265857540425226,6.1803592753615355,48.0,20.0,0.5972427250690651,1,1,1,1,0,1,1,-5.65,5.707110264748875,False,False,False,False,False,False,,,14.400000000000006,35.0
21031,All Gravy,https://www.crunchbase.com/organization/butter-f7e2,Denmark,55.6867243,12.5700724,2020,2.0,True,True,False,False,True,False,False,True,True,True,False,False,False,False,0,3,28,True,False,True,False,2.0,True,7.282161,False,2020-08-01,2025-03-28,Seed,2020,18.9,True,False,True,True,9.2,2.5,True,False,True,True,False,False,False,False,True,False,False,False,13,0,True,False,False,True,False,True,False,True,False,True,False,True,False,True,False,13,0.0,True,False,False,True,True,True,True,True,False,True,False,True,False,234,2,True,220,49,0.2227272727272727,0.2010838332494775,0.0,1.913218155407579,0.0,12.626553079010197,0.0,1.5746300843099459,8.807796702221207,0.9581956178754963,4.847648104920396,12.626553079010197,3.288715525534582,0.0,13.08467850109017,48.0,28.0,0.626919875210423,1,1,1,1,0,1,1,-5.65,5.707110264748875,False,False,False,False,False,False,,,14.400000000000006,35.0
21037,Monta,https://www.crunchbase.com/organization/monta,Denmark,55.6867243,12.5700724,2020,2.0,True,True,False,False,True,False,False,False,False,True,False,False,False,False,0,2,7,True,False,True,False,2.0,True,5.962148,False,2020-12-01,2021-04-14,Series B,2020,53.57142857142857,True,True,True,False,8.2,7.6,True,True,True,True,False,False,False,False,False,False,False,False,4,1,True,True,False,True,True,True,True,True,True,True,True,True,True,True,True,4,1.0,True,True,False,True,True,False,False,False,False,True,False,True,True,234,2,True,220,48,0.2181818181818181,0.197359434158495,0.0,0.1927328641644628,0.0,0.9581956178754963,0.0,0.26413294842943846,0.9581956178754963,0.0,0.014232653502023703,0.02846530700404741,0.36465907417431564,0.0,0.9794617142904339,40.0,39.0,0.6388049577302495,1,1,1,1,0,1,1,-5.65,5.707110264748875,False,True,True,True,True,True,,,14.400000000000006,35.0
21165,Avallone,https://www.crunchbase.com/organization/avallone,Denmark,55.6867243,12.5700724,2020,3.0,True,True,False,False,False,False,False,False,True,True,False,False,False,False,0,2,3,False,False,True,False,0.0,False,5.661578,False,2020-09-30,2024-01-19,Seed,2020,53.5,True,,True,,22.0,13.0,False,,True,,False,,False,,False,,False,,2,0,True,,True,True,,True,,True,,True,,True,,True,,2,,True,,True,True,,False,False,False,False,False,False,True,True,234,2,True,220,49,0.2227272727272727,0.2010838332494775,0.0,0.009968648891803345,0.009968648891803345,0.009968648891803345,0.009968648891803345,0.009968648891803345,0.009968648891803345,0.0,0.0,0.0,0.0,0.0,0.0,49.0,20.0,0.5992468847235712,1,1,1,1,0,1,1,-5.65,5.707110264748875,False,False,False,False,False,False,,,14.400000000000006,35.0
21074,Butter,https://www.crunchbase.com/organization/meetbutter,Denmark,55.6867243,12.5700724,2020,3.0,False,True,False,False,False,False,False,False,False,True,True,False,False,True,0,2,15,True,False,True,False,2.0,True,3.19,False,2020-09-01,2021-04-08,Seed,2020,43.733333333333334,True,True,True,True,9.8,7.3,False,False,True,True,False,False,False,False,False,False,False,False,5,1,True,True,False,True,True,True,True,True,True,True,True,True,True,True,True,5,1.0,True,True,False,True,True,True,True,True,False,True,False,True,False,234,2,True,220,49,0.2227272727272727,0.2010838332494775,0.0,1.6175611174210491,0.0,9.014773056179191,0.0,1.8573844899335863,9.014773056179191,0.0,0.17862088234582368,0.35724176469164737,2.7491232706896094,0.0,9.323865377105493,39.0,28.0,0.6067876302891266,1,1,1,1,0,1,1,-5.65,5.707110264748875,False,False,False,False,False,False,,,14.400000000000006,35.0
22394,ArcticStartup,https://www.crunchbase.com/organization/arcticstartup,Finland,60.1717794,24.9413548,2007,2.0,True,True,False,False,True,True,False,False,False,True,True,False,False,False,11,2,9,False,False,True,False,0.0,False,0.0,True,2018-01-26,2022-05-19,Seed,2018,15.444444444444445,True,,True,,3.0,5.4,False,,False,,False,,False,,False,,False,,5,0,True,,False,True,,True,,True,,True,,True,,True,,5,,True,,False,True,,True,True,True,False,False,False,True,False,147,2,True,4,0,0.0,0.0,0.0004833470476976217,2.821912431640651,0.0,9.27205088307936,0.0,2.821912431640651,9.27205088307936,0.0,0.0,0.0,5.120599963024266,0.0,15.339585122317537,4.0,0.0,0.0908983577180024,0,0,0,0,0,0,0,3.16,5.303304908059076,False,False,False,False,False,False,,,9.0,19.0
22384,Thirdpresence,https://www.crunchbase.com/organization/thirdpresence,Finland,60.1717794,24.9413548,2007,2.0,True,True,False,False,False,False,False,False,False,True,True,False,False,False,5,2,5,False,False,True,False,0.0,False,5.56,False,2012-04-13,2018-02-21,Seed,2012,41.0,True,,True,,14.0,7.4,False,,True,,False,,False,,False,,False,,3,0,True,,False,True,,True,,True,,True,,True,,True,,3,,True,,False,True,,True,True,True,False,False,False,True,False,147,2,True,4,0,0.0,0.0,0.0004833470476976217,1.917829812028288,0.0,7.671319248113152,0.0,1.917829812028288,7.671319248113152,0.0,0.0,0.0,3.835659624056576,0.0,7.671319248113152,8.0,0.0,0.1492082812712644,0,0,0,0,0,0,0,3.16,4.407938016458383,False,False,False,False,False,False,,,9.0,19.0
22516,Dazzboard,https://www.crunchbase.com/organization/dazzboard,Finland,60.83333,26.0,2007,1.0,False,False,False,False,False,True,False,False,False,True,True,False,False,False,3,1,2,False,False,False,False,0.0,False,1.5,False,2010-02-15,2010-02-15,Seed,2010,36.0,False,,True,,5.0,9.5,False,,False,,False,,False,,False,,False,,0,0,False,,False,False,,False,,False,,False,,False,,False,,1,,True,,False,False,,True,True,True,False,False,False,True,False,32,0,False,0,0,0.0,0.0,0.09398058736034391,3.5614257047572826,0.21325033205861071,6.909601077455955,0.21325033205861071,3.5614257047572826,6.909601077455955,0.0,0.0,0.0,6.903792457872988,6.903792457872988,6.903792457872988,1.0,0.0,0.0,0,0,0,0,0,0,0,3.16,4.646312129319266,False,False,False,False,False,False,,,2.0,5.0
22546,Valopaa,https://www.crunchbase.com/organization/valopaa,Finland,60.1717794,24.9413548,2007,1.0,True,True,False,False,True,True,False,False,False,True,False,False,False,False,6,1,1,False,True,False,False,0.0,False,2.700856,False,2013-11-18,2013-11-18,Seed,2013,16.0,False,,True,,11.0,5.0,True,,False,,False,,False,,False,,False,,0,0,False,,False,False,,False,,False,,False,,False,,False,,1,,True,,True,False,,False,False,False,False,False,False,True,True,147,2,True,4,0,0.0,0.0,0.0004833470476976217,0.20948816818318572,0.20948816818318572,0.20948816818318572,0.20948816818318572,0.20948816818318572,0.20948816818318572,0.0,0.0,0.0,0.0,0.0,0.0,0.0,0.0,0.0,0,0,0,0,0,0,0,3.16,4.79081953287472,False,False,False,False,False,False,,,9.0,19.0
22543,ScanNano,https://www.crunchbase.com/organization/scannanotek,Finland,62.0,24.0,2007,1.0,True,False,False,False,True,True,False,False,False,True,False,False,False,True,2,1,1,False,True,False,False,0.0,False,0.630124,False,2009-02-17,2009-02-17,Series A,2009,99.0,False,,True,,4.0,19.0,False,,True,,False,,False,,False,,False,,0,0,False,,False,False,,False,,False,,False,,False,,False,,1,,True,,True,True,,False,False,False,False,False,False,True,True,12,0,False,0,0,0.0,0.0,0.20997009474927936,0.20948816818318572,0.20948816818318572,0.20948816818318572,0.20948816818318572,0.20948816818318572,0.20948816818318572,0.0,0.0,0.0,0.0,0.0,0.0,0.0,0.0,0.0,0,0,0,0,1,1,0,3.16,4.541164856012179,False,False,True,False,True,True,,,0.0,0.8000000000000007
22445,HeiaHeia.com,https://www.crunchbase.com/organization/heiaheia-com,Finland,60.1717794,24.9413548,2008,3.0,False,True,False,False,False,True,False,True,False,True,True,False,False,False,5,1,1,False,True,False,False,0.0,False,0.0,True,2013-06-01,2013-06-01,Venture - Series Unknown,2013,230.0,False,,True,,3.0,44.0,False,,False,,True,,False,,False,,False,,0,0,False,,False,False,,False,,False,,False,,False,,False,,0,,False,,False,True,,False,False,False,False,False,False,True,True,147,2,True,9,1,0.1111111111111111,0.1053605156578263,0.0004833470476976217,1.6481780695433328,1.6481780695433328,1.6481780695433328,1.6481780695433328,1.6481780695433328,1.6481780695433328,0.0,0.0,0.0,0.0,0.0,0.0,2.0,0.0,0.0402231640645322,0,0,0,0,0,0,0,0.64,4.79081953287472,False,False,True,False,True,True,,,9.0,19.0
22422,Applifier,https://www.crunchbase.com/organization/applifier,Finland,60.1717794,24.9413548,2008,2.0,False,True,False,False,False,False,False,False,False,True,True,False,False,False,3,1,7,False,False,False,False,0.0,False,2.0,False,2011-02-03,2011-02-03,Series B,2011,49.714285714285715,True,,True,,2.0,14.3,True,,True,,True,,False,,True,,False,,2,0,True,,False,True,,True,,True,,True,,True,,True,,2,,True,,False,True,,True,True,True,False,False,False,True,False,147,2,True,9,0,0.0,0.0,0.0004833470476976217,4.263173760570285,0.0,8.75156057526121,0.0,4.263173760570285,8.75156057526121,0.0,0.0,0.0,5.310006060745459,0.0,8.75156057526121,4.0,4.0,0.2388768829477851,1,0,0,0,0,0,0,0.64,4.480740107609915,True,False,True,True,True,True,2014-03-13,6.0,9.0,19.0
22438,Wellness Foundry,https://www.crunchbase.com/organization/wellness-foundry,Finland,60.1717794,24.9413548,2008,1.0,True,True,False,False,False,False,True,True,False,False,False,False,False,False,8,1,2,True,False,False,False,1.0,True,0.0,True,2016-11-29,2016-11-29,Seed,2016,8.5,True,True,False,False,3.5,1.0,False,False,False,False,False,False,False,False,True,False,False,False,1,1,True,True,False,True,True,True,True,True,True,True,True,True,True,True,True,2,1.0,True,True,True,True,True,False,False,False,False,False,False,True,True,147,2,True,9,1,0.1111111111111111,0.1053605156578263,0.0004833470476976217,0.04682497443556624,0.0,0.09364994887113248,0.09364994887113248,0.09364994887113248,0.09364994887113248,0.0,0.0,0.0,0.09364994887113248,0.09364994887113248,0.09364994887113248,4.0,0.0,0.0908983577180024,0,0,0,0,0,0,0,0.64,4.6709579265260945,False,False,False,False,False,False,,,9.0,19.0
22195,Wello,https://www.crunchbase.com/organization/wello-oy,Finland,60.83333,26.0,2008,2.0,True,False,True,False,False,False,False,False,False,True,False,True,False,False,1,1,2,False,False,False,False,0.0,False,0.0,True,2009-01-01,2009-01-01,Equity Crowdfunding,2009,43.5,False,,True,,8.0,12.0,True,,False,,False,,False,,False,,False,,0,0,False,,False,False,,False,,False,,False,,False,,False,,2,,True,,True,False,,False,False,False,False,False,False,True,True,32,0,False,1,0,0.0,0.0,0.09398058736034391,0.19050738029702485,0.16776442853543902,0.21325033205861071,0.16776442853543902,0.19050738029702485,0.21325033205861071,0.0,0.0,0.0,0.21438964865875498,0.21438964865875498,0.21438964865875498,0.0,0.0,0.0,0,0,0,0,0,0,0,0.64,4.541164856012179,False,False,False,False,False,False,,,2.0,5.0
22402,Myontec,https://www.crunchbase.com/organization/myontec,Finland,62.5,28.0,2008,1.0,False,False,False,False,True,False,False,True,False,True,False,False,False,False,9,1,1,False,True,False,False,0.0,False,0.0,True,2017-03-21,2017-03-21,Seed,2017,362.0,False,,True,,6.0,33.0,True,,False,,False,,False,,False,,False,,0,0,False,,False,False,,False,,False,,False,,False,,False,,0,,False,,False,False,,True,True,True,True,False,False,False,False,5,0,False,0,0,0.0,0.0,0.3062973576418355,6.629220643226067,6.629220643226067,6.629220643226067,6.629220643226067,6.629220643226067,6.629220643226067,0.0,0.0,0.0,0.0,0.0,0.0,0.0,0.0,0.0,0,0,0,0,1,1,0,0.64,5.303304908059076,False,False,False,False,False,False,,,0.0,0.6000000000000005
22559,SingOn,https://www.crunchbase.com/organization/singon,Finland,65.0113317,25.4843355,2009,2.0,False,False,False,False,False,False,False,False,False,True,True,False,False,False,4,1,1,False,True,False,False,0.0,False,3.139784,False,2013-01-25,2013-01-25,Seed,2013,67.0,False,,True,,2.0,10.0,False,,False,,False,,False,,False,,False,,0,0,False,,False,False,,False,,False,,False,,False,,False,,1,,True,,True,True,,False,False,False,False,False,False,True,True,7,0,False,2,0,0.0,0.0,0.5393187152150493,0.5388457224376022,0.5388457224376022,0.5388457224376022,0.5388457224376022,0.5388457224376022,0.5388457224376022,0.0,0.0,0.0,0.0,0.0,0.0,1.0,0.0,0.0,0,0,0,0,0,0,0,-4.35,4.79081953287472,False,False,False,False,False,False,,,2.0,6.0
22356,Oppex,https://www.crunchbase.com/organization/oppex,Finland,60.1717794,24.9413548,2009,2.0,True,True,False,False,False,False,False,False,False,True,True,False,False,True,3,2,3,False,False,False,False,0.0,False,1.810686,False,2012-01-01,2014-11-17,Series A,2012,12.25,True,,False,,45.0,1.8,False,,False,,True,,False,,False,,False,,2,0,True,,False,True,,True,,True,,True,,True,,True,,4,,True,,True,True,,False,False,False,False,False,False,True,True,147,2,True,14,3,0.2142857142857142,0.1941560144409574,0.0004833470476976217,0.04682497443556624,0.0,0.09364994887113248,0.0,0.04682497443556624,0.09364994887113248,0.0,0.0,0.0,0.06243329924742165,0.0,0.09364994887113248,12.0,7.0,0.3768801551063721,1,0,0,0,0,0,0,-4.35,4.407938016458383,False,False,True,False,True,True,,,9.0,19.0
22455,Ciegus,https://www.crunchbase.com/organization/ciegus,Finland,60.83333,26.0,2009,1.0,True,False,False,False,True,False,False,True,False,False,False,False,False,False,6,1,1,False,True,False,False,0.0,False,0.158556,True,2015-04-13,2015-04-13,Seed,2015,67.0,True,,False,,4.0,10.0,False,,False,,False,,False,,False,,False,,0,0,False,,False,True,,False,,False,,False,,False,,False,,1,,True,,True,True,,False,False,False,False,False,False,True,True,32,0,False,2,0,0.0,0.0,0.09398058736034391,0.09364994887113248,0.09364994887113248,0.09364994887113248,0.09364994887113248,0.09364994887113248,0.09364994887113248,0.0,0.0,0.0,0.0,0.0,0.0,2.0,2.0,0.1412342220372826,0,0,0,0,0,1,0,-4.35,4.704110133842995,False,False,False,False,False,False,,,2.0,5.0
22461,MediSapiens,https://www.crunchbase.com/organization/medisapiens,Finland,60.1717794,24.9413548,2009,1.0,True,True,False,False,True,False,False,True,False,True,False,False,False,False,1,1,4,False,False,False,False,0.0,False,1.0,False,2010-06-01,2010-06-01,Venture - Series Unknown,2010,54.0,True,,True,,5.8,12.5,True,,True,,False,,False,,True,,False,,2,0,True,,False,True,,True,,True,,True,,True,,True,,4,,True,,True,True,,False,False,False,False,False,False,True,True,147,2,True,14,3,0.2142857142857142,0.1941560144409574,0.0004833470476976217,0.09989429279211488,0.0,0.305927222297327,0.0,0.09989429279211488,0.305927222297327,0.0,0.0,0.0,0.16873411239925493,0.0,0.305927222297327,1.0,2.0,0.1010110579727503,0,0,0,0,0,0,0,-4.35,4.646312129319266,False,False,True,False,True,True,,,9.0,19.0
22486,Grey Area,https://www.crunchbase.com/organization/greyarea,Finland,60.1717794,24.9413548,2009,4.0,False,True,False,False,False,False,False,False,False,True,True,False,False,False,1,1,3,False,False,False,False,0.0,False,0.0,True,2010-11-01,2010-11-01,Series A,2010,53.0,True,,False,,1.0,7.3,False,,True,,False,,False,,True,,False,,3,0,True,,True,True,,True,,True,,True,,True,,True,,3,,True,,True,True,,False,False,False,False,False,False,True,True,147,2,True,14,3,0.2142857142857142,0.1941560144409574,0.0004833470476976217,0.0,0.0,0.0,0.0,0.0,0.0,0.0,0.0,0.0,0.0,0.0,0.0,1.0,3.0,0.1274617638294791,0,0,0,0,0,0,0,-4.35,4.646312129319266,False,False,True,False,True,True,,,9.0,19.0
22169,Duunitori,https://www.crunchbase.com/organization/skyhood,Finland,60.1717794,24.9413548,2009,2.0,False,True,False,False,True,False,False,False,False,True,False,False,False,False,2,3,4,True,False,True,False,1.0,True,0.643568,False,2011-08-01,2015-05-18,Seed,2011,21.5,True,False,True,True,5.2,2.2,False,False,False,False,True,True,False,False,True,False,False,False,1,0,True,False,False,True,False,True,False,True,False,True,False,True,False,True,False,2,0.0,True,False,False,True,False,True,True,True,False,False,False,True,False,147,2,True,14,2,0.1428571428571428,0.1335313926245225,0.0004833470476976217,2.7636080555677007,0.0,8.067105906834533,0.0,2.720251951901888,8.067105906834533,2.893676366565138,2.893676366565138,2.893676366565138,5.493448905306616,0.09364994887113248,10.93316181405908,3.0,2.0,0.1697730111149502,1,0,0,0,0,0,0,-4.35,4.480740107609915,True,False,False,True,True,True,2022-07-07,13.0,9.0,19.0
22433,CadFaster,https://www.crunchbase.com/organization/cadfaster,Finland,65.0113317,25.4843355,2009,1.0,True,False,False,False,True,True,False,False,False,True,False,False,False,False,1,3,1,False,True,False,False,0.0,False,2.110566,False,2010-12-01,2013-12-01,Venture - Series Unknown,2010,71.0,False,,True,,11.3,19.0,False,,False,,False,,False,,False,,False,,0,0,False,,False,False,,False,,False,,False,,False,,False,,3,,True,,True,False,,False,False,False,False,False,False,True,True,7,0,False,2,0,0.0,0.0,0.5393187152150493,0.3053607252268136,0.3053607252268136,0.3053607252268136,0.3053607252268136,0.3053607252268136,0.3053607252268136,0.0,0.0,0.0,0.0,0.0,0.0,1.0,3.0,0.1274617638294791,0,0,0,0,0,1,0,-4.35,4.646312129319266,False,False,True,False,True,True,,,2.0,6.0
22412,Flowdock,https://www.crunchbase.com/organization/flowdock,Finland,60.1717794,24.9413548,2009,2.0,False,True,False,False,False,False,False,False,False,True,True,False,False,True,2,1,5,False,False,False,False,0.0,False,0.65,False,2011-10-01,2011-10-01,Seed,2011,133.2,False,,True,,2.0,50.2,False,,True,,False,,False,,True,,False,,0,0,False,,False,False,,False,,False,,False,,False,,False,,0,,False,,False,False,,True,True,True,True,False,False,False,False,147,2,True,14,2,0.1428571428571428,0.1335313926245225,0.0004833470476976217,8.729411404672003,8.722028347808934,8.75156057526121,8.722028347808934,8.729411404672003,8.75156057526121,0.0,0.0,0.0,0.021848401931566255,0.0,0.04369680386313251,0.0,0.0,0.0,0,0,0,0,0,0,0,-4.35,4.480740107609915,True,False,False,True,True,True,2013-02-13,4.0,9.0,19.0
22465,Sports Tracking Technologies,https://www.crunchbase.com/organization/sports-tracking-technologies,Finland,60.1717794,24.9413548,2010,2.0,True,True,False,False,False,True,False,False,False,True,False,False,False,False,4,1,2,False,False,False,False,0.0,False,0.0,True,2014-09-01,2014-09-01,Seed,2014,148.0,False,,True,,3.0,23.0,False,,False,,True,,False,,False,,False,,0,0,False,,False,False,,False,,False,,False,,False,,False,,1,,True,,False,True,,False,False,False,False,False,False,True,True,147,2,True,26,7,0.2692307692307692,0.2384110234449981,0.0004833470476976217,1.0935118959904675,0.5388457224376022,1.6481780695433328,0.5388457224376022,1.0935118959904675,1.6481780695433328,0.0,0.0,0.0,1.989068613724117,1.989068613724117,1.989068613724117,8.0,0.0,0.1492082812712644,0,0,0,0,0,0,0,2.23,4.786658062033468,False,False,False,False,False,False,,,9.0,19.0
22350,Taitori,https://www.crunchbase.com/organization/taitori,Finland,60.1717794,24.9413548,2010,1.0,True,True,False,False,True,False,False,False,False,True,False,False,False,False,7,1,1,False,True,False,True,1.0,True,0.67158,False,2017-06-09,2017-06-09,Seed,2017,64.0,True,True,False,False,3.0,4.0,False,False,True,True,False,False,False,False,False,False,False,False,1,1,True,True,True,True,True,True,True,True,True,True,True,True,True,True,True,1,1.0,True,True,True,True,True,False,False,False,False,False,False,True,True,147,2,True,26,7,0.2692307692307692,0.2384110234449981,0.0004833470476976217,0.0,0.0,0.0,0.0,0.0,0.0,0.0,0.0,0.0,0.0,0.0,0.0,2.0,0.0,0.0402231640645322,0,0,0,0,0,0,0,2.23,5.303304908059076,False,False,False,False,False,False,,,9.0,19.0
22405,Tinkercad,https://www.crunchbase.com/organization/tinkercad,Finland,60.1717794,24.9413548,2010,2.0,True,True,False,False,True,False,False,False,False,True,False,False,False,False,1,2,6,False,False,False,False,0.0,False,1.0,False,2011-11-08,2018-01-01,Seed,2011,96.83333333333331,False,,True,,2.3,31.5,False,,True,,False,,False,,False,,False,,0,0,False,,False,False,,False,,False,,False,,False,,False,,0,,False,,False,False,,True,True,True,False,False,False,False,False,147,2,True,26,6,0.2307692307692307,0.2076393647782444,0.0004833470476976217,7.914087648264831,6.241929622801702,8.75156057526121,6.241929622801702,7.914087648264831,8.75156057526121,0.0,0.0,0.0,5.064208244343153,0.0,12.564692964387405,1.0,6.0,0.178915205030416,1,0,0,0,0,0,0,2.23,4.480740107609915,True,False,False,True,True,True,2013-05-05,3.0,9.0,19.0
22432,MyNextRun,https://www.crunchbase.com/organization/mynextrun,Finland,60.1717794,24.9413548,2010,3.0,False,True,False,False,False,True,False,False,False,False,True,False,False,False,3,2,4,False,False,False,False,0.0,False,2.248602,False,2013-03-15,2014-05-30,Seed,2013,19.4,True,,True,,1.5,3.6,False,,False,,False,,False,,False,,False,,2,0,True,,False,True,,True,,True,,True,,True,,True,,2,,True,,False,True,,True,True,False,False,False,False,True,False,147,2,True,26,7,0.2692307692307692,0.2384110234449981,0.0004833470476976217,0.904224149660776,0.0,1.823299526556456,0.0,0.904224149660776,1.823299526556456,0.0,0.0,0.0,1.2298807480109428,0.0,1.823299526556456,11.0,8.0,0.3797691862944328,1,0,0,0,0,0,0,2.23,4.79081953287472,False,False,False,False,False,False,,,9.0,19.0
22555,Blaast,https://www.crunchbase.com/organization/blaast,Finland,60.1717794,24.9413548,2010,1.0,True,True,False,False,False,False,False,False,False,True,False,False,False,False,0,2,4,False,False,False,False,0.0,False,3.7,False,2010-12-31,2012-01-01,Seed,2010,67.25,True,,True,,3.7,14.0,False,,False,,True,,False,,False,,False,,1,0,True,,False,True,,True,,True,,True,,True,,True,,2,,True,,False,True,,False,False,False,False,False,False,True,True,147,2,True,26,7,0.2692307692307692,0.2384110234449981,0.0004833470476976217,0.4560599564836526,0.0,1.6481780695433328,0.0,0.4560599564836526,1.6481780695433328,0.0,0.0,0.0,0.8881184831507836,0.08241180752014504,1.7350928859487775,1.0,0.0,0.0,0,0,0,0,0,0,0,2.23,4.646312129319266,False,False,False,False,False,False,,,9.0,19.0
22554,NearMe Services Oy,https://www.crunchbase.com/organization/nearme-services-oy,Finland,60.83333,26.0,2010,1.0,True,False,False,False,False,False,False,False,False,False,True,False,False,False,4,1,1,False,True,False,False,0.0,False,0.0,True,2014-02-27,2014-02-27,Seed,2014,71.0,False,,True,,14.0,19.0,False,,False,,False,,False,,False,,False,,0,0,False,,False,False,,False,,False,,False,,False,,False,,1,,True,,True,False,,False,False,False,False,False,False,True,True,32,0,False,3,0,0.0,0.0,0.09398058736034391,0.21325033205861071,0.21325033205861071,0.21325033205861071,0.21325033205861071,0.21325033205861071,0.21325033205861071,0.0,0.0,0.0,0.0,0.0,0.0,4.0,2.0,0.1919094156907527,1,0,0,0,1,1,0,2.23,4.786658062033468,False,False,False,False,False,False,,,2.0,5.0
22550,Inside Secure,https://www.crunchbase.com/organization/mepin,Finland,60.1717794,24.9413548,2010,1.0,True,True,False,False,False,False,False,False,True,True,False,False,False,False,2,2,2,False,False,False,False,0.0,False,2.697901,False,2012-04-01,2014-05-05,Seed,2012,56.333333333333336,True,,False,,1.7,8.0,False,,True,,False,,False,,False,,False,,2,0,True,,False,True,,True,,True,,True,,True,,True,,3,,True,,True,True,,False,False,False,False,False,False,True,True,147,2,True,26,6,0.2307692307692307,0.2076393647782444,0.0004833470476976217,0.031216649623710825,0.0,0.09364994887113248,0.0,0.031216649623710825,0.09364994887113248,0.0,0.0,0.0,0.06243329924742165,0.0,0.09364994887113248,4.0,0.0,0.0908983577180024,0,0,0,0,0,0,0,2.23,4.407938016458383,True,False,False,True,True,True,2017-08-28,7.0,9.0,19.0
21984,Yousician,https://www.crunchbase.com/organization/yousician,Finland,60.1717794,24.9413548,2010,2.0,False,True,False,False,False,True,False,False,False,True,True,False,False,False,2,1,1,False,True,False,True,1.0,True,1.4,False,2012-02-08,2012-02-08,Series B,2012,395.0,False,False,True,True,7.0,122.0,False,False,True,True,False,False,False,False,False,False,False,False,0,0,False,False,False,False,False,False,False,False,False,False,False,False,False,False,False,0,0.0,False,False,False,False,False,True,True,True,True,False,False,False,False,147,2,True,26,7,0.2692307692307692,0.2384110234449981,0.0004833470476976217,8.75156057526121,8.75156057526121,8.75156057526121,0.0,0.0,0.0,8.75156057526121,8.75156057526121,8.75156057526121,0.0,0.0,0.0,1.0,0.0,0.0,0,0,0,0,0,0,0,2.23,4.407938016458383,False,False,True,False,True,True,,,9.0,19.0
22140,Kiosked,https://www.crunchbase.com/organization/kiosked,Finland,60.1717794,24.9413548,2010,2.0,True,True,False,False,False,False,False,False,False,True,True,False,False,False,2,1,4,False,False,False,False,1.0,True,5.75,False,2012-06-19,2012-06-19,Series C,2012,4.25,True,False,True,True,0.0,1.0,True,False,False,False,False,False,False,False,True,False,False,False,1,0,True,False,False,True,False,True,False,True,False,True,False,True,False,True,False,1,0.0,True,False,False,True,False,False,False,False,False,False,False,True,True,147,2,True,26,6,0.2307692307692307,0.2076393647782444,0.0004833470476976217,0.19800837711318506,0.0,0.3960167542263701,0.0,0.19800837711318506,0.3960167542263701,0.0,0.0,0.0,0.3960167542263701,0.3960167542263701,0.3960167542263701,0.0,0.0,0.0,0,0,0,0,0,0,0,2.23,4.407938016458383,False,True,True,True,True,True,,,9.0,19.0
22116,Supercell,https://www.crunchbase.com/organization/supercell,Finland,60.1717794,24.9413548,2010,6.0,False,True,False,False,False,False,False,False,False,False,True,False,False,False,0,1,3,False,False,False,False,0.0,False,1.032267,False,2010-10-01,2010-10-01,Series B,2010,50.0,False,,True,,0.0,16.0,True,,False,,False,,False,,False,,False,,0,0,False,,False,False,,False,,False,,False,,False,,False,,0,,False,,False,True,,False,False,False,False,False,False,True,True,147,2,True,26,6,0.2307692307692307,0.2076393647782444,0.0004833470476976217,1.823299526556456,1.823299526556456,1.823299526556456,1.823299526556456,1.823299526556456,1.823299526556456,0.0,0.0,0.0,0.0,0.0,0.0,0.0,0.0,0.0,0,0,0,0,0,0,0,2.23,4.646312129319266,True,True,True,True,True,True,2016-06-21,6.0,9.0,19.0
22106,TrapLight Games,https://www.crunchbase.com/organization/traplight-games,Finland,61.4789039,22.5944165,2010,3.0,False,False,False,False,False,False,False,False,False,False,True,False,False,False,4,1,3,False,False,False,False,0.0,False,0.5,True,2014-10-28,2014-10-28,Venture - Series Unknown,2014,59.0,False,,True,,7.0,14.0,False,,True,,False,,False,,False,,False,,0,0,False,,False,False,,False,,False,,False,,False,,False,,2,,True,,False,True,,False,False,False,False,False,False,True,True,7,0,False,3,1,0.3333333333333333,0.2876820724517809,0.193545941836843,0.4542782727769486,0.193131491121286,0.8655560639246027,0.193131491121286,0.4542782727769486,0.8655560639246027,0.0,0.0,0.0,0.781717664893673,0.305927222297327,1.156969820841237,0.0,0.0,0.0,0,0,0,0,1,1,0,2.23,4.786658062033468,False,False,True,False,True,True,,,0.0,0.4000000000000003
22502,Varaani Works,https://www.crunchbase.com/organization/varaani-works,Finland,61.4789039,22.5944165,2010,3.0,True,False,False,False,False,False,False,False,False,True,False,False,False,True,3,1,1,False,True,False,False,0.0,False,0.224478,True,2013-09-01,2013-09-01,Private Equity,2013,230.0,False,,True,,3.0,44.0,False,,False,,True,,False,,False,,False,,0,0,False,,False,False,,False,,False,,False,,False,,False,,0,,False,,False,True,,False,False,False,False,False,False,True,True,7,0,False,3,1,0.3333333333333333,0.2876820724517809,0.193545941836843,1.6242202636573908,1.6242202636573908,1.6242202636573908,1.6242202636573908,1.6242202636573908,1.6242202636573908,0.0,0.0,0.0,0.0,0.0,0.0,0.0,0.0,0.0,0,0,0,0,1,1,0,2.23,4.79081953287472,False,False,True,False,True,True,,,0.0,0.4000000000000003
22533,InsightsAtlas,https://www.crunchbase.com/organization/liilak,Finland,65.0113317,25.4843355,2010,3.0,False,False,False,False,False,False,False,False,False,True,True,False,False,True,4,1,1,False,True,False,False,0.0,False,0.0,True,2014-11-20,2014-11-20,Venture - Series Unknown,2014,71.0,False,,True,,14.0,19.0,False,,False,,False,,False,,False,,False,,0,0,False,,False,False,,False,,False,,False,,False,,False,,1,,True,,True,False,,False,False,False,False,False,False,True,True,7,0,False,4,0,0.0,0.0,0.5393187152150493,0.3053607252268136,0.3053607252268136,0.3053607252268136,0.3053607252268136,0.3053607252268136,0.3053607252268136,0.0,0.0,0.0,0.0,0.0,0.0,2.0,0.0,0.0402231640645322,0,0,0,0,0,0,0,2.23,4.786658062033468,False,False,True,False,True,True,,,2.0,6.0
22488,Music Kickup,https://www.crunchbase.com/organization/music-kickup,Finland,60.1717794,24.9413548,2011,2.0,True,True,False,False,True,False,False,False,False,False,True,False,False,False,0,2,2,False,False,False,False,0.0,False,1.034238,False,2011-11-22,2013-10-25,Seed,2011,34.0,True,,False,,2.0,5.0,False,,False,,False,,False,,False,,False,,2,0,True,,True,True,,True,,True,,True,,True,,True,,2,,True,,True,True,,False,False,False,False,False,False,True,True,147,2,True,46,13,0.2826086956521739,0.2488960474166244,0.0004833470476976217,0.0,0.0,0.0,0.0,0.0,0.0,0.0,0.0,0.0,0.0,0.0,0.0,2.0,0.0,0.0402231640645322,0,0,0,0,0,0,0,1.9,4.480740107609915,False,False,False,False,False,False,,,9.0,19.0
22403,Casambi Technologies,https://www.crunchbase.com/organization/casambi-technologies,Finland,60.83333,26.0,2011,1.0,False,False,False,False,False,True,False,False,False,True,False,False,False,False,3,1,1,False,True,False,False,0.0,False,0.0,True,2014-01-01,2014-01-01,Seed,2014,230.0,False,,True,,4.0,44.0,False,,False,,True,,False,,False,,False,,0,0,False,,False,False,,False,,False,,False,,False,,False,,0,,False,,False,True,,False,False,False,False,False,False,True,True,32,0,False,5,1,0.2,0.1823215567939546,0.09398058736034391,1.7350928859487775,1.7350928859487775,1.7350928859487775,1.7350928859487775,1.7350928859487775,1.7350928859487775,0.0,0.0,0.0,0.0,0.0,0.0,5.0,0.0,0.1089851172067322,0,0,0,0,0,0,1,1.9,4.786658062033468,False,False,False,False,False,False,,,2.0,5.0
22410,Labrox,https://www.crunchbase.com/organization/labrox,Finland,62.0,24.0,2011,3.0,True,False,False,False,False,False,False,True,False,False,False,False,False,False,4,1,1,False,True,False,True,1.0,True,0.727743,False,2015-09-25,2015-09-25,Seed,2015,64.0,False,False,True,True,1.0,4.0,False,False,True,True,False,False,False,False,False,False,False,False,0,0,False,False,False,False,False,False,False,False,False,False,False,False,False,False,False,1,1.0,True,True,True,True,True,False,False,False,False,False,False,True,True,12,0,False,3,0,0.0,0.0,0.20997009474927936,0.20948816818318572,0.20948816818318572,0.20948816818318572,0.0,0.0,0.0,0.20948816818318572,0.20948816818318572,0.20948816818318572,0.0,0.0,0.0,0.0,0.0,0.0,0,0,0,0,1,1,0,1.9,4.704110133842995,True,False,False,True,True,True,2022-01-01,11.0,0.0,0.8000000000000007
22426,Zoined,https://www.crunchbase.com/organization/zoined-inc-,Finland,60.1717794,24.9413548,2011,1.0,True,True,False,False,False,False,False,False,False,True,False,False,False,False,3,2,2,True,False,True,False,1.0,True,0.0,True,2014-09-01,2015-01-01,Pre-Seed,2014,132.5,True,True,True,False,3.0,24.0,False,False,True,True,True,False,False,False,False,False,False,False,0,0,False,False,False,True,True,False,False,False,False,False,False,False,False,False,False,1,1.0,True,True,False,True,False,False,False,False,False,False,False,True,True,147,2,True,46,13,0.2826086956521739,0.2488960474166244,0.0004833470476976217,0.8709140092072326,0.09364994887113248,1.6481780695433328,1.6481780695433328,1.6481780695433328,1.6481780695433328,0.09364994887113248,0.09364994887113248,0.09364994887113248,1.7350928859487775,1.7350928859487775,1.7350928859487775,8.0,2.0,0.2502193392440147,1,0,0,0,0,0,0,1.9,4.786658062033468,False,False,False,False,False,False,,,9.0,19.0
22411,Musopia,https://www.crunchbase.com/organization/musopia,Finland,60.1717794,24.9413548,2011,4.0,False,True,False,False,False,False,False,False,False,True,True,False,False,False,3,1,1,False,True,False,False,0.0,False,1.251,False,2014-02-01,2014-02-01,Seed,2014,37.0,True,,False,,2.0,6.0,False,,False,,False,,False,,False,,False,,1,0,True,,True,True,,True,,True,,True,,True,,True,,1,,True,,True,True,,False,False,False,False,False,False,True,True,147,2,True,46,13,0.2826086956521739,0.2488960474166244,0.0004833470476976217,0.0,0.0,0.0,0.0,0.0,0.0,0.0,0.0,0.0,0.0,0.0,0.0,11.0,9.0,0.3894564774934544,1,0,0,0,0,1,0,1.9,4.786658062033468,False,False,False,False,False,False,,,9.0,19.0
22483,Etuma,https://www.crunchbase.com/organization/etuma,Finland,60.1717794,24.9413548,2011,1.0,True,True,False,False,False,False,False,False,False,True,False,False,False,False,3,1,1,False,True,False,False,0.0,False,0.0,True,2014-02-27,2014-02-27,Seed,2014,71.0,False,,True,,14.0,19.0,False,,False,,False,,False,,False,,False,,0,0,False,,False,False,,False,,False,,False,,False,,False,,1,,True,,True,False,,False,False,False,False,False,False,True,True,147,2,True,46,13,0.2826086956521739,0.2488960474166244,0.0004833470476976217,0.305927222297327,0.305927222297327,0.305927222297327,0.305927222297327,0.305927222297327,0.305927222297327,0.0,0.0,0.0,0.0,0.0,0.0,2.0,0.0,0.0402231640645322,0,0,0,0,0,0,0,1.9,4.786658062033468,False,False,False,False,False,False,,,9.0,19.0
22478,Experq,https://www.crunchbase.com/organization/experq,Finland,60.1717794,24.9413548,2011,1.0,True,True,False,False,False,False,False,False,False,True,False,False,False,False,4,1,1,False,True,False,False,0.0,False,0.113379,True,2015-02-24,2015-02-24,Seed,2015,67.0,True,,False,,4.0,10.0,False,,False,,False,,False,,False,,False,,1,0,True,,True,True,,True,,True,,True,,True,,True,,1,,True,,True,True,,False,False,False,False,False,False,True,True,147,2,True,46,13,0.2826086956521739,0.2488960474166244,0.0004833470476976217,0.0,0.0,0.0,0.0,0.0,0.0,0.0,0.0,0.0,0.0,0.0,0.0,10.0,7.0,0.3603079674614015,1,0,0,0,0,0,0,1.9,4.704110133842995,False,False,False,False,False,False,,,9.0,19.0
22476,Playmysong,https://www.crunchbase.com/organization/playmysong,Finland,60.1717794,24.9413548,2011,2.0,False,True,False,False,False,False,False,False,False,True,True,False,False,False,1,1,1,False,True,False,False,0.0,False,0.35,True,2012-01-18,2012-01-18,Seed,2012,114.0,True,,False,,3.0,20.0,False,,True,,False,,False,,True,,False,,1,0,True,,True,True,,True,,True,,True,,True,,True,,1,,True,,True,True,,False,False,False,False,False,False,True,True,147,2,True,46,13,0.2826086956521739,0.2488960474166244,0.0004833470476976217,0.0,0.0,0.0,0.0,0.0,0.0,0.0,0.0,0.0,0.0,0.0,0.0,3.0,0.0,0.0687619531421999,0,0,0,0,0,0,0,1.9,4.407938016458383,False,False,False,False,False,False,,,9.0,19.0
22453,Finbiosoft,https://www.crunchbase.com/organization/finbiosoft,Finland,60.83333,26.0,2011,1.0,True,False,False,False,True,False,False,True,False,True,False,False,False,False,3,1,1,False,True,False,False,0.0,False,0.0,True,2014-09-01,2014-09-01,Series A,2014,230.0,False,,True,,4.0,44.0,False,,False,,True,,False,,False,,False,,0,0,False,,False,False,,False,,False,,False,,False,,False,,0,,False,,False,True,,False,False,False,False,False,False,True,True,32,0,False,5,0,0.0,0.0,0.09398058736034391,1.7350928859487775,1.7350928859487775,1.7350928859487775,1.7350928859487775,1.7350928859487775,1.7350928859487775,0.0,0.0,0.0,0.0,0.0,0.0,5.0,0.0,0.1089851172067322,0,0,0,0,0,0,1,1.9,4.786658062033468,True,False,True,True,True,True,2024-03-14,13.0,2.0,5.0
22466,Grand Cru,https://www.crunchbase.com/organization/grand-cru,Finland,60.1717794,24.9413548,2011,3.0,False,True,False,False,False,False,False,False,False,True,True,False,False,False,1,1,4,True,False,False,False,1.0,True,2.0,False,2012-01-01,2012-01-01,Venture - Series Unknown,2012,91.75,False,False,True,True,7.5,40.5,False,False,True,True,False,False,False,False,False,False,False,False,0,0,False,False,False,False,False,False,False,False,False,False,False,False,False,False,False,0,0.0,False,False,False,True,True,True,True,True,False,False,False,True,False,147,2,True,46,13,0.2826086956521739,0.2488960474166244,0.0004833470476976217,5.580706324769686,1.9091643350179708,9.266932472268536,2.3978916417988754,6.804553654686924,9.266932472268536,1.9091643350179708,1.9091643350179708,1.9091643350179708,9.000301427682766,0.49854706764659806,13.61902331285598,0.0,0.0,0.0,0,0,0,0,0,0,0,1.9,4.407938016458383,False,False,True,False,True,True,,,9.0,19.0
22325,Usetrace,https://www.crunchbase.com/organization/usetrace,Finland,60.1717794,24.9413548,2011,2.0,True,True,False,False,False,False,False,False,False,True,False,False,False,False,5,1,1,False,True,False,False,0.0,False,0.28743,True,2016-09-09,2016-09-09,Seed,2016,0.0,False,,True,,6.0,406.0,False,,True,,True,,True,,True,,False,,0,0,False,,False,False,,False,,False,,False,,False,,False,,0,,False,,False,False,,True,True,True,True,False,False,False,False,147,2,True,46,12,0.2608695652173913,0.2318016140573243,0.0004833470476976217,8.722028347808934,8.722028347808934,8.722028347808934,8.722028347808934,8.722028347808934,8.722028347808934,0.0,0.0,0.0,0.0,0.0,0.0,1.0,0.0,0.0,0,0,0,0,0,0,0,1.9,4.6709579265260945,True,False,False,True,True,True,2021-01-26,10.0,9.0,19.0
22211,KNL Networks (Kyynel Ltd),https://www.crunchbase.com/organization/kyynel,Finland,65.0113317,25.4843355,2011,1.0,True,False,False,False,False,False,False,False,False,True,False,False,False,False,3,1,2,True,False,False,False,1.0,True,2.679898,False,2014-08-15,2014-08-15,Series A,2014,82.5,True,False,True,True,5.5,10.5,False,False,True,True,False,False,False,False,False,False,False,False,1,0,True,False,False,True,False,True,False,True,False,True,False,True,False,True,False,2,1.0,True,True,True,True,True,False,False,False,False,False,False,True,True,7,0,False,6,1,0.1666666666666666,0.1541506798272582,0.5393187152150493,0.2694228612188011,0.0,0.5388457224376022,0.0,0.0,0.0,0.5388457224376022,0.5388457224376022,0.5388457224376022,0.5388457224376022,0.5388457224376022,0.5388457224376022,6.0,1.0,0.1880081363765889,1,0,0,0,1,0,1,1.9,4.786658062033468,False,False,True,False,True,True,,,2.0,6.0
22229,Sharetribe,https://www.crunchbase.com/organization/sharetribe,Finland,60.1717794,24.9413548,2011,2.0,True,True,False,False,False,True,False,False,False,True,False,False,False,True,1,3,3,False,False,False,False,0.0,False,1.2,False,2012-02-15,2014-11-18,Equity Crowdfunding,2012,62.666666666666664,True,,True,,2.5,19.5,False,,True,,True,,False,,True,,False,,3,0,True,,False,True,,True,,True,,True,,True,,True,,3,,True,,False,True,,True,True,False,False,False,False,True,False,147,2,True,46,13,0.2826086956521739,0.2488960474166244,0.0004833470476976217,3.370042060197808,0.0,13.480168240791231,0.0,3.370042060197808,13.480168240791231,0.0,0.0,0.0,6.740084120395616,0.0,13.480168240791231,19.0,11.0,0.4568950858046318,1,0,0,0,0,1,1,1.9,4.407938016458383,False,False,False,False,False,False,,,9.0,19.0
22219,Smarp,https://www.crunchbase.com/organization/smarp-oy,Finland,60.1717794,24.9413548,2011,3.0,True,True,False,False,False,False,False,False,False,True,True,False,False,True,4,1,2,False,False,False,False,0.0,False,1.844172,False,2015-08-28,2015-08-28,Series A,2015,59.5,True,,False,,2.0,11.5,False,,False,,True,,False,,False,,False,,2,0,True,,True,True,,True,,True,,True,,True,,True,,2,,True,,True,True,,False,False,False,False,False,False,True,True,147,2,True,46,12,0.2608695652173913,0.2318016140573243,0.0004833470476976217,0.0,0.0,0.0,0.0,0.0,0.0,0.0,0.0,0.0,0.0,0.0,0.0,17.0,9.0,0.4296796415579866,1,0,0,0,0,1,0,1.9,4.704110133842995,True,False,True,True,True,True,2021-09-16,10.0,9.0,19.0
22019,Nordcloud,https://www.crunchbase.com/organization/nordcloud,Finland,60.1717794,24.9413548,2011,2.0,True,True,False,False,False,False,False,False,False,True,False,False,False,False,3,1,1,False,True,False,False,0.0,False,2.5,False,2014-05-12,2014-05-12,Series A,2014,230.0,False,,True,,4.0,44.0,False,,False,,True,,False,,False,,False,,0,0,False,,False,False,,False,,False,,False,,False,,False,,0,,False,,False,True,,False,False,False,False,False,False,True,True,147,2,True,46,12,0.2608695652173913,0.2318016140573243,0.0004833470476976217,1.6481780695433328,1.6481780695433328,1.6481780695433328,1.6481780695433328,1.6481780695433328,1.6481780695433328,0.0,0.0,0.0,0.0,0.0,0.0,6.0,1.0,0.1880081363765889,1,0,0,0,0,0,0,1.9,4.786658062033468,True,False,True,True,True,True,2020-12-21,9.0,9.0,19.0
21955,TactoTek,https://www.crunchbase.com/organization/tactotek,Finland,65.0113317,25.4843355,2011,2.0,True,False,False,False,True,True,False,False,False,True,False,False,False,False,0,3,4,True,False,False,False,1.0,True,5.739443,False,2011-06-30,2013-06-30,Corporate Round,2011,34.55555555555556,False,False,True,True,3.8,9.8,True,False,False,False,True,False,False,False,True,True,False,False,0,0,False,False,False,False,False,False,False,False,False,False,False,False,False,False,False,9,1.0,True,True,True,True,False,False,False,False,False,False,False,True,True,7,0,False,6,0,0.0,0.0,0.5393187152150493,0.4720448545913627,0.3053607252268136,0.5388457224376022,0.3053607252268136,0.4728878164457169,0.5388457224376022,0.46530115975652886,0.46530115975652886,0.46530115975652886,0.09413284889588948,0.0,0.305927222297327,1.0,0.0,0.0,0,0,0,0,0,0,0,1.9,4.480740107609915,False,True,True,True,True,True,,,2.0,6.0
22000,Nosto,https://www.crunchbase.com/organization/nosto,Finland,60.1717794,24.9413548,2011,3.0,True,True,False,False,False,True,False,False,False,True,True,False,False,False,2,1,2,False,False,False,False,0.0,False,2.8,False,2013-04-17,2013-04-17,Private Equity,2013,32.5,True,,True,,2.5,10.5,False,,True,,False,,False,,False,,False,,1,0,True,,False,True,,True,,True,,True,,True,,True,,1,,True,,False,True,,False,False,False,False,False,False,True,True,147,2,True,46,12,0.2608695652173913,0.2318016140573243,0.0004833470476976217,0.7583782822344913,0.0,1.5167565644689827,0.0,0.7583782822344913,1.5167565644689827,0.0,0.0,0.0,1.5167565644689827,1.5167565644689827,1.5167565644689827,0.0,0.0,0.0,0,0,0,0,0,0,0,1.9,4.79081953287472,False,True,True,True,True,True,,,9.0,19.0
22383,Tellybean,https://www.crunchbase.com/organization/tellybean,Finland,60.1717794,24.9413548,2011,4.0,False,True,False,False,False,False,False,False,False,True,True,False,False,False,2,1,2,False,False,False,False,0.0,False,2.178776,False,2013-05-31,2013-05-31,Equity Crowdfunding,2013,24.0,True,,False,,2.0,4.0,False,,False,,False,,False,,True,,False,,1,0,True,,False,True,,True,,True,,True,,True,,True,,2,,True,,True,True,,False,False,False,False,False,False,True,True,147,2,True,46,13,0.2826086956521739,0.2488960474166244,0.0004833470476976217,0.04682497443556624,0.0,0.09364994887113248,0.0,0.04682497443556624,0.09364994887113248,0.0,0.0,0.0,0.09364994887113248,0.09364994887113248,0.09364994887113248,6.0,1.0,0.1880081363765889,1,0,0,0,0,0,0,1.9,4.79081953287472,False,False,False,False,False,False,,,9.0,19.0
22360,Innorange Oy,https://www.crunchbase.com/organization/innorange-oy,Finland,60.1717794,24.9413548,2011,4.0,True,True,False,False,False,False,False,False,False,True,True,False,False,False,1,1,1,False,True,False,False,0.0,False,0.0,True,2012-01-01,2012-01-01,Venture - Series Unknown,2012,230.0,False,,True,,2.0,44.0,False,,False,,True,,False,,False,,False,,0,0,False,,False,False,,False,,False,,False,,False,,False,,0,,False,,False,True,,False,False,False,False,False,False,True,True,147,2,True,46,12,0.2608695652173913,0.2318016140573243,0.0004833470476976217,1.6481780695433328,1.6481780695433328,1.6481780695433328,1.6481780695433328,1.6481780695433328,1.6481780695433328,0.0,0.0,0.0,0.0,0.0,0.0,1.0,0.0,0.0,0,0,0,0,0,0,0,1.9,4.407938016458383,True,False,True,True,True,True,2017-04-10,6.0,9.0,19.0
22117,Bonusway,https://www.crunchbase.com/organization/bonusway,Finland,60.1717794,24.9413548,2011,2.0,False,True,False,False,False,True,False,False,False,False,True,False,False,False,3,1,1,False,True,False,True,1.0,True,1.879895,False,2014-11-18,2014-11-18,Series A,2014,67.0,True,True,False,False,3.0,10.0,False,False,False,False,False,False,False,False,False,False,False,False,1,1,True,True,True,True,True,True,True,True,True,True,True,True,True,True,True,1,1.0,True,True,True,True,True,False,False,False,False,False,False,True,True,147,2,True,46,13,0.2826086956521739,0.2488960474166244,0.0004833470476976217,0.0,0.0,0.0,0.0,0.0,0.0,0.0,0.0,0.0,0.0,0.0,0.0,4.0,1.0,0.154629239632742,0,0,0,0,0,0,0,1.9,4.786658062033468,False,False,True,False,True,True,,,9.0,19.0
22118,Holvi,https://www.crunchbase.com/organization/holvi,Finland,60.1717794,24.9413548,2011,4.0,False,True,False,False,False,False,False,False,True,False,False,False,False,False,0,2,4,True,False,False,False,1.0,True,4.940004,False,2011-08-01,2014-05-22,Seed,2011,219.75,False,False,True,True,3.7,36.0,False,False,True,True,True,False,False,False,True,False,False,False,0,0,False,False,False,False,False,False,False,False,False,False,False,False,False,False,False,0,0.0,False,False,False,True,True,False,False,False,False,True,False,True,True,147,2,True,46,12,0.2608695652173913,0.2318016140573243,0.0004833470476976217,1.492398583459615,0.8822559515424552,1.823299526556456,0.8822559515424552,1.509618334885122,1.823299526556456,1.440739329183092,1.440739329183092,1.440739329183092,0.878628555217426,0.0,1.2404215065874356,0.0,0.0,0.0,0,0,0,0,0,0,0,1.9,4.480740107609915,True,False,False,True,True,True,2021-02-03,10.0,9.0,19.0
22079,ONEiO,https://www.crunchbase.com/organization/service-flow,Finland,60.1717794,24.9413548,2011,4.0,True,True,False,False,True,False,False,False,False,True,False,False,False,False,7,2,3,True,False,False,False,2.0,True,9.110454,False,2018-06-13,2022-04-20,Seed,2018,78.5,True,True,True,True,15.0,14.5,False,False,True,True,False,False,False,False,False,False,False,False,3,1,True,True,False,True,True,True,True,True,True,True,True,True,True,True,True,3,1.0,True,True,False,True,True,False,False,False,False,False,False,True,True,147,2,True,46,13,0.2826086956521739,0.2488960474166244,0.0004833470476976217,0.09900418855659253,0.0,0.3960167542263701,0.0,0.0,0.0,0.0,0.19800837711318506,0.3960167542263701,0.19800837711318506,0.0,0.3960167542263701,10.0,2.0,0.2701263796899331,1,0,0,0,0,0,0,1.9,5.303304908059076,False,False,False,False,False,False,,,9.0,19.0
22237,NurseBuddy,https://www.crunchbase.com/organization/nursebuddy,Finland,61.4789039,22.5944165,2012,2.0,True,False,False,False,False,False,False,True,False,True,False,False,False,False,2,5,5,True,False,True,False,1.0,True,1.266141,False,2014-12-19,2020-07-01,Seed,2014,23.125,False,False,True,True,2.0,3.2,False,False,False,False,False,False,False,False,False,False,False,False,0,0,False,False,False,False,False,False,False,False,False,False,False,False,False,False,False,8,1.0,True,True,True,True,True,False,False,False,False,False,False,True,True,7,0,False,4,1,0.25,0.2231435513142097,0.193545941836843,0.193131491121286,0.193131491121286,0.193131491121286,0.193131491121286,0.193131491121286,0.193131491121286,0.193131491121286,0.193131491121286,0.193131491121286,0.0,0.0,0.0,1.0,2.0,0.1010110579727503,0,0,0,0,1,1,1,-0.7,4.786658062033468,False,False,False,False,False,False,,,0.0,0.4000000000000003
22052,Norsepower Oy,https://www.crunchbase.com/organization/norsepower-oy,Finland,60.1717794,24.9413548,2012,1.0,True,True,True,False,False,False,False,False,False,False,False,True,False,False,4,1,2,True,False,False,False,1.0,True,3.249137,False,2016-01-31,2016-01-31,Series C,2016,13.0,True,False,True,True,11.5,3.0,True,True,False,False,False,False,False,False,False,False,False,False,1,0,True,False,False,True,False,True,False,True,False,True,False,True,False,True,False,2,1.0,True,True,True,True,False,False,False,False,False,False,False,True,True,147,2,True,65,19,0.2923076923076923,0.2564295289476765,0.0004833470476976217,0.10474408409159285,0.0,0.20948816818318572,0.0,0.0,0.0,0.20948816818318572,0.20948816818318572,0.20948816818318572,0.20948816818318572,0.20948816818318572,0.20948816818318572,2.0,0.0,0.0402231640645322,0,0,0,0,0,0,0,-0.7,4.6709579265260945,False,True,True,True,True,True,,,9.0,19.0
22091,IndoorAtlas,https://www.crunchbase.com/organization/indooratlas,Finland,65.0113317,25.4843355,2012,4.0,True,False,False,False,False,True,False,False,False,True,False,False,False,False,1,2,3,True,False,False,False,1.0,True,5.14,False,2013-04-01,2014-06-11,Venture - Series Unknown,2013,5.75,False,False,True,True,7.0,1.0,False,False,False,False,False,False,False,False,True,False,False,False,0,0,False,False,False,False,False,False,False,False,False,False,False,False,False,False,False,2,0.0,True,False,False,True,False,True,True,True,False,False,False,True,False,7,0,False,13,1,0.0769230769230769,0.0741079721537218,0.5393187152150493,4.272006744711939,0.46530115975652886,8.041940048326811,0.46530115975652886,3.015362310173648,8.041940048326811,8.041940048326811,8.041940048326811,8.041940048326811,5.601765584136582,0.0,8.383011068060075,0.0,0.0,0.0,0,0,0,0,0,0,0,-0.7,4.79081953287472,False,False,True,False,True,True,,,2.0,6.0
22156,Kaiku Health,https://www.crunchbase.com/organization/netmedi,Finland,60.1717794,24.9413548,2012,5.0,True,True,False,False,False,False,False,True,False,True,False,False,False,False,1,3,5,True,False,False,False,1.0,True,1.17778,False,2013-09-01,2016-04-22,Series A,2013,51.666666666666664,True,True,True,False,3.3,9.7,False,False,False,False,True,False,False,False,False,False,False,False,5,1,True,True,False,True,True,True,True,True,True,True,True,True,True,True,True,5,1.0,True,True,False,True,True,False,False,False,False,False,False,True,True,147,2,True,65,19,0.2923076923076923,0.2564295289476765,0.0004833470476976217,0.27469634492388884,0.0,1.6481780695433328,0.0,0.3296356139086666,1.6481780695433328,0.0,0.0,0.0,0.5493926898477777,0.0,1.6481780695433328,23.0,16.0,0.5070066351577434,1,1,0,1,0,1,1,-0.7,4.79081953287472,True,False,True,True,True,True,2020-05-19,8.0,9.0,19.0
22164,GBuilder,https://www.crunchbase.com/organization/gbuilder,Finland,60.1717794,24.9413548,2012,1.0,True,True,False,False,False,True,False,False,False,True,False,False,True,True,4,1,1,False,True,False,True,1.0,True,0.0,True,2016-09-01,2016-09-01,Venture - Series Unknown,2016,66.0,False,False,True,True,4.0,2.0,False,False,False,False,False,False,False,False,False,False,False,False,0,0,False,False,False,False,False,False,False,False,False,False,False,False,False,False,False,1,1.0,True,True,True,False,False,False,False,False,False,False,False,True,True,147,2,True,65,20,0.3076923076923077,0.2682639865946793,0.0004833470476976217,0.5388457224376022,0.5388457224376022,0.5388457224376022,0.0,0.0,0.0,0.5388457224376022,0.5388457224376022,0.5388457224376022,0.0,0.0,0.0,5.0,0.0,0.1089851172067322,0,0,0,0,0,0,0,-0.7,4.6709579265260945,False,False,True,False,True,True,,,9.0,19.0
22250,OneMind Dogs,https://www.crunchbase.com/organization/onemind-dogs,Finland,62.0,24.0,2012,1.0,False,False,False,False,False,True,False,True,False,False,False,False,False,False,3,1,2,False,False,False,False,0.0,False,0.471024,True,2015-01-13,2015-01-13,Equity Crowdfunding,2015,80.5,False,,True,,4.5,12.0,False,,True,,True,,False,,True,,False,,0,0,False,,False,False,,False,,False,,False,,False,,False,,2,,True,,True,True,,False,False,False,False,False,False,True,True,12,0,False,5,1,0.2,0.1823215567939546,0.20997009474927936,0.20948816818318572,0.20948816818318572,0.20948816818318572,0.20948816818318572,0.20948816818318572,0.20948816818318572,0.0,0.0,0.0,0.0,0.0,0.0,1.0,0.0,0.0,0,0,0,0,1,1,1,-0.7,4.704110133842995,False,False,False,False,False,False,,,0.0,0.8000000000000007
22329,Ledistys,https://www.crunchbase.com/organization/ledistys,Finland,64.91245,25.5108223,2012,1.0,True,False,False,False,True,True,False,False,False,True,False,False,False,False,5,1,1,False,True,False,True,1.0,True,0.765928,False,2017-11-15,2017-11-15,Seed,2017,64.0,False,False,True,True,3.0,4.0,False,False,True,True,False,False,False,False,False,False,False,False,0,0,False,False,False,False,False,False,False,False,False,False,False,False,False,False,False,1,1.0,True,True,True,True,True,False,False,False,False,False,False,True,True,7,0,False,1,0,0.0,0.0,0.5284135588598055,0.5279409197209559,0.5279409197209559,0.5279409197209559,0.0,0.0,0.0,0.5279409197209559,0.5279409197209559,0.5279409197209559,0.0,0.0,0.0,0.0,0.0,0.0,0,0,0,0,0,0,0,-0.7,5.303304908059076,False,False,False,False,False,False,,,2.0,6.0
22392,RiskPointer,https://www.crunchbase.com/organization/riskpointer,Finland,60.83333,26.0,2012,2.0,True,False,False,False,False,True,False,False,True,True,False,False,False,False,3,1,1,False,True,False,False,0.0,False,0.111961,True,2015-09-25,2015-09-25,Seed,2015,67.0,True,,False,,4.0,10.0,False,,False,,False,,False,,False,,False,,0,0,False,,False,True,,False,,False,,False,,False,,False,,1,,True,,True,True,,False,False,False,False,False,False,True,True,32,0,False,15,3,0.2,0.1823215567939546,0.09398058736034391,0.09364994887113248,0.09364994887113248,0.09364994887113248,0.09364994887113248,0.09364994887113248,0.09364994887113248,0.0,0.0,0.0,0.0,0.0,0.0,2.0,2.0,0.1412342220372826,0,0,0,0,0,1,0,-0.7,4.704110133842995,False,False,False,False,False,False,,,2.0,5.0
22393,Fourdeg,https://www.crunchbase.com/organization/fourdeg,Finland,60.1717794,24.9413548,2012,1.0,True,True,True,True,True,False,False,False,False,True,False,True,False,False,1,1,1,False,True,False,False,0.0,False,0.0,True,2013-06-11,2013-06-11,Seed,2013,66.0,False,,True,,1.0,2.0,False,,False,,False,,False,,False,,False,,0,0,False,,False,False,,False,,False,,False,,False,,False,,1,,True,,True,False,,False,False,False,False,False,False,True,True,147,2,True,65,20,0.3076923076923077,0.2682639865946793,0.0004833470476976217,0.5388457224376022,0.5388457224376022,0.5388457224376022,0.5388457224376022,0.5388457224376022,0.5388457224376022,0.0,0.0,0.0,0.0,0.0,0.0,1.0,2.0,0.1010110579727503,0,0,0,0,0,0,0,-0.7,4.79081953287472,False,False,False,False,False,False,,,9.0,19.0
22287,Wellmo,https://www.crunchbase.com/organization/wellmo,Finland,60.83333,26.0,2012,1.0,True,False,False,False,False,False,False,True,False,True,False,False,False,False,2,1,1,False,True,False,False,0.0,False,2.509761,False,2014-04-01,2014-04-01,Series A,2014,230.0,False,,True,,4.0,44.0,False,,False,,True,,False,,False,,False,,0,0,False,,False,False,,False,,False,,False,,False,,False,,0,,False,,False,True,,False,False,False,False,False,False,True,True,32,0,False,15,3,0.2,0.1823215567939546,0.09398058736034391,1.7350928859487775,1.7350928859487775,1.7350928859487775,1.7350928859487775,1.7350928859487775,1.7350928859487775,0.0,0.0,0.0,0.0,0.0,0.0,5.0,0.0,0.1089851172067322,0,0,0,0,0,0,1,-0.7,4.786658062033468,False,False,True,False,True,True,,,2.0,5.0
22008,Leadfeeder,https://www.crunchbase.com/organization/leadfeeder,Finland,60.1717794,24.9413548,2012,3.0,True,True,False,False,False,False,False,False,False,True,True,False,False,True,4,2,2,True,False,False,False,1.0,True,1.436067,False,2016-02-11,2017-06-15,Series A,2016,44.0,True,True,False,False,2.5,3.5,False,False,True,True,False,False,False,False,False,False,False,False,2,2,True,True,False,True,True,True,True,True,True,True,True,True,True,True,True,4,2.0,True,True,True,True,True,False,False,False,False,False,False,True,True,147,2,True,65,19,0.2923076923076923,0.2564295289476765,0.0004833470476976217,0.04682497443556624,0.0,0.09364994887113248,0.09364994887113248,0.09364994887113248,0.09364994887113248,0.0,0.0,0.0,0.06243329924742165,0.0,0.09364994887113248,10.0,14.0,0.4181049049197158,1,0,0,1,0,1,0,-0.7,4.6709579265260945,True,False,True,True,True,True,2022-06-21,10.0,9.0,19.0
22400,Convion,https://www.crunchbase.com/organization/convion,Finland,60.83333,26.0,2012,1.0,True,False,True,False,True,False,False,False,False,False,False,True,True,False,1,1,1,False,True,False,True,1.0,True,0.0,True,2013-01-01,2013-01-01,Series A,2013,16.0,False,False,True,True,11.0,5.0,True,True,False,False,False,False,False,False,False,False,False,False,0,0,False,False,False,False,False,False,False,False,False,False,False,False,False,False,False,1,1.0,True,True,True,False,False,False,False,False,False,False,False,True,True,32,0,False,15,2,0.1333333333333333,0.125163142954006,0.09398058736034391,0.16776442853543902,0.16776442853543902,0.16776442853543902,0.0,0.0,0.0,0.16776442853543902,0.16776442853543902,0.16776442853543902,0.0,0.0,0.0,1.0,0.0,0.0,0,0,0,0,0,0,0,-0.7,4.79081953287472,True,False,True,True,True,True,2024-08-26,12.0,2.0,5.0
22216,Synoste Oy,https://www.crunchbase.com/organization/synoste-oy,Finland,60.83333,26.0,2012,3.0,True,False,False,False,True,False,False,True,False,False,False,False,False,False,2,1,1,False,True,False,False,0.0,False,0.0,True,2014-01-01,2014-01-01,Venture - Series Unknown,2014,230.0,False,,True,,4.0,44.0,False,,False,,True,,False,,False,,False,,0,0,False,,False,False,,False,,False,,False,,False,,False,,0,,False,,False,True,,False,False,False,False,False,False,True,True,32,0,False,15,2,0.1333333333333333,0.125163142954006,0.09398058736034391,1.7350928859487775,1.7350928859487775,1.7350928859487775,1.7350928859487775,1.7350928859487775,1.7350928859487775,0.0,0.0,0.0,0.0,0.0,0.0,5.0,0.0,0.1089851172067322,0,0,0,0,0,0,1,-0.7,4.786658062033468,True,False,True,True,True,True,2020-06-30,8.0,2.0,5.0
22542,UPGRD Photos,https://www.crunchbase.com/organization/upgrd-photos,Finland,60.1717794,24.9413548,2012,2.0,False,True,False,False,False,True,False,False,False,True,True,False,False,False,6,1,1,False,True,True,True,1.0,True,0.0,True,2018-01-24,2018-01-24,Seed,2018,76.0,True,True,False,False,1.0,4.0,False,False,True,True,False,False,False,False,True,True,False,False,1,1,True,True,True,True,True,True,True,True,True,True,True,True,True,True,True,1,1.0,True,True,True,True,True,False,False,False,False,False,False,True,True,147,2,True,65,20,0.3076923076923077,0.2682639865946793,0.0004833470476976217,0.0,0.0,0.0,0.0,0.0,0.0,0.0,0.0,0.0,0.0,0.0,0.0,13.0,7.0,0.384231853348268,1,0,0,0,0,0,0,-0.7,5.303304908059076,False,False,False,False,False,False,,,9.0,19.0
22524,Boomlagoon,https://www.crunchbase.com/organization/boomlagoon,Finland,60.1717794,24.9413548,2012,2.0,False,True,False,False,False,False,False,False,False,True,True,False,False,False,0,1,2,False,False,False,False,0.0,False,0.0,True,2012-11-27,2012-11-27,Series A,2012,40.5,False,,True,,2.0,13.0,True,,False,,False,,False,,False,,False,,0,0,False,,False,False,,False,,False,,False,,False,,False,,0,,False,,False,True,,False,False,False,False,False,False,True,True,147,2,True,65,19,0.2923076923076923,0.2564295289476765,0.0004833470476976217,1.823299526556456,1.823299526556456,1.823299526556456,1.823299526556456,1.823299526556456,1.823299526556456,0.0,0.0,0.0,0.0,0.0,0.0,2.0,0.0,0.0402231640645322,0,0,0,0,0,0,0,-0.7,4.407938016458383,True,False,True,True,True,True,2016-12-01,4.0,9.0,19.0
22495,HitSeed,https://www.crunchbase.com/organization/hitseed,Finland,60.83333,26.0,2012,4.0,True,False,False,False,True,True,False,False,False,True,False,False,False,False,2,1,1,False,True,False,False,0.0,False,0.0,True,2014-01-01,2014-01-01,Seed,2014,230.0,False,,True,,4.0,44.0,False,,False,,True,,False,,False,,False,,0,0,False,,False,False,,False,,False,,False,,False,,False,,0,,False,,False,True,,False,False,False,False,False,False,True,True,32,0,False,15,3,0.2,0.1823215567939546,0.09398058736034391,1.7350928859487775,1.7350928859487775,1.7350928859487775,1.7350928859487775,1.7350928859487775,1.7350928859487775,0.0,0.0,0.0,0.0,0.0,0.0,5.0,0.0,0.1089851172067322,0,0,0,0,0,0,1,-0.7,4.786658062033468,False,False,False,False,False,False,,,2.0,5.0
22504,in1SIM,https://www.crunchbase.com/organization/in1sim,Finland,65.0113317,25.4843355,2012,1.0,True,False,False,False,False,False,False,False,False,True,False,False,False,False,0,1,1,False,True,False,False,0.0,False,0.518718,False,2012-11-29,2012-11-29,Seed,2012,67.0,False,,True,,1.0,10.0,False,,False,,False,,False,,False,,False,,0,0,False,,False,False,,False,,False,,False,,False,,False,,1,,True,,True,True,,False,False,False,False,False,False,True,True,7,0,False,13,1,0.0769230769230769,0.0741079721537218,0.5393187152150493,0.5388457224376022,0.5388457224376022,0.5388457224376022,0.5388457224376022,0.5388457224376022,0.5388457224376022,0.0,0.0,0.0,0.0,0.0,0.0,0.0,0.0,0.0,0,0,0,0,0,0,0,-0.7,4.407938016458383,False,False,False,False,False,False,,,2.0,6.0
22505,CBTec Oy,https://www.crunchbase.com/organization/cbtec,Finland,60.1717794,24.9413548,2012,2.0,True,True,False,False,False,True,False,False,False,True,False,False,False,False,2,1,1,False,True,False,True,1.0,True,0.304284,True,2014-04-24,2014-04-24,Seed,2014,99.0,True,True,False,False,9.0,19.0,False,False,True,True,False,False,False,False,False,False,False,False,1,1,True,True,True,True,True,True,True,True,True,True,True,True,True,True,True,1,1.0,True,True,True,True,True,False,False,False,False,False,False,True,True,147,2,True,65,19,0.2923076923076923,0.2564295289476765,0.0004833470476976217,0.0,0.0,0.0,0.0,0.0,0.0,0.0,0.0,0.0,0.0,0.0,0.0,4.0,4.0,0.2388768829477851,1,0,0,0,0,0,0,-0.7,4.786658062033468,True,False,False,True,True,True,2023-08-11,11.0,9.0,19.0
22509,Exaget,https://www.crunchbase.com/organization/exaget,Finland,60.1717794,24.9413548,2012,2.0,False,True,False,False,False,True,False,False,False,True,True,False,False,False,2,2,3,False,False,False,False,0.0,False,1.330993,False,2014-08-29,2015-02-03,Seed,2014,65.33333333333333,True,,True,,8.3,9.0,False,,False,,True,,True,,False,,False,,1,0,True,,False,True,,True,,True,,True,,True,,True,,2,,True,,False,True,,False,False,False,False,False,False,True,True,147,2,True,65,20,0.3076923076923077,0.2682639865946793,0.0004833470476976217,0.7097422496179275,0.0,1.823299526556456,0.0,0.7097422496179275,1.823299526556456,0.0,0.0,0.0,1.400288236487619,0.305927222297327,2.0716379606090745,6.0,3.0,0.2517390182913285,1,0,0,0,0,0,0,-0.7,4.786658062033468,False,False,False,False,False,False,,,9.0,19.0
22522,CaddieON,https://www.crunchbase.com/organization/caddieon-37a1,Finland,65.0113317,25.4843355,2012,1.0,False,False,False,False,False,False,False,False,False,True,False,False,False,False,1,1,1,False,True,False,False,0.0,False,0.0,True,2013-07-15,2013-07-15,Seed,2013,66.0,True,,False,,1.0,2.0,False,,False,,False,,False,,False,,False,,1,0,True,,True,True,,True,,True,,True,,True,,True,,1,,True,,True,False,,False,False,False,False,False,False,True,True,7,0,False,13,1,0.0769230769230769,0.0741079721537218,0.5393187152150493,0.0,0.0,0.0,0.0,0.0,0.0,0.0,0.0,0.0,0.0,0.0,0.0,1.0,0.0,0.0,0,0,0,0,0,0,0,-0.7,4.79081953287472,False,False,False,False,False,False,,,2.0,6.0
22523,Huimio,https://www.crunchbase.com/organization/huimio,Finland,60.1717794,24.9413548,2012,1.0,False,True,False,False,False,False,False,False,False,True,True,False,False,False,2,1,1,False,True,False,False,0.0,False,0.12,True,2014-09-04,2014-09-04,Seed,2014,37.0,True,,False,,2.0,6.0,False,,False,,False,,False,,False,,False,,1,0,True,,True,True,,True,,True,,True,,True,,True,,1,,True,,True,True,,False,False,False,False,False,False,True,True,147,2,True,65,20,0.3076923076923077,0.2682639865946793,0.0004833470476976217,0.0,0.0,0.0,0.0,0.0,0.0,0.0,0.0,0.0,0.0,0.0,0.0,11.0,9.0,0.3894564774934544,1,0,0,0,0,1,0,-0.7,4.786658062033468,False,False,False,False,False,False,,,9.0,19.0
22475,Omegawave,https://www.crunchbase.com/organization/omegawave,Finland,60.83333,26.0,2012,2.0,True,False,False,False,False,True,False,True,False,True,False,False,False,False,1,1,2,False,False,False,False,0.0,False,3.462229,False,2013-06-11,2013-06-11,Seed,2013,17.0,True,,False,,27.0,6.5,False,,False,,False,,False,,True,,True,,1,0,True,,False,True,,True,,True,,True,,True,,True,,2,,True,,True,True,,False,False,False,False,False,False,True,True,32,0,False,15,3,0.2,0.1823215567939546,0.09398058736034391,0.04682497443556624,0.0,0.09364994887113248,0.0,0.04682497443556624,0.09364994887113248,0.0,0.0,0.0,0.09364994887113248,0.09364994887113248,0.09364994887113248,0.0,0.0,0.0,0,0,0,0,0,0,0,-0.7,4.79081953287472,False,False,False,False,False,False,,,2.0,5.0
22477,Stylewhile,https://www.crunchbase.com/organization/stylewhile,Finland,60.1717794,24.9413548,2012,3.0,False,True,False,False,True,True,False,False,False,True,False,False,False,False,1,1,3,False,False,False,False,0.0,False,0.85,False,2013-08-27,2013-08-27,Venture - Series Unknown,2013,50.666666666666664,True,,True,,2.5,8.7,False,,True,,False,,False,,True,,False,,2,0,True,,True,True,,True,,True,,True,,True,,True,,2,,True,,True,True,,False,False,False,False,False,False,True,True,147,2,True,65,20,0.3076923076923077,0.2682639865946793,0.0004833470476976217,0.0,0.0,0.0,0.0,0.0,0.0,0.0,0.0,0.0,0.0,0.0,0.0,11.0,4.0,0.3257255955787148,1,0,0,0,0,0,0,-0.7,4.79081953287472,False,False,True,False,True,True,,,9.0,19.0
22484,StepOne Tech,https://www.crunchbase.com/organization/stepone-tech,Finland,62.0,24.0,2012,1.0,True,False,True,True,True,False,False,False,False,False,False,True,False,False,8,1,1,False,True,False,False,0.0,False,0.0,True,2020-03-05,2020-03-05,Seed,2020,60.0,False,,True,,6.0,12.0,False,,False,,False,,False,,False,,False,,0,0,False,,False,False,,False,,False,,False,,False,,False,,0,,False,,False,False,,True,True,True,True,False,False,False,False,12,0,False,5,1,0.2,0.1823215567939546,0.20997009474927936,6.47604717824976,6.47604717824976,6.47604717824976,6.47604717824976,6.47604717824976,6.47604717824976,0.0,0.0,0.0,0.0,0.0,0.0,0.0,0.0,0.0,0,0,0,0,1,1,0,-0.7,5.993961427306569,False,False,False,False,False,False,,,0.0,0.8000000000000007
22419,Koru Lab,https://www.crunchbase.com/organization/koru-lab,Finland,60.1717794,24.9413548,2012,2.0,False,True,False,False,False,True,False,False,False,True,False,False,False,False,3,1,1,False,True,False,False,0.0,False,0.0,True,2015-03-24,2015-03-24,Seed,2015,230.0,False,,True,,5.0,44.0,False,,False,,True,,False,,False,,False,,0,0,False,,False,False,,False,,False,,False,,False,,False,,0,,False,,False,True,,False,False,False,False,False,False,True,True,147,2,True,65,20,0.3076923076923077,0.2682639865946793,0.0004833470476976217,1.6481780695433328,1.6481780695433328,1.6481780695433328,1.6481780695433328,1.6481780695433328,1.6481780695433328,0.0,0.0,0.0,0.0,0.0,0.0,8.0,1.0,0.212939163186004,1,0,0,0,0,0,0,-0.7,4.704110133842995,False,False,False,False,False,False,,,9.0,19.0
22429,Sayduck,https://www.crunchbase.com/organization/sayduck,Finland,60.1717794,24.9413548,2012,3.0,True,True,False,False,False,True,False,False,False,True,False,False,False,False,0,4,7,False,False,False,False,0.0,False,1.480514,False,2012-04-01,2014-11-24,Seed,2012,50.666666666666664,True,,True,,3.2,9.7,False,,True,,True,,False,,True,,False,,0,0,False,,False,True,,False,,False,,False,,False,,False,,2,,True,,False,True,,True,True,True,False,False,False,True,False,147,2,True,65,19,0.2923076923076923,0.2564295289476765,0.0004833470476976217,4.442861294974691,0.09364994887113248,9.27205088307936,0.09364994887113248,4.442861294974691,9.27205088307936,0.0,0.0,0.0,7.1292731139185355,0.0,13.584704601353966,3.0,0.0,0.0687619531421999,0,0,0,0,0,0,0,-0.7,4.407938016458383,True,False,False,True,True,True,2019-07-08,7.0,9.0,19.0
22436,Froont,https://www.crunchbase.com/organization/froont,Finland,60.1717794,24.9413548,2012,3.0,True,True,False,False,True,False,False,False,False,True,False,False,False,False,2,1,2,False,False,False,False,0.0,False,0.82255,False,2014-04-01,2014-04-01,Seed,2014,79.0,True,,True,,6.5,12.5,False,,True,,False,,False,,True,,False,,1,0,True,,False,True,,True,,True,,True,,True,,True,,1,,True,,False,True,,False,False,False,False,False,False,True,True,147,2,True,65,20,0.3076923076923077,0.2682639865946793,0.0004833470476976217,0.18283358413326464,0.0,0.3656671682665293,0.0,0.18283358413326464,0.3656671682665293,0.0,0.0,0.0,0.3656671682665293,0.3656671682665293,0.3656671682665293,4.0,3.0,0.2183601215474815,1,0,0,0,0,0,0,-0.7,4.786658062033468,False,False,False,False,False,False,,,9.0,19.0
22449,ProtoGeo,https://www.crunchbase.com/organization/protogeo,Finland,60.1717794,24.9413548,2012,3.0,True,True,False,False,False,False,False,False,False,True,False,False,False,False,1,1,3,False,False,False,False,0.0,False,1.6,False,2013-01-24,2013-01-24,Seed,2013,74.33333333333333,True,,True,,2.7,17.7,False,,True,,True,,False,,True,,False,,2,0,True,,False,True,,True,,True,,True,,True,,True,,2,,True,,False,True,,False,False,False,False,False,False,True,True,147,2,True,65,19,0.2923076923076923,0.2564295289476765,0.0004833470476976217,0.607766508852152,0.0,1.823299526556456,0.0,0.607766508852152,1.823299526556456,0.0,0.0,0.0,1.215533017704304,0.0,1.823299526556456,6.0,2.0,0.2252883124345997,1,0,0,0,0,0,0,-0.7,4.79081953287472,True,False,False,True,True,True,2014-04-24,2.0,9.0,19.0
22451,Augumenta,https://www.crunchbase.com/organization/augumenta,Finland,65.0113317,25.4843355,2012,3.0,True,False,False,False,True,True,False,False,False,True,False,False,False,False,2,2,3,True,False,False,False,1.0,True,0.0,True,2014-11-17,2017-01-13,Seed,2014,27.2,True,True,True,False,3.0,0.8,False,False,False,False,False,False,False,False,False,False,False,False,2,2,True,True,False,True,True,True,True,True,True,True,True,True,True,True,True,3,2.0,True,True,False,False,False,True,True,True,False,False,False,True,False,7,0,False,13,1,0.0769230769230769,0.0741079721537218,0.5393187152150493,3.3835879078769198,0.0,8.249732555750732,0.41847442788313227,5.639313179794867,8.249732555750732,0.0,0.0,0.0,5.090585480491208,0.0,8.534987863071445,9.0,4.0,0.3076388360899851,1,0,0,0,1,1,1,-0.7,4.786658062033468,False,False,False,False,False,False,,,2.0,6.0
22439,SCOOL,https://www.crunchbase.com/organization/scool,Finland,60.1717794,24.9413548,2012,1.0,True,True,False,False,False,True,False,False,False,True,False,False,False,False,3,1,1,False,True,False,False,0.0,False,1.0,False,2015-03-15,2015-03-15,Seed,2015,18.0,False,,True,,3.0,4.0,False,,False,,False,,False,,False,,False,,0,0,False,,False,False,,False,,False,,False,,False,,False,,0,,False,,False,True,,False,False,False,False,False,False,True,True,147,2,True,65,20,0.3076923076923077,0.2682639865946793,0.0004833470476976217,1.5167565644689827,1.5167565644689827,1.5167565644689827,1.5167565644689827,1.5167565644689827,1.5167565644689827,0.0,0.0,0.0,0.0,0.0,0.0,2.0,1.0,0.1039540459792718,0,0,0,0,0,0,0,-0.7,4.704110133842995,False,False,False,False,False,False,,,9.0,19.0
22487,Laturi Corporation,https://www.crunchbase.com/organization/laturi-corporation,Finland,65.0113317,25.4843355,2012,1.0,True,False,False,False,False,True,False,True,False,False,False,False,False,False,1,1,1,False,True,False,False,0.0,False,0.0,True,2013-11-15,2013-11-15,Seed,2013,66.0,True,,False,,1.0,2.0,False,,False,,False,,False,,False,,False,,1,0,True,,True,True,,True,,True,,True,,True,,True,,1,,True,,True,False,,False,False,False,False,False,False,True,True,7,0,False,13,1,0.0769230769230769,0.0741079721537218,0.5393187152150493,0.0,0.0,0.0,0.0,0.0,0.0,0.0,0.0,0.0,0.0,0.0,0.0,1.0,0.0,0.0,0,0,0,0,0,0,0,-0.7,4.79081953287472,False,False,False,False,False,False,,,2.0,6.0
22226,Aurelia Turbines,https://www.crunchbase.com/organization/aurelia-turbines,Finland,60.83333,26.0,2013,1.0,True,False,True,False,True,False,False,False,False,True,False,False,False,False,1,1,1,False,True,False,True,1.0,True,0.0,True,2014-01-01,2014-01-01,Venture - Series Unknown,2014,6.0,True,True,False,False,14.0,2.0,False,False,False,False,True,True,False,False,False,False,False,False,0,0,False,False,False,True,True,False,False,False,False,False,False,False,False,False,False,1,1.0,True,True,True,True,True,False,False,False,False,False,False,True,True,32,0,False,22,3,0.1363636363636363,0.1278333715098848,0.09398058736034391,0.09364994887113248,0.09364994887113248,0.09364994887113248,0.0,0.0,0.0,0.09364994887113248,0.09364994887113248,0.09364994887113248,0.0,0.0,0.0,0.0,0.0,0.0,0,0,0,0,0,0,0,-0.08,4.786658062033468,False,False,True,False,True,True,,,2.0,5.0
22217,Klinik,https://www.crunchbase.com/organization/klinik,Finland,60.1717794,24.9413548,2013,2.0,False,True,False,False,False,False,False,True,False,False,False,False,False,False,3,1,3,True,False,False,False,1.0,True,0.537374,False,2016-11-14,2016-11-14,Series A,2016,18.666666666666668,True,True,True,False,16.5,1.7,False,False,False,False,True,False,False,False,False,False,False,False,2,1,True,True,False,True,True,True,True,True,True,True,True,True,True,True,True,2,1.0,True,True,False,True,True,True,True,True,False,False,False,True,False,147,2,True,95,25,0.2631578947368421,0.2336148511815051,0.0004833470476976217,2.2479123355044637,0.0,6.74373700651339,0.0,3.371868503256695,6.74373700651339,0.0,0.0,0.0,4.495824671008927,0.0,6.74373700651339,5.0,5.0,0.273727057094222,1,0,0,0,0,0,0,-0.08,4.6709579265260945,False,False,True,False,True,True,,,9.0,19.0
22207,Venuu,https://www.crunchbase.com/organization/venuu,Finland,60.1717794,24.9413548,2013,3.0,False,True,False,False,False,True,False,False,False,True,True,False,False,False,1,3,4,True,False,False,False,1.0,True,0.934715,False,2014-02-25,2016-06-08,Venture - Series Unknown,2014,32.2,True,True,True,False,2.5,4.2,False,False,True,True,False,False,False,False,False,False,False,False,3,1,True,True,False,True,True,True,True,True,True,True,True,True,True,True,True,3,1.0,True,True,False,True,True,True,True,True,False,False,False,True,False,147,2,True,95,25,0.2631578947368421,0.2336148511815051,0.0004833470476976217,2.0477569824555832,0.0,8.722028347808934,0.0,2.5596962280694786,8.722028347808934,0.0,0.0,0.0,3.9485493625210752,0.0,8.769138888377006,15.0,15.0,0.461209387085558,1,0,0,1,0,1,0,-0.08,4.786658062033468,False,False,True,False,True,True,,,9.0,19.0
22282,Screenful,https://www.crunchbase.com/organization/screenful,Finland,60.1717794,24.9413548,2013,2.0,True,True,False,False,True,False,False,False,False,True,False,False,False,True,5,2,5,True,False,True,False,1.0,True,0.354402,True,2018-06-01,2018-09-06,Seed,2018,18.833333333333332,True,False,True,True,9.6,2.5,False,False,False,False,False,False,True,False,False,False,True,False,3,0,True,False,False,True,False,True,False,True,False,True,False,True,False,True,False,3,0.0,True,False,False,True,False,True,True,True,False,False,False,True,False,147,2,True,95,25,0.2631578947368421,0.2336148511815051,0.0004833470476976217,5.222441820093795,0.0,15.200439106893706,0.0,3.8001097767234264,15.200439106893706,8.067105906834533,8.067105906834533,8.067105906834533,7.898415367371398,0.0,15.200439106893706,11.0,7.0,0.3689397160931508,1,0,0,0,0,0,0,-0.08,5.303304908059076,False,False,False,False,False,False,,,9.0,19.0
22281,Steerpath,https://www.crunchbase.com/organization/nimble-devices,Finland,60.83333,26.0,2013,3.0,False,False,False,False,False,False,False,False,False,True,True,False,True,True,5,1,1,False,True,True,True,1.0,True,0.730973,False,2018-08-10,2018-08-10,Pre-Seed,2018,53.0,True,True,False,False,3.0,3.0,False,False,True,True,False,False,False,False,False,False,False,False,0,0,False,False,False,True,True,False,False,False,False,False,False,False,False,False,False,1,1.0,True,True,True,True,True,False,False,False,False,False,False,True,True,32,0,False,22,3,0.1363636363636363,0.1278333715098848,0.09398058736034391,0.09364994887113248,0.09364994887113248,0.09364994887113248,0.0,0.0,0.0,0.09364994887113248,0.09364994887113248,0.09364994887113248,0.0,0.0,0.0,4.0,1.0,0.154629239632742,0,0,0,0,0,0,0,-0.08,5.303304908059076,False,False,False,False,False,False,,,2.0,5.0
22269,Yogaia,https://www.crunchbase.com/organization/yoogaia,Finland,60.83333,26.0,2013,1.0,False,False,False,False,False,True,False,True,False,False,False,False,False,False,1,2,4,True,False,False,False,2.0,True,3.63,False,2014-10-06,2015-08-20,Seed,2014,101.6,True,True,True,True,7.6,27.4,True,True,True,True,False,False,False,False,False,False,False,False,0,0,False,False,False,True,True,False,False,False,False,False,False,False,False,False,False,2,1.0,True,True,False,True,True,True,True,True,False,True,False,True,False,32,0,False,22,3,0.1363636363636363,0.1278333715098848,0.09398058736034391,2.3397545059581204,0.09364994887113248,8.710420093014479,0.09364994887113248,0.964900829301664,1.6014210475197566,0.09364994887113248,4.402035020942805,8.710420093014479,4.125981364570062,0.0,9.129201415834492,2.0,6.0,0.2191383690949482,1,0,0,0,1,1,0,-0.08,4.786658062033468,False,False,False,False,False,False,,,2.0,5.0
22034,Sooma,https://www.crunchbase.com/organization/sooma,Finland,60.1717794,24.9413548,2013,2.0,True,True,False,False,False,False,False,True,False,False,False,False,False,False,0,2,3,False,False,False,False,3.0,True,6.685078,False,2013-06-06,2024-03-12,Seed,2013,72.0,True,True,True,True,7.3,13.3,True,True,True,True,False,False,False,False,True,True,False,False,2,2,True,True,False,True,True,True,True,True,True,True,True,True,True,True,True,3,3.0,True,True,True,True,True,False,False,False,False,False,False,True,True,147,2,True,95,25,0.2631578947368421,0.2336148511815051,0.0004833470476976217,0.10197574076577565,0.0,0.305927222297327,0.0,0.0,0.0,0.0,0.10197574076577565,0.305927222297327,0.20395148153155132,0.0,0.305927222297327,8.0,3.0,0.2766700451007435,1,0,0,0,0,0,0,-0.08,4.79081953287472,False,False,False,False,False,False,,,9.0,19.0
22015,TILT Biotherapeutics,https://www.crunchbase.com/organization/tilt-biotherapeutics,Finland,60.1717794,24.9413548,2013,1.0,True,True,False,False,True,False,False,True,False,True,False,False,False,False,3,1,5,False,False,False,False,0.0,False,10.513589,False,2016-12-14,2016-12-14,Venture - Series Unknown,2016,72.6,True,,True,,24.2,11.4,False,,True,,True,,False,,True,,False,,2,0,True,,False,True,,True,,True,,True,,True,,True,,3,,True,,False,True,,False,False,False,False,False,False,True,True,147,2,True,95,24,0.2526315789473684,0.2252466015109885,0.0004833470476976217,0.4354570046036163,0.0,1.6481780695433328,0.0,0.4354570046036163,1.6481780695433328,0.0,0.0,0.0,0.8697914871296181,0.0,1.7350928859487775,22.0,8.0,0.4443091180615313,1,0,0,0,0,0,1,-0.08,4.6709579265260945,False,True,True,True,True,True,,,9.0,19.0
21980,Aiforia,https://www.crunchbase.com/organization/aiforia,Finland,60.1717794,24.9413548,2013,3.0,True,True,False,False,True,True,False,True,False,True,False,False,False,False,2,1,3,False,False,False,False,0.0,False,1.699391,False,2015-10-19,2015-10-19,Series B,2015,22.0,True,,True,,0.0,5.7,False,,False,,True,,False,,False,,False,,1,0,True,,False,True,,True,,True,,True,,True,,True,,1,,True,,False,True,,True,True,True,False,False,False,True,False,147,2,True,95,25,0.2631578947368421,0.2336148511815051,0.0004833470476976217,4.361014173904467,0.0,8.722028347808934,0.0,4.361014173904467,8.722028347808934,0.0,0.0,0.0,8.722028347808934,8.722028347808934,8.722028347808934,8.0,3.0,0.2766700451007435,1,0,0,0,0,0,0,-0.08,4.704110133842995,False,False,True,False,True,True,,,9.0,19.0
21968,Klevu,https://www.crunchbase.com/organization/klevu-oy,Finland,60.1717794,24.9413548,2013,3.0,False,True,False,False,False,True,False,False,False,True,False,False,False,False,1,1,2,True,False,False,False,1.0,True,0.344843,True,2014-04-01,2014-04-01,Series A,2014,51.5,True,True,False,False,7.0,9.5,False,False,True,True,False,False,False,False,False,False,False,False,2,1,True,True,True,True,True,True,True,True,True,True,True,True,True,True,True,2,1.0,True,True,True,True,True,False,False,False,False,False,False,True,True,147,2,True,95,25,0.2631578947368421,0.2336148511815051,0.0004833470476976217,0.0,0.0,0.0,0.0,0.0,0.0,0.0,0.0,0.0,0.0,0.0,0.0,4.0,3.0,0.2183601215474815,1,0,0,0,0,0,0,-0.08,4.786658062033468,False,False,True,False,True,True,,,9.0,19.0
21946,Oura,https://www.crunchbase.com/organization/Ōura,Finland,65.0113317,25.4843355,2013,2.0,True,False,False,False,False,True,False,True,False,True,False,False,False,False,2,1,3,True,False,False,False,1.0,True,2.3,False,2015-11-11,2015-11-11,Series D,2015,50.666666666666664,False,False,True,True,4.0,10.0,False,False,True,True,False,False,False,False,True,True,False,False,0,0,False,False,False,False,False,False,False,False,False,False,False,False,False,False,False,1,1.0,True,True,False,True,True,True,True,True,False,False,False,True,False,7,0,False,20,1,0.05,0.048790164169432,0.5393187152150493,3.627973267614955,0.5388457224376022,8.249732555750732,2.095341524656532,5.172537040203632,8.249732555750732,0.5388457224376022,0.5388457224376022,0.5388457224376022,6.387347070647622,1.823299526556456,8.722028347808934,0.0,0.0,0.0,0,0,0,0,0,0,0,-0.08,4.704110133842995,False,True,True,True,True,True,,,2.0,6.0
22037,Small Giant Games,https://www.crunchbase.com/organization/small-giant-games,Finland,60.1717794,24.9413548,2013,1.0,False,True,False,False,False,False,False,False,False,True,True,False,False,False,1,1,7,True,False,False,False,1.0,True,3.85,False,2014-10-22,2014-10-22,Venture - Series Unknown,2014,45.42857142857143,True,False,True,True,4.6,12.9,False,False,True,True,False,False,False,False,False,False,False,False,2,0,True,False,False,True,False,True,False,True,False,True,False,True,False,True,False,2,0.0,True,False,False,True,True,True,True,True,False,False,False,True,False,147,2,True,95,24,0.2526315789473684,0.2252466015109885,0.0004833470476976217,2.7889098676812303,0.0,9.020951031047863,0.0,3.1877253865903734,9.020951031047863,0.3960167542263701,0.3960167542263701,0.3960167542263701,4.432429461237622,0.0,9.020951031047863,4.0,4.0,0.2388768829477851,1,0,0,0,0,0,0,-0.08,4.786658062033468,True,True,True,True,True,True,2018-12-20,5.0,9.0,19.0
22319,The Button Corporation,https://www.crunchbase.com/organization/the-button-corporation,Finland,60.1717794,24.9413548,2013,2.0,True,True,False,False,True,False,False,False,False,True,False,False,False,False,1,2,2,False,False,False,False,0.0,False,4.0,False,2014-03-01,2015-06-01,Seed,2014,29.5,True,,True,,0.0,8.0,False,,False,,True,,False,,False,,False,,2,0,True,,False,True,,True,,True,,True,,True,,True,,4,,True,,True,True,,False,False,False,False,False,False,True,True,147,2,True,95,25,0.2631578947368421,0.2336148511815051,0.0004833470476976217,0.096565745560643,0.0,0.193131491121286,0.0,0.096565745560643,0.193131491121286,0.0,0.0,0.0,0.12875432741419066,0.0,0.193131491121286,8.0,7.0,0.3404009270154831,1,0,0,0,0,0,0,-0.08,4.786658062033468,False,False,False,False,False,False,,,9.0,19.0
22103,Fuzu,https://www.crunchbase.com/organization/fuzu,Finland,60.1717794,24.9413548,2013,1.0,True,True,False,False,True,False,False,False,False,False,False,False,False,False,3,2,3,True,False,True,False,1.0,True,1.95,False,2016-12-03,2020-09-30,Pre-Seed,2016,64.66666666666667,True,True,True,False,15.0,4.7,False,False,True,True,True,False,False,False,False,False,False,False,2,1,True,True,False,True,True,True,True,True,True,True,True,True,True,True,True,2,1.0,True,True,False,True,True,False,False,False,False,True,False,True,True,147,2,True,95,25,0.2631578947368421,0.2336148511815051,0.0004833470476976217,0.6601989374553601,0.0,1.9805968123660804,0.0,0.9902984061830402,1.9805968123660804,0.0,0.0,0.0,1.3203978749107201,0.0,1.9805968123660804,0.0,0.0,0.0,0,0,0,0,0,0,0,-0.08,4.6709579265260945,False,False,False,False,False,False,,,9.0,19.0
22049,Videoly,https://www.crunchbase.com/organization/videoly,Finland,60.1717794,24.9413548,2013,4.0,True,True,False,False,False,True,False,False,False,True,True,False,False,False,1,2,5,False,False,False,False,0.0,False,0.49886,True,2014-10-01,2016-06-30,Series A,2014,32.5,True,,False,,4.0,5.8,False,,False,,True,,True,,False,,False,,6,0,True,,True,True,,True,,True,,True,,True,,True,,6,,True,,True,True,,False,False,False,False,False,False,True,True,147,2,True,95,25,0.2631578947368421,0.2336148511815051,0.0004833470476976217,0.0,0.0,0.0,0.0,0.0,0.0,0.0,0.0,0.0,0.0,0.0,0.0,20.0,19.0,0.5087026607278433,1,1,0,1,0,1,1,-0.08,4.786658062033468,False,False,True,False,True,True,,,9.0,19.0
22320,Teqmine,https://www.crunchbase.com/organization/teqmine,Finland,60.1717794,24.9413548,2013,1.0,True,True,False,False,True,False,False,False,False,True,False,False,False,False,4,1,2,False,False,False,False,0.0,False,0.543325,False,2017-04-24,2017-04-24,Seed,2017,26.5,True,,True,,0.0,6.5,False,,False,,True,,False,,False,,False,,1,0,True,,True,True,,True,,True,,True,,True,,True,,1,,True,,True,True,,False,False,False,False,False,False,True,True,147,2,True,95,25,0.2631578947368421,0.2336148511815051,0.0004833470476976217,0.0,0.0,0.0,0.0,0.0,0.0,0.0,0.0,0.0,0.0,0.0,0.0,17.0,17.0,0.4837232322737045,1,1,0,1,0,1,0,-0.08,5.303304908059076,False,False,False,False,False,False,,,9.0,19.0
22327,OptiWatti Oy,https://www.crunchbase.com/organization/opti-automation,Finland,60.83333,26.0,2013,2.0,True,False,False,False,False,True,False,False,False,True,False,False,False,True,2,1,1,False,True,False,False,0.0,False,0.0,True,2015-04-05,2015-04-05,Venture - Series Unknown,2015,66.0,False,,True,,3.0,2.0,False,,False,,False,,False,,False,,False,,0,0,False,,False,False,,False,,False,,False,,False,,False,,1,,True,,True,False,,False,False,False,False,False,False,True,True,32,0,False,22,3,0.1363636363636363,0.1278333715098848,0.09398058736034391,0.46530115975652886,0.46530115975652886,0.46530115975652886,0.46530115975652886,0.46530115975652886,0.46530115975652886,0.0,0.0,0.0,0.0,0.0,0.0,1.0,1.0,0.0637308819147395,0,0,0,0,0,0,0,-0.08,4.704110133842995,False,False,True,False,True,True,,,2.0,5.0
22556,Akselworks,https://www.crunchbase.com/organization/akselworks,Finland,62.0,24.0,2013,1.0,True,False,False,False,True,True,False,False,False,True,True,False,False,True,2,1,1,False,True,True,True,1.0,True,0.0,True,2015-05-12,2015-05-12,Pre-Seed,2015,448.0,False,False,True,True,3.0,13.0,False,False,True,True,True,True,False,False,False,False,False,False,0,0,False,False,False,False,False,False,False,False,False,False,False,False,False,False,False,0,0.0,False,False,False,True,True,False,False,False,False,False,False,True,True,12,0,False,7,1,0.1428571428571428,0.1335313926245225,0.20997009474927936,0.2878323760359678,0.2878323760359678,0.2878323760359678,0.0,0.0,0.0,0.2878323760359678,0.2878323760359678,0.2878323760359678,0.0,0.0,0.0,0.0,0.0,0.0,0,0,0,0,1,1,0,-0.08,4.704110133842995,False,False,False,False,False,False,,,0.0,0.8000000000000007
22552,CreateTrips,https://www.crunchbase.com/organization/createtrips,Finland,60.1717794,24.9413548,2013,2.0,False,True,False,False,False,True,False,False,False,True,False,False,False,False,0,1,3,False,False,False,False,0.0,False,1.567296,False,2013-11-26,2013-11-26,Seed,2013,23.0,True,,True,,3.0,0.7,False,,False,,True,,False,,False,,False,,1,0,True,,False,True,,True,,True,,True,,True,,True,,3,,True,,True,True,,False,False,False,False,False,False,True,True,147,2,True,95,25,0.2631578947368421,0.2336148511815051,0.0004833470476976217,0.2108318904362449,0.0,0.5388457224376022,0.0,0.2108318904362449,0.5388457224376022,0.0,0.0,0.0,0.36593227702175446,0.09364994887113248,0.5388457224376022,1.0,0.0,0.0,0,0,0,0,0,0,0,-0.08,4.79081953287472,False,False,False,False,False,False,,,9.0,19.0
22547,Ekin Labs Ltd.,https://www.crunchbase.com/organization/ekin-labs,Finland,60.1717794,24.9413548,2013,2.0,True,True,False,False,False,False,False,False,False,True,False,False,False,False,3,1,1,False,True,False,False,0.0,False,0.0,True,2016-09-15,2016-09-15,Seed,2016,230.0,False,,True,,6.0,44.0,False,,False,,True,,False,,False,,False,,0,0,False,,False,False,,False,,False,,False,,False,,False,,0,,False,,False,True,,False,False,False,False,False,False,True,True,147,2,True,95,25,0.2631578947368421,0.2336148511815051,0.0004833470476976217,1.6481780695433328,1.6481780695433328,1.6481780695433328,1.6481780695433328,1.6481780695433328,1.6481780695433328,0.0,0.0,0.0,0.0,0.0,0.0,9.0,4.0,0.3076388360899851,1,0,0,0,0,0,0,-0.08,4.6709579265260945,False,False,False,False,False,False,,,9.0,19.0
22540,Avansera,https://www.crunchbase.com/organization/avansera,Finland,60.1717794,24.9413548,2013,1.0,True,True,False,False,False,True,False,False,False,True,False,False,False,False,0,2,3,False,False,False,False,0.0,False,0.106,True,2013-02-01,2014-06-01,Seed,2013,89.33333333333333,True,,True,,2.5,16.7,False,,False,,True,,False,,False,,False,,1,0,True,,False,True,,True,,True,,True,,True,,True,,1,,True,,False,True,,False,False,False,False,False,False,True,True,147,2,True,95,25,0.2631578947368421,0.2336148511815051,0.0004833470476976217,0.8240890347716664,0.0,1.6481780695433328,0.0,0.8240890347716664,1.6481780695433328,0.0,0.0,0.0,1.6481780695433328,1.6481780695433328,1.6481780695433328,11.0,3.0,0.3052088341784112,1,0,0,0,0,0,0,-0.08,4.79081953287472,False,False,False,False,False,False,,,9.0,19.0
22496,GoodLife Technology,https://www.crunchbase.com/organization/goodlife-technology,Finland,60.165809,24.9427347,2013,2.0,True,True,False,False,False,False,False,True,False,False,False,False,False,True,3,1,1,False,True,False,False,0.0,False,0.0,True,2016-04-08,2016-04-08,Seed,2016,362.0,False,,True,,5.0,33.0,True,,False,,False,,False,,False,,False,,0,0,False,,False,False,,False,,False,,False,,False,,False,,0,,False,,False,False,,True,True,True,True,False,False,False,False,147,2,True,95,25,0.2631578947368421,0.2336148511815051,0.0001867087022991665,6.6188672174468,6.6188672174468,6.6188672174468,6.6188672174468,6.6188672174468,6.6188672174468,0.0,0.0,0.0,0.0,0.0,0.0,1.0,0.0,0.0,0,0,0,0,0,0,0,-0.08,4.6709579265260945,False,False,False,False,False,False,,,9.0,19.0
22382,Olento life,https://www.crunchbase.com/organization/olento-life,Finland,60.165809,24.9427347,2013,1.0,False,True,False,False,False,False,False,True,False,True,True,False,False,False,3,1,1,False,True,False,False,0.0,False,0.109727,True,2016-10-15,2016-10-15,Seed,2016,67.0,True,,False,,5.0,10.0,False,,False,,False,,False,,False,,False,,1,0,True,,True,True,,True,,True,,True,,True,,True,,1,,True,,True,True,,False,False,False,False,False,False,True,True,147,2,True,95,25,0.2631578947368421,0.2336148511815051,0.0001867087022991665,0.0006682515118524287,0.0006682515118524287,0.0006682515118524287,0.0006682515118524287,0.0006682515118524287,0.0006682515118524287,0.0,0.0,0.0,0.0,0.0,0.0,15.0,0.0,0.2062858594265998,1,0,0,0,0,0,0,-0.08,4.6709579265260945,False,False,False,False,False,False,,,9.0,19.0
22380,Modti,https://www.crunchbase.com/organization/modti,Finland,62.5,28.0,2013,2.0,True,False,False,False,True,True,False,False,False,True,False,False,False,False,1,1,2,False,False,False,False,0.0,False,0.137126,True,2014-05-15,2014-05-15,Venture - Series Unknown,2014,26.5,False,,True,,0.0,6.5,False,,False,,True,,False,,False,,False,,0,0,False,,False,False,,False,,False,,False,,False,,False,,2,,True,,True,True,,False,False,False,False,False,False,True,True,5,0,False,1,0,0.0,0.0,0.3062973576418355,0.305927222297327,0.305927222297327,0.305927222297327,0.305927222297327,0.305927222297327,0.305927222297327,0.0,0.0,0.0,0.0,0.0,0.0,0.0,0.0,0.0,0,0,0,0,1,1,0,-0.08,4.786658062033468,False,False,True,False,True,True,,,0.0,0.6000000000000005
22377,Conexbird,https://www.crunchbase.com/organization/conexbird,Finland,62.0,24.0,2013,2.0,True,False,False,False,True,True,False,False,True,True,False,False,False,False,0,1,1,False,True,False,False,0.0,False,0.0,True,2013-12-07,2013-12-07,Venture - Series Unknown,2013,66.0,False,,True,,1.0,2.0,False,,False,,False,,False,,False,,False,,0,0,False,,False,False,,False,,False,,False,,False,,False,,1,,True,,True,False,,False,False,False,False,False,False,True,True,12,0,False,7,1,0.1428571428571428,0.1335313926245225,0.20997009474927936,0.34282057686969225,0.34282057686969225,0.34282057686969225,0.34282057686969225,0.34282057686969225,0.34282057686969225,0.0,0.0,0.0,0.0,0.0,0.0,0.0,0.0,0.0,0,0,0,0,1,1,0,-0.08,4.79081953287472,False,False,True,False,True,True,,,0.0,0.8000000000000007
22365,Goodwiller,https://www.crunchbase.com/organization/goodwiller-oy,Finland,65.0113317,25.4843355,2013,3.0,True,False,False,False,False,True,False,True,False,False,False,False,False,False,2,1,2,False,False,False,False,0.0,False,1.443592,False,2015-06-30,2015-06-30,Equity Crowdfunding,2015,38.5,False,,True,,21.5,9.5,False,,False,,False,,False,,False,,False,,0,0,False,,False,False,,False,,False,,False,,False,,False,,1,,True,,False,False,,True,True,True,False,False,False,True,False,7,0,False,20,2,0.1,0.0953101798043248,0.5393187152150493,3.3440234333208814,0.3053607252268136,6.382686141414949,0.3053607252268136,3.3440234333208814,6.382686141414949,0.0,0.0,0.0,6.66868252170498,6.66868252170498,6.66868252170498,3.0,0.0,0.0687619531421999,0,0,0,0,0,0,0,-0.08,4.704110133842995,False,False,False,False,False,False,,,2.0,6.0
22362,Iron Sky Universe,https://www.crunchbase.com/organization/iron-sky-universe,Finland,60.1717794,24.9413548,2013,2.0,False,True,False,False,False,False,False,False,False,False,True,False,False,False,3,1,1,False,True,False,False,0.0,False,1.130046,False,2016-04-20,2016-04-20,Seed,2016,67.0,True,,False,,5.0,10.0,False,,False,,False,,False,,False,,False,,1,0,True,,True,True,,True,,True,,True,,True,,True,,1,,True,,True,True,,False,False,False,False,False,False,True,True,147,2,True,95,25,0.2631578947368421,0.2336148511815051,0.0004833470476976217,0.0,0.0,0.0,0.0,0.0,0.0,0.0,0.0,0.0,0.0,0.0,0.0,15.0,0.0,0.2062858594265998,1,0,0,0,0,0,0,-0.08,4.6709579265260945,False,False,False,False,False,False,,,9.0,19.0
22361,Fjuul,https://www.crunchbase.com/organization/fjuul,Finland,60.83333,26.0,2013,1.0,True,False,False,False,False,False,False,True,False,True,False,False,False,False,1,4,5,True,False,True,False,1.0,True,0.857891,False,2014-05-11,2019-04-09,Seed,2014,58.8,True,False,True,True,2.6,8.0,False,False,False,False,True,True,False,False,True,False,False,False,0,0,False,False,False,True,False,False,False,False,False,False,False,False,False,False,False,4,0.0,True,False,False,True,False,True,True,True,False,False,False,True,False,32,0,False,22,3,0.1363636363636363,0.1278333715098848,0.09398058736034391,1.8923804758736735,0.09364994887113248,8.715651372998442,0.09364994887113248,0.18656275159248156,0.46530115975652886,8.715651372998442,8.715651372998442,8.715651372998442,3.6172586552634254,0.0,8.756619755769947,1.0,0.0,0.0,0,0,0,0,0,0,0,-0.08,4.786658062033468,False,False,False,False,False,False,,,2.0,5.0
22348,Ambronite,https://www.crunchbase.com/organization/ambro,Finland,60.83333,26.0,2013,3.0,False,False,False,False,False,False,True,True,False,False,False,True,False,False,2,1,3,False,False,False,False,0.0,False,0.6,False,2015-09-30,2015-09-30,Seed,2015,47.666666666666664,True,,True,,6.0,11.0,False,,True,,False,,False,,True,,False,,0,0,False,,False,True,,False,,False,,False,,False,,False,,1,,True,,False,True,,True,True,True,False,False,False,True,False,32,0,False,22,3,0.1363636363636363,0.1278333715098848,0.09398058736034391,5.828175654604682,0.09364994887113248,8.710420093014479,0.09364994887113248,5.828175654604682,8.710420093014479,0.0,0.0,0.0,5.839095242311092,0.04369680386313251,8.75156057526121,0.0,0.0,0.0,0,0,0,0,0,0,0,-0.08,4.704110133842995,False,False,False,False,False,False,,,2.0,5.0
22409,AddSearch,https://www.crunchbase.com/organization/addsearch,Finland,60.1717794,24.9413548,2013,3.0,True,True,False,False,False,False,False,False,False,True,False,False,False,False,0,2,1,False,True,False,True,1.0,True,1.133534,False,2013-04-23,2013-11-07,Seed,2013,67.0,True,True,False,False,2.0,10.0,False,False,False,False,False,False,False,False,False,False,False,False,2,2,True,True,True,True,True,True,True,True,True,True,True,True,True,True,True,2,2.0,True,True,True,True,True,False,False,False,False,False,False,True,True,147,2,True,95,24,0.2526315789473684,0.2252466015109885,0.0004833470476976217,0.0,0.0,0.0,0.0,0.0,0.0,0.0,0.0,0.0,0.0,0.0,0.0,2.0,0.0,0.0402231640645322,0,0,0,0,0,0,0,-0.08,4.79081953287472,True,False,False,True,True,True,2023-06-21,10.0,9.0,19.0
22480,LS CancerDiag Oy,https://www.crunchbase.com/organization/ls-cancerdiag-oy,Finland,60.1717794,24.9413548,2013,1.0,True,True,False,False,True,False,False,True,False,True,False,False,False,False,3,1,1,False,True,False,False,0.0,False,0.0,True,2016-04-08,2016-04-08,Seed,2016,362.0,False,,True,,5.0,33.0,True,,False,,False,,False,,False,,False,,0,0,False,,False,False,,False,,False,,False,,False,,False,,0,,False,,False,False,,True,True,True,True,False,False,False,False,147,2,True,95,25,0.2631578947368421,0.2336148511815051,0.0004833470476976217,6.618472180440447,6.618472180440447,6.618472180440447,6.618472180440447,6.618472180440447,6.618472180440447,0.0,0.0,0.0,0.0,0.0,0.0,1.0,0.0,0.0,0,0,0,0,0,0,0,-0.08,4.6709579265260945,False,False,False,False,False,False,,,9.0,19.0
22470,Mindfield Games,https://www.crunchbase.com/organization/mindfield-games,Finland,60.1717794,24.9413548,2013,4.0,True,True,False,False,False,False,False,False,False,True,True,False,False,False,1,1,2,False,False,False,False,2.0,True,0.375721,True,2014-11-15,2014-11-15,Seed,2014,106.5,True,True,False,False,7.0,19.5,False,False,True,True,False,False,False,False,True,True,False,False,2,2,True,True,True,True,True,True,True,True,True,True,True,True,True,True,True,2,2.0,True,True,True,True,True,False,False,False,False,False,False,True,True,147,2,True,95,25,0.2631578947368421,0.2336148511815051,0.0004833470476976217,0.0,0.0,0.0,0.0,0.0,0.0,0.0,0.0,0.0,0.0,0.0,0.0,12.0,4.0,0.333666034591936,1,0,0,0,0,0,0,-0.08,4.786658062033468,False,False,False,False,False,False,,,9.0,19.0
22467,Two Men and a Dog,https://www.crunchbase.com/organization/two-men-and-a-dog,Finland,60.1717794,24.9413548,2013,2.0,False,True,False,False,False,False,False,False,False,True,True,False,False,False,1,1,1,False,True,False,False,0.0,False,0.0,True,2014-09-16,2014-09-16,Seed,2014,37.0,True,,False,,2.0,6.0,False,,False,,False,,False,,False,,False,,1,0,True,,True,True,,True,,True,,True,,True,,True,,1,,True,,True,True,,False,False,False,False,False,False,True,True,147,2,True,95,24,0.2526315789473684,0.2252466015109885,0.0004833470476976217,0.0,0.0,0.0,0.0,0.0,0.0,0.0,0.0,0.0,0.0,0.0,0.0,11.0,9.0,0.3894564774934544,1,0,0,0,0,1,0,-0.08,4.786658062033468,True,False,False,True,True,True,2018-11-01,5.0,9.0,19.0
22460,PlayRaven,https://www.crunchbase.com/organization/playraven,Finland,60.1717794,24.9413548,2013,2.0,False,True,False,False,False,False,False,False,False,True,True,False,False,False,1,1,3,False,False,False,False,0.0,False,2.3,False,2014-01-21,2014-01-21,Series A,2014,70.0,False,,True,,7.5,20.0,True,,True,,False,,False,,False,,False,,0,0,False,,False,False,,False,,False,,False,,False,,False,,1,,True,,False,True,,False,False,False,False,False,False,True,True,147,2,True,95,24,0.2526315789473684,0.2252466015109885,0.0004833470476976217,0.8041492573013707,0.193131491121286,1.823299526556456,0.193131491121286,0.8041492573013707,1.823299526556456,0.0,0.0,0.0,1.1826725841289063,0.3449208652023399,1.7682134807525196,5.0,7.0,0.3001777629509508,1,0,0,0,0,0,0,-0.08,4.786658062033468,True,False,True,True,True,True,2018-11-30,5.0,9.0,19.0
22459,Salaxy,https://www.crunchbase.com/organization/salaxy,Finland,60.1717794,24.9413548,2013,3.0,True,True,False,False,False,False,False,False,True,True,False,False,False,False,3,1,1,False,True,False,False,0.0,False,0.0,True,2016-06-22,2016-06-22,Seed,2016,10.0,True,,False,,9.0,1.0,False,,False,,False,,False,,False,,False,,1,0,True,,True,True,,True,,True,,True,,True,,True,,1,,True,,True,True,,False,False,False,False,False,False,True,True,147,2,True,95,25,0.2631578947368421,0.2336148511815051,0.0004833470476976217,0.0,0.0,0.0,0.0,0.0,0.0,0.0,0.0,0.0,0.0,0.0,0.0,1.0,1.0,0.0637308819147395,0,0,0,0,0,0,0,-0.08,4.6709579265260945,False,False,False,False,False,False,,,9.0,19.0
22421,Muut,https://www.crunchbase.com/organization/muut,Finland,60.1717794,24.9413548,2013,3.0,True,True,False,False,False,False,False,False,False,True,True,False,False,True,1,1,3,False,False,False,False,0.0,False,0.77,False,2014-04-09,2014-04-09,Venture - Series Unknown,2014,86.0,False,,True,,3.3,24.7,False,,True,,False,,False,,False,,False,,0,0,False,,False,False,,False,,False,,False,,False,,False,,0,,False,,False,False,,True,True,True,True,False,False,False,False,147,2,True,95,25,0.2631578947368421,0.2336148511815051,0.0004833470476976217,7.900899166113293,7.900899166113293,7.900899166113293,7.900899166113293,7.900899166113293,7.900899166113293,0.0,0.0,0.0,0.0,0.0,0.0,0.0,0.0,0.0,0,0,0,0,0,0,0,-0.08,4.786658062033468,False,False,True,False,True,True,,,9.0,19.0
22541,Eero Paloheimo Ecocity,https://www.crunchbase.com/organization/eero-paloheimo-ecocity,Finland,60.1717794,24.9413548,2014,1.0,True,True,False,False,True,False,False,False,False,False,False,False,False,False,0,1,1,False,True,False,False,0.0,False,0.197517,True,2014-08-26,2014-08-26,Seed,2014,67.0,True,,False,,3.0,10.0,False,,False,,False,,False,,False,,False,,1,0,True,,True,True,,True,,True,,True,,True,,True,,1,,True,,True,True,,False,False,False,False,False,False,True,True,147,2,True,121,29,0.2396694214876033,0.2148447484995146,0.0004833470476976217,0.0,0.0,0.0,0.0,0.0,0.0,0.0,0.0,0.0,0.0,0.0,0.0,4.0,1.0,0.154629239632742,0,0,0,0,0,0,0,1.6,4.786658062033468,False,False,False,False,False,False,,,9.0,19.0
22388,CubiCasa,https://www.crunchbase.com/organization/cubicasa-oy,Finland,65.0113317,25.4843355,2014,2.0,True,False,False,False,False,False,False,False,False,True,False,False,True,True,0,1,1,False,True,False,True,1.0,True,0.325,True,2014-12-20,2014-12-20,Seed,2014,66.0,True,True,False,False,2.0,2.0,False,False,False,False,False,False,False,False,False,False,False,False,1,1,True,True,True,True,True,True,True,True,True,True,True,True,True,True,True,1,1.0,True,True,True,False,False,False,False,False,False,False,False,True,True,7,0,False,25,2,0.08,0.0769610411361283,0.5393187152150493,0.0,0.0,0.0,0.0,0.0,0.0,0.0,0.0,0.0,0.0,0.0,0.0,6.0,2.0,0.2252883124345997,1,0,0,0,1,1,1,1.6,4.786658062033468,True,False,False,True,True,True,2021-09-22,7.0,2.0,6.0
22133,Combinostics,https://www.crunchbase.com/organization/combinostics,Finland,61.4789039,22.5944165,2014,1.0,True,False,False,False,True,False,False,True,False,True,False,False,False,False,2,2,1,True,True,False,True,1.0,True,0.435422,True,2016-05-17,2017-03-10,Series A,2016,5.0,False,False,True,True,1.5,1.0,False,False,False,False,False,False,False,False,False,False,True,True,0,0,False,False,False,False,False,False,False,False,False,False,False,False,False,False,False,0,0.0,False,False,False,True,True,False,False,False,False,False,False,True,True,7,0,False,8,1,0.125,0.1177830356563834,0.193545941836843,0.8655560639246027,0.8655560639246027,0.8655560639246027,0.8655560639246027,0.8655560639246027,0.8655560639246027,0.8655560639246027,0.8655560639246027,0.8655560639246027,0.0,0.0,0.0,0.0,0.0,0.0,0,0,0,0,1,1,0,1.6,4.6709579265260945,True,False,True,True,True,True,2024-11-28,10.0,0.0,0.4000000000000003
22387,Aves Netsec,https://www.crunchbase.com/organization/aves-netsec,Finland,60.1717794,24.9413548,2014,1.0,True,True,False,False,False,False,False,False,False,True,False,False,False,False,1,3,3,True,False,False,False,1.0,True,0.033062,True,2015-11-01,2018-01-01,Seed,2015,38.333333333333336,True,True,True,False,10.7,7.0,True,False,True,True,False,False,False,False,False,False,False,False,0,0,False,False,False,True,True,False,False,False,False,False,False,False,False,False,False,1,1.0,True,True,False,True,False,True,True,True,False,False,False,True,False,147,2,True,121,29,0.2396694214876033,0.2148447484995146,0.0004833470476976217,3.410698855956673,0.09364994887113248,8.26662390887082,1.8718227101280662,5.069223309499443,8.26662390887082,0.09364994887113248,0.09364994887113248,0.09364994887113248,5.847180527688094,1.950003649394279,8.264206149079518,7.0,7.0,0.3287165520286185,1,0,0,0,0,0,0,1.6,4.704110133842995,False,False,False,False,False,False,,,9.0,19.0
22379,Futurefly,https://www.crunchbase.com/organization/futurefly,Finland,60.1717794,24.9413548,2014,4.0,False,True,False,False,False,False,False,False,False,True,True,False,False,False,1,1,7,True,False,False,False,1.0,True,3.0,False,2015-09-11,2015-09-11,Seed,2015,49.142857142857146,True,True,True,False,12.8,15.0,False,False,True,False,True,False,False,False,False,False,True,False,3,1,True,True,False,True,True,True,True,True,True,True,True,True,True,True,True,3,1.0,True,True,False,True,True,True,True,True,False,False,False,True,False,147,2,True,121,29,0.2396694214876033,0.2148447484995146,0.0004833470476976217,4.424201044701446,0.0,9.010434604220297,0.0,5.16156788548502,9.010434604220297,0.0,0.0,0.0,5.218888008608272,0.0,9.010434604220297,12.0,5.0,0.3504294492496432,1,0,0,0,0,0,0,1.6,4.704110133842995,False,False,False,False,False,False,,,9.0,19.0
22197,ZirooPay,https://www.crunchbase.com/organization/irofit,Finland,60.83333,26.0,2014,3.0,False,False,False,False,False,False,False,False,True,True,False,False,False,True,0,3,7,True,False,False,False,1.0,True,0.737186,False,2014-02-13,2017-04-28,Series A,2014,76.0,True,True,True,False,7.8,10.9,True,False,True,True,True,False,False,False,False,False,False,False,0,0,False,False,False,True,True,False,False,False,False,False,False,False,False,False,False,3,1.0,True,True,False,True,True,True,True,True,False,False,False,True,False,32,0,False,28,4,0.1428571428571428,0.1335313926245225,0.09398058736034391,2.4409817243576524,0.09364994887113248,6.94269397999072,0.09364994887113248,2.910448079454956,6.94269397999072,0.09364994887113248,0.09364994887113248,0.09364994887113248,4.275810082991628,0.0,8.730190107029623,2.0,2.0,0.1412342220372826,0,0,0,0,0,1,0,1.6,4.786658062033468,False,False,True,False,True,True,,,2.0,5.0
22167,Dazzle Rocks,https://www.crunchbase.com/organization/dazzle-rocks,Finland,60.1717794,24.9413548,2014,2.0,False,True,False,False,False,False,False,False,False,True,True,False,False,False,1,1,1,False,True,False,False,0.0,False,0.0,True,2015-06-18,2015-06-18,Series A,2015,69.0,False,,True,,5.0,22.0,False,,False,,False,,False,,False,,False,,0,0,False,,False,False,,False,,False,,False,,False,,False,,0,,False,,False,True,,False,False,False,False,False,False,True,True,147,2,True,121,29,0.2396694214876033,0.2148447484995146,0.0004833470476976217,1.823299526556456,1.823299526556456,1.823299526556456,1.823299526556456,1.823299526556456,1.823299526556456,0.0,0.0,0.0,0.0,0.0,0.0,2.0,3.0,0.1676849278940113,0,0,0,0,0,0,0,1.6,4.704110133842995,False,False,True,False,True,True,,,9.0,19.0
22171,Everywear Games,https://www.crunchbase.com/organization/everywear-games,Finland,60.1717794,24.9413548,2014,3.0,False,True,False,False,False,True,False,False,False,True,True,False,False,False,1,1,2,False,False,False,False,0.0,False,0.5,True,2015-03-27,2015-03-27,Venture - Series Unknown,2015,57.5,True,,True,,11.0,10.0,False,,True,,False,,False,,True,,False,,1,0,True,,False,True,,True,,True,,True,,True,,True,,1,,True,,False,True,,False,False,False,False,False,False,True,True,147,2,True,121,29,0.2396694214876033,0.2148447484995146,0.0004833470476976217,0.8806678582245716,0.0,1.761335716449143,0.0,0.8806678582245716,1.761335716449143,0.0,0.0,0.0,1.761335716449143,1.761335716449143,1.761335716449143,12.0,6.0,0.3646027143925694,1,0,0,0,0,0,0,1.6,4.704110133842995,False,False,True,False,True,True,,,9.0,19.0
22428,SpaceMaker,https://www.crunchbase.com/organization/spacemaker,Finland,60.83333,26.0,2014,2.0,True,False,False,False,True,False,False,False,False,True,False,False,False,False,1,1,1,False,True,False,False,0.0,False,0.0,True,2015-09-21,2015-09-21,Seed,2015,230.0,False,,True,,5.0,44.0,False,,False,,True,,False,,False,,False,,0,0,False,,False,False,,False,,False,,False,,False,,False,,0,,False,,False,True,,False,False,False,False,False,False,True,True,32,0,False,28,4,0.1428571428571428,0.1335313926245225,0.09398058736034391,1.7350928859487775,1.7350928859487775,1.7350928859487775,1.7350928859487775,1.7350928859487775,1.7350928859487775,0.0,0.0,0.0,0.0,0.0,0.0,6.0,0.0,0.1242772544618494,0,0,0,0,0,0,1,1.6,4.704110133842995,False,False,False,False,False,False,,,2.0,5.0
22430,Tidy Technologies,https://www.crunchbase.com/organization/tidy-technologies-2,Finland,62.0,24.0,2014,4.0,True,False,False,False,True,False,False,False,False,True,True,False,False,False,0,1,2,False,False,False,False,0.0,False,0.322611,True,2014-08-26,2014-08-26,Seed,2014,57.0,False,,True,,2.5,7.0,False,,False,,True,,False,,False,,False,,0,0,False,,False,False,,False,,False,,False,,False,,False,,2,,True,,True,True,,False,False,False,False,False,False,True,True,12,0,False,9,1,0.1111111111111111,0.1053605156578263,0.20997009474927936,0.20948816818318572,0.20948816818318572,0.20948816818318572,0.20948816818318572,0.20948816818318572,0.20948816818318572,0.0,0.0,0.0,0.0,0.0,0.0,0.0,0.0,0.0,0,0,0,0,1,1,0,1.6,4.786658062033468,False,False,False,False,False,False,,,0.0,0.8000000000000007
22047,Pibox,https://www.crunchbase.com/organization/pibox,Finland,60.1717794,24.9413548,2014,3.0,True,True,False,False,False,False,False,False,False,True,True,False,False,True,2,4,10,True,False,True,False,3.0,True,0.639119,False,2016-07-21,2021-10-18,Venture - Series Unknown,2016,253.55555555555551,True,False,True,True,6.9,59.6,False,False,True,True,True,True,False,False,True,True,False,False,0,0,False,False,False,True,False,False,False,False,False,False,False,False,False,False,False,0,0.0,False,False,False,True,False,True,True,True,False,False,False,True,False,147,2,True,121,29,0.2396694214876033,0.2148447484995146,0.0004833470476976217,2.9526159803568834,0.08241180752014504,7.986986508483883,0.08241180752014504,1.7835406279014694,6.59935894136371,4.516127936144514,5.680458469419515,7.986986508483883,4.615393703563179,0.0,12.499551779454983,5.0,0.0,0.1089851172067322,0,0,0,0,0,0,0,1.6,4.6709579265260945,False,False,True,False,True,True,,,9.0,19.0
22025,HappySignals,https://www.crunchbase.com/organization/happysignals,Finland,60.1717794,24.9413548,2014,3.0,True,True,False,False,False,False,False,False,False,True,False,False,False,False,5,1,2,True,False,False,False,1.0,True,1.131529,False,2019-03-25,2019-03-25,Venture - Series Unknown,2019,19.0,True,True,False,False,6.0,2.0,False,False,True,True,False,False,False,False,False,False,False,False,1,0,True,False,False,True,True,True,False,True,False,True,False,True,False,True,False,2,1.0,True,True,True,True,False,False,False,False,False,False,False,True,True,147,2,True,121,29,0.2396694214876033,0.2148447484995146,0.0004833470476976217,0.04682497443556624,0.0,0.09364994887113248,0.0,0.0,0.0,0.09364994887113248,0.09364994887113248,0.09364994887113248,0.09364994887113248,0.09364994887113248,0.09364994887113248,8.0,7.0,0.3404009270154831,1,0,0,0,0,0,0,1.6,5.707110264748875,False,False,True,False,True,True,,,9.0,19.0
22452,Slurp,https://www.crunchbase.com/organization/slurp,Finland,60.1717794,24.9413548,2014,3.0,False,True,False,False,False,True,True,False,False,False,False,False,False,False,5,1,1,False,True,False,False,0.0,False,0.0,True,2019-12-01,2019-12-01,Seed,2019,21.0,False,,True,,0.0,0.0,False,,False,,False,,False,,False,,False,,0,0,False,,False,False,,False,,False,,False,,False,,False,,0,,False,,False,False,,False,False,False,False,False,False,True,True,147,2,True,121,29,0.2396694214876033,0.2148447484995146,0.0004833470476976217,2.893676366565138,2.893676366565138,2.893676366565138,2.893676366565138,2.893676366565138,2.893676366565138,0.0,0.0,0.0,0.0,0.0,0.0,0.0,0.0,0.0,0,0,0,0,0,0,0,1.6,5.707110264748875,False,False,False,False,False,False,,,9.0,19.0
22454,Arilyn,https://www.crunchbase.com/organization/arilyn,Finland,60.1717794,24.9413548,2014,3.0,True,True,False,False,False,False,False,False,False,True,True,False,False,False,1,1,1,False,True,False,True,1.0,True,0.0,True,2015-06-01,2015-06-01,Seed,2015,53.0,True,True,False,False,0.0,3.0,False,False,True,True,False,False,False,False,False,False,False,False,1,1,True,True,True,True,True,True,True,True,True,True,True,True,True,True,True,1,1.0,True,True,True,True,True,False,False,False,False,False,False,True,True,147,2,True,121,29,0.2396694214876033,0.2148447484995146,0.0004833470476976217,0.0,0.0,0.0,0.0,0.0,0.0,0.0,0.0,0.0,0.0,0.0,0.0,0.0,0.0,0.0,0,0,0,0,0,0,0,1.6,4.704110133842995,False,False,False,False,False,False,,,9.0,19.0
22031,MeetingPackage,https://www.crunchbase.com/organization/meetingpackage-com,Finland,60.83333,26.0,2014,2.0,True,False,False,False,False,True,False,False,False,True,True,False,True,False,3,3,6,True,False,False,False,1.0,True,3.997162,False,2017-09-22,2021-05-26,Series A,2017,7.5,True,False,True,True,3.7,0.8,True,True,False,False,False,False,True,False,False,False,False,False,1,0,True,False,False,True,False,True,False,True,False,True,False,True,False,True,False,3,0.0,True,False,False,True,False,False,False,False,False,True,False,True,True,32,0,False,28,4,0.1428571428571428,0.1335313926245225,0.09398058736034391,0.6232652759402975,0.0,1.5864841444859457,0.0,0.4434460105570527,1.5864841444859457,1.3425423374732768,1.3425423374732768,1.3425423374732768,0.89080724360348,0.0,1.5864841444859457,1.0,2.0,0.1010110579727503,0,0,0,0,0,1,0,1.6,5.303304908059076,False,False,True,False,True,True,,,2.0,5.0
22399,GameRefinery,https://www.crunchbase.com/organization/gamerefinery-ltd,Finland,60.1717794,24.9413548,2014,1.0,True,True,False,False,False,False,False,False,False,True,True,False,False,False,1,1,1,False,True,False,True,1.0,True,0.550614,False,2015-05-22,2015-05-22,Seed,2015,67.0,True,True,False,False,4.0,10.0,False,False,False,False,False,False,False,False,False,False,False,False,1,1,True,True,True,True,True,True,True,True,True,True,True,True,True,True,True,1,1.0,True,True,True,True,True,False,False,False,False,False,False,True,True,147,2,True,121,28,0.2314049586776859,0.208155760348718,0.0004833470476976217,0.0,0.0,0.0,0.0,0.0,0.0,0.0,0.0,0.0,0.0,0.0,0.0,10.0,7.0,0.3603079674614015,1,0,0,0,0,0,0,1.6,4.704110133842995,True,False,False,True,True,True,2021-03-02,7.0,9.0,19.0
22417,Foodiac,https://www.crunchbase.com/organization/foodiac,Finland,60.1717794,24.9413548,2014,1.0,False,True,False,False,False,True,True,False,False,True,False,False,False,False,1,1,3,False,False,False,False,0.0,False,0.03,True,2015-09-01,2015-09-01,Seed,2015,37.0,False,,True,,2.5,1.3,False,,False,,True,,False,,False,,False,,0,0,False,,False,False,,False,,False,,False,,False,,False,,2,,True,,False,False,,True,True,False,False,False,False,True,False,147,2,True,121,29,0.2396694214876033,0.2148447484995146,0.0004833470476976217,1.7567460590630124,0.193131491121286,4.538260963630148,0.193131491121286,1.7567460590630124,4.538260963630148,0.0,0.0,0.0,3.356073669788378,0.41847442788313227,4.918831402657959,3.0,0.0,0.0687619531421999,0,0,0,0,0,0,0,1.6,4.704110133842995,False,False,False,False,False,False,,,9.0,19.0
22058,Solu,https://www.crunchbase.com/organization/solu,Finland,60.1717794,24.9413548,2014,3.0,True,True,False,False,False,True,False,False,False,True,False,False,False,False,1,2,8,True,False,False,False,1.0,True,2.394545,False,2015-08-17,2023-06-15,Seed,2015,22.875,True,True,True,False,7.7,2.8,True,False,True,True,False,False,False,False,True,True,False,False,3,1,True,True,False,True,True,True,True,True,True,True,True,True,True,True,True,3,1.0,True,True,False,True,True,False,False,False,False,False,False,True,True,147,2,True,121,29,0.2396694214876033,0.2148447484995146,0.0004833470476976217,0.09141679206663232,0.0,0.3656671682665293,0.0,0.12188905608884311,0.3656671682665293,0.0,0.0,0.0,0.18283358413326467,0.0,0.3656671682665293,26.0,0.0,0.2581933984779966,1,0,1,0,0,0,1,1.6,4.704110133842995,False,False,False,False,False,False,,,9.0,19.0
22295,Custobar,https://www.crunchbase.com/organization/custobar,Finland,60.1717794,24.9413548,2014,2.0,False,True,False,False,False,True,False,False,False,True,True,False,False,False,2,2,1,False,True,False,True,1.0,True,0.406358,True,2016-06-08,2017-08-30,Venture - Series Unknown,2016,53.0,True,True,False,False,1.5,3.0,False,False,True,True,False,False,False,False,False,False,False,False,2,2,True,True,True,True,True,True,True,True,True,True,True,True,True,True,True,2,2.0,True,True,True,True,True,False,False,False,False,False,False,True,True,147,2,True,121,29,0.2396694214876033,0.2148447484995146,0.0004833470476976217,0.0,0.0,0.0,0.0,0.0,0.0,0.0,0.0,0.0,0.0,0.0,0.0,7.0,7.0,0.3287165520286185,1,0,0,0,0,0,0,1.6,4.6709579265260945,False,False,True,False,True,True,,,9.0,19.0
22351,Quple (formerly Madberry),https://www.crunchbase.com/organization/madberry,Finland,60.1717794,24.9413548,2014,3.0,True,True,False,False,False,False,False,False,False,False,True,False,False,False,1,1,1,False,True,False,False,0.0,False,0.0,True,2015-08-01,2015-08-01,Venture - Series Unknown,2015,1.0,False,,True,,0.0,0.0,True,,False,,False,,False,,False,,False,,0,0,False,,False,False,,False,,False,,False,,False,,False,,0,,False,,False,True,,False,False,False,False,True,True,True,True,147,2,True,121,29,0.2396694214876033,0.2148447484995146,0.0004833470476976217,1.7746596332416256,1.7746596332416256,1.7746596332416256,1.7746596332416256,1.7746596332416256,1.7746596332416256,0.0,0.0,0.0,0.0,0.0,0.0,0.0,0.0,0.0,0,0,0,0,0,0,0,1.6,4.704110133842995,False,False,True,False,True,True,,,9.0,19.0
22341,Noona Healthcare,https://www.crunchbase.com/organization/noona-healthcare,Finland,60.1717794,24.9413548,2014,2.0,False,True,False,False,False,False,False,True,False,False,False,False,False,False,2,1,3,True,False,False,False,1.0,True,1.581695,False,2016-11-23,2016-11-23,Seed,2016,60.666666666666664,True,True,True,False,16.7,17.0,False,False,True,True,False,False,False,False,False,False,False,False,1,1,True,True,False,True,True,True,True,True,True,True,True,True,True,True,True,1,1.0,True,True,False,True,True,False,False,False,False,False,False,True,True,147,2,True,121,28,0.2314049586776859,0.208155760348718,0.0004833470476976217,1.038978849897487,0.0,1.6287930751196384,1.4881434745728226,1.5584682748462304,1.6287930751196384,0.0,0.0,0.0,1.0884874163097418,0.14852569923676429,1.6287930751196384,5.0,0.0,0.1089851172067322,0,0,0,0,0,0,0,1.6,4.6709579265260945,True,False,False,True,True,True,2018-10-12,4.0,9.0,19.0
22308,Epic Foods,https://www.crunchbase.com/organization/epic-foods,Finland,60.1717794,24.9413548,2014,2.0,False,True,False,False,True,False,True,False,False,False,False,False,False,False,3,2,2,False,False,False,False,1.0,True,1.763018,False,2017-12-15,2017-12-15,Venture - Series Unknown,2017,11.0,False,False,True,True,0.0,1.5,False,False,False,False,False,False,False,False,False,False,False,False,0,0,False,False,False,False,False,False,False,False,False,False,False,False,False,False,False,0,0.0,False,False,False,True,False,False,False,False,False,False,False,True,True,147,2,True,121,29,0.2396694214876033,0.2148447484995146,0.0004833470476976217,1.823299526556456,1.823299526556456,1.823299526556456,1.823299526556456,1.823299526556456,1.823299526556456,0.0,0.0,0.0,0.0,0.0,0.0,0.0,0.0,0.0,0,0,0,0,0,0,0,1.6,5.303304908059076,False,False,True,False,True,True,,,9.0,19.0
22340,Proximi.io,https://www.crunchbase.com/organization/proximi-io,Finland,60.1717794,24.9413548,2014,2.0,True,True,False,False,False,False,False,False,False,True,False,False,False,False,1,1,2,False,False,False,False,0.0,False,0.327395,True,2015-12-21,2015-12-21,Venture - Series Unknown,2015,8.0,True,,False,,5.5,1.0,False,,False,,False,,True,,False,,False,,2,0,True,,True,True,,True,,True,,True,,True,,True,,2,,True,,True,True,,False,False,False,False,False,False,True,True,147,2,True,121,29,0.2396694214876033,0.2148447484995146,0.0004833470476976217,0.0,0.0,0.0,0.0,0.0,0.0,0.0,0.0,0.0,0.0,0.0,0.0,1.0,0.0,0.0,0,0,0,0,0,0,0,1.6,4.704110133842995,False,False,True,False,True,True,,,9.0,19.0
22336,RoadCloud,https://www.crunchbase.com/organization/roadcloud,Finland,60.83333,26.0,2014,1.0,True,False,False,False,True,False,False,False,False,True,False,False,False,False,3,2,2,True,False,True,False,1.0,True,0.570634,False,2017-04-08,2018-09-19,Seed,2017,39.5,True,True,False,False,4.0,3.0,True,False,True,True,False,False,False,False,True,True,False,False,1,0,True,False,False,True,True,True,False,True,False,True,False,True,False,True,False,2,1.0,True,True,True,True,True,False,False,False,False,False,False,True,True,32,0,False,28,4,0.1428571428571428,0.1335313926245225,0.09398058736034391,0.04682497443556624,0.0,0.09364994887113248,0.0,0.0,0.0,0.09364994887113248,0.09364994887113248,0.09364994887113248,0.09364994887113248,0.09364994887113248,0.09364994887113248,2.0,0.0,0.0402231640645322,0,0,0,0,0,0,0,1.6,5.303304908059076,False,False,False,False,False,False,,,2.0,5.0
22303,Hypermemo,https://www.crunchbase.com/organization/hypermemo,Finland,62.5,28.0,2014,1.0,True,False,False,False,True,False,False,False,False,True,False,True,False,False,5,2,2,True,False,True,False,1.0,True,1.147735,False,2019-03-31,2020-05-01,Seed,2019,364.5,False,False,True,True,35.0,16.0,False,False,True,False,True,False,False,False,False,False,False,False,0,0,False,False,False,False,False,False,False,False,False,False,False,False,False,False,False,1,1.0,True,True,False,True,False,False,False,False,False,False,False,True,True,5,0,False,2,0,0.0,0.0,0.3062973576418355,1.1129758432673764,0.3053607252268136,1.920590961307939,1.920590961307939,1.920590961307939,1.920590961307939,0.3053607252268136,0.3053607252268136,0.3053607252268136,1.989068613724117,1.989068613724117,1.989068613724117,0.0,0.0,0.0,0,0,0,0,1,1,0,1.6,5.707110264748875,False,False,False,False,False,False,,,0.0,0.6000000000000005
22204,Vizor.io,https://www.crunchbase.com/organization/vizor-io,Finland,60.1717794,24.9413548,2014,4.0,False,True,False,False,False,False,False,False,False,True,False,False,False,False,1,2,6,True,False,False,False,2.0,True,2.3,False,2015-11-01,2017-04-19,Seed,2015,128.28571428571428,True,True,True,True,4.7,18.3,True,True,True,True,False,False,False,False,True,False,False,False,3,1,True,True,False,True,True,True,True,True,True,True,True,True,True,True,True,3,1.0,True,True,False,True,True,True,True,True,False,False,False,True,False,147,2,True,121,29,0.2396694214876033,0.2148447484995146,0.0004833470476976217,5.204602348624515,0.0,10.190129986950437,0.0,5.538082530793997,10.190129986950437,0.0,4.370901893200809,8.741803786401618,7.544198143287508,0.0,16.372034386210778,26.0,16.0,0.5186910101446078,1,1,1,1,0,1,1,1.6,4.704110133842995,False,False,False,False,False,False,,,9.0,19.0
22373,Camment,https://www.crunchbase.com/organization/camment,Finland,60.1717794,24.9413548,2014,2.0,True,True,False,False,False,False,False,False,False,True,True,False,False,False,3,1,4,False,False,False,False,0.0,False,0.756894,False,2017-07-25,2017-07-25,Seed,2017,15.0,True,,True,,5.5,0.8,False,,True,,True,,False,,False,,False,,1,0,True,,False,True,,True,,True,,True,,True,,True,,2,,True,,True,True,,False,False,False,False,False,False,True,True,147,2,True,121,29,0.2396694214876033,0.2148447484995146,0.0004833470476976217,0.04682497443556624,0.0,0.09364994887113248,0.0,0.04682497443556624,0.09364994887113248,0.0,0.0,0.0,0.09364994887113248,0.09364994887113248,0.09364994887113248,9.0,6.0,0.3385755158906184,1,0,0,0,0,0,0,1.6,5.303304908059076,False,False,False,False,False,False,,,9.0,19.0
22267,Spectral Engines,https://www.crunchbase.com/organization/spectral-engines,Finland,60.83333,26.0,2014,3.0,True,False,False,False,True,False,False,False,False,True,False,False,False,False,0,1,3,True,False,False,False,1.0,True,1.205995,False,2014-06-12,2014-06-12,Venture - Series Unknown,2014,61.333333333333336,True,True,True,False,9.0,13.3,True,False,True,True,False,False,False,False,False,False,False,False,1,0,True,False,False,True,True,True,False,True,False,True,False,True,False,True,False,3,1.0,True,True,True,True,True,False,False,False,False,False,False,True,True,32,0,False,28,3,0.1071428571428571,0.1017826943099422,0.09398058736034391,0.10230009364324771,0.0,0.21325033205861071,0.0,0.10662516602930536,0.21325033205861071,0.09364994887113248,0.09364994887113248,0.09364994887113248,0.20427583440902344,0.09364994887113248,0.305927222297327,6.0,4.0,0.272255779691632,1,0,0,0,1,1,1,1.6,4.786658062033468,True,False,True,True,True,True,2018-05-04,4.0,2.0,5.0
22265,callstats.io,https://www.crunchbase.com/organization/callstats-io,Finland,60.1717794,24.9413548,2014,3.0,True,True,False,False,False,False,False,False,False,True,False,False,False,True,1,1,1,False,True,False,True,1.0,True,0.564353,False,2015-01-31,2015-01-31,Series A,2015,114.0,True,True,False,False,6.0,20.0,False,False,True,True,False,False,False,False,True,True,False,False,1,1,True,True,True,True,True,True,True,True,True,True,True,True,True,True,True,1,1.0,True,True,True,True,True,False,False,False,False,False,False,True,True,147,2,True,121,28,0.2314049586776859,0.208155760348718,0.0004833470476976217,0.0,0.0,0.0,0.0,0.0,0.0,0.0,0.0,0.0,0.0,0.0,0.0,12.0,7.0,0.3768801551063721,1,0,0,0,0,0,0,1.6,4.704110133842995,True,False,True,True,True,True,2022-12-08,8.0,9.0,19.0
22252,Grainsense,https://www.crunchbase.com/organization/grainsense-oy,Finland,65.0113317,25.4843355,2014,3.0,True,False,False,False,False,True,True,False,False,True,False,False,False,True,2,1,1,False,True,False,False,0.0,False,2.536059,False,2016-02-11,2016-02-11,Venture - Series Unknown,2016,14.0,False,,True,,6.0,2.0,True,,False,,False,,False,,False,,False,,0,0,False,,False,False,,False,,False,,False,,False,,False,,1,,True,,True,False,,False,False,False,False,False,False,True,True,7,0,False,25,3,0.12,0.1133286853070031,0.5393187152150493,0.46530115975652886,0.46530115975652886,0.46530115975652886,0.46530115975652886,0.46530115975652886,0.46530115975652886,0.0,0.0,0.0,0.0,0.0,0.0,2.0,1.0,0.1039540459792718,0,0,0,0,0,0,0,1.6,4.6709579265260945,False,False,True,False,True,True,,,2.0,6.0
22369,Ministry of Games - MOG,https://www.crunchbase.com/organization/ministry-of-games-mog,Finland,60.1717794,24.9413548,2014,3.0,False,True,False,False,False,False,False,False,False,True,True,False,False,False,1,1,4,True,False,False,False,3.0,True,2.02367,False,2015-06-11,2015-06-11,Seed,2015,211.5,False,False,True,True,8.5,77.2,False,False,True,True,False,False,False,False,False,False,False,False,0,0,False,False,False,False,False,False,False,False,False,False,False,False,False,False,False,0,0.0,False,False,False,True,True,True,True,True,False,False,False,True,False,147,2,True,121,29,0.2396694214876033,0.2148447484995146,0.0004833470476976217,3.312720838116075,0.8822559515424552,8.722028347808934,1.823299526556456,1.823299526556456,1.823299526556456,0.8822559515424552,3.809194608635948,8.722028347808934,4.655482653879611,0.0,8.783078012371726,3.0,4.0,0.2167404783719826,1,0,0,0,0,0,0,1.6,4.704110133842995,False,False,False,False,False,False,,,9.0,19.0
22244,Flashnode,https://www.crunchbase.com/organization/flashnode,Finland,60.1717794,24.9413548,2014,3.0,True,True,False,False,False,False,False,False,False,True,False,False,False,False,1,2,9,True,False,False,False,1.0,True,2.915454,False,2015-11-18,2017-06-28,Seed,2015,14.0,True,False,True,True,5.8,2.4,False,False,True,True,True,False,False,False,False,False,False,False,1,0,True,False,False,True,False,True,False,True,False,True,False,True,False,True,False,4,0.0,True,False,False,True,False,False,False,False,False,False,False,True,True,147,2,True,121,29,0.2396694214876033,0.2148447484995146,0.0004833470476976217,0.2592375378711358,0.0,0.6372376903067085,0.0,0.1836375073840212,0.6372376903067085,0.6372376903067085,0.6372376903067085,0.6372376903067085,0.3624241810068374,0.0,0.6468229146459578,4.0,3.0,0.2183601215474815,1,0,0,0,0,0,0,1.6,4.704110133842995,False,False,False,False,False,False,,,9.0,19.0
22230,Parking Energy,https://www.crunchbase.com/organization/parking-energy,Finland,60.1717794,24.9413548,2014,1.0,True,True,False,False,True,False,False,False,False,False,False,False,False,False,3,1,1,False,True,True,True,1.0,True,3.233428,False,2017-12-07,2017-12-07,Private Equity,2017,64.0,True,True,False,False,3.0,4.0,False,False,True,True,False,False,False,False,False,False,False,False,1,1,True,True,True,True,True,True,True,True,True,True,True,True,True,True,True,1,1.0,True,True,True,True,True,False,False,False,False,False,False,True,True,147,2,True,121,29,0.2396694214876033,0.2148447484995146,0.0004833470476976217,0.0,0.0,0.0,0.0,0.0,0.0,0.0,0.0,0.0,0.0,0.0,0.0,2.0,0.0,0.0402231640645322,0,0,0,0,0,0,0,1.6,5.303304908059076,False,False,True,False,True,True,,,9.0,19.0
22510,MoveSole,https://www.crunchbase.com/organization/movesole,Finland,65.0113317,25.4843355,2014,2.0,True,False,False,False,False,False,False,True,False,False,False,False,False,False,0,1,1,False,True,False,False,0.0,False,0.0,True,2014-12-19,2014-12-19,Seed,2014,66.0,True,,False,,2.0,2.0,False,,False,,False,,False,,False,,False,,1,0,True,,True,True,,True,,True,,True,,True,,True,,1,,True,,True,False,,False,False,False,False,False,False,True,True,7,0,False,25,3,0.12,0.1133286853070031,0.5393187152150493,0.0,0.0,0.0,0.0,0.0,0.0,0.0,0.0,0.0,0.0,0.0,0.0,6.0,2.0,0.2252883124345997,1,0,0,0,1,1,1,1.6,4.786658062033468,False,False,False,False,False,False,,,2.0,6.0
22515,Sportevo Babyfit,https://www.crunchbase.com/organization/sportevo-babyfit,Finland,61.4789039,22.5944165,2014,1.0,False,False,False,False,False,False,False,True,False,False,False,False,False,False,1,1,1,False,True,False,False,0.0,False,0.075754,True,2015-04-07,2015-04-07,Seed,2015,67.0,False,,True,,4.0,10.0,False,,False,,False,,False,,False,,False,,0,0,False,,False,False,,False,,False,,False,,False,,False,,1,,True,,True,True,,False,False,False,False,False,False,True,True,7,0,False,8,2,0.25,0.2231435513142097,0.193545941836843,0.193131491121286,0.193131491121286,0.193131491121286,0.193131491121286,0.193131491121286,0.193131491121286,0.0,0.0,0.0,0.0,0.0,0.0,0.0,0.0,0.0,0,0,0,0,1,1,0,1.6,4.704110133842995,False,False,False,False,False,False,,,0.0,0.4000000000000003
22538,StealthCase,https://www.crunchbase.com/organization/stealthcase,Finland,61.4789039,22.5944165,2014,3.0,True,False,False,False,False,False,False,False,False,True,False,False,False,False,2,1,1,False,True,True,False,0.0,False,0.0,True,2016-01-01,2016-01-01,Pre-Seed,2016,66.0,False,,True,,4.0,2.0,False,,False,,False,,False,,False,,False,,0,0,False,,False,False,,False,,False,,False,,False,,False,,1,,True,,True,False,,False,False,False,False,False,False,True,True,7,0,False,8,2,0.25,0.2231435513142097,0.193545941836843,0.41847442788313227,0.41847442788313227,0.41847442788313227,0.41847442788313227,0.41847442788313227,0.41847442788313227,0.0,0.0,0.0,0.0,0.0,0.0,0.0,0.0,0.0,0,0,0,0,1,1,0,1.6,4.6709579265260945,False,False,False,False,False,False,,,0.0,0.4000000000000003
22529,Gizlo,https://www.crunchbase.com/organization/gizlo,Finland,60.1717794,24.9413548,2014,6.0,True,True,False,False,False,True,False,False,False,True,False,False,False,True,1,1,1,False,True,False,False,0.0,False,0.77,False,2015-02-02,2015-02-02,Seed,2015,67.0,True,,False,,4.0,10.0,False,,False,,False,,False,,False,,False,,1,0,True,,True,True,,True,,True,,True,,True,,True,,1,,True,,True,True,,False,False,False,False,False,False,True,True,147,2,True,121,29,0.2396694214876033,0.2148447484995146,0.0004833470476976217,0.0,0.0,0.0,0.0,0.0,0.0,0.0,0.0,0.0,0.0,0.0,0.0,10.0,7.0,0.3603079674614015,1,0,0,0,0,0,0,1.6,4.704110133842995,False,False,False,False,False,False,,,9.0,19.0
22469,Pint Please,https://www.crunchbase.com/organization/pint-please,Finland,65.0113317,25.4843355,2014,4.0,False,False,False,False,False,False,True,False,False,True,False,False,False,False,0,1,1,False,True,False,True,1.0,True,0.454376,True,2014-08-13,2014-08-13,Seed,2014,66.0,True,True,False,False,2.0,2.0,False,False,False,False,False,False,False,False,False,False,False,False,1,1,True,True,True,True,True,True,True,True,True,True,True,True,True,True,True,1,1.0,True,True,True,False,False,False,False,False,False,False,False,True,True,7,0,False,25,3,0.12,0.1133286853070031,0.5393187152150493,0.0,0.0,0.0,0.0,0.0,0.0,0.0,0.0,0.0,0.0,0.0,0.0,6.0,2.0,0.2252883124345997,1,0,0,0,1,1,1,1.6,4.786658062033468,False,False,False,False,False,False,,,2.0,6.0
21958,Wolt,https://www.crunchbase.com/organization/wolt,Finland,60.1717794,24.9413548,2014,6.0,True,True,False,False,True,False,True,False,False,True,False,False,False,False,0,2,5,True,False,False,False,2.0,True,3.0,False,2014-11-18,2015-11-10,Series E,2014,74.375,True,True,False,False,5.1,13.2,False,False,True,True,False,False,False,False,True,True,False,False,8,4,True,True,True,True,True,True,True,True,True,True,True,True,True,True,True,8,4.0,True,True,True,True,True,False,False,False,False,False,False,True,True,147,2,True,121,28,0.2314049586776859,0.208155760348718,0.0004833470476976217,0.0,0.0,0.0,0.0,0.0,0.0,0.0,0.0,0.0,0.0,0.0,0.0,17.0,17.0,0.4837232322737045,1,1,0,1,0,1,0,1.6,4.786658062033468,True,True,True,True,True,True,2021-11-09,7.0,9.0,19.0
21997,PromoRepublic,https://www.crunchbase.com/organization/promorepublic,Finland,60.1717794,24.9413548,2014,4.0,True,True,False,False,False,False,False,False,False,True,True,False,False,True,0,7,19,True,False,True,False,2.0,True,3.835226,False,2014-10-22,2021-12-06,Seed,2014,48.827586206896555,True,True,True,True,3.6,5.9,False,False,True,True,True,False,False,False,True,False,False,False,8,1,True,True,False,True,True,True,True,True,True,True,True,True,True,True,True,10,1.0,True,True,False,True,True,True,True,True,False,True,False,True,False,147,2,True,121,29,0.2396694214876033,0.2148447484995146,0.0004833470476976217,2.3062349239050874,0.0,8.71951144773189,0.0,2.2131232391363977,8.71951144773189,0.0,3.5632426682823946,7.126485336564789,3.831602230807378,0.0,12.846056902717791,31.0,37.0,0.6095028612251857,1,1,1,1,1,1,1,1.6,4.786658062033468,False,False,False,False,False,False,,,9.0,19.0
22284,Timma,https://www.crunchbase.com/organization/timma,Finland,60.1717794,24.9413548,2015,3.0,True,True,False,False,True,True,False,False,False,True,False,False,False,False,1,1,2,False,False,False,False,2.0,True,0.655093,False,2016-11-09,2016-11-09,Seed,2016,44.5,True,True,False,False,2.0,9.5,False,False,False,False,True,True,False,False,False,False,False,False,2,2,True,True,True,True,True,True,True,True,True,True,True,True,True,True,True,2,2.0,True,True,True,True,True,False,False,False,False,False,False,True,True,147,2,True,148,35,0.2364864864864864,0.2122738790773058,0.0004833470476976217,0.0,0.0,0.0,0.0,0.0,0.0,0.0,0.0,0.0,0.0,0.0,0.0,25.0,21.0,0.5386529723985829,1,1,1,1,0,1,1,2.31,4.6709579265260945,False,False,False,False,False,False,,,9.0,19.0
22345,Hubchat,https://www.crunchbase.com/organization/hubchat-inc,Finland,60.1717794,24.9413548,2015,1.0,False,True,False,False,False,True,False,False,False,True,False,False,False,False,1,1,1,False,True,False,False,0.0,False,2.477901,False,2016-06-01,2016-06-01,Seed,2016,67.0,True,,False,,5.0,10.0,False,,False,,False,,False,,False,,False,,1,0,True,,True,True,,True,,True,,True,,True,,True,,1,,True,,True,True,,False,False,False,False,False,False,True,True,147,2,True,148,35,0.2364864864864864,0.2122738790773058,0.0004833470476976217,0.0,0.0,0.0,0.0,0.0,0.0,0.0,0.0,0.0,0.0,0.0,0.0,15.0,0.0,0.2062858594265998,1,0,0,0,0,0,0,2.31,4.6709579265260945,False,False,False,False,False,False,,,9.0,19.0
22352,VibeCatch,https://www.crunchbase.com/organization/vibecatch,Finland,60.83333,26.0,2015,3.0,True,False,False,False,True,False,False,False,False,True,False,False,False,False,2,1,2,False,False,False,False,2.0,True,0.71109,False,2017-11-29,2017-11-29,Seed,2017,52.5,True,True,False,False,1.0,8.0,False,False,True,True,True,True,False,False,False,False,False,False,0,0,False,False,False,True,True,False,False,False,False,False,False,False,False,False,False,2,2.0,True,True,True,True,True,False,False,False,False,False,False,True,True,32,0,False,40,7,0.175,0.1612681475961222,0.09398058736034391,0.09364994887113248,0.09364994887113248,0.09364994887113248,0.0,0.0,0.0,0.09364994887113248,0.09364994887113248,0.09364994887113248,0.0,0.0,0.0,5.0,3.0,0.2364468810362113,1,0,0,0,1,1,1,2.31,5.303304908059076,False,False,False,False,False,False,,,2.0,5.0
22364,Arctic Robotics,https://www.crunchbase.com/organization/arctic-robotics,Finland,60.83333,26.0,2015,3.0,True,False,False,False,False,False,False,False,False,False,False,False,False,False,2,1,1,False,True,False,True,1.0,True,0.759331,False,2017-01-26,2017-01-26,Seed,2017,53.0,True,True,False,False,2.0,3.0,False,False,True,True,False,False,False,False,False,False,False,False,0,0,False,False,False,True,True,False,False,False,False,False,False,False,False,False,False,1,1.0,True,True,True,True,True,False,False,False,False,False,False,True,True,32,0,False,40,7,0.175,0.1612681475961222,0.09398058736034391,0.09364994887113248,0.09364994887113248,0.09364994887113248,0.0,0.0,0.0,0.09364994887113248,0.09364994887113248,0.09364994887113248,0.0,0.0,0.0,2.0,1.0,0.1039540459792718,0,0,0,0,0,0,0,2.31,5.303304908059076,False,False,False,False,False,False,,,2.0,5.0
22203,Inscripta,https://www.crunchbase.com/organization/inscripta-10ae,Finland,60.1717794,24.9413548,2015,3.0,True,True,False,False,False,False,False,False,False,True,False,False,False,False,3,2,5,True,False,True,False,3.0,True,1.025232,False,2018-08-18,2021-05-28,Seed,2018,42.166666666666664,True,True,False,False,2.7,4.7,False,False,True,True,True,False,False,False,True,True,False,False,6,3,True,True,True,True,True,True,True,True,True,True,True,True,True,True,True,6,3.0,True,True,True,True,True,False,False,False,False,False,False,True,True,147,2,True,148,35,0.2364864864864864,0.2122738790773058,0.0004833470476976217,0.0,0.0,0.0,0.0,0.0,0.0,0.0,0.0,0.0,0.0,0.0,0.0,55.0,17.0,0.5963161117486895,1,1,1,1,1,1,1,2.31,5.303304908059076,False,False,False,False,False,False,,,9.0,19.0
22198,Futureplay Games,https://www.crunchbase.com/organization/futureplay-games,Finland,60.1717794,24.9413548,2015,6.0,False,True,False,False,False,False,False,False,False,False,True,False,False,False,0,1,5,False,False,False,False,0.0,False,0.428937,True,2015-11-10,2015-11-10,Venture - Series Unknown,2015,54.0,False,,True,,10.0,13.6,False,,True,,False,,False,,False,,False,,0,0,False,,False,False,,False,,False,,False,,False,,False,,0,,False,,False,True,,True,True,False,False,True,False,True,False,147,2,True,148,34,0.2297297297297297,0.2067944133126802,0.0004833470476976217,4.183753577647716,0.3960167542263701,9.266932472268536,0.3960167542263701,4.183753577647716,9.266932472268536,0.0,0.0,0.0,6.073311993006307,0.0,9.963776093860268,4.0,3.0,0.2183601215474815,1,0,0,0,0,0,0,2.31,4.704110133842995,True,False,True,True,True,True,2021-08-02,6.0,9.0,19.0
22368,Mightifier,https://www.crunchbase.com/organization/mightifier,Finland,60.83333,26.0,2015,2.0,False,False,False,False,False,True,False,False,False,True,False,False,False,False,1,1,2,True,False,False,False,1.0,True,0.25,True,2016-11-01,2016-11-01,Venture - Series Unknown,2016,36.0,True,True,False,False,1.0,0.5,False,False,False,False,True,True,False,False,False,False,False,False,0,0,False,False,False,True,True,False,False,False,False,False,False,False,False,False,False,2,1.0,True,True,True,True,True,False,False,False,False,False,False,True,True,32,0,False,40,7,0.175,0.1612681475961222,0.09398058736034391,0.09364994887113248,0.09364994887113248,0.09364994887113248,0.09364994887113248,0.09364994887113248,0.09364994887113248,0.09364994887113248,0.09364994887113248,0.09364994887113248,0.0,0.0,0.0,0.0,0.0,0.0,0,0,0,0,0,0,0,2.31,4.6709579265260945,False,False,True,False,True,True,,,2.0,5.0
22374,Moppi.com,https://www.crunchbase.com/organization/moppi-com,Finland,60.1717794,24.9413548,2015,2.0,False,True,False,False,True,True,False,False,False,True,False,False,False,True,0,1,1,False,True,False,False,0.0,False,0.335096,True,2015-09-07,2015-09-07,Seed,2015,67.0,True,,False,,4.0,10.0,False,,False,,False,,False,,False,,False,,1,0,True,,True,True,,True,,True,,True,,True,,True,,1,,True,,True,True,,False,False,False,False,False,False,True,True,147,2,True,148,34,0.2297297297297297,0.2067944133126802,0.0004833470476976217,0.0,0.0,0.0,0.0,0.0,0.0,0.0,0.0,0.0,0.0,0.0,0.0,10.0,7.0,0.3603079674614015,1,0,0,0,0,0,0,2.31,4.704110133842995,True,False,False,True,True,True,2017-03-01,2.0,9.0,19.0
22342,Ivalo,https://www.crunchbase.com/organization/ivalo,Finland,60.83333,26.0,2015,2.0,False,False,False,False,False,False,False,False,False,True,False,False,False,False,1,2,2,True,False,False,False,1.0,True,0.15943,True,2016-01-01,2016-12-13,Seed,2016,28.5,True,True,False,False,7.0,4.0,False,False,False,False,True,True,False,False,False,False,False,False,0,0,False,False,False,True,True,False,False,False,False,False,False,False,False,False,False,2,1.0,True,True,True,True,True,False,False,False,False,False,False,True,True,32,0,False,40,7,0.175,0.1612681475961222,0.09398058736034391,0.09364994887113248,0.09364994887113248,0.09364994887113248,0.09364994887113248,0.09364994887113248,0.09364994887113248,0.09364994887113248,0.09364994887113248,0.09364994887113248,0.0,0.0,0.0,0.0,0.0,0.0,0,0,0,0,0,0,0,2.31,4.6709579265260945,False,False,False,False,False,False,,,2.0,5.0
22338,Evervest,https://www.crunchbase.com/organization/evervest,Finland,60.1717794,24.9413548,2015,2.0,True,True,False,False,False,False,False,False,True,False,False,False,False,False,1,1,1,False,True,False,True,1.0,True,0.950324,False,2016-11-24,2016-11-24,Seed,2016,67.0,True,True,False,False,5.0,10.0,False,False,False,False,False,False,False,False,False,False,False,False,1,1,True,True,True,True,True,True,True,True,True,True,True,True,True,True,True,1,1.0,True,True,True,True,True,False,False,False,False,False,False,True,True,147,2,True,148,34,0.2297297297297297,0.2067944133126802,0.0004833470476976217,0.0,0.0,0.0,0.0,0.0,0.0,0.0,0.0,0.0,0.0,0.0,0.0,15.0,0.0,0.2062858594265998,1,0,0,0,0,0,0,2.31,4.6709579265260945,True,False,False,True,True,True,2018-05-03,3.0,9.0,19.0
22273,Monidor Oy,https://www.crunchbase.com/organization/monidor-oy,Finland,65.0113317,25.4843355,2015,2.0,True,False,False,False,True,True,False,True,False,True,False,False,False,False,1,1,1,False,True,True,False,0.0,False,0.0,True,2016-01-04,2016-01-04,Venture - Series Unknown,2016,66.0,True,,False,,4.0,2.0,False,,False,,False,,False,,False,,False,,1,0,True,,True,True,,True,,True,,True,,True,,True,,1,,True,,True,False,,False,False,False,False,False,False,True,True,7,0,False,29,3,0.1034482758620689,0.0984400728132524,0.5393187152150493,0.0,0.0,0.0,0.0,0.0,0.0,0.0,0.0,0.0,0.0,0.0,0.0,8.0,0.0,0.1492082812712644,0,0,0,0,1,0,1,2.31,4.6709579265260945,False,False,True,False,True,True,,,2.0,6.0
22272,B2B Pay,https://www.crunchbase.com/organization/b2b-pay,Finland,60.1717794,24.9413548,2015,1.0,True,True,False,False,False,False,False,False,True,True,False,False,False,True,1,1,1,False,True,False,True,1.0,True,0.122869,True,2016-03-13,2016-03-13,Seed,2016,0.0,False,False,True,True,10.0,545.0,False,False,True,True,True,True,False,False,False,False,False,False,0,0,False,False,False,False,False,False,False,False,False,False,False,False,False,False,False,0,0.0,False,False,False,False,False,True,True,True,True,False,False,False,False,147,2,True,148,35,0.2364864864864864,0.2122738790773058,0.0004833470476976217,7.986986508483883,7.986986508483883,7.986986508483883,0.0,0.0,0.0,7.986986508483883,7.986986508483883,7.986986508483883,0.0,0.0,0.0,0.0,0.0,0.0,0,0,0,0,0,0,0,2.31,4.6709579265260945,False,False,False,False,False,False,,,9.0,19.0
22296,Armada Interactive,https://www.crunchbase.com/organization/armada-interactive,Finland,60.1717794,24.9413548,2015,5.0,False,True,False,False,False,False,False,False,False,True,True,False,False,False,1,2,11,True,False,False,False,3.0,True,10.0,False,2016-04-20,2017-02-23,Seed,2016,155.4,True,False,True,True,10.2,48.9,True,False,True,True,False,False,False,False,False,False,False,False,2,0,True,False,False,True,False,True,False,True,False,True,False,True,False,True,False,2,0.0,True,False,False,True,True,True,True,True,False,False,False,True,False,147,2,True,148,35,0.2364864864864864,0.2122738790773058,0.0004833470476976217,3.172557840849611,0.0,8.722028347808934,0.0,3.18202963958155,8.722028347808934,0.3960167542263701,3.137827912165836,7.194167455714682,4.287069037281395,0.0,11.147208548302466,23.0,9.0,0.4582184306356544,1,0,0,0,0,1,1,2.31,4.6709579265260945,False,False,False,False,False,False,,,9.0,19.0
22302,Playvation,https://www.crunchbase.com/organization/playvation,Finland,60.1717794,24.9413548,2015,2.0,False,True,False,False,False,True,False,False,False,False,False,False,False,False,5,1,1,False,True,False,True,1.0,True,1.393276,False,2020-06-09,2020-06-09,Seed,2020,19.0,True,True,False,False,3.0,1.0,True,True,False,False,False,False,False,False,False,False,False,False,1,1,True,True,True,True,True,True,True,True,True,True,True,True,True,True,True,1,1.0,True,True,True,True,True,False,False,False,False,False,False,True,True,147,2,True,148,35,0.2364864864864864,0.2122738790773058,0.0004833470476976217,0.0,0.0,0.0,0.0,0.0,0.0,0.0,0.0,0.0,0.0,0.0,0.0,2.0,3.0,0.1676849278940113,0,0,0,0,0,0,0,2.31,5.993961427306569,False,False,False,False,False,False,,,9.0,19.0
22262,Reforged Studios,https://www.crunchbase.com/organization/reforged-studios,Finland,60.1717794,24.9413548,2015,4.0,False,True,False,False,False,False,False,False,False,False,True,False,False,False,0,1,1,False,True,False,False,0.0,False,2.5,False,2015-10-27,2015-10-27,Seed,2015,17.0,False,,True,,3.0,0.0,False,,False,,False,,False,,False,,False,,0,0,False,,False,False,,False,,False,,False,,False,,False,,0,,False,,False,False,,True,True,False,False,False,False,False,False,147,2,True,148,35,0.2364864864864864,0.2122738790773058,0.0004833470476976217,6.321054477128991,6.321054477128991,6.321054477128991,6.321054477128991,6.321054477128991,6.321054477128991,0.0,0.0,0.0,0.0,0.0,0.0,0.0,0.0,0.0,0,0,0,0,0,0,0,2.31,4.704110133842995,False,False,False,False,False,False,,,9.0,19.0
22246,Ladimo,https://www.crunchbase.com/organization/ladimo,Finland,60.83333,26.0,2015,2.0,True,False,False,False,True,False,False,False,False,True,False,False,False,False,2,2,2,False,False,False,False,0.0,False,0.0,True,2017-11-28,2018-09-26,Seed,2017,71.0,True,,True,,3.0,3.0,False,,True,,False,,False,,True,,False,,0,0,False,,False,True,,False,,False,,False,,False,,False,,2,,True,,True,True,,False,False,False,False,False,False,True,True,32,0,False,40,7,0.175,0.1612681475961222,0.09398058736034391,0.2794755543138307,0.09364994887113248,0.46530115975652886,0.09364994887113248,0.2794755543138307,0.46530115975652886,0.0,0.0,0.0,0.5388457224376022,0.5388457224376022,0.5388457224376022,6.0,5.0,0.2890191943493392,1,0,0,0,1,1,1,2.31,5.303304908059076,False,False,False,False,False,False,,,2.0,5.0
22309,Terramonitor,https://www.crunchbase.com/organization/terramonitor,Finland,60.1717794,24.9413548,2015,2.0,True,True,False,False,True,False,False,False,False,True,False,False,False,False,2,1,1,False,True,True,True,1.0,True,0.175,True,2017-12-12,2017-12-12,Pre-Seed,2017,76.0,True,True,False,False,0.0,4.0,False,False,True,True,False,False,False,False,True,True,False,False,1,1,True,True,True,True,True,True,True,True,True,True,True,True,True,True,True,1,1.0,True,True,True,True,True,False,False,False,False,False,False,True,True,147,2,True,148,35,0.2364864864864864,0.2122738790773058,0.0004833470476976217,0.0,0.0,0.0,0.0,0.0,0.0,0.0,0.0,0.0,0.0,0.0,0.0,1.0,0.0,0.0,0,0,0,0,0,0,0,2.31,5.303304908059076,False,False,False,False,False,False,,,9.0,19.0
22311,AdLaunch,https://www.crunchbase.com/organization/adlaunch,Finland,60.1717794,24.9413548,2015,3.0,False,True,False,False,True,False,False,False,False,True,True,False,False,False,2,3,3,True,False,True,False,2.0,True,0.897266,False,2017-05-01,2020-08-10,Pre-Seed,2017,151.0,False,False,True,True,4.7,5.7,False,False,True,True,True,True,False,False,False,False,False,False,0,0,False,False,False,False,False,False,False,False,False,False,False,False,False,False,False,0,0.0,False,False,False,True,True,True,True,True,False,False,False,True,False,147,2,True,148,35,0.2364864864864864,0.2122738790773058,0.0004833470476976217,6.391429603349813,1.823299526556456,9.020951031047863,8.330038252445116,8.330038252445116,8.330038252445116,1.823299526556456,5.422125278802161,9.020951031047863,6.5592258901419385,3.7805790674844078,8.771876385251634,0.0,0.0,0.0,0,0,0,0,0,0,0,2.31,5.303304908059076,False,False,False,False,False,False,,,9.0,19.0
22318,CloudBounce,https://www.crunchbase.com/organization/cloudbounce,Finland,61.4789039,22.5944165,2015,1.0,True,False,False,False,False,False,False,False,False,False,True,False,False,False,2,1,2,True,False,False,False,1.0,True,0.25,True,2017-01-17,2017-01-17,Seed,2017,109.0,False,False,True,True,45.5,12.5,False,False,True,False,False,False,False,False,True,False,False,False,0,0,False,False,False,False,False,False,False,False,False,False,False,False,False,False,False,0,0.0,False,False,False,True,True,False,False,False,False,False,False,True,True,7,0,False,10,2,0.2,0.1823215567939546,0.193545941836843,1.7682134807525196,1.7682134807525196,1.7682134807525196,1.7682134807525196,1.7682134807525196,1.7682134807525196,1.7682134807525196,1.7682134807525196,1.7682134807525196,0.0,0.0,0.0,0.0,0.0,0.0,0,0,0,0,1,1,0,2.31,5.303304908059076,False,False,False,False,False,False,,,0.0,0.4000000000000003
22335,Grumblo,https://www.crunchbase.com/organization/grumblo,Finland,62.0,24.0,2015,2.0,False,False,False,False,True,True,False,False,False,True,True,False,False,False,3,4,5,False,False,False,False,0.0,False,0.69378,False,2018-04-06,2021-02-20,Series A,2018,1.6666666666666667,True,,True,,0.0,0.0,True,,False,,False,,False,,False,,False,,1,0,True,,False,True,,True,,True,,True,,True,,True,,2,,True,,False,True,,False,False,False,False,False,False,True,True,12,0,False,13,1,0.0769230769230769,0.0741079721537218,0.20997009474927936,0.27176392697426566,0.0,0.4387837698569384,0.0,0.27176392697426566,0.4387837698569384,0.0,0.0,0.0,0.3131815360583004,0.0,0.4387837698569384,0.0,0.0,0.0,0,0,0,0,1,1,0,2.31,5.303304908059076,False,False,True,False,True,True,,,0.0,0.8000000000000007
22143,Lightneer,https://www.crunchbase.com/organization/lightneer,Finland,60.1717794,24.9413548,2015,4.0,False,True,False,False,False,False,False,False,False,True,True,False,False,False,1,3,5,True,False,False,False,1.0,True,8.96324,False,2016-04-18,2017-08-15,Seed,2016,65.33333333333333,True,False,True,True,0.9,13.4,True,True,True,True,True,False,False,False,True,False,False,False,3,0,True,False,False,True,False,True,False,True,False,True,False,True,False,True,False,3,0.0,True,False,False,True,False,True,True,True,False,False,False,True,False,147,2,True,148,35,0.2364864864864864,0.2122738790773058,0.0004833470476976217,4.291175250312239,0.0,8.722028347808934,0.0,3.737318613125153,8.722028347808934,8.722028347808934,8.722028347808934,8.722028347808934,5.180095250172914,0.0,8.953058873364853,0.0,0.0,0.0,0,0,0,0,0,0,0,2.31,4.6709579265260945,False,False,False,False,False,False,,,9.0,19.0
22508,Cleac,https://www.crunchbase.com/organization/cleac,Finland,60.1717794,24.9413548,2015,1.0,True,True,False,False,False,True,False,False,False,False,False,False,False,False,1,1,1,False,True,False,False,0.0,False,0.0,True,2016-12-05,2016-12-05,Seed,2016,66.0,False,,True,,4.0,2.0,False,,False,,False,,False,,False,,False,,0,0,False,,False,False,,False,,False,,False,,False,,False,,1,,True,,True,False,,False,False,False,False,False,False,True,True,147,2,True,148,35,0.2364864864864864,0.2122738790773058,0.0004833470476976217,0.5388457224376022,0.5388457224376022,0.5388457224376022,0.5388457224376022,0.5388457224376022,0.5388457224376022,0.0,0.0,0.0,0.0,0.0,0.0,5.0,0.0,0.1089851172067322,0,0,0,0,0,0,0,2.31,4.6709579265260945,False,False,False,False,False,False,,,9.0,19.0
22512,SenzoLive,https://www.crunchbase.com/organization/senzolive,Finland,60.83333,26.0,2015,1.0,True,False,False,False,False,False,False,False,False,True,False,False,False,False,1,1,1,False,True,False,True,1.0,True,0.0,True,2016-06-01,2016-06-01,Seed,2016,53.0,True,True,False,False,1.0,3.0,False,False,True,True,False,False,False,False,False,False,False,False,0,0,False,False,False,True,True,False,False,False,False,False,False,False,False,False,False,1,1.0,True,True,True,True,True,False,False,False,False,False,False,True,True,32,0,False,40,6,0.15,0.1397619423751586,0.09398058736034391,0.09364994887113248,0.09364994887113248,0.09364994887113248,0.0,0.0,0.0,0.09364994887113248,0.09364994887113248,0.09364994887113248,0.0,0.0,0.0,0.0,0.0,0.0,0,0,0,0,0,0,0,2.31,4.6709579265260945,True,False,False,True,True,True,2019-10-28,4.0,2.0,5.0
22517,Masar,https://www.crunchbase.com/organization/masar,Finland,62.0,24.0,2015,1.0,True,False,True,True,False,False,False,False,False,False,False,True,False,False,0,1,1,False,True,False,False,0.0,False,0.0,True,2015-05-01,2015-05-01,Seed,2015,215.0,False,,True,,4.0,13.0,True,,True,,True,,False,,False,,False,,0,0,False,,False,False,,False,,False,,False,,False,,False,,0,,False,,False,True,,False,False,False,False,False,False,True,True,12,0,False,13,1,0.0769230769230769,0.0741079721537218,0.20997009474927936,1.5611807659463397,1.5611807659463397,1.5611807659463397,1.5611807659463397,1.5611807659463397,1.5611807659463397,0.0,0.0,0.0,0.0,0.0,0.0,0.0,0.0,0.0,0,0,0,0,1,1,0,2.31,4.704110133842995,False,False,False,False,False,False,,,0.0,0.8000000000000007
21972,Paptic,https://www.crunchbase.com/organization/paptic,Finland,60.83333,26.0,2015,3.0,True,False,True,False,True,False,False,False,False,False,False,True,False,False,0,1,3,True,False,False,False,1.0,True,1.222089,False,2015-08-14,2015-08-14,Venture - Series Unknown,2015,11.666666666666666,True,True,True,False,9.0,1.3,True,True,False,False,False,False,False,False,False,False,False,False,1,1,True,True,False,True,True,True,True,True,True,True,True,True,True,True,True,2,1.0,True,True,False,True,False,False,False,False,False,False,False,True,True,32,0,False,40,6,0.15,0.1397619423751586,0.09398058736034391,0.665810282637052,0.0,1.9037808990400231,0.09364994887113248,0.998715423955578,1.9037808990400231,0.0,0.0,0.0,1.273576791489204,0.09364994887113248,1.9037808990400231,1.0,0.0,0.0,0,0,0,0,0,0,0,2.31,4.704110133842995,False,True,True,True,True,True,,,2.0,5.0
21996,AppFollow,https://www.crunchbase.com/organization/appfollow,Finland,60.1717794,24.9413548,2015,3.0,True,True,False,False,False,False,False,False,False,True,False,False,False,False,0,6,7,True,False,True,False,2.0,True,2.273058,False,2015-02-01,2019-09-17,Series A,2015,81.0,True,True,True,True,4.7,5.8,True,False,True,True,True,False,False,False,True,False,False,False,0,0,False,False,False,True,True,False,False,False,False,False,False,False,False,False,False,2,2.0,True,True,False,True,True,True,True,True,False,False,False,True,False,147,2,True,148,35,0.2364864864864864,0.2122738790773058,0.0004833470476976217,3.114798110020828,0.09364994887113248,8.722028347808934,0.8888464861589735,4.94824683646177,8.722028347808934,0.09364994887113248,0.6701998080995736,1.823299526556456,4.9807373478412735,0.0,9.790988983661686,7.0,9.0,0.3492333134289221,1,0,0,0,0,1,0,2.31,4.704110133842995,False,False,True,False,True,True,,,9.0,19.0
22396,Creagent,https://www.crunchbase.com/organization/creagent,Finland,60.1717794,24.9413548,2015,1.0,False,True,False,False,True,False,False,False,False,True,True,False,True,False,1,1,1,False,True,True,True,1.0,True,0.08098,True,2016-01-23,2016-01-23,Pre-Seed,2016,53.0,True,True,False,False,1.0,3.0,False,False,True,True,False,False,False,False,False,False,False,False,1,1,True,True,True,True,True,True,True,True,True,True,True,True,True,True,True,1,1.0,True,True,True,True,True,False,False,False,False,False,False,True,True,147,2,True,148,35,0.2364864864864864,0.2122738790773058,0.0004833470476976217,0.0,0.0,0.0,0.0,0.0,0.0,0.0,0.0,0.0,0.0,0.0,0.0,3.0,1.0,0.1324928350569394,0,0,0,0,0,0,0,2.31,4.6709579265260945,False,False,False,False,False,False,,,9.0,19.0
22114,Neuro Event Labs,https://www.crunchbase.com/organization/neuro-event-labs,Finland,61.4789039,22.5944165,2015,1.0,True,False,False,False,True,False,False,True,False,True,False,False,False,False,3,1,1,False,True,False,True,1.0,True,0.0,True,2018-03-14,2018-03-14,Series A,2018,48.0,False,False,True,True,0.0,5.0,False,False,True,True,False,False,False,False,False,False,False,False,0,0,False,False,False,False,False,False,False,False,False,False,False,False,False,False,False,1,1.0,True,True,True,True,True,False,False,False,False,False,False,True,True,7,0,False,10,2,0.2,0.1823215567939546,0.193545941836843,0.193131491121286,0.193131491121286,0.193131491121286,0.0,0.0,0.0,0.193131491121286,0.193131491121286,0.193131491121286,0.0,0.0,0.0,0.0,0.0,0.0,0,0,0,0,1,1,0,2.31,5.303304908059076,False,False,True,False,True,True,,,0.0,0.4000000000000003
22108,VisiLean,https://www.crunchbase.com/organization/visilean-ltd,Finland,60.1717794,24.9413548,2015,3.0,True,True,False,False,False,False,False,False,False,True,False,False,True,False,0,4,4,True,False,True,False,3.0,True,2.661287,False,2014-02-01,2020-03-25,Seed,2014,18.4,True,True,True,True,1.4,2.8,False,False,False,False,True,True,True,True,False,False,False,False,1,1,True,True,False,True,True,True,True,True,True,True,True,True,True,True,True,1,1.0,True,True,False,True,True,False,False,False,False,False,False,True,True,147,2,True,148,35,0.2364864864864864,0.2122738790773058,0.0004833470476976217,1.4586396212451649,0.0,1.823299526556456,1.823299526556456,1.823299526556456,1.823299526556456,0.0,1.367474644917342,1.823299526556456,0.7293198106225824,0.0,1.823299526556456,4.0,3.0,0.2183601215474815,1,0,0,0,0,0,0,2.31,4.786658062033468,False,False,False,False,False,False,,,9.0,19.0
22107,QuietOn Oy,https://www.crunchbase.com/organization/quieton-oy,Finland,64.91245,25.5108223,2015,2.0,True,False,False,False,True,True,False,False,False,True,False,False,False,False,4,3,4,True,False,False,False,3.0,True,7.026156,False,2019-08-01,2020-04-08,Seed,2019,22.5,False,False,True,True,2.0,4.5,False,False,False,False,True,True,False,False,False,False,False,False,0,0,False,False,False,False,False,False,False,False,False,False,False,False,False,False,False,4,3.0,True,True,True,True,True,False,False,False,False,False,False,True,True,7,0,False,2,0,0.0,0.0,0.5284135588598055,0.5095185580206438,0.4542514729197075,0.5279409197209559,0.5279409197209559,0.5279409197209559,0.5279409197209559,0.4542514729197075,0.5033777707872064,0.5279409197209559,0.04682497443556624,0.0,0.09364994887113248,1.0,0.0,0.0,0,0,0,0,0,0,0,2.31,5.707110264748875,False,False,False,False,False,False,,,2.0,6.0
22105,ResQ Club,https://www.crunchbase.com/organization/resq-club,Finland,60.1717794,24.9413548,2015,5.0,False,True,False,False,True,False,True,False,False,True,False,True,False,True,1,1,2,True,False,False,False,1.0,True,0.362565,True,2016-05-25,2016-05-25,Venture - Series Unknown,2016,10.0,True,True,True,False,11.0,1.5,True,True,False,False,False,False,False,False,False,False,False,False,1,1,True,True,False,True,True,True,True,True,True,True,True,True,True,True,True,1,1.0,True,True,False,True,True,True,True,True,False,False,False,True,False,147,2,True,148,35,0.2364864864864864,0.2122738790773058,0.0004833470476976217,4.375780287630605,0.0,8.75156057526121,8.75156057526121,8.75156057526121,8.75156057526121,0.0,0.0,0.0,8.75156057526121,8.75156057526121,8.75156057526121,0.0,0.0,0.0,0,0,0,0,0,0,0,2.31,4.6709579265260945,False,False,True,False,True,True,,,9.0,19.0
22102,SpinDrive,https://www.crunchbase.com/organization/spindrive,Finland,60.83333,26.0,2015,3.0,True,False,True,False,False,True,False,False,False,True,False,True,False,False,4,3,5,True,False,True,False,3.0,True,2.775242,False,2019-06-10,2022-01-12,Series A,2019,45.5,True,True,True,True,6.2,4.5,False,False,True,True,True,True,False,False,True,False,False,False,0,0,False,False,False,True,True,False,False,False,False,False,False,False,False,False,False,4,3.0,True,True,False,True,True,True,True,False,False,True,False,True,False,32,0,False,40,7,0.175,0.1612681475961222,0.09398058736034391,2.003164603403909,0.09364994887113248,9.227052974901497,0.46530115975652886,3.788795520974886,9.227052974901497,0.09364994887113248,0.21753368583293126,0.46530115975652886,3.785172760314148,0.0,10.235584438930509,11.0,1.0,0.2414779522636717,1,0,0,0,1,0,1,2.31,5.707110264748875,False,False,True,False,True,True,,,2.0,5.0
22100,The Curious AI Company,https://www.crunchbase.com/organization/the-curious-al-company,Finland,60.1717794,24.9413548,2015,5.0,True,True,False,False,True,False,False,False,False,True,False,False,False,False,0,2,4,False,False,False,False,0.0,False,0.89533,False,2015-10-01,2017-08-06,Venture - Series Unknown,2015,143.5,True,,True,,17.2,49.8,False,,True,,False,,False,,True,,False,,1,0,True,,False,True,,True,,True,,True,,True,,True,,1,,True,,False,True,,True,True,True,False,False,False,True,False,147,2,True,148,35,0.2364864864864864,0.2122738790773058,0.0004833470476976217,4.285056310196955,0.0,8.698453533790918,0.0,4.285056310196955,8.698453533790918,0.0,0.0,0.0,5.78285111712641,1.823299526556456,8.698453533790918,12.0,5.0,0.3504294492496432,1,0,0,0,0,0,0,2.31,4.704110133842995,False,False,True,False,True,True,,,9.0,19.0
21989,Zadaa,https://www.crunchbase.com/organization/zadaa,Finland,60.1717794,24.9413548,2015,4.0,False,True,False,False,True,True,False,False,False,True,False,False,False,False,2,1,1,False,True,False,True,1.0,True,0.63614,False,2017-01-16,2017-01-16,Series A,2017,53.0,True,True,False,False,2.0,3.0,False,False,True,True,False,False,False,False,False,False,False,False,1,1,True,True,True,True,True,True,True,True,True,True,True,True,True,True,True,1,1.0,True,True,True,True,True,False,False,False,False,False,False,True,True,147,2,True,148,34,0.2297297297297297,0.2067944133126802,0.0004833470476976217,0.0,0.0,0.0,0.0,0.0,0.0,0.0,0.0,0.0,0.0,0.0,0.0,7.0,7.0,0.3287165520286185,1,0,0,0,0,0,0,2.31,5.303304908059076,True,False,True,True,True,True,2025-03-26,10.0,9.0,19.0
22076,Skenariolabs,https://www.crunchbase.com/organization/skenariolabs,Finland,60.83333,26.0,2015,3.0,True,False,False,False,False,False,False,False,True,True,False,False,True,False,4,2,2,True,False,False,False,1.0,True,0.12,True,2019-01-28,2019-09-09,Series A,2019,60.0,False,False,True,True,6.5,278.0,False,False,True,True,True,False,False,False,False,False,False,False,0,0,False,False,False,False,False,False,False,False,False,False,False,False,False,False,False,0,0.0,False,False,False,True,True,True,True,True,False,True,False,True,False,32,0,False,40,7,0.175,0.1612681475961222,0.09398058736034391,4.581904967797881,1.1996314915141029,7.96417844408166,7.96417844408166,7.96417844408166,7.96417844408166,1.1996314915141029,1.1996314915141029,1.1996314915141029,8.155867103890571,8.155867103890571,8.155867103890571,0.0,0.0,0.0,0,0,0,0,0,0,0,2.31,5.707110264748875,False,False,True,False,True,True,,,2.0,5.0
22057,Singa,https://www.crunchbase.com/organization/singa,Finland,60.1717794,24.9413548,2015,3.0,False,True,False,False,False,False,False,False,False,True,True,False,False,False,0,2,8,True,False,False,False,1.0,True,2.534138,False,2015-11-11,2017-06-07,Venture - Series Unknown,2015,35.333333333333336,True,False,True,True,6.2,7.0,True,False,True,False,True,False,False,False,True,False,False,False,6,0,True,False,False,True,False,True,False,True,False,True,False,True,False,True,False,7,0.0,True,False,False,True,True,True,True,True,False,False,False,True,False,147,2,True,148,35,0.2364864864864864,0.2122738790773058,0.0004833470476976217,1.1315081538109344,0.0,8.26662390887082,0.0,1.045034232217744,8.26662390887082,1.823299526556456,1.823299526556456,1.823299526556456,2.1859651549702286,0.0,8.26662390887082,43.0,29.0,0.6193596931188552,1,1,1,1,1,1,1,2.31,4.704110133842995,False,False,True,False,True,True,,,9.0,19.0
22042,MaaS Global,https://www.crunchbase.com/organization/maas-finland,Finland,60.1717794,24.9413548,2015,2.0,False,True,False,False,True,False,False,False,True,True,False,False,False,False,1,1,3,False,False,False,False,0.0,False,1.128881,False,2016-02-09,2016-02-09,Series B,2016,19.333333333333332,True,,True,,27.3,4.7,False,,False,,True,,False,,False,,False,,1,0,True,,False,True,,True,,True,,True,,True,,True,,2,,True,,False,True,,False,False,False,False,False,False,True,True,147,2,True,148,34,0.2297297297297297,0.2067944133126802,0.0004833470476976217,0.6695917324676044,0.0,1.915125248531681,0.0,0.6695917324676044,1.915125248531681,0.0,0.0,0.0,1.337164348795,0.09364994887113248,2.002717848982187,11.0,9.0,0.3894564774934544,1,0,0,0,0,1,0,2.31,4.6709579265260945,False,True,True,True,True,True,,,9.0,19.0
22036,Fixably,https://www.crunchbase.com/organization/fixably,Finland,60.1717794,24.9413548,2015,2.0,True,True,False,False,True,False,False,False,False,True,False,False,False,False,5,3,4,True,False,True,False,1.0,True,10.947228,False,2020-09-18,2023-06-05,Seed,2020,70.0,True,True,True,False,3.4,6.4,False,False,True,True,True,False,False,False,True,True,False,False,4,1,True,True,False,True,True,True,True,True,True,True,True,True,True,True,True,4,1.0,True,True,False,True,True,False,False,False,False,True,False,True,True,147,2,True,148,35,0.2364864864864864,0.2122738790773058,0.0004833470476976217,0.6447523092545284,0.0,1.4723789990854288,0.0,0.7368597820051753,1.4723789990854288,0.0,0.0,0.0,0.8014824337633548,0.0,1.4723789990854288,47.0,12.0,0.5511032633427941,1,1,1,1,0,1,1,2.31,5.993961427306569,False,False,False,False,False,False,,,9.0,19.0
22027,Valossa,https://www.crunchbase.com/organization/valossa,Finland,65.0113317,25.4843355,2015,4.0,True,False,False,False,False,False,False,False,False,True,True,False,False,False,0,2,4,True,False,False,False,2.0,True,2.65,False,2015-12-21,2017-09-06,Seed,2015,28.25,True,True,True,True,3.3,3.0,False,False,False,False,False,False,False,False,False,False,False,False,1,1,True,True,False,True,True,True,True,True,True,True,True,True,True,True,True,3,1.0,True,True,False,True,True,False,False,False,False,False,False,True,True,7,0,False,29,3,0.1034482758620689,0.0984400728132524,0.5393187152150493,0.7631654187443165,0.0,2.095341524656532,0.41847442788313227,0.47866007516036724,0.5388457224376022,0.0,1.047670762328266,2.095341524656532,1.1395510289012547,0.193131491121286,2.095341524656532,7.0,0.0,0.1375239062843998,0,0,0,0,1,0,1,2.31,4.704110133842995,False,False,False,False,False,False,,,2.0,6.0
22005,Dispelix,https://www.crunchbase.com/organization/dispelix,Finland,60.83333,26.0,2015,1.0,True,False,False,False,True,False,False,False,False,True,False,False,False,False,1,1,2,False,False,False,False,0.0,False,1.91897,False,2016-04-21,2016-04-21,Series B,2016,64.0,True,,False,,6.5,11.0,True,,True,,False,,False,,True,,False,,1,0,True,,False,True,,True,,True,,True,,True,,True,,2,,True,,True,True,,False,False,False,False,False,False,True,True,32,0,False,40,6,0.15,0.1397619423751586,0.09398058736034391,0.04682497443556624,0.0,0.09364994887113248,0.0,0.04682497443556624,0.09364994887113248,0.0,0.0,0.0,0.09364994887113248,0.09364994887113248,0.09364994887113248,3.0,0.0,0.0687619531421999,0,0,0,0,0,0,0,2.31,4.6709579265260945,False,True,True,True,True,True,,,2.0,5.0
22390,The Meal Planner,https://www.crunchbase.com/organization/the-meal-planner,Finland,61.4789039,22.5944165,2016,1.0,False,False,False,False,False,False,True,True,False,False,False,False,False,False,1,1,1,False,True,False,True,1.0,True,1.175438,False,2017-08-08,2017-08-08,Seed,2017,52.0,False,False,True,True,0.0,13.0,False,False,False,False,True,True,False,False,False,False,False,False,0,0,False,False,False,False,False,False,False,False,False,False,False,False,False,False,False,1,1.0,True,True,True,True,True,False,False,False,False,False,False,True,True,7,0,False,13,2,0.1538461538461538,0.1431008436406733,0.193545941836843,0.193131491121286,0.193131491121286,0.193131491121286,0.0,0.0,0.0,0.193131491121286,0.193131491121286,0.193131491121286,0.0,0.0,0.0,0.0,0.0,0.0,0,0,0,0,1,1,0,1.97,5.303304908059076,False,False,False,False,False,False,,,0.0,0.4000000000000003
22261,Minima Processor,https://www.crunchbase.com/organization/minima-processor,Finland,65.0113317,25.4843355,2016,4.0,True,False,True,False,True,False,False,False,False,True,False,False,False,False,0,2,4,True,False,False,False,1.0,True,7.975793,False,2016-10-05,2017-05-31,Seed,2016,24.333333333333332,False,False,True,True,7.0,4.0,True,False,True,True,False,False,False,False,True,True,False,False,0,0,False,False,False,False,False,False,False,False,False,False,False,False,False,False,False,4,1.0,True,True,False,True,True,True,True,False,False,False,False,True,False,7,0,False,30,3,0.1,0.0953101798043248,0.5393187152150493,2.8926834957691585,0.46530115975652886,7.710675886453881,0.46530115975652886,3.3634510504354704,7.710675886453881,0.5388457224376022,0.5388457224376022,0.5388457224376022,4.166328441785689,0.0,7.829387904852328,3.0,0.0,0.0687619531421999,0,0,0,0,0,0,0,1.97,4.6709579265260945,False,False,False,False,False,False,,,2.0,6.0
22271,Neverthink,https://www.crunchbase.com/organization/neverthink,Finland,60.1717794,24.9413548,2016,2.0,False,True,False,False,False,False,False,False,False,True,True,False,False,False,1,2,4,True,False,True,False,2.0,True,1.814412,False,2017-03-01,2017-10-12,Seed,2017,67.16666666666667,True,True,True,True,5.5,15.3,False,False,True,True,True,False,False,False,False,False,False,False,5,1,True,True,False,True,True,True,True,True,True,True,True,True,True,True,True,5,1.0,True,True,False,True,True,False,False,False,False,False,False,True,True,147,2,True,173,41,0.2369942196531791,0.2126844205240724,0.0004833470476976217,0.303883254426076,0.0,1.823299526556456,0.0,0.0,0.0,0.0,0.911649763278228,1.823299526556456,0.607766508852152,0.0,1.823299526556456,36.0,21.0,0.5736537449758832,1,1,1,1,1,1,1,1.97,5.303304908059076,False,False,False,False,False,False,,,9.0,19.0
22258,Futures Platform,https://www.crunchbase.com/organization/futures-platform,Finland,60.1717794,24.9413548,2016,5.0,True,True,False,False,True,True,False,False,False,True,False,False,False,True,0,2,1,True,True,True,True,1.0,True,0.0,True,2016-01-01,2019-06-01,Pre-Seed,2016,4.0,False,False,True,True,11.5,1.0,False,False,False,False,False,False,False,False,False,False,False,False,0,0,False,False,False,False,False,False,False,False,False,False,False,False,False,False,False,0,0.0,False,False,False,False,False,True,True,True,True,False,False,False,False,147,2,True,173,41,0.2369942196531791,0.2126844205240724,0.0004833470476976217,8.067105906834533,8.067105906834533,8.067105906834533,8.067105906834533,8.067105906834533,8.067105906834533,8.067105906834533,8.067105906834533,8.067105906834533,0.0,0.0,0.0,5.0,0.0,0.1089851172067322,0,0,0,0,0,0,0,1.97,4.6709579265260945,False,False,False,False,False,False,,,9.0,19.0
21949,Carbo Culture,https://www.crunchbase.com/organization/carbo-culture,Finland,60.1717794,24.9413548,2016,3.0,True,True,False,False,True,False,False,False,False,False,False,True,False,False,1,3,16,True,False,True,False,4.0,True,6.874346,False,2017-04-04,2021-04-14,Series A,2017,95.35,True,True,True,True,10.7,12.8,True,False,True,True,True,False,False,False,True,True,False,False,6,2,True,True,False,True,True,True,True,True,True,True,True,True,True,True,True,6,2.0,True,True,False,True,True,True,True,True,False,True,False,True,False,147,2,True,173,41,0.2369942196531791,0.2126844205240724,0.0004833470476976217,3.57989480118356,0.0,8.75156057526121,0.0,3.858731575654831,8.722028347808934,0.0,2.4645477032984737,8.75156057526121,4.620653362077534,0.0,9.39024018472256,30.0,9.0,0.4836076685544044,1,1,1,0,0,1,1,1.97,5.303304908059076,False,False,True,False,True,True,,,9.0,19.0
21951,Hoxhunt,https://www.crunchbase.com/organization/hoxhunt,Finland,60.83333,26.0,2016,2.0,True,False,False,False,False,True,False,False,False,True,False,False,False,False,1,1,2,True,False,False,False,1.0,True,0.371537,True,2017-04-13,2017-04-13,Series B,2017,61.0,True,True,False,False,2.5,8.0,False,False,True,True,False,False,False,False,True,True,False,False,0,0,False,False,False,True,True,False,False,False,False,False,False,False,False,False,False,2,1.0,True,True,True,True,True,False,False,False,False,False,False,True,True,32,0,False,45,8,0.1777777777777777,0.163629423781802,0.09398058736034391,0.09364994887113248,0.09364994887113248,0.09364994887113248,0.09364994887113248,0.09364994887113248,0.09364994887113248,0.09364994887113248,0.09364994887113248,0.09364994887113248,0.0,0.0,0.0,0.0,0.0,0.0,0,0,0,0,0,0,0,1.97,5.303304908059076,False,True,True,True,True,True,,,2.0,5.0
21964,Swappie,https://www.crunchbase.com/organization/swappie,Finland,60.1717794,24.9413548,2016,2.0,False,True,False,False,False,True,False,False,False,True,False,False,False,False,2,1,2,False,False,False,False,1.0,True,1.097878,False,2018-01-15,2018-01-15,Series C,2018,59.0,True,True,True,False,9.0,10.5,False,False,True,True,False,False,False,False,True,True,False,False,1,1,True,True,True,True,True,True,True,True,True,True,True,True,True,True,True,1,1.0,True,True,True,True,True,False,False,False,False,False,False,True,True,147,2,True,173,40,0.2312138728323699,0.2080005712116461,0.0004833470476976217,0.0,0.0,0.0,0.0,0.0,0.0,0.0,0.0,0.0,0.0,0.0,0.0,21.0,5.0,0.4026192147468726,1,0,0,0,0,0,1,1.97,5.303304908059076,False,True,True,True,True,True,,,9.0,19.0
21979,Infinited Fiber Company,https://www.crunchbase.com/organization/infinited-fiber-company,Finland,60.83333,26.0,2016,1.0,False,False,False,False,True,False,False,True,False,False,False,False,False,False,2,1,1,False,True,False,False,0.0,False,0.560483,False,2018-02-09,2018-02-09,Series B,2018,10.0,True,,False,,11.0,1.0,False,,False,,False,,False,,False,,False,,0,0,False,,False,True,,False,,False,,False,,False,,False,,1,,True,,True,True,,False,False,False,False,False,False,True,True,32,0,False,45,8,0.1777777777777777,0.163629423781802,0.09398058736034391,0.09364994887113248,0.09364994887113248,0.09364994887113248,0.09364994887113248,0.09364994887113248,0.09364994887113248,0.0,0.0,0.0,0.0,0.0,0.0,0.0,0.0,0.0,0,0,0,0,0,0,0,1.97,5.303304908059076,False,True,True,True,True,True,,,2.0,5.0
21992,Treon,https://www.crunchbase.com/organization/treon,Finland,61.4789039,22.5944165,2016,2.0,True,False,False,False,True,True,False,False,False,True,False,False,False,False,3,1,1,False,True,False,False,0.0,False,1.1,False,2019-05-07,2019-05-07,Series A,2019,131.0,False,,True,,21.0,48.0,False,,True,,False,,False,,False,,False,,0,0,False,,False,False,,False,,False,,False,,False,,False,,0,,False,,False,True,,False,False,False,False,False,False,True,True,7,0,False,13,2,0.1538461538461538,0.1431008436406733,0.193545941836843,1.8880493803224982,1.8880493803224982,1.8880493803224982,1.8880493803224982,1.8880493803224982,1.8880493803224982,0.0,0.0,0.0,0.0,0.0,0.0,0.0,0.0,0.0,0,0,0,0,1,1,0,1.97,5.707110264748875,False,False,True,False,True,True,,,0.0,0.4000000000000003
22004,Aiven,https://www.crunchbase.com/organization/aiven,Finland,60.1717794,24.9413548,2016,3.0,True,True,False,False,True,False,False,False,False,True,False,False,False,False,1,1,1,False,True,False,True,1.0,True,1.0,False,2017-06-22,2017-06-22,Series D,2017,114.0,True,True,False,False,8.0,20.0,False,False,True,True,False,False,False,False,True,True,False,False,1,1,True,True,True,True,True,True,True,True,True,True,True,True,True,True,True,1,1.0,True,True,True,True,True,False,False,False,False,False,False,True,True,147,2,True,173,40,0.2312138728323699,0.2080005712116461,0.0004833470476976217,0.0,0.0,0.0,0.0,0.0,0.0,0.0,0.0,0.0,0.0,0.0,0.0,18.0,9.0,0.435043246633192,1,0,0,0,0,1,0,1.97,5.303304908059076,False,True,True,True,True,True,,,9.0,19.0
22332,3rd Eye Studios,https://www.crunchbase.com/organization/3rd-eye-studios,Finland,60.1717794,24.9413548,2016,2.0,False,True,False,False,False,False,False,False,False,True,False,False,False,False,1,1,4,False,False,False,False,0.0,False,1.0,False,2017-10-10,2017-10-10,Seed,2017,52.25,True,,True,,3.3,5.5,True,,True,,True,,False,,False,,True,,1,0,True,,False,True,,True,,True,,True,,True,,True,,1,,True,,False,True,,True,True,False,False,False,False,True,False,147,2,True,173,41,0.2369942196531791,0.2126844205240724,0.0004833470476976217,5.598658667708755,0.0,8.974075791305175,0.0,5.598658667708755,8.974075791305175,0.0,0.0,0.0,7.373720455368103,5.325185362978041,8.974075791305175,4.0,15.0,0.3458218853769607,1,0,0,1,0,1,0,1.97,5.303304908059076,False,False,False,False,False,False,,,9.0,19.0
22013,Valohai,https://www.crunchbase.com/organization/valohai,Finland,62.0,24.0,2016,4.0,True,False,False,False,True,False,False,False,False,True,False,False,False,False,2,2,4,True,False,True,False,2.0,True,1.8,False,2018-03-27,2019-10-01,Seed,2018,46.4,False,False,True,True,2.8,5.8,False,False,True,True,True,False,False,False,False,False,False,False,0,0,False,False,False,False,False,False,False,False,False,False,False,False,False,False,False,4,1.0,True,True,False,True,True,False,False,False,False,False,False,True,True,12,0,False,15,2,0.1333333333333333,0.125163142954006,0.20997009474927936,0.5397515429377422,0.20948816818318572,1.8608050419559679,0.20948816818318572,0.20948816818318572,0.20948816818318572,0.20948816818318572,1.035146605069577,1.8608050419559679,0.7293198106225824,0.0,1.823299526556456,0.0,0.0,0.0,0,0,0,0,1,1,0,1.97,5.303304908059076,False,False,False,False,False,False,,,0.0,0.8000000000000007
22018,Sulapac,https://www.crunchbase.com/organization/sulapac,Finland,60.1717794,24.9413548,2016,3.0,True,True,False,False,True,False,False,False,False,False,False,True,False,False,1,1,4,False,False,False,False,0.0,False,1.06435,False,2017-04-06,2017-04-06,Venture - Series Unknown,2017,52.0,True,,True,,6.0,9.2,True,,True,,True,,False,,True,,False,,3,0,True,,False,True,,True,,True,,True,,True,,True,,3,,True,,False,True,,True,True,False,False,False,False,True,False,147,2,True,173,41,0.2369942196531791,0.2126844205240724,0.0004833470476976217,1.9723045292508357,0.0,7.889218117003343,0.0,1.9723045292508357,7.889218117003343,0.0,0.0,0.0,3.9446090585016713,0.0,7.889218117003343,34.0,20.0,0.5638638283252182,1,1,1,1,1,1,1,1.97,5.303304908059076,False,False,True,False,True,True,,,9.0,19.0
22344,Gutsy Animations,https://www.crunchbase.com/organization/gutsy-animations,Finland,60.1717794,24.9413548,2016,2.0,True,True,False,False,False,False,False,False,False,True,True,False,False,False,0,1,1,False,True,False,False,0.0,False,0.625195,False,2016-12-15,2016-12-15,Seed,2016,67.0,True,,False,,5.0,10.0,False,,False,,False,,False,,False,,False,,1,0,True,,True,True,,True,,True,,True,,True,,True,,1,,True,,True,True,,False,False,False,False,False,False,True,True,147,2,True,173,41,0.2369942196531791,0.2126844205240724,0.0004833470476976217,0.0,0.0,0.0,0.0,0.0,0.0,0.0,0.0,0.0,0.0,0.0,0.0,15.0,0.0,0.2062858594265998,1,0,0,0,0,0,0,1.97,4.6709579265260945,False,False,False,False,False,False,,,9.0,19.0
22347,CONNAX,https://www.crunchbase.com/organization/connax,Finland,60.1717794,24.9413548,2016,3.0,True,True,False,False,False,False,False,False,False,True,False,False,False,False,1,1,1,False,True,True,True,1.0,True,0.287589,True,2017-05-16,2017-05-16,Pre-Seed,2017,76.0,True,True,False,False,0.0,4.0,False,False,True,True,False,False,False,False,True,True,False,False,1,1,True,True,True,True,True,True,True,True,True,True,True,True,True,True,True,1,1.0,True,True,True,True,True,False,False,False,False,False,False,True,True,147,2,True,173,41,0.2369942196531791,0.2126844205240724,0.0004833470476976217,0.0,0.0,0.0,0.0,0.0,0.0,0.0,0.0,0.0,0.0,0.0,0.0,1.0,0.0,0.0,0,0,0,0,0,0,0,1.97,5.303304908059076,False,False,False,False,False,False,,,9.0,19.0
22023,Altum Technologies,https://www.crunchbase.com/organization/altum-technologies,Finland,60.1717794,24.9413548,2016,5.0,True,True,False,False,True,False,False,False,False,True,False,True,False,False,0,1,2,True,False,False,False,1.0,True,1.173021,False,2016-12-01,2016-12-01,Venture - Series Unknown,2016,83.0,True,True,False,False,3.5,16.5,False,False,True,True,True,False,False,False,True,True,False,False,2,1,True,True,True,True,True,True,True,True,True,True,True,True,True,True,True,2,1.0,True,True,True,True,True,False,False,False,False,False,False,True,True,147,2,True,173,41,0.2369942196531791,0.2126844205240724,0.0004833470476976217,0.0,0.0,0.0,0.0,0.0,0.0,0.0,0.0,0.0,0.0,0.0,0.0,22.0,10.0,0.4627596300955206,1,0,0,0,0,1,1,1.97,4.6709579265260945,False,False,True,False,True,True,,,9.0,19.0
22045,Foodello - Fiksuruoka.fi,https://www.crunchbase.com/organization/fiksu-ruoka,Finland,60.83333,26.0,2016,3.0,False,False,False,False,False,True,True,False,False,True,False,False,False,False,4,1,5,False,False,False,False,0.0,False,3.479433,False,2020-02-16,2020-02-16,Venture - Series Unknown,2020,22.6,True,,True,,57.5,2.0,False,,True,,False,,False,,False,,False,,1,0,True,,False,True,,True,,True,,True,,True,,True,,4,,True,,False,True,,False,False,False,False,True,False,True,True,32,0,False,45,9,0.2,0.1823215567939546,0.09398058736034391,0.42974490131011606,0.0,1.8677746599371832,0.0,0.42974490131011606,1.8677746599371832,0.0,0.0,0.0,0.7472703406275457,0.0,1.8677746599371832,2.0,0.0,0.0402231640645322,0,0,0,0,0,0,0,1.97,5.993961427306569,False,False,True,False,True,True,,,2.0,5.0
22055,"Flowhaven, Licensing Suite",https://www.crunchbase.com/organization/flowhaven,Finland,60.1717794,24.9413548,2016,4.0,True,True,False,False,False,False,False,False,False,True,False,False,False,False,2,2,2,True,False,True,False,2.0,True,5.484275,False,2018-12-12,2019-12-05,Series A,2018,284.0,True,True,True,True,3.0,37.7,False,False,True,True,False,False,False,False,True,True,False,False,2,1,True,True,False,True,True,True,True,True,True,True,True,True,True,True,True,2,1.0,True,True,False,True,True,False,False,False,False,True,False,True,True,147,2,True,173,41,0.2369942196531791,0.2126844205240724,0.0004833470476976217,0.36887674597756154,0.0,1.1066302379326847,0.0,0.0,0.0,0.0,0.5533151189663423,1.1066302379326847,0.7377534919551231,0.0,1.1066302379326847,19.0,7.0,0.4196149097466209,1,0,0,0,0,0,1,1.97,5.303304908059076,False,False,True,False,True,True,,,9.0,19.0
22066,Woodio,https://www.crunchbase.com/organization/woodio-oy,Finland,60.1717794,24.9413548,2016,2.0,False,True,False,False,True,False,False,False,False,False,False,False,True,False,1,1,1,False,True,False,True,1.0,True,0.0,True,2017-10-19,2017-10-19,Venture - Series Unknown,2017,10.0,True,True,False,False,10.0,1.0,False,False,False,False,False,False,False,False,False,False,False,False,1,1,True,True,True,True,True,True,True,True,True,True,True,True,True,True,True,1,1.0,True,True,True,True,True,False,False,False,False,False,False,True,True,147,2,True,173,41,0.2369942196531791,0.2126844205240724,0.0004833470476976217,0.0,0.0,0.0,0.0,0.0,0.0,0.0,0.0,0.0,0.0,0.0,0.0,3.0,3.0,0.196223716971679,1,0,0,0,0,0,0,1.97,5.303304908059076,False,False,True,False,True,True,,,9.0,19.0
22070,Speechly,https://www.crunchbase.com/organization/speechly,Finland,60.1717794,24.9413548,2016,3.0,True,True,False,False,True,True,False,False,False,True,False,False,False,False,3,3,11,True,False,False,False,2.0,True,2.224501,False,2019-12-19,2022-03-31,Seed,2019,118.72727272727272,False,False,True,True,6.9,71.4,False,False,True,True,True,False,False,False,True,False,False,False,0,0,False,False,False,False,False,False,False,False,False,False,False,False,False,False,False,0,0.0,False,False,False,True,True,True,True,True,False,True,False,True,False,147,2,True,173,40,0.2312138728323699,0.2080005712116461,0.0004833470476976217,4.91274214869057,0.7846604734371245,9.266932472268536,0.7846604734371245,5.706161507291703,9.266932472268536,0.7846604734371245,0.9456453556849046,1.1066302379326847,6.0907492526712135,0.0,15.337349544098673,4.0,6.0,0.2698135627484185,1,0,0,0,0,0,0,1.97,5.707110264748875,True,False,False,True,True,True,2023-09-20,7.0,9.0,19.0
22071,CollectiveCrunch,https://www.crunchbase.com/organization/collectivecrunch,Finland,60.83333,26.0,2016,3.0,True,False,True,False,True,False,True,False,False,True,False,True,False,False,1,2,4,True,False,False,False,2.0,True,3.096594,False,2017-09-20,2021-06-10,Venture - Series Unknown,2017,20.0,True,True,True,True,21.7,2.0,False,False,False,False,True,False,True,False,False,False,False,False,0,0,False,False,False,True,True,False,False,False,False,False,False,False,False,False,False,3,1.0,True,True,False,True,True,False,False,False,False,False,False,True,True,32,0,False,45,9,0.2,0.1823215567939546,0.09398058736034391,0.18781178728697617,0.09364994887113248,0.4702973025345072,0.09364994887113248,0.09364994887113248,0.09364994887113248,0.09364994887113248,0.28197362570281986,0.4702973025345072,0.19800837711318506,0.0,0.3960167542263701,2.0,2.0,0.1412342220372826,0,0,0,0,0,1,0,1.97,5.303304908059076,False,False,True,False,True,True,,,2.0,5.0
22089,Buddy Healthcare,https://www.crunchbase.com/organization/buddy-healthcare,Finland,60.1717794,24.9413548,2016,3.0,True,True,False,False,False,False,False,True,False,True,False,False,False,False,1,4,4,True,False,True,False,1.0,True,5.091428,False,2017-04-04,2021-03-18,Seed,2017,88.8,True,False,True,True,27.0,8.6,True,False,False,False,False,False,False,False,False,False,False,False,3,0,True,False,False,True,False,True,False,True,False,True,False,True,False,True,False,3,0.0,True,False,False,True,True,True,True,True,False,False,False,True,False,147,2,True,173,41,0.2369942196531791,0.2126844205240724,0.0004833470476976217,1.4028977869333636,0.0,6.618472180440447,0.0,1.6546180451101118,6.618472180440447,0.3960167542263701,0.3960167542263701,0.3960167542263701,2.7363753217227025,0.0,6.618472180440447,10.0,14.0,0.4181049049197158,1,0,0,1,0,1,0,1.97,5.303304908059076,False,False,False,False,False,False,,,9.0,19.0
22293,React & Share,https://www.crunchbase.com/organization/react-share,Finland,60.1717794,24.9413548,2016,3.0,False,True,False,False,False,False,False,False,False,True,True,False,False,False,2,4,2,False,False,False,False,0.0,False,0.314257,True,2018-04-11,2021-06-29,Seed,2018,30.4,True,,False,,12.0,3.4,False,,False,,False,,False,,False,,False,,4,0,True,,False,True,,True,,True,,True,,True,,True,,4,,True,,False,True,,False,False,False,False,False,False,True,True,147,2,True,173,41,0.2369942196531791,0.2126844205240724,0.0004833470476976217,0.016482361504029007,0.0,0.08241180752014504,0.0,0.016482361504029007,0.08241180752014504,0.0,0.0,0.0,0.032964723008058014,0.0,0.08241180752014504,8.0,33.0,0.4734367748526152,1,0,0,1,0,1,0,1.97,5.303304908059076,False,False,False,False,False,False,,,9.0,19.0
22239,BCaster,https://www.crunchbase.com/organization/bcaster,Finland,60.83333,26.0,2016,1.0,True,False,False,False,True,False,False,False,False,True,True,False,False,False,0,3,2,True,False,False,False,1.0,True,1.923676,False,2016-12-01,2018-05-13,Seed,2016,35.666666666666664,True,True,False,False,5.3,8.7,False,False,False,False,True,False,False,False,False,False,False,False,0,0,False,False,False,True,True,False,False,False,False,False,False,False,False,False,False,3,1.0,True,True,True,True,True,False,False,False,False,False,False,True,True,32,0,False,45,9,0.2,0.1823215567939546,0.09398058736034391,0.09364994887113248,0.09364994887113248,0.09364994887113248,0.09364994887113248,0.09364994887113248,0.09364994887113248,0.09364994887113248,0.09364994887113248,0.09364994887113248,0.0,0.0,0.0,3.0,4.0,0.2167404783719826,1,0,0,0,1,1,0,1.97,4.6709579265260945,False,False,False,False,False,False,,,2.0,5.0
22277,Akkurate,https://www.crunchbase.com/organization/akkurate,Finland,62.0,24.0,2016,1.0,True,False,True,False,True,True,False,False,False,True,False,False,False,False,0,1,1,False,True,False,True,1.0,True,0.0,True,2016-12-04,2016-12-04,Venture - Series Unknown,2016,114.0,False,False,True,True,7.0,20.0,False,False,True,True,False,False,False,False,True,True,False,False,0,0,False,False,False,False,False,False,False,False,False,False,False,False,False,False,False,1,1.0,True,True,True,True,True,False,False,False,False,False,False,True,True,12,0,False,15,1,0.0666666666666666,0.0645385211375711,0.20997009474927936,0.20948816818318572,0.20948816818318572,0.20948816818318572,0.0,0.0,0.0,0.20948816818318572,0.20948816818318572,0.20948816818318572,0.0,0.0,0.0,1.0,0.0,0.0,0,0,0,0,1,1,1,1.97,4.6709579265260945,True,False,True,True,True,True,2022-06-17,6.0,0.0,0.8000000000000007
22278,Skandal Technologies,https://www.crunchbase.com/organization/skandal,Finland,60.1717794,24.9413548,2016,1.0,True,True,False,False,False,False,False,False,False,True,False,False,True,False,1,1,1,False,True,False,True,1.0,True,0.58261,False,2017-10-31,2017-10-31,Seed,2017,69.0,False,False,True,True,2.0,8.0,False,False,True,True,False,False,False,False,False,False,False,False,0,0,False,False,False,False,False,False,False,False,False,False,False,False,False,False,False,0,0.0,False,False,False,True,True,False,False,False,False,False,False,True,True,147,2,True,173,41,0.2369942196531791,0.2126844205240724,0.0004833470476976217,2.947355854027736,2.947355854027736,2.947355854027736,0.0,0.0,0.0,2.947355854027736,2.947355854027736,2.947355854027736,0.0,0.0,0.0,0.0,0.0,0.0,0,0,0,0,0,0,0,1.97,5.303304908059076,False,False,False,False,False,False,,,9.0,19.0
22307,EatAndTheCity,https://www.crunchbase.com/organization/eatandthecity-com,Finland,60.1717794,24.9413548,2016,3.0,False,True,False,False,False,False,False,False,False,True,True,False,False,False,1,1,10,False,False,False,False,1.0,True,3.898834,False,2017-11-22,2017-11-22,Seed,2017,11.2,True,False,True,True,57.5,3.0,False,False,False,False,True,False,False,False,True,False,False,False,5,0,True,False,False,True,False,True,False,True,False,True,False,True,False,True,False,7,0.0,True,False,False,True,False,False,False,False,False,False,False,True,True,147,2,True,173,41,0.2369942196531791,0.2126844205240724,0.0004833470476976217,0.4599307692594207,0.0,3.3763080370210483,0.0,0.4599307692594207,3.3763080370210483,0.0,0.0,0.0,0.9095173500823628,0.0,3.46278084799342,11.0,11.0,0.4062198921511616,1,0,0,0,0,1,0,1.97,5.303304908059076,False,False,False,False,False,False,,,9.0,19.0
22526,Chabla,https://www.crunchbase.com/organization/chabla,Finland,60.1717794,24.9413548,2016,2.0,False,True,False,False,False,False,False,True,False,True,True,False,False,False,1,1,1,False,True,False,False,0.0,False,0.0,True,2017-03-29,2017-03-29,Seed,2017,362.0,False,,True,,6.0,33.0,True,,False,,False,,False,,False,,False,,0,0,False,,False,False,,False,,False,,False,,False,,False,,0,,False,,False,False,,True,True,True,True,False,False,False,False,147,2,True,173,41,0.2369942196531791,0.2126844205240724,0.0004833470476976217,6.618472180440447,6.618472180440447,6.618472180440447,6.618472180440447,6.618472180440447,6.618472180440447,0.0,0.0,0.0,0.0,0.0,0.0,3.0,0.0,0.0687619531421999,0,0,0,0,0,0,0,1.97,5.303304908059076,False,False,False,False,False,False,,,9.0,19.0
22507,coplays.io,https://www.crunchbase.com/organization/coplays-io,Finland,60.1717794,24.9413548,2016,1.0,True,True,False,False,False,True,False,False,False,True,False,False,False,False,1,1,1,False,True,False,False,0.0,False,0.0,True,2017-04-01,2017-04-01,Seed,2017,2.0,False,,True,,5.0,0.0,False,,False,,False,,False,,False,,False,,0,0,False,,False,False,,False,,False,,False,,False,,False,,1,,True,,True,False,,False,False,False,False,False,False,True,True,147,2,True,173,41,0.2369942196531791,0.2126844205240724,0.0004833470476976217,0.20948816818318572,0.20948816818318572,0.20948816818318572,0.20948816818318572,0.20948816818318572,0.20948816818318572,0.0,0.0,0.0,0.0,0.0,0.0,0.0,0.0,0.0,0,0,0,0,0,0,0,1.97,5.303304908059076,False,False,False,False,False,False,,,9.0,19.0
22553,Path Surgery,https://www.crunchbase.com/organization/path-surgery,Finland,60.1717794,24.9413548,2016,1.0,True,True,False,False,False,False,False,True,False,False,False,False,False,False,2,1,1,False,True,False,False,0.0,False,0.0,True,2018-03-26,2018-03-26,Seed,2018,362.0,False,,True,,7.0,33.0,True,,False,,False,,False,,False,,False,,0,0,False,,False,False,,False,,False,,False,,False,,False,,0,,False,,False,False,,True,True,True,True,False,False,False,False,147,2,True,173,41,0.2369942196531791,0.2126844205240724,0.0004833470476976217,6.618472180440447,6.618472180440447,6.618472180440447,6.618472180440447,6.618472180440447,6.618472180440447,0.0,0.0,0.0,0.0,0.0,0.0,4.0,0.0,0.0908983577180024,0,0,0,0,0,0,0,1.97,5.303304908059076,False,False,False,False,False,False,,,9.0,19.0
22172,Bamomas,https://www.crunchbase.com/organization/bamomas,Finland,61.4789039,22.5944165,2016,3.0,True,False,True,False,False,False,False,False,False,True,False,False,False,False,1,3,3,False,False,True,False,0.0,False,0.019663,True,2017-06-01,2019-07-01,Venture - Series Unknown,2017,90.75,False,,True,,3.2,6.8,True,,True,,True,,False,,False,,False,,0,0,False,,False,False,,False,,False,,False,,False,,False,,1,,True,,False,True,,False,False,False,False,False,False,True,True,7,0,False,13,2,0.1538461538461538,0.1431008436406733,0.193545941836843,1.950057546430338,0.193131491121286,3.0698871074893654,0.193131491121286,1.950057546430338,3.0698871074893654,0.0,0.0,0.0,2.2044259136499553,0.0,2.968743386607716,0.0,0.0,0.0,0,0,0,0,1,1,0,1.97,5.303304908059076,False,False,True,False,True,True,,,0.0,0.4000000000000003
22190,Disior,https://www.crunchbase.com/organization/disior,Finland,60.1717794,24.9413548,2016,4.0,True,True,False,False,False,True,False,True,False,True,False,False,False,False,2,1,1,False,True,False,True,1.0,True,0.743586,False,2018-03-13,2018-03-13,Series A,2018,48.0,True,True,False,False,0.0,5.0,False,False,True,True,False,False,False,False,False,False,False,False,1,1,True,True,True,True,True,True,True,True,True,True,True,True,True,True,True,1,1.0,True,True,True,True,True,False,False,False,False,False,False,True,True,147,2,True,173,40,0.2312138728323699,0.2080005712116461,0.0004833470476976217,0.0,0.0,0.0,0.0,0.0,0.0,0.0,0.0,0.0,0.0,0.0,0.0,3.0,4.0,0.2167404783719826,1,0,0,0,0,0,0,1.97,5.303304908059076,True,False,True,True,True,True,2022-01-12,6.0,9.0,19.0
22213,GetJenny,https://www.crunchbase.com/organization/jenny,Finland,60.1717794,24.9413548,2016,4.0,False,True,False,False,True,False,False,False,False,True,False,False,False,False,0,3,6,True,False,True,False,3.0,True,2.401738,False,2016-02-25,2019-02-05,Seed,2016,22.2,True,False,True,True,4.0,94.2,False,False,True,True,True,True,True,True,True,True,False,False,2,0,True,False,False,True,False,True,False,True,False,True,False,True,False,True,False,2,0.0,True,False,False,True,False,True,True,True,False,False,False,True,False,147,2,True,173,41,0.2369942196531791,0.2126844205240724,0.0004833470476976217,4.405437511621142,0.0,9.50194008599168,0.0,0.0,0.0,4.538260963630148,7.3423958527019035,9.50194008599168,7.6472452283886465,0.0,12.634657424672575,24.0,20.0,0.5304849315813712,1,1,1,1,0,1,1,1.97,4.6709579265260945,False,False,False,False,False,False,,,9.0,19.0
22193,Panzerdog,https://www.crunchbase.com/organization/panzerdog,Finland,60.1717794,24.9413548,2016,3.0,False,True,False,False,True,True,False,False,False,True,True,False,False,False,1,1,1,False,True,False,True,1.0,True,0.95,False,2017-09-19,2017-09-19,Seed,2017,5.0,False,False,True,True,19.0,1.0,False,False,False,False,False,False,False,False,False,False,True,True,0,0,False,False,False,False,False,False,False,False,False,False,False,False,False,False,False,0,0.0,False,False,False,False,False,True,True,False,False,False,False,False,False,147,2,True,173,40,0.2312138728323699,0.2080005712116461,0.0004833470476976217,0.8888464861589735,0.8888464861589735,0.8888464861589735,0.0,0.0,0.0,0.8888464861589735,0.8888464861589735,0.8888464861589735,0.0,0.0,0.0,0.0,0.0,0.0,0,0,0,0,0,0,0,1.97,5.303304908059076,True,False,False,True,True,True,2019-06-05,3.0,9.0,19.0
22161,3DBear,https://www.crunchbase.com/organization/3dbear,Finland,60.1717794,24.9413548,2016,1.0,True,True,False,False,True,False,False,False,False,True,True,False,False,False,1,2,8,False,False,False,False,0.0,False,1.324726,False,2017-11-30,2017-11-30,Venture - Series Unknown,2017,10.3,True,,True,,52.5,2.6,True,,False,,False,,False,,False,,False,,1,0,True,,False,True,,True,,True,,True,,True,,True,,2,,True,,False,True,,True,True,True,False,False,False,True,False,147,2,True,173,41,0.2369942196531791,0.2126844205240724,0.0004833470476976217,2.2623214841438313,0.0,6.577476284248307,0.0,2.2623214841438313,6.577476284248307,0.0,0.0,0.0,4.407309814037443,0.20948816818318572,6.577476284248307,0.0,0.0,0.0,0,0,0,0,0,0,0,1.97,5.303304908059076,False,False,True,False,True,True,,,9.0,19.0
22149,Lumoa,https://www.crunchbase.com/organization/lumoa,Finland,60.1717794,24.9413548,2016,3.0,True,True,False,False,True,False,False,False,False,True,False,False,False,True,2,1,3,True,False,False,False,1.0,True,0.779428,False,2018-05-01,2018-05-01,Seed,2018,53.333333333333336,True,True,False,False,0.5,7.0,False,False,True,True,True,False,False,False,True,True,False,False,3,1,True,True,True,True,True,True,True,True,True,True,True,True,True,True,True,3,1.0,True,True,True,True,True,False,False,False,False,False,False,True,True,147,2,True,173,40,0.2312138728323699,0.2080005712116461,0.0004833470476976217,0.0,0.0,0.0,0.0,0.0,0.0,0.0,0.0,0.0,0.0,0.0,0.0,35.0,17.0,0.5524851854159045,1,1,1,1,1,1,1,1.97,5.303304908059076,True,False,False,True,True,True,2024-03-26,8.0,9.0,19.0
22263,Elias Robot,https://www.crunchbase.com/organization/utelias,Finland,60.1717794,24.9413548,2017,1.0,True,True,False,False,True,True,False,False,False,True,False,False,False,False,0,3,4,True,False,True,False,1.0,True,0.400775,True,2017-01-01,2022-08-17,Seed,2017,106.66666666666669,True,False,True,True,8.0,62.5,False,False,True,True,True,True,False,False,True,False,False,False,1,0,True,False,False,True,False,True,False,True,False,True,False,True,False,True,False,1,0.0,True,False,False,True,False,True,True,True,False,False,False,True,False,147,2,True,198,45,0.2272727272727272,0.2047944126460131,0.0004833470476976217,4.688584065040783,0.0,8.722028347808934,0.0,3.889794733945556,8.722028347808934,7.084952058326463,7.084952058326463,7.084952058326463,6.282494607211574,2.838292199214446,9.317949245001227,0.0,0.0,0.0,0,0,0,0,0,0,0,2.84,5.303304908059076,False,False,False,False,False,False,,,9.0,19.0
22270,AutoVex.fi,https://www.crunchbase.com/organization/autovex,Finland,60.1717794,24.9413548,2017,1.0,False,True,False,False,True,True,False,False,False,True,False,False,False,False,1,1,1,False,True,True,True,1.0,True,0.653229,False,2018-11-01,2018-11-01,Pre-Seed,2018,4.0,False,False,True,True,12.0,1.0,False,False,False,False,False,False,False,False,False,False,False,False,0,0,False,False,False,False,False,False,False,False,False,False,False,False,False,False,False,0,0.0,False,False,False,False,False,True,True,True,True,False,False,False,False,147,2,True,198,44,0.2222222222222222,0.2006706954621511,0.0004833470476976217,8.067105906834533,8.067105906834533,8.067105906834533,0.0,0.0,0.0,8.067105906834533,8.067105906834533,8.067105906834533,0.0,0.0,0.0,5.0,6.0,0.2879003222371482,1,0,0,0,0,0,0,2.84,5.303304908059076,True,False,False,True,True,True,2022-12-22,5.0,9.0,19.0
22283,Badrap,https://www.crunchbase.com/organization/badrap,Finland,65.0113317,25.4843355,2017,5.0,True,False,False,False,False,False,False,False,False,True,False,False,False,False,1,2,2,False,False,False,False,2.0,True,0.663021,False,2018-01-22,2021-02-15,Seed,2018,5.0,True,True,True,True,8.5,0.5,False,False,False,False,True,True,False,False,False,False,False,False,1,1,True,True,False,True,True,True,True,True,True,True,True,True,True,True,True,1,1.0,True,True,False,False,False,True,True,True,False,False,False,True,False,7,0,False,34,3,0.088235294117647,0.084557388028063,0.5393187152150493,3.7926314480622287,0.0,7.5852628961244575,0.0,0.0,0.0,0.0,3.7926314480622287,7.5852628961244575,7.5852628961244575,7.5852628961244575,7.5852628961244575,0.0,0.0,0.0,0,0,0,0,0,0,0,2.84,5.303304908059076,False,False,False,False,False,False,,,2.0,6.0
22274,Laava Tech,https://www.crunchbase.com/organization/laava-tech,Finland,62.5,28.0,2017,3.0,True,False,False,False,True,True,False,False,False,True,False,False,False,False,2,2,2,True,False,False,False,1.0,True,0.08,True,2019-01-24,2020-10-07,Seed,2019,533.0,False,False,True,True,11.5,45.5,False,False,True,False,True,False,False,False,False,False,False,False,0,0,False,False,False,False,False,False,False,False,False,False,False,False,False,False,False,0,0.0,False,False,False,False,False,True,True,True,False,False,False,False,False,5,0,False,5,0,0.0,0.0,0.3062973576418355,11.79275938915342,8.555059810673965,15.030458967632878,8.555059810673965,8.555059810673965,8.555059810673965,15.030458967632878,15.030458967632878,15.030458967632878,12.657951464611504,12.657951464611504,12.657951464611504,0.0,0.0,0.0,0,0,0,0,1,1,0,2.84,5.707110264748875,False,False,False,False,False,False,,,0.0,0.6000000000000005
22442,DIGITAIKA,https://www.crunchbase.com/organization/digitaika,Finland,60.1717794,24.9413548,2017,3.0,True,True,False,False,True,False,False,False,False,True,True,False,False,True,1,2,2,True,False,True,False,1.0,True,0.0,True,2018-01-01,2019-06-13,Pre-Seed,2018,89.0,True,True,True,False,3.5,3.0,False,False,False,False,True,True,False,False,False,False,False,False,1,1,True,True,False,True,True,True,True,True,True,True,True,True,True,True,True,1,1.0,True,True,False,True,True,True,True,False,False,False,False,True,False,147,2,True,198,45,0.2272727272727272,0.2047944126460131,0.0004833470476976217,3.299679470681855,0.0,6.59935894136371,6.59935894136371,6.59935894136371,6.59935894136371,0.0,0.0,0.0,6.59935894136371,6.59935894136371,6.59935894136371,8.0,6.0,0.3281234863016805,1,0,0,0,0,0,0,2.84,5.303304908059076,False,False,False,False,False,False,,,9.0,19.0
22535,PORTYR,https://www.crunchbase.com/organization/portyr,Finland,60.1717794,24.9413548,2017,3.0,True,True,False,False,False,False,False,False,False,True,False,False,False,False,0,1,2,False,False,False,False,0.0,False,0.0,True,2017-09-28,2017-09-28,Seed,2017,68.5,True,,False,,4.5,10.0,False,,True,,False,,False,,True,,False,,2,0,True,,True,True,,True,,True,,True,,True,,True,,2,,True,,True,True,,False,False,False,False,False,False,True,True,147,2,True,198,45,0.2272727272727272,0.2047944126460131,0.0004833470476976217,0.0,0.0,0.0,0.0,0.0,0.0,0.0,0.0,0.0,0.0,0.0,0.0,20.0,8.0,0.4352844876140822,1,0,0,0,0,0,1,2.84,5.303304908059076,False,False,False,False,False,False,,,9.0,19.0
22367,Polka Dot Studio,https://www.crunchbase.com/organization/polka-dot-studios,Finland,60.1717794,24.9413548,2017,2.0,False,True,False,False,True,True,False,False,False,True,False,False,False,False,0,2,10,False,False,True,False,0.0,False,0.65,False,2017-04-26,2018-01-17,Seed,2017,11.909090909090908,True,,True,,7.0,2.4,False,,False,,True,,False,,False,,False,,6,0,True,,False,True,,True,,True,,True,,True,,True,,7,,True,,True,True,,False,False,False,False,False,False,True,True,147,2,True,198,45,0.2272727272727272,0.2047944126460131,0.0004833470476976217,0.013378564124447496,0.0,0.09364994887113248,0.0,0.013378564124447496,0.09364994887113248,0.0,0.0,0.0,0.026757128248894993,0.0,0.09364994887113248,24.0,14.0,0.4995482517807378,1,1,1,1,0,1,1,2.84,5.303304908059076,False,False,False,False,False,False,,,9.0,19.0
22366,Entis,https://www.crunchbase.com/organization/entis,Finland,62.0,24.0,2017,1.0,False,False,False,False,False,False,True,False,False,False,False,False,False,False,1,1,6,True,False,False,False,1.0,True,0.232193,True,2018-08-08,2018-08-08,Venture - Series Unknown,2018,2.6666666666666665,True,True,True,False,7.3,0.0,False,False,False,False,False,False,False,False,False,False,False,False,3,1,True,True,True,True,True,True,True,True,True,True,True,True,True,True,True,3,1.0,True,True,True,False,False,False,False,False,False,False,False,True,True,12,0,False,19,2,0.1052631578947368,0.1000834585569824,0.20997009474927936,0.0,0.0,0.0,0.0,0.0,0.0,0.0,0.0,0.0,0.0,0.0,0.0,0.0,0.0,0.0,0,0,0,0,1,1,0,2.84,5.303304908059076,False,False,True,False,True,True,,,0.0,0.8000000000000007
22551,Codescoop,https://www.crunchbase.com/organization/codescoop,Finland,60.1717794,24.9413548,2017,1.0,True,True,False,False,False,False,False,False,False,True,False,False,False,False,1,1,1,False,True,False,True,1.0,True,0.0,True,2018-06-01,2018-06-01,Seed,2018,53.0,True,True,False,False,3.0,3.0,False,False,True,True,False,False,False,False,False,False,False,False,1,1,True,True,True,True,True,True,True,True,True,True,True,True,True,True,True,1,1.0,True,True,True,True,True,False,False,False,False,False,False,True,True,147,2,True,198,45,0.2272727272727272,0.2047944126460131,0.0004833470476976217,0.0,0.0,0.0,0.0,0.0,0.0,0.0,0.0,0.0,0.0,0.0,0.0,8.0,0.0,0.1492082812712644,0,0,0,0,0,0,0,2.84,5.303304908059076,False,False,False,False,False,False,,,9.0,19.0
22343,Hipfire Games,https://www.crunchbase.com/organization/hipfire-games,Finland,60.1717794,24.9413548,2017,1.0,False,True,False,False,False,False,False,False,False,True,True,False,False,False,1,2,5,True,False,False,False,1.0,True,0.324129,True,2018-07-16,2019-02-21,Seed,2018,19.0,True,False,True,True,8.5,110.4,True,False,True,True,True,True,False,False,False,False,False,False,1,0,True,False,False,True,False,True,False,True,False,True,False,True,False,True,False,1,0.0,True,False,False,True,False,True,True,True,False,True,False,True,False,147,2,True,198,45,0.2272727272727272,0.2047944126460131,0.0004833470476976217,5.525496338190727,0.0,9.266932472268536,0.0,4.910123795617439,9.266932472268536,7.986986508483883,7.986986508483883,7.986986508483883,8.472937832971624,0.0,14.5545164968792,11.0,3.0,0.3052088341784112,1,0,0,0,0,0,0,2.84,5.303304908059076,False,False,False,False,False,False,,,9.0,19.0
22376,Dwellet,https://www.crunchbase.com/organization/dwellet,Finland,60.83333,26.0,2017,1.0,False,False,False,False,False,True,False,False,False,False,False,False,False,False,3,1,1,False,True,True,True,1.0,True,0.051003,True,2020-01-02,2020-01-02,Pre-Seed,2020,4.0,False,False,True,True,14.0,1.0,False,False,False,False,False,False,False,False,False,False,False,False,0,0,False,False,False,False,False,False,False,False,False,False,False,False,False,False,False,0,0.0,False,False,False,False,False,True,True,True,True,False,False,False,False,32,0,False,51,9,0.1764705882352941,0.1625189294977749,0.09398058736034391,8.022274656853144,8.022274656853144,8.022274656853144,0.0,0.0,0.0,8.022274656853144,8.022274656853144,8.022274656853144,0.0,0.0,0.0,0.0,0.0,0.0,0,0,0,0,0,0,0,2.84,5.993961427306569,False,False,False,False,False,False,,,2.0,5.0
22386,Selko Technologies Oy,https://www.crunchbase.com/organization/selko-technologies-oy,Finland,60.1717794,24.9413548,2017,5.0,True,True,False,False,True,False,False,False,False,True,False,False,False,False,1,1,1,False,True,True,True,1.0,True,0.24058,True,2018-01-05,2018-01-05,Pre-Seed,2018,76.0,True,True,False,False,1.0,4.0,False,False,True,True,False,False,False,False,True,True,False,False,1,1,True,True,True,True,True,True,True,True,True,True,True,True,True,True,True,1,1.0,True,True,True,True,True,False,False,False,False,False,False,True,True,147,2,True,198,45,0.2272727272727272,0.2047944126460131,0.0004833470476976217,0.0,0.0,0.0,0.0,0.0,0.0,0.0,0.0,0.0,0.0,0.0,0.0,13.0,7.0,0.384231853348268,1,0,0,0,0,0,0,2.84,5.303304908059076,False,False,False,False,False,False,,,9.0,19.0
22300,QuickBI,https://www.crunchbase.com/organization/quickbi,Finland,60.1717794,24.9413548,2017,2.0,True,True,False,False,True,False,False,False,False,True,False,False,False,False,1,1,1,False,True,False,False,0.0,False,0.108097,True,2018-01-01,2018-01-01,Undisclosed,2018,2.0,True,,False,,10.0,0.0,False,,False,,False,,False,,False,,False,,0,0,False,,False,True,,False,,False,,False,,False,,False,,1,,True,,True,False,,False,False,False,False,False,False,True,True,147,2,True,198,45,0.2272727272727272,0.2047944126460131,0.0004833470476976217,0.09364994887113248,0.09364994887113248,0.09364994887113248,0.09364994887113248,0.09364994887113248,0.09364994887113248,0.0,0.0,0.0,0.0,0.0,0.0,0.0,0.0,0.0,0,0,0,0,0,0,0,2.84,5.303304908059076,False,False,False,False,False,False,,,9.0,19.0
22292,iFarm,https://www.crunchbase.com/organization/ifarm-project,Finland,60.1717794,24.9413548,2017,3.0,True,True,False,False,False,False,True,False,False,True,False,False,False,False,3,1,6,True,False,False,False,1.0,True,4.0,False,2020-08-20,2020-08-20,Seed,2020,17.5,False,False,True,True,5.0,1.7,True,True,False,False,False,False,False,False,True,False,False,False,0,0,False,False,False,False,False,False,False,False,False,False,False,False,False,False,False,0,0.0,False,False,False,True,False,True,True,True,False,False,False,True,False,147,2,True,198,45,0.2272727272727272,0.2047944126460131,0.0004833470476976217,2.868959564274597,0.6102149834610999,6.781042610278194,0.6102149834610999,2.0865429550738774,4.538260963630148,6.781042610278194,6.781042610278194,6.781042610278194,4.5502994588693815,0.7853984889464947,11.183255379863013,0.0,0.0,0.0,0,0,0,0,0,0,0,2.84,5.993961427306569,False,False,False,False,False,False,,,9.0,19.0
22290,Service Automatics,https://www.crunchbase.com/organization/service-automatics,Finland,60.83333,26.0,2017,2.0,True,False,False,False,True,True,False,False,False,True,False,False,False,False,1,2,1,True,True,True,True,1.0,True,0.412867,True,2018-06-01,2021-02-01,Seed,2018,49.0,False,False,True,True,15.5,8.0,False,False,False,False,False,False,True,True,False,False,False,False,0,0,False,False,False,False,False,False,False,False,False,False,False,False,False,False,False,0,0.0,False,False,False,True,True,False,False,False,False,False,False,True,True,32,0,False,51,9,0.1764705882352941,0.1625189294977749,0.09398058736034391,1.9037808990400231,1.9037808990400231,1.9037808990400231,1.9037808990400231,1.9037808990400231,1.9037808990400231,1.9037808990400231,1.9037808990400231,1.9037808990400231,0.0,0.0,0.0,0.0,0.0,0.0,0,0,0,0,0,0,0,2.84,5.303304908059076,False,False,False,False,False,False,,,2.0,5.0
22331,ADESANTE,https://www.crunchbase.com/organization/adesante,Finland,60.83333,26.0,2017,2.0,True,False,False,False,False,True,False,True,False,True,False,False,False,False,1,2,2,True,False,False,False,1.0,True,0.824631,False,2018-11-09,2019-09-01,Seed,2018,39.333333333333336,True,True,False,False,3.5,2.3,False,False,True,True,False,False,False,False,False,False,False,False,0,0,False,False,False,True,True,False,False,False,False,False,False,False,False,False,False,3,2.0,True,True,True,True,True,False,False,False,False,False,False,True,True,32,0,False,51,9,0.1764705882352941,0.1625189294977749,0.09398058736034391,0.09364994887113248,0.09364994887113248,0.09364994887113248,0.09364994887113248,0.09364994887113248,0.09364994887113248,0.09364994887113248,0.09364994887113248,0.09364994887113248,0.0,0.0,0.0,4.0,0.0,0.0908983577180024,0,0,0,0,0,0,0,2.84,5.303304908059076,False,False,False,False,False,False,,,2.0,5.0
22323,Valpas,https://www.crunchbase.com/organization/valpas,Finland,60.1717794,24.9413548,2017,4.0,False,True,False,False,False,True,False,False,False,False,False,False,True,False,1,2,11,True,False,True,False,2.0,True,4.850316,False,2018-06-14,2024-06-26,Seed,2018,78.83333333333333,True,True,True,True,13.8,12.2,True,False,True,True,False,False,False,False,True,False,False,False,5,1,True,True,False,True,True,True,True,True,True,True,True,True,True,True,True,5,1.0,True,True,False,True,True,True,True,False,False,True,False,True,False,147,2,True,198,45,0.2272727272727272,0.2047944126460131,0.0004833470476976217,2.3804708738633065,0.0,8.291822088671434,0.0,2.816963373213331,8.291822088671434,0.0,0.19800837711318506,0.3960167542263701,4.194062552457965,0.0,13.405549680484421,47.0,7.0,0.5064636223775507,1,1,1,0,0,0,1,2.84,5.303304908059076,False,False,False,False,False,False,,,9.0,19.0
22485,Chain Antimicrobials,https://www.crunchbase.com/organization/chain-antimicrobials,Finland,65.0113317,25.4843355,2017,1.0,True,False,False,False,True,False,False,True,False,False,False,False,False,False,0,1,1,False,True,False,True,1.0,True,0.0,True,2017-12-15,2017-12-15,Seed,2017,66.0,True,True,False,False,5.0,2.0,False,False,False,False,False,False,False,False,False,False,False,False,1,1,True,True,True,True,True,True,True,True,True,True,True,True,True,True,True,1,1.0,True,True,True,False,False,False,False,False,False,False,False,True,True,7,0,False,34,3,0.088235294117647,0.084557388028063,0.5393187152150493,0.0,0.0,0.0,0.0,0.0,0.0,0.0,0.0,0.0,0.0,0.0,0.0,9.0,5.0,0.3244022507476923,1,0,0,0,1,1,1,2.84,5.303304908059076,False,False,False,False,False,False,,,2.0,6.0
22014,Serviceform,https://www.crunchbase.com/organization/serviceform,Finland,60.1717794,24.9413548,2017,3.0,True,True,False,False,False,False,False,False,False,True,True,False,False,True,0,5,3,True,False,True,False,2.0,True,2.699808,False,2017-12-01,2022-02-01,Series A,2017,19.857142857142858,True,False,True,True,8.3,4.3,False,False,True,True,True,False,False,False,False,False,False,False,2,0,True,False,False,True,False,True,False,True,False,True,False,True,False,True,False,2,0.0,True,False,False,True,True,True,True,True,False,False,False,True,False,147,2,True,198,45,0.2272727272727272,0.2047944126460131,0.0004833470476976217,4.666348625937785,0.0,8.067105906834533,0.0,4.033552953417266,8.067105906834533,0.3960167542263701,5.510076189298478,8.067105906834533,4.631564507252603,0.0,8.067105906834533,26.0,29.0,0.5709138635952692,1,1,1,1,1,1,1,2.84,5.303304908059076,False,False,True,False,True,True,,,9.0,19.0
22012,MVision AI,https://www.crunchbase.com/organization/mvision-ai,Finland,60.1717794,24.9413548,2017,3.0,True,True,False,False,True,False,False,True,False,True,False,False,False,False,3,2,3,True,False,True,False,2.0,True,7.500697,False,2020-01-07,2023-03-23,Seed,2020,44.0,True,True,True,True,2.8,1.8,True,True,True,True,False,False,False,False,True,False,False,False,3,2,True,True,False,True,True,True,True,True,True,True,True,True,True,True,True,3,2.0,True,True,False,True,True,False,False,False,False,False,False,True,True,147,2,True,198,45,0.2272727272727272,0.2047944126460131,0.0004833470476976217,0.09900418855659253,0.0,0.3960167542263701,0.0,0.0,0.0,0.0,0.13200558474212334,0.3960167542263701,0.19800837711318506,0.0,0.3960167542263701,23.0,3.0,0.3739707873206112,1,0,0,0,0,0,1,2.84,5.993961427306569,False,False,False,False,False,False,,,9.0,19.0
21976,Blok,https://www.crunchbase.com/organization/blok,Finland,60.1717794,24.9413548,2017,1.0,False,True,False,False,False,False,False,False,False,False,True,False,True,False,0,2,4,True,False,True,False,2.0,True,0.0,True,2017-10-01,2024-03-03,Pre-Seed,2017,54.25,True,True,True,True,4.5,4.8,False,False,True,True,False,False,True,True,False,False,False,False,1,1,True,True,False,True,True,True,True,True,True,True,True,True,True,True,True,1,1.0,True,True,False,True,True,True,True,True,False,True,False,True,False,147,2,True,198,45,0.2272727272727272,0.2047944126460131,0.0004833470476976217,4.358560842977568,0.0,8.75118535128995,7.0933498986986345,7.922267624994292,8.75118535128995,0.0,0.7948540609608457,1.5897081219216913,6.2293296137010845,1.5897081219216913,9.455761791449376,2.0,0.0,0.0402231640645322,0,0,0,0,0,0,0,2.84,5.303304908059076,False,False,False,False,False,False,,,9.0,19.0
21975,Quicksave Interactive,https://www.crunchbase.com/organization/quicksave-interactive,Finland,60.1717794,24.9413548,2017,3.0,True,True,False,False,False,False,False,False,False,True,True,False,False,False,0,2,5,False,False,True,False,0.0,False,1.673728,False,2017-05-19,2021-06-02,Venture - Series Unknown,2017,39.666666666666664,True,,True,,4.5,3.7,True,,True,,False,,False,,True,,False,,3,0,True,,False,True,,True,,True,,True,,True,,True,,3,,True,,False,True,,True,True,True,False,False,False,True,False,147,2,True,198,45,0.2272727272727272,0.2047944126460131,0.0004833470476976217,3.682650200929369,0.0,8.005320808753215,0.0,3.682650200929369,8.005320808753215,0.0,0.0,0.0,4.838754668377123,0.0,8.005320808753215,9.0,16.0,0.4201579225268136,1,0,0,1,0,1,0,2.84,5.303304908059076,False,False,True,False,True,True,,,9.0,19.0
21971,Happeo,https://www.crunchbase.com/organization/universe-2c51,Finland,60.1717794,24.9413548,2017,3.0,True,True,False,False,True,False,False,False,False,True,False,False,False,False,1,1,3,False,False,False,False,0.0,False,8.0,False,2018-07-24,2018-07-24,Series B,2018,80.33333333333333,True,,True,,7.7,23.7,False,,True,,False,,False,,False,,False,,1,0,True,,False,True,,True,,True,,True,,True,,True,,2,,True,,False,True,,True,True,True,False,False,False,True,False,147,2,True,198,44,0.2222222222222222,0.2006706954621511,0.0004833470476976217,2.9482784333870273,0.0,8.75118535128995,0.0,2.9482784333870273,8.75118535128995,0.0,0.0,0.0,5.851618767971329,0.09364994887113248,8.75118535128995,10.0,3.0,0.2965770855466619,1,0,0,0,0,0,0,2.84,5.303304908059076,False,True,True,True,True,True,,,9.0,19.0
22006,The Upright Project,https://www.crunchbase.com/organization/the-upright-project,Finland,60.1717794,24.9413548,2017,2.0,True,True,False,False,False,False,False,False,True,True,False,False,False,False,2,2,3,True,False,True,False,2.0,True,5.312085,False,2019-10-22,2022-12-13,Seed,2019,32.25,True,True,True,True,6.3,6.8,True,True,True,True,False,False,False,False,False,False,False,False,3,2,True,True,False,True,True,True,True,True,True,True,True,True,True,True,True,3,2.0,True,True,False,True,True,False,False,False,False,True,False,True,True,147,2,True,198,45,0.2272727272727272,0.2047944126460131,0.0004833470476976217,0.27665755948317117,0.0,1.1066302379326847,0.0,0.0,0.0,0.0,0.36887674597756154,1.1066302379326847,0.5533151189663423,0.0,1.1066302379326847,5.0,10.0,0.3294577451862221,1,0,0,0,0,1,0,2.84,5.707110264748875,False,False,False,False,False,False,,,9.0,19.0
22084,Sellforte,https://www.crunchbase.com/organization/sellforte,Finland,60.1717794,24.9413548,2017,3.0,True,True,False,False,False,False,False,False,False,False,True,False,False,False,1,3,3,True,False,False,False,2.0,True,5.424032,False,2018-03-28,2021-03-23,Seed,2018,66.0,True,True,True,True,4.2,7.4,False,False,True,True,False,False,False,False,True,True,True,True,3,2,True,True,False,True,True,True,True,True,True,True,True,True,True,True,True,3,2.0,True,True,False,True,True,False,False,False,False,False,False,True,True,147,2,True,198,45,0.2272727272727272,0.2047944126460131,0.0004833470476976217,0.7003937678887571,0.0,3.105952085217416,0.0,0.19800837711318506,0.3960167542263701,0.0,1.0353173617391387,3.105952085217416,1.32346227062924,0.0,3.105952085217416,22.0,14.0,0.4912765853185636,1,1,0,1,0,1,1,2.84,5.303304908059076,False,False,False,False,False,False,,,9.0,19.0
22120,Comptek Solutions,https://www.crunchbase.com/organization/comptek-solutions,Finland,62.0,24.0,2017,3.0,True,False,False,False,True,False,False,False,False,True,False,False,False,True,0,2,2,True,False,False,False,1.0,True,1.109489,False,2017-09-21,2018-12-30,Series A,2017,67.66666666666667,False,False,True,True,31.7,12.7,False,False,True,True,False,False,False,False,False,False,False,False,0,0,False,False,False,False,False,False,False,False,False,False,False,False,False,False,False,2,2.0,True,True,False,True,True,True,True,False,False,False,False,True,False,12,0,False,19,2,0.1052631578947368,0.1000834585569824,0.20997009474927936,2.721803736704878,0.20948816818318572,7.746434873748261,7.746434873748261,7.746434873748261,7.746434873748261,0.20948816818318572,0.20948816818318572,0.20948816818318572,5.217845396066595,0.0,7.826768094099893,1.0,0.0,0.0,0,0,0,0,1,1,1,2.84,5.303304908059076,False,False,True,False,True,True,,,0.0,0.8000000000000007
22129,Cerenion,https://www.crunchbase.com/organization/cerenion,Finland,65.0113317,25.4843355,2017,4.0,True,False,False,False,True,False,False,True,False,True,False,False,False,False,1,2,2,True,False,False,False,1.0,True,2.829581,False,2018-02-05,2019-09-12,Series A,2018,72.66666666666667,True,False,True,True,3.0,3.3,False,False,True,True,False,False,False,False,True,True,False,False,1,0,True,False,False,True,False,True,False,True,False,True,False,True,False,True,False,3,1.0,True,True,True,True,True,False,False,False,False,False,False,True,True,7,0,False,34,3,0.088235294117647,0.084557388028063,0.5393187152150493,0.3592304816250681,0.0,0.5388457224376022,0.0,0.2694228612188011,0.5388457224376022,0.5388457224376022,0.5388457224376022,0.5388457224376022,0.3592304816250681,0.0,0.5388457224376022,10.0,0.0,0.1691153217171828,1,0,0,0,1,0,1,2.84,5.303304908059076,False,False,True,False,True,True,,,2.0,6.0
22144,Osgenic,https://www.crunchbase.com/organization/osgenic,Finland,60.1717794,24.9413548,2017,1.0,True,True,False,False,True,False,False,True,False,False,False,False,False,False,1,2,1,True,True,True,True,1.0,True,8.40835,False,2018-09-22,2019-03-22,Seed,2018,76.0,True,True,False,False,1.5,4.0,False,False,True,True,False,False,False,False,True,True,False,False,2,1,True,True,True,True,True,True,True,True,True,True,True,True,True,True,True,2,1.0,True,True,True,True,True,False,False,False,False,False,False,True,True,147,2,True,198,45,0.2272727272727272,0.2047944126460131,0.0004833470476976217,0.0,0.0,0.0,0.0,0.0,0.0,0.0,0.0,0.0,0.0,0.0,0.0,19.0,8.0,0.4304443799479029,1,0,0,0,0,0,1,2.84,5.303304908059076,False,False,False,False,False,False,,,9.0,19.0
22145,Kide Science,https://www.crunchbase.com/organization/kide-science,Finland,60.1717794,24.9413548,2017,3.0,False,True,False,False,True,True,False,True,False,True,True,False,False,False,0,3,7,True,False,True,False,3.0,True,2.966121,False,2017-12-18,2020-05-28,Seed,2017,29.2,True,True,True,True,2.6,5.0,True,True,False,False,True,False,False,False,False,False,False,False,5,2,True,True,False,True,True,True,True,True,True,True,True,True,True,True,True,5,2.0,True,True,False,True,True,False,False,False,False,False,False,True,True,147,2,True,198,44,0.2222222222222222,0.2006706954621511,0.0004833470476976217,0.9223205387994254,0.0,1.964214132669005,0.0,1.0571294087768284,1.964214132669005,0.0,0.607766508852152,1.823299526556456,1.1806423760512763,0.0,1.964214132669005,39.0,37.0,0.6316392658009882,1,1,1,1,1,1,1,2.84,5.303304908059076,True,False,False,True,True,True,2023-10-05,6.0,9.0,19.0
22113,ElFys,https://www.crunchbase.com/organization/elfys,Finland,60.83333,26.0,2017,1.0,True,False,False,False,False,True,False,True,False,True,False,False,False,False,2,3,3,True,False,False,False,3.0,True,7.29301,False,2019-11-06,2022-09-15,Seed,2019,56.6,True,True,True,True,7.6,2.8,True,True,True,True,False,False,False,False,False,False,False,False,0,0,False,False,False,True,True,False,False,False,False,False,False,False,False,False,False,3,1.0,True,True,False,True,True,True,True,False,False,False,False,True,False,32,0,False,51,9,0.1764705882352941,0.1625189294977749,0.09398058736034391,1.5117222140420725,0.09364994887113248,7.10759332817179,0.09364994887113248,0.09364994887113248,0.09364994887113248,0.09364994887113248,2.4571037241560325,7.10759332817179,2.9074359795889495,0.0,7.244622006185016,1.0,0.0,0.0,0,0,0,0,0,0,0,2.84,5.707110264748875,False,False,False,False,False,False,,,2.0,5.0
22153,Logmore,https://www.crunchbase.com/organization/logmore,Finland,62.0,24.0,2017,3.0,True,False,False,False,True,False,False,False,False,True,False,False,False,False,1,2,5,True,False,True,False,2.0,True,4.874693,False,2018-01-15,2020-04-28,Seed,2018,51.833333333333336,True,False,True,True,17.2,4.8,False,False,True,True,False,False,False,False,True,True,False,False,1,0,True,False,False,True,False,True,False,True,False,True,False,True,False,True,False,3,1.0,True,True,False,True,True,True,True,True,False,False,False,True,False,12,0,False,19,2,0.1052631578947368,0.1000834585569824,0.20997009474927936,1.847489518175418,0.0,8.5173233546942,0.0,2.253660974728339,8.5173233546942,0.20948816818318572,1.035146605069577,1.8608050419559679,3.4355555263492494,0.0,8.790766821121178,0.0,0.0,0.0,0,0,0,0,1,1,0,2.84,5.303304908059076,False,False,False,False,False,False,,,0.0,0.8000000000000007
22191,Surgify,https://www.crunchbase.com/organization/surgify,Finland,60.83333,26.0,2017,4.0,True,False,False,False,False,False,False,True,False,False,False,False,False,True,0,2,5,True,False,True,False,1.0,True,1.181893,False,2017-05-09,2017-10-25,Venture - Series Unknown,2017,20.0,True,False,True,True,4.3,0.8,True,False,False,False,False,False,False,False,False,False,False,False,0,0,False,False,False,True,False,False,False,False,False,False,False,False,False,False,False,2,1.0,True,True,False,True,False,False,False,False,False,True,False,True,True,32,0,False,51,9,0.1764705882352941,0.1625189294977749,0.09398058736034391,0.9582355772282504,0.09364994887113248,1.7350928859487775,0.09364994887113248,1.1225470497188241,1.7350928859487775,0.46530115975652886,0.46530115975652886,0.46530115975652886,1.2777955810336614,0.22104142585660264,1.989068613724117,4.0,2.0,0.1919094156907527,1,0,0,0,1,1,0,2.84,5.303304908059076,False,False,True,False,True,True,,,2.0,5.0
22183,Meeshkan,https://www.crunchbase.com/organization/meeshkan,Finland,60.1717794,24.9413548,2017,2.0,True,True,False,False,True,False,False,False,False,True,False,False,False,False,1,2,10,True,False,True,False,3.0,True,2.451705,False,2018-12-17,2019-07-01,Seed,2018,39.333333333333336,True,True,True,True,3.1,7.1,False,False,False,False,False,False,False,False,True,False,False,False,4,2,True,True,False,True,True,True,True,True,True,True,True,True,True,True,True,4,2.0,True,True,False,True,True,True,True,True,False,True,False,True,False,147,2,True,198,45,0.2272727272727272,0.2047944126460131,0.0004833470476976217,2.1322720396166757,0.0,9.010434604220297,0.0,1.8418699856866456,8.722028347808934,0.0,3.003478201406766,9.010434604220297,3.3393212129910426,0.0,9.310025904967146,10.0,14.0,0.4181049049197158,1,0,0,1,0,1,0,2.84,5.303304908059076,False,False,False,False,False,False,,,9.0,19.0
22208,Matchmade,https://www.crunchbase.com/organization/shark-punch,Finland,60.1717794,24.9413548,2017,2.0,True,True,False,False,False,False,False,False,False,True,True,False,False,False,0,2,6,True,False,False,False,1.0,True,1.463601,False,2014-03-10,2015-02-25,Series A,2014,70.33333333333333,True,False,True,True,8.6,23.5,True,True,False,False,False,False,False,False,True,False,False,False,1,0,True,False,False,True,False,True,False,True,False,True,False,True,False,True,False,1,0.0,True,False,False,True,True,True,True,True,False,False,False,True,False,147,2,True,198,45,0.2272727272727272,0.2047944126460131,0.0004833470476976217,6.047786986103046,0.0,8.75118535128995,0.0,6.892684478012363,8.75118535128995,1.823299526556456,1.823299526556456,1.823299526556456,5.448525351724323,0.0,8.75118535128995,17.0,5.0,0.3827121743009542,1,0,0,0,0,0,0,2.84,4.786658062033468,False,False,True,False,True,True,,,9.0,19.0
22218,School Day,https://www.crunchbase.com/organization/school-day,Finland,60.1717794,24.9413548,2017,3.0,True,True,False,False,False,True,False,False,False,True,False,False,False,False,1,2,3,False,False,True,False,0.0,False,1.97735,False,2018-06-28,2020-05-12,Seed,2018,62.0,True,,True,,7.7,10.2,True,,True,,False,,False,,True,,False,,3,0,True,,False,True,,True,,True,,True,,True,,True,,3,,True,,False,True,,False,False,False,False,False,False,True,True,147,2,True,198,45,0.2272727272727272,0.2047944126460131,0.0004833470476976217,0.3882185867717366,0.0,1.5528743470869466,0.0,0.3882185867717366,1.5528743470869466,0.0,0.0,0.0,0.776437173543473,0.0,1.5528743470869466,26.0,10.0,0.4786660264574865,1,1,1,0,0,1,1,2.84,5.303304908059076,False,False,False,False,False,False,,,9.0,19.0
22225,Rive,https://www.crunchbase.com/organization/kodit-io,Finland,60.1717794,24.9413548,2017,3.0,True,True,False,False,True,False,False,False,False,True,False,False,True,False,1,2,5,True,False,True,False,3.0,True,1.976744,False,2018-08-24,2023-04-19,Pre-Seed,2018,101.5,True,False,True,True,39.0,34.4,True,False,True,True,False,False,False,False,True,False,True,True,1,0,True,False,False,True,False,True,False,True,False,True,False,True,False,True,False,1,0.0,True,False,False,True,True,True,True,True,False,True,False,True,False,147,2,True,198,44,0.2222222222222222,0.2006706954621511,0.0004833470476976217,2.2118089900599487,0.0,6.618472180440447,0.0,3.3092360902202236,6.618472180440447,0.3960167542263701,1.480190923286432,2.603816686449834,3.5219926065609846,0.3960167542263701,6.800689316722806,14.0,4.0,0.3478620001545173,1,0,0,0,0,0,0,2.84,5.303304908059076,False,True,False,True,False,True,,,9.0,19.0
22241,Popit,https://www.crunchbase.com/organization/popit-medical-technologies,Finland,60.83333,26.0,2017,4.0,True,False,False,False,True,False,False,True,True,True,False,False,False,False,0,1,3,True,False,False,False,1.0,True,1.395435,False,2017-07-20,2017-07-20,Seed,2017,40.0,True,False,True,True,2.3,5.0,False,False,False,False,True,False,False,False,False,False,False,False,0,0,False,False,False,True,False,False,False,False,False,False,False,False,False,False,False,3,1.0,True,True,True,True,False,False,False,False,False,False,False,True,True,32,0,False,51,9,0.1764705882352941,0.1625189294977749,0.09398058736034391,0.2517352892637075,0.09364994887113248,0.46530115975652886,0.09364994887113248,0.1449523540172968,0.19625475916346113,0.46530115975652886,0.46530115975652886,0.46530115975652886,0.38348388048067344,0.193131491121286,0.5388457224376022,7.0,5.0,0.3022658461718897,1,0,0,0,1,1,1,2.84,5.303304908059076,False,False,False,False,False,False,,,2.0,5.0
22298,Iiwari Tracking Solutions,https://www.crunchbase.com/organization/iiwari-tracking-solutions,Finland,65.01236,25.46816,2018,1.0,True,False,False,False,False,False,False,False,False,True,False,False,False,False,2,1,2,True,False,False,False,1.0,True,1.695607,False,2020-06-08,2020-06-08,Seed,2020,18.5,False,False,True,True,17.0,0.5,True,True,True,True,False,False,False,False,False,False,False,False,0,0,False,False,False,False,False,False,False,False,False,False,False,False,False,False,False,1,1.0,True,True,False,True,True,True,True,True,False,False,False,True,False,7,0,False,36,3,0.0833333333333333,0.0800427076735364,0.5393912635433509,3.460489753136172,0.5389181298851192,6.382061376387226,6.382061376387226,6.382061376387226,6.382061376387226,0.5389181298851192,0.5389181298851192,0.5389181298851192,6.74373700651339,6.74373700651339,6.74373700651339,2.0,3.0,0.1676849278940113,0,0,0,0,1,1,0,2.07,5.993961427306569,False,False,False,False,False,False,,,2.0,6.0
22299,Fiuge,https://www.crunchbase.com/organization/fiuge,Finland,62.5,28.0,2018,1.0,True,False,False,False,True,False,False,False,False,True,False,False,False,False,0,2,2,True,False,False,False,1.0,True,0.938045,False,2018-01-01,2021-09-02,Seed,2018,69.5,False,False,True,True,6.5,6.5,False,False,True,True,True,False,False,False,False,False,False,False,0,0,False,False,False,False,False,False,False,False,False,False,False,False,False,False,False,1,0.0,True,False,False,True,True,False,False,False,False,True,False,True,True,5,0,False,7,0,0.0,0.0,0.3062973576418355,0.8557061780669519,0.305927222297327,1.4054851338365768,0.305927222297327,0.305927222297327,0.305927222297327,1.4054851338365768,1.4054851338365768,1.4054851338365768,1.1066302379326847,1.1066302379326847,1.1066302379326847,0.0,0.0,0.0,0,0,0,0,1,1,0,2.07,5.303304908059076,False,False,False,False,False,False,,,0.0,0.6000000000000005
22306,Revonte,https://www.crunchbase.com/organization/revonte,Finland,61.4789039,22.5944165,2018,3.0,True,False,False,False,True,True,False,False,False,True,False,False,False,False,1,2,2,True,False,False,False,2.0,True,2.4561,False,2019-01-25,2019-09-06,Seed,2019,60.0,False,False,True,True,5.0,3.0,False,False,True,True,False,False,False,False,False,False,False,False,0,0,False,False,False,False,False,False,False,False,False,False,False,False,False,False,False,3,2.0,True,True,True,True,True,False,False,False,False,False,False,True,True,7,0,False,16,2,0.125,0.1177830356563834,0.193545941836843,0.34336011562918356,0.193131491121286,0.41847442788313227,0.41847442788313227,0.41847442788313227,0.41847442788313227,0.193131491121286,0.3058029595022091,0.41847442788313227,0.3592304816250681,0.0,0.5388457224376022,2.0,0.0,0.0402231640645322,0,0,0,0,1,1,1,2.07,5.707110264748875,False,False,False,False,False,False,,,0.0,0.4000000000000003
22285,AISpotter,https://www.crunchbase.com/organization/aispotter,Finland,65.0113317,25.4843355,2018,2.0,True,False,False,False,True,False,False,False,False,True,True,False,False,False,0,4,5,False,False,True,False,0.0,False,0.564446,False,2018-07-17,2022-02-14,Pre-Seed,2018,56.666666666666664,False,,True,,5.0,0.8,False,,True,,True,,False,,False,,False,,0,0,False,,False,False,,False,,False,,False,,False,,False,,0,,False,,False,True,,True,True,True,False,False,False,True,False,7,0,False,36,3,0.0833333333333333,0.0800427076735364,0.5393187152150493,4.114691711372554,0.7391188451006515,8.568727012592818,0.7391188451006515,4.114691711372554,8.568727012592818,0.0,0.0,0.0,5.756606333399899,0.0,9.553764636759311,0.0,0.0,0.0,0,0,0,0,0,0,0,2.07,5.303304908059076,False,False,False,False,False,False,,,2.0,6.0
22255,Yield Systems,https://www.crunchbase.com/organization/yield-systems,Finland,60.83333,26.0,2018,3.0,True,False,False,False,True,False,True,False,False,True,False,False,False,False,2,1,1,False,True,False,True,1.0,True,0.71064,False,2020-08-19,2020-08-19,Seed,2020,64.0,True,True,False,False,6.0,4.0,False,False,True,True,False,False,False,False,False,False,False,False,0,0,False,False,False,True,True,False,False,False,False,False,False,False,False,False,False,1,1.0,True,True,True,True,True,False,False,False,False,False,False,True,True,32,0,False,57,10,0.175438596491228,0.1616413515564158,0.09398058736034391,0.09364994887113248,0.09364994887113248,0.09364994887113248,0.0,0.0,0.0,0.09364994887113248,0.09364994887113248,0.09364994887113248,0.0,0.0,0.0,1.0,4.0,0.1479785252297826,0,0,0,0,0,1,0,2.07,5.993961427306569,False,False,False,False,False,False,,,2.0,5.0
22166,Lifetime Group,https://www.crunchbase.com/organization/lifetime-oy,Finland,60.83333,26.0,2018,1.0,True,False,True,False,True,False,False,False,True,True,False,True,False,True,0,1,1,False,True,False,False,0.0,False,0.081949,True,2011-07-01,2011-07-01,Seed,2011,71.0,False,,True,,11.0,19.0,False,,False,,False,,False,,False,,False,,0,0,False,,False,False,,False,,False,,False,,False,,False,,1,,True,,True,False,,False,False,False,False,False,False,True,True,32,0,False,57,10,0.175438596491228,0.1616413515564158,0.09398058736034391,0.21325033205861071,0.21325033205861071,0.21325033205861071,0.21325033205861071,0.21325033205861071,0.21325033205861071,0.0,0.0,0.0,0.0,0.0,0.0,2.0,0.0,0.0402231640645322,0,0,0,0,0,0,0,2.07,4.480740107609915,False,False,False,False,False,False,,,2.0,5.0
22222,Geyser Batteries,https://www.crunchbase.com/organization/geyser-batteries,Finland,60.1717794,24.9413548,2018,1.0,True,True,True,False,True,False,False,False,False,False,False,False,False,False,0,2,2,False,False,True,False,2.0,True,1.10635,False,2018-09-27,2019-12-09,Seed,2018,48.5,True,True,True,True,3.0,1.5,True,True,True,True,False,False,False,False,False,False,False,False,1,1,True,True,False,True,True,True,True,True,True,True,True,True,True,True,True,2,2.0,True,True,True,True,True,False,False,False,False,False,False,True,True,147,2,True,216,49,0.2268518518518518,0.2044514183020571,0.0004833470476976217,0.2694228612188011,0.0,0.5388457224376022,0.0,0.0,0.0,0.0,0.2694228612188011,0.5388457224376022,0.5388457224376022,0.5388457224376022,0.5388457224376022,6.0,0.0,0.1242772544618494,0,0,0,0,0,0,0,2.07,5.303304908059076,False,False,False,False,False,False,,,9.0,19.0
22163,Glue Collaboration,https://www.crunchbase.com/organization/glue-f5d5,Finland,60.1717794,24.9413548,2018,3.0,True,True,False,False,False,False,False,False,False,True,True,False,False,True,0,2,6,True,False,False,False,1.0,True,3.856949,False,2018-03-14,2019-11-14,Seed,2018,36.0,True,True,True,False,18.9,6.9,True,False,True,True,True,False,False,False,False,False,False,False,4,2,True,True,False,True,True,True,True,True,True,True,True,True,True,True,True,4,2.0,True,True,False,True,True,True,True,True,False,False,False,True,False,147,2,True,216,48,0.2222222222222222,0.2006706954621511,0.0004833470476976217,1.681186508415354,0.0,8.722028347808934,0.0,2.353661111781496,8.722028347808934,0.0,0.0,0.0,3.138809968781562,0.0,9.281477283437598,41.0,22.0,0.5903149176662593,1,1,1,1,1,1,1,2.07,5.303304908059076,True,False,False,True,True,True,2024-06-03,6.0,9.0,19.0
22162,Surrogate.tv,https://www.crunchbase.com/organization/surrogate,Finland,60.83333,26.0,2018,4.0,True,False,False,False,True,True,False,False,False,True,False,False,False,False,1,2,5,True,False,False,False,3.0,True,2.917,False,2019-07-14,2020-04-16,Seed,2019,42.0,False,False,True,True,6.5,10.6,True,True,True,True,False,False,False,False,False,False,False,False,0,0,False,False,False,False,False,False,False,False,False,False,False,False,False,False,False,0,0.0,False,False,False,True,True,False,False,False,False,False,False,True,True,32,0,False,57,10,0.175438596491228,0.1616413515564158,0.09398058736034391,1.9347854206204709,1.9037808990400231,1.9967944637813655,1.9037808990400231,1.965789942200918,1.9967944637813655,1.9037808990400231,1.9037808990400231,1.9037808990400231,0.18272448214672496,0.0,0.34260840402510934,0.0,0.0,0.0,0,0,0,0,0,0,0,2.07,5.707110264748875,False,False,False,False,False,False,,,2.0,5.0
22215,Statzon,https://www.crunchbase.com/organization/statzon,Finland,60.1717794,24.9413548,2018,1.0,True,True,False,False,True,False,False,False,False,True,False,False,False,True,2,3,3,True,False,False,False,1.0,True,1.108285,False,2020-12-07,2022-12-12,Seed,2020,4.4,True,False,True,True,13.8,0.6,False,False,False,False,False,False,False,False,True,False,False,False,1,0,True,False,False,True,False,True,False,True,False,True,False,True,False,True,False,2,0.0,True,False,False,True,False,True,True,True,False,False,False,True,False,147,2,True,216,49,0.2268518518518518,0.2044514183020571,0.0004833470476976217,4.882161177737356,0.0,8.067105906834533,0.0,4.0859249954630625,8.067105906834533,8.067105906834533,8.067105906834533,8.067105906834533,4.7993188030396965,0.0,8.067105906834533,8.0,2.0,0.2502193392440147,1,0,0,0,0,0,0,2.07,5.993961427306569,False,False,False,False,False,False,,,9.0,19.0
22210,Linear,https://www.crunchbase.com/organization/linear-04fe,Finland,60.1717794,24.9413548,2018,3.0,True,True,False,False,False,False,False,False,False,True,False,False,True,False,1,1,1,False,True,True,True,1.0,True,1.125722,False,2019-06-01,2019-06-01,Seed,2019,53.0,True,True,False,False,4.0,3.0,False,False,True,True,False,False,False,False,False,False,False,False,1,1,True,True,True,True,True,True,True,True,True,True,True,True,True,True,True,1,1.0,True,True,True,True,True,False,False,False,False,False,False,True,True,147,2,True,216,49,0.2268518518518518,0.2044514183020571,0.0004833470476976217,0.0,0.0,0.0,0.0,0.0,0.0,0.0,0.0,0.0,0.0,0.0,0.0,9.0,0.0,0.1596603108602024,0,0,0,0,0,0,0,2.07,5.707110264748875,False,False,False,False,False,False,,,9.0,19.0
22179,aito.ai,https://www.crunchbase.com/organization/aito-ai,Finland,60.1717794,24.9413548,2018,4.0,True,True,False,False,True,False,False,False,False,True,False,False,False,False,1,2,5,True,False,True,False,2.0,True,2.877199,False,2019-05-07,2019-11-04,Seed,2019,30.833333333333332,True,True,True,True,20.5,8.2,False,False,False,False,True,False,False,False,False,False,False,False,4,1,True,True,False,True,True,True,True,True,True,True,True,True,True,True,True,4,1.0,True,True,False,True,True,True,True,True,False,False,False,True,False,147,2,True,216,49,0.2268518518518518,0.2044514183020571,0.0004833470476976217,1.523391785217368,0.0,7.63863473575018,0.0,1.909658683937545,7.63863473575018,0.0,0.7508579877770134,1.5017159755540268,2.9049157216497257,0.0,7.63863473575018,28.0,24.0,0.5612393588700254,1,1,1,1,1,1,1,2.07,5.707110264748875,False,False,False,False,False,False,,,9.0,19.0
22138,Reworks,https://www.crunchbase.com/organization/reworks-ltd,Finland,60.1717794,24.9413548,2018,3.0,False,True,False,False,False,True,False,False,False,True,True,False,False,False,1,1,2,False,False,True,False,2.0,True,1.5,False,2019-03-04,2019-03-04,Venture - Series Unknown,2019,69.5,True,True,True,True,1.0,9.5,True,True,True,True,True,True,False,False,False,False,False,False,1,1,True,True,False,True,True,True,True,True,True,True,True,True,True,True,True,1,1.0,True,True,False,True,True,True,True,False,False,False,False,True,False,147,2,True,216,48,0.2222222222222222,0.2006706954621511,0.0004833470476976217,4.6360254415396795,0.0,9.27205088307936,0.0,0.0,0.0,0.0,4.6360254415396795,9.27205088307936,9.27205088307936,9.27205088307936,9.27205088307936,24.0,23.0,0.5427623722951738,1,1,1,1,0,1,1,2.07,5.707110264748875,True,False,True,True,True,True,2021-08-31,3.0,9.0,19.0
22132,Manna Insect,https://www.crunchbase.com/organization/manna-insect,Finland,64.91245,25.5108223,2018,2.0,True,False,False,False,True,False,True,False,False,True,False,False,False,False,0,4,7,False,False,True,False,0.0,False,1.417815,False,2018-11-01,2022-12-01,Pre-Seed,2018,22.77777777777778,True,,True,,4.4,2.3,True,,False,,True,,True,,True,,False,,0,0,False,,False,True,,True,,True,,True,,True,,True,,4,,True,,False,True,,False,False,False,False,False,False,True,True,7,0,False,3,0,0.0,0.0,0.5284135588598055,1.004069931485013,0.011065570857074429,2.090335882416633,0.011065570857074429,1.004069931485013,2.090335882416633,0.0,0.0,0.0,1.2402271417228365,0.0,2.095341524656532,0.0,0.0,0.0,0,0,0,0,0,0,0,2.07,5.303304908059076,False,False,False,False,False,False,,,2.0,6.0
22397,Taika3D Oy,https://www.crunchbase.com/organization/taika3d-oy,Finland,60.83333,26.0,2018,4.0,True,False,False,False,True,False,False,True,False,True,False,False,False,False,1,2,2,False,False,True,False,2.0,True,0.0,True,2019-11-14,2022-04-29,Seed,2019,58.0,False,False,True,True,5.0,2.5,False,False,True,True,False,False,False,False,True,True,False,False,0,0,False,False,False,False,False,False,False,False,False,False,False,False,False,False,False,1,1.0,True,True,False,True,True,False,False,False,False,False,False,True,True,32,0,False,57,10,0.175438596491228,0.1616413515564158,0.09398058736034391,1.580806809062234,0.46530115975652886,2.696312458367939,0.0,0.0,0.0,0.46530115975652886,1.580806809062234,2.696312458367939,3.012211821007871,3.012211821007871,3.012211821007871,6.0,1.0,0.1880081363765889,1,0,0,0,1,0,1,2.07,5.707110264748875,False,False,False,False,False,False,,,2.0,5.0
22378,SeeTrue Technologies,https://www.crunchbase.com/organization/seetrue-technologies,Finland,62.5,28.0,2018,2.0,True,False,False,False,False,False,False,False,False,True,False,False,False,False,0,3,4,True,False,True,False,2.0,True,0.867389,False,2018-11-08,2024-03-28,Seed,2018,41.75,True,False,True,True,6.0,2.5,False,False,True,True,True,True,False,False,False,False,False,False,1,0,True,False,False,True,False,True,False,True,False,True,False,True,False,True,False,2,0.0,True,False,False,True,True,True,True,True,False,True,False,True,False,5,0,False,7,0,0.0,0.0,0.3062973576418355,2.0660963316178913,0.0,6.552972970337662,0.0,0.1529636111486635,0.305927222297327,1.4054851338365768,3.97922905208712,6.552972970337662,3.724579285946044,0.305927222297327,6.564472419619302,1.0,0.0,0.0,0,0,0,0,1,1,1,2.07,5.303304908059076,False,False,False,False,False,False,,,0.0,0.6000000000000005
22339,Hydrohex,https://www.crunchbase.com/organization/hydrohex,Finland,62.0,24.0,2018,2.0,False,False,False,False,False,True,False,True,False,False,False,False,False,False,2,1,1,False,True,True,True,1.0,True,0.0,True,2020-05-15,2020-05-15,Pre-Seed,2020,4.0,False,False,True,True,14.0,1.0,False,False,False,False,False,False,False,False,False,False,False,False,0,0,False,False,False,False,False,False,False,False,False,False,False,False,False,False,False,0,0.0,False,False,False,False,False,True,True,True,True,False,False,False,False,12,0,False,21,2,0.0952380952380952,0.0909717782057266,0.20997009474927936,7.860794047236727,7.860794047236727,7.860794047236727,0.0,0.0,0.0,7.860794047236727,7.860794047236727,7.860794047236727,0.0,0.0,0.0,1.0,0.0,0.0,0,0,0,0,1,1,1,2.07,5.993961427306569,False,False,False,False,False,False,,,0.0,0.8000000000000007
22326,Causalus,https://www.crunchbase.com/organization/pharmanalysis,Finland,60.1717794,24.9413548,2018,4.0,True,True,False,False,False,False,False,True,False,True,False,False,False,False,1,1,1,False,True,True,True,1.0,True,0.286538,True,2019-01-01,2019-01-01,Pre-Seed,2019,76.0,True,True,False,False,2.0,4.0,False,False,True,True,False,False,False,False,True,True,False,False,1,1,True,True,True,True,True,True,True,True,True,True,True,True,True,True,True,1,1.0,True,True,True,True,True,False,False,False,False,False,False,True,True,147,2,True,216,49,0.2268518518518518,0.2044514183020571,0.0004833470476976217,0.0,0.0,0.0,0.0,0.0,0.0,0.0,0.0,0.0,0.0,0.0,0.0,19.0,1.0,0.2921531459171419,1,0,0,0,0,0,1,2.07,5.707110264748875,False,False,False,False,False,False,,,9.0,19.0
21991,IPRally,https://www.crunchbase.com/organization/iprally,Finland,60.1717794,24.9413548,2018,3.0,True,True,False,False,True,False,False,False,False,True,False,False,False,False,0,3,3,True,False,True,False,3.0,True,2.857466,False,2018-04-03,2021-01-07,Series A,2018,59.8,True,True,True,True,4.8,5.4,False,False,True,True,False,False,False,False,True,True,False,False,3,2,True,True,False,True,True,True,True,True,True,True,True,True,True,True,True,3,2.0,True,True,False,True,True,False,False,False,False,True,False,True,True,147,2,True,216,49,0.2268518518518518,0.2044514183020571,0.0004833470476976217,0.3487735856478786,0.0,1.1066302379326847,0.0,0.0,0.0,0.0,0.43596698205984824,1.1066302379326847,0.6420084249007896,0.0,1.1884804642897169,24.0,14.0,0.4995482517807378,1,1,1,1,0,1,1,2.07,5.303304908059076,False,False,True,False,True,True,,,9.0,19.0
22324,Fiksuvuokraus.fi,https://www.crunchbase.com/organization/fiksuvuokraus-fi,Finland,60.83333,26.0,2018,2.0,True,False,False,False,False,False,False,False,True,True,False,False,True,False,1,2,4,False,False,False,False,0.0,False,0.724096,False,2019-11-01,2021-01-17,Seed,2019,14.6,True,,True,,15.0,2.0,False,,False,,False,,False,,False,,False,,0,0,False,,False,True,,False,,False,,False,,False,,False,,3,,True,,False,True,,True,True,True,False,False,False,True,False,32,0,False,57,10,0.175438596491228,0.1616413515564158,0.09398058736034391,2.0758061258666354,0.09364994887113248,8.022274656853144,0.09364994887113248,2.0758061258666354,8.022274656853144,0.0,0.0,0.0,4.033552953417266,0.0,8.067105906834533,2.0,0.0,0.0402231640645322,0,0,0,0,0,0,0,2.07,5.707110264748875,False,False,False,False,False,False,,,2.0,5.0
21963,ReceiptHero,https://www.crunchbase.com/organization/receipthero,Finland,61.4789039,22.5944165,2018,4.0,True,False,False,False,False,False,False,False,True,True,True,False,False,False,2,1,3,True,False,True,False,1.0,True,2.422809,False,2020-12-02,2020-12-02,Venture - Series Unknown,2020,56.666666666666664,False,False,True,True,8.0,7.7,False,False,True,True,False,False,False,False,True,True,False,False,0,0,False,False,False,False,False,False,False,False,False,False,False,False,False,False,False,2,1.0,True,True,False,True,True,False,False,False,False,False,False,True,True,7,0,False,16,2,0.125,0.1177830356563834,0.193545941836843,0.24372794914830395,0.193131491121286,0.3449208652023399,0.193131491121286,0.26902617816181296,0.3449208652023399,0.193131491121286,0.193131491121286,0.193131491121286,0.2640111694842467,0.0,0.3960167542263701,0.0,0.0,0.0,0,0,0,0,1,1,0,2.07,5.993961427306569,False,False,True,False,True,True,,,0.0,0.4000000000000003
21962,Aibidia,https://www.crunchbase.com/organization/aibidia,Finland,60.1717794,24.9413548,2018,2.0,True,True,False,False,False,False,False,False,False,True,False,False,False,False,0,2,2,True,False,True,False,2.0,True,5.149863,False,2018-06-29,2020-03-06,Series A,2018,284.0,True,True,True,True,3.7,37.7,False,False,True,True,False,False,False,False,True,True,False,False,2,1,True,True,False,True,True,True,True,True,True,True,True,True,True,True,True,2,1.0,True,True,False,True,True,False,False,False,False,True,False,True,True,147,2,True,216,49,0.2268518518518518,0.2044514183020571,0.0004833470476976217,0.36887674597756154,0.0,1.1066302379326847,0.0,0.0,0.0,0.0,0.5533151189663423,1.1066302379326847,0.7377534919551231,0.0,1.1066302379326847,22.0,10.0,0.4627596300955206,1,0,0,0,0,1,1,2.07,5.303304908059076,False,False,True,False,True,True,,,9.0,19.0
21957,Bob W,https://www.crunchbase.com/organization/bob-w,Finland,60.1717794,24.9413548,2018,2.0,False,True,False,False,False,True,False,False,False,False,False,False,False,False,2,2,6,True,False,False,False,2.0,True,11.660143,False,2020-06-15,2021-04-06,Series B,2020,59.875,True,True,True,True,10.5,7.9,True,False,True,True,False,False,True,False,False,False,False,False,1,1,True,True,False,True,True,True,True,True,True,True,True,True,True,True,True,1,1.0,True,True,False,True,True,True,True,True,False,False,False,True,False,147,2,True,216,48,0.2222222222222222,0.2006706954621511,0.0004833470476976217,1.189059432203531,0.0,6.618472180440447,0.08241180752014504,1.5495927109086673,6.618472180440447,0.0,0.5881706343616367,0.8822559515424552,1.9837536910354452,0.0,6.649546391729226,2.0,4.0,0.1882016892943149,1,0,0,0,0,0,0,2.07,5.993961427306569,False,True,True,True,True,True,,,9.0,19.0
22051,Leadoo Marketing Technologies,https://www.crunchbase.com/organization/leadoo,Finland,60.1717794,24.9413548,2018,1.0,True,True,False,False,False,False,False,False,False,True,True,False,False,False,1,1,1,False,True,False,True,1.0,True,3.338898,False,2019-09-13,2019-09-13,Series A,2019,47.0,True,True,False,False,10.0,17.0,False,False,True,True,False,False,False,False,False,False,False,False,1,1,True,True,True,True,True,True,True,True,True,True,True,True,True,True,True,1,1.0,True,True,True,True,True,False,False,False,False,False,False,True,True,147,2,True,216,48,0.2222222222222222,0.2006706954621511,0.0004833470476976217,0.0,0.0,0.0,0.0,0.0,0.0,0.0,0.0,0.0,0.0,0.0,0.0,1.0,0.0,0.0,0,0,0,0,0,0,0,2.07,5.707110264748875,True,False,True,True,True,True,2024-11-25,6.0,9.0,19.0
22050,TWICE COMMERCE ®,https://www.crunchbase.com/organization/twicecommerce,Finland,60.1717794,24.9413548,2018,3.0,True,True,False,False,False,True,False,False,True,True,False,False,False,False,1,3,6,True,False,True,False,2.0,True,5.005089,False,2019-03-28,2022-09-19,Seed,2019,93.0,True,True,True,True,5.6,9.4,True,True,True,True,False,False,False,False,False,False,False,False,3,0,True,False,False,True,True,True,False,True,False,True,False,True,False,True,False,3,0.0,True,False,False,True,True,True,True,True,False,False,False,True,False,147,2,True,216,49,0.2268518518518518,0.2044514183020571,0.0004833470476976217,2.4077459667088807,0.0,8.330038252445116,0.0,2.989702086577113,8.330038252445116,0.08241180752014504,0.9528556670383005,1.823299526556456,3.8954800894235095,0.0,8.355734895037948,10.0,8.0,0.3711374376626835,1,0,0,0,0,0,0,2.07,5.707110264748875,False,False,False,False,False,False,,,9.0,19.0
22040,Vapaus,https://www.crunchbase.com/organization/vapaus,Finland,60.1717794,24.9413548,2018,3.0,False,True,False,False,True,True,False,False,False,False,False,True,False,False,2,2,3,False,False,True,False,0.0,False,3.71118,False,2020-12-21,2021-11-30,Seed,2020,19.5,True,,False,,6.0,1.2,False,,True,,False,,False,,False,,False,,4,0,True,,True,True,,True,,True,,True,,True,,True,,4,,True,,True,True,,False,False,False,False,False,False,True,True,147,2,True,216,49,0.2268518518518518,0.2044514183020571,0.0004833470476976217,0.0,0.0,0.0,0.0,0.0,0.0,0.0,0.0,0.0,0.0,0.0,0.0,13.0,4.0,0.341017732833832,1,0,0,0,0,0,0,2.07,5.993961427306569,False,False,False,False,False,False,,,9.0,19.0
21998,Cambri,https://www.crunchbase.com/organization/cambri,Finland,60.1717794,24.9413548,2018,1.0,True,True,False,False,True,False,False,False,False,True,False,False,False,False,0,1,2,False,False,True,False,0.0,False,0.717,False,2018-01-01,2018-01-01,Venture - Series Unknown,2018,25.5,True,,True,,9.0,2.5,False,,False,,True,,False,,False,,False,,1,0,True,,False,True,,True,,True,,True,,True,,True,,1,,True,,False,True,,True,True,True,False,False,False,True,False,147,2,True,216,49,0.2268518518518518,0.2044514183020571,0.0004833470476976217,4.033552953417266,0.0,8.067105906834533,0.0,4.033552953417266,8.067105906834533,0.0,0.0,0.0,8.067105906834533,8.067105906834533,8.067105906834533,12.0,9.0,0.3973969165066756,1,0,0,0,0,1,0,2.07,5.303304908059076,False,False,True,False,True,True,,,9.0,19.0
22358,Puida,https://www.crunchbase.com/organization/puida,Finland,60.1717794,24.9413548,2018,2.0,True,True,False,False,False,False,False,False,True,True,True,False,False,False,0,1,1,False,True,True,True,1.0,True,0.058508,True,2018-06-29,2018-06-29,Pre-Seed,2018,76.0,True,True,False,False,1.0,4.0,False,False,True,True,False,False,False,False,True,True,False,False,1,1,True,True,True,True,True,True,True,True,True,True,True,True,True,True,True,1,1.0,True,True,True,True,True,False,False,False,False,False,False,True,True,147,2,True,216,49,0.2268518518518518,0.2044514183020571,0.0004833470476976217,0.0,0.0,0.0,0.0,0.0,0.0,0.0,0.0,0.0,0.0,0.0,0.0,13.0,7.0,0.384231853348268,1,0,0,0,0,0,0,2.07,5.303304908059076,False,False,False,False,False,False,,,9.0,19.0
22354,Wiview,https://www.crunchbase.com/organization/wiview,Finland,61.4789039,22.5944165,2018,3.0,True,False,False,False,True,True,False,False,False,True,True,False,False,False,1,3,4,True,False,True,False,2.0,True,0.05568,True,2019-04-25,2021-01-01,Pre-Seed,2019,36.75,False,False,True,True,5.7,5.0,False,False,False,False,True,False,False,False,False,False,False,False,0,0,False,False,False,False,False,False,False,False,False,False,False,False,False,False,False,2,1.0,True,True,False,True,True,True,True,True,False,False,False,True,False,7,0,False,16,2,0.125,0.1177830356563834,0.193545941836843,2.562247805756413,0.193131491121286,7.882168710677318,0.193131491121286,1.0868455106135244,1.9805595301057624,0.193131491121286,4.0376501008993015,7.882168710677318,4.835828859611673,0.0,9.0066343362598,2.0,3.0,0.1676849278940113,0,0,0,0,1,1,1,2.07,5.707110264748875,False,False,False,False,False,False,,,0.0,0.4000000000000003
22363,Saavu,https://www.crunchbase.com/organization/saavu,Finland,62.0,24.0,2018,2.0,False,False,False,False,False,False,False,False,False,True,True,False,False,False,1,1,1,False,True,True,True,1.0,True,0.392085,True,2019-05-01,2019-05-01,Pre-Seed,2019,4.0,False,False,True,True,13.0,1.0,False,False,False,False,False,False,False,False,False,False,False,False,0,0,False,False,False,False,False,False,False,False,False,False,False,False,False,False,False,0,0.0,False,False,False,False,False,True,True,True,True,False,False,False,False,12,0,False,21,2,0.0952380952380952,0.0909717782057266,0.20997009474927936,7.860794047236727,7.860794047236727,7.860794047236727,0.0,0.0,0.0,7.860794047236727,7.860794047236727,7.860794047236727,0.0,0.0,0.0,0.0,0.0,0.0,0,0,0,0,1,1,0,2.07,5.707110264748875,False,False,False,False,False,False,,,0.0,0.8000000000000007
22266,Hukka AI,https://www.crunchbase.com/organization/hukka-ai,Finland,60.1717794,24.9413548,2019,2.0,True,True,False,False,True,False,False,False,False,True,False,False,False,False,1,2,3,False,False,True,False,0.0,False,0.334249,True,2020-11-30,2022-01-01,Pre-Seed,2020,15.25,True,,True,,10.7,3.8,False,,False,,True,,False,,False,,False,,1,0,True,,False,True,,True,,True,,True,,True,,True,,1,,True,,False,True,,True,True,True,False,False,False,True,False,147,2,True,233,49,0.2103004291845493,0.1908686173724129,0.0004833470476976217,5.378070604556354,0.0,8.067105906834533,0.0,5.378070604556354,8.067105906834533,0.0,0.0,0.0,5.378070604556354,0.0,8.067105906834533,31.0,12.0,0.5108800992782618,1,1,1,1,0,1,1,1.81,5.993961427306569,False,False,False,False,False,False,,,9.0,19.0
22077,Enable Banking,https://www.crunchbase.com/organization/enable-banking,Finland,60.83333,26.0,2019,2.0,True,False,False,False,False,False,False,False,True,True,False,False,False,False,1,2,3,True,False,True,False,2.0,True,0.587358,False,2020-02-01,2022-10-06,Seed,2020,44.666666666666664,False,False,True,True,4.3,3.7,False,False,False,False,True,True,False,False,False,False,False,False,0,0,False,False,False,False,False,False,False,False,False,False,False,False,False,False,False,0,0.0,False,False,False,True,True,False,False,False,False,False,False,True,True,32,0,False,60,11,0.1833333333333333,0.1683353148192147,0.09398058736034391,0.9308609562104276,0.4702973025345072,1.6375383403875656,1.6375383403875656,1.6375383403875656,1.6375383403875656,0.4702973025345072,0.5775222641218585,0.6847472257092099,1.088644342602759,0.6750172271150379,1.4151127720901673,0.0,0.0,0.0,0,0,0,0,0,0,0,1.81,5.993961427306569,False,False,False,False,False,False,,,2.0,5.0
22247,Baia,https://www.crunchbase.com/organization/baia,Finland,62.0,24.0,2019,4.0,True,False,False,False,False,False,False,False,False,True,False,False,False,False,0,3,4,True,False,True,False,2.0,True,0.615,False,2019-05-15,2022-11-01,Pre-Seed,2019,55.0,False,False,True,True,3.0,3.5,False,False,True,True,False,False,False,False,True,False,False,False,0,0,False,False,False,False,False,False,False,False,False,False,False,False,False,False,False,0,0.0,False,False,False,False,False,True,True,False,False,False,False,False,False,12,0,False,22,2,0.0909090909090909,0.0870113769896297,0.20997009474927936,9.676639010416451,9.352828606961205,10.38795942538587,9.612939402357528,10.000449413871698,10.38795942538587,9.352828606961205,9.352828606961205,9.352828606961205,5.7609006547238675,0.0,9.654261396455908,0.0,0.0,0.0,0,0,0,0,1,1,0,1.81,5.707110264748875,False,False,False,False,False,False,,,0.0,0.8000000000000007
22337,Quantastica,https://www.crunchbase.com/organization/quantastica,Finland,60.1717794,24.9413548,2019,1.0,True,True,False,False,True,False,False,False,False,True,False,False,False,False,0,1,1,False,True,True,True,1.0,True,0.22265,True,2019-10-23,2019-10-23,Pre-Seed,2019,76.0,True,True,False,False,2.0,4.0,False,False,True,True,False,False,False,False,True,True,False,False,1,1,True,True,True,True,True,True,True,True,True,True,True,True,True,True,True,1,1.0,True,True,True,True,True,False,False,False,False,False,False,True,True,147,2,True,233,49,0.2103004291845493,0.1908686173724129,0.0004833470476976217,0.0,0.0,0.0,0.0,0.0,0.0,0.0,0.0,0.0,0.0,0.0,0.0,19.0,1.0,0.2921531459171419,1,0,0,0,0,0,1,1.81,5.707110264748875,False,False,False,False,False,False,,,9.0,19.0
22085,Workfellow,https://www.crunchbase.com/organization/workfellow-ai,Finland,60.83333,26.0,2019,2.0,True,False,False,False,True,False,False,False,False,True,False,False,False,False,1,2,4,True,False,True,False,2.0,True,3.225497,False,2020-07-07,2021-12-16,Series A,2020,40.6,True,True,True,False,6.3,5.4,False,False,True,True,False,False,False,False,True,True,False,False,0,0,False,False,False,True,True,False,False,False,False,False,False,False,False,False,False,3,2.0,True,True,False,True,True,True,True,False,False,False,False,True,False,32,0,False,60,10,0.1666666666666666,0.1541506798272582,0.09398058736034391,2.4199511636834377,0.09364994887113248,9.915025072763768,0.09364994887113248,3.9708186402249743,9.915025072763768,0.09364994887113248,0.09364994887113248,0.09364994887113248,4.721577883915428,0.0,11.786898453023053,4.0,0.0,0.0908983577180024,0,0,0,0,0,0,0,1.81,5.993961427306569,True,False,True,True,True,True,2024-04-09,5.0,2.0,5.0
21969,ReOrbit,https://www.crunchbase.com/organization/reorbit,Finland,60.1717794,24.9413548,2019,2.0,True,True,False,False,True,False,False,False,False,True,False,False,False,False,1,3,7,True,False,True,False,2.0,True,8.360689,False,2020-07-27,2023-08-30,Seed,2020,96.0,True,True,True,False,8.6,7.8,False,False,True,True,True,False,False,False,True,True,False,False,3,2,True,True,False,True,True,True,True,True,True,True,True,True,True,True,True,3,2.0,True,True,False,True,True,True,True,True,False,True,False,True,False,147,2,True,233,49,0.2103004291845493,0.1908686173724129,0.0004833470476976217,1.8050271356914278,0.0,8.722028347808934,0.0,2.4067028475885706,8.722028347808934,0.0,0.0,0.0,3.0422878304583354,0.0,9.434160278898844,31.0,8.0,0.4770699285143004,1,1,1,0,0,0,1,1.81,5.993961427306569,False,False,False,False,False,False,,,9.0,19.0
22434,Voimada,https://www.crunchbase.com/organization/enpse-group-oy,Finland,60.1717794,24.9413548,2019,3.0,True,True,False,False,True,False,False,False,False,True,True,False,False,False,0,1,1,False,True,False,False,0.0,False,0.0,True,2018-08-31,2018-08-31,Seed,2018,47.0,False,,True,,3.0,5.0,True,,False,,True,,False,,False,,False,,0,0,False,,False,False,,False,,False,,False,,False,,False,,0,,False,,False,True,,False,False,False,False,True,True,True,True,147,2,True,233,49,0.2103004291845493,0.1908686173724129,0.0004833470476976217,1.164592882797679,1.164592882797679,1.164592882797679,1.164592882797679,1.164592882797679,1.164592882797679,0.0,0.0,0.0,0.0,0.0,0.0,0.0,0.0,0.0,0,0,0,0,0,0,0,1.81,5.303304908059076,False,False,False,False,False,False,,,9.0,19.0
22126,Cooler Future,https://www.crunchbase.com/organization/cooler-future,Finland,60.1717794,24.9413548,2019,2.0,True,True,False,False,False,False,False,False,True,False,False,False,False,False,1,1,3,False,False,False,False,0.0,False,1.634559,False,2020-10-30,2020-10-30,Seed,2020,49.333333333333336,True,,True,,7.5,8.7,False,,True,,False,,False,,True,,False,,1,0,True,,False,True,,True,,True,,True,,True,,True,,1,,True,,False,True,,False,False,False,False,True,False,True,True,147,2,True,233,49,0.2103004291845493,0.1908686173724129,0.0004833470476976217,0.5008823307196849,0.0,1.1066302379326847,0.0,0.5008823307196849,1.1066302379326847,0.0,0.0,0.0,0.7712914028900196,0.3960167542263701,1.1066302379326847,26.0,5.0,0.4229353383654865,1,0,1,0,0,0,1,1.81,5.993961427306569,False,False,False,False,False,False,,,9.0,19.0
22017,Origin by Ocean,https://www.crunchbase.com/organization/origin-by-ocean,Finland,60.83333,26.0,2019,2.0,True,False,False,False,True,False,False,True,False,False,False,True,False,False,1,2,10,True,False,False,False,1.0,True,5.509522,False,2020-05-20,2023-04-26,Seed,2020,18.6,True,True,True,False,11.8,3.0,True,True,True,True,False,False,False,False,True,False,False,False,1,0,True,False,False,True,True,True,False,True,False,True,False,True,False,True,False,8,1.0,True,True,False,True,True,False,False,False,False,False,False,True,True,32,0,False,60,11,0.1833333333333333,0.1683353148192147,0.09398058736034391,0.28437006012643895,0.0,1.9037808990400231,0.0,0.30821007403335227,1.9037808990400231,0.09364994887113248,0.09364994887113248,0.09364994887113248,0.4256229785286984,0.0,1.9037808990400231,4.0,0.0,0.0908983577180024,0,0,0,0,0,0,0,1.81,5.993961427306569,False,False,False,False,False,False,,,2.0,5.0
22112,Alvar Pet,https://www.crunchbase.com/organization/alvar-pet,Finland,60.1717794,24.9413548,2019,4.0,True,True,False,False,False,True,True,False,False,False,False,False,False,False,1,5,13,True,False,False,False,1.0,True,4.209005,False,2020-04-14,2023-08-25,Seed,2020,21.045454545454547,True,True,True,False,7.2,2.3,True,True,True,False,True,False,False,False,False,False,False,False,15,1,True,True,False,True,True,True,True,True,True,True,True,True,True,True,True,17,1.0,True,True,False,True,True,False,False,False,False,False,False,True,True,147,2,True,233,49,0.2103004291845493,0.1908686173724129,0.0004833470476976217,0.19160502584372666,0.0,2.46957203535111,0.0,0.20224974950171148,2.46957203535111,0.0,0.0,0.0,0.37294957507766385,0.0,2.614642835806668,14.0,11.0,0.428356296726964,1,0,0,0,0,1,0,1.81,5.993961427306569,False,False,False,False,False,False,,,9.0,19.0
22111,Front AI,https://www.crunchbase.com/organization/front-ai,Finland,60.1717794,24.9413548,2019,3.0,True,True,False,False,True,False,False,False,False,True,False,False,False,True,0,1,3,False,False,False,False,0.0,False,1.378614,False,2019-03-11,2019-03-11,Seed,2019,59.333333333333336,True,,False,,20.0,13.3,False,,True,,False,,False,,True,,False,,3,0,True,,True,True,,True,,True,,True,,True,,True,,3,,True,,True,True,,False,False,False,False,False,False,True,True,147,2,True,233,49,0.2103004291845493,0.1908686173724129,0.0004833470476976217,0.0,0.0,0.0,0.0,0.0,0.0,0.0,0.0,0.0,0.0,0.0,0.0,22.0,0.0,0.2422870021160307,1,0,0,0,0,0,1,1.81,5.707110264748875,False,False,False,False,False,False,,,9.0,19.0
21990,Skyfora,https://www.crunchbase.com/organization/skyfora,Finland,60.1717794,24.9413548,2019,1.0,True,True,True,True,True,False,False,False,True,True,False,True,False,False,0,3,5,True,False,True,False,3.0,True,4.377629,False,2019-02-19,2025-03-03,Seed,2019,147.66666666666666,True,True,True,True,15.2,6.7,True,True,True,True,True,True,False,False,True,True,False,False,3,2,True,True,False,True,True,True,True,True,True,True,True,True,True,True,True,3,2.0,True,True,False,True,True,False,False,False,False,False,False,True,True,147,2,True,233,49,0.2103004291845493,0.1908686173724129,0.0004833470476976217,0.6794530066224962,0.0,1.6481780695433328,0.0,0.8240890347716664,1.6481780695433328,0.0,0.607134992547911,1.546284018649189,0.9175572768803274,0.0,1.6481780695433328,23.0,1.0,0.3102399054058716,1,0,0,0,0,0,1,1.81,5.707110264748875,False,False,False,False,False,False,,,9.0,19.0
21983,Mainframe Industries,https://www.crunchbase.com/organization/mainframe-industries,Finland,60.1717794,24.9413548,2019,6.0,False,True,False,False,False,False,False,False,False,False,True,False,False,False,0,1,4,True,False,False,False,3.0,True,2.1871,False,2019-10-01,2019-10-01,Series B,2019,52.0,True,True,True,True,2.2,4.2,True,True,True,True,False,False,False,False,False,False,False,False,2,1,True,True,False,True,True,True,True,True,True,True,True,True,True,True,True,2,1.0,True,True,False,True,True,True,True,False,False,False,False,True,False,147,2,True,233,49,0.2103004291845493,0.1908686173724129,0.0004833470476976217,2.927028277679201,0.0,9.27205088307936,0.0,0.0,0.0,0.0,3.902704370238934,9.27205088307936,5.82664240221466,0.0,11.543628191854351,12.0,8.0,0.387709625307654,1,0,0,0,0,0,0,1.81,5.707110264748875,False,False,True,False,True,True,,,9.0,19.0
22141,Lightheart Entertainment,https://www.crunchbase.com/organization/lightheart-entertainment,Finland,60.1717794,24.9413548,2019,1.0,False,True,False,False,False,False,False,False,False,False,True,False,False,False,0,2,3,True,False,False,False,2.0,True,1.4,False,2019-01-01,2020-04-02,Series A,2019,75.66666666666667,True,True,True,True,3.7,7.7,True,True,True,True,False,False,False,False,False,False,True,True,1,1,True,True,False,True,True,True,True,True,True,True,True,True,True,True,True,1,1.0,True,True,False,True,True,True,True,True,False,False,False,True,False,147,2,True,233,49,0.2103004291845493,0.1908686173724129,0.0004833470476976217,5.2102080696167095,0.0,9.012152028409682,9.012152028409682,9.012152028409682,9.012152028409682,0.0,3.3092360902202236,6.618472180440447,6.037029815191022,2.480465236722939,9.012152028409682,7.0,6.0,0.3164391113148159,1,0,0,0,0,0,0,1.81,5.707110264748875,False,False,True,False,True,True,,,9.0,19.0
22155,Finnadvance,https://www.crunchbase.com/organization/finnadvance,Finland,65.0113317,25.4843355,2019,1.0,True,False,False,False,True,False,False,True,False,False,False,False,False,False,1,2,6,True,False,False,False,2.0,True,1.903441,False,2020-04-29,2022-04-08,Seed,2020,25.1,False,False,True,True,9.4,1.4,True,True,True,True,False,False,True,True,True,False,False,False,0,0,False,False,False,False,False,False,False,False,False,False,False,False,False,False,False,9,2.0,True,True,False,True,True,True,True,True,False,False,False,True,False,7,0,False,37,3,0.081081081081081,0.0779615414697117,0.5393187152150493,1.1232297643353368,0.5388457224376022,6.382686141414949,0.5388457224376022,1.2693257748097706,6.382686141414949,0.5388457224376022,0.5388457224376022,0.5388457224376022,1.3487474013026781,0.0,6.74373700651339,3.0,0.0,0.0687619531421999,0,0,0,0,0,0,0,1.81,5.993961427306569,False,False,False,False,False,False,,,2.0,6.0
22375,Adaptio.io,https://www.crunchbase.com/organization/adaptio-io,Finland,60.1717794,24.9413548,2019,4.0,False,True,False,False,False,False,False,False,False,True,False,False,False,False,0,1,1,False,True,True,True,1.0,True,0.226233,True,2019-02-18,2019-02-18,Pre-Seed,2019,76.0,True,True,False,False,2.0,4.0,False,False,True,True,False,False,False,False,True,True,False,False,1,1,True,True,True,True,True,True,True,True,True,True,True,True,True,True,True,1,1.0,True,True,True,True,True,False,False,False,False,False,False,True,True,147,2,True,233,49,0.2103004291845493,0.1908686173724129,0.0004833470476976217,0.0,0.0,0.0,0.0,0.0,0.0,0.0,0.0,0.0,0.0,0.0,0.0,19.0,1.0,0.2921531459171419,1,0,0,0,0,0,1,1.81,5.707110264748875,False,False,False,False,False,False,,,9.0,19.0
22321,Neyra,https://www.crunchbase.com/organization/kira-d6a5,Finland,60.1717794,24.9413548,2019,2.0,True,True,False,False,True,False,False,False,False,True,True,False,False,False,0,1,1,False,True,True,True,1.0,True,0.112945,True,2019-06-12,2019-06-12,Pre-Seed,2019,76.0,True,True,False,False,2.0,4.0,False,False,True,True,False,False,False,False,True,True,False,False,1,1,True,True,True,True,True,True,True,True,True,True,True,True,True,True,True,1,1.0,True,True,True,True,True,False,False,False,False,False,False,True,True,147,2,True,233,49,0.2103004291845493,0.1908686173724129,0.0004833470476976217,0.0,0.0,0.0,0.0,0.0,0.0,0.0,0.0,0.0,0.0,0.0,0.0,19.0,1.0,0.2921531459171419,1,0,0,0,0,0,1,1.81,5.707110264748875,False,False,False,False,False,False,,,9.0,19.0
22236,Attractive.ai,https://www.crunchbase.com/organization/attractive-ai,Finland,60.1717794,24.9413548,2019,3.0,True,True,False,False,True,False,False,False,False,True,False,False,False,False,1,1,5,True,False,False,False,1.0,True,1.0,False,2020-06-08,2020-06-08,Seed,2020,16.4,True,True,True,False,5.0,0.8,False,False,True,True,False,False,False,False,False,False,False,False,2,1,True,True,False,True,True,True,True,True,True,True,True,True,True,True,True,2,1.0,True,True,False,True,True,True,True,False,False,False,False,True,False,147,2,True,233,49,0.2103004291845493,0.1908686173724129,0.0004833470476976217,4.16079676336199,0.0,9.50194008599168,0.0,5.547729017815986,9.50194008599168,0.0,0.0,0.0,6.262015497939439,0.0,9.50194008599168,10.0,0.0,0.1691153217171828,1,0,0,0,0,0,0,1.81,5.993961427306569,False,False,False,False,False,False,,,9.0,19.0
22359,3AWater,https://www.crunchbase.com/organization/3awater,Finland,62.5,28.0,2019,5.0,True,False,False,False,True,False,False,False,False,False,False,False,False,False,1,1,1,False,True,True,True,1.0,True,0.111524,True,2020-01-15,2020-01-15,Pre-Seed,2020,66.0,False,False,True,True,8.0,2.0,False,False,False,False,False,False,False,False,False,False,False,False,0,0,False,False,False,False,False,False,False,False,False,False,False,False,False,False,False,1,1.0,True,True,True,False,False,False,False,False,False,False,False,True,True,5,0,False,8,0,0.0,0.0,0.3062973576418355,0.3053607252268136,0.3053607252268136,0.3053607252268136,0.0,0.0,0.0,0.3053607252268136,0.3053607252268136,0.3053607252268136,0.0,0.0,0.0,1.0,1.0,0.0637308819147395,0,0,0,0,1,1,1,1.81,5.993961427306569,False,False,False,False,False,False,,,0.0,0.6000000000000005
22355,PayPeanuts,https://www.crunchbase.com/organization/paypeanuts,Finland,60.1717794,24.9413548,2019,2.0,False,True,False,False,False,False,False,False,False,False,False,False,False,False,0,1,1,False,True,True,True,1.0,True,0.12,True,2019-03-31,2019-03-31,Pre-Seed,2019,0.0,False,False,True,True,13.0,545.0,False,False,True,True,True,True,False,False,False,False,False,False,0,0,False,False,False,False,False,False,False,False,False,False,False,False,False,False,False,0,0.0,False,False,False,False,False,True,True,True,True,False,False,False,False,147,2,True,233,49,0.2103004291845493,0.1908686173724129,0.0004833470476976217,7.986986508483883,7.986986508483883,7.986986508483883,0.0,0.0,0.0,7.986986508483883,7.986986508483883,7.986986508483883,0.0,0.0,0.0,3.0,7.0,0.2599545988864186,1,0,0,0,0,0,0,1.81,5.707110264748875,False,False,False,False,False,False,,,9.0,19.0
22276,Sense of Space,https://www.crunchbase.com/organization/sense-of-space,Finland,60.1717794,24.9413548,2019,2.0,True,True,False,False,False,False,False,False,False,True,True,False,False,False,0,5,6,True,False,True,False,2.0,True,0.6518,False,2019-04-15,2022-06-21,Pre-Seed,2019,87.14285714285714,True,True,True,False,7.2,3.0,False,False,True,True,True,True,False,False,True,True,False,False,3,3,True,True,False,True,True,True,True,True,True,True,True,True,True,True,True,3,3.0,True,True,False,True,True,True,True,True,False,False,False,True,False,147,2,True,233,49,0.2103004291845493,0.1908686173724129,0.0004833470476976217,1.1305492992467896,0.0,6.618472180440447,0.08241180752014504,2.261098598493579,6.618472180440447,0.0,0.0,0.0,2.243265344660044,0.0,6.649546391729226,21.0,1.0,0.3016081567741223,1,0,0,0,0,0,1,1.81,5.707110264748875,False,False,False,False,False,False,,,9.0,19.0
22260,Uute Scientific Oy,https://www.crunchbase.com/organization/uute-scientific-oy,Finland,60.1717794,24.9413548,2019,4.0,False,True,False,False,True,False,False,True,False,False,False,False,False,False,1,1,1,False,True,False,True,1.0,True,0.275412,True,2020-03-17,2020-03-17,Seed,2020,66.0,False,False,True,True,8.0,2.0,False,False,False,False,False,False,False,False,False,False,False,False,0,0,False,False,False,False,False,False,False,False,False,False,False,False,False,False,False,1,1.0,True,True,True,False,False,False,False,False,False,False,False,True,True,147,2,True,233,49,0.2103004291845493,0.1908686173724129,0.0004833470476976217,0.5388457224376022,0.5388457224376022,0.5388457224376022,0.0,0.0,0.0,0.5388457224376022,0.5388457224376022,0.5388457224376022,0.0,0.0,0.0,8.0,8.0,0.3512303972167651,1,0,0,0,0,0,0,1.81,5.993961427306569,False,False,False,False,False,False,,,9.0,19.0
22435,Snappmeal,https://www.crunchbase.com/organization/snappmeal,Finland,60.1717794,24.9413548,2020,1.0,False,True,False,False,False,False,True,False,False,True,True,False,False,False,0,1,1,False,True,True,True,1.0,True,0.0,True,2020-12-02,2020-12-02,Pre-Seed,2020,52.0,True,True,False,False,2.0,13.0,False,False,False,False,True,True,False,False,False,False,False,False,1,1,True,True,True,True,True,True,True,True,True,True,True,True,True,True,True,1,1.0,True,True,True,True,True,False,False,False,False,False,False,True,True,147,2,True,240,50,0.2083333333333333,0.1892419996385283,0.0004833470476976217,0.0,0.0,0.0,0.0,0.0,0.0,0.0,0.0,0.0,0.0,0.0,0.0,25.0,10.0,0.4749220904838432,1,0,1,0,0,1,1,-5.65,5.993961427306569,False,False,False,False,False,False,,,9.0,19.0
22304,Taimi.love,https://www.crunchbase.com/organization/powder-love,Finland,60.1717794,24.9413548,2020,1.0,False,True,False,False,False,False,True,True,False,False,False,False,False,False,0,1,9,False,False,False,False,0.0,False,0.43,True,2020-04-23,2020-04-23,Seed,2020,9.666666666666666,True,,True,,8.0,0.2,False,,False,,False,,False,,False,,False,,5,0,True,,False,True,,True,,True,,True,,True,,True,,8,,True,,False,True,,True,True,True,False,False,False,True,False,147,2,True,240,50,0.2083333333333333,0.1892419996385283,0.0004833470476976217,0.8299869585214731,0.0,6.74373700651339,0.0,0.8299869585214731,6.74373700651339,0.0,0.0,0.0,1.6145738315295954,0.0,6.74373700651339,8.0,0.0,0.1492082812712644,0,0,0,0,0,0,0,-5.65,5.993961427306569,False,False,False,False,False,False,,,9.0,19.0
22317,Happy Child,https://www.crunchbase.com/organization/happy-child-4547,Finland,60.1717794,24.9413548,2020,1.0,False,True,False,False,True,False,False,True,False,True,False,False,False,False,0,1,1,False,True,True,True,1.0,True,0.11,True,2020-11-30,2020-11-30,Pre-Seed,2020,147.0,False,False,True,True,9.0,6.0,False,False,False,False,True,True,False,False,False,False,False,False,0,0,False,False,False,False,False,False,False,False,False,False,False,False,False,False,False,0,0.0,False,False,False,False,False,True,True,True,True,False,False,False,False,147,2,True,240,50,0.2083333333333333,0.1892419996385283,0.0004833470476976217,6.618472180440447,6.618472180440447,6.618472180440447,0.0,0.0,0.0,6.618472180440447,6.618472180440447,6.618472180440447,0.0,0.0,0.0,0.0,0.0,0.0,0,0,0,0,0,0,0,-5.65,5.993961427306569,False,False,False,False,False,False,,,9.0,19.0
22224,Aatos,https://www.crunchbase.com/organization/aatos,Finland,60.1717794,24.9413548,2020,4.0,False,True,False,False,True,False,False,False,False,False,False,False,False,False,0,2,2,True,False,True,False,1.0,True,1.698232,False,2020-05-15,2021-05-15,Seed,2020,23.333333333333332,True,True,False,False,2.3,1.3,False,False,True,True,False,False,False,False,True,False,False,False,3,1,True,True,True,True,True,True,True,True,True,True,True,True,True,True,True,3,1.0,True,True,True,True,True,False,False,False,False,False,False,True,True,147,2,True,240,50,0.2083333333333333,0.1892419996385283,0.0004833470476976217,0.0,0.0,0.0,0.0,0.0,0.0,0.0,0.0,0.0,0.0,0.0,0.0,4.0,1.0,0.154629239632742,0,0,0,0,0,0,0,-5.65,5.993961427306569,False,False,False,False,False,False,,,9.0,19.0
22192,Port 6,https://www.crunchbase.com/organization/port-6,Finland,60.83333,26.0,2020,2.0,True,False,False,False,True,False,False,False,False,True,False,False,False,False,0,1,3,True,False,False,False,1.0,True,1.214885,False,2020-12-14,2020-12-14,Seed,2020,36.666666666666664,True,False,True,True,3.5,2.0,False,False,True,True,False,False,False,False,False,False,False,False,0,0,False,False,False,True,False,False,False,False,False,False,False,False,False,False,False,1,0.0,True,False,False,True,True,True,True,True,False,False,False,True,False,32,0,False,62,11,0.1774193548387097,0.1633250561032996,0.09398058736034391,2.2985928027344245,0.09364994887113248,6.632060563906966,0.09364994887113248,3.362855256389049,6.632060563906966,0.1700678954251751,0.1700678954251751,0.1700678954251751,4.450143459896606,0.08241180752014504,6.649546391729226,5.0,0.0,0.1089851172067322,0,0,0,0,0,0,1,-5.65,5.993961427306569,False,False,False,False,False,False,,,2.0,5.0
22206,Adamant Health,https://www.crunchbase.com/organization/adamant-health,Finland,62.5,28.0,2020,2.0,False,False,False,False,False,False,False,True,False,False,False,False,False,False,0,2,3,True,False,True,False,1.0,True,2.291337,False,2020-12-15,2022-06-13,Seed,2020,13.8,False,False,True,True,45.6,0.4,True,True,True,True,False,False,False,False,False,False,False,False,0,0,False,False,False,False,False,False,False,False,False,False,False,False,False,False,False,4,1.0,True,True,False,True,True,False,False,False,False,True,False,True,True,5,0,False,9,0,0.0,0.0,0.3062973576418355,0.6011410527380674,0.3053607252268136,1.7831293686420557,0.3053607252268136,0.6749445103482525,1.7831293686420557,0.305927222297327,0.305927222297327,0.305927222297327,0.8901672375867523,0.0,1.8703742185745558,0.0,0.0,0.0,0,0,0,0,1,1,0,-5.65,5.993961427306569,False,False,False,False,False,False,,,0.0,0.6000000000000005
22010,Yahaha,https://www.crunchbase.com/organization/bolygon,Finland,60.1717794,24.9413548,2020,1.0,False,True,False,False,False,False,False,False,False,True,True,False,False,False,0,1,3,True,False,True,False,1.0,True,0.0,True,2020-07-18,2020-07-18,Series A,2020,314.0,False,False,True,True,10.3,35.0,False,False,True,False,False,False,False,False,False,False,False,False,0,0,False,False,False,False,False,False,False,False,False,False,False,False,False,False,False,0,0.0,False,False,False,False,False,True,True,False,False,False,False,False,False,147,2,True,240,49,0.2041666666666666,0.1857877647704408,0.0004833470476976217,6.67322929861188,6.321054477128991,7.377578941577658,6.321054477128991,6.321054477128991,6.321054477128991,7.377578941577658,7.377578941577658,7.377578941577658,0.7136932697039919,0.0,1.070539904555988,0.0,0.0,0.0,0,0,0,0,0,0,0,-5.65,5.993961427306569,False,True,True,True,True,True,,,9.0,19.0
22009,Flow AI,https://www.crunchbase.com/organization/flowrite,Finland,60.1717794,24.9413548,2020,1.0,True,True,False,False,True,False,False,False,False,True,False,False,False,False,0,2,10,True,False,True,False,3.0,True,5.06,False,2020-12-01,2021-11-26,Seed,2020,115.58333333333331,True,True,True,True,9.7,19.7,False,False,True,True,True,True,False,False,True,True,False,False,4,1,True,True,False,True,True,True,True,True,True,True,True,True,True,True,True,4,1.0,True,True,False,True,True,True,True,False,False,True,False,True,False,147,2,True,240,50,0.2083333333333333,0.1892419996385283,0.0004833470476976217,1.0183822610502287,0.0,2.4360622276374455,0.0,1.0340343883829222,2.4360622276374455,0.0,0.9766432548297135,1.823299526556456,1.2271432694011313,0.0,2.4360622276374455,28.0,16.0,0.5257799200770713,1,1,1,1,0,1,1,-5.65,5.993961427306569,False,False,False,False,False,False,,,9.0,19.0
22001,Enifer,https://www.crunchbase.com/organization/eniferbio,Finland,60.83333,26.0,2020,5.0,True,False,False,False,True,False,True,True,False,False,False,False,False,False,0,1,2,True,False,False,False,1.0,True,1.186249,False,2020-10-23,2020-10-23,Series B,2020,23.5,True,True,False,False,0.5,0.5,True,True,True,True,False,False,False,False,False,False,False,False,0,0,False,False,False,True,True,False,False,False,False,False,False,False,False,False,False,2,1.0,True,True,True,True,True,False,False,False,False,False,False,True,True,32,0,False,62,11,0.1774193548387097,0.1633250561032996,0.09398058736034391,0.09364994887113248,0.09364994887113248,0.09364994887113248,0.09364994887113248,0.09364994887113248,0.09364994887113248,0.09364994887113248,0.09364994887113248,0.09364994887113248,0.0,0.0,0.0,1.0,0.0,0.0,0,0,0,0,0,0,0,-5.65,5.993961427306569,False,False,True,False,True,True,,,2.0,5.0
22038,Munchfam,https://www.crunchbase.com/organization/munchfam,Finland,60.1717794,24.9413548,2020,5.0,False,True,False,False,False,True,True,False,False,True,False,False,False,False,0,3,4,True,False,True,False,3.0,True,1.595956,False,2020-10-01,2024-10-10,Seed,2020,24.833333333333332,True,False,True,True,6.0,2.7,False,False,True,True,False,False,False,False,True,True,False,False,1,0,True,False,False,True,False,True,False,True,False,True,False,True,False,True,False,1,0.0,True,False,False,True,True,False,False,False,False,False,False,True,True,147,2,True,240,50,0.2083333333333333,0.1892419996385283,0.0004833470476976217,0.9012620054648772,0.0,2.603816686449834,0.0,0.19800837711318506,0.3960167542263701,0.3960167542263701,1.252888819640723,2.603816686449834,1.1390323269829106,0.0,2.603816686449834,3.0,2.0,0.1697730111149502,1,0,0,0,0,0,0,-5.65,5.993961427306569,False,False,False,False,False,False,,,9.0,19.0
1562,BerGenBio,https://www.crunchbase.com/organization/bergenbio,Norway,60.39299,5.32415,2007,2.0,True,False,False,False,True,False,False,True,False,False,False,False,False,False,4,1,2,True,False,False,False,1.0,True,1.3,False,2011-03-02,2011-03-02,Post-IPO Equity,2011,7.0,True,True,True,False,3.0,2.5,True,True,False,False,False,False,False,False,False,False,False,False,1,1,True,True,False,True,True,True,True,True,True,True,True,True,True,True,True,2,1.0,True,True,True,True,False,False,False,False,False,False,False,True,True,7,0,False,0,0,0.0,0.0,0.30427361317826307,0.15246688717086415,0.0,0.3049337743417283,0.3049337743417283,0.3049337743417283,0.3049337743417283,0.0,0.0,0.0,0.3049337743417283,0.3049337743417283,0.3049337743417283,0.0,0.0,0.0,0,0,0,0,1,1,1,3.16,4.856706811803519,True,True,False,True,True,True,2017-04-06,10.0,0.0,0.0
1575,Planktonic AS,https://www.crunchbase.com/organization/planktonic-as,Norway,63.5,11.0,2008,2.0,True,False,False,False,True,False,True,True,False,True,False,False,False,False,11,1,1,False,True,False,True,1.0,True,1.051451,False,2019-01-18,2019-01-18,Seed,2019,87.0,True,True,False,False,11.0,23.0,False,False,False,False,False,False,False,False,False,False,False,False,1,1,True,True,True,True,True,True,True,True,True,True,True,True,True,True,True,1,1.0,True,True,True,False,False,False,False,False,False,False,False,True,True,7,0,False,2,2,1.0,0.6931471805599453,0.3990558334953436,0.0,0.0,0.0,0.0,0.0,0.0,0.0,0.0,0.0,0.0,0.0,0.0,2.0,0.0,0.0402231640645322,0,0,0,0,1,1,1,0.64,5.303304908059076,False,False,False,False,False,False,,,0.0,1.2000000000000002
1679,GasSecure,https://www.crunchbase.com/organization/gassecure,Norway,59.9723975,10.7757292,2008,2.0,True,True,True,True,True,False,False,False,False,True,False,True,False,False,1,1,2,False,False,False,False,0.0,False,0.0,True,2009-12-04,2009-12-04,Venture - Series Unknown,2009,28.0,False,,True,,4.0,6.5,False,,False,,False,,False,,False,,False,,0,0,False,,False,False,,False,,False,,False,,False,,False,,2,,True,,True,False,,False,False,False,False,False,False,True,True,117,1,True,1,1,1.0,0.6931471805599453,0.0068796624669323235,0.39242857586787727,0.39242857586787727,0.39242857586787727,0.39242857586787727,0.39242857586787727,0.39242857586787727,0.0,0.0,0.0,0.0,0.0,0.0,0.0,0.0,0.0,0,0,0,0,0,0,0,0.64,4.859812404361672,True,False,True,True,True,True,2015-03-10,7.0,6.0,7.600000000000008
1501,Nordic Nanovector,https://www.crunchbase.com/organization/nordic-nanovector,Norway,59.9723975,10.7757292,2009,3.0,True,True,False,False,True,False,False,True,False,False,False,False,False,False,1,1,1,False,True,False,False,0.0,False,0.0,True,2010-01-01,2010-01-01,Post-IPO Equity,2010,7.0,True,,False,,0.0,4.0,True,,False,,False,,False,,False,,False,,1,0,True,,True,True,,True,,True,,True,,True,,True,,1,,True,,True,True,,False,False,False,False,False,False,True,True,117,1,True,4,2,0.5,0.4054651081081644,0.0068796624669323235,0.0,0.0,0.0,0.0,0.0,0.0,0.0,0.0,0.0,0.0,0.0,0.0,0.0,0.0,0.0,0,0,0,0,0,0,0,-4.35,5.0466457316192885,True,False,False,True,True,True,2020-11-30,11.0,6.0,7.600000000000008
1638,AblePay Technologies,https://www.crunchbase.com/organization/ablepay-technologies,Norway,63.5,11.0,2009,1.0,True,False,False,False,False,False,False,False,True,True,False,False,False,False,8,1,4,False,False,False,False,0.0,False,0.16,True,2017-03-06,2017-03-06,Seed,2017,42.0,True,,True,,9.0,8.5,False,,False,,True,,False,,True,,False,,2,0,True,,False,True,,True,,True,,True,,True,,True,,4,,True,,True,True,,False,False,False,False,False,False,True,True,7,0,False,3,2,0.6666666666666666,0.5108256237659906,0.3990558334953436,0.19621428793393864,0.0,0.39242857586787727,0.0,0.19621428793393864,0.39242857586787727,0.0,0.0,0.0,0.26161905057858487,0.0,0.39242857586787727,0.0,0.0,0.0,0,0,0,0,1,1,0,-4.35,4.330733340286331,False,False,False,False,False,False,,,0.0,1.2000000000000002
1667,Beat Technology,https://www.crunchbase.com/organization/beat-no,Norway,60.91845,4.90443,2009,1.0,False,False,False,False,False,True,False,False,False,True,True,False,False,False,1,1,1,False,True,False,False,0.0,False,0.0,True,2010-12-27,2010-12-27,Seed,2010,25.0,False,,True,,7.0,5.0,False,,False,,False,,False,,False,,False,,0,0,False,,False,False,,False,,False,,False,,False,,False,,1,,True,,True,False,,False,False,False,False,False,False,True,True,0,0,False,0,0,0.0,0.0,0.33909944003399023,0.23381461170983275,0.23381461170983275,0.23381461170983275,0.23381461170983275,0.23381461170983275,0.23381461170983275,0.0,0.0,0.0,0.0,0.0,0.0,0.0,0.0,0.0,0,0,0,0,1,1,1,-4.35,5.0466457316192885,False,False,False,False,False,False,,,0.0,0.0
1693,Pinovo,https://www.crunchbase.com/organization/pinovo,Norway,60.31821,5.35317,2009,1.0,True,False,False,False,True,False,False,False,False,True,False,False,False,False,10,1,1,False,True,False,True,1.0,True,0.0,True,2019-12-23,2019-12-23,Seed,2019,39.0,False,False,True,True,1.0,0.0,True,True,False,False,True,True,False,False,False,False,False,False,0,0,False,False,False,False,False,False,False,False,False,False,False,False,False,False,False,1,1.0,True,True,True,True,True,False,False,False,False,False,False,True,True,7,0,False,1,1,1.0,0.6931471805599453,0.30167762847484103,0.3025201877017466,0.3025201877017466,0.3025201877017466,0.0,0.0,0.0,0.3025201877017466,0.3025201877017466,0.3025201877017466,0.0,0.0,0.0,0.0,0.0,0.0,0,0,0,0,1,1,1,-4.35,5.303304908059076,False,False,False,False,False,False,,,0.0,0.0
1694,Havkraft,https://www.crunchbase.com/organization/havkraft,Norway,61.98501,5.13796,2009,1.0,True,False,True,False,False,False,False,False,False,False,False,True,False,False,1,1,1,False,True,False,False,0.0,False,0.0,True,2010-12-28,2010-12-28,Seed,2010,25.0,False,,True,,7.0,5.0,False,,False,,False,,False,,False,,False,,0,0,False,,False,False,,False,,False,,False,,False,,False,,1,,True,,True,False,,False,False,False,False,False,False,True,True,0,0,False,0,0,0.0,0.0,0.3799525516574699,0.13312375943310004,0.13312375943310004,0.13312375943310004,0.13312375943310004,0.13312375943310004,0.13312375943310004,0.0,0.0,0.0,0.0,0.0,0.0,0.0,0.0,0.0,0,0,0,0,1,1,1,-4.35,5.0466457316192885,False,False,False,False,False,False,,,0.0,0.0
1559,Dele Health Tech,https://www.crunchbase.com/organization/iglobaltracking-as,Norway,59.9723975,10.7757292,2011,2.0,True,True,False,False,False,True,False,True,False,True,False,False,False,False,7,1,1,False,True,False,True,1.0,True,1.410051,False,2018-12-20,2018-12-20,Seed,2018,87.0,False,False,True,True,10.0,23.0,False,False,False,False,False,False,False,False,False,False,False,False,0,0,False,False,False,False,False,False,False,False,False,False,False,False,False,False,False,1,1.0,True,True,True,False,False,False,False,False,False,False,False,True,True,117,1,True,7,3,0.4285714285714285,0.3566749439387323,0.0068796624669323235,0.39242857586787727,0.39242857586787727,0.39242857586787727,0.0,0.0,0.0,0.39242857586787727,0.39242857586787727,0.39242857586787727,0.0,0.0,0.0,7.0,0.0,0.1375239062843998,0,0,0,0,0,0,0,1.9,4.61512051684126,False,False,False,False,False,False,,,6.0,7.600000000000008
1489,Fuse,https://www.crunchbase.com/organization/fuse-2,Norway,59.9723975,10.7757292,2011,3.0,True,True,False,False,False,False,False,False,False,True,False,False,False,False,3,2,2,True,False,False,False,2.0,True,6.3,False,2014-06-12,2015-01-27,Series A,2014,109.5,True,True,True,True,16.0,30.0,False,False,True,True,False,False,False,False,False,False,False,False,2,1,True,True,False,True,True,True,True,True,True,True,True,True,True,True,True,2,1.0,True,True,False,True,True,False,False,False,False,False,False,True,True,117,1,True,7,3,0.4285714285714285,0.3566749439387323,0.0068796624669323235,0.5809214643735572,0.0,1.1618429287471144,0.0,0.5809214643735572,1.1618429287471144,0.0,0.5809214643735572,1.1618429287471144,0.7745619524980762,0.0,1.1618429287471144,1.0,0.0,0.0,0,0,0,0,0,0,0,1.9,4.330733340286331,False,False,True,False,True,True,,,6.0,7.600000000000008
1492,GlucoSet,https://www.crunchbase.com/organization/glucoset,Norway,63.5,11.0,2011,3.0,True,False,False,False,False,False,False,True,False,False,False,False,False,False,4,1,1,False,True,False,True,1.0,True,0.0,True,2015-04-09,2015-04-09,Series A,2015,25.0,False,False,True,True,22.0,5.0,False,False,False,False,False,False,False,False,False,False,False,False,0,0,False,False,False,False,False,False,False,False,False,False,False,False,False,False,False,1,1.0,True,True,True,True,True,False,False,False,False,False,False,True,True,7,0,False,4,2,0.5,0.4054651081081644,0.3990558334953436,0.39242857586787727,0.39242857586787727,0.39242857586787727,0.0,0.0,0.0,0.39242857586787727,0.39242857586787727,0.39242857586787727,0.0,0.0,0.0,0.0,0.0,0.0,0,0,0,0,1,1,0,1.9,4.330733340286331,False,False,True,False,True,True,,,0.0,1.2000000000000002
1413,Xeneta,https://www.crunchbase.com/organization/xeneta,Norway,59.9723975,10.7757292,2012,3.0,True,True,False,False,True,False,False,False,False,True,False,False,False,False,1,2,3,True,False,False,False,1.0,True,3.212785,False,2013-04-11,2014-03-02,Series D,2013,117.0,True,False,True,True,8.7,31.0,False,False,True,True,False,False,False,False,True,False,False,False,1,0,True,False,False,True,False,True,False,True,False,True,False,True,False,True,False,1,0.0,True,False,False,True,True,False,False,False,False,True,False,True,True,117,1,True,12,4,0.3333333333333333,0.2876820724517809,0.0068796624669323235,0.4192737270007086,0.0,0.8451954661380524,0.0,0.4225977330690262,0.8451954661380524,0.4159497209323909,0.4159497209323909,0.4159497209323909,0.549924890170807,0.0,0.8451954661380524,0.0,0.0,0.0,0,0,0,0,0,0,0,-0.7,3.92395157629342,False,True,True,True,True,True,,,6.0,7.600000000000008
1663,Foodback,https://www.crunchbase.com/organization/foodback-4249,Norway,58.9699675,5.7318101,2012,4.0,True,False,False,False,True,False,True,False,False,True,False,False,False,False,5,1,1,False,True,True,True,1.0,True,0.0,True,2017-01-05,2017-01-05,Undisclosed,2017,4.0,True,True,False,False,2.0,1.0,False,False,False,False,True,True,False,False,False,False,False,False,1,1,True,True,True,True,True,True,True,True,True,True,True,True,True,True,True,1,1.0,True,True,True,False,False,False,False,False,False,False,False,True,True,15,0,False,0,0,0.0,0.0,0.3017902841292199,0.0,0.0,0.0,0.0,0.0,0.0,0.0,0.0,0.0,0.0,0.0,0.0,0.0,0.0,0.0,0,0,0,0,1,1,1,-0.7,4.330733340286331,False,False,False,False,False,False,,,0.0,0.0
1687,LISTEN AS,https://www.crunchbase.com/organization/listen-as,Norway,59.9723975,10.7757292,2012,1.0,True,True,False,False,False,True,False,True,False,True,False,False,False,False,1,1,1,False,True,False,True,1.0,True,0.0,True,2013-06-01,2013-06-01,Seed,2013,24.0,False,False,True,True,9.0,5.0,False,False,False,False,False,False,False,False,False,False,False,False,0,0,False,False,False,False,False,False,False,False,False,False,False,False,False,False,False,1,1.0,True,True,True,False,False,False,False,False,False,False,False,True,True,117,1,True,12,5,0.4166666666666667,0.3483066942682158,0.0068796624669323235,0.39242857586787727,0.39242857586787727,0.39242857586787727,0.0,0.0,0.0,0.39242857586787727,0.39242857586787727,0.39242857586787727,0.0,0.0,0.0,2.0,0.0,0.0402231640645322,0,0,0,0,0,0,0,-0.7,3.92395157629342,False,False,False,False,False,False,,,6.0,7.600000000000008
1701,Listnerd,https://www.crunchbase.com/organization/listnerd,Norway,59.9723975,10.7757292,2012,1.0,False,True,False,False,False,False,False,False,False,True,True,False,False,False,1,2,3,False,False,False,False,0.0,False,0.7,False,2013-08-15,2014-01-13,Seed,2013,2.0,True,,True,,8.5,66.3,False,,True,,True,,False,,False,,False,,2,0,True,,False,True,,True,,True,,True,,True,,True,,2,,True,,False,True,,True,True,True,False,False,False,True,False,117,1,True,12,5,0.4166666666666667,0.3483066942682158,0.0068796624669323235,2.787816590838729,0.0,8.363449772516187,0.0,2.787816590838729,8.363449772516187,0.0,0.0,0.0,5.575633181677458,0.0,8.363449772516187,0.0,0.0,0.0,0,0,0,0,0,0,0,-0.7,3.92395157629342,False,False,False,False,False,False,,,6.0,7.600000000000008
1542,Viva Labs,https://www.crunchbase.com/organization/viva-labs,Norway,59.9723975,10.7757292,2012,2.0,False,True,True,False,True,True,False,False,False,True,False,True,True,False,3,1,2,False,False,False,False,0.0,False,0.435,True,2015-03-20,2015-03-20,Venture - Series Unknown,2015,68.5,True,,True,,5.0,14.0,False,,False,,True,,False,,True,,False,,1,0,True,,False,True,,True,,True,,True,,True,,True,,2,,True,,True,True,,False,False,False,False,False,False,True,True,117,1,True,12,5,0.4166666666666667,0.3483066942682158,0.0068796624669323235,0.19621428793393864,0.0,0.39242857586787727,0.0,0.19621428793393864,0.39242857586787727,0.0,0.0,0.0,0.39242857586787727,0.39242857586787727,0.39242857586787727,2.0,0.0,0.0402231640645322,0,0,0,0,0,0,0,-0.7,4.330733340286331,False,False,True,False,True,True,,,6.0,7.600000000000008
1603,Tag Sensors,https://www.crunchbase.com/organization/tag-sensors,Norway,67.0727278,14.5740001,2012,1.0,True,False,False,False,True,False,True,True,False,False,False,False,False,False,6,1,1,False,True,False,False,0.0,False,3.500998,False,2018-03-20,2018-03-20,Venture - Series Unknown,2018,22.0,False,,True,,4.0,4.0,True,,False,,True,,False,,False,,True,,0,0,False,,False,False,,False,,False,,False,,False,,False,,0,,False,,False,True,,False,False,False,False,False,False,True,True,0,0,False,0,0,0.0,0.0,0.818139575489964,1.9124881760412455,1.9124881760412455,1.9124881760412455,1.9124881760412455,1.9124881760412455,1.9124881760412455,0.0,0.0,0.0,0.0,0.0,0.0,0.0,0.0,0.0,0,0,0,0,1,1,1,-0.7,4.61512051684126,False,False,True,False,True,True,,,0.0,0.0
1519,SpinChip Diagnostics,https://www.crunchbase.com/organization/spinchip-diagnostics,Norway,59.9723975,10.7757292,2012,1.0,True,True,False,False,True,False,False,True,False,False,False,False,False,False,1,1,1,False,True,False,True,1.0,True,0.0,True,2013-06-01,2013-06-01,Venture - Series Unknown,2013,24.0,False,False,True,True,9.0,5.0,False,False,False,False,False,False,False,False,False,False,False,False,0,0,False,False,False,False,False,False,False,False,False,False,False,False,False,False,False,1,1.0,True,True,True,False,False,False,False,False,False,False,False,True,True,117,1,True,12,4,0.3333333333333333,0.2876820724517809,0.0068796624669323235,0.39242857586787727,0.39242857586787727,0.39242857586787727,0.0,0.0,0.0,0.39242857586787727,0.39242857586787727,0.39242857586787727,0.0,0.0,0.0,2.0,0.0,0.0402231640645322,0,0,0,0,0,0,0,-0.7,3.92395157629342,True,False,True,True,True,True,2025-01-13,13.0,6.0,7.600000000000008
1529,Swarm64,https://www.crunchbase.com/organization/swarm64,Norway,59.9723975,10.7757292,2013,3.0,True,True,False,False,False,False,False,False,False,True,False,False,False,False,0,1,2,True,False,False,False,1.0,True,0.749422,False,2013-08-25,2013-08-25,Series B,2013,3.0,True,True,False,False,0.0,1.5,False,False,False,False,False,False,False,False,False,False,False,False,2,1,True,True,True,True,True,True,True,True,True,True,True,True,True,True,True,2,1.0,True,True,True,True,True,False,False,False,False,False,False,True,True,117,1,True,18,7,0.3888888888888889,0.328504066972036,0.0068796624669323235,0.0,0.0,0.0,0.0,0.0,0.0,0.0,0.0,0.0,0.0,0.0,0.0,0.0,0.0,0.0,0,0,0,0,0,0,0,-0.08,3.92395157629342,True,False,True,True,True,True,2021-08-05,8.0,6.0,7.600000000000008
1477,Timely,https://www.crunchbase.com/organization/timely,Norway,59.9723975,10.7757292,2013,1.0,True,True,False,False,True,False,False,False,False,True,False,False,False,False,3,1,2,True,False,False,False,1.0,True,1.0,False,2016-05-11,2016-05-11,Seed,2016,24.0,True,True,True,False,3.0,204.5,False,False,True,False,True,False,True,False,True,False,False,False,1,1,True,True,False,True,True,True,True,True,True,True,True,True,True,True,True,1,1.0,True,True,False,True,True,True,True,True,False,False,False,True,False,117,1,True,18,8,0.4444444444444444,0.3677247801253173,0.0068796624669323235,4.166997197712735,0.0,8.33399439542547,8.33399439542547,8.33399439542547,8.33399439542547,0.0,0.0,0.0,8.33399439542547,8.33399439542547,8.33399439542547,7.0,5.0,0.3022658461718897,1,0,0,0,0,0,0,-0.08,4.330733340286331,False,False,False,False,False,False,,,6.0,7.600000000000008
1469,Disruptive Technologies,https://www.crunchbase.com/organization/disruptive-technologies-2,Norway,60.39299,5.32415,2013,4.0,True,False,False,False,True,False,False,False,False,True,False,False,False,False,1,2,2,False,False,False,False,0.0,False,0.0,True,2014-01-01,2015-01-01,Venture - Series Unknown,2014,44.0,False,,True,,0.5,5.5,False,,False,,False,,False,,False,,False,,0,0,False,,False,False,,False,,False,,False,,False,,False,,1,,True,,False,True,,False,False,False,False,False,False,True,True,7,0,False,4,1,0.25,0.2231435513142097,0.30427361317826307,0.6755138562065872,0.3049337743417283,1.0460939380714462,0.3049337743417283,0.6755138562065872,1.0460939380714462,0.0,0.0,0.0,1.1618429287471144,1.1618429287471144,1.1618429287471144,0.0,0.0,0.0,0,0,0,0,1,1,1,-0.08,4.330733340286331,False,False,True,False,True,True,,,0.0,0.0
1445,Momentum,https://www.crunchbase.com/organization/momentum-partners-as,Norway,60.39299,5.32415,2013,2.0,True,False,False,False,False,False,False,False,True,False,False,False,False,False,4,1,1,False,True,False,False,0.0,False,0.0,True,2017-01-01,2017-01-01,Seed,2017,83.0,False,,True,,1.0,5.0,False,,False,,False,,False,,False,,False,,0,0,False,,False,False,,False,,False,,False,,False,,False,,0,,False,,False,False,,True,True,True,True,False,False,False,False,7,0,False,4,1,0.25,0.2231435513142097,0.30427361317826307,8.108993545012684,8.108993545012684,8.108993545012684,8.108993545012684,8.108993545012684,8.108993545012684,0.0,0.0,0.0,0.0,0.0,0.0,0.0,0.0,0.0,0,0,0,0,1,1,1,-0.08,4.330733340286331,False,False,False,False,False,False,,,0.0,0.0
1448,wheel.me,https://www.crunchbase.com/organization/wheel-me,Norway,59.9723975,10.7757292,2013,2.0,True,True,False,False,True,True,False,False,False,True,False,False,False,False,4,1,1,False,True,False,False,0.0,False,0.209789,True,2017-02-17,2017-02-17,Private Equity,2017,19.0,True,,False,,0.0,1.0,False,,False,,False,,False,,False,,False,,1,0,True,,True,True,,True,,True,,True,,True,,True,,1,,True,,True,True,,False,False,False,False,False,False,True,True,117,1,True,18,7,0.3888888888888889,0.328504066972036,0.0068796624669323235,0.0,0.0,0.0,0.0,0.0,0.0,0.0,0.0,0.0,0.0,0.0,0.0,0.0,0.0,0.0,0,0,0,0,0,0,0,-0.08,4.330733340286331,False,True,True,True,True,True,,,6.0,7.600000000000008
1458,Memory,https://www.crunchbase.com/organization/memory-ai,Norway,59.9723975,10.7757292,2013,1.0,True,True,False,False,True,False,False,False,False,True,False,False,False,False,3,1,3,True,False,False,False,1.0,True,1.0,False,2016-05-11,2016-05-11,Series A,2016,64.5,True,True,True,False,14.0,142.7,False,False,True,False,True,False,True,False,True,False,False,False,1,1,True,True,False,True,True,True,True,True,True,True,True,True,True,True,True,1,1.0,True,True,False,True,True,True,True,True,False,False,False,True,False,117,1,True,18,8,0.4444444444444444,0.3677247801253173,0.0068796624669323235,4.7493319681145705,0.0,8.33399439542547,5.9140015089182425,7.123997952171856,8.33399439542547,0.0,0.0,0.0,6.125636687448227,4.12891415800097,8.33399439542547,7.0,4.0,0.2855024315141825,1,0,0,0,0,0,0,-0.08,4.330733340286331,False,False,True,False,True,True,,,6.0,7.600000000000008
1702,Peppster,https://www.crunchbase.com/organization/peppster,Norway,59.1707157,5.4446703,2013,1.0,False,False,False,False,False,True,False,False,False,True,False,False,False,False,3,1,1,False,True,False,True,1.0,True,0.0,True,2016-01-01,2016-01-01,Seed,2016,543.0,False,False,True,True,7.0,50.0,False,False,True,True,False,False,False,False,False,False,False,False,0,0,False,False,False,False,False,False,False,False,False,False,False,False,False,False,False,0,0.0,False,False,False,True,True,False,False,False,False,False,False,True,True,15,0,False,0,0,0.0,0.0,0.309533858927863,0.7170261804125613,0.7170261804125613,0.7170261804125613,0.0,0.0,0.0,0.7170261804125613,0.7170261804125613,0.7170261804125613,0.0,0.0,0.0,0.0,0.0,0.0,0,0,0,0,1,1,1,-0.08,4.330733340286331,False,False,False,False,False,False,,,0.0,0.0
1683,Techpear,https://www.crunchbase.com/organization/techpear,Norway,59.9723975,10.7757292,2013,3.0,True,True,False,False,True,False,False,False,False,True,False,False,False,False,1,1,1,False,True,False,False,0.0,False,0.1,True,2014-11-01,2014-11-01,Seed,2014,0.0,False,,True,,4.0,406.0,False,,True,,True,,True,,True,,False,,0,0,False,,False,False,,False,,False,,False,,False,,False,,0,,False,,False,False,,True,True,True,True,False,False,False,False,117,1,True,18,8,0.4444444444444444,0.3677247801253173,0.0068796624669323235,8.33399439542547,8.33399439542547,8.33399439542547,8.33399439542547,8.33399439542547,8.33399439542547,0.0,0.0,0.0,0.0,0.0,0.0,0.0,0.0,0.0,0,0,0,0,0,0,0,-0.08,4.330733340286331,False,False,False,False,False,False,,,6.0,7.600000000000008
1614,Eventum,https://www.crunchbase.com/organization/eventum,Norway,59.9723975,10.7757292,2014,3.0,False,True,False,False,False,True,False,False,False,False,True,False,False,False,2,1,1,False,True,False,True,1.0,True,1.075,False,2016-12-01,2016-12-01,Seed,2016,47.0,True,True,False,False,15.0,9.0,False,False,False,False,False,False,False,False,False,False,False,False,1,1,True,True,True,True,True,True,True,True,True,True,True,True,True,True,True,1,1.0,True,True,True,True,True,False,False,False,False,False,False,True,True,117,1,True,25,13,0.52,0.418710334858185,0.0068796624669323235,0.0,0.0,0.0,0.0,0.0,0.0,0.0,0.0,0.0,0.0,0.0,0.0,2.0,0.0,0.0402231640645322,0,0,0,0,0,0,0,1.6,4.330733340286331,False,False,False,False,False,False,,,6.0,7.600000000000008
1626,Dimension10,https://www.crunchbase.com/organization/dimension10,Norway,59.9723975,10.7757292,2014,1.0,True,True,False,False,False,True,False,False,False,True,False,False,False,False,3,1,2,True,False,False,False,1.0,True,0.550264,False,2017-07-14,2017-07-14,Seed,2017,184.0,False,False,True,True,7.0,29.5,True,True,True,True,False,False,False,False,False,False,False,False,0,0,False,False,False,False,False,False,False,False,False,False,False,False,False,False,False,1,0.0,True,False,False,False,False,True,True,True,False,False,False,True,False,117,1,True,25,12,0.48,0.3920420877760237,0.0068796624669323235,4.3763109168996435,0.39242857586787727,8.360193257931408,0.39242857586787727,0.39242857586787727,0.39242857586787727,8.360193257931408,8.360193257931408,8.360193257931408,8.054121504340358,8.054121504340358,8.054121504340358,4.0,1.0,0.154629239632742,0,0,0,0,0,0,0,1.6,4.330733340286331,True,False,False,True,True,True,2021-06-24,7.0,6.0,7.600000000000008
1531,Skitude,https://www.crunchbase.com/organization/skitude,Norway,59.9723975,10.7757292,2014,3.0,True,True,False,False,False,True,False,False,False,True,True,False,False,False,2,3,5,True,False,False,False,1.0,True,1.426126,False,2016-10-31,2018-06-01,Private Equity,2016,36.77777777777778,False,False,True,True,12.6,3.4,False,False,True,True,False,False,True,False,False,False,False,False,0,0,False,False,False,False,False,False,False,False,False,False,False,False,False,False,False,0,0.0,False,False,False,True,False,False,False,False,False,False,False,True,True,117,1,True,25,12,0.48,0.3920420877760237,0.0068796624669323235,2.2192166841499255,2.0733158025188922,2.4089854590817286,2.0733158025188922,2.1954955872834505,2.4089854590817286,2.4089854590817286,2.4089854590817286,2.4089854590817286,0.18462766981149187,0.0,0.38778203941524075,0.0,0.0,0.0,0,0,0,0,0,0,0,1.6,4.330733340286331,True,False,True,True,True,True,2020-12-18,6.0,6.0,7.600000000000008
1486,Defigo,https://www.crunchbase.com/organization/defigo,Norway,59.9723975,10.7757292,2014,2.0,True,True,False,False,False,False,False,False,False,True,False,False,False,False,3,6,7,True,False,True,False,1.0,True,9.19086,False,2017-11-03,2022-01-18,Seed,2017,8.615384615384615,True,True,True,False,14.1,0.6,False,False,False,False,False,False,False,False,False,False,False,False,9,4,True,True,False,True,True,True,True,True,True,True,True,True,True,True,True,9,4.0,True,True,False,True,True,False,False,False,False,False,False,True,True,117,1,True,25,13,0.52,0.418710334858185,0.0068796624669323235,0.04805502940853187,0.0,0.4805502940853187,0.0,0.08009171568088645,0.4805502940853187,0.0,0.0,0.0,0.09611005881706372,0.0,0.4805502940853187,4.0,4.0,0.2388768829477851,1,0,0,0,0,0,0,1.6,4.330733340286331,False,False,False,False,False,False,,,6.0,7.600000000000008
1435,Tise,https://www.crunchbase.com/organization/tise,Norway,59.9723975,10.7757292,2014,2.0,False,True,False,False,False,True,False,False,False,True,True,True,False,False,4,2,2,False,False,False,False,0.0,False,0.0,True,2018-05-15,2019-11-01,Venture - Series Unknown,2018,24.5,True,,False,,2.0,1.5,False,,False,,False,,False,,False,,False,,2,0,True,,True,True,,True,,True,,True,,True,,True,,2,,True,,True,True,,False,False,False,False,False,False,True,True,117,1,True,25,12,0.48,0.3920420877760237,0.0068796624669323235,0.0,0.0,0.0,0.0,0.0,0.0,0.0,0.0,0.0,0.0,0.0,0.0,4.0,3.0,0.2183601215474815,1,0,0,0,0,0,0,1.6,4.61512051684126,False,True,True,True,True,True,,,6.0,7.600000000000008
1434,Shoreline,https://www.crunchbase.com/organization/shoreline,Norway,58.9699675,5.7318101,2014,1.0,True,False,False,False,False,False,False,False,False,True,False,True,False,True,3,1,3,True,False,False,False,1.0,True,0.0,True,2017-10-17,2017-10-17,Series A,2017,56.0,False,False,True,True,8.7,12.0,True,True,True,True,False,False,False,False,False,False,False,False,0,0,False,False,False,False,False,False,False,False,False,False,False,False,False,False,False,2,0.0,True,False,False,True,False,True,True,True,False,False,False,True,False,15,0,False,1,0,0.0,0.0,0.3017902841292199,3.112797315757207,0.3058328175538439,8.455758310194073,0.3058328175538439,0.4413168185387742,0.5768008195237047,8.455758310194073,8.455758310194073,8.455758310194073,5.748604153929882,0.39242857586787727,8.569591606395273,0.0,0.0,0.0,0,0,0,0,1,1,1,1.6,4.330733340286331,False,False,True,False,True,True,,,0.0,0.0
1463,Documaster,https://www.crunchbase.com/organization/documaster,Norway,59.9723975,10.7757292,2014,4.0,True,True,False,False,True,False,False,False,False,True,False,False,False,False,2,1,1,False,True,False,False,0.0,False,3.011015,False,2016-06-08,2016-06-08,Venture - Series Unknown,2016,25.0,True,,False,,23.0,5.0,False,,False,,False,,False,,False,,False,,1,0,True,,True,True,,True,,True,,True,,True,,True,,1,,True,,True,True,,False,False,False,False,False,False,True,True,117,1,True,25,12,0.48,0.3920420877760237,0.0068796624669323235,0.0,0.0,0.0,0.0,0.0,0.0,0.0,0.0,0.0,0.0,0.0,0.0,0.0,0.0,0.0,0,0,0,0,0,0,0,1.6,4.330733340286331,False,True,True,True,True,True,,,6.0,7.600000000000008
1703,Bylineme,https://www.crunchbase.com/organization/bylineme,Norway,59.9723975,10.7757292,2015,1.0,True,True,False,False,False,False,False,False,True,False,False,False,False,False,0,1,2,False,False,False,False,0.0,False,0.0,True,2015-07-31,2015-07-31,Seed,2015,68.5,True,,True,,5.0,14.0,False,,False,,True,,False,,True,,False,,1,0,True,,False,True,,True,,True,,True,,True,,True,,2,,True,,True,True,,False,False,False,False,False,False,True,True,117,1,True,36,13,0.3611111111111111,0.3083013596545166,0.0068796624669323235,0.19621428793393864,0.0,0.39242857586787727,0.0,0.19621428793393864,0.39242857586787727,0.0,0.0,0.0,0.39242857586787727,0.39242857586787727,0.39242857586787727,2.0,0.0,0.0402231640645322,0,0,0,0,0,0,0,2.31,4.330733340286331,False,False,False,False,False,False,,,6.0,7.600000000000008
1415,Iris.ai,https://www.crunchbase.com/organization/iris-ai,Norway,59.9723975,10.7757292,2015,4.0,True,True,False,False,True,False,False,True,False,True,False,False,False,False,2,3,5,False,False,True,False,0.0,False,2.0,False,2017-01-01,2017-12-01,Series A,2017,36.8,True,,True,,7.8,4.4,False,,False,,True,,False,,False,,False,,2,0,True,,False,True,,True,,True,,True,,True,,True,,2,,True,,False,True,,True,True,True,False,False,False,True,False,117,1,True,36,13,0.3611111111111111,0.3083013596545166,0.0068796624669323235,2.0025889600535955,0.0,8.362906280063083,0.0,2.0025889600535955,8.362906280063083,0.0,0.0,0.0,3.8431902480425912,0.0,8.810613331311343,0.0,0.0,0.0,0,0,0,0,0,0,0,2.31,4.330733340286331,False,False,True,False,True,True,,,6.0,7.600000000000008
1695,Aristeia,https://www.crunchbase.com/organization/aristeia,Norway,59.9723975,10.7757292,2015,1.0,True,True,False,False,False,False,False,True,False,False,False,False,False,False,1,1,1,False,True,False,True,1.0,True,0.0,True,2016-01-01,2016-01-01,Seed,2016,3.0,False,False,True,True,22.0,0.0,False,False,False,False,False,False,False,False,False,False,False,False,0,0,False,False,False,False,False,False,False,False,False,False,False,False,False,False,False,1,1.0,True,True,True,False,False,False,False,False,False,False,False,True,True,117,1,True,36,13,0.3611111111111111,0.3083013596545166,0.0068796624669323235,0.39242857586787727,0.39242857586787727,0.39242857586787727,0.0,0.0,0.0,0.39242857586787727,0.39242857586787727,0.39242857586787727,0.0,0.0,0.0,0.0,0.0,0.0,0,0,0,0,0,0,0,2.31,4.330733340286331,False,False,False,False,False,False,,,6.0,7.600000000000008
1653,Zivid AS,https://www.crunchbase.com/organization/zivid-labs-as,Norway,59.9723975,10.7757292,2015,2.0,True,True,False,False,True,False,False,False,False,True,False,False,False,False,1,1,1,False,True,False,True,1.0,True,0.0,True,2016-06-01,2016-06-01,Seed,2016,24.0,False,False,True,True,12.0,5.0,False,False,False,False,False,False,False,False,False,False,False,False,0,0,False,False,False,False,False,False,False,False,False,False,False,False,False,False,False,1,1.0,True,True,True,False,False,False,False,False,False,False,False,True,True,117,1,True,36,13,0.3611111111111111,0.3083013596545166,0.0068796624669323235,0.39242857586787727,0.39242857586787727,0.39242857586787727,0.0,0.0,0.0,0.39242857586787727,0.39242857586787727,0.39242857586787727,0.0,0.0,0.0,3.0,0.0,0.0687619531421999,0,0,0,0,0,0,0,2.31,4.330733340286331,False,False,False,False,False,False,,,6.0,7.600000000000008
1641,Printify,https://www.crunchbase.com/organization/printify,Norway,59.9723975,10.7757292,2015,1.0,False,True,False,False,False,True,False,False,False,False,True,False,False,False,1,1,1,False,True,False,False,0.0,False,0.125,True,2016-09-09,2016-09-09,Seed,2016,0.0,False,,True,,6.0,406.0,False,,True,,True,,True,,True,,False,,0,0,False,,False,False,,False,,False,,False,,False,,False,,0,,False,,False,False,,True,True,True,True,False,False,False,False,117,1,True,36,13,0.3611111111111111,0.3083013596545166,0.0068796624669323235,8.33399439542547,8.33399439542547,8.33399439542547,8.33399439542547,8.33399439542547,8.33399439542547,0.0,0.0,0.0,0.0,0.0,0.0,6.0,3.0,0.2517390182913285,1,0,0,0,0,0,0,2.31,4.330733340286331,False,False,False,False,False,False,,,6.0,7.600000000000008
1590,Graphiq - Acquired by Klingit,https://www.crunchbase.com/organization/graphiq-2,Norway,59.9723975,10.7757292,2015,2.0,True,True,False,False,True,False,False,False,False,True,False,False,False,False,1,1,2,False,False,False,False,0.0,False,0.01,True,2016-02-10,2016-02-10,Venture - Series Unknown,2016,17.0,False,,True,,6.0,205.0,False,,True,,True,,True,,True,,False,,0,0,False,,False,False,,False,,False,,False,,False,,False,,0,,False,,False,False,,True,True,True,True,False,False,False,False,117,1,True,36,13,0.3611111111111111,0.3083013596545166,0.0068796624669323235,8.33399439542547,8.33399439542547,8.33399439542547,8.33399439542547,8.33399439542547,8.33399439542547,0.0,0.0,0.0,0.0,0.0,0.0,6.0,3.0,0.2517390182913285,1,0,0,0,0,0,0,2.31,4.330733340286331,False,False,True,False,True,True,,,6.0,7.600000000000008
1585,Equality Check,https://www.crunchbase.com/organization/equality-check,Norway,59.9723975,10.7757292,2015,2.0,False,True,False,False,True,True,False,False,False,True,False,False,False,False,4,2,2,True,False,True,False,2.0,True,1.589062,False,2019-06-12,2021-08-05,Seed,2019,47.0,True,True,True,True,8.0,10.3,False,False,True,True,False,False,False,False,False,False,False,False,1,1,True,True,False,True,True,True,True,True,True,True,True,True,True,True,True,1,1.0,True,True,False,True,True,True,True,False,False,False,False,True,False,117,1,True,36,13,0.3611111111111111,0.3083013596545166,0.0068796624669323235,6.7028929726853725,0.0,10.05433945902806,10.05433945902806,10.05433945902806,10.05433945902806,0.0,5.027169729514029,10.05433945902806,6.7028929726853725,0.0,10.05433945902806,16.0,1.0,0.2760308571330789,1,0,0,0,0,0,1,2.31,5.303304908059076,False,False,False,False,False,False,,,6.0,7.600000000000008
1570,Fronteer Solutions,https://www.crunchbase.com/organization/fronteer-solutions,Norway,59.9723975,10.7757292,2015,3.0,True,True,False,False,True,False,False,False,True,False,False,False,False,False,0,1,1,False,True,False,True,1.0,True,0.43,True,2015-10-12,2015-10-12,Venture - Series Unknown,2015,87.0,False,False,True,True,7.0,23.0,False,False,False,False,False,False,False,False,False,False,False,False,0,0,False,False,False,False,False,False,False,False,False,False,False,False,False,False,False,1,1.0,True,True,True,False,False,False,False,False,False,False,False,True,True,117,1,True,36,13,0.3611111111111111,0.3083013596545166,0.0068796624669323235,0.39242857586787727,0.39242857586787727,0.39242857586787727,0.0,0.0,0.0,0.39242857586787727,0.39242857586787727,0.39242857586787727,0.0,0.0,0.0,2.0,1.0,0.1039540459792718,0,0,0,0,0,0,0,2.31,4.330733340286331,False,False,True,False,True,True,,,6.0,7.600000000000008
1522,Picterus,https://www.crunchbase.com/organization/picterus,Norway,63.5,11.0,2015,3.0,False,False,False,False,False,False,False,True,False,True,False,False,False,False,2,2,2,False,False,False,False,0.0,False,1.060663,False,2017-05-16,2021-02-08,Seed,2017,42.5,False,,True,,3.5,2.5,False,,False,,True,,False,,False,,False,,0,0,False,,False,False,,False,,False,,False,,False,,False,,1,,True,,False,True,,True,True,True,False,False,False,True,False,7,0,False,6,2,0.3333333333333333,0.2876820724517809,0.3990558334953436,4.209807406786737,0.39242857586787727,8.027186237705598,0.39242857586787727,4.209807406786737,8.027186237705598,0.0,0.0,0.0,8.33399439542547,8.33399439542547,8.33399439542547,0.0,0.0,0.0,0,0,0,0,1,1,0,2.31,4.330733340286331,False,False,False,False,False,False,,,0.0,1.2000000000000002
1497,Villoid,https://www.crunchbase.com/organization/villoid,Norway,59.9723975,10.7757292,2015,3.0,False,True,False,False,True,True,False,False,False,True,False,False,False,False,1,1,1,False,True,False,False,0.0,False,0.125,True,2016-05-18,2016-05-18,Undisclosed,2016,0.0,False,,True,,6.0,406.0,False,,True,,True,,True,,True,,False,,0,0,False,,False,False,,False,,False,,False,,False,,False,,0,,False,,False,False,,True,True,True,True,False,False,False,False,117,1,True,36,13,0.3611111111111111,0.3083013596545166,0.0068796624669323235,8.33399439542547,8.33399439542547,8.33399439542547,8.33399439542547,8.33399439542547,8.33399439542547,0.0,0.0,0.0,0.0,0.0,0.0,6.0,3.0,0.2517390182913285,1,0,0,0,0,0,0,2.31,4.330733340286331,False,False,False,False,False,False,,,6.0,7.600000000000008
1540,Imerso,https://www.crunchbase.com/organization/imerso,Norway,59.9723975,10.7757292,2015,2.0,True,True,False,False,False,False,False,False,False,True,False,False,True,False,3,1,4,True,False,True,False,2.0,True,3.0,False,2018-11-05,2018-11-05,Seed,2018,8.666666666666666,True,False,True,True,4.7,102.8,False,False,True,False,True,False,True,False,True,True,False,False,1,0,True,False,False,True,False,True,False,True,False,True,False,True,False,True,False,1,0.0,True,False,False,True,False,True,True,True,False,True,False,True,False,117,1,True,36,13,0.3611111111111111,0.3083013596545166,0.0068796624669323235,6.340562561004552,0.0,15.98701231176409,0.0,4.166997197712735,8.33399439542547,1.0412435368286481,8.51412792429637,15.98701231176409,10.569655821251333,1.0412435368286481,16.309852084916137,8.0,2.0,0.2502193392440147,1,0,0,0,0,0,1,2.31,4.61512051684126,False,False,False,False,False,False,,,6.0,7.600000000000008
1450,Semine,https://www.crunchbase.com/organization/bilagos,Norway,59.9723975,10.7757292,2016,2.0,True,True,False,False,True,False,False,False,True,True,False,False,False,False,4,1,1,False,True,False,True,1.0,True,1.2,False,2020-06-15,2020-06-15,Series B,2020,13.0,True,True,False,False,23.0,3.0,False,False,False,False,False,False,False,False,False,False,False,False,1,1,True,True,True,True,True,True,True,True,True,True,True,True,True,True,True,1,1.0,True,True,True,True,True,False,False,False,False,False,False,True,True,117,1,True,52,16,0.3076923076923077,0.2682639865946793,0.0068796624669323235,0.0,0.0,0.0,0.0,0.0,0.0,0.0,0.0,0.0,0.0,0.0,0.0,0.0,0.0,0.0,0,0,0,0,0,0,0,1.97,4.61512051684126,False,False,True,False,True,True,,,6.0,7.600000000000008
1454,Sensibel,https://www.crunchbase.com/organization/sensibel,Norway,59.9723975,10.7757292,2016,1.0,True,True,False,False,True,False,False,False,False,True,False,False,False,False,2,1,1,False,True,False,False,0.0,False,0.0,True,2018-01-25,2018-01-25,Venture - Series Unknown,2018,87.0,False,,True,,10.0,23.0,False,,False,,False,,False,,False,,False,,0,0,False,,False,False,,False,,False,,False,,False,,False,,1,,True,,True,False,,False,False,False,False,False,False,True,True,117,1,True,52,16,0.3076923076923077,0.2682639865946793,0.0068796624669323235,0.39242857586787727,0.39242857586787727,0.39242857586787727,0.39242857586787727,0.39242857586787727,0.39242857586787727,0.0,0.0,0.0,0.0,0.0,0.0,7.0,0.0,0.1375239062843998,0,0,0,0,0,0,0,1.97,4.61512051684126,False,False,True,False,True,True,,,6.0,7.600000000000008
1483,Scrimba,https://www.crunchbase.com/organization/scrimba,Norway,59.9723975,10.7757292,2016,2.0,False,True,False,False,False,True,False,False,False,True,True,False,False,False,1,5,6,True,False,False,False,3.0,True,0.372628,True,2017-01-02,2020-09-24,Seed,2017,37.8,True,True,True,True,8.8,111.7,True,True,True,True,True,True,False,False,True,False,False,False,3,1,True,True,False,True,True,True,True,True,True,True,True,True,True,True,True,3,1.0,True,True,False,True,True,True,True,True,False,False,False,True,False,117,1,True,52,16,0.3076923076923077,0.2682639865946793,0.0068796624669323235,2.855194251367093,0.0,8.362906280063083,0.0,0.13864990697746366,0.4159497209323909,0.0,5.571738595756721,8.362906280063083,4.581221019803211,0.0,8.652734746550937,7.0,1.0,0.2012547881991394,1,0,0,0,0,0,0,1.97,4.330733340286331,False,False,False,False,False,False,,,6.0,7.600000000000008
1430,Intelecy,https://www.crunchbase.com/organization/intelecy,Norway,59.9723975,10.7757292,2016,2.0,True,True,False,False,True,False,False,False,False,True,False,False,False,False,1,3,3,False,False,False,False,0.0,False,0.0,True,2017-01-01,2019-09-04,Venture - Series Unknown,2017,76.66666666666667,False,,True,,6.7,11.7,False,,False,,False,,False,,False,,False,,0,0,False,,False,False,,False,,False,,False,,False,,False,,1,,True,,False,True,,False,False,False,False,False,False,True,True,117,1,True,52,16,0.3076923076923077,0.2682639865946793,0.0068796624669323235,0.8303741106993466,0.39242857586787727,1.1618429287471144,0.39242857586787727,0.8303741106993466,1.1618429287471144,0.0,0.0,0.0,1.4334943639886917,0.7177252350233525,2.095341524656532,4.0,1.0,0.154629239632742,0,0,0,0,0,0,0,1.97,4.330733340286331,False,False,True,False,True,True,,,6.0,7.600000000000008
1532,Inzpire.me,https://www.crunchbase.com/organization/inzpire,Norway,59.9723975,10.7757292,2016,2.0,True,True,False,False,False,False,False,False,False,False,True,False,False,False,1,1,4,True,False,False,False,1.0,True,1.0,False,2017-04-21,2017-04-21,Venture - Series Unknown,2017,6.75,True,True,True,False,1.0,1.5,False,False,False,False,False,False,False,False,False,False,False,False,2,1,True,True,True,True,True,True,True,True,True,True,True,True,True,True,True,2,1.0,True,True,True,True,True,False,False,False,False,False,False,True,True,117,1,True,52,15,0.2884615384615384,0.2534489008095386,0.0068796624669323235,0.0,0.0,0.0,0.0,0.0,0.0,0.0,0.0,0.0,0.0,0.0,0.0,3.0,0.0,0.0687619531421999,0,0,0,0,0,0,0,1.97,4.330733340286331,True,False,True,True,True,True,2023-06-07,7.0,6.0,7.600000000000008
1629,Versor,https://www.crunchbase.com/organization/versor,Norway,59.9723975,10.7757292,2016,3.0,True,True,False,False,True,False,False,False,False,True,False,False,False,False,2,1,1,False,True,True,True,1.0,True,0.0,True,2018-08-23,2018-08-23,Angel,2018,0.0,False,False,True,True,12.0,545.0,False,False,True,True,True,True,False,False,False,False,False,False,0,0,False,False,False,False,False,False,False,False,False,False,False,False,False,False,False,0,0.0,False,False,False,False,False,True,True,True,True,False,False,False,False,117,1,True,52,16,0.3076923076923077,0.2682639865946793,0.0068796624669323235,7.466173844423896,7.466173844423896,7.466173844423896,0.0,0.0,0.0,7.466173844423896,7.466173844423896,7.466173844423896,0.0,0.0,0.0,0.0,0.0,0.0,0,0,0,0,0,0,0,1.97,4.61512051684126,False,False,False,False,False,False,,,6.0,7.600000000000008
1631,RQSTIVAL,https://www.crunchbase.com/organization/requestify,Norway,59.9723975,10.7757292,2016,4.0,False,True,False,False,False,False,False,False,False,True,True,False,False,False,2,1,1,False,True,True,False,0.0,False,0.294583,True,2018-05-01,2018-05-01,Pre-Seed,2018,3.0,False,,True,,0.0,0.0,False,,False,,False,,False,,False,,False,,0,0,False,,False,False,,False,,False,,False,,False,,False,,0,,False,,False,False,,True,True,True,True,False,False,False,False,117,1,True,52,16,0.3076923076923077,0.2682639865946793,0.0068796624669323235,8.573599579413472,8.573599579413472,8.573599579413472,8.573599579413472,8.573599579413472,8.573599579413472,0.0,0.0,0.0,0.0,0.0,0.0,0.0,0.0,0.0,0,0,0,0,0,0,0,1.97,4.61512051684126,False,False,False,False,False,False,,,6.0,7.600000000000008
1520,Socius,https://www.crunchbase.com/organization/socius,Norway,59.9723975,10.7757292,2016,2.0,True,True,False,False,False,False,False,False,False,True,True,False,False,True,0,3,3,False,False,False,False,0.0,False,0.4316,True,2013-10-01,2016-08-08,Seed,2013,50.5,False,,True,,4.8,207.5,False,,True,,True,,True,,True,,False,,0,0,False,,False,False,,False,,False,,False,,False,,False,,0,,False,,False,True,,True,True,True,False,True,False,True,False,117,1,True,52,16,0.3076923076923077,0.2682639865946793,0.0068796624669323235,6.461794663103616,0.8451954661380524,8.33399439542547,0.8451954661380524,6.461794663103616,8.33399439542547,0.0,0.0,0.0,4.5526895516485375,0.0,9.105379103297077,6.0,2.0,0.2252883124345997,1,0,0,0,0,0,0,1.97,3.92395157629342,False,False,False,False,False,False,,,6.0,7.600000000000008
1514,Zelluna Immunotherapy,https://www.crunchbase.com/organization/zelluna-immunotherapy,Norway,59.9723975,10.7757292,2016,1.0,True,True,False,False,True,False,False,True,False,False,False,False,False,False,1,1,1,False,True,False,False,0.0,False,0.0,True,2017-01-01,2017-01-01,Post-IPO Equity,2017,7.0,True,,False,,7.0,4.0,True,,False,,False,,False,,False,,False,,1,0,True,,True,True,,True,,True,,True,,True,,True,,1,,True,,True,True,,False,False,False,False,False,False,True,True,117,1,True,52,15,0.2884615384615384,0.2534489008095386,0.0068796624669323235,0.0,0.0,0.0,0.0,0.0,0.0,0.0,0.0,0.0,0.0,0.0,0.0,1.0,0.0,0.0,0,0,0,0,0,0,0,1.97,4.330733340286331,True,False,False,True,True,True,2025-03-03,9.0,6.0,7.600000000000008
1573,Vilect AI,https://www.crunchbase.com/organization/vilect-as,Norway,59.9723975,10.7757292,2016,2.0,True,True,False,False,True,False,False,False,False,True,False,False,False,False,1,2,2,False,False,True,False,0.0,False,0.518204,False,2017-07-01,2019-01-08,Pre-Seed,2017,11.666666666666666,True,,False,,2.0,0.3,False,,False,,False,,False,,False,,False,,3,0,True,,True,True,,True,,True,,True,,True,,True,,3,,True,,True,True,,False,False,False,False,False,False,True,True,117,1,True,52,16,0.3076923076923077,0.2682639865946793,0.0068796624669323235,0.0,0.0,0.0,0.0,0.0,0.0,0.0,0.0,0.0,0.0,0.0,0.0,3.0,2.0,0.1697730111149502,1,0,0,0,0,0,0,1.97,4.330733340286331,False,False,False,False,False,False,,,6.0,7.600000000000008
1577,Monetor,https://www.crunchbase.com/organization/monetor,Norway,58.9699675,5.7318101,2016,2.0,True,False,False,False,False,False,False,False,True,True,False,False,False,False,2,2,3,True,False,False,False,1.0,True,0.25,True,2018-01-05,2021-12-13,Seed,2018,5.5,True,True,True,False,2.5,5.3,False,False,False,False,True,False,False,False,False,False,False,False,1,1,True,True,False,True,True,True,True,True,True,True,True,True,True,True,True,1,1.0,True,True,False,True,False,True,True,True,False,False,False,True,False,15,0,False,4,0,0.0,0.0,0.3017902841292199,2.929216411385226,0.0,7.8770266403498725,0.9106225938058068,4.393824617077839,7.8770266403498725,0.0,0.0,0.0,5.565855653163492,0.9106225938058068,7.909917725334796,0.0,0.0,0.0,0,0,0,0,1,1,1,1.97,4.61512051684126,False,False,False,False,False,False,,,0.0,0.0
1606,ClevAir,https://www.crunchbase.com/organization/smart-plants,Norway,58.9699675,5.7318101,2016,2.0,True,False,True,False,True,False,False,False,False,True,False,True,True,False,1,1,1,False,True,False,False,0.0,False,0.65,False,2017-07-31,2017-07-31,Seed,2017,94.0,False,,True,,0.0,4.0,True,,False,,True,,False,,False,,False,,0,0,False,,False,False,,False,,False,,False,,False,,False,,1,,True,,True,True,,False,False,False,False,False,False,True,True,15,0,False,4,0,0.0,0.0,0.3017902841292199,0.3058328175538439,0.3058328175538439,0.3058328175538439,0.3058328175538439,0.3058328175538439,0.3058328175538439,0.0,0.0,0.0,0.0,0.0,0.0,0.0,0.0,0.0,0,0,0,0,1,1,1,1.97,4.330733340286331,False,False,False,False,False,False,,,0.0,0.0
1605,Aprila Bank,https://www.crunchbase.com/organization/aprila,Norway,59.9723975,10.7757292,2016,5.0,True,True,False,False,False,False,False,False,True,True,False,False,False,False,1,1,1,False,True,True,False,0.0,False,2.38226,False,2017-11-30,2017-11-30,Series A,2017,0.0,False,,True,,2.0,117.0,True,,True,,False,,False,,True,,False,,0,0,False,,False,False,,False,,False,,False,,False,,False,,0,,False,,False,False,,True,True,True,True,False,False,False,False,117,1,True,52,16,0.3076923076923077,0.2682639865946793,0.0068796624669323235,5.9140015089182425,5.9140015089182425,5.9140015089182425,5.9140015089182425,5.9140015089182425,5.9140015089182425,0.0,0.0,0.0,0.0,0.0,0.0,0.0,0.0,0.0,0,0,0,0,0,0,0,1.97,4.330733340286331,False,False,True,False,True,True,,,6.0,7.600000000000008
1632,Fieldmade,https://www.crunchbase.com/organization/fieldmade,Norway,59.9155395,11.2170354,2016,1.0,True,False,False,False,True,False,False,False,False,True,False,False,False,False,3,1,1,False,True,False,True,1.0,True,0.12,True,2019-08-27,2019-08-27,Seed,2019,0.0,False,False,True,True,13.0,545.0,False,False,True,True,True,True,False,False,False,False,False,False,0,0,False,False,False,False,False,False,False,False,False,False,False,False,False,False,False,0,0.0,False,False,False,False,False,True,True,True,True,False,False,False,False,117,0,False,0,0,0.0,0.0,0.02664901360821029,7.488696782099465,7.488696782099465,7.488696782099465,0.0,0.0,0.0,7.488696782099465,7.488696782099465,7.488696782099465,0.0,0.0,0.0,2.0,0.0,0.0402231640645322,0,0,0,0,1,0,0,1.97,5.303304908059076,False,False,False,False,False,False,,,6.0,7.600000000000008
1690,AdTube,https://www.crunchbase.com/organization/adtube,Norway,63.5,11.0,2016,3.0,True,False,False,False,False,False,False,False,False,True,True,False,False,False,1,1,1,False,True,False,True,1.0,True,0.0,True,2017-01-01,2017-01-01,Seed,2017,3.0,True,True,False,False,23.0,0.0,False,False,False,False,False,False,False,False,False,False,False,False,1,1,True,True,True,True,True,True,True,True,True,True,True,True,True,True,True,1,1.0,True,True,True,False,False,False,False,False,False,False,False,True,True,7,0,False,8,2,0.25,0.2231435513142097,0.3990558334953436,0.0,0.0,0.0,0.0,0.0,0.0,0.0,0.0,0.0,0.0,0.0,0.0,0.0,0.0,0.0,0,0,0,0,1,1,0,1.97,4.330733340286331,False,False,False,False,False,False,,,0.0,1.2000000000000002
1688,Cura8,https://www.crunchbase.com/organization/cura8,Norway,59.9723975,10.7757292,2016,1.0,True,True,False,False,False,False,False,True,False,False,False,False,False,False,2,1,1,False,True,False,True,1.0,True,0.0,True,2018-03-03,2018-03-03,Seed,2018,87.0,False,False,True,True,10.0,23.0,False,False,False,False,False,False,False,False,False,False,False,False,0,0,False,False,False,False,False,False,False,False,False,False,False,False,False,False,False,1,1.0,True,True,True,False,False,False,False,False,False,False,False,True,True,117,1,True,52,16,0.3076923076923077,0.2682639865946793,0.0068796624669323235,0.39242857586787727,0.39242857586787727,0.39242857586787727,0.0,0.0,0.0,0.39242857586787727,0.39242857586787727,0.39242857586787727,0.0,0.0,0.0,7.0,0.0,0.1375239062843998,0,0,0,0,0,0,0,1.97,4.61512051684126,False,False,False,False,False,False,,,6.0,7.600000000000008
1651,Tribe Insurance,https://www.crunchbase.com/organization/tribe-insurance,Norway,59.9723975,10.7757292,2016,1.0,False,True,False,False,False,False,False,False,True,False,False,False,False,False,0,1,5,False,False,False,False,0.0,False,1.0,False,2016-06-27,2016-06-27,Corporate Round,2016,5.6,True,,True,,3.0,0.6,False,,False,,False,,False,,False,,False,,4,0,True,,True,True,,True,,True,,True,,True,,True,,4,,True,,True,True,,False,False,False,False,False,False,True,True,117,1,True,52,16,0.3076923076923077,0.2682639865946793,0.0068796624669323235,0.0,0.0,0.0,0.0,0.0,0.0,0.0,0.0,0.0,0.0,0.0,0.0,2.0,2.0,0.1412342220372826,0,0,0,0,0,0,0,1.97,4.330733340286331,False,False,True,False,True,True,,,6.0,7.600000000000008
1648,Payr,https://www.crunchbase.com/organization/payr,Norway,59.9723975,10.7757292,2016,4.0,False,True,False,False,False,True,False,False,True,True,True,False,False,False,1,2,3,False,False,False,False,0.0,False,3.772038,False,2017-05-11,2018-10-11,Venture - Series Unknown,2017,27.666666666666668,True,,False,,12.3,2.7,False,,False,,False,,False,,True,,False,,3,0,True,,True,True,,True,,True,,True,,True,,True,,3,,True,,True,True,,False,False,False,False,False,False,True,True,117,1,True,52,16,0.3076923076923077,0.2682639865946793,0.0068796624669323235,0.0,0.0,0.0,0.0,0.0,0.0,0.0,0.0,0.0,0.0,0.0,0.0,0.0,0.0,0.0,0,0,0,0,0,0,0,1.97,4.330733340286331,False,False,True,False,True,True,,,6.0,7.600000000000008
1523,Dintero,https://www.crunchbase.com/organization/dintero,Norway,59.9723975,10.7757292,2017,2.0,True,True,False,False,False,True,False,False,True,False,False,False,False,False,3,2,2,False,False,False,False,2.0,True,1.184959,False,2020-01-31,2020-12-14,Seed,2020,26.5,True,True,True,True,11.5,3.0,False,False,False,False,False,False,False,False,False,False,False,False,1,1,True,True,False,True,True,True,True,True,True,True,True,True,True,True,True,2,2.0,True,True,True,True,True,False,False,False,False,False,False,True,True,117,1,True,66,19,0.2878787878787879,0.2529965144638909,0.0068796624669323235,0.19621428793393864,0.0,0.39242857586787727,0.0,0.0,0.0,0.0,0.19621428793393864,0.39242857586787727,0.39242857586787727,0.39242857586787727,0.39242857586787727,2.0,2.0,0.1412342220372826,0,0,0,0,0,0,0,2.84,4.61512051684126,False,False,False,False,False,False,,,6.0,7.600000000000008
1524,Confrere,https://www.crunchbase.com/organization/confrere,Norway,59.9723975,10.7757292,2017,3.0,True,True,False,False,False,False,False,False,False,True,True,False,False,True,0,3,9,True,False,False,False,2.0,True,2.66926,False,2017-09-18,2020-05-15,Seed,2017,39.0,True,True,True,True,3.7,8.0,False,False,False,False,True,False,False,False,True,False,False,False,4,1,True,True,False,True,True,True,True,True,True,True,True,True,True,True,True,4,1.0,True,True,False,True,True,True,True,True,False,True,False,True,False,117,1,True,66,18,0.2727272727272727,0.241162056816888,0.0068796624669323235,1.359241746413365,0.0,8.33399439542547,0.0,1.6268543216546048,8.33399439542547,0.0,0.4225977330690262,0.8451954661380524,2.562276180447133,0.0,9.572215345516584,11.0,7.0,0.3689397160931508,1,0,0,0,0,1,1,2.84,4.330733340286331,True,False,False,True,True,True,2024-02-05,7.0,6.0,7.600000000000008
1526,Age Labs,https://www.crunchbase.com/organization/age-labs,Norway,59.9723975,10.7757292,2017,2.0,True,True,False,False,True,False,False,True,False,False,False,False,False,False,3,1,1,False,True,True,True,1.0,True,0.867712,False,2020-04-16,2020-04-16,Pre-Seed,2020,41.0,True,True,False,False,4.0,2.0,False,False,False,False,False,False,False,False,False,False,False,False,1,1,True,True,True,True,True,True,True,True,True,True,True,True,True,True,True,1,1.0,True,True,True,True,True,False,False,False,False,False,False,True,True,117,1,True,66,19,0.2878787878787879,0.2529965144638909,0.0068796624669323235,0.0,0.0,0.0,0.0,0.0,0.0,0.0,0.0,0.0,0.0,0.0,0.0,6.0,6.0,0.3031924594922654,1,0,0,0,0,1,0,2.84,4.61512051684126,False,False,False,False,False,False,,,6.0,7.600000000000008
1513,Unloc,https://www.crunchbase.com/organization/unloc,Norway,59.9723975,10.7757292,2017,2.0,True,True,False,False,False,False,False,False,False,True,False,False,False,False,1,2,5,False,False,True,False,0.0,False,7.2,False,2018-06-18,2020-02-01,Seed,2018,14.4,True,,True,,35.2,1.4,True,,False,,False,,False,,False,,False,,4,0,True,,False,True,,True,,True,,True,,True,,True,,4,,True,,False,True,,False,False,False,False,False,False,True,True,117,1,True,66,19,0.2878787878787879,0.2529965144638909,0.0068796624669323235,0.08318994418647818,0.0,0.4159497209323909,0.0,0.08318994418647818,0.4159497209323909,0.0,0.0,0.0,0.16637988837295636,0.0,0.4159497209323909,3.0,1.0,0.1324928350569394,0,0,0,0,0,0,0,2.84,4.61512051684126,False,False,False,False,False,False,,,6.0,7.600000000000008
1630,VesselAdmin,https://www.crunchbase.com/organization/vesseladmin,Norway,59.9723975,10.7757292,2017,1.0,True,True,False,False,False,True,False,False,False,True,False,False,False,True,2,1,1,False,True,False,True,1.0,True,0.12,True,2019-08-27,2019-08-27,Seed,2019,0.0,False,False,True,True,13.0,545.0,False,False,True,True,True,True,False,False,False,False,False,False,0,0,False,False,False,False,False,False,False,False,False,False,False,False,False,False,False,0,0.0,False,False,False,False,False,True,True,True,True,False,False,False,False,117,1,True,66,19,0.2878787878787879,0.2529965144638909,0.0068796624669323235,7.466173844423896,7.466173844423896,7.466173844423896,0.0,0.0,0.0,7.466173844423896,7.466173844423896,7.466173844423896,0.0,0.0,0.0,2.0,0.0,0.0402231640645322,0,0,0,0,0,0,0,2.84,5.303304908059076,False,False,False,False,False,False,,,6.0,7.600000000000008
1623,Think Outside,https://www.crunchbase.com/organization/think-outside-496e,Norway,60.39299,5.32415,2017,3.0,False,False,True,False,False,True,False,False,False,True,False,True,False,True,1,4,4,False,False,False,False,4.0,True,0.22,True,2018-12-06,2021-02-09,Seed,2018,49.0,False,False,True,True,6.0,137.2,False,False,True,True,True,True,False,False,False,False,True,True,0,0,False,False,False,False,False,False,False,False,False,False,False,False,False,False,False,0,0.0,False,False,False,True,True,True,True,True,False,False,False,True,False,7,0,False,6,2,0.3333333333333333,0.2876820724517809,0.30427361317826307,3.753888476859291,1.07762620484318,7.204307344695516,0.0,0.0,0.0,1.07762620484318,3.753888476859291,7.204307344695516,5.214041369494408,0.5388457224376022,7.986986508483883,0.0,0.0,0.0,0,0,0,0,1,1,1,2.84,4.61512051684126,True,False,False,True,True,True,2022-11-08,5.0,0.0,0.0
1673,Sharefox,https://www.crunchbase.com/organization/sharefox,Norway,62.8854306,7.067864,2017,2.0,True,False,False,False,False,True,False,False,False,False,False,False,True,False,3,1,1,False,True,False,True,1.0,True,0.0,True,2020-12-07,2020-12-07,Seed,2020,5.0,False,False,True,True,3.0,0.0,False,False,False,False,False,False,False,False,False,False,False,False,0,0,False,False,False,False,False,False,False,False,False,False,False,False,False,False,False,1,1.0,True,True,True,True,True,False,False,False,False,False,False,True,True,1,0,False,0,0,0.0,0.0,0.38379508681317603,0.3790738282061725,0.3790738282061725,0.3790738282061725,0.0,0.0,0.0,0.3790738282061725,0.3790738282061725,0.3790738282061725,0.0,0.0,0.0,0.0,0.0,0.0,0,0,0,0,1,1,1,2.84,4.61512051684126,False,False,False,False,False,False,,,0.0,0.0
1608,Staffers,https://www.crunchbase.com/organization/staffers,Norway,59.9723975,10.7757292,2017,3.0,False,True,False,False,True,False,False,False,False,True,False,False,False,False,2,2,2,True,False,False,False,1.0,True,2.151952,False,2019-10-27,2020-09-01,Seed,2019,3.0,True,False,True,True,4.0,0.0,False,False,False,False,False,False,False,False,False,False,False,False,1,0,True,False,False,True,False,True,False,True,False,True,False,True,False,True,False,1,0.0,True,False,False,True,False,True,True,False,False,False,False,True,False,117,1,True,66,19,0.2878787878787879,0.2529965144638909,0.0068796624669323235,3.5892996624079316,0.0,7.178599324815863,0.0,0.0,0.0,7.178599324815863,7.178599324815863,7.178599324815863,7.178599324815863,7.178599324815863,7.178599324815863,1.0,1.0,0.0637308819147395,0,0,0,0,0,0,0,2.84,5.303304908059076,False,False,False,False,False,False,,,6.0,7.600000000000008
1611,Fishency Innovation,https://www.crunchbase.com/organization/fishency-innovation,Norway,58.9699675,5.7318101,2017,1.0,True,False,False,False,True,False,True,False,False,True,False,False,False,False,2,1,1,False,True,False,True,1.0,True,0.15,True,2019-01-01,2019-01-01,Seed,2019,39.0,False,False,True,True,1.0,0.0,True,True,False,False,True,True,False,False,False,False,False,False,0,0,False,False,False,False,False,False,False,False,False,False,False,False,False,False,False,1,1.0,True,True,True,True,True,False,False,False,False,False,False,True,True,15,0,False,6,0,0.0,0.0,0.3017902841292199,0.3058328175538439,0.3058328175538439,0.3058328175538439,0.0,0.0,0.0,0.3058328175538439,0.3058328175538439,0.3058328175538439,0.0,0.0,0.0,0.0,0.0,0.0,0,0,0,0,1,1,1,2.84,5.303304908059076,False,False,False,False,False,False,,,0.0,0.0
1479,Globus.ai,https://www.crunchbase.com/organization/globus-ai,Norway,58.983132,6.394641,2017,3.0,True,False,False,False,True,False,False,False,False,True,True,False,False,False,1,3,7,True,False,False,False,3.0,True,5.994186,False,2018-01-01,2022-05-18,Seed,2018,84.125,True,False,True,True,16.0,21.9,False,False,True,False,True,True,False,False,False,False,True,True,0,0,False,False,False,True,False,True,False,True,False,True,False,False,False,False,False,2,1.0,True,True,False,True,True,True,True,True,False,False,False,True,False,15,0,False,0,0,0.0,0.0,0.26638259739189735,6.338658993454333,0.038013966532274235,12.46232699092265,0.038013966532274235,5.595641323698466,8.481494092257469,0.27069635205594006,7.081676663210198,12.46232699092265,6.9928512683058095,0.06092265271879885,12.73269417484459,1.0,0.0,0.0,0,0,0,0,1,1,1,2.84,4.61512051684126,False,False,False,False,False,False,,,0.0,1.0
1506,Aivero,https://www.crunchbase.com/organization/aivero,Norway,58.9699675,5.7318101,2017,2.0,True,False,False,False,True,False,False,False,False,True,True,False,False,False,2,2,6,True,False,True,False,1.0,True,2.781,False,2019-05-01,2021-12-06,Seed,2019,27.166666666666668,True,False,True,True,15.0,2.2,False,False,False,False,True,True,False,False,True,True,False,False,1,0,True,False,False,True,False,True,False,True,False,True,False,True,False,True,False,4,1.0,True,True,False,True,True,True,True,True,False,False,False,True,False,15,0,False,6,0,0.0,0.0,0.3017902841292199,2.9009557148888976,0.0,8.244117918335926,0.0,3.419980294355908,8.244117918335926,0.3058328175538439,0.3058328175538439,0.3058328175538439,4.493980044125747,0.0,8.33399439542547,0.0,0.0,0.0,0,0,0,0,1,1,1,2.84,5.303304908059076,False,False,False,False,False,False,,,0.0,0.0
1536,VIBBIO,https://www.crunchbase.com/organization/vibbio,Norway,59.9723975,10.7757292,2017,2.0,True,True,False,False,True,False,False,False,False,True,True,False,False,True,2,1,2,True,False,False,False,1.0,True,1.484129,False,2019-05-22,2019-05-22,Seed,2019,49.0,False,False,True,True,5.5,12.5,False,False,False,False,False,False,False,False,False,False,False,False,0,0,False,False,False,False,False,False,False,False,False,False,False,False,False,False,False,2,1.0,True,True,True,False,False,False,False,False,False,False,False,True,True,117,1,True,66,18,0.2727272727272727,0.241162056816888,0.0068796624669323235,0.325104424840593,0.25778027381330865,0.39242857586787727,0.39242857586787727,0.39242857586787727,0.39242857586787727,0.25778027381330865,0.25778027381330865,0.25778027381330865,0.616966232568147,0.616966232568147,0.616966232568147,10.0,3.0,0.2965770855466619,1,0,0,0,0,0,1,2.84,5.303304908059076,True,False,False,True,True,True,2022-04-21,5.0,6.0,7.600000000000008
1571,Tillit Forsikring,https://www.crunchbase.com/organization/tillit-forsikring,Norway,59.9723975,10.7757292,2017,2.0,False,True,False,False,False,False,False,False,True,False,False,False,False,True,1,1,1,False,True,False,True,1.0,True,0.122788,True,2018-10-16,2018-10-16,Series A,2018,44.0,True,True,False,False,11.0,6.0,False,False,False,False,False,False,False,False,False,False,False,False,1,1,True,True,True,True,True,True,True,True,True,True,True,True,True,True,True,1,1.0,True,True,True,True,True,False,False,False,False,False,False,True,True,117,1,True,66,19,0.2878787878787879,0.2529965144638909,0.0068796624669323235,0.0,0.0,0.0,0.0,0.0,0.0,0.0,0.0,0.0,0.0,0.0,0.0,0.0,0.0,0.0,0,0,0,0,0,0,0,2.84,4.61512051684126,False,False,True,False,True,True,,,6.0,7.600000000000008
1417,Aquabyte,https://www.crunchbase.com/organization/aquabyte,Norway,60.38672,5.29799,2017,1.0,True,False,False,False,False,False,True,False,False,True,False,False,False,False,1,1,9,True,False,False,False,2.0,True,3.5,False,2018-01-30,2018-01-30,Series B,2018,62.625,False,False,True,True,36.8,77.3,True,False,True,True,True,False,False,False,False,False,False,False,0,0,False,False,False,False,False,False,False,False,False,False,False,False,False,False,False,1,0.0,True,False,False,True,False,True,True,True,False,False,False,True,False,7,0,False,6,2,0.3333333333333333,0.2876820724517809,0.3056053885564479,7.522618375627611,0.306285006080755,16.027395433112257,0.306285006080755,7.348182659332603,16.027395433112257,8.133084266149162,8.133143382660142,8.133202499171123,5.753514937652708,0.0018130659135467818,16.08249688810198,0.0,0.0,0.0,0,0,0,0,1,1,1,2.84,4.61512051684126,False,True,True,True,True,True,,,0.0,0.0
1599,Capeesh,https://www.crunchbase.com/organization/sounds-good-as,Norway,63.5,11.0,2017,4.0,False,False,False,False,True,True,False,False,False,True,True,False,False,False,1,1,2,True,False,True,False,1.0,True,0.4,True,2018-08-25,2018-08-25,Pre-Seed,2018,25.0,False,False,True,True,2.5,1.5,False,False,False,False,False,False,False,False,False,False,False,False,0,0,False,False,False,False,False,False,False,False,False,False,False,False,False,False,False,2,1.0,True,True,True,True,True,False,False,False,False,False,False,True,True,7,0,False,10,2,0.2,0.1823215567939546,0.3990558334953436,0.39242857586787727,0.39242857586787727,0.39242857586787727,0.39242857586787727,0.39242857586787727,0.39242857586787727,0.39242857586787727,0.39242857586787727,0.39242857586787727,0.0,0.0,0.0,0.0,0.0,0.0,0,0,0,0,1,1,0,2.84,4.61512051684126,False,False,False,False,False,False,,,0.0,1.2000000000000002
1607,Brandpad,https://www.crunchbase.com/organization/brandpad,Norway,59.9723975,10.7757292,2017,1.0,True,True,False,False,False,False,False,False,False,True,True,False,False,False,3,1,3,False,False,False,False,0.0,False,0.337845,True,2020-03-11,2020-03-11,Seed,2020,23.0,True,,True,,7.0,1.7,False,,False,,True,,False,,True,,False,,2,0,True,,False,True,,True,,True,,True,,True,,True,,2,,True,,False,True,,False,False,False,False,False,False,True,True,117,1,True,66,19,0.2878787878787879,0.2529965144638909,0.0068796624669323235,0.2614604848375269,0.0,0.7843814545125806,0.0,0.2614604848375269,0.7843814545125806,0.0,0.0,0.0,0.5229209696750537,0.0,0.7843814545125806,7.0,5.0,0.3022658461718897,1,0,0,0,0,0,0,2.84,4.61512051684126,False,False,False,False,False,False,,,6.0,7.600000000000008
1414,Vev,https://www.crunchbase.com/organization/vev,Norway,59.9723975,10.7757292,2017,3.0,True,True,False,False,True,False,False,False,False,True,True,False,False,True,0,4,5,True,False,True,False,3.0,True,7.153116,False,2016-12-15,2021-05-27,Seed,2016,62.5,True,True,True,True,4.7,8.0,False,False,True,True,True,False,False,False,True,True,False,False,4,1,True,True,False,True,True,True,True,True,True,True,True,True,True,True,True,4,1.0,True,True,False,True,True,True,True,False,False,False,False,True,False,117,1,True,66,19,0.2878787878787879,0.2529965144638909,0.0068796624669323235,4.790563151848868,0.0,15.98701231176409,0.0,4.384308636418892,15.98701231176409,0.0,5.467654010898827,15.98701231176409,7.977380421819666,0.0,16.266847830001858,9.0,7.0,0.350852956604421,1,0,0,0,0,1,1,2.84,4.330733340286331,False,False,False,False,False,False,,,6.0,7.600000000000008
1449,Oivi,https://www.crunchbase.com/organization/oivi,Norway,59.9723975,10.7757292,2017,4.0,True,True,False,False,True,False,False,True,False,True,False,False,False,False,2,4,6,True,False,True,False,2.0,True,7.2,False,2019-09-30,2023-01-27,Seed,2019,23.333333333333332,True,True,True,True,18.8,1.5,False,False,False,False,False,False,True,False,False,False,False,False,6,1,True,True,False,True,True,True,True,True,True,True,True,True,True,True,True,6,1.0,True,True,False,True,True,True,True,True,False,False,False,True,False,117,1,True,66,19,0.2878787878787879,0.2529965144638909,0.0068796624669323235,3.811152363973456,0.0,8.33399439542547,0.0,3.825386157323027,8.33399439542547,0.0,3.7399833972256,7.4799667944512,5.218041305639225,0.0,13.997551193220005,6.0,7.0,0.3154699002060681,1,0,0,0,0,1,0,2.84,5.303304908059076,False,False,False,False,False,False,,,6.0,7.600000000000008
1431,Ignite,https://www.crunchbase.com/organization/ignite-procurement,Norway,59.9723975,10.7757292,2017,2.0,True,True,False,False,False,False,False,False,False,True,False,False,False,False,2,2,4,True,False,False,False,1.0,True,4.46275,False,2019-11-07,2021-04-16,Series A,2019,35.714285714285715,True,True,True,False,6.1,7.4,False,False,False,False,False,False,False,False,False,False,False,False,4,1,True,True,False,True,True,True,True,True,True,True,True,True,True,True,True,7,1.0,True,True,True,True,True,False,False,False,False,False,False,True,True,117,1,True,66,19,0.2878787878787879,0.2529965144638909,0.0068796624669323235,0.11574775959606744,0.0,0.39242857586787727,0.0,0.13503905286207868,0.39242857586787727,0.0,0.0,0.0,0.19230532823649793,0.0,0.3987373121382841,18.0,20.0,0.5032601024918362,1,1,0,1,1,1,1,2.84,5.303304908059076,False,False,True,False,True,True,,,6.0,7.600000000000008
1587,Teston,https://www.crunchbase.com/organization/teston,Norway,59.9723975,10.7757292,2017,6.0,True,True,False,False,False,False,False,False,False,True,False,False,False,False,0,2,2,False,False,True,False,0.0,False,2.754396,False,2017-10-03,2018-05-31,Seed,2017,10.0,True,,False,,1.0,1.0,False,,False,,False,,False,,False,,False,,2,0,True,,True,True,,True,,True,,True,,True,,True,,2,,True,,True,True,,False,False,False,False,False,False,True,True,117,1,True,66,18,0.2727272727272727,0.241162056816888,0.0068796624669323235,0.0,0.0,0.0,0.0,0.0,0.0,0.0,0.0,0.0,0.0,0.0,0.0,2.0,1.0,0.1039540459792718,0,0,0,0,0,0,0,2.84,4.330733340286331,True,False,False,True,True,True,2020-03-19,3.0,6.0,7.600000000000008
1625,AWAN (As We Are Now),https://www.crunchbase.com/organization/awan,Norway,59.9723975,10.7757292,2018,2.0,False,True,False,False,True,True,False,False,False,False,False,False,False,False,2,1,1,False,True,True,False,0.0,False,0.11,True,2020-01-15,2020-01-15,Pre-Seed,2020,0.0,False,,True,,2.0,11.0,False,,True,,False,,False,,False,,False,,0,0,False,,False,False,,False,,False,,False,,False,,False,,0,,False,,False,False,,True,True,False,False,False,False,False,False,117,1,True,77,22,0.2857142857142857,0.251314428280906,0.0068796624669323235,10.05433945902806,10.05433945902806,10.05433945902806,10.05433945902806,10.05433945902806,10.05433945902806,0.0,0.0,0.0,0.0,0.0,0.0,11.0,9.0,0.3894564774934544,1,0,0,0,1,1,1,2.07,4.61512051684126,False,False,False,False,False,False,,,6.0,7.600000000000008
1624,RagnaRock Geo,https://www.crunchbase.com/organization/ragnarock-geo,Norway,63.5,11.0,2018,2.0,True,False,False,False,True,False,False,False,False,True,False,False,False,False,1,1,1,False,True,False,True,1.0,True,0.12,True,2019-08-27,2019-08-27,Seed,2019,0.0,False,False,True,True,13.0,545.0,False,False,True,True,True,True,False,False,False,False,False,False,0,0,False,False,False,False,False,False,False,False,False,False,False,False,False,False,False,0,0.0,False,False,False,False,False,True,True,True,True,False,False,False,False,7,0,False,12,2,0.1666666666666666,0.1541506798272582,0.3990558334953436,7.216703065486843,7.216703065486843,7.216703065486843,0.0,0.0,0.0,7.216703065486843,7.216703065486843,7.216703065486843,0.0,0.0,0.0,0.0,0.0,0.0,0,0,0,0,1,1,0,2.07,5.303304908059076,False,False,False,False,False,False,,,0.0,1.2000000000000002
1633,Livly,https://www.crunchbase.com/organization/livly-b4ff,Norway,59.9723975,10.7757292,2018,1.0,False,True,False,False,False,False,True,False,False,False,False,False,False,False,0,2,3,False,False,True,False,0.0,False,0.915,False,2018-01-01,2019-07-01,Pre-Seed,2018,53.0,False,,True,,11.5,20.7,False,,False,,False,,False,,False,,False,,0,0,False,,False,False,,False,,False,,False,,False,,False,,0,,False,,False,False,,True,True,True,False,False,False,False,False,117,1,True,77,22,0.2857142857142857,0.251314428280906,0.0068796624669323235,8.275911013632614,6.497482568237169,10.05433945902806,6.497482568237169,8.275911013632614,10.05433945902806,0.0,0.0,0.0,15.078332642868839,15.078332642868839,15.078332642868839,0.0,0.0,0.0,0,0,0,0,0,0,0,2.07,4.61512051684126,False,False,False,False,False,False,,,6.0,7.600000000000008
1597,Rebartek,https://www.crunchbase.com/organization/rebartek,Norway,58.09328,7.78294,2018,1.0,True,False,False,False,True,False,False,False,False,True,False,False,True,False,1,2,2,False,False,True,False,0.0,False,0.25,True,2019-06-07,2021-04-02,Seed,2019,345.0,False,,True,,17.0,47.5,True,,True,,True,,False,,False,,False,,0,0,False,,False,False,,False,,False,,False,,False,,False,,0,,False,,False,False,,True,True,True,True,False,False,False,False,3,0,False,0,0,0.0,0.0,0.26378882024964545,7.141026535347827,5.887040784657453,8.3950122860382,5.887040784657453,7.141026535347827,8.3950122860382,0.0,0.0,0.0,2.7220391149162086,0.0,4.083058672374313,0.0,0.0,0.0,0,0,0,0,1,1,1,2.07,5.303304908059076,False,False,False,False,False,False,,,0.0,0.0
1691,Brim Explorer,https://www.crunchbase.com/organization/brim-explorer,Norway,59.9723975,10.7757292,2018,2.0,True,True,False,False,True,True,False,False,False,False,False,False,False,False,1,1,1,False,True,False,True,1.0,True,0.0,True,2019-01-22,2019-01-22,Seed,2019,39.0,True,True,False,False,1.0,0.0,True,True,False,False,True,True,False,False,False,False,False,False,1,1,True,True,True,True,True,True,True,True,True,True,True,True,True,True,True,1,1.0,True,True,True,True,True,False,False,False,False,False,False,True,True,117,1,True,77,22,0.2857142857142857,0.251314428280906,0.0068796624669323235,0.0,0.0,0.0,0.0,0.0,0.0,0.0,0.0,0.0,0.0,0.0,0.0,0.0,0.0,0.0,0,0,0,0,0,0,0,2.07,5.303304908059076,False,False,False,False,False,False,,,6.0,7.600000000000008
1675,Diwala,https://www.crunchbase.com/organization/diwala,Norway,59.9723975,10.7757292,2018,3.0,True,True,False,False,False,True,False,False,False,True,False,False,False,False,1,1,2,False,False,False,False,0.0,False,0.0,True,2019-11-20,2019-11-20,Seed,2019,21.0,False,,True,,12.5,40.5,True,,True,,True,,False,,False,,False,,0,0,False,,False,False,,False,,False,,False,,False,,False,,0,,False,,False,False,,True,True,True,True,False,False,False,False,117,1,True,77,22,0.2857142857142857,0.251314428280906,0.0068796624669323235,5.946969280464737,5.9140015089182425,5.9799370520112305,5.9140015089182425,5.946969280464737,5.9799370520112305,0.0,0.0,0.0,0.06842436961189535,0.06842436961189535,0.06842436961189535,0.0,0.0,0.0,0,0,0,0,0,0,0,2.07,5.303304908059076,False,False,False,False,False,False,,,6.0,7.600000000000008
1678,Dynaspace,https://www.crunchbase.com/organization/dynaspace,Norway,60.39299,5.32415,2018,1.0,True,False,False,False,True,False,True,False,False,True,False,False,False,False,1,2,2,True,False,True,False,2.0,True,0.0,True,2019-02-15,2019-08-14,Seed,2019,4.333333333333333,True,True,True,True,10.7,0.0,True,True,False,False,True,True,False,False,False,False,False,False,2,1,True,True,False,True,True,True,True,True,True,True,True,True,True,True,True,2,1.0,True,True,False,False,False,False,False,False,False,False,False,True,True,7,0,False,9,3,0.3333333333333333,0.2876820724517809,0.30427361317826307,0.42293669079401985,0.0,1.2688100723820597,0.0,0.0,0.0,0.0,0.6344050361910298,1.2688100723820597,0.8458733815880397,0.0,1.2688100723820597,0.0,0.0,0.0,0,0,0,0,1,1,1,2.07,5.303304908059076,False,False,False,False,False,False,,,0.0,0.0
1498,ShiftX,https://www.crunchbase.com/organization/shiftx-com,Norway,59.9723975,10.7757292,2018,3.0,True,True,False,False,True,False,False,False,False,True,False,False,False,True,2,1,4,True,False,True,False,1.0,True,1.68928,False,2020-11-16,2020-11-16,Pre-Seed,2020,16.5,True,True,True,False,9.5,3.2,False,False,False,False,False,False,False,False,False,False,False,False,2,1,True,True,False,True,True,True,True,True,True,True,True,True,True,True,True,3,1.0,True,True,False,True,True,True,True,True,False,False,False,True,False,117,1,True,77,21,0.2727272727272727,0.241162056816888,0.0068796624669323235,1.4688234196976133,0.0,5.617513404977145,0.0,1.9584312262634849,5.617513404977145,0.0,0.0,0.0,2.88017034039489,0.0,5.617513404977145,6.0,2.0,0.2252883124345997,1,0,0,0,0,0,0,2.07,4.61512051684126,True,False,False,True,True,True,2024-09-13,6.0,6.0,7.600000000000008
1484,Intoto,https://www.crunchbase.com/organization/intoto-74fc,Norway,58.31215,6.96187,2018,3.0,True,False,True,True,True,True,False,False,False,True,False,True,False,False,2,2,8,False,False,True,False,0.0,False,2.322406,False,2020-09-20,2021-09-06,Pre-Seed,2020,2.6,True,,True,,3.2,0.3,False,,False,,True,,False,,False,,False,,0,0,False,,False,True,,True,,False,,False,,False,,False,,9,,True,,True,True,,False,False,False,False,False,False,True,True,0,0,False,0,0,0.0,0.0,0.279542080427232,0.11378680848247084,0.06325437929749463,0.2852192339125681,0.06325437929749463,0.11378680848247084,0.2852192339125681,0.0,0.0,0.0,0.11864413460550265,0.0,0.3058328175538439,0.0,0.0,0.0,0,0,0,0,1,1,1,2.07,4.61512051684126,False,False,False,False,False,False,,,0.0,0.0
1423,Chooose,https://www.crunchbase.com/organization/chooose,Norway,59.9723975,10.7757292,2018,2.0,True,True,False,False,False,False,False,False,False,True,False,True,False,False,0,3,6,True,False,True,False,2.0,True,8.7,False,2017-07-31,2021-07-01,Series B,2017,44.333333333333336,True,False,True,True,6.6,5.3,True,True,False,False,True,False,False,False,True,False,True,True,1,0,True,False,False,True,False,True,False,True,False,True,False,True,False,True,False,2,0.0,True,False,False,True,False,False,False,False,False,True,False,True,True,117,1,True,77,21,0.2727272727272727,0.241162056816888,0.0068796624669323235,0.6896531006459176,0.0,1.047050249190068,0.0,0.4778907042321751,1.0412435368286481,0.9675431413429948,1.0072966952665314,1.047050249190068,1.043810235224646,0.34750477592624834,1.4320933109157508,1.0,0.0,0.0,0,0,0,0,0,0,0,2.07,4.330733340286331,False,True,True,True,True,True,,,6.0,7.600000000000008
1502,Farmable,https://www.crunchbase.com/organization/farmable-4092,Norway,59.9723975,10.7757292,2018,2.0,True,True,False,False,False,False,True,False,False,True,False,False,False,False,0,4,1,False,True,True,False,0.0,False,6.581954,False,2018-10-01,2021-11-01,Seed,2018,10.0,True,,False,,4.8,0.0,False,,False,,False,,False,,False,,False,,4,0,True,,True,True,,True,,True,,True,,True,,True,,4,,True,,True,True,,False,False,False,False,False,False,True,True,117,1,True,77,22,0.2857142857142857,0.251314428280906,0.0068796624669323235,0.0,0.0,0.0,0.0,0.0,0.0,0.0,0.0,0.0,0.0,0.0,0.0,0.0,0.0,0.0,0,0,0,0,0,0,0,2.07,4.61512051684126,False,False,False,False,False,False,,,6.0,7.600000000000008
1578,GroGro,https://www.crunchbase.com/organization/grogro,Norway,59.9723975,10.7757292,2018,2.0,False,True,False,False,False,True,True,False,False,False,False,False,False,False,1,3,2,True,False,True,False,1.0,True,0.85,False,2019-03-04,2021-10-12,Seed,2019,8.0,True,True,True,False,2.3,4.3,False,False,True,False,False,False,False,False,False,False,False,False,2,1,True,True,False,True,True,True,True,True,True,True,True,True,True,True,True,2,1.0,True,True,False,True,True,True,True,False,False,False,False,True,False,117,1,True,77,22,0.2857142857142857,0.251314428280906,0.0068796624669323235,3.3514464863426863,0.0,10.05433945902806,0.0,5.027169729514029,10.05433945902806,0.0,0.0,0.0,6.7028929726853725,0.0,10.05433945902806,2.0,0.0,0.0402231640645322,0,0,0,0,0,0,0,2.07,5.303304908059076,False,False,False,False,False,False,,,6.0,7.600000000000008
1548,Loopfront,https://www.crunchbase.com/organization/loopfront,Norway,63.5,11.0,2018,2.0,True,False,False,False,False,False,False,False,False,True,False,True,True,False,2,1,1,False,True,True,True,1.0,True,1.197114,False,2020-05-18,2020-05-18,Pre-Seed,2020,5.0,False,False,True,True,0.0,0.0,False,False,False,False,False,False,False,False,False,False,False,False,0,0,False,False,False,False,False,False,False,False,False,False,False,False,False,False,False,1,1.0,True,True,True,True,True,False,False,False,False,False,False,True,True,7,0,False,12,2,0.1666666666666666,0.1541506798272582,0.3990558334953436,0.39242857586787727,0.39242857586787727,0.39242857586787727,0.0,0.0,0.0,0.39242857586787727,0.39242857586787727,0.39242857586787727,0.0,0.0,0.0,0.0,0.0,0.0,0,0,0,0,1,1,0,2.07,4.61512051684126,False,False,False,False,False,False,,,0.0,1.2000000000000002
1581,Lifeplanner,https://www.crunchbase.com/organization/lifeplanner,Norway,60.39299,5.32415,2018,2.0,True,False,False,False,False,False,False,False,True,True,False,False,False,False,2,2,4,False,False,True,False,0.0,False,0.935208,False,2020-06-01,2020-12-01,Seed,2020,1.6,False,,True,,1.5,0.0,True,,False,,False,,False,,False,,False,,0,0,False,,False,False,,False,,False,,False,,False,,False,,2,,True,,False,True,,True,True,False,False,False,False,True,False,7,0,False,9,3,0.3333333333333333,0.2876820724517809,0.30427361317826307,1.9837963181191836,0.28934795288094595,3.6659257079858545,0.28934795288094595,1.9837963181191836,3.6659257079858545,0.0,0.0,0.0,2.2744105462228306,0.0,3.4165189781870007,0.0,0.0,0.0,0,0,0,0,1,1,1,2.07,4.61512051684126,False,False,False,False,False,False,,,0.0,0.0
1528,Ludenso,https://www.crunchbase.com/organization/ludenso,Norway,59.9723975,10.7757292,2018,3.0,False,True,False,False,False,True,False,False,False,True,True,False,False,False,2,2,5,True,False,False,False,1.0,True,1.0,False,2020-02-20,2022-10-10,Seed,2020,11.666666666666666,True,True,True,False,17.0,4.7,True,True,False,False,False,False,False,False,False,False,False,False,3,0,True,False,False,True,True,True,True,True,True,True,True,True,True,True,True,4,1.0,True,True,False,True,True,False,False,False,False,False,False,True,True,117,1,True,77,22,0.2857142857142857,0.251314428280906,0.0068796624669323235,0.38897800256673754,0.0,1.1618429287471144,0.0,0.4647371714988458,1.1618429287471144,0.010182157906196221,0.010182157906196221,0.010182157906196221,0.6203454532353688,0.0,1.1618429287471144,1.0,6.0,0.178915205030416,1,0,0,0,0,1,0,2.07,4.61512051684126,False,False,False,False,False,False,,,6.0,7.600000000000008
1412,Strise,https://www.crunchbase.com/organization/strise,Norway,59.9723975,10.7757292,2019,3.0,True,True,False,False,True,False,False,False,False,True,False,False,False,False,0,4,9,True,False,True,False,3.0,True,4.705755,False,2018-01-01,2022-11-07,Series A,2018,21.0,True,True,True,True,2.1,1.9,False,False,True,True,False,False,False,False,True,False,False,False,4,1,True,True,False,True,True,True,True,True,True,True,True,True,True,True,True,4,1.0,True,True,False,True,True,False,False,False,False,True,False,True,True,117,1,True,83,23,0.2771084337349397,0.2445984863154691,0.0068796624669323235,0.5295251377689537,0.0,1.1748693655199205,0.0,0.5130434785491224,1.1748693655199205,0.0,0.5679823426152267,0.9192865544085557,0.8111834825142361,0.0,1.823299526556456,4.0,3.0,0.2183601215474815,1,0,0,0,0,0,0,1.81,4.61512051684126,False,False,True,False,True,True,,,6.0,7.600000000000008
1610,Vake,https://www.crunchbase.com/organization/vake,Norway,59.9723975,10.7757292,2019,2.0,True,True,False,False,False,False,False,False,False,True,False,False,False,False,1,1,1,False,True,True,True,1.0,True,0.12,True,2020-06-08,2020-06-08,Pre-Seed,2020,0.0,False,False,True,True,14.0,545.0,False,False,True,True,True,True,False,False,False,False,False,False,0,0,False,False,False,False,False,False,False,False,False,False,False,False,False,False,False,0,0.0,False,False,False,False,False,True,True,True,True,False,False,False,False,117,1,True,83,22,0.2650602409638554,0.2351197423609254,0.0068796624669323235,7.466173844423896,7.466173844423896,7.466173844423896,0.0,0.0,0.0,7.466173844423896,7.466173844423896,7.466173844423896,0.0,0.0,0.0,3.0,0.0,0.0687619531421999,0,0,0,0,0,0,0,1.81,4.61512051684126,True,False,False,True,True,True,2024-03-20,5.0,6.0,7.600000000000008
1601,SMOC.AI,https://www.crunchbase.com/organization/smoc-ai,Norway,59.9723975,10.7757292,2019,1.0,True,True,False,False,False,False,False,False,False,True,True,False,False,False,1,1,1,False,True,True,True,1.0,True,0.538152,False,2020-06-01,2020-06-01,Pre-Seed,2020,41.0,True,True,False,False,4.0,2.0,False,False,False,False,False,False,False,False,False,False,False,False,1,1,True,True,True,True,True,True,True,True,True,True,True,True,True,True,True,1,1.0,True,True,True,True,True,False,False,False,False,False,False,True,True,117,1,True,83,23,0.2771084337349397,0.2445984863154691,0.0068796624669323235,0.0,0.0,0.0,0.0,0.0,0.0,0.0,0.0,0.0,0.0,0.0,0.0,6.0,6.0,0.3031924594922654,1,0,0,0,0,1,0,1.81,4.61512051684126,False,False,False,False,False,False,,,6.0,7.600000000000008
1649,Tinga,https://www.crunchbase.com/organization/tinga,Norway,59.4682478,5.0827612,2019,2.0,True,False,False,False,False,True,False,False,False,True,False,False,False,False,0,1,1,False,True,True,False,0.0,False,0.11,True,2019-12-15,2019-12-15,Venture - Series Unknown,2019,0.0,False,,True,,1.0,11.0,False,,True,,False,,False,,False,,False,,0,0,False,,False,False,,False,,False,,False,,False,,False,,0,,False,,False,False,,True,True,False,False,False,False,False,False,0,0,False,0,0,0.0,0.0,0.32113835008621283,10.377439388025085,10.377439388025085,10.377439388025085,10.377439388025085,10.377439388025085,10.377439388025085,0.0,0.0,0.0,0.0,0.0,0.0,0.0,0.0,0.0,0,0,0,0,1,1,1,1.81,5.303304908059076,False,False,True,False,True,True,,,0.0,0.0
1543,Adline,https://www.crunchbase.com/organization/adline-professional,Norway,59.9723975,10.7757292,2019,2.0,True,True,False,False,False,False,False,False,False,False,True,False,False,False,1,1,2,False,False,False,False,2.0,True,0.627244,False,2020-02-01,2020-02-01,Series A,2020,4.0,True,True,True,True,11.0,0.0,False,False,False,False,False,False,False,False,False,False,False,False,0,0,False,False,False,True,True,True,True,True,True,True,True,True,True,True,True,1,1.0,True,True,False,True,True,True,True,False,False,False,False,True,False,117,1,True,83,23,0.2771084337349397,0.2445984863154691,0.0068796624669323235,3.595061010314738,0.011522695813611634,7.178599324815863,0.0,0.0,0.0,0.011522695813611634,3.595061010314738,7.178599324815863,7.181244129809322,7.181244129809322,7.181244129809322,2.0,6.0,0.2191383690949482,1,0,0,0,0,1,0,1.81,4.61512051684126,False,False,True,False,True,True,,,6.0,7.600000000000008
1517,Kitemaker,https://www.crunchbase.com/organization/kitemaker,Norway,59.9723975,10.7757292,2019,2.0,True,True,False,False,False,False,False,False,False,True,False,False,False,True,0,2,4,True,False,True,False,2.0,True,0.174584,True,2019-04-01,2021-03-22,Seed,2019,68.0,True,True,True,False,8.2,167.5,False,False,True,False,True,True,False,False,True,True,False,False,2,2,True,True,False,True,True,True,True,True,True,True,True,True,True,True,True,2,2.0,True,True,False,True,True,True,True,True,False,False,False,True,False,117,1,True,83,23,0.2771084337349397,0.2445984863154691,0.0068796624669323235,2.1947140002488683,0.0,8.362906280063083,0.4159497209323909,4.389428000497737,8.362906280063083,0.0,0.0,0.0,4.368407791423647,0.0,8.652734746550937,11.0,20.0,0.4576733333520985,1,0,0,1,1,1,1,1.81,5.303304908059076,False,False,False,False,False,False,,,6.0,7.600000000000008
1505,Modulize,https://www.crunchbase.com/organization/modulize,Norway,59.9723975,10.7757292,2020,3.0,True,True,False,False,False,False,False,False,False,True,False,False,True,False,0,2,5,True,False,True,False,1.0,True,2.19527,False,2020-11-16,2022-04-04,Seed,2020,48.75,True,False,True,True,5.6,9.5,True,True,True,True,True,False,False,False,False,False,False,False,1,0,True,False,False,True,False,True,False,True,False,True,False,True,False,True,False,2,0.0,True,False,False,True,True,True,True,False,False,False,False,True,False,117,1,True,96,24,0.25,0.2231435513142097,0.0068796624669323235,3.691857669021482,0.0,10.05433945902806,0.0,4.332590084534222,10.05433945902806,0.4881955914577812,0.4881955914577812,0.4881955914577812,5.810898308356221,0.0,10.856912543700851,21.0,19.0,0.5133175639186445,1,1,0,1,1,1,1,-5.65,4.61512051684126,False,False,False,False,False,False,,,6.0,7.600000000000008
1490,Plaace,https://www.crunchbase.com/organization/plaace,Norway,59.9723975,10.7757292,2020,3.0,True,True,False,False,False,False,False,False,False,True,False,False,True,False,0,3,7,True,False,True,False,3.0,True,3.267398,False,2020-04-07,2024-01-12,Seed,2020,23.0,True,True,True,True,23.3,4.5,False,False,True,True,True,True,False,False,True,True,False,False,5,1,True,True,False,True,True,True,True,True,True,True,True,True,True,True,True,6,2.0,True,True,False,True,True,True,True,False,False,False,False,True,False,117,1,True,96,24,0.25,0.2231435513142097,0.0068796624669323235,2.515025201733716,0.0,10.05433945902806,0.0,2.0108678918056118,10.05433945902806,0.0,3.3552873849472236,10.05433945902806,4.3116783235713925,0.0,10.062992495325185,22.0,12.0,0.4781192888254927,1,1,0,1,1,1,1,-5.65,4.61512051684126,False,False,False,False,False,False,,,6.0,7.600000000000008
1481,Ocean Oasis,https://www.crunchbase.com/organization/ocean-oasis,Norway,59.9723975,10.7757292,2020,2.0,True,True,True,True,True,False,False,False,False,False,False,True,False,False,0,2,2,False,False,True,False,0.0,False,0.11,True,2020-05-05,2023-02-17,Seed,2020,50.0,False,,True,,1.5,6.0,False,,True,,False,,False,,False,,False,,0,0,False,,False,False,,False,,False,,False,,False,,False,,0,,False,,False,True,,True,True,False,False,False,False,True,False,117,1,True,96,24,0.25,0.2231435513142097,0.0068796624669323235,5.608091193887587,1.1618429287471144,10.05433945902806,1.1618429287471144,5.608091193887587,10.05433945902806,0.0,0.0,0.0,10.856912543700851,10.856912543700851,10.856912543700851,11.0,9.0,0.3894564774934544,1,0,0,0,1,1,1,-5.65,4.61512051684126,False,False,False,False,False,False,,,6.0,7.600000000000008
1453,Spoor,https://www.crunchbase.com/organization/spoor,Norway,59.9723975,10.7757292,2020,3.0,True,True,True,True,True,False,False,False,False,True,False,True,False,False,0,2,10,False,False,False,False,0.0,False,4.129086,False,2020-12-31,2024-05-16,Seed,2020,5.0,True,,True,,4.0,1.4,True,,True,,False,,False,,False,,True,,3,0,True,,False,True,,True,,True,,True,,True,,True,,4,,True,,False,True,,True,True,True,False,False,False,True,False,117,1,True,96,24,0.25,0.2231435513142097,0.0068796624669323235,2.7123622975833572,0.0,10.05433945902806,0.0,2.7123622975833572,10.05433945902806,0.0,0.0,0.0,5.345864799143181,0.0,15.339585122317537,11.0,8.0,0.3797691862944328,1,0,0,0,0,1,1,-5.65,4.61512051684126,False,False,False,False,False,False,,,6.0,7.600000000000008
1420,Glint Solar,https://www.crunchbase.com/organization/glint-solar,Norway,59.9723975,10.7757292,2020,3.0,True,True,True,False,True,False,False,False,False,True,False,True,False,False,0,2,6,False,False,True,False,0.0,False,3.11,False,2020-03-25,2022-06-13,Series A,2020,11.8,False,,True,,4.4,3.7,True,,True,,False,,False,,False,,False,,0,0,False,,False,False,,False,,False,,False,,False,,False,,3,,True,,False,False,,True,True,True,False,True,False,True,False,117,1,True,96,24,0.25,0.2231435513142097,0.0068796624669323235,4.303210941354401,0.3049337743417283,10.05433945902806,0.3049337743417283,4.303210941354401,10.05433945902806,0.0,0.0,0.0,7.156492249943395,0.0,16.00501508649074,12.0,18.0,0.4564116761037997,1,0,0,1,1,1,1,-5.65,4.61512051684126,False,False,True,False,True,True,,,6.0,7.600000000000008
1512,Speiz,https://www.crunchbase.com/organization/speiz,Norway,59.9723975,10.7757292,2020,3.0,True,True,False,False,True,False,False,False,False,True,True,False,False,False,0,3,4,True,False,False,False,1.0,True,1.470758,False,2020-01-01,2022-12-06,Seed,2020,11.6,False,False,True,True,2.3,2.5,False,False,True,False,False,False,True,False,False,False,False,False,0,0,False,False,False,False,False,False,False,False,False,False,False,False,False,False,False,0,0.0,False,False,False,False,False,True,True,True,False,True,False,True,False,117,1,True,96,24,0.25,0.2231435513142097,0.0068796624669323235,3.712962692676624,0.8976709016130396,10.05433945902806,0.8976709016130396,4.276021050889342,10.05433945902806,0.8976709016130396,0.8976709016130396,0.8976709016130396,6.249445656994653,0.0,13.584704601353966,11.0,9.0,0.3894564774934544,1,0,0,0,1,1,1,-5.65,4.61512051684126,False,False,False,False,False,False,,,6.0,7.600000000000008
1533,Savvie,https://www.crunchbase.com/organization/savvie-fea4,Norway,59.9723975,10.7757292,2020,2.0,True,True,False,False,True,False,True,False,False,True,False,False,False,False,0,2,9,True,False,True,False,1.0,True,0.935629,False,2020-06-01,2020-12-15,Pre-Seed,2020,4.0,True,False,True,True,9.0,1.3,False,False,True,True,False,False,False,False,False,False,False,False,5,0,True,False,False,True,False,True,False,True,False,True,False,True,False,True,False,6,0.0,True,False,False,True,False,True,True,False,False,False,False,True,False,117,1,True,96,24,0.25,0.2231435513142097,0.0068796624669323235,1.4379803078345244,0.0,10.05433945902806,0.0,0.0019204493022686056,0.011522695813611634,10.05433945902806,10.05433945902806,10.05433945902806,2.875823965215883,0.0,10.062992495325185,12.0,4.0,0.333666034591936,1,0,0,0,0,0,1,-5.65,4.61512051684126,False,False,False,False,False,False,,,6.0,7.600000000000008
1545,Travelin.ai,https://www.crunchbase.com/organization/travelin-ai,Norway,59.9723975,10.7757292,2020,4.0,True,True,False,False,False,True,False,False,False,True,False,False,False,False,0,1,2,False,False,True,False,0.0,False,0.51,False,2020-11-01,2020-11-01,Pre-Seed,2020,34.0,True,,False,,11.0,3.5,False,,False,,False,,False,,True,,False,,2,0,True,,True,True,,True,,True,,True,,True,,True,,2,,True,,True,True,,False,False,False,False,False,False,True,True,117,1,True,96,24,0.25,0.2231435513142097,0.0068796624669323235,0.0,0.0,0.0,0.0,0.0,0.0,0.0,0.0,0.0,0.0,0.0,0.0,5.0,1.0,0.1727159991214717,1,0,0,0,0,0,0,-5.65,4.61512051684126,False,False,False,False,False,False,,,6.0,7.600000000000008
1609,Sentry.co,https://www.crunchbase.com/organization/sentry-co,Norway,59.9723975,10.7757292,2020,2.0,False,True,False,False,False,False,False,False,False,True,False,False,False,False,0,1,1,False,True,True,False,0.0,False,0.4,True,2020-07-24,2020-07-24,Pre-Seed,2020,0.0,False,,True,,2.0,11.0,False,,True,,False,,False,,False,,False,,0,0,False,,False,False,,False,,False,,False,,False,,False,,0,,False,,False,False,,True,True,False,False,False,False,False,False,117,1,True,96,24,0.25,0.2231435513142097,0.0068796624669323235,10.05433945902806,10.05433945902806,10.05433945902806,10.05433945902806,10.05433945902806,10.05433945902806,0.0,0.0,0.0,0.0,0.0,0.0,11.0,9.0,0.3894564774934544,1,0,0,0,1,1,1,-5.65,4.61512051684126,False,False,False,False,False,False,,,6.0,7.600000000000008
1612,Foody,https://www.crunchbase.com/organization/foody-3fed,Norway,59.9723975,10.7757292,2020,3.0,True,True,False,False,False,True,True,False,False,True,False,False,False,False,0,3,3,False,False,True,False,0.0,False,0.65,False,2020-08-01,2022-04-26,Seed,2020,30.5,True,,True,,10.0,6.7,False,,False,,True,,False,,True,,False,,2,0,True,,False,True,,True,,True,,True,,True,,True,,2,,True,,False,True,,True,True,True,False,False,False,True,False,117,1,True,96,24,0.25,0.2231435513142097,0.0068796624669323235,2.6906472222222853,0.0,8.071941666666856,0.0,2.6906472222222853,8.071941666666856,0.0,0.0,0.0,5.3812944444445705,0.0,8.071941666666856,3.0,1.0,0.1324928350569394,0,0,0,0,0,0,0,-5.65,4.61512051684126,False,False,False,False,False,False,,,6.0,7.600000000000008
959,Bambuser,https://www.crunchbase.com/organization/bambuser,Sweden,59.3251172,18.0710935,2007,5.0,False,True,False,False,False,True,False,False,False,True,True,False,False,False,1,2,1,False,True,False,True,1.0,True,2.2,False,2008-07-24,2009-06-01,Post-IPO Equity,2008,13.0,False,False,True,True,11.5,3.0,False,False,False,False,False,False,False,False,False,False,False,False,0,0,False,False,False,False,False,False,False,False,False,False,False,False,False,False,False,0,0.0,False,False,False,True,True,False,False,False,False,False,False,True,True,334,2,True,4,3,0.75,0.5596157879354227,0.0,0.4159497209323909,0.4159497209323909,0.4159497209323909,0.0,0.0,0.0,0.4159497209323909,0.4159497209323909,0.4159497209323909,0.0,0.0,0.0,0.0,0.0,0.0,0,0,0,0,0,0,0,3.16,,True,True,False,True,True,True,2017-05-05,10.0,12.0,18.200000000000017
891,Springworks,https://www.crunchbase.com/organization/springworks-ab,Sweden,59.3251172,18.0710935,2007,2.0,False,True,False,False,True,False,False,False,False,True,False,False,False,False,3,1,1,False,True,False,True,1.0,True,0.0,True,2010-08-01,2010-08-01,Series A,2010,12.0,True,True,False,False,9.0,4.0,False,False,False,False,False,False,False,False,False,False,False,False,1,1,True,True,True,True,True,True,True,True,True,True,True,True,True,True,True,1,1.0,True,True,True,True,True,False,False,False,False,False,False,True,True,334,2,True,4,3,0.75,0.5596157879354227,0.0,0.0,0.0,0.0,0.0,0.0,0.0,0.0,0.0,0.0,0.0,0.0,0.0,1.0,0.0,0.0,0,0,0,0,0,0,0,3.16,,True,False,True,True,True,True,2018-12-17,11.0,12.0,18.200000000000017
1106,Likvor,https://www.crunchbase.com/organization/likvor,Sweden,63.8256568,20.2630745,2007,1.0,False,False,False,False,False,False,False,True,False,False,False,False,False,False,8,2,3,True,False,False,False,1.0,True,0.326233,True,2015-09-28,2019-02-28,Seed,2015,34.666666666666664,False,False,True,True,5.3,6.7,False,False,False,False,False,False,False,False,False,False,False,False,0,0,False,False,False,False,False,False,False,False,False,False,False,False,False,False,False,3,1.0,True,True,True,True,True,False,False,False,False,False,False,True,True,5,0,False,3,1,0.3333333333333333,0.2876820724517809,0.4742283877328984,0.32576693947448837,0.17549559819290836,0.5136329082519333,0.17549559819290836,0.23183395508576593,0.2881723119786235,0.5136329082519333,0.5136329082519333,0.5136329082519333,0.5206133217257387,0.40706027051861293,0.6886449627961037,6.0,1.0,0.1880081363765889,1,0,0,0,1,1,0,3.16,,False,False,False,False,False,False,,,1.0,10.800000000000004
1391,JAYS,https://www.crunchbase.com/organization/jays,Sweden,59.3251172,18.0710935,2007,1.0,False,True,False,False,True,True,False,False,False,True,False,False,False,False,1,1,1,False,True,False,False,0.0,False,2.0,False,2008-01-01,2008-01-01,Seed,2008,147.0,True,,False,,5.0,40.0,False,,True,,False,,False,,False,,False,,1,0,True,,True,True,,True,,True,,True,,True,,True,,1,,True,,True,True,,False,False,False,False,False,False,True,True,334,2,True,4,3,0.75,0.5596157879354227,0.0,0.0,0.0,0.0,0.0,0.0,0.0,0.0,0.0,0.0,0.0,0.0,0.0,0.0,0.0,0.0,0,0,0,0,0,0,0,3.16,,True,False,False,True,True,True,2011-12-19,4.0,12.0,18.200000000000017
1327,Nordic River,https://www.crunchbase.com/organization/textflow,Sweden,63.8256568,20.2630745,2007,3.0,False,False,False,False,False,False,False,False,False,True,False,False,False,True,3,1,1,False,True,False,False,0.0,False,0.0,True,2010-11-08,2010-11-08,Seed,2010,60.0,False,,True,,1.0,9.0,False,,False,,False,,False,,False,,False,,0,0,False,,False,False,,False,,False,,False,,False,,False,,1,,True,,True,False,,False,False,False,False,False,False,True,True,5,0,False,3,1,0.3333333333333333,0.2876820724517809,0.4742283877328984,0.17549559819290836,0.17549559819290836,0.17549559819290836,0.17549559819290836,0.17549559819290836,0.17549559819290836,0.0,0.0,0.0,0.0,0.0,0.0,0.0,0.0,0.0,0,0,0,0,0,0,0,3.16,,False,False,False,False,False,False,,,1.0,10.800000000000004
1295,24 Media Network,https://www.crunchbase.com/organization/24-media-network,Sweden,59.3251172,18.0710935,2007,2.0,False,True,False,False,False,False,False,False,False,True,True,False,False,False,1,1,2,False,False,False,False,0.0,False,0.185588,True,2008-09-01,2008-09-01,Venture - Series Unknown,2008,13.0,True,,True,,4.0,5.5,False,,False,,False,,False,,False,,False,,1,0,True,,False,True,,True,,True,,True,,True,,True,,2,,True,,True,True,,False,False,False,False,False,False,True,True,334,2,True,4,3,0.75,0.5596157879354227,0.0,0.19865653710623857,0.0,0.39731307421247714,0.0,0.19865653710623857,0.39731307421247714,0.0,0.0,0.0,0.39731307421247714,0.39731307421247714,0.39731307421247714,0.0,0.0,0.0,0,0,0,0,0,0,0,3.16,,True,False,True,True,True,True,2019-05-16,12.0,12.0,18.200000000000017
1182,Versasec,https://www.crunchbase.com/organization/versasec,Sweden,59.3251172,18.0710935,2007,4.0,False,True,False,False,False,False,False,False,False,True,False,False,False,False,4,2,1,False,True,False,False,0.0,False,0.811856,False,2011-02-01,2012-09-01,Seed,2011,543.0,True,,False,,2.5,50.0,False,,True,,False,,False,,False,,False,,2,0,True,,True,True,,True,,True,,True,,True,,True,,2,,True,,True,True,,False,False,False,False,False,False,True,True,334,2,True,4,4,1.0,0.6931471805599453,0.0,0.0,0.0,0.0,0.0,0.0,0.0,0.0,0.0,0.0,0.0,0.0,0.0,1.0,2.0,0.1010110579727503,0,0,0,0,0,0,0,3.16,,False,False,False,False,False,False,,,12.0,18.200000000000017
1175,Limes Audio,https://www.crunchbase.com/organization/limes-audio,Sweden,63.8256568,20.2630745,2007,2.0,False,False,False,False,False,False,False,False,False,True,True,False,False,False,7,1,2,False,False,False,False,0.0,False,2.239978,False,2014-06-11,2014-06-11,Venture - Series Unknown,2014,38.5,False,,True,,4.5,5.5,False,,False,,False,,False,,False,,False,,0,0,False,,False,False,,False,,False,,False,,False,,False,,2,,True,,True,False,,False,False,False,False,False,False,True,True,5,0,False,3,0,0.0,0.0,0.4742283877328984,0.23183395508576593,0.17549559819290836,0.2881723119786235,0.17549559819290836,0.23183395508576593,0.2881723119786235,0.0,0.0,0.0,0.40706027051861293,0.40706027051861293,0.40706027051861293,3.0,1.0,0.1324928350569394,0,0,0,0,1,1,0,3.16,,True,False,True,True,True,True,2017-01-06,10.0,1.0,10.800000000000004
1276,NUITEQ,https://www.crunchbase.com/organization/nuiteq,Sweden,64.7520185,20.959339,2007,1.0,False,False,False,False,False,True,False,False,False,True,False,False,False,False,8,1,1,False,True,False,False,0.0,False,0.92,False,2015-03-26,2015-03-26,Seed,2015,17.0,False,,True,,5.0,2.0,False,,False,,False,,False,,False,,False,,0,0,False,,False,False,,False,,False,,False,,False,,False,,1,,True,,True,False,,False,False,False,False,False,False,True,True,1,0,False,0,0,0.0,0.0,0.5491199388412187,0.35449685408101694,0.35449685408101694,0.35449685408101694,0.35449685408101694,0.35449685408101694,0.35449685408101694,0.0,0.0,0.0,0.0,0.0,0.0,0.0,0.0,0.0,0,0,0,0,1,1,1,3.16,,False,False,False,False,False,False,,,0.0,0.0
1218,Applied Nano Surfaces,https://www.crunchbase.com/organization/applied-nano-surfaces,Sweden,59.8586126,17.6387436,2008,2.0,False,False,False,False,True,False,False,False,False,False,False,False,False,False,2,1,1,False,True,False,False,0.0,False,0.0,True,2010-05-01,2010-05-01,Venture - Series Unknown,2010,12.0,True,,False,,4.0,1.0,False,,False,,False,,False,,False,,False,,0,0,False,,False,True,,True,,False,,False,,False,,False,,1,,True,,True,True,,False,False,False,False,False,False,True,True,5,0,False,1,0,0.0,0.0,0.06411843760759518,0.06411843760759518,0.06411843760759518,0.06411843760759518,0.06411843760759518,0.06411843760759518,0.06411843760759518,0.0,0.0,0.0,0.0,0.0,0.0,0.0,0.0,0.0,0,0,0,0,1,1,0,0.64,,False,False,True,False,True,True,,,0.0,1.0
1207,VBN Components,https://www.crunchbase.com/organization/vbn-components,Sweden,59.8586126,17.6387436,2008,2.0,False,False,False,True,True,True,False,False,False,False,False,False,False,False,0,1,1,False,True,False,False,0.0,False,0.0,True,2008-08-28,2008-08-28,Venture - Series Unknown,2008,543.0,True,,False,,0.0,50.0,False,,True,,False,,False,,False,,False,,0,0,False,,False,True,,True,,False,,False,,False,,False,,1,,True,,True,True,,False,False,False,False,False,False,True,True,5,0,False,1,0,0.0,0.0,0.06411843760759518,0.06411843760759518,0.06411843760759518,0.06411843760759518,0.06411843760759518,0.06411843760759518,0.06411843760759518,0.0,0.0,0.0,0.0,0.0,0.0,0.0,0.0,0.0,0,0,0,0,1,1,0,0.64,,False,False,True,False,True,True,,,0.0,1.0
751,Worldfavor,https://www.crunchbase.com/organization/worldfavor,Sweden,59.3251172,18.0710935,2008,4.0,False,True,False,False,True,False,False,False,False,True,False,True,False,False,9,2,3,False,False,False,False,3.0,True,3.946701,False,2017-06-07,2019-12-17,Series A,2017,39.666666666666664,True,True,True,True,3.3,4.3,False,False,True,True,False,False,False,False,False,False,False,False,2,2,True,True,False,True,True,True,True,True,True,True,True,True,True,True,True,3,3.0,True,True,True,True,True,False,False,False,False,False,False,True,True,334,2,True,10,6,0.6,0.4700036292457355,0.0,0.15574481591713343,0.0,0.4661347318624995,0.0,0.0,0.0,0.0,0.15574481591713343,0.4661347318624995,0.31075708697495535,0.0010997158889007883,0.4661347318624995,8.0,7.0,0.3404009270154831,1,0,0,0,0,0,0,0.64,,False,False,True,False,True,True,,,12.0,18.200000000000017
862,Leeroy,https://www.crunchbase.com/organization/leeroy,Sweden,59.3251172,18.0710935,2008,3.0,False,True,False,False,False,True,False,False,False,True,True,False,False,True,8,1,1,False,True,False,True,1.0,True,6.804142,False,2016-08-30,2016-08-30,Venture - Series Unknown,2016,21.0,True,True,False,False,1.0,3.0,False,False,False,False,False,False,False,False,False,False,False,False,1,1,True,True,True,True,True,True,True,True,True,True,True,True,True,True,True,1,1.0,True,True,True,True,True,False,False,False,False,False,False,True,True,334,2,True,10,6,0.6,0.4700036292457355,0.0,0.0,0.0,0.0,0.0,0.0,0.0,0.0,0.0,0.0,0.0,0.0,0.0,4.0,0.0,0.0908983577180024,0,0,0,0,0,0,0,0.64,,False,False,True,False,True,True,,,12.0,18.200000000000017
1049,Eliq,https://www.crunchbase.com/organization/eliq,Sweden,57.7072326,11.9670171,2008,5.0,False,False,True,False,False,False,False,False,False,True,False,False,False,False,1,1,1,False,True,False,False,0.0,False,0.0,True,2009-01-01,2009-01-01,Venture - Series Unknown,2009,543.0,False,,True,,0.0,50.0,False,,True,,False,,False,,False,,False,,0,0,False,,False,False,,False,,False,,False,,False,,False,,1,,True,,True,True,,False,False,False,False,False,False,True,True,25,2,True,2,0,0.0,0.0,0.22766469926136576,0.39731307421247714,0.39731307421247714,0.39731307421247714,0.39731307421247714,0.39731307421247714,0.39731307421247714,0.0,0.0,0.0,0.0,0.0,0.0,0.0,0.0,0.0,0,0,0,0,0,0,0,0.64,,False,False,True,False,True,True,,,8.0,41.0
1401,Shootitlive,https://www.crunchbase.com/organization/shoot-it-live,Sweden,59.3251172,18.0710935,2008,2.0,False,True,False,False,True,False,False,False,False,False,True,False,False,False,2,2,1,False,True,False,False,0.0,False,0.311138,True,2010-02-01,2011-02-02,Seed,2010,12.0,True,,False,,4.5,1.0,False,,False,,False,,False,,False,,False,,2,0,True,,True,True,,True,,True,,True,,True,,True,,2,,True,,True,True,,False,False,False,False,False,False,True,True,334,2,True,10,5,0.5,0.4054651081081644,0.0,0.0,0.0,0.0,0.0,0.0,0.0,0.0,0.0,0.0,0.0,0.0,0.0,0.0,0.0,0.0,0,0,0,0,0,0,0,0.64,,True,False,False,True,True,True,2016-09-30,8.0,12.0,18.200000000000017
984,Zordix,https://www.crunchbase.com/organization/zordix,Sweden,63.8256568,20.2630745,2009,1.0,False,False,False,False,True,False,False,False,False,True,True,False,False,False,3,1,2,False,False,False,False,0.0,False,0.0,True,2012-09-24,2012-09-24,Venture - Series Unknown,2012,301.5,False,,True,,3.0,29.5,False,,True,,False,,False,,False,,False,,0,0,False,,False,False,,False,,False,,False,,False,,False,,2,,True,,True,True,,False,False,False,False,False,False,True,True,5,0,False,4,1,0.25,0.2231435513142097,0.4742283877328984,0.3445642532224208,0.17549559819290836,0.5136329082519333,0.17549559819290836,0.3445642532224208,0.5136329082519333,0.0,0.0,0.0,0.6886449627961037,0.6886449627961037,0.6886449627961037,1.0,0.0,0.0,0,0,0,0,0,0,0,-4.35,,False,False,True,False,True,True,,,1.0,10.800000000000004
1346,Anyfi Networks,https://www.crunchbase.com/organization/anyfi-networks,Sweden,55.6052931,13.0001566,2009,2.0,False,False,False,False,False,False,False,False,False,True,False,False,False,False,3,1,1,False,True,False,False,0.0,False,1.547509,False,2012-09-12,2012-09-12,Seed,2012,128.0,False,,True,,33.0,34.0,True,,False,,False,,False,,False,,False,,0,0,False,,False,False,,False,,False,,False,,False,,False,,1,,True,,True,True,,False,False,False,False,False,False,True,True,229,1,True,0,0,0.0,0.0,0.028465307004047598,0.512576505756072,0.512576505756072,0.512576505756072,0.512576505756072,0.512576505756072,0.512576505756072,0.0,0.0,0.0,0.0,0.0,0.0,0.0,0.0,0.0,0,0,0,0,0,0,0,-4.35,,False,False,False,False,False,False,,,14.0,34.0
1323,Fabrication Games,https://www.crunchbase.com/organization/fabrication-games,Sweden,59.3251172,18.0710935,2009,1.0,False,True,False,False,False,False,False,False,False,True,True,False,False,False,0,1,1,False,True,False,True,1.0,True,0.0,True,2009-06-05,2009-06-05,Seed,2009,12.0,True,True,False,False,8.0,4.0,False,False,False,False,False,False,False,False,False,False,False,False,1,1,True,True,True,True,True,True,True,True,True,True,True,True,True,True,True,1,1.0,True,True,True,True,True,False,False,False,False,False,False,True,True,334,2,True,12,6,0.5,0.4054651081081644,0.0,0.0,0.0,0.0,0.0,0.0,0.0,0.0,0.0,0.0,0.0,0.0,0.0,0.0,0.0,0.0,0,0,0,0,0,0,0,-4.35,,True,False,False,True,True,True,2012-03-13,3.0,12.0,18.200000000000017
1309,Addimotion,https://www.crunchbase.com/organization/addimotion,Sweden,55.7029296,13.1929449,2009,1.0,False,False,False,False,False,True,False,False,False,True,False,False,False,False,11,1,1,False,True,False,False,0.0,False,0.0,True,2020-12-21,2020-12-21,Seed,2020,10.0,False,,True,,0.0,1.0,True,,False,,False,,False,,False,,True,,0,0,False,,False,False,,False,,False,,False,,False,,False,,1,,True,,True,True,,False,False,False,False,False,False,True,True,229,1,True,0,0,0.0,0.0,0.03907656422507779,0.49681358519952573,0.49681358519952573,0.49681358519952573,0.49681358519952573,0.49681358519952573,0.49681358519952573,0.0,0.0,0.0,0.0,0.0,0.0,0.0,0.0,0.0,0,0,0,0,0,0,0,-4.35,,False,False,False,False,False,False,,,3.0,11.400000000000013
889,Dolprop,https://www.crunchbase.com/organization/dolprop,Sweden,59.2904595,17.813072,2009,1.0,False,True,False,False,True,False,False,False,False,True,False,False,False,False,10,1,1,False,True,True,False,0.0,False,0.11,True,2019-10-01,2019-10-01,Corporate Round,2019,0.0,False,,True,,1.0,11.0,False,,True,,False,,False,,False,,False,,0,0,False,,False,False,,False,,False,,False,,False,,False,,0,,False,,False,False,,True,True,False,False,False,False,False,False,334,2,True,0,0,0.0,0.0,0.015143040152033995,9.659280181529503,9.659280181529503,9.659280181529503,9.659280181529503,9.659280181529503,9.659280181529503,0.0,0.0,0.0,0.0,0.0,0.0,16.0,2.0,0.3133110331910896,1,0,0,0,0,0,0,-4.35,,False,False,True,False,True,True,,,12.0,18.40000000000001
734,Camphouse,https://www.crunchbase.com/organization/mediatool,Sweden,59.3251172,18.0710935,2009,5.0,False,True,False,False,False,False,False,False,False,True,True,False,False,True,11,1,4,True,False,False,False,1.0,True,2.926876,False,2020-10-15,2020-10-15,Venture - Series Unknown,2020,159.0,True,False,True,True,10.3,16.0,False,False,True,True,False,False,False,False,False,False,False,False,3,0,True,False,False,True,False,True,False,True,False,True,False,True,False,True,False,3,0.0,True,False,False,True,True,False,False,False,False,False,False,True,True,334,2,True,12,7,0.5833333333333334,0.4595323293784402,0.0,0.2812945354374036,0.0,1.1251781417496145,0.0,0.0,0.0,1.1251781417496145,1.1251781417496145,1.1251781417496145,0.5625890708748073,0.0,1.1251781417496145,52.0,32.0,0.6465847307089636,1,1,1,1,1,1,1,-4.35,,False,False,True,False,True,True,,,12.0,18.200000000000017
1028,Ferroamp Elektronik,https://www.crunchbase.com/organization/ferroamp-elektronik-ab,Sweden,59.3836259,17.8981821,2010,1.0,False,True,True,False,True,True,False,False,False,True,False,False,False,False,6,1,2,False,False,False,False,0.0,False,1.748918,False,2016-01-18,2016-01-18,Seed,2016,348.0,True,,True,,6.5,28.5,True,,True,,True,,False,,False,,False,,0,0,False,,False,True,,True,,True,,True,,True,,True,,1,,True,,False,True,,False,False,False,False,False,False,True,True,334,2,True,2,1,0.5,0.4054651081081644,0.011763291688290062,0.5945480586292462,0.011763291688290052,1.1773328255702022,0.011763291688290052,0.5945480586292462,1.1773328255702022,0.0,0.0,0.0,1.1801038489997409,1.1801038489997409,1.1801038489997409,17.0,3.0,0.3454319982429434,1,0,0,0,0,0,0,2.23,,False,False,False,False,False,False,,,12.0,18.200000000000017
1032,Lipigon Pharmaceuticals,https://www.crunchbase.com/organization/lipigon-pharmaceuticals,Sweden,63.8256568,20.2630745,2010,2.0,False,False,False,False,False,False,False,True,False,False,False,False,False,False,6,2,3,True,False,False,False,1.0,True,0.852547,False,2016-12-20,2019-02-11,Seed,2016,210.0,False,False,True,True,6.3,22.7,False,False,True,False,False,False,False,False,False,False,False,False,0,0,False,False,False,False,False,False,False,False,False,False,False,False,False,False,False,3,1.0,True,True,True,True,True,False,False,False,False,False,False,True,True,5,0,False,8,2,0.25,0.2231435513142097,0.4742283877328984,0.4009204715655917,0.17549559819290836,0.5136329082519333,0.17549559819290836,0.3445642532224208,0.5136329082519333,0.5136329082519333,0.5136329082519333,0.5136329082519333,0.4590966418640691,0.0,0.6886449627961037,9.0,0.0,0.1596603108602024,0,0,0,0,1,0,0,2.23,,True,False,False,True,True,True,2021-03-01,11.0,1.0,10.800000000000004
988,Learning To Sleep,https://www.crunchbase.com/organization/learning2sleep,Sweden,55.6052931,13.0001566,2010,2.0,False,False,False,False,False,True,False,True,False,False,False,False,False,False,6,1,2,False,False,False,False,0.0,False,0.43,True,2016-10-18,2016-10-18,Venture - Series Unknown,2016,15.0,True,,True,,14.0,4.5,False,,False,,False,,False,,False,,False,,1,0,True,,False,True,,True,,True,,True,,True,,True,,2,,True,,True,True,,False,False,False,False,False,False,True,True,229,1,True,1,0,0.0,0.0,0.028465307004047598,0.256288252878036,0.0,0.512576505756072,0.0,0.256288252878036,0.512576505756072,0.0,0.0,0.0,0.512576505756072,0.512576505756072,0.512576505756072,1.0,7.0,0.1911926457442186,1,0,0,0,0,0,0,2.23,,False,False,True,False,True,True,,,14.0,34.0
1178,Mr Shoebox,https://www.crunchbase.com/organization/mr-shoebox,Sweden,59.3251172,18.0710935,2010,1.0,False,True,False,False,False,False,False,False,True,True,False,False,False,False,5,1,1,False,True,False,True,1.0,True,0.688093,False,2015-11-23,2015-11-23,Venture - Series Unknown,2015,41.0,True,True,False,False,1.0,7.0,False,False,False,False,False,False,False,False,False,False,False,False,1,1,True,True,True,True,True,True,True,True,True,True,True,True,True,True,True,1,1.0,True,True,True,True,True,False,False,False,False,False,False,True,True,334,2,True,19,10,0.5263157894736842,0.4228568508200335,0.0,0.0,0.0,0.0,0.0,0.0,0.0,0.0,0.0,0.0,0.0,0.0,0.0,3.0,2.0,0.1697730111149502,1,0,0,0,0,0,0,2.23,,False,False,True,False,True,True,,,12.0,18.200000000000017
769,LipUm,https://www.crunchbase.com/organization/lipum,Sweden,63.8256568,20.2630745,2010,2.0,False,False,False,False,True,False,False,True,False,False,False,False,False,False,6,1,1,False,True,False,False,0.0,False,0.297874,True,2016-08-24,2016-08-24,Post-IPO Equity,2016,543.0,False,,True,,7.0,50.0,False,,True,,False,,False,,False,,False,,0,0,False,,False,False,,False,,False,,False,,False,,False,,1,,True,,True,True,,False,False,False,False,False,False,True,True,5,0,False,8,2,0.25,0.2231435513142097,0.4742283877328984,0.5136329082519333,0.5136329082519333,0.5136329082519333,0.5136329082519333,0.5136329082519333,0.5136329082519333,0.0,0.0,0.0,0.0,0.0,0.0,5.0,1.0,0.1727159991214717,1,0,0,0,1,1,0,2.23,,True,False,False,True,True,True,2021-04-23,11.0,1.0,10.800000000000004
887,Now Interact,https://www.crunchbase.com/organization/now-interact,Sweden,59.3251172,18.0710935,2010,1.0,False,True,False,False,True,True,False,False,False,True,False,False,False,False,4,1,3,False,False,False,False,0.0,False,1.0,False,2014-06-01,2014-06-01,Series A,2014,46.0,True,,True,,35.0,12.0,True,,False,,False,,False,,False,,False,,2,0,True,,True,True,,True,,True,,True,,True,,True,,2,,True,,True,True,,False,False,False,False,False,False,True,True,334,2,True,19,10,0.5263157894736842,0.4228568508200335,0.0,0.0,0.0,0.0,0.0,0.0,0.0,0.0,0.0,0.0,0.0,0.0,0.0,2.0,3.0,0.1676849278940113,0,0,0,0,0,0,0,2.23,,False,False,True,False,True,True,,,12.0,18.200000000000017
908,Rabble,https://www.crunchbase.com/organization/rabble,Sweden,59.3251172,18.0710935,2010,4.0,False,True,False,False,False,True,False,False,False,True,True,False,False,False,2,1,1,False,True,True,False,0.0,False,0.0,True,2012-03-30,2012-03-30,Pre-Seed,2012,32.0,True,,False,,27.0,8.0,False,,False,,False,,False,,False,,False,,1,0,True,,True,True,,True,,True,,True,,True,,True,,1,,True,,True,True,,False,False,False,False,False,False,True,True,334,2,True,19,10,0.5263157894736842,0.4228568508200335,0.0,0.0,0.0,0.0,0.0,0.0,0.0,0.0,0.0,0.0,0.0,0.0,0.0,0.0,0.0,0.0,0,0,0,0,0,0,0,2.23,,False,False,False,False,False,False,,,12.0,18.200000000000017
1306,Campanja,https://www.crunchbase.com/organization/campanja,Sweden,59.3251172,18.0710935,2010,3.0,False,True,False,False,False,False,False,False,False,True,True,False,False,False,2,1,4,False,False,False,False,0.0,False,0.0,True,2012-06-12,2012-06-12,Series A,2012,24.0,True,,True,,0.5,6.5,False,,False,,False,,False,,True,,False,,2,0,True,,False,True,,True,,True,,True,,True,,True,,2,,True,,False,True,,False,False,False,False,False,False,True,True,334,2,True,19,9,0.4736842105263157,0.3877655310087634,0.0,0.7174417032159296,0.0,1.4348834064318592,0.0,0.7174417032159296,1.4348834064318592,0.0,0.0,0.0,0.9565889376212394,0.0,1.4348834064318592,0.0,0.0,0.0,0,0,0,0,0,0,0,2.23,,True,False,True,True,True,True,2015-10-14,5.0,12.0,18.200000000000017
1227,Leovegas,https://www.crunchbase.com/organization/leovegas,Sweden,59.3251172,18.0710935,2010,2.0,False,True,False,False,False,True,False,False,False,True,True,False,False,False,2,1,2,False,False,False,False,0.0,False,0.0,True,2012-04-01,2012-04-01,Series A,2012,47.0,True,,True,,6.5,15.0,False,,False,,False,,False,,False,,False,,1,0,True,,False,True,,True,,True,,True,,True,,True,,1,,True,,False,True,,False,False,False,False,False,False,True,True,334,2,True,19,10,0.5263157894736842,0.4228568508200335,0.0,0.7174417032159296,0.0,1.4348834064318592,0.0,0.7174417032159296,1.4348834064318592,0.0,0.0,0.0,1.4348834064318592,1.4348834064318592,1.4348834064318592,1.0,1.0,0.0637308819147395,0,0,0,0,0,0,0,2.23,,False,False,True,False,True,True,,,12.0,18.200000000000017
1220,SpaceTime Communication,https://www.crunchbase.com/organization/spacetime-communication,Sweden,63.8256568,20.2630745,2010,1.0,False,False,False,False,False,False,False,False,False,True,False,False,False,False,7,1,2,False,False,False,False,0.0,False,0.441539,True,2017-03-01,2017-03-01,Seed,2017,301.5,False,,True,,8.0,29.5,False,,True,,False,,False,,False,,False,,0,0,False,,False,False,,False,,False,,False,,False,,False,,2,,True,,True,True,,False,False,False,False,False,False,True,True,5,0,False,8,3,0.375,0.3184537311185346,0.4742283877328984,0.3445642532224208,0.17549559819290836,0.5136329082519333,0.17549559819290836,0.3445642532224208,0.5136329082519333,0.0,0.0,0.0,0.6886449627961037,0.6886449627961037,0.6886449627961037,12.0,2.0,0.2866985673349037,1,0,0,0,1,1,1,2.23,,False,False,False,False,False,False,,,1.0,10.800000000000004
1329,Tempus Information Systems,https://www.crunchbase.com/organization/tempus-information-systems,Sweden,63.8256568,20.2630745,2010,1.0,False,False,False,False,False,False,False,False,False,True,False,False,False,False,5,1,3,False,False,False,False,0.0,False,0.92726,False,2015-04-02,2015-04-02,Seed,2015,206.66666666666663,False,,True,,5.7,20.3,False,,True,,False,,False,,False,,False,,0,0,False,,False,False,,False,,False,,False,,False,,False,,3,,True,,True,True,,False,False,False,False,False,False,True,True,5,0,False,8,3,0.375,0.3184537311185346,0.4742283877328984,0.32576693947448837,0.17549559819290836,0.5136329082519333,0.17549559819290836,0.32576693947448837,0.5136329082519333,0.0,0.0,0.0,0.5206133217257387,0.40706027051861293,0.6886449627961037,6.0,0.0,0.1242772544618494,0,0,0,0,1,0,0,2.23,,False,False,False,False,False,False,,,1.0,10.800000000000004
1349,Loop54,https://www.crunchbase.com/organization/loop54,Sweden,59.3251172,18.0710935,2010,3.0,False,True,False,False,False,True,False,False,False,True,False,False,False,False,5,1,4,False,False,False,False,0.0,False,0.6,False,2015-06-02,2015-06-02,Seed,2015,143.25,True,,True,,35.0,16.0,False,,True,,False,,False,,False,,True,,3,0,True,,False,True,,True,,True,,True,,True,,True,,3,,True,,False,True,,True,True,True,False,False,False,True,False,334,2,True,19,9,0.4736842105263157,0.3877655310087634,0.0,1.5800716033066433,0.0,6.320286413226573,0.0,1.5800716033066433,6.320286413226573,0.0,0.0,0.0,3.160143206613286,0.0,6.320286413226573,12.0,0.0,0.1856875093621534,1,0,0,0,0,0,0,2.23,,True,False,False,True,True,True,2021-10-20,11.0,12.0,18.200000000000017
1265,13th Lab,https://www.crunchbase.com/organization/13th-lab,Sweden,59.3251172,18.0710935,2010,4.0,False,True,False,False,True,False,False,False,False,True,False,False,False,False,2,1,2,False,False,False,False,0.0,False,0.7,False,2012-06-15,2012-06-15,Seed,2012,113.0,True,,True,,11.0,34.0,False,,True,,False,,False,,False,,False,,1,0,True,,False,True,,True,,True,,True,,True,,True,,1,,True,,False,True,,False,False,False,False,False,False,True,True,334,2,True,19,9,0.4736842105263157,0.3877655310087634,0.0,0.7174417032159296,0.0,1.4348834064318592,0.0,0.7174417032159296,1.4348834064318592,0.0,0.0,0.0,1.4348834064318592,1.4348834064318592,1.4348834064318592,3.0,7.0,0.2599545988864186,1,0,0,0,0,0,0,2.23,,True,False,False,True,True,True,2014-12-12,4.0,12.0,18.200000000000017
1353,High Coast Whisky,https://www.crunchbase.com/organization/box-destilleri,Sweden,62.9686079,17.9065456,2010,2.0,False,False,False,False,False,False,True,False,False,False,False,False,False,False,3,1,1,False,True,False,True,1.0,True,0.919729,False,2013-09-12,2013-09-12,Seed,2013,10.0,True,True,False,False,8.0,1.0,False,False,False,False,False,False,True,True,False,False,False,False,0,0,False,False,False,True,True,True,True,True,True,True,True,False,False,False,False,1,1.0,True,True,True,False,False,False,False,False,False,False,False,True,True,2,0,False,0,0,0.0,0.0,0.4052335302165379,0.03742893681120452,0.03742893681120452,0.03742893681120452,0.0,0.0,0.0,0.03742893681120452,0.03742893681120452,0.03742893681120452,0.0,0.0,0.0,0.0,0.0,0.0,0,0,0,0,1,1,1,2.23,,False,False,False,False,False,False,,,0.0,0.0
1195,Quality Pharma,https://www.crunchbase.com/organization/quality-pharma-medtech,Sweden,59.6110992,16.5463679,2010,1.0,False,False,False,False,True,False,False,True,False,False,False,False,False,False,8,1,1,False,True,False,True,1.0,True,0.113235,True,2018-12-11,2018-12-11,Seed,2018,7.0,False,False,True,True,1.0,0.0,False,False,False,False,False,False,False,False,False,False,False,False,0,0,False,False,False,False,False,False,False,False,False,False,False,False,False,False,False,0,0.0,False,False,False,True,True,False,False,False,False,False,False,True,True,1,0,False,0,0,0.0,0.0,0.09181050802182114,2.256273284967083,2.256273284967083,2.256273284967083,0.0,0.0,0.0,2.256273284967083,2.256273284967083,2.256273284967083,0.0,0.0,0.0,0.0,0.0,0.0,0,0,0,0,1,1,0,2.23,,False,False,False,False,False,False,,,0.0,0.6000000000000001
1054,Pacemaker,https://www.crunchbase.com/organization/pacemaker,Sweden,59.3251172,18.0710935,2011,3.0,False,True,False,False,True,False,False,False,False,True,True,False,False,False,4,5,7,True,False,False,False,2.0,True,3.64,False,2015-02-23,2017-07-06,Venture - Series Unknown,2015,21.666666666666668,True,False,True,True,6.2,103.5,True,False,True,True,True,True,True,False,False,False,False,False,1,0,True,False,False,True,False,True,False,True,False,True,False,True,False,True,False,5,3.0,True,True,False,True,False,True,True,True,False,False,False,True,False,334,2,True,27,10,0.3703703703703703,0.3150810466398953,0.0,3.258434252350191,0.0,7.809086928167788,0.0,3.896141899957771,7.809086928167788,0.4661347318624995,2.3018727809388215,7.809086928167788,4.180753644372867,0.0,7.809086928167788,6.0,5.0,0.2890191943493392,1,0,0,0,0,0,0,1.9,,True,False,True,True,True,True,2023-03-02,12.0,12.0,18.200000000000017
938,Synartro,https://www.crunchbase.com/organization/synartro,Sweden,59.8586126,17.6387436,2011,1.0,False,False,False,False,True,False,False,True,False,False,False,False,False,False,9,1,1,False,True,False,True,1.0,True,0.626783,False,2020-05-01,2020-05-01,Series A,2020,27.0,True,True,False,False,6.0,9.0,False,False,False,False,False,False,False,False,False,False,False,False,0,0,False,False,False,True,True,True,True,False,False,False,False,False,False,False,False,1,1.0,True,True,True,True,True,False,False,False,False,False,False,True,True,5,0,False,3,0,0.0,0.0,0.06411843760759518,0.06411843760759518,0.06411843760759518,0.06411843760759518,0.0,0.0,0.0,0.06411843760759518,0.06411843760759518,0.06411843760759518,0.0,0.0,0.0,1.0,0.0,0.0,0,0,0,0,1,1,1,1.9,,False,False,True,False,True,True,,,0.0,1.0
1341,Resize Design,https://www.crunchbase.com/organization/resize-design,Sweden,59.3251172,18.0710935,2011,1.0,False,True,False,False,True,True,False,False,False,False,False,False,False,False,0,1,3,False,False,False,False,0.0,False,0.0,True,2011-03-09,2011-03-09,Seed,2011,203.0,True,,True,,2.0,20.0,False,,True,,False,,False,,False,,False,,1,0,True,,False,True,,True,,True,,True,,True,,True,,3,,True,,True,True,,False,False,False,False,False,False,True,True,334,2,True,27,11,0.4074074074074074,0.3417492937220567,0.0,0.376910023129984,0.0,0.6886449627961037,0.0,0.376910023129984,0.6886449627961037,0.0,0.0,0.0,0.4641798247415943,0.26180940483483095,0.6886449627961037,1.0,0.0,0.0,0,0,0,0,0,0,0,1.9,,False,False,False,False,False,False,,,12.0,18.200000000000017
1250,Severalnines,https://www.crunchbase.com/organization/severalnines,Sweden,59.3251172,18.0710935,2011,2.0,False,True,False,False,False,False,False,False,False,True,False,False,False,False,3,1,1,False,True,False,False,0.0,False,0.0,True,2014-03-01,2014-03-01,Seed,2014,230.0,False,,True,,4.0,44.0,False,,False,,True,,False,,False,,False,,0,0,False,,False,False,,False,,False,,False,,False,,False,,0,,False,,False,True,,False,False,False,False,False,False,True,True,334,2,True,27,11,0.4074074074074074,0.3417492937220567,0.0,1.2801469042887925,1.2801469042887925,1.2801469042887925,1.2801469042887925,1.2801469042887925,1.2801469042887925,0.0,0.0,0.0,0.0,0.0,0.0,9.0,6.0,0.3385755158906184,1,0,0,0,0,0,0,1.9,,False,False,False,False,False,False,,,12.0,18.200000000000017
1264,Evosport AB,https://www.crunchbase.com/organization/evosport-ab,Sweden,65.3134652,21.4900252,2011,1.0,False,False,False,False,True,True,False,False,False,False,False,False,False,False,1,1,2,False,False,False,False,0.0,False,0.0,True,2012-01-09,2012-01-09,Seed,2012,301.5,True,,True,,3.0,29.5,False,,True,,False,,False,,False,,False,,1,0,True,,False,True,,True,,True,,True,,True,,True,,2,,True,,True,True,,False,False,False,False,False,False,True,True,4,0,False,0,0,0.0,0.0,0.598397007384927,0.3443224813980518,0.0,0.6886449627961037,0.0,0.3443224813980518,0.6886449627961037,0.0,0.0,0.0,0.6886449627961037,0.6886449627961037,0.6886449627961037,0.0,0.0,0.0,0,0,0,0,1,1,1,1.9,,False,False,False,False,False,False,,,0.0,0.0
1268,Vården.se,https://www.crunchbase.com/organization/vården-se,Sweden,59.3251172,18.0710935,2011,3.0,False,True,False,False,False,False,False,True,False,False,False,False,False,False,9,1,1,False,True,False,True,1.0,True,0.0,True,2020-07-17,2020-07-17,Seed,2020,9.0,True,True,False,False,0.0,1.0,False,False,False,False,False,False,False,False,False,False,False,False,1,1,True,True,True,True,True,True,True,True,True,True,True,True,True,True,True,1,1.0,True,True,True,True,True,False,False,False,False,False,False,True,True,334,2,True,27,11,0.4074074074074074,0.3417492937220567,0.0,0.0,0.0,0.0,0.0,0.0,0.0,0.0,0.0,0.0,0.0,0.0,0.0,0.0,0.0,0.0,0,0,0,0,0,0,0,1.9,,False,False,False,False,False,False,,,12.0,18.200000000000017
1300,Tripbirds,https://www.crunchbase.com/organization/tripbirds,Sweden,59.3251172,18.0710935,2011,2.0,False,True,False,False,False,True,False,False,False,True,False,False,False,False,1,1,7,False,False,False,False,0.0,False,0.74,False,2012-03-20,2012-03-20,Seed,2012,136.42857142857142,True,,True,,8.7,48.7,False,,True,,False,,False,,True,,False,,1,0,True,,False,True,,True,,True,,True,,True,,True,,1,,True,,False,True,,True,True,True,False,True,False,True,False,334,2,True,27,11,0.4074074074074074,0.3417492937220567,0.0,3.1050997204468147,0.0,8.62173839862099,0.0,3.1050997204468147,8.62173839862099,0.0,0.0,0.0,4.588318994176706,0.0,9.105379103297077,2.0,1.0,0.1039540459792718,0,0,0,0,0,0,0,1.9,,False,False,False,False,False,False,,,12.0,18.200000000000017
1132,Newstag,https://www.crunchbase.com/organization/newstag,Sweden,59.3251172,18.0710935,2011,2.0,False,True,False,False,False,False,False,False,False,False,True,False,False,False,3,1,1,False,True,False,True,1.0,True,1.3,False,2014-06-01,2014-06-01,Venture - Series Unknown,2014,21.0,True,True,False,False,0.0,3.0,False,False,False,False,False,False,False,False,False,False,False,False,1,1,True,True,True,True,True,True,True,True,True,True,True,True,True,True,True,1,1.0,True,True,True,True,True,False,False,False,False,False,False,True,True,334,2,True,27,11,0.4074074074074074,0.3417492937220567,0.0,0.0,0.0,0.0,0.0,0.0,0.0,0.0,0.0,0.0,0.0,0.0,0.0,0.0,0.0,0.0,0,0,0,0,0,0,0,1.9,,False,False,True,False,True,True,,,12.0,18.200000000000017
1105,CloudMe,https://www.crunchbase.com/organization/cloudme,Sweden,58.4098135,15.6245252,2011,1.0,False,False,False,False,False,False,False,False,False,True,True,False,False,True,3,3,1,True,True,True,True,1.0,True,2.144285,False,2014-03-06,2017-04-04,Seed,2014,543.0,False,False,True,True,6.3,50.0,False,False,True,True,False,False,False,False,False,False,False,False,0,0,False,False,False,False,False,False,False,False,False,False,False,False,False,False,False,3,2.0,True,True,True,True,True,False,False,False,False,False,False,True,True,3,0,False,1,0,0.0,0.0,0.17359662096054518,0.1735966209605446,0.1735966209605446,0.1735966209605446,0.1735966209605446,0.1735966209605446,0.1735966209605446,0.1735966209605446,0.1735966209605446,0.1735966209605446,0.0,0.0,0.0,3.0,4.0,0.2167404783719826,1,0,0,0,1,1,0,1.9,,False,False,False,False,False,False,,,2.0,6.0
1405,Nuday Games,https://www.crunchbase.com/organization/nuday-games,Sweden,59.3251172,18.0710935,2011,2.0,False,True,False,False,False,False,False,False,False,True,True,False,False,False,2,1,3,False,False,False,False,0.0,False,2.0,False,2013-12-01,2013-12-01,Seed,2013,241.0,True,,True,,10.5,34.0,False,,True,,False,,False,,False,,False,,2,0,True,,False,True,,True,,True,,True,,True,,True,,2,,True,,False,True,,False,False,False,False,False,False,True,True,334,2,True,27,11,0.4074074074074074,0.3417492937220567,0.0,0.4782944688106197,0.0,1.4348834064318592,0.0,0.4782944688106197,1.4348834064318592,0.0,0.0,0.0,0.9565889376212394,0.0,1.4348834064318592,5.0,7.0,0.3001777629509508,1,0,0,0,0,0,0,1.9,,False,False,False,False,False,False,,,12.0,18.200000000000017
1160,46elks,https://www.crunchbase.com/organization/46elks,Sweden,59.8586126,17.6387436,2011,1.0,False,False,False,False,False,False,False,False,False,True,False,False,False,False,1,2,4,False,False,False,False,0.0,False,0.486976,True,2012-08-24,2014-10-02,Venture - Series Unknown,2012,238.2,True,,True,,5.0,24.0,False,,True,,False,,False,,False,,False,,0,0,False,,False,True,,True,,False,,False,,False,,False,,4,,True,,False,True,,False,False,False,False,False,False,True,True,5,0,False,3,0,0.0,0.0,0.06411843760759518,0.1327149518005046,0.06411843760759518,0.4071010085721422,0.06411843760759518,0.1327149518005046,0.4071010085721422,0.0,0.0,0.0,0.158406701690548,0.0,0.3960167542263701,1.0,0.0,0.0,0,0,0,0,1,1,1,1.9,,False,False,True,False,True,True,,,0.0,1.0
859,Elastisys,https://www.crunchbase.com/organization/elastisys,Sweden,63.8256568,20.2630745,2011,2.0,False,False,False,False,False,False,False,False,False,True,False,False,False,False,6,1,3,False,False,False,False,0.0,False,0.679613,False,2017-02-22,2017-02-22,Venture - Series Unknown,2017,202.0,True,,True,,5.7,19.7,False,,True,,False,,True,,False,,False,,1,0,True,,False,True,,True,,True,,True,,True,,True,,3,,True,,True,True,,False,False,False,False,False,False,True,True,5,0,False,9,3,0.3333333333333333,0.2876820724517809,0.4742283877328984,0.22970950214828056,0.0,0.5136329082519333,0.0,0.22970950214828056,0.5136329082519333,0.0,0.0,0.0,0.4592578230803151,0.17549559819290836,0.6886449627961037,12.0,1.0,0.2494183912768929,1,0,0,0,1,1,1,1.9,,False,False,True,False,True,True,,,1.0,10.800000000000004
692,Fishbrain,https://www.crunchbase.com/organization/fishbrain,Sweden,59.3251172,18.0710935,2012,2.0,False,True,False,False,False,True,False,False,False,True,False,False,False,False,1,3,11,True,False,False,False,3.0,True,2.55,False,2013-09-05,2017-05-25,Venture - Series Unknown,2013,139.0,True,True,True,True,15.5,33.8,True,True,True,True,True,False,False,False,True,False,False,False,6,1,True,True,False,True,True,True,True,True,True,True,True,True,True,True,True,6,1.0,True,True,False,True,True,True,True,True,False,False,False,True,False,334,2,True,39,14,0.358974358974359,0.3067302674224754,0.0,1.7960788169658497,0.0,8.649603272932318,0.0,1.9821840554469567,8.649603272932318,0.0,1.2377631015225288,2.2784058981357274,2.9580362651360455,0.0,9.588961394386912,9.0,3.0,0.2871220746896815,1,0,0,0,0,0,0,-0.7,,False,True,True,True,True,True,,,12.0,18.200000000000017
654,Cereno Scientific AB,https://www.crunchbase.com/organization/cereno-scientific-ab,Sweden,57.6564918,12.0153085,2012,3.0,False,False,False,False,False,False,False,True,False,False,False,False,False,False,0,1,1,False,True,False,True,1.0,True,0.0,True,2012-04-01,2012-04-01,Post-IPO Equity,2012,7.0,True,True,False,False,17.0,1.0,False,False,False,False,False,False,False,False,False,False,False,False,1,1,True,True,True,True,True,True,True,True,True,True,True,True,True,True,True,1,1.0,True,True,True,False,False,False,False,False,False,False,False,True,True,25,2,True,9,2,0.2222222222222222,0.2006706954621511,0.22163295768702693,0.006330472725082684,0.006330472725082684,0.006330472725082684,0.0,0.0,0.0,0.006330472725082684,0.006330472725082684,0.006330472725082684,0.0,0.0,0.0,0.0,0.0,0.0,0,0,0,0,0,0,0,-0.7,,True,False,False,True,True,True,2023-06-14,11.0,8.0,41.0
711,Spiideo,https://www.crunchbase.com/organization/spiideo,Sweden,55.6052931,13.0001566,2012,2.0,False,False,False,False,False,True,False,False,False,True,True,False,False,False,1,1,1,False,True,False,True,1.0,True,0.0,True,2013-01-01,2013-01-01,Venture - Series Unknown,2013,543.0,False,False,True,True,4.0,50.0,False,False,True,True,False,False,False,False,False,False,False,False,0,0,False,False,False,False,False,False,False,False,False,False,False,False,False,False,False,1,1.0,True,True,True,True,True,False,False,False,False,False,False,True,True,229,1,True,3,1,0.3333333333333333,0.2876820724517809,0.028465307004047598,0.512576505756072,0.512576505756072,0.512576505756072,0.0,0.0,0.0,0.512576505756072,0.512576505756072,0.512576505756072,0.0,0.0,0.0,2.0,0.0,0.0402231640645322,0,0,0,0,0,0,0,-0.7,,False,False,True,False,True,True,,,14.0,34.0
726,Volumental,https://www.crunchbase.com/organization/volumental,Sweden,59.3251172,18.0710935,2012,4.0,False,True,False,False,True,True,False,False,False,True,False,False,False,False,0,3,5,False,False,True,False,0.0,False,3.144156,False,2012-01-12,2014-09-11,Venture - Series Unknown,2012,72.4,True,,True,,7.6,13.2,True,,False,,True,,False,,True,,False,,3,0,True,,False,True,,True,,True,,True,,True,,True,,3,,True,,False,True,,True,True,True,False,False,False,True,False,334,2,True,39,15,0.3846153846153846,0.3254224004346279,0.0,1.9803770605819568,0.0,8.62173839862099,0.0,1.9803770605819568,8.62173839862099,0.0,0.0,0.0,3.8583928561107705,0.0,8.878272652378357,17.0,3.0,0.3454319982429434,1,0,0,0,0,0,0,-0.7,,False,False,True,False,True,True,,,12.0,18.200000000000017
1191,Omikai Systems,https://www.crunchbase.com/organization/omikai-systems,Sweden,59.6110992,16.5463679,2012,1.0,False,False,False,False,True,True,False,False,False,True,False,False,False,False,4,1,1,False,True,False,True,1.0,True,0.243365,True,2016-03-29,2016-03-29,Seed,2016,543.0,True,True,False,False,7.0,50.0,False,False,True,True,False,False,False,False,False,False,False,False,0,0,False,False,False,True,True,False,False,False,False,False,False,False,False,False,False,1,1.0,True,True,True,True,True,False,False,False,False,False,False,True,True,1,0,False,1,0,0.0,0.0,0.09181050802182114,0.09181050802182118,0.09181050802182118,0.09181050802182118,0.0,0.0,0.0,0.09181050802182118,0.09181050802182118,0.09181050802182118,0.0,0.0,0.0,0.0,0.0,0.0,0,0,0,0,1,1,0,-0.7,,False,False,False,False,False,False,,,0.0,0.6000000000000001
1172,MedFilm,https://www.crunchbase.com/organization/medfilm,Sweden,58.2827931,12.2908612,2012,1.0,False,False,False,False,False,False,False,True,False,True,False,False,False,False,3,2,2,False,False,False,False,2.0,True,6.843076,False,2015-03-24,2017-05-02,Seed,2015,285.0,False,False,True,True,4.5,29.5,False,False,True,True,False,False,False,False,False,False,False,False,0,0,False,False,False,False,False,False,False,False,False,False,False,False,False,False,False,2,2.0,True,True,True,True,True,False,False,False,False,False,False,True,True,0,0,False,0,0,0.0,0.0,0.20179467169575496,0.35237555867934983,0.35237555867934983,0.35237555867934983,0.0,0.0,0.0,0.35237555867934983,0.35237555867934983,0.35237555867934983,0.0,0.0,0.0,0.0,0.0,0.0,0,0,0,0,1,1,1,-0.7,,False,False,False,False,False,False,,,0.0,0.0
1170,Speximo,https://www.crunchbase.com/organization/speximo,Sweden,55.7029296,13.1929449,2012,2.0,False,False,False,False,True,True,False,True,False,False,False,False,False,False,1,1,1,False,True,False,True,1.0,True,0.0,True,2013-01-01,2013-01-01,Venture - Series Unknown,2013,543.0,False,False,True,True,4.0,50.0,False,False,True,True,False,False,False,False,False,False,False,False,0,0,False,False,False,False,False,False,False,False,False,False,False,False,False,False,False,1,1.0,True,True,True,True,True,False,False,False,False,False,False,True,True,229,1,True,2,0,0.0,0.0,0.03907656422507779,0.49681358519952573,0.49681358519952573,0.49681358519952573,0.0,0.0,0.0,0.49681358519952573,0.49681358519952573,0.49681358519952573,0.0,0.0,0.0,2.0,0.0,0.0402231640645322,0,0,0,0,0,0,0,-0.7,,True,False,True,True,True,True,2019-09-17,7.0,3.0,11.400000000000013
1158,Direkto,https://www.crunchbase.com/organization/direkto,Sweden,59.3251172,18.0710935,2012,1.0,False,True,False,False,False,False,False,False,True,False,False,False,False,False,5,1,1,False,True,False,True,1.0,True,0.92,False,2017-04-05,2017-04-05,Seed,2017,41.0,True,True,False,False,3.0,7.0,False,False,False,False,False,False,False,False,False,False,False,False,1,1,True,True,True,True,True,True,True,True,True,True,True,True,True,True,True,1,1.0,True,True,True,True,True,False,False,False,False,False,False,True,True,334,2,True,39,15,0.3846153846153846,0.3254224004346279,0.0,0.0,0.0,0.0,0.0,0.0,0.0,0.0,0.0,0.0,0.0,0.0,0.0,8.0,2.0,0.2502193392440147,1,0,0,0,0,0,0,-0.7,,False,False,False,False,False,False,,,12.0,18.200000000000017
1138,CareLigo,https://www.crunchbase.com/organization/careligo,Sweden,59.4823516,18.2943981,2012,2.0,False,False,False,False,False,False,False,True,False,True,False,False,False,False,1,1,1,False,True,False,False,0.0,False,0.0,True,2013-01-01,2013-01-01,Venture - Series Unknown,2013,543.0,True,,False,,4.0,50.0,False,,True,,False,,False,,False,,False,,0,0,False,,False,True,,True,,True,,True,,True,,False,,1,,True,,True,True,,False,False,False,False,False,False,True,True,334,0,False,0,0,0.0,0.0,0.02157321451756714,0.021573214517567045,0.021573214517567045,0.021573214517567045,0.021573214517567045,0.021573214517567045,0.021573214517567045,0.0,0.0,0.0,0.0,0.0,0.0,5.0,9.0,0.3206945243512544,1,0,0,0,1,0,0,-0.7,,False,False,True,False,True,True,,,12.0,18.600000000000023
1389,Fundcurve,https://www.crunchbase.com/organization/fundcurve-ab,Sweden,58.4098135,15.6245252,2012,1.0,False,False,False,False,True,False,False,False,True,False,False,False,False,False,1,1,1,False,True,False,True,1.0,True,0.0,True,2013-01-01,2013-01-01,Seed,2013,543.0,False,False,True,True,4.0,50.0,False,False,True,True,False,False,False,False,False,False,False,False,0,0,False,False,False,False,False,False,False,False,False,False,False,False,False,False,False,1,1.0,True,True,True,True,True,False,False,False,False,False,False,True,True,3,0,False,3,0,0.0,0.0,0.17359662096054518,0.1735966209605446,0.1735966209605446,0.1735966209605446,0.0,0.0,0.0,0.1735966209605446,0.1735966209605446,0.1735966209605446,0.0,0.0,0.0,0.0,0.0,0.0,0,0,0,0,1,0,0,-0.7,,False,False,False,False,False,False,,,2.0,6.0
1070,Shopit Online Europe,https://www.crunchbase.com/organization/shopit-online-europe,Sweden,56.8787183,14.8094385,2012,2.0,False,False,False,False,False,True,False,False,False,True,False,False,False,False,0,1,2,False,False,False,False,0.0,False,0.031561,True,2008-10-24,2008-10-24,Venture - Series Unknown,2008,11.0,False,,True,,10.5,3.5,False,,False,,False,,False,,False,,True,,0,0,False,,False,False,,False,,False,,False,,False,,False,,0,,False,,False,False,,True,True,False,False,False,False,False,False,4,0,False,0,0,0.0,0.0,0.19148413910483728,6.072636813614737,5.842057963666786,6.303215663562687,5.842057963666786,6.072636813614737,6.303215663562687,0.0,0.0,0.0,0.5041819602772732,0.5041819602772732,0.5041819602772732,0.0,0.0,0.0,0,0,0,0,1,1,1,-0.7,,True,False,True,True,True,True,2009-08-07,-3.0,0.0,0.0
1044,Icaniwill,https://www.crunchbase.com/organization/icaniwill,Sweden,59.4293164,17.9500556,2012,2.0,False,True,False,False,True,False,False,False,False,False,False,False,False,False,6,1,1,False,True,False,True,1.0,True,0.456955,True,2018-07-10,2018-07-10,Seed,2018,54.0,True,True,False,False,2.0,7.0,False,False,False,False,True,True,False,False,False,False,False,False,0,0,False,False,False,True,True,True,True,True,True,True,True,True,True,True,True,1,1.0,True,True,True,True,True,False,False,False,False,False,False,True,True,334,2,True,6,1,0.1666666666666666,0.1541506798272582,0.0134627475167246,0.013462747516725224,0.013462747516725224,0.013462747516725224,0.0,0.0,0.0,0.013462747516725224,0.013462747516725224,0.013462747516725224,0.0,0.0,0.0,6.0,1.0,0.1880081363765889,1,0,0,0,0,0,0,-0.7,,False,False,False,False,False,False,,,12.0,18.200000000000017
1035,Fluicell,https://www.crunchbase.com/organization/fluicell-ab,Sweden,57.7072326,11.9670171,2012,1.0,False,False,False,False,True,False,False,True,False,False,False,False,False,False,1,1,1,False,True,False,True,1.0,True,0.0,True,2013-01-01,2013-01-01,Post-IPO Equity,2013,543.0,False,False,True,True,4.0,50.0,False,False,True,True,False,False,False,False,False,False,False,False,0,0,False,False,False,False,False,False,False,False,False,False,False,False,False,False,False,1,1.0,True,True,True,True,True,False,False,False,False,False,False,True,True,25,2,True,9,2,0.2222222222222222,0.2006706954621511,0.22766469926136576,0.39731307421247714,0.39731307421247714,0.39731307421247714,0.0,0.0,0.0,0.39731307421247714,0.39731307421247714,0.39731307421247714,0.0,0.0,0.0,2.0,0.0,0.0402231640645322,0,0,0,0,0,0,0,-0.7,,True,False,False,True,True,True,2020-08-14,8.0,8.0,41.0
1373,Challengera,https://www.crunchbase.com/organization/challengera,Sweden,59.4031236,17.9424221,2012,2.0,False,True,False,False,True,False,False,False,False,True,False,False,False,True,1,1,2,False,False,False,False,0.0,False,0.0,True,2013-01-01,2013-01-01,Seed,2013,420.0,True,,False,,7.5,37.5,False,,True,,True,,False,,False,,False,,0,0,False,,False,True,,True,,True,,True,,True,,True,,2,,True,,True,True,,False,False,False,False,False,False,True,True,334,2,True,6,1,0.1666666666666666,0.1541506798272582,0.011331089125294116,0.011331089125294388,0.011331089125294388,0.011331089125294388,0.011331089125294388,0.011331089125294388,0.011331089125294388,0.0,0.0,0.0,0.0,0.0,0.0,5.0,8.0,0.3110072331522328,1,0,0,0,0,0,0,-0.7,,False,False,False,False,False,False,,,12.0,18.200000000000017
1310,Blicko,https://www.crunchbase.com/organization/blicko,Sweden,59.3251172,18.0710935,2012,3.0,False,True,False,False,False,False,False,False,False,True,True,False,False,True,1,1,1,False,True,True,False,0.0,False,0.0,True,2013-01-01,2013-01-01,Venture - Series Unknown,2013,59.0,True,,False,,19.0,3.0,False,,False,,False,,False,,False,,False,,1,0,True,,True,True,,True,,True,,True,,True,,True,,1,,True,,True,True,,False,False,False,False,False,False,True,True,334,2,True,39,15,0.3846153846153846,0.3254224004346279,0.0,0.0,0.0,0.0,0.0,0.0,0.0,0.0,0.0,0.0,0.0,0.0,0.0,1.0,0.0,0.0,0,0,0,0,0,0,0,-0.7,,False,False,True,False,True,True,,,12.0,18.200000000000017
1324,RelationDesk,https://www.crunchbase.com/organization/relationdesk,Sweden,59.3251172,18.0710935,2012,4.0,False,True,False,False,True,False,False,False,False,True,False,False,False,True,2,1,1,False,True,False,False,0.0,False,0.0,True,2014-01-01,2014-01-01,Seed,2014,230.0,False,,True,,4.0,44.0,False,,False,,True,,False,,False,,False,,0,0,False,,False,False,,False,,False,,False,,False,,False,,0,,False,,False,True,,False,False,False,False,False,False,True,True,334,2,True,39,14,0.358974358974359,0.3067302674224754,0.0,1.2801469042887925,1.2801469042887925,1.2801469042887925,1.2801469042887925,1.2801469042887925,1.2801469042887925,0.0,0.0,0.0,0.0,0.0,0.0,9.0,6.0,0.3385755158906184,1,0,0,0,0,0,0,-0.7,,True,False,False,True,True,True,2019-06-04,7.0,12.0,18.200000000000017
1331,YouBed,https://www.crunchbase.com/organization/youbed,Sweden,59.3251172,18.0710935,2012,2.0,False,True,False,False,False,True,False,False,False,False,False,False,False,False,0,1,1,False,True,False,True,1.0,True,0.0,True,2012-10-01,2012-10-01,Seed,2012,14.0,True,True,False,False,3.0,1.0,False,False,False,False,False,False,False,False,False,False,False,False,1,1,True,True,True,True,True,True,True,True,True,True,True,True,True,True,True,1,1.0,True,True,True,True,True,False,False,False,False,False,False,True,True,334,2,True,39,15,0.3846153846153846,0.3254224004346279,0.0,0.007897446995491669,0.007897446995491669,0.007897446995491669,0.0,0.0,0.0,0.007897446995491669,0.007897446995491669,0.007897446995491669,0.0,0.0,0.0,0.0,0.0,0.0,0,0,0,0,0,0,0,-0.7,,False,False,False,False,False,False,,,12.0,18.200000000000017
1296,Myoroface,https://www.crunchbase.com/organization/myoroface-ab,Sweden,61.7281607,17.105575,2012,2.0,False,False,False,False,True,False,False,True,False,False,False,False,False,False,1,1,1,False,True,False,True,1.0,True,0.0,True,2013-01-01,2013-01-01,Seed,2013,543.0,False,False,True,True,4.0,50.0,False,False,True,True,False,False,False,False,False,False,False,False,0,0,False,False,False,False,False,False,False,False,False,False,False,False,False,False,False,1,1.0,True,True,True,True,True,False,False,False,False,False,False,True,True,0,0,False,0,0,0.0,0.0,0.272369602366399,0.2723696023663998,0.2723696023663998,0.2723696023663998,0.0,0.0,0.0,0.2723696023663998,0.2723696023663998,0.2723696023663998,0.0,0.0,0.0,0.0,0.0,0.0,0,0,0,0,1,1,1,-0.7,,False,False,False,False,False,False,,,0.0,0.0
1292,arifiQ Development AB,https://www.crunchbase.com/organization/arifiq-development-ab,Sweden,63.1793655,14.6357061,2012,3.0,False,False,False,False,False,False,False,False,False,True,True,False,False,False,1,1,1,False,True,False,False,0.0,False,0.0,True,2013-01-01,2013-01-01,Seed,2013,543.0,False,,True,,4.0,50.0,False,,True,,False,,False,,False,,False,,0,0,False,,False,False,,False,,False,,False,,False,,False,,1,,True,,True,True,,False,False,False,False,False,False,True,True,4,0,False,1,0,0.0,0.0,0.4175724314361744,0.4661347318624995,0.4661347318624995,0.4661347318624995,0.4661347318624995,0.4661347318624995,0.4661347318624995,0.0,0.0,0.0,0.0,0.0,0.0,1.0,0.0,0.0,0,0,0,0,1,1,0,-0.7,,False,False,False,False,False,False,,,0.0,1.6
1273,SeaTwirl,https://www.crunchbase.com/organization/seatwirl,Sweden,57.7072326,11.9670171,2012,1.0,False,False,True,True,True,False,False,False,False,False,False,True,False,False,2,1,1,False,True,False,True,1.0,True,0.338849,True,2014-02-07,2014-02-07,Seed,2014,543.0,False,False,True,True,5.0,50.0,False,False,True,True,False,False,False,False,False,False,False,False,0,0,False,False,False,False,False,False,False,False,False,False,False,False,False,False,False,1,1.0,True,True,True,True,True,False,False,False,False,False,False,True,True,25,2,True,9,3,0.3333333333333333,0.2876820724517809,0.22766469926136576,0.39731307421247714,0.39731307421247714,0.39731307421247714,0.0,0.0,0.0,0.39731307421247714,0.39731307421247714,0.39731307421247714,0.0,0.0,0.0,3.0,0.0,0.0687619531421999,0,0,0,0,0,0,0,-0.7,,False,False,False,False,False,False,,,8.0,41.0
1249,Goo Technologies,https://www.crunchbase.com/organization/goo-technologies,Sweden,59.3251172,18.0710935,2012,3.0,False,True,False,False,False,False,False,False,False,True,False,False,False,False,0,3,4,True,False,False,False,1.0,True,2.2,False,2012-10-26,2015-01-16,Seed,2012,25.6,True,True,True,False,7.6,8.0,True,False,False,False,False,False,False,False,True,False,False,False,4,1,True,True,False,True,True,True,True,True,True,True,True,True,True,True,True,4,1.0,True,True,False,True,True,False,False,False,False,False,False,True,True,334,2,True,39,15,0.3846153846153846,0.3254224004346279,0.0,0.2869766812863718,0.0,1.4348834064318592,0.0,0.3587208516079648,1.4348834064318592,0.0,0.0,0.0,0.5739533625727437,0.0,1.4348834064318592,10.0,2.0,0.2701263796899331,1,0,0,0,0,0,0,-0.7,,False,False,False,False,False,False,,,12.0,18.200000000000017
1352,Brisk,https://www.crunchbase.com/organization/brisk-io,Sweden,55.6052931,13.0001566,2012,4.0,False,False,False,False,False,False,False,False,False,True,True,False,False,False,1,1,4,False,False,False,False,0.0,False,0.182759,True,2013-06-04,2013-06-04,Seed,2013,89.5,False,,True,,8.0,30.5,False,,True,,True,,True,,False,,False,,0,0,False,,False,False,,False,,False,,False,,False,,False,,1,,True,,False,True,,True,True,True,False,False,False,True,False,229,1,True,3,0,0.0,0.0,0.028465307004047598,2.8703675726591698,0.512576505756072,8.830529952893013,0.512576505756072,2.8703675726591698,8.830529952893013,0.0,0.0,0.0,5.153360595134942,0.958922838952452,9.590012645278392,0.0,0.0,0.0,0,0,0,0,0,0,0,-0.7,,True,False,False,True,True,True,2016-11-01,4.0,14.0,34.0
1357,Silent Order,https://www.crunchbase.com/organization/silent-order,Sweden,57.7072326,11.9670171,2012,1.0,False,False,False,False,False,True,True,False,False,True,False,False,False,False,1,1,1,False,True,False,True,1.0,True,0.465449,True,2013-11-15,2013-11-15,Seed,2013,543.0,False,False,True,True,4.0,50.0,False,False,True,True,False,False,False,False,False,False,False,False,0,0,False,False,False,False,False,False,False,False,False,False,False,False,False,False,False,1,1.0,True,True,True,True,True,False,False,False,False,False,False,True,True,25,2,True,9,3,0.3333333333333333,0.2876820724517809,0.22766469926136576,0.39731307421247714,0.39731307421247714,0.39731307421247714,0.0,0.0,0.0,0.39731307421247714,0.39731307421247714,0.39731307421247714,0.0,0.0,0.0,2.0,0.0,0.0402231640645322,0,0,0,0,0,0,0,-0.7,,False,False,False,False,False,False,,,8.0,41.0
1358,Studi.se,https://www.crunchbase.com/organization/studi-se,Sweden,59.3251172,18.0710935,2012,2.0,False,True,False,False,False,True,False,False,False,True,True,False,False,False,1,1,1,False,True,False,True,1.0,True,0.0,True,2013-06-01,2013-06-01,Seed,2013,12.0,True,True,False,False,12.0,4.0,False,False,False,False,False,False,False,False,False,False,False,False,1,1,True,True,True,True,True,True,True,True,True,True,True,True,True,True,True,1,1.0,True,True,True,True,True,False,False,False,False,False,False,True,True,334,2,True,39,15,0.3846153846153846,0.3254224004346279,0.0,0.0,0.0,0.0,0.0,0.0,0.0,0.0,0.0,0.0,0.0,0.0,0.0,3.0,1.0,0.1324928350569394,0,0,0,0,0,0,0,-0.7,,False,False,False,False,False,False,,,12.0,18.200000000000017
1364,ChildFoodFactory,https://www.crunchbase.com/organization/childfoodfactory,Sweden,63.1793655,14.6357061,2012,1.0,False,False,False,False,False,True,True,False,False,False,False,False,False,False,1,1,1,False,True,False,False,0.0,False,0.0,True,2013-01-01,2013-01-01,Seed,2013,543.0,False,,True,,4.0,50.0,False,,True,,False,,False,,False,,False,,0,0,False,,False,False,,False,,False,,False,,False,,False,,1,,True,,True,True,,False,False,False,False,False,False,True,True,4,0,False,1,0,0.0,0.0,0.4175724314361744,0.4661347318624995,0.4661347318624995,0.4661347318624995,0.4661347318624995,0.4661347318624995,0.4661347318624995,0.0,0.0,0.0,0.0,0.0,0.0,1.0,0.0,0.0,0,0,0,0,1,1,0,-0.7,,False,False,False,False,False,False,,,0.0,1.6
1366,CryptTalk,https://www.crunchbase.com/organization/crypttalk,Sweden,59.3251172,18.0710935,2012,2.0,False,True,False,False,False,False,False,False,False,True,False,False,False,False,2,1,1,False,True,False,False,0.0,False,0.0,True,2014-10-01,2014-10-01,Seed,2014,230.0,False,,True,,4.0,44.0,False,,False,,True,,False,,False,,False,,0,0,False,,False,False,,False,,False,,False,,False,,False,,0,,False,,False,True,,False,False,False,False,False,False,True,True,334,2,True,39,15,0.3846153846153846,0.3254224004346279,0.0,1.2801469042887925,1.2801469042887925,1.2801469042887925,1.2801469042887925,1.2801469042887925,1.2801469042887925,0.0,0.0,0.0,0.0,0.0,0.0,9.0,6.0,0.3385755158906184,1,0,0,0,0,0,0,-0.7,,False,False,False,False,False,False,,,12.0,18.200000000000017
1231,Spotscale,https://www.crunchbase.com/organization/spotscale,Sweden,58.4098135,15.6245252,2012,1.0,False,False,False,False,False,False,False,False,False,True,False,False,True,False,3,1,3,True,False,False,False,1.0,True,1.0,False,2015-07-08,2015-07-08,Seed,2015,185.66666666666663,False,False,True,True,4.5,18.0,True,True,True,False,False,False,False,False,True,True,False,False,0,0,False,False,False,False,False,False,False,False,False,False,False,False,False,False,False,3,1.0,True,True,True,True,True,False,False,False,False,False,False,True,True,3,0,False,3,0,0.0,0.0,0.17359662096054518,0.1735966209605446,0.1735966209605446,0.1735966209605446,0.1735966209605446,0.1735966209605446,0.1735966209605446,0.1735966209605446,0.1735966209605446,0.1735966209605446,0.0,0.0,0.0,2.0,0.0,0.0402231640645322,0,0,0,0,1,0,0,-0.7,,False,False,False,False,False,False,,,2.0,6.0
823,Detectify,https://www.crunchbase.com/organization/detectify,Sweden,59.3251172,18.0710935,2012,2.0,False,True,False,False,False,False,False,False,False,True,False,False,False,False,3,1,8,True,False,False,False,2.0,True,1.7,False,2015-03-06,2015-03-06,Venture - Series Unknown,2015,28.375,False,False,True,True,6.0,6.0,False,False,True,True,False,False,False,False,False,False,False,False,0,0,False,False,False,False,False,False,False,False,False,False,False,False,False,False,False,0,0.0,False,False,False,True,True,True,True,False,False,True,False,True,False,334,2,True,39,14,0.358974358974359,0.3067302674224754,0.0,2.688812497706759,0.3960167542263701,14.991509844098966,0.3960167542263701,3.522888702641987,14.991509844098966,0.3960167542263701,0.603621985368687,0.8112272165110043,4.888712960443398,0.0,16.265988268061705,1.0,0.0,0.0,0,0,0,0,0,0,0,-0.7,,True,True,True,True,True,True,2024-10-28,12.0,12.0,18.200000000000017
985,Unomaly,https://www.crunchbase.com/organization/unomaly,Sweden,59.3251172,18.0710935,2012,2.0,False,True,False,False,False,False,False,False,False,True,False,False,False,False,2,1,1,False,True,False,False,0.0,False,0.0,True,2014-01-01,2014-01-01,Series A,2014,230.0,False,,True,,4.0,44.0,False,,False,,True,,False,,False,,False,,0,0,False,,False,False,,False,,False,,False,,False,,False,,0,,False,,False,True,,False,False,False,False,False,False,True,True,334,2,True,39,14,0.358974358974359,0.3067302674224754,0.0,1.2801469042887925,1.2801469042887925,1.2801469042887925,1.2801469042887925,1.2801469042887925,1.2801469042887925,0.0,0.0,0.0,0.0,0.0,0.0,9.0,6.0,0.3385755158906184,1,0,0,0,0,0,0,-0.7,,True,False,True,True,True,True,2020-01-13,8.0,12.0,18.200000000000017
895,Acconeer,https://www.crunchbase.com/organization/acconeer,Sweden,55.7029296,13.1929449,2012,2.0,False,False,False,False,True,False,False,False,False,True,False,False,False,False,1,1,1,False,True,False,False,0.0,False,0.0,True,2013-01-01,2013-01-01,Venture - Series Unknown,2013,543.0,False,,True,,4.0,50.0,False,,True,,False,,False,,False,,False,,0,0,False,,False,False,,False,,False,,False,,False,,False,,1,,True,,True,True,,False,False,False,False,False,False,True,True,229,1,True,2,1,0.5,0.4054651081081644,0.03907656422507779,0.49681358519952573,0.49681358519952573,0.49681358519952573,0.49681358519952573,0.49681358519952573,0.49681358519952573,0.0,0.0,0.0,0.0,0.0,0.0,2.0,0.0,0.0402231640645322,0,0,0,0,0,0,0,-0.7,,False,False,True,False,True,True,,,3.0,11.400000000000013
1320,BuildX,https://www.crunchbase.com/organization/buildx,Sweden,59.4031236,17.9424221,2012,1.0,False,True,False,False,False,True,False,False,True,False,False,False,True,True,1,1,1,False,True,True,False,0.0,False,0.0,True,2013-01-01,2013-01-01,Venture - Series Unknown,2013,59.0,True,,False,,19.0,3.0,False,,False,,False,,False,,False,,False,,0,0,False,,False,True,,True,,True,,True,,True,,True,,1,,True,,True,True,,False,False,False,False,False,False,True,True,334,2,True,6,1,0.1666666666666666,0.1541506798272582,0.011331089125294116,0.011331089125294388,0.011331089125294388,0.011331089125294388,0.011331089125294388,0.011331089125294388,0.011331089125294388,0.0,0.0,0.0,0.0,0.0,0.0,1.0,0.0,0.0,0,0,0,0,0,0,0,-0.7,,False,False,True,False,True,True,,,12.0,18.200000000000017
1332,ZooZoo.com,https://www.crunchbase.com/organization/zoozoocom,Sweden,59.4031236,17.9424221,2013,1.0,False,True,False,False,False,True,True,False,False,False,False,False,False,True,1,1,1,False,True,False,True,1.0,True,0.0,True,2014-07-10,2014-07-10,Seed,2014,15.0,True,True,False,False,2.0,6.0,False,False,False,False,False,False,False,False,False,False,False,False,0,0,False,False,False,True,True,True,True,True,True,True,True,True,True,True,True,1,1.0,True,True,True,True,True,False,False,False,False,False,False,True,True,334,2,True,8,1,0.125,0.1177830356563834,0.011331089125294116,0.011384812280308297,0.011384812280308297,0.011384812280308297,0.0,0.0,0.0,0.011384812280308297,0.011384812280308297,0.011384812280308297,0.0,0.0,0.0,2.0,3.0,0.1676849278940113,0,0,0,0,0,0,0,-0.08,,True,False,False,True,True,True,2015-07-01,2.0,12.0,18.200000000000017
1335,Delbar AB,https://www.crunchbase.com/organization/delbar-ab,Sweden,63.8256568,20.2630745,2013,2.0,False,False,False,False,True,True,False,False,False,False,True,False,False,False,1,1,1,False,True,False,False,0.0,False,0.0,True,2014-01-01,2014-01-01,Seed,2014,543.0,False,,True,,5.0,50.0,False,,True,,False,,False,,False,,False,,0,0,False,,False,False,,False,,False,,False,,False,,False,,1,,True,,True,True,,False,False,False,False,False,False,True,True,5,0,False,12,3,0.25,0.2231435513142097,0.4742283877328984,0.5136329082519333,0.5136329082519333,0.5136329082519333,0.5136329082519333,0.5136329082519333,0.5136329082519333,0.0,0.0,0.0,0.0,0.0,0.0,2.0,1.0,0.1039540459792718,0,0,0,0,0,1,0,-0.08,,False,False,False,False,False,False,,,1.0,10.800000000000004
1375,Idea Nation,https://www.crunchbase.com/organization/idea-nation,Sweden,59.3251172,18.0710935,2013,1.0,False,True,False,False,False,False,False,False,False,True,False,False,False,False,1,1,1,False,True,False,True,1.0,True,0.0,True,2014-01-01,2014-01-01,Seed,2014,543.0,True,True,False,False,5.0,50.0,False,False,True,True,False,False,False,False,False,False,False,False,1,1,True,True,True,True,True,True,True,True,True,True,True,True,True,True,True,1,1.0,True,True,True,True,True,False,False,False,False,False,False,True,True,334,2,True,68,23,0.3382352941176471,0.2913518013407433,0.0,0.0,0.0,0.0,0.0,0.0,0.0,0.0,0.0,0.0,0.0,0.0,0.0,9.0,8.0,0.361682426805703,1,0,0,0,0,0,0,-0.08,,False,False,False,False,False,False,,,12.0,18.200000000000017
1355,Ztory,https://www.crunchbase.com/organization/ztory,Sweden,59.3809146,13.5027631,2013,3.0,False,False,False,False,False,False,False,False,False,False,True,False,False,True,1,1,3,False,False,False,False,0.0,False,0.0,True,2014-09-23,2014-09-23,Seed,2014,51.0,False,,True,,6.3,22.7,True,,True,,False,,False,,False,,True,,0,0,False,,False,False,,False,,False,,False,,False,,False,,2,,True,,False,True,,False,False,False,False,True,False,True,True,2,0,False,1,0,0.0,0.0,0.1661823588374266,0.5914821858108154,0.2589623197509126,1.2565219179306208,0.2589623197509126,0.5914821858108154,1.2565219179306208,0.0,0.0,0.0,0.8759215798149809,0.0,1.3138823697224713,0.0,0.0,0.0,0,0,0,0,1,1,1,-0.08,,True,False,False,True,True,True,2019-01-31,6.0,0.0,0.0
1404,Bolånegruppen,https://www.crunchbase.com/organization/bolånegruppen,Sweden,59.3251172,18.0710935,2013,1.0,False,True,False,False,True,False,False,False,True,False,False,False,False,False,1,1,1,False,True,False,True,1.0,True,0.0,True,2014-06-01,2014-06-01,Corporate Round,2014,25.0,True,True,False,False,0.0,3.0,False,False,False,False,False,False,False,False,False,False,False,False,1,1,True,True,True,True,True,True,True,True,True,True,True,True,True,True,True,1,1.0,True,True,True,True,True,False,False,False,False,False,False,True,True,334,2,True,68,23,0.3382352941176471,0.2913518013407433,0.0,0.0,0.0,0.0,0.0,0.0,0.0,0.0,0.0,0.0,0.0,0.0,0.0,3.0,0.0,0.0687619531421999,0,0,0,0,0,0,0,-0.08,,False,False,True,False,True,True,,,12.0,18.200000000000017
1403,Sumline AB,https://www.crunchbase.com/organization/sumline-ab,Sweden,59.3251172,18.0710935,2013,2.0,False,True,False,False,False,False,False,False,False,True,False,False,False,False,0,1,1,False,True,False,False,0.0,False,0.0,True,2013-01-01,2013-01-01,Seed,2013,21.0,True,,False,,11.0,9.0,True,,False,,False,,False,,True,,False,,1,0,True,,True,True,,True,,True,,True,,True,,True,,1,,True,,True,True,,False,False,False,False,False,False,True,True,334,2,True,68,23,0.3382352941176471,0.2913518013407433,0.0,0.0,0.0,0.0,0.0,0.0,0.0,0.0,0.0,0.0,0.0,0.0,0.0,1.0,0.0,0.0,0,0,0,0,0,0,0,-0.08,,False,False,False,False,False,False,,,12.0,18.200000000000017
1392,RoboVM AB,https://www.crunchbase.com/organization/trillian-mobile-ab,Sweden,57.7072326,11.9670171,2013,2.0,False,False,False,False,False,False,False,False,False,True,False,False,False,False,1,1,1,False,True,False,False,0.0,False,0.0,True,2014-03-01,2014-03-01,Seed,2014,3.0,True,,False,,3.0,1.0,False,,False,,False,,False,,False,,False,,1,0,True,,True,True,,True,,True,,True,,True,,True,,1,,True,,True,False,,False,False,False,False,False,False,True,True,25,2,True,14,4,0.2857142857142857,0.251314428280906,0.22766469926136576,0.0,0.0,0.0,0.0,0.0,0.0,0.0,0.0,0.0,0.0,0.0,0.0,0.0,0.0,0.0,0,0,0,0,0,0,0,-0.08,,True,False,False,True,True,True,2015-10-21,2.0,8.0,41.0
1362,Takumii Sweden,https://www.crunchbase.com/organization/takumii,Sweden,59.3251172,18.0710935,2013,2.0,False,True,False,False,False,False,False,False,False,True,True,False,False,False,1,1,1,False,True,False,False,0.0,False,0.273583,True,2014-07-01,2014-07-01,Seed,2014,13.0,True,,False,,2.0,4.0,True,,False,,False,,False,,True,,False,,1,0,True,,True,True,,True,,True,,True,,True,,True,,1,,True,,True,True,,False,False,False,False,False,False,True,True,334,2,True,68,23,0.3382352941176471,0.2913518013407433,0.0,0.0,0.0,0.0,0.0,0.0,0.0,0.0,0.0,0.0,0.0,0.0,0.0,5.0,3.0,0.2364468810362113,1,0,0,0,0,0,0,-0.08,,False,False,False,False,False,False,,,12.0,18.200000000000017
1402,Boxgard,https://www.crunchbase.com/organization/boxgard,Sweden,59.3251172,18.0710935,2013,2.0,False,True,False,False,True,False,False,False,False,False,False,False,True,False,1,1,1,False,True,False,True,1.0,True,0.0,True,2014-06-01,2014-06-01,Seed,2014,25.0,True,True,False,False,0.0,3.0,False,False,False,False,False,False,False,False,False,False,False,False,1,1,True,True,True,True,True,True,True,True,True,True,True,True,True,True,True,1,1.0,True,True,True,True,True,False,False,False,False,False,False,True,True,334,2,True,68,23,0.3382352941176471,0.2913518013407433,0.0,0.0,0.0,0.0,0.0,0.0,0.0,0.0,0.0,0.0,0.0,0.0,0.0,3.0,0.0,0.0687619531421999,0,0,0,0,0,0,0,-0.08,,False,False,False,False,False,False,,,12.0,18.200000000000017
1339,Nordgröna AB,https://www.crunchbase.com/organization/nordgrona-ab,Sweden,55.7029296,13.1929449,2013,3.0,False,False,False,False,True,True,False,False,False,False,False,False,False,True,1,1,1,False,True,False,True,1.0,True,0.0,True,2014-01-01,2014-01-01,Seed,2014,5.0,True,True,False,False,0.0,1.0,False,False,False,False,False,False,False,False,False,False,False,False,0,0,False,False,False,True,True,True,True,True,True,False,False,False,False,False,False,1,1.0,True,True,True,False,False,False,False,False,False,False,False,True,True,229,1,True,6,2,0.3333333333333333,0.2876820724517809,0.03907656422507779,0.040803538001590624,0.040803538001590624,0.040803538001590624,0.0,0.0,0.0,0.040803538001590624,0.040803538001590624,0.040803538001590624,0.0,0.0,0.0,1.0,0.0,0.0,0,0,0,0,0,0,0,-0.08,,False,False,False,False,False,False,,,3.0,11.400000000000013
1380,UserApp (discontinued),https://www.crunchbase.com/organization/userapp,Sweden,55.7029296,13.1929449,2013,3.0,False,False,False,False,False,False,False,False,False,True,False,False,False,False,1,1,1,False,True,False,False,0.0,False,0.0,True,2014-01-10,2014-01-10,Seed,2014,329.0,False,,True,,7.0,53.0,False,,False,,False,,False,,False,,False,,0,0,False,,False,False,,False,,False,,False,,False,,False,,0,,False,,False,False,,True,True,True,True,False,False,False,False,229,1,True,6,2,0.3333333333333333,0.2876820724517809,0.03907656422507779,6.351382732627592,6.351382732627592,6.351382732627592,6.351382732627592,6.351382732627592,6.351382732627592,0.0,0.0,0.0,0.0,0.0,0.0,0.0,0.0,0.0,0,0,0,0,0,0,0,-0.08,,False,False,False,False,False,False,,,3.0,11.400000000000013
1343,United Screens,https://www.crunchbase.com/organization/united-screens,Sweden,59.3251172,18.0710935,2013,4.0,False,True,False,False,False,False,False,False,False,False,True,False,False,False,2,1,1,False,True,False,False,0.0,False,0.0,True,2015-04-23,2015-04-23,Undisclosed,2015,39.0,True,,False,,2.0,9.0,False,,False,,False,,False,,False,,True,,1,0,True,,True,True,,True,,True,,True,,True,,True,,1,,True,,True,True,,False,False,False,False,False,False,True,True,334,2,True,68,22,0.3235294117647059,0.2803019651541584,0.0,0.0,0.0,0.0,0.0,0.0,0.0,0.0,0.0,0.0,0.0,0.0,0.0,1.0,0.0,0.0,0,0,0,0,0,0,0,-0.08,,True,False,False,True,True,True,2018-01-08,5.0,12.0,18.200000000000017
722,Readly,https://www.crunchbase.com/organization/readly,Sweden,56.8787183,14.8094385,2013,2.0,False,False,False,False,False,False,False,False,False,True,True,False,False,False,3,1,2,True,False,False,False,1.0,True,2.351278,False,2016-06-28,2016-06-28,Venture - Series Unknown,2016,27.5,False,False,True,True,9.0,3.5,False,False,False,False,False,False,False,False,False,False,False,False,0,0,False,False,False,False,False,False,False,False,False,False,False,False,False,False,False,2,1.0,True,True,True,True,True,False,False,False,False,False,False,True,True,4,0,False,1,1,1.0,0.6931471805599453,0.19148413910483728,0.32965534963026893,0.3266396379281984,0.33267106133233937,0.3266396379281984,0.3266396379281984,0.3266396379281984,0.33267106133233937,0.33267106133233937,0.33267106133233937,0.0070735106876118475,0.0070735106876118475,0.0070735106876118475,0.0,0.0,0.0,0,0,0,0,1,1,1,-0.08,,True,True,True,True,True,True,2022-12-07,9.0,0.0,0.0
750,Mapillary,https://www.crunchbase.com/organization/mapillary,Sweden,55.6052931,13.0001566,2013,4.0,False,False,False,False,True,False,False,False,False,True,True,False,False,False,2,1,7,True,False,False,False,1.0,True,1.5,False,2015-01-15,2015-01-15,Series B,2015,59.5,True,False,True,True,13.6,77.0,True,False,True,True,False,False,False,False,True,False,False,False,1,0,True,False,False,True,False,True,False,True,False,True,False,True,False,True,False,1,0.0,True,False,False,True,False,True,True,True,False,True,False,True,False,229,1,True,10,2,0.2,0.1823215567939546,0.028465307004047598,3.8067963651848453,0.0,8.830529952893013,0.0,2.969507433900151,8.80584078761714,8.830529952893013,8.830529952893013,8.830529952893013,5.13332917258294,0.0,9.455761791449376,0.0,0.0,0.0,0,0,0,0,0,0,0,-0.08,,True,False,True,True,True,True,2020-06-18,7.0,14.0,34.0
648,Acast,https://www.crunchbase.com/organization/acast,Sweden,59.3251172,18.0710935,2013,4.0,False,True,False,False,False,False,False,False,False,True,True,False,False,False,1,1,1,False,True,False,False,0.0,False,0.0,True,2014-02-10,2014-02-10,Venture - Series Unknown,2014,13.0,True,,False,,2.0,4.0,True,,False,,False,,False,,True,,False,,1,0,True,,True,True,,True,,True,,True,,True,,True,,1,,True,,True,True,,False,False,False,False,False,False,True,True,334,2,True,68,22,0.3235294117647059,0.2803019651541584,0.0,0.0,0.0,0.0,0.0,0.0,0.0,0.0,0.0,0.0,0.0,0.0,0.0,5.0,3.0,0.2364468810362113,1,0,0,0,0,0,0,-0.08,,True,True,True,True,True,True,2021-06-17,8.0,12.0,18.200000000000017
665,SunRoof,https://www.crunchbase.com/organization/sunroof,Sweden,59.3251172,18.0710935,2013,5.0,False,True,True,True,False,False,False,False,False,False,False,True,False,False,7,2,6,True,False,False,False,2.0,True,5.396201,False,2020-10-12,2021-04-28,Series A,2020,53.77777777777778,True,False,True,True,7.6,2.2,True,False,True,True,True,False,False,False,True,False,False,False,1,0,True,False,False,True,False,True,False,True,False,True,False,True,False,True,False,1,0.0,True,False,False,True,True,False,False,False,False,False,False,True,True,334,2,True,68,22,0.3235294117647059,0.2803019651541584,0.0,0.8524841793508627,0.0,1.1801038489997409,0.0,0.8647356505858059,1.1801038489997409,0.8096040300285617,0.8096040300285617,0.8096040300285617,0.6207905542934768,0.0,1.1801038489997409,4.0,1.0,0.154629239632742,0,0,0,0,0,0,0,-0.08,,False,True,True,True,True,True,,,12.0,18.200000000000017
696,BiBBInstruments,https://www.crunchbase.com/organization/bibbinstruments,Sweden,55.7029296,13.1929449,2013,1.0,False,False,False,False,False,False,False,True,False,False,False,False,False,False,4,1,1,False,True,False,False,0.0,False,0.113059,True,2017-05-03,2017-05-03,Venture - Series Unknown,2017,543.0,False,,True,,8.0,50.0,False,,True,,False,,False,,False,,False,,0,0,False,,False,False,,False,,False,,False,,False,,False,,1,,True,,True,True,,False,False,False,False,False,False,True,True,229,1,True,6,1,0.1666666666666666,0.1541506798272582,0.03907656422507779,0.49681358519952573,0.49681358519952573,0.49681358519952573,0.49681358519952573,0.49681358519952573,0.49681358519952573,0.0,0.0,0.0,0.0,0.0,0.0,12.0,1.0,0.2494183912768929,1,0,0,0,1,0,1,-0.08,,True,False,True,True,True,True,2023-07-14,10.0,3.0,11.400000000000013
668,Natural Cycles,https://www.crunchbase.com/organization/naturalcycles,Sweden,59.3251172,18.0710935,2013,2.0,False,True,False,False,False,True,False,True,False,True,False,False,False,False,2,1,3,False,False,False,False,0.0,False,1.5,False,2015-07-01,2015-07-01,Venture - Series Unknown,2015,141.33333333333334,False,,True,,10.0,35.3,False,,True,,False,,False,,False,,False,,0,0,False,,False,False,,False,,False,,False,,False,,False,,0,,False,,False,True,,True,True,True,False,True,False,True,False,334,2,True,68,22,0.3235294117647059,0.2803019651541584,0.0,3.5689224059135833,0.5208601256965827,8.62173839862099,0.5208601256965827,3.5689224059135833,8.62173839862099,0.0,0.0,0.0,6.398529078760849,1.053700057539003,9.358809166371817,0.0,0.0,0.0,0,0,0,0,0,0,0,-0.08,,False,True,True,True,True,True,,,12.0,18.200000000000017
1130,Linkura,https://www.crunchbase.com/organization/linkura,Sweden,58.4098135,15.6245252,2013,1.0,False,False,False,False,False,False,False,True,False,False,False,False,False,False,6,1,3,False,False,False,False,3.0,True,0.720193,False,2019-08-28,2019-08-28,Seed,2019,186.0,False,False,True,True,7.0,17.0,False,False,True,True,False,False,False,False,False,False,False,False,0,0,False,False,False,False,False,False,False,False,False,False,False,False,False,False,False,3,3.0,True,True,True,True,True,False,False,False,False,False,False,True,True,3,0,False,4,0,0.0,0.0,0.17359662096054518,0.18104577235617286,0.1735966209605446,0.19086596373974346,0.0,0.0,0.0,0.1735966209605446,0.18104577235617286,0.19086596373974346,0.2464145956234331,0.007897446995491669,0.3679361183198003,6.0,0.0,0.1242772544618494,0,0,0,0,1,0,1,-0.08,,False,False,False,False,False,False,,,2.0,6.0
1147,PackBud,https://www.crunchbase.com/organization/packbud,Sweden,55.6052931,13.0001566,2013,3.0,False,False,False,False,True,True,False,False,False,False,False,True,False,False,2,1,1,False,True,False,False,0.0,False,0.478892,True,2015-01-16,2015-01-16,Seed,2015,40.0,False,,True,,13.0,1.0,False,,False,,False,,False,,False,,False,,0,0,False,,False,False,,False,,False,,False,,False,,False,,1,,True,,True,True,,False,False,False,False,False,False,True,True,229,1,True,10,3,0.3,0.262364264467491,0.028465307004047598,0.512576505756072,0.512576505756072,0.512576505756072,0.512576505756072,0.512576505756072,0.512576505756072,0.0,0.0,0.0,0.0,0.0,0.0,0.0,0.0,0.0,0,0,0,0,0,0,0,-0.08,,False,False,False,False,False,False,,,14.0,34.0
1148,Twiik,https://www.crunchbase.com/organization/twiik,Sweden,55.6052931,13.0001566,2013,3.0,False,False,False,False,False,True,True,True,False,True,False,False,False,False,4,1,1,False,True,False,False,0.0,False,0.23819,True,2017-11-16,2017-11-16,Seed,2017,1.0,True,,False,,0.0,0.0,False,,False,,False,,False,,False,,False,,1,0,True,,True,True,,True,,True,,True,,True,,True,,1,,True,,True,False,,False,False,False,False,False,False,True,True,229,1,True,10,3,0.3,0.262364264467491,0.028465307004047598,0.008581885888906295,0.008581885888906295,0.008581885888906295,0.008581885888906295,0.008581885888906295,0.008581885888906295,0.0,0.0,0.0,0.0,0.0,0.0,0.0,0.0,0.0,0,0,0,0,0,0,0,-0.08,,False,False,False,False,False,False,,,14.0,34.0
1013,Modcam,https://www.crunchbase.com/organization/modcam,Sweden,55.6052931,13.0001566,2013,4.0,False,False,False,False,False,False,False,False,False,True,False,False,False,False,2,1,2,False,False,False,False,0.0,False,1.568257,False,2015-06-25,2015-06-25,Corporate Round,2015,65.0,False,,True,,6.5,19.0,False,,True,,False,,False,,False,,True,,0,0,False,,False,False,,False,,False,,False,,False,,False,,1,,True,,False,False,,False,False,False,False,True,False,True,True,229,1,True,10,2,0.2,0.1823215567939546,0.028465307004047598,0.8247123284365013,0.8022219612080734,0.8472026956649291,0.8022219612080734,0.8247123284365013,0.8472026956649291,0.0,0.0,0.0,1.6354554848405498,1.6354554848405498,1.6354554848405498,0.0,0.0,0.0,0,0,0,0,0,0,0,-0.08,,True,False,True,True,True,True,2020-07-31,7.0,14.0,34.0
1017,Empros Pharma AB,https://www.crunchbase.com/organization/empros-pharma-ab,Sweden,59.3251172,18.0710935,2013,3.0,False,True,False,False,False,False,False,True,False,False,False,False,False,False,0,1,1,False,True,False,False,0.0,False,0.0,True,2013-11-01,2013-11-01,Series A,2013,14.0,True,,False,,2.0,1.0,True,,False,,False,,False,,False,,False,,1,0,True,,True,True,,True,,True,,True,,True,,True,,1,,True,,True,True,,False,False,False,False,False,False,True,True,334,2,True,68,23,0.3382352941176471,0.2913518013407433,0.0,0.0,0.0,0.0,0.0,0.0,0.0,0.0,0.0,0.0,0.0,0.0,0.0,0.0,0.0,0.0,0,0,0,0,0,0,0,-0.08,,False,False,True,False,True,True,,,12.0,18.200000000000017
1154,Hoodin,https://www.crunchbase.com/organization/hoodin,Sweden,55.6052931,13.0001566,2013,3.0,False,False,False,False,False,False,False,False,False,True,True,False,False,False,0,2,5,False,False,False,False,0.0,False,0.475,True,2013-10-01,2014-05-01,Venture - Series Unknown,2013,6.5,True,,True,,5.0,1.2,False,,False,,False,,False,,False,,False,,2,0,True,,False,True,,True,,True,,True,,True,,True,,5,,True,,True,False,,False,False,False,False,False,False,True,True,229,1,True,10,3,0.3,0.262364264467491,0.028465307004047598,0.18303705418486002,0.0,0.4309909203596773,0.0,0.18303705418486002,0.4309909203596773,0.0,0.0,0.0,0.2254716607501128,0.0,0.4309909203596773,0.0,0.0,0.0,0,0,0,0,0,0,0,-0.08,,False,False,True,False,True,True,,,14.0,34.0
1254,Cruitway,https://www.crunchbase.com/organization/cruitway,Sweden,59.3251172,18.0710935,2013,6.0,False,True,False,False,True,False,False,False,False,True,False,False,False,False,2,1,1,False,True,False,False,0.0,False,0.352785,True,2015-08-13,2015-08-13,Seed,2015,25.0,True,,False,,1.0,3.0,False,,False,,False,,False,,False,,False,,1,0,True,,True,True,,True,,True,,True,,True,,True,,1,,True,,True,True,,False,False,False,False,False,False,True,True,334,2,True,68,22,0.3235294117647059,0.2803019651541584,0.0,0.0,0.0,0.0,0.0,0.0,0.0,0.0,0.0,0.0,0.0,0.0,0.0,7.0,0.0,0.1375239062843998,0,0,0,0,0,0,0,-0.08,,True,False,False,True,True,True,2017-12-22,4.0,12.0,18.200000000000017
1270,DialMyApp,https://www.crunchbase.com/organization/dialmyapp,Sweden,57.7072326,11.9670171,2013,1.0,False,False,False,False,True,False,False,False,False,True,False,False,False,True,0,1,1,False,True,False,False,0.0,False,0.2,True,2013-08-01,2013-08-01,Seed,2013,33.0,False,,True,,0.0,14.0,False,,False,,False,,False,,False,,False,,0,0,False,,False,False,,False,,False,,False,,False,,False,,0,,False,,False,False,,True,True,True,True,False,False,False,False,25,2,True,14,5,0.3571428571428571,0.3053816495511818,0.22766469926136576,6.0670428693167855,6.0670428693167855,6.0670428693167855,6.0670428693167855,6.0670428693167855,6.0670428693167855,0.0,0.0,0.0,0.0,0.0,0.0,0.0,0.0,0.0,0,0,0,0,0,0,0,-0.08,,False,False,False,False,False,False,,,8.0,41.0
1278,Abios,https://www.crunchbase.com/organization/abios-gaming,Sweden,59.3251172,18.0710935,2013,3.0,False,True,False,False,False,True,False,False,False,True,True,False,False,True,2,1,1,False,True,False,False,0.0,False,0.0,True,2015-02-16,2015-02-16,Seed,2015,39.0,True,,False,,2.0,9.0,False,,False,,False,,False,,False,,True,,1,0,True,,True,True,,True,,True,,True,,True,,True,,1,,True,,True,True,,False,False,False,False,False,False,True,True,334,2,True,68,23,0.3382352941176471,0.2913518013407433,0.0,0.0,0.0,0.0,0.0,0.0,0.0,0.0,0.0,0.0,0.0,0.0,0.0,1.0,0.0,0.0,0,0,0,0,0,0,0,-0.08,,False,False,False,False,False,False,,,12.0,18.200000000000017
1286,Muntra,https://www.crunchbase.com/organization/prodentor-ab,Sweden,59.3251172,18.0710935,2013,2.0,False,True,False,False,False,False,False,True,False,True,False,False,False,False,2,1,1,False,True,False,True,1.0,True,0.0,True,2015-06-01,2015-06-01,Seed,2015,25.0,True,True,False,False,1.0,3.0,False,False,False,False,False,False,False,False,False,False,False,False,1,1,True,True,True,True,True,True,True,True,True,True,True,True,True,True,True,1,1.0,True,True,True,True,True,False,False,False,False,False,False,True,True,334,2,True,68,23,0.3382352941176471,0.2913518013407433,0.0,0.0,0.0,0.0,0.0,0.0,0.0,0.0,0.0,0.0,0.0,0.0,0.0,7.0,0.0,0.1375239062843998,0,0,0,0,0,0,0,-0.08,,False,False,False,False,False,False,,,12.0,18.200000000000017
1299,Jumpstarter,https://www.crunchbase.com/organization/jumpstarter,Sweden,59.3251172,18.0710935,2013,3.0,False,True,False,False,False,False,False,False,False,True,False,False,False,False,0,1,3,True,False,False,False,1.0,True,1.7,False,2013-09-04,2013-09-04,Seed,2013,86.66666666666667,False,False,True,True,9.5,21.3,False,False,True,False,False,False,False,False,False,False,False,False,0,0,False,False,False,False,False,False,False,False,False,False,False,False,False,False,False,0,0.0,False,False,False,True,True,False,False,False,False,True,True,True,True,334,2,True,68,23,0.3382352941176471,0.2913518013407433,0.0,0.8112272165110043,0.8112272165110043,0.8112272165110043,0.8112272165110043,0.8112272165110043,0.8112272165110043,0.8112272165110043,0.8112272165110043,0.8112272165110043,0.0,0.0,0.0,0.0,0.0,0.0,0,0,0,0,0,0,0,-0.08,,False,False,False,False,False,False,,,12.0,18.200000000000017
1303,Bonvisi AB,https://www.crunchbase.com/organization/bonvisi-ab,Sweden,59.3120997,18.2073591,2013,1.0,False,True,False,False,True,False,False,True,False,False,False,False,False,False,1,1,1,False,True,False,False,0.0,False,0.654,False,2014-09-26,2014-09-26,Seed,2014,543.0,True,,False,,5.0,50.0,False,,True,,False,,False,,False,,False,,1,0,True,,True,True,,True,,True,,True,,True,,True,,1,,True,,True,True,,False,False,False,False,False,False,True,True,334,2,True,66,22,0.3333333333333333,0.2876820724517809,0.007865865112895241,0.007865865112895186,0.007865865112895186,0.007865865112895186,0.007865865112895186,0.007865865112895186,0.007865865112895186,0.0,0.0,0.0,0.0,0.0,0.0,9.0,8.0,0.361682426805703,1,0,0,0,0,0,0,-0.08,,False,False,False,False,False,False,,,12.0,18.200000000000017
1236,Content Central,https://www.crunchbase.com/organization/content-central,Sweden,63.8256568,20.2630745,2013,2.0,False,False,False,False,False,True,False,False,False,False,True,False,False,False,1,1,2,True,False,False,False,1.0,True,0.0,True,2014-01-01,2014-01-01,Venture - Series Unknown,2014,301.5,False,False,True,True,5.0,29.5,False,False,True,True,False,False,False,False,False,False,False,False,0,0,False,False,False,False,False,False,False,False,False,False,False,False,False,False,False,2,1.0,True,True,True,True,True,False,False,False,False,False,False,True,True,5,0,False,12,3,0.25,0.2231435513142097,0.4742283877328984,0.3445642532224208,0.17549559819290836,0.5136329082519333,0.17549559819290836,0.17549559819290836,0.17549559819290836,0.5136329082519333,0.5136329082519333,0.5136329082519333,0.6886449627961037,0.6886449627961037,0.6886449627961037,4.0,1.0,0.154629239632742,0,0,0,0,1,1,0,-0.08,,False,False,True,False,True,True,,,1.0,10.800000000000004
1235,Monivent,https://www.crunchbase.com/organization/monivent-ab,Sweden,57.7072326,11.9670171,2013,1.0,False,False,False,False,False,False,False,True,False,False,False,False,False,False,2,4,2,True,False,False,False,2.0,True,1.197652,False,2015-11-18,2019-03-07,Seed,2015,218.25,True,True,True,True,3.8,23.0,False,False,True,True,False,False,False,False,False,False,False,False,3,1,True,True,False,True,True,True,True,True,True,True,True,True,True,True,True,4,2.0,True,True,True,True,True,False,False,False,False,False,False,True,True,25,2,True,14,4,0.2857142857142857,0.251314428280906,0.22766469926136576,0.09932826855311928,0.0,0.39731307421247714,0.0,0.0,0.0,0.0,0.19865653710623857,0.39731307421247714,0.19865653710623857,0.0,0.39731307421247714,25.0,10.0,0.4749220904838432,1,0,1,0,0,1,0,-0.08,,True,False,False,True,True,True,2020-03-16,7.0,8.0,41.0
1161,Raytelligence,https://www.crunchbase.com/organization/raytelligence,Sweden,56.6739826,12.8574827,2013,1.0,False,False,False,False,True,False,False,False,False,False,False,False,False,False,4,1,1,False,True,False,True,1.0,True,0.335679,True,2017-06-21,2017-06-21,Seed,2017,27.0,False,False,True,True,3.0,9.0,False,False,False,False,False,False,False,False,False,False,False,False,0,0,False,False,False,False,False,False,False,False,False,False,False,False,False,False,False,1,1.0,True,True,True,True,True,False,False,False,False,False,False,True,True,2,0,False,2,0,0.0,0.0,0.11120957460607263,0.4255457479619837,0.4255457479619837,0.4255457479619837,0.0,0.0,0.0,0.4255457479619837,0.4255457479619837,0.4255457479619837,0.0,0.0,0.0,0.0,0.0,0.0,0,0,0,0,1,1,1,-0.08,,True,False,False,True,True,True,2018-12-20,5.0,0.0,0.0
1185,Evothings,https://www.crunchbase.com/organization/evothings,Sweden,59.3251172,18.0710935,2013,2.0,False,True,False,False,True,False,False,False,False,True,False,False,False,False,1,1,1,False,True,False,False,0.0,False,0.325,True,2014-08-29,2014-08-29,Seed,2014,230.0,False,,True,,4.0,44.0,False,,False,,True,,False,,False,,False,,0,0,False,,False,False,,False,,False,,False,,False,,False,,0,,False,,False,True,,False,False,False,False,False,False,True,True,334,2,True,68,23,0.3382352941176471,0.2913518013407433,0.0,1.2801469042887925,1.2801469042887925,1.2801469042887925,1.2801469042887925,1.2801469042887925,1.2801469042887925,0.0,0.0,0.0,0.0,0.0,0.0,9.0,6.0,0.3385755158906184,1,0,0,0,0,0,0,-0.08,,False,False,False,False,False,False,,,12.0,18.200000000000017
1210,Simpliday,https://www.crunchbase.com/organization/flo-do,Sweden,55.6052931,13.0001566,2013,2.0,False,False,False,False,True,False,False,True,False,True,False,False,False,True,1,3,9,True,False,False,False,1.0,True,1.313618,False,2014-01-01,2016-11-01,Seed,2014,96.41666666666669,True,True,True,False,4.3,9.0,False,False,True,False,True,False,False,False,False,False,False,False,1,0,True,False,False,True,True,True,True,True,True,True,True,True,True,True,False,8,1.0,True,True,True,True,False,False,False,False,False,False,False,True,True,229,1,True,10,3,0.3,0.262364264467491,0.028465307004047598,0.20544114249553175,0.0,0.512576505756072,0.0,0.23115751490550723,0.512576505756072,0.025426535625703305,0.025426535625703305,0.025426535625703305,0.27921949746200536,0.0,0.5376160465506575,8.0,0.0,0.1492082812712644,0,0,0,0,0,0,0,-0.08,,False,False,False,False,False,False,,,14.0,34.0
840,Imagimob,https://www.crunchbase.com/organization/imagimob,Sweden,59.3251172,18.0710935,2013,3.0,False,True,False,False,True,False,False,False,False,True,False,False,False,False,2,1,1,False,True,False,False,0.0,False,0.489,True,2015-06-16,2015-06-16,Seed,2015,543.0,True,,False,,6.0,50.0,False,,True,,False,,False,,False,,False,,1,0,True,,True,True,,True,,True,,True,,True,,True,,1,,True,,True,True,,False,False,False,False,False,False,True,True,334,2,True,68,22,0.3235294117647059,0.2803019651541584,0.0,0.0,0.0,0.0,0.0,0.0,0.0,0.0,0.0,0.0,0.0,0.0,0.0,11.0,3.0,0.3052088341784112,1,0,0,0,0,0,0,-0.08,,True,False,False,True,True,True,2023-05-16,10.0,12.0,18.200000000000017
849,Boneprox,https://www.crunchbase.com/organization/boneprox,Sweden,57.7072326,11.9670171,2013,3.0,False,False,False,False,True,False,False,True,False,True,False,False,False,False,7,1,1,False,True,True,True,1.0,True,0.98829,False,2020-04-22,2020-04-22,Seed,2020,19.0,False,False,True,True,4.0,0.0,False,False,True,True,False,False,False,False,False,False,False,False,0,0,False,False,False,False,False,False,False,False,False,False,False,False,False,False,False,1,1.0,True,True,True,True,True,False,False,False,False,False,False,True,True,25,2,True,14,5,0.3571428571428571,0.3053816495511818,0.22766469926136576,0.39731307421247714,0.39731307421247714,0.39731307421247714,0.0,0.0,0.0,0.39731307421247714,0.39731307421247714,0.39731307421247714,0.0,0.0,0.0,1.0,0.0,0.0,0,0,0,0,0,0,0,-0.08,,False,False,False,False,False,False,,,8.0,41.0
861,Strafe,https://www.crunchbase.com/organization/strafe,Sweden,59.3251172,18.0710935,2013,3.0,False,True,False,False,False,True,False,False,False,True,True,False,False,False,3,2,2,False,False,False,False,2.0,True,5.565704,False,2016-07-08,2019-07-25,Seed,2016,86.5,True,True,True,True,2.5,6.5,True,True,True,True,False,False,False,False,False,False,False,False,1,1,True,True,False,True,True,True,True,True,True,True,True,True,True,True,True,1,1.0,True,True,False,True,True,True,True,True,False,False,False,True,False,334,2,True,68,23,0.3382352941176471,0.2913518013407433,0.0,4.310869199310495,0.0,8.62173839862099,0.0,0.0,0.0,0.0,4.310869199310495,8.62173839862099,8.62173839862099,8.62173839862099,8.62173839862099,4.0,0.0,0.0908983577180024,0,0,0,0,0,0,0,-0.08,,False,False,False,False,False,False,,,12.0,18.200000000000017
872,Pickit,https://www.crunchbase.com/organization/pichit-me,Sweden,57.6379361,18.297982,2013,1.0,False,False,False,False,False,False,False,False,True,True,False,False,False,False,2,1,1,False,True,False,True,1.0,True,3.0,False,2015-09-25,2015-09-25,Venture - Series Unknown,2015,543.0,False,False,True,True,6.0,50.0,False,False,True,True,False,False,False,False,False,False,False,False,0,0,False,False,False,False,False,False,False,False,False,False,False,False,False,False,False,1,1.0,True,True,True,True,True,False,False,False,False,False,False,True,True,0,0,False,0,0,0.0,0.0,0.18806870877348156,0.18806870877348178,0.18806870877348178,0.18806870877348178,0.0,0.0,0.0,0.18806870877348178,0.18806870877348178,0.18806870877348178,0.0,0.0,0.0,0.0,0.0,0.0,0,0,0,0,1,1,0,-0.08,,False,False,True,False,True,True,,,0.0,0.8
833,PinMeTo,https://www.crunchbase.com/organization/pinmeto,Sweden,55.6052931,13.0001566,2013,4.0,False,False,False,False,False,False,False,False,False,True,True,False,False,False,2,1,5,False,False,False,False,0.0,False,0.0,True,2015-03-30,2015-03-30,Venture - Series Unknown,2015,6.6,False,,True,,2.5,2.2,True,,False,,False,,False,,False,,True,,0,0,False,,False,False,,False,,False,,False,,False,,False,,4,,True,,False,True,,False,False,False,False,False,False,True,True,229,1,True,10,3,0.3,0.262364264467491,0.028465307004047598,0.6059535474629445,0.512576505756072,0.9794617142904339,0.512576505756072,0.6059535474629445,0.9794617142904339,0.0,0.0,0.0,0.5739533625727437,0.0,1.4348834064318592,0.0,0.0,0.0,0,0,0,0,0,0,0,-0.08,,False,False,True,False,True,True,,,14.0,34.0
811,Albacross,https://www.crunchbase.com/organization/albacross,Sweden,59.3251172,18.0710935,2013,2.0,False,True,False,False,False,False,False,False,False,False,True,False,False,True,5,1,2,True,False,False,False,1.0,True,2.5,False,2018-05-11,2018-05-11,Venture - Series Unknown,2018,84.0,True,True,True,False,10.5,25.0,False,False,True,True,False,False,False,False,True,True,False,False,1,1,True,True,False,True,True,True,True,True,True,True,True,True,True,True,True,1,1.0,True,True,False,True,True,False,False,False,False,False,False,True,True,334,2,True,68,23,0.3382352941176471,0.2913518013407433,0.0,0.771891579206891,0.0,1.543783158413782,1.543783158413782,1.543783158413782,1.543783158413782,0.0,0.0,0.0,1.543783158413782,1.543783158413782,1.543783158413782,2.0,4.0,0.1882016892943149,1,0,0,0,0,0,0,-0.08,,False,False,True,False,True,True,,,12.0,18.200000000000017
986,SenseNode,https://www.crunchbase.com/organization/sensenode,Sweden,55.7029296,13.1929449,2013,1.0,False,False,True,False,False,False,False,False,False,True,False,True,False,False,2,1,1,False,True,False,True,1.0,True,0.182199,True,2015-06-23,2015-06-23,Undisclosed,2015,543.0,False,False,True,True,6.0,50.0,False,False,True,True,False,False,False,False,False,False,False,False,0,0,False,False,False,False,False,False,False,False,False,False,False,False,False,False,False,1,1.0,True,True,True,True,True,False,False,False,False,False,False,True,True,229,1,True,6,2,0.3333333333333333,0.2876820724517809,0.03907656422507779,0.49681358519952573,0.49681358519952573,0.49681358519952573,0.0,0.0,0.0,0.49681358519952573,0.49681358519952573,0.49681358519952573,0.0,0.0,0.0,5.0,3.0,0.2364468810362113,1,0,0,0,0,1,0,-0.08,,False,False,False,False,False,False,,,3.0,11.400000000000013
910,Watty,https://www.crunchbase.com/organization/watty,Sweden,59.3251172,18.0710935,2013,1.0,False,True,False,False,True,False,False,False,False,True,False,False,False,True,3,1,2,False,False,False,False,2.0,True,3.319318,False,2016-07-12,2016-07-12,Seed,2016,71.0,True,True,True,True,5.5,11.5,True,True,True,True,False,False,False,False,False,False,False,False,1,1,True,True,False,True,True,True,True,True,True,True,True,True,True,True,True,1,1.0,True,True,False,True,True,False,False,False,False,False,False,True,True,334,2,True,68,23,0.3382352941176471,0.2913518013407433,0.0,0.19800837711318506,0.0,0.3960167542263701,0.0,0.0,0.0,0.0,0.19800837711318506,0.3960167542263701,0.3960167542263701,0.3960167542263701,0.3960167542263701,0.0,0.0,0.0,0,0,0,0,0,0,0,-0.08,,False,False,False,False,False,False,,,12.0,18.200000000000017
927,Flic,https://www.crunchbase.com/organization/shortcut-labs,Sweden,59.3251172,18.0710935,2013,3.0,False,True,False,False,False,False,False,False,False,True,False,False,False,False,1,3,3,True,False,False,False,2.0,True,0.442249,True,2014-06-01,2016-07-20,Venture - Series Unknown,2014,97.0,False,False,True,True,3.0,17.0,False,False,True,True,True,False,False,False,True,True,False,False,0,0,False,False,False,False,False,False,False,False,False,False,False,False,False,False,False,0,0.0,False,False,False,True,True,False,False,False,False,False,False,True,True,334,2,True,68,23,0.3382352941176471,0.2913518013407433,0.0,1.4559044070387857,1.2801469042887925,1.543783158413782,1.2801469042887925,1.2801469042887925,1.2801469042887925,1.543783158413782,1.543783158413782,1.543783158413782,0.17604639991064314,0.0,0.26406959986596473,13.0,2.0,0.2940502655767997,1,0,0,0,0,0,0,-0.08,,False,False,True,False,True,True,,,12.0,18.200000000000017
940,Friendbase,https://www.crunchbase.com/organization/friendbase,Sweden,59.3251172,18.0710935,2013,4.0,False,True,False,False,False,True,False,False,False,True,True,False,False,False,5,1,1,False,True,False,True,1.0,True,3.0,False,2018-06-12,2018-06-12,Venture - Series Unknown,2018,928.0,False,False,True,True,8.0,9.0,False,False,True,True,True,True,False,False,True,True,False,False,0,0,False,False,False,False,False,False,False,False,False,False,False,False,False,False,False,0,0.0,False,False,False,False,False,True,True,False,False,False,False,False,False,334,2,True,68,23,0.3382352941176471,0.2913518013407433,0.0,4.766331683000452,4.766331683000452,4.766331683000452,0.0,0.0,0.0,4.766331683000452,4.766331683000452,4.766331683000452,0.0,0.0,0.0,0.0,0.0,0.0,0,0,0,0,0,0,0,-0.08,,False,False,True,False,True,True,,,12.0,18.200000000000017
941,PLAE 2 TECH (3TEMP) AB,https://www.crunchbase.com/organization/3temp-ab,Sweden,59.6543555,12.5916225,2013,2.0,False,False,False,False,True,False,False,False,False,False,False,False,False,False,1,1,1,False,True,False,False,0.0,False,0.0,True,2014-01-01,2014-01-01,Venture - Series Unknown,2014,543.0,False,,True,,5.0,50.0,False,,True,,False,,False,,False,,False,,0,0,False,,False,False,,False,,False,,False,,False,,False,,1,,True,,True,True,,False,False,False,False,False,False,True,True,1,0,False,0,0,0.0,0.0,0.10759598216641392,0.31139964652468377,0.31139964652468377,0.31139964652468377,0.31139964652468377,0.31139964652468377,0.31139964652468377,0.0,0.0,0.0,0.0,0.0,0.0,0.0,0.0,0.0,0,0,0,0,1,1,1,-0.08,,False,False,True,False,True,True,,,0.0,0.0
944,Racefox,https://www.crunchbase.com/organization/racefox,Sweden,59.3251172,18.0710935,2013,6.0,False,True,False,False,True,True,False,True,False,True,False,False,False,True,3,1,2,False,False,False,False,0.0,False,0.698727,False,2016-08-01,2016-08-01,Venture - Series Unknown,2016,282.0,True,,False,,10.5,29.5,True,,True,,False,,False,,True,,False,,2,0,True,,True,True,,True,,True,,True,,True,,True,,2,,True,,True,True,,False,False,False,False,False,False,True,True,334,2,True,68,22,0.3235294117647059,0.2803019651541584,0.0,0.0,0.0,0.0,0.0,0.0,0.0,0.0,0.0,0.0,0.0,0.0,0.0,19.0,3.0,0.3558840278318814,1,0,0,0,0,0,1,-0.08,,True,False,True,True,True,True,2021-07-23,8.0,12.0,18.200000000000017
1046,Yolean,https://www.crunchbase.com/organization/yolean,Sweden,57.7072326,11.9670171,2014,1.0,False,False,False,False,False,False,False,False,False,True,False,False,False,False,4,2,1,True,True,True,True,1.0,True,0.523119,False,2018-02-20,2024-02-12,Seed,2018,110.0,True,True,False,False,6.0,14.0,False,False,False,False,False,False,False,False,False,False,False,False,2,1,True,True,True,True,True,True,True,True,True,True,True,True,True,True,True,2,1.0,True,True,True,False,False,False,False,False,False,False,False,True,True,25,2,True,27,5,0.1851851851851851,0.1698990367953974,0.22766469926136576,0.0,0.0,0.0,0.0,0.0,0.0,0.0,0.0,0.0,0.0,0.0,0.0,41.0,5.0,0.4667662646982714,1,0,1,0,0,0,1,1.6,,False,False,False,False,False,False,,,8.0,41.0
1041,Lavendla,https://www.crunchbase.com/organization/lavendla,Sweden,59.3251172,18.0710935,2014,2.0,False,True,False,False,False,True,False,True,False,True,False,False,False,False,1,1,1,False,True,False,True,1.0,True,0.23536,True,2015-12-16,2015-12-16,Venture - Series Unknown,2015,25.0,True,True,False,False,1.0,3.0,False,False,False,False,False,False,False,False,False,False,False,False,1,1,True,True,True,True,True,True,True,True,True,True,True,True,True,True,True,1,1.0,True,True,True,True,True,False,False,False,False,False,False,True,True,334,2,True,115,35,0.3043478260869565,0.2657031657330057,0.0,0.0,0.0,0.0,0.0,0.0,0.0,0.0,0.0,0.0,0.0,0.0,0.0,7.0,0.0,0.1375239062843998,0,0,0,0,0,0,0,1.6,,False,False,True,False,True,True,,,12.0,18.200000000000017
1080,Immuneed,https://www.crunchbase.com/organization/immuneed,Sweden,59.8586126,17.6387436,2014,3.0,False,False,False,False,True,False,False,True,False,False,False,False,False,False,2,1,1,False,True,False,True,1.0,True,0.504292,False,2016-09-13,2016-09-13,Seed,2016,543.0,True,True,False,False,7.0,50.0,False,False,True,True,False,False,False,False,False,False,False,False,0,0,False,False,False,True,True,True,True,False,False,False,False,False,False,False,False,1,1.0,True,True,True,True,True,False,False,False,False,False,False,True,True,5,0,False,5,0,0.0,0.0,0.06411843760759518,0.06411843760759518,0.06411843760759518,0.06411843760759518,0.0,0.0,0.0,0.06411843760759518,0.06411843760759518,0.06411843760759518,0.0,0.0,0.0,2.0,0.0,0.0402231640645322,0,0,0,0,1,1,1,1.6,,False,False,False,False,False,False,,,0.0,1.0
1073,Prion,https://www.crunchbase.com/organization/prion,Sweden,59.3251172,18.0710935,2014,1.0,False,True,False,False,False,True,False,False,False,True,False,False,False,False,5,1,8,True,False,True,False,1.0,True,0.411968,True,2019-09-23,2019-09-23,Pre-Seed,2019,19.5,True,False,True,True,8.0,1.2,False,False,True,True,False,False,False,False,True,True,False,False,3,0,True,False,False,True,False,True,False,True,False,True,False,True,False,True,False,5,0.0,True,False,False,True,True,False,False,False,False,False,False,True,True,334,2,True,115,35,0.3043478260869565,0.2657031657330057,0.0,0.28797541010629546,0.0,1.4348834064318592,0.0,0.26996851941961636,1.4348834064318592,0.3960167542263701,0.3960167542263701,0.3960167542263701,0.5572839971819411,0.0,1.823299526556456,7.0,5.0,0.3022658461718897,1,0,0,0,0,0,0,1.6,,False,False,False,False,False,False,,,12.0,18.200000000000017
1089,Urb-IT,https://www.crunchbase.com/organization/urb-it,Sweden,59.3251172,18.0710935,2014,1.0,False,True,False,False,True,True,False,False,False,True,False,True,False,False,1,1,1,False,True,False,False,0.0,False,1.8,False,2015-12-09,2015-12-09,Venture - Series Unknown,2015,21.0,True,,False,,0.0,3.0,False,,False,,False,,False,,False,,False,,1,0,True,,True,True,,True,,True,,True,,True,,True,,1,,True,,True,True,,False,False,False,False,False,False,True,True,334,2,True,115,34,0.2956521739130435,0.259014177582209,0.0,0.0,0.0,0.0,0.0,0.0,0.0,0.0,0.0,0.0,0.0,0.0,0.0,1.0,0.0,0.0,0,0,0,0,0,0,0,1.6,,True,False,True,True,True,True,2024-01-23,10.0,12.0,18.200000000000017
1071,RaceOne,https://www.crunchbase.com/organization/raceone,Sweden,57.7072326,11.9670171,2014,3.0,False,False,False,False,False,False,False,False,False,True,False,True,False,False,2,4,3,True,False,False,False,1.0,True,2.53991,False,2016-01-13,2022-01-18,Seed,2016,76.33333333333333,True,True,True,False,4.2,9.8,False,False,False,False,False,False,False,False,False,False,False,False,4,1,True,True,False,True,True,True,True,True,True,True,True,True,True,True,True,5,1.0,True,True,False,True,False,True,True,True,False,False,False,True,False,25,2,True,27,5,0.1851851851851851,0.1698990367953974,0.22766469926136576,1.5002086902774008,0.0,8.603939067451927,0.0,1.800250428332881,8.603939067451927,0.0,0.0,0.0,2.976974122639329,0.0,8.649603272932318,41.0,10.0,0.5224969527902714,1,1,1,0,1,1,1,1.6,,False,False,False,False,False,False,,,8.0,41.0
920,Cascade Drives,https://www.crunchbase.com/organization/cascade-drives,Sweden,59.3251172,18.0710935,2014,1.0,False,True,False,False,True,True,False,False,False,True,False,False,False,False,6,1,1,False,True,False,True,1.0,True,0.542728,False,2020-02-20,2020-02-20,Venture - Series Unknown,2020,153.0,False,False,True,True,10.0,7.0,True,True,False,False,True,True,False,False,False,False,False,False,0,0,False,False,False,False,False,False,False,False,False,False,False,False,False,False,False,0,0.0,False,False,False,False,False,False,False,False,False,False,False,True,True,334,2,True,115,35,0.3043478260869565,0.2657031657330057,0.0,1.1801038489997409,1.1801038489997409,1.1801038489997409,0.0,0.0,0.0,1.1801038489997409,1.1801038489997409,1.1801038489997409,0.0,0.0,0.0,4.0,4.0,0.2388768829477851,1,0,0,0,0,0,0,1.6,,False,False,True,False,True,True,,,12.0,18.200000000000017
932,Apprl,https://www.crunchbase.com/organization/apprl,Sweden,59.3251172,18.0710935,2014,4.0,False,True,False,False,False,True,False,False,False,True,True,False,False,False,0,2,3,True,False,False,False,1.0,True,1.4,False,2014-01-01,2016-10-18,Venture - Series Unknown,2014,189.33333333333337,True,False,True,True,7.3,26.3,False,False,True,True,True,False,False,False,False,False,False,False,1,0,True,False,False,True,False,True,False,True,False,True,False,True,False,True,False,2,1.0,True,True,False,True,False,False,False,False,False,False,False,True,True,334,2,True,115,34,0.2956521739130435,0.259014177582209,0.0,0.5820938787170973,0.0,1.2801469042887925,0.0,0.6400734521443963,1.2801469042887925,0.4661347318624995,0.4661347318624995,0.4661347318624995,1.082682268172074,0.4661347318624995,1.5017651683649302,12.0,8.0,0.387709625307654,1,0,0,0,0,0,0,1.6,,True,False,True,True,True,True,2021-07-27,7.0,12.0,18.200000000000017
987,Gimi,https://www.crunchbase.com/organization/gimi,Sweden,59.3251172,18.0710935,2014,1.0,False,True,False,False,False,False,False,False,True,True,True,False,False,False,3,1,2,False,False,False,False,0.0,False,3.563829,False,2017-10-18,2017-10-18,Venture - Series Unknown,2017,21.0,True,,False,,3.0,3.5,False,,False,,False,,False,,False,,False,,2,0,True,,True,True,,True,,True,,True,,True,,True,,2,,True,,True,True,,False,False,False,False,False,False,True,True,334,2,True,115,35,0.3043478260869565,0.2657031657330057,0.0,0.0,0.0,0.0,0.0,0.0,0.0,0.0,0.0,0.0,0.0,0.0,0.0,8.0,1.0,0.212939163186004,1,0,0,0,0,0,0,1.6,,False,False,True,False,True,True,,,12.0,18.200000000000017
1251,Emeriti Pharma AB,https://www.crunchbase.com/organization/emeriti-pharma-ab,Sweden,57.6564918,12.0153085,2014,1.0,False,False,False,False,True,False,False,True,False,False,False,False,False,False,1,1,1,False,True,False,True,1.0,True,0.230168,True,2015-11-10,2015-11-10,Seed,2015,543.0,False,False,True,True,6.0,50.0,False,False,True,True,False,False,False,False,False,False,False,False,0,0,False,False,False,False,False,False,False,False,False,False,False,False,False,False,False,1,1.0,True,True,True,True,True,False,False,False,False,False,False,True,True,25,2,True,28,5,0.1785714285714285,0.1643030512912762,0.22163295768702693,0.39763957188109994,0.39763957188109994,0.39763957188109994,0.0,0.0,0.0,0.39763957188109994,0.39763957188109994,0.39763957188109994,0.0,0.0,0.0,5.0,0.0,0.1089851172067322,0,0,0,0,0,0,0,1.6,,False,False,False,False,False,False,,,8.0,41.0
1256,Findify (Acquired by Maropost),https://www.crunchbase.com/organization/findify,Sweden,59.3251172,18.0710935,2014,4.0,False,True,False,False,True,True,False,False,False,True,False,False,False,False,0,1,1,False,True,False,False,0.0,False,0.0,True,2014-11-01,2014-11-01,Venture - Series Unknown,2014,230.0,False,,True,,4.0,44.0,False,,False,,True,,False,,False,,False,,0,0,False,,False,False,,False,,False,,False,,False,,False,,0,,False,,False,True,,False,False,False,False,False,False,True,True,334,2,True,115,34,0.2956521739130435,0.259014177582209,0.0,1.2801469042887925,1.2801469042887925,1.2801469042887925,1.2801469042887925,1.2801469042887925,1.2801469042887925,0.0,0.0,0.0,0.0,0.0,0.0,9.0,6.0,0.3385755158906184,1,0,0,0,0,0,0,1.6,,True,False,True,True,True,True,2022-05-26,8.0,12.0,18.200000000000017
1282,Wavy,https://www.crunchbase.com/organization/wavy,Sweden,57.6379361,18.297982,2014,2.0,False,False,False,False,False,False,False,False,False,True,False,False,False,False,3,1,1,False,True,False,True,1.0,True,0.0,True,2017-01-01,2017-01-01,Seed,2017,543.0,False,False,True,True,8.0,50.0,False,False,True,True,False,False,False,False,False,False,False,False,0,0,False,False,False,False,False,False,False,False,False,False,False,False,False,False,False,1,1.0,True,True,True,True,True,False,False,False,False,False,False,True,True,0,0,False,1,0,0.0,0.0,0.18806870877348156,0.18806870877348178,0.18806870877348178,0.18806870877348178,0.0,0.0,0.0,0.18806870877348178,0.18806870877348178,0.18806870877348178,0.0,0.0,0.0,1.0,0.0,0.0,0,0,0,0,1,1,1,1.6,,False,False,False,False,False,False,,,0.0,0.8
1243,Addtruly,https://www.crunchbase.com/organization/addtruly,Sweden,57.7072326,11.9670171,2014,3.0,False,False,False,False,False,True,False,False,False,True,True,False,False,False,2,1,3,False,False,False,False,0.0,False,0.236924,True,2016-09-08,2016-09-08,Seed,2016,59.0,True,,True,,0.5,8.0,False,,False,,True,,False,,False,,False,,1,0,True,,False,True,,True,,True,,True,,True,,True,,3,,True,,True,True,,False,False,False,False,False,False,True,True,25,2,True,27,5,0.1851851851851851,0.1698990367953974,0.22766469926136576,0.26487538280831807,0.0,0.39731307421247714,0.0,0.26487538280831807,0.39731307421247714,0.0,0.0,0.0,0.26487538280831807,0.0,0.39731307421247714,6.0,6.0,0.3031924594922654,1,0,0,0,0,0,0,1.6,,False,False,False,False,False,False,,,8.0,41.0
1238,TempOnline,https://www.crunchbase.com/organization/temponline,Sweden,63.3150689,13.2385963,2014,1.0,False,False,False,False,True,False,False,False,False,False,False,False,False,False,6,1,3,False,False,False,False,0.0,False,0.243769,True,2020-12-29,2020-12-29,Seed,2020,184.66666666666663,True,,True,,8.7,17.0,True,,True,,False,,False,,False,,True,,0,0,False,,False,True,,True,,True,,True,,False,,False,,3,,True,,True,True,,False,False,False,False,False,False,True,True,1,0,False,0,0,0.0,0.0,0.4005969548634498,0.3548537649820177,0.03886548406474268,0.5128479054406552,0.03886548406474268,0.3548537649820177,0.5128479054406552,0.0,0.0,0.0,0.33011440071418086,0.0,0.49517160107127134,1.0,0.0,0.0,0,0,0,0,1,1,1,1.6,,False,False,False,False,False,False,,,0.0,0.8
1285,Auxy,https://www.crunchbase.com/organization/auxy,Sweden,59.3251172,18.0710935,2014,2.0,False,True,False,False,False,False,False,False,False,True,False,False,False,False,0,1,2,True,False,False,False,1.0,True,1.0,False,2014-09-19,2014-09-19,Seed,2014,381.5,False,False,True,True,2.0,61.0,False,False,True,False,False,False,False,False,True,False,False,False,0,0,False,False,False,False,False,False,False,False,False,False,False,False,False,False,False,0,0.0,False,False,False,True,False,True,True,True,False,False,False,True,False,334,2,True,115,35,0.3043478260869565,0.2657031657330057,0.0,5.212200923480094,1.543783158413782,8.880618688546408,1.543783158413782,1.543783158413782,1.543783158413782,8.880618688546408,8.880618688546408,8.880618688546408,9.085362136774373,9.085362136774373,9.085362136774373,0.0,0.0,0.0,0,0,0,0,0,0,0,1.6,,False,False,False,False,False,False,,,12.0,18.200000000000017
1308,UbiGo,https://www.crunchbase.com/organization/ubigo,Sweden,59.3251172,18.0710935,2014,1.0,False,True,False,False,False,True,False,False,False,False,False,False,False,False,5,1,1,False,True,False,True,1.0,True,0.0,True,2019-03-18,2019-03-18,Seed,2019,39.0,False,False,True,True,9.0,6.0,False,False,False,False,True,True,False,False,False,False,True,True,0,0,False,False,False,False,False,False,False,False,False,False,False,False,False,False,False,0,0.0,False,False,False,False,False,False,False,False,False,False,False,True,True,334,2,True,115,35,0.3043478260869565,0.2657031657330057,0.0,1.350931964239256,1.350931964239256,1.350931964239256,0.0,0.0,0.0,1.350931964239256,1.350931964239256,1.350931964239256,0.0,0.0,0.0,0.0,0.0,0.0,0,0,0,0,0,0,0,1.6,,False,False,False,False,False,False,,,12.0,18.200000000000017
1316,TicWorks,https://www.crunchbase.com/organization/ticworks,Sweden,59.3251172,18.0710935,2014,1.0,False,True,False,False,False,False,False,False,True,False,False,False,False,False,2,1,1,False,True,False,True,1.0,True,0.0,True,2016-12-06,2016-12-06,Seed,2016,41.0,True,True,False,False,2.0,7.0,False,False,False,False,False,False,False,False,False,False,False,False,1,1,True,True,True,True,True,True,True,True,True,True,True,True,True,True,True,1,1.0,True,True,True,True,True,False,False,False,False,False,False,True,True,334,2,True,115,35,0.3043478260869565,0.2657031657330057,0.0,0.0,0.0,0.0,0.0,0.0,0.0,0.0,0.0,0.0,0.0,0.0,0.0,5.0,1.0,0.1727159991214717,1,0,0,0,0,0,0,1.6,,False,False,False,False,False,False,,,12.0,18.200000000000017
1116,Leasify,https://www.crunchbase.com/organization/leasify-2,Sweden,59.3251172,18.0710935,2014,1.0,False,True,False,False,True,False,False,False,False,True,True,False,False,False,1,2,3,True,False,False,False,1.0,True,1.702888,False,2015-04-27,2016-12-15,Seed,2015,31.5,True,True,True,False,54.7,8.8,False,False,False,False,False,False,False,False,False,False,False,False,3,2,True,True,True,True,True,True,True,True,True,True,True,True,True,True,True,3,2.0,True,True,True,True,True,False,False,False,False,False,False,True,True,334,2,True,115,35,0.3043478260869565,0.2657031657330057,0.0,0.0,0.0,0.0,0.0,0.0,0.0,0.0,0.0,0.0,0.0,0.0,0.0,5.0,2.0,0.2099961751794825,1,0,0,0,0,0,0,1.6,,False,False,False,False,False,False,,,12.0,18.200000000000017
1119,Tummy Lab,https://www.crunchbase.com/organization/tummy-lab,Sweden,57.7072326,11.9670171,2014,3.0,False,False,False,False,False,False,True,False,False,True,False,False,False,False,2,1,1,False,True,False,True,1.0,True,0.059076,True,2016-08-26,2016-08-26,Venture - Series Unknown,2016,25.0,False,False,True,True,2.0,3.0,False,False,False,False,False,False,False,False,False,False,False,False,0,0,False,False,False,False,False,False,False,False,False,False,False,False,False,False,False,1,1.0,True,True,True,True,True,False,False,False,False,False,False,True,True,25,2,True,27,5,0.1851851851851851,0.1698990367953974,0.22766469926136576,0.39731307421247714,0.39731307421247714,0.39731307421247714,0.0,0.0,0.0,0.39731307421247714,0.39731307421247714,0.39731307421247714,0.0,0.0,0.0,1.0,0.0,0.0,0,0,0,0,0,0,0,1.6,,False,False,True,False,True,True,,,8.0,41.0
1128,Ear Labs,https://www.crunchbase.com/organization/ear-labs,Sweden,55.6052931,13.0001566,2014,1.0,False,False,False,False,False,True,False,False,False,True,True,False,False,False,4,1,1,False,True,False,True,1.0,True,0.8,False,2018-05-07,2018-05-07,Seed,2018,543.0,False,False,True,True,9.0,50.0,False,False,True,True,False,False,False,False,False,False,False,False,0,0,False,False,False,False,False,False,False,False,False,False,False,False,False,False,False,1,1.0,True,True,True,True,True,False,False,False,False,False,False,True,True,229,1,True,17,5,0.2941176470588235,0.2578291093020997,0.028465307004047598,0.512576505756072,0.512576505756072,0.512576505756072,0.0,0.0,0.0,0.512576505756072,0.512576505756072,0.512576505756072,0.0,0.0,0.0,13.0,3.0,0.3205009714335284,1,0,0,0,1,0,0,1.6,,False,False,False,False,False,False,,,14.0,34.0
1136,Attach,https://www.crunchbase.com/organization/attach,Sweden,59.3251172,18.0710935,2014,3.0,False,True,False,False,False,False,False,False,False,True,True,False,False,False,2,1,3,False,False,False,False,0.0,False,0.0,True,2016-04-25,2016-04-25,Venture - Series Unknown,2016,9.666666666666666,True,,True,,5.0,4.3,False,,False,,False,,False,,False,,False,,2,0,True,,False,True,,True,,True,,True,,True,,True,,2,,True,,False,True,,False,False,False,False,False,False,True,True,334,2,True,115,34,0.2956521739130435,0.259014177582209,0.0,0.5145943861379274,0.0,1.543783158413782,0.0,0.5145943861379274,1.543783158413782,0.0,0.0,0.0,1.0291887722758548,0.0,1.543783158413782,4.0,1.0,0.154629239632742,0,0,0,0,0,0,0,1.6,,True,False,True,True,True,True,2017-11-20,3.0,12.0,18.200000000000017
1144,Neosense Technologies,https://www.crunchbase.com/organization/neosense-technologies,Sweden,59.4031236,17.9424221,2014,2.0,False,True,False,False,True,False,False,True,False,False,False,False,False,False,0,2,3,True,False,True,False,1.0,True,0.340466,True,2014-01-01,2017-10-24,Seed,2014,239.5,True,True,False,False,15.8,20.2,False,False,True,True,True,False,False,False,False,False,False,False,0,0,False,False,False,True,True,True,True,True,True,True,True,True,True,True,True,4,1.0,True,True,True,True,True,False,False,False,False,False,False,True,True,334,2,True,9,2,0.2222222222222222,0.2006706954621511,0.011331089125294116,0.011331089125294388,0.011331089125294388,0.011331089125294388,0.011331089125294388,0.011331089125294388,0.011331089125294388,0.011331089125294388,0.011331089125294388,0.011331089125294388,0.0,0.0,0.0,29.0,19.0,0.5440857171261964,1,1,1,1,0,1,1,1.6,,False,False,False,False,False,False,,,12.0,18.200000000000017
1145,iControl,https://www.crunchbase.com/organization/icontrol-2,Sweden,59.3251172,18.0710935,2014,2.0,False,True,False,False,True,False,False,False,False,True,False,False,True,True,2,1,1,False,True,False,False,0.0,False,0.15,True,2016-11-20,2016-11-20,Seed,2016,0.0,False,,True,,6.0,406.0,False,,True,,True,,True,,True,,False,,0,0,False,,False,False,,False,,False,,False,,False,,False,,0,,False,,False,False,,True,True,True,True,False,False,False,False,334,2,True,115,35,0.3043478260869565,0.2657031657330057,0.0,8.62173839862099,8.62173839862099,8.62173839862099,8.62173839862099,8.62173839862099,8.62173839862099,0.0,0.0,0.0,0.0,0.0,0.0,1.0,0.0,0.0,0,0,0,0,0,0,0,1.6,,False,False,False,False,False,False,,,12.0,18.200000000000017
1114,Mondido,https://www.crunchbase.com/organization/mondido,Sweden,59.3251172,18.0710935,2014,2.0,False,True,False,False,False,True,False,False,True,True,False,False,False,False,1,1,4,True,False,False,False,1.0,True,0.0,True,2015-04-15,2015-04-15,Venture - Series Unknown,2015,68.25,True,True,True,False,3.0,12.8,False,False,False,False,True,False,False,False,False,False,False,False,2,1,True,True,False,True,True,True,True,True,True,True,True,True,True,True,True,2,1.0,True,True,False,True,True,False,False,False,False,False,False,True,True,334,2,True,115,35,0.3043478260869565,0.2657031657330057,0.0,0.4267156347629309,0.0,1.2801469042887925,0.0,0.6400734521443963,1.2801469042887925,0.0,0.0,0.0,0.8534312695258617,0.0,1.2801469042887925,16.0,0.0,0.2122999752183393,1,0,0,0,0,0,0,1.6,,False,False,True,False,True,True,,,12.0,18.200000000000017
1092,MIND Music Labs,https://www.crunchbase.com/organization/mind-music-labs-ab,Sweden,59.3251172,18.0710935,2014,5.0,False,True,False,False,False,False,False,False,False,False,True,False,False,False,0,2,4,False,False,False,False,0.0,False,0.306915,True,2014-11-01,2017-09-30,Seed,2014,135.0,True,,True,,9.5,18.0,False,,False,,True,,False,,False,,False,,3,0,True,,False,True,,True,,True,,True,,True,,True,,3,,True,,False,True,,False,False,False,False,False,False,True,True,334,2,True,115,35,0.3043478260869565,0.2657031657330057,0.0,0.32003672607219813,0.0,1.2801469042887925,0.0,0.32003672607219813,1.2801469042887925,0.0,0.0,0.0,0.6400734521443963,0.0,1.2801469042887925,14.0,10.0,0.4203561029042245,1,0,0,0,0,0,0,1.6,,False,False,False,False,False,False,,,12.0,18.200000000000017
1097,Tracklib,https://www.crunchbase.com/organization/tracklib,Sweden,59.3251172,18.0710935,2014,4.0,False,True,False,False,False,False,False,False,False,False,True,False,False,False,5,2,4,False,False,False,False,0.0,False,6.2,False,2019-05-22,2020-06-15,Series A,2019,81.8,False,,True,,3.0,8.2,True,,True,,False,,False,,False,,True,,0,0,False,,False,False,,False,,False,,False,,False,,False,,0,,False,,False,True,,True,True,True,False,False,False,True,False,334,2,True,115,35,0.3043478260869565,0.2657031657330057,0.0,5.558158559235599,1.1251781417496145,8.884016913801622,1.1251781417496145,5.558158559235599,8.884016913801622,0.0,0.0,0.0,7.337471266553735,0.0,9.564578678683203,0.0,0.0,0.0,0,0,0,0,0,0,0,1.6,,False,False,True,False,True,True,,,12.0,18.200000000000017
1099,Mimerse,https://www.crunchbase.com/organization/mimerse,Sweden,59.3251172,18.0710935,2014,5.0,False,True,False,False,False,False,False,True,False,True,False,False,False,False,4,1,2,True,False,False,False,1.0,True,0.73,False,2018-05-04,2018-05-04,Seed,2018,279.5,True,True,True,False,9.0,26.0,False,False,True,True,False,False,False,False,False,False,False,False,1,1,True,True,False,True,True,True,True,True,True,True,True,True,True,True,True,1,1.0,True,True,False,True,True,True,True,True,False,False,False,True,False,334,2,True,115,35,0.3043478260869565,0.2657031657330057,0.0,4.324801636466159,0.0,8.649603272932318,8.649603272932318,8.649603272932318,8.649603272932318,0.0,0.0,0.0,8.649603272932318,8.649603272932318,8.649603272932318,29.0,5.0,0.4333873679544244,1,0,1,0,0,0,1,1.6,,False,False,False,False,False,False,,,12.0,18.200000000000017
1107,Wheelys Café,https://www.crunchbase.com/organization/wheelys,Sweden,59.3251172,18.0710935,2014,3.0,False,True,False,False,False,False,True,False,False,False,False,False,False,False,1,2,12,False,False,False,False,0.0,False,2.5,False,2015-08-18,2016-04-10,Venture - Series Unknown,2015,124.6923076923077,False,,True,,4.8,116.8,False,,True,,True,,True,,True,,False,,0,0,False,,False,False,,False,,False,,False,,False,,False,,0,,False,,False,False,,True,True,True,False,False,False,False,False,334,2,True,115,35,0.3043478260869565,0.2657031657330057,0.0,9.59559911017842,8.618913927849968,15.596251509352243,8.618913927849968,9.59559911017842,15.596251509352243,0.0,0.0,0.0,3.0876978554577725,0.0,12.051918480329405,0.0,0.0,0.0,0,0,0,0,0,0,0,1.6,,False,False,True,False,True,True,,,12.0,18.200000000000017
1205,HAAARTLAND,https://www.crunchbase.com/organization/haaartland,Sweden,59.3251172,18.0710935,2014,4.0,False,True,False,False,False,False,False,False,False,True,True,False,False,False,1,1,1,False,True,False,False,0.0,False,0.0,True,2015-01-01,2015-01-01,Angel,2015,230.0,False,,True,,5.0,44.0,False,,False,,True,,False,,False,,False,,0,0,False,,False,False,,False,,False,,False,,False,,False,,0,,False,,False,True,,False,False,False,False,False,False,True,True,334,2,True,115,35,0.3043478260869565,0.2657031657330057,0.0,1.2801469042887925,1.2801469042887925,1.2801469042887925,1.2801469042887925,1.2801469042887925,1.2801469042887925,0.0,0.0,0.0,0.0,0.0,0.0,13.0,2.0,0.2940502655767997,1,0,0,0,0,0,0,1.6,,False,False,False,False,False,False,,,12.0,18.200000000000017
1213,Tinitell,https://www.crunchbase.com/organization/tinitell,Sweden,59.3251172,18.0710935,2014,2.0,False,True,False,False,False,True,False,False,False,True,False,False,False,False,1,3,7,False,False,True,False,0.0,False,3.0,False,2015-05-01,2017-07-18,Pre-Seed,2015,24.7,True,,True,,3.5,53.4,True,,True,,True,,False,,False,,True,,2,0,True,,False,True,,True,,True,,True,,True,,True,,2,,True,,False,True,,True,True,True,False,False,False,True,False,334,2,True,115,35,0.3043478260869565,0.2657031657330057,0.0,4.739231325526061,0.0070735106876118475,8.222847511111699,0.0070735106876118475,4.739231325526061,8.222847511111699,0.0,0.0,0.0,7.133525556229539,0.0,11.966539700181057,5.0,2.0,0.2099961751794825,1,0,0,0,0,0,0,1.6,,False,False,False,False,False,False,,,12.0,18.200000000000017
1216,Modern Car Group,https://www.crunchbase.com/organization/modern-car-group,Sweden,59.3251172,18.0710935,2014,2.0,False,True,False,False,True,True,False,False,False,False,False,False,False,False,3,1,1,False,True,False,True,1.0,True,0.193167,True,2017-03-22,2017-03-22,Seed,2017,543.0,True,True,False,False,8.0,50.0,False,False,True,True,False,False,False,False,False,False,False,False,1,1,True,True,True,True,True,True,True,True,True,True,True,True,True,True,True,1,1.0,True,True,True,True,True,False,False,False,False,False,False,True,True,334,2,True,115,35,0.3043478260869565,0.2657031657330057,0.0,0.0,0.0,0.0,0.0,0.0,0.0,0.0,0.0,0.0,0.0,0.0,0.0,24.0,16.0,0.5110562802448161,1,1,1,1,0,1,1,1.6,,False,False,False,False,False,False,,,12.0,18.200000000000017
1217,SentinaBay,https://www.crunchbase.com/organization/sentinabay,Sweden,60.5394266,17.6107153,2014,1.0,False,False,False,False,True,True,False,False,False,True,False,False,False,True,2,1,1,False,True,False,True,1.0,True,0.275102,True,2016-03-11,2016-03-11,Seed,2016,543.0,False,False,True,True,7.0,50.0,False,False,True,True,False,False,False,False,False,False,False,False,0,0,False,False,False,False,False,False,False,False,False,False,False,False,False,False,False,1,1.0,True,True,True,True,True,False,False,False,False,False,False,True,True,3,0,False,0,0,0.0,0.0,0.13743852300658263,0.13743852300658235,0.13743852300658235,0.13743852300658235,0.0,0.0,0.0,0.13743852300658235,0.13743852300658235,0.13743852300658235,0.0,0.0,0.0,1.0,0.0,0.0,0,0,0,0,1,1,0,1.6,,False,False,False,False,False,False,,,0.0,1.6
1222,Competencer,https://www.crunchbase.com/organization/competencer,Sweden,59.3251172,18.0710935,2014,3.0,False,True,False,False,False,True,False,False,False,True,True,False,False,False,2,1,2,False,False,False,False,0.0,False,0.367336,True,2016-06-09,2016-06-09,Seed,2016,10.5,True,,False,,5.0,4.5,False,,False,,False,,False,,False,,False,,2,0,True,,True,True,,True,,True,,True,,True,,True,,2,,True,,True,True,,False,False,False,False,False,False,True,True,334,2,True,115,35,0.3043478260869565,0.2657031657330057,0.0,0.0,0.0,0.0,0.0,0.0,0.0,0.0,0.0,0.0,0.0,0.0,0.0,4.0,2.0,0.1919094156907527,1,0,0,0,0,0,0,1.6,,False,False,False,False,False,False,,,12.0,18.200000000000017
1223,Newsreps,https://www.crunchbase.com/organization/newsreps,Sweden,59.3251172,18.0710935,2014,2.0,False,True,False,False,False,False,False,False,False,True,True,False,False,False,3,1,1,False,True,False,False,0.0,False,0.05,True,2017-06-30,2017-06-30,Seed,2017,47.0,False,,True,,2.0,5.0,True,,False,,True,,False,,False,,False,,0,0,False,,False,False,,False,,False,,False,,False,,False,,0,,False,,False,True,,False,False,False,False,True,True,True,True,334,2,True,115,35,0.3043478260869565,0.2657031657330057,0.0,0.810275436667275,0.810275436667275,0.810275436667275,0.810275436667275,0.810275436667275,0.810275436667275,0.0,0.0,0.0,0.0,0.0,0.0,0.0,0.0,0.0,0,0,0,0,0,0,0,1.6,,False,False,False,False,False,False,,,12.0,18.200000000000017
1150,Carly AB,https://www.crunchbase.com/organization/carly,Sweden,55.6052931,13.0001566,2014,1.0,False,False,False,False,True,False,False,False,False,False,False,False,False,False,1,1,1,False,True,False,True,1.0,True,0.0,True,2015-06-01,2015-06-01,Corporate Round,2015,25.0,False,False,True,True,1.0,3.0,False,False,False,False,False,False,False,False,False,False,False,False,0,0,False,False,False,False,False,False,False,False,False,False,False,False,False,False,False,1,1.0,True,True,True,True,True,False,False,False,False,False,False,True,True,229,1,True,17,5,0.2941176470588235,0.2578291093020997,0.028465307004047598,0.512576505756072,0.512576505756072,0.512576505756072,0.0,0.0,0.0,0.512576505756072,0.512576505756072,0.512576505756072,0.0,0.0,0.0,0.0,0.0,0.0,0,0,0,0,0,0,0,1.6,,False,False,True,False,True,True,,,14.0,34.0
1197,Sportlala,https://www.crunchbase.com/organization/sportlala,Sweden,57.7072326,11.9670171,2014,1.0,False,False,False,False,False,True,False,False,False,False,False,False,False,False,1,1,3,False,False,False,False,0.0,False,0.7,False,2015-11-25,2015-11-25,Venture - Series Unknown,2015,50.333333333333336,True,,True,,6.5,5.0,False,,False,,False,,False,,False,,False,,1,0,True,,False,True,,True,,True,,True,,True,,True,,2,,True,,False,True,,False,False,False,False,False,False,True,True,25,2,True,27,5,0.1851851851851851,0.1698990367953974,0.22766469926136576,0.21944545374805982,0.0,0.39731307421247714,0.0,0.21944545374805982,0.39731307421247714,0.0,0.0,0.0,0.3580953607255235,0.2610232870317024,0.4159497209323909,1.0,1.0,0.0637308819147395,0,0,0,0,0,0,0,1.6,,False,False,True,False,True,True,,,8.0,41.0
1159,Salesbox CRM,https://www.crunchbase.com/organization/salesbox-crm,Sweden,59.3251172,18.0710935,2014,1.0,False,True,False,False,False,False,False,False,False,True,True,False,False,False,1,1,1,False,True,False,True,1.0,True,0.3,True,2015-12-02,2015-12-02,Seed,2015,25.0,True,True,False,False,8.0,10.0,False,False,False,False,False,False,False,False,False,False,False,False,1,1,True,True,True,True,True,True,True,True,True,True,True,True,True,True,True,1,1.0,True,True,True,True,True,False,False,False,False,False,False,True,True,334,2,True,115,35,0.3043478260869565,0.2657031657330057,0.0,0.0,0.0,0.0,0.0,0.0,0.0,0.0,0.0,0.0,0.0,0.0,0.0,1.0,0.0,0.0,0,0,0,0,0,0,0,1.6,,False,False,False,False,False,False,,,12.0,18.200000000000017
1165,Picture My Life,https://www.crunchbase.com/organization/picture-my-life,Sweden,59.3251172,18.0710935,2014,3.0,False,True,False,False,False,True,False,False,False,True,False,False,False,False,2,2,2,True,False,False,False,1.0,True,0.376079,True,2016-12-06,2018-02-16,Seed,2016,22.333333333333332,True,True,False,False,8.3,6.3,False,False,False,False,False,False,False,False,False,False,False,False,2,2,True,True,False,True,True,True,True,True,True,True,True,True,True,True,True,3,2.0,True,True,True,True,True,False,False,False,False,False,False,True,True,334,2,True,115,34,0.2956521739130435,0.259014177582209,0.0,0.003777029708431463,0.0,0.011331089125294388,0.011331089125294388,0.011331089125294388,0.011331089125294388,0.0,0.0,0.0,0.007554059416862926,0.0,0.011331089125294388,2.0,1.0,0.1039540459792718,0,0,0,0,0,0,0,1.6,,True,False,False,True,True,True,2021-03-01,7.0,12.0,18.200000000000017
1166,Red Flash Mobile AB,https://www.crunchbase.com/organization/red-flash-mobile-ab,Sweden,59.3251172,18.0710935,2014,1.0,False,True,False,False,True,False,False,False,True,True,False,False,False,False,5,1,1,False,True,False,True,1.0,True,0.15,True,2019-03-25,2019-03-25,Seed,2019,94.0,False,False,True,True,2.0,4.0,True,True,False,False,True,True,False,False,False,False,False,False,0,0,False,False,False,False,False,False,False,False,False,False,False,False,False,False,False,0,0.0,False,False,False,True,True,False,False,False,False,False,False,True,True,334,2,True,115,35,0.3043478260869565,0.2657031657330057,0.0,0.4159497209323909,0.4159497209323909,0.4159497209323909,0.0,0.0,0.0,0.4159497209323909,0.4159497209323909,0.4159497209323909,0.0,0.0,0.0,0.0,0.0,0.0,0,0,0,0,0,0,0,1.6,,False,False,False,False,False,False,,,12.0,18.200000000000017
1171,Touchize,https://www.crunchbase.com/organization/touchize,Sweden,55.6052931,13.0001566,2014,2.0,False,False,False,False,False,True,False,False,False,True,False,False,False,False,1,1,1,False,True,False,True,1.0,True,0.0,True,2015-01-01,2015-01-01,Venture - Series Unknown,2015,5.0,True,True,False,False,0.0,1.0,False,False,False,False,False,False,False,False,False,False,False,False,0,0,False,False,False,True,True,True,True,True,True,True,True,True,True,False,False,1,1.0,True,True,True,False,False,False,False,False,False,False,False,True,True,229,1,True,17,5,0.2941176470588235,0.2578291093020997,0.028465307004047598,0.025426535625703305,0.025426535625703305,0.025426535625703305,0.0,0.0,0.0,0.025426535625703305,0.025426535625703305,0.025426535625703305,0.0,0.0,0.0,2.0,4.0,0.1882016892943149,1,0,0,0,0,0,0,1.6,,False,False,True,False,True,True,,,14.0,34.0
1174,Consector,https://www.crunchbase.com/organization/consector,Sweden,59.3251172,18.0710935,2014,2.0,False,True,False,False,False,False,False,False,True,False,False,False,False,False,0,1,1,False,True,False,False,0.0,False,0.0,True,2014-12-13,2014-12-13,Venture - Series Unknown,2014,15.0,True,,False,,2.0,6.0,False,,False,,False,,False,,False,,False,,1,0,True,,True,True,,True,,True,,True,,True,,True,,1,,True,,True,True,,False,False,False,False,False,False,True,True,334,2,True,115,35,0.3043478260869565,0.2657031657330057,0.0,0.0070735106876118475,0.0070735106876118475,0.0070735106876118475,0.0070735106876118475,0.0070735106876118475,0.0070735106876118475,0.0,0.0,0.0,0.0,0.0,0.0,2.0,3.0,0.1676849278940113,0,0,0,0,0,0,0,1.6,,False,False,True,False,True,True,,,12.0,18.200000000000017
651,Funnel,https://www.crunchbase.com/organization/funnel-operations,Sweden,59.3251172,18.0710935,2014,2.0,False,True,False,False,False,False,False,False,False,True,True,False,False,False,0,1,1,False,True,False,False,0.0,False,3.0,False,2013-06-12,2013-06-12,Series C,2013,128.0,True,,False,,34.0,34.0,True,,False,,False,,False,,False,,False,,1,0,True,,True,True,,True,,True,,True,,True,,True,,1,,True,,True,True,,False,False,False,False,False,False,True,True,334,2,True,115,34,0.2956521739130435,0.259014177582209,0.0,0.0,0.0,0.0,0.0,0.0,0.0,0.0,0.0,0.0,0.0,0.0,0.0,1.0,6.0,0.178915205030416,1,0,0,0,0,0,0,1.6,,False,True,True,True,True,True,,,12.0,18.200000000000017
662,Mentimeter,https://www.crunchbase.com/organization/mentimeter,Sweden,59.3251172,18.0710935,2014,3.0,False,True,False,False,False,False,False,False,False,True,False,False,False,True,1,1,1,False,True,False,True,1.0,True,0.125,True,2015-12-23,2015-12-23,Series C,2015,0.0,False,False,True,True,5.0,406.0,False,False,True,True,True,True,True,True,True,True,False,False,0,0,False,False,False,False,False,False,False,False,False,False,False,False,False,False,False,0,0.0,False,False,False,False,False,True,True,True,True,False,False,False,False,334,2,True,115,34,0.2956521739130435,0.259014177582209,0.0,8.62173839862099,8.62173839862099,8.62173839862099,0.0,0.0,0.0,8.62173839862099,8.62173839862099,8.62173839862099,0.0,0.0,0.0,0.0,0.0,0.0,0,0,0,0,0,0,0,1.6,,False,True,True,True,True,True,,,12.0,18.200000000000017
707,Furhat Robotics,https://www.crunchbase.com/organization/furhat-robotics,Sweden,59.3251172,18.0710935,2014,4.0,False,True,False,False,True,False,False,False,False,True,False,False,False,False,3,3,3,True,False,False,False,3.0,True,4.56603,False,2017-09-14,2020-04-28,Seed,2017,149.75,False,False,True,True,6.5,44.0,False,False,True,True,False,False,False,False,True,True,False,False,0,0,False,False,False,False,False,False,False,False,False,False,False,False,False,False,False,0,0.0,False,False,False,True,True,True,True,False,False,False,False,True,False,334,2,True,115,35,0.3043478260869565,0.2657031657330057,0.0,5.539864920630729,1.4348834064318592,9.6448464348296,9.6448464348296,9.6448464348296,9.6448464348296,1.4348834064318592,4.171537749231105,9.6448464348296,7.237941695800568,0.0,10.856912543700851,0.0,0.0,0.0,0,0,0,0,0,0,0,1.6,,False,False,False,False,False,False,,,12.0,18.200000000000017
717,Minut,https://www.crunchbase.com/organization/minut,Sweden,55.6052931,13.0001566,2014,4.0,False,False,False,False,False,True,False,False,False,True,False,False,True,False,0,2,5,True,False,True,False,2.0,True,2.125,False,2014-07-01,2017-11-22,Series B,2014,155.0,True,False,True,True,8.7,29.1,True,True,True,True,True,True,False,False,True,False,False,False,1,0,True,False,False,True,False,True,False,True,False,True,False,True,False,True,False,2,0.0,True,False,False,True,True,True,True,True,False,False,False,True,False,229,1,True,17,5,0.2941176470588235,0.2578291093020997,0.028465307004047598,4.5013995278719,0.0,8.80584078761714,0.0,4.881513931477828,8.80584078761714,0.818915461315375,3.551113518857083,6.28331157639879,5.202180332789204,0.0,8.80584078761714,6.0,5.0,0.2890191943493392,1,0,0,0,1,0,0,1.6,,False,False,True,False,True,True,,,14.0,34.0
721,Precisely,https://www.crunchbase.com/organization/precisely,Sweden,57.7072326,11.9670171,2014,2.0,False,False,False,False,True,False,False,False,False,True,False,False,False,False,1,2,2,False,False,False,False,2.0,True,2.17827,False,2015-06-01,2021-01-27,Seed,2015,44.0,False,False,True,True,7.5,5.5,False,False,False,False,False,False,False,False,False,False,False,False,0,0,False,False,False,False,False,False,False,False,False,False,False,False,False,False,False,1,1.0,True,True,False,True,True,False,False,False,False,False,False,True,True,25,2,True,27,5,0.1851851851851851,0.1698990367953974,0.22766469926136576,0.5707329845553557,0.39731307421247714,0.7441528948982344,0.0,0.0,0.0,0.39731307421247714,0.5707329845553557,0.7441528948982344,1.1251781417496145,1.1251781417496145,1.1251781417496145,0.0,0.0,0.0,0,0,0,0,0,0,0,1.6,,False,False,False,False,False,False,,,8.0,41.0
675,Normative.io,https://www.crunchbase.com/organization/normative-io,Sweden,59.3251172,18.0710935,2014,1.0,False,True,False,False,True,False,False,False,False,True,False,False,False,False,5,1,4,True,False,False,False,1.0,True,2.1,False,2019-09-18,2019-09-18,Series B,2019,34.5,True,False,True,True,2.3,4.0,False,False,True,False,False,False,False,False,True,False,False,False,1,0,True,False,False,True,False,True,False,True,False,True,False,True,False,True,False,1,0.0,True,False,False,True,True,False,False,False,False,True,False,True,True,334,2,True,115,34,0.2956521739130435,0.259014177582209,0.0,0.4320260241084892,0.0,0.8112272165110043,0.0,0.4024146569124581,0.8112272165110043,0.5208601256965827,0.5208601256965827,0.5208601256965827,0.6790386751001241,0.35724176469164737,1.1066302379326847,8.0,4.0,0.2971868065010471,1,0,0,0,0,0,0,1.6,,False,True,True,True,True,True,,,12.0,18.200000000000017
686,SweGaN,https://www.crunchbase.com/organization/swegan,Sweden,58.4098135,15.6245252,2014,2.0,False,False,False,False,True,True,False,False,False,True,False,False,False,True,2,2,3,False,False,False,False,0.0,False,0.747062,False,2016-10-31,2017-09-13,Series B,2016,143.75,True,,True,,4.3,13.0,False,,True,,False,,False,,True,,False,,1,0,True,,False,True,,True,,True,,True,,True,,True,,2,,True,,False,True,,True,True,True,False,False,False,True,False,3,0,False,5,0,0.0,0.0,0.17359662096054518,4.476283401504316,0.0,8.865768492528359,0.0,4.476283401504316,8.865768492528359,0.0,0.0,0.0,5.94005927511655,0.0,8.867611022341016,3.0,0.0,0.0687619531421999,0,0,0,0,1,0,0,1.6,,False,False,True,False,True,True,,,2.0,6.0
723,Greenely,https://www.crunchbase.com/organization/greenely,Sweden,59.3251172,18.0710935,2014,3.0,False,True,True,False,False,False,False,False,False,True,False,True,False,True,5,1,2,False,False,False,False,2.0,True,2.751213,False,2019-07-25,2019-07-25,Series A,2019,47.5,True,True,True,True,2.0,5.0,False,False,True,True,False,False,False,False,True,True,False,False,1,1,True,True,False,True,True,True,True,True,True,True,True,True,True,True,True,1,1.0,True,True,False,True,True,False,False,False,False,False,False,True,True,334,2,True,115,35,0.3043478260869565,0.2657031657330057,0.0,0.26043006284829134,0.0,0.5208601256965827,0.0,0.0,0.0,0.0,0.26043006284829134,0.5208601256965827,0.5208601256965827,0.5208601256965827,0.5208601256965827,6.0,6.0,0.3031924594922654,1,0,0,0,0,0,0,1.6,,False,False,True,False,True,True,,,12.0,18.200000000000017
856,1928 Diagnostics,https://www.crunchbase.com/organization/1928diagnostics,Sweden,57.7072326,11.9670171,2014,2.0,False,False,False,False,True,False,False,True,False,True,False,False,False,False,3,1,1,False,True,False,True,1.0,True,2.304008,False,2017-05-04,2017-05-04,Venture - Series Unknown,2017,27.0,False,False,True,True,3.0,9.0,False,False,False,False,False,False,False,False,False,False,False,False,0,0,False,False,False,False,False,False,False,False,False,False,False,False,False,False,False,1,1.0,True,True,True,True,True,False,False,False,False,False,False,True,True,25,2,True,27,5,0.1851851851851851,0.1698990367953974,0.22766469926136576,0.39731307421247714,0.39731307421247714,0.39731307421247714,0.0,0.0,0.0,0.39731307421247714,0.39731307421247714,0.39731307421247714,0.0,0.0,0.0,0.0,0.0,0.0,0,0,0,0,0,0,0,1.6,,False,False,True,False,True,True,,,8.0,41.0
819,Glue Home,https://www.crunchbase.com/organization/glue-home,Sweden,59.3251172,18.0710935,2014,2.0,False,True,False,False,True,True,False,False,False,True,False,False,True,False,2,1,2,False,False,False,False,0.0,False,3.0,False,2016-05-22,2016-05-22,Series A,2016,13.5,True,,True,,6.0,3.5,False,,False,,False,,False,,False,,False,,1,0,True,,False,True,,True,,True,,True,,True,,True,,1,,True,,False,True,,False,False,False,False,False,False,True,True,334,2,True,115,34,0.2956521739130435,0.259014177582209,0.0,0.771891579206891,0.0,1.543783158413782,0.0,0.771891579206891,1.543783158413782,0.0,0.0,0.0,1.543783158413782,1.543783158413782,1.543783158413782,0.0,0.0,0.0,0,0,0,0,0,0,0,1.6,,True,False,True,True,True,True,2021-08-31,7.0,12.0,18.200000000000017
883,Capcito,https://www.crunchbase.com/organization/capcito,Sweden,59.3251172,18.0710935,2014,4.0,False,True,False,False,False,False,False,False,True,False,False,False,False,True,1,1,1,False,True,False,True,1.0,True,0.0,True,2015-01-15,2015-01-15,Venture - Series Unknown,2015,12.0,True,True,False,False,14.0,4.0,False,False,False,False,False,False,False,False,False,False,False,False,1,1,True,True,True,True,True,True,True,True,True,True,True,True,True,True,True,1,1.0,True,True,True,True,True,False,False,False,False,False,False,True,True,334,2,True,115,35,0.3043478260869565,0.2657031657330057,0.0,0.0,0.0,0.0,0.0,0.0,0.0,0.0,0.0,0.0,0.0,0.0,0.0,4.0,3.0,0.2183601215474815,1,0,0,0,0,0,0,1.6,,False,False,True,False,True,True,,,12.0,18.200000000000017
890,Handiscover,https://www.crunchbase.com/organization/handiscover,Sweden,55.6052931,13.0001566,2014,1.0,False,False,False,False,False,True,False,False,False,True,False,False,False,False,2,4,5,True,False,False,False,3.0,True,3.196306,False,2016-06-13,2023-07-25,Seed,2016,309.2,False,False,True,True,19.6,24.6,False,False,True,True,True,True,False,False,True,True,False,False,0,0,False,False,False,False,False,False,False,False,False,False,False,False,False,False,False,6,1.0,True,True,False,True,True,False,False,False,False,False,False,True,True,229,1,True,17,5,0.2941176470588235,0.2578291093020997,0.028465307004047598,0.5549042285515745,0.18039805974039994,0.812114982164213,0.18039805974039994,0.49191988302862194,0.812114982164213,0.512576505756072,0.7018677014384638,0.812114982164213,0.7090196921282168,0.0,1.324129480888156,18.0,5.0,0.3880757793761596,1,0,0,0,1,0,0,1.6,,False,False,False,False,False,False,,,14.0,34.0
900,ReVibe Energy,https://www.crunchbase.com/organization/revibe-energy,Sweden,57.7072326,11.9670171,2014,2.0,False,False,True,False,False,False,False,False,False,True,False,True,False,False,2,4,4,False,False,False,False,0.0,False,2.615761,False,2016-09-27,2023-10-18,Seed,2016,141.14285714285714,True,,True,,17.7,15.4,False,,True,,False,,False,,False,,False,,5,0,True,,False,True,,True,,True,,True,,True,,True,,7,,True,,True,True,,False,False,False,False,False,False,True,True,25,2,True,27,5,0.1851851851851851,0.1698990367953974,0.22766469926136576,0.09675412787557024,0.0,0.39731307421247714,0.0,0.09675412787557024,0.39731307421247714,0.0,0.0,0.0,0.16699393471305096,0.0,0.39731307421247714,46.0,15.0,0.5681059528600021,1,1,1,1,1,1,1,1.6,,False,False,False,False,False,False,,,8.0,41.0
874,Pila Pharma,https://www.crunchbase.com/organization/pila-pharma-ab,Sweden,55.6052931,13.0001566,2014,1.0,False,False,False,False,True,False,False,True,False,False,False,False,False,False,1,1,1,False,True,True,True,1.0,True,0.123485,True,2015-01-15,2015-01-15,Post-IPO Equity,2015,543.0,False,False,True,True,6.0,50.0,False,False,True,True,False,False,False,False,False,False,False,False,0,0,False,False,False,False,False,False,False,False,False,False,False,False,False,False,False,1,1.0,True,True,True,True,True,False,False,False,False,False,False,True,True,229,1,True,17,4,0.2352941176470588,0.2113090936672069,0.028465307004047598,0.512576505756072,0.512576505756072,0.512576505756072,0.0,0.0,0.0,0.512576505756072,0.512576505756072,0.512576505756072,0.0,0.0,0.0,5.0,3.0,0.2364468810362113,1,0,0,0,0,0,0,1.6,,True,False,False,True,True,True,2021-07-15,7.0,14.0,34.0
814,NOWO,https://www.crunchbase.com/organization/nowonomics,Sweden,59.3251172,18.0710935,2014,3.0,False,True,False,False,False,True,False,False,True,True,False,False,False,True,2,1,1,False,True,False,True,1.0,True,2.15,False,2016-02-04,2016-02-04,Venture - Series Unknown,2016,41.0,True,True,False,False,2.0,7.0,False,False,False,False,False,False,False,False,False,False,False,False,1,1,True,True,True,True,True,True,True,True,True,True,True,True,True,True,True,1,1.0,True,True,True,True,True,False,False,False,False,False,False,True,True,334,2,True,115,35,0.3043478260869565,0.2657031657330057,0.0,0.0,0.0,0.0,0.0,0.0,0.0,0.0,0.0,0.0,0.0,0.0,0.0,5.0,1.0,0.1727159991214717,1,0,0,0,0,0,0,1.6,,False,False,True,False,True,True,,,12.0,18.200000000000017
754,Velory,https://www.crunchbase.com/organization/universal-avenue,Sweden,59.3251172,18.0710935,2014,2.0,False,True,False,False,False,False,False,False,False,True,True,False,False,False,0,2,4,True,False,False,False,1.0,True,7.0,False,2014-06-16,2015-09-01,Venture - Series Unknown,2014,142.0,True,False,True,True,7.5,45.2,True,False,True,True,False,False,False,False,True,False,True,False,2,0,True,False,False,True,False,True,False,True,False,True,False,True,False,True,False,2,0.0,True,False,False,True,True,True,True,True,False,False,False,True,False,334,2,True,115,35,0.3043478260869565,0.2657031657330057,0.0,2.5141554512632123,0.0,8.62173839862099,0.0,2.87391279954033,8.62173839862099,1.4348834064318592,1.4348834064318592,1.4348834064318592,4.788326157947195,0.0,8.62173839862099,9.0,5.0,0.3244022507476923,1,0,0,0,0,0,0,1.6,,False,False,True,False,True,True,,,12.0,18.200000000000017
760,Winningtemp,https://www.crunchbase.com/organization/winningtemp,Sweden,57.7072326,11.9670171,2014,2.0,False,False,False,False,True,False,False,False,False,True,False,False,False,True,2,2,4,True,False,False,False,2.0,True,0.462465,True,2016-02-18,2017-10-31,Series B,2016,219.66666666666663,True,True,True,True,4.5,21.5,False,False,True,True,False,False,False,False,False,False,False,False,3,1,True,True,False,True,True,True,True,True,True,True,True,True,True,True,True,6,2.0,True,True,True,True,True,False,False,False,False,False,False,True,True,25,2,True,27,5,0.1851851851851851,0.1698990367953974,0.22766469926136576,0.19865653710623857,0.0,0.39731307421247714,0.0,0.19865653710623857,0.39731307421247714,0.0,0.19865653710623857,0.39731307421247714,0.2383878445274863,0.0,0.39731307421247714,15.0,13.0,0.4489319463717554,1,0,0,1,0,1,0,1.6,,False,False,True,False,True,True,,,8.0,41.0
730,Mitigram,https://www.crunchbase.com/organization/mitigram,Sweden,59.3251172,18.0710935,2014,1.0,False,True,False,False,False,False,False,False,True,False,False,False,False,False,0,1,1,False,True,False,False,0.0,False,0.0,True,2014-04-07,2014-04-07,Series B,2014,13.0,True,,False,,2.0,4.0,True,,False,,False,,False,,True,,False,,1,0,True,,True,True,,True,,True,,True,,True,,True,,1,,True,,True,True,,False,False,False,False,False,False,True,True,334,2,True,115,35,0.3043478260869565,0.2657031657330057,0.0,0.0,0.0,0.0,0.0,0.0,0.0,0.0,0.0,0.0,0.0,0.0,0.0,5.0,3.0,0.2364468810362113,1,0,0,0,0,0,0,1.6,,False,False,True,False,True,True,,,12.0,18.200000000000017
740,Joint Academy,https://www.crunchbase.com/organization/joint-academy,Sweden,55.6052931,13.0001566,2014,2.0,False,False,False,False,False,False,False,True,False,False,False,False,False,False,2,1,8,True,False,False,False,1.0,True,2.2,False,2016-12-06,2016-12-06,Series B,2016,18.75,True,False,True,True,10.3,3.4,False,False,False,False,False,False,False,False,False,False,False,False,2,0,True,False,False,True,False,True,False,True,False,True,False,True,False,True,False,6,1.0,True,True,False,True,True,False,False,False,False,False,False,True,True,229,1,True,17,4,0.2352941176470588,0.2113090936672069,0.028465307004047598,0.37821943904485866,0.0,0.9794617142904339,0.0,0.3590255723718282,0.9794617142904339,0.512576505756072,0.512576505756072,0.512576505756072,0.6361707598215742,0.0,1.4348834064318592,9.0,14.0,0.4086498940627354,1,0,0,1,1,1,0,1.6,,False,True,True,True,True,True,,,14.0,34.0
768,Swedish Algae Factory,https://www.crunchbase.com/organization/swedish-algae-factory,Sweden,57.7072326,11.9670171,2014,1.0,False,False,False,False,True,False,False,False,False,False,False,True,False,True,3,2,3,True,False,False,False,2.0,True,0.739052,False,2017-05-09,2018-05-15,Venture - Series Unknown,2017,229.0,True,True,True,True,5.0,21.2,True,False,True,True,True,False,False,False,False,False,False,False,2,2,True,True,False,True,True,True,True,True,True,True,True,True,True,True,True,3,3.0,True,True,False,True,True,False,False,False,False,False,False,True,True,25,2,True,27,5,0.1851851851851851,0.1698990367953974,0.22766469926136576,0.30232606196202605,0.0,0.811991173635627,0.811991173635627,0.811991173635627,0.811991173635627,0.0,0.13243769140415904,0.39731307421247714,0.5997853907826581,0.0,1.1801038489997409,22.0,7.0,0.4334796478602494,1,0,0,0,0,0,0,1.6,,False,False,True,False,True,True,,,8.0,41.0
785,Innovation 360,https://www.crunchbase.com/organization/innovation-360-2,Sweden,59.3251172,18.0710935,2014,2.0,False,True,False,False,True,False,False,False,False,True,False,False,False,True,2,1,1,False,True,False,False,0.0,False,0.36,True,2016-06-15,2016-06-15,Venture - Series Unknown,2016,8.0,True,,False,,0.0,1.0,False,,False,,False,,False,,False,,False,,1,0,True,,True,True,,True,,True,,True,,True,,True,,1,,True,,True,True,,False,False,False,False,False,False,True,True,334,2,True,115,35,0.3043478260869565,0.2657031657330057,0.0,0.0,0.0,0.0,0.0,0.0,0.0,0.0,0.0,0.0,0.0,0.0,0.0,1.0,0.0,0.0,0,0,0,0,0,0,0,1.6,,False,False,True,False,True,True,,,12.0,18.200000000000017
772,Reve,https://www.crunchbase.com/organization/r-ve,Sweden,59.3251172,18.0710935,2014,2.0,False,True,False,False,False,True,False,False,False,True,False,False,False,False,0,2,4,False,False,False,False,0.0,False,0.461699,True,2014-01-01,2014-10-13,Venture - Series Unknown,2014,271.25,True,,True,,5.8,31.2,False,,True,,True,,False,,False,,False,,3,0,True,,False,True,,True,,True,,True,,True,,True,,3,,True,,False,True,,False,False,False,False,False,False,True,True,334,2,True,115,34,0.2956521739130435,0.259014177582209,0.0,0.3218051037441011,0.0,1.2801469042887925,0.0,0.3218051037441011,1.2801469042887925,0.0,0.0,0.0,0.6413177494207165,0.0,1.2801469042887925,21.0,8.0,0.4398993908048834,1,0,0,0,0,0,1,1.6,,True,False,True,True,True,True,2020-01-15,6.0,12.0,18.200000000000017
783,Intelligent Implants,https://www.crunchbase.com/organization/intelligent-implants,Sweden,57.7072326,11.9670171,2014,5.0,False,False,False,False,False,True,False,True,False,True,False,False,False,False,2,6,5,True,False,False,False,2.0,True,6.968012,False,2016-07-16,2021-10-14,Seed,2016,393.8571428571428,False,False,True,True,19.0,50.8,True,True,True,True,True,True,False,False,False,False,False,False,0,0,False,False,False,False,False,False,False,False,False,False,False,False,False,False,False,0,0.0,False,False,False,True,True,True,True,True,False,False,False,True,False,25,2,True,27,5,0.1851851851851851,0.1698990367953974,0.22766469926136576,6.308889975255176,0.9078502996707272,8.578019760547708,1.2403764007410296,6.866515856340901,8.578019760547708,0.9078502996707272,3.520760569826545,6.133670839982363,3.6944180005343092,0.0,8.878272652378357,0.0,0.0,0.0,0,0,0,0,0,0,0,1.6,,False,False,False,False,False,False,,,8.0,41.0
1383,Codarica,https://www.crunchbase.com/organization/codarica,Sweden,59.3251172,18.0710935,2014,3.0,False,True,False,False,False,True,False,False,False,True,False,False,False,False,0,2,3,True,False,True,False,1.0,True,0.0,True,2014-06-30,2015-06-01,Seed,2014,40.0,True,True,True,False,3.0,186.3,False,False,True,False,True,False,False,False,False,False,False,False,1,1,True,True,False,True,True,True,True,True,True,True,True,True,True,True,True,1,1.0,True,True,False,True,True,True,True,True,False,False,False,True,False,334,2,True,115,34,0.2956521739130435,0.259014177582209,0.0,5.563235205571397,0.0,8.880618688546408,7.809086928167788,8.344852808357096,8.880618688546408,0.0,0.0,0.0,6.0054476144885625,1.3266372267514899,8.880618688546408,7.0,0.0,0.1375239062843998,0,0,0,0,0,0,0,1.6,,True,False,False,True,True,True,2016-07-15,2.0,12.0,18.200000000000017
1396,Opinion Podcasting,https://www.crunchbase.com/organization/opinion,Sweden,59.3251172,18.0710935,2014,2.0,False,True,False,False,False,False,False,False,False,True,True,False,False,False,1,1,1,False,True,False,False,0.0,False,0.0,True,2015-02-05,2015-02-05,Seed,2015,423.0,False,,True,,8.0,74.0,False,,True,,True,,False,,True,,False,,0,0,False,,False,False,,False,,False,,False,,False,,False,,0,,False,,False,True,,False,False,False,False,False,False,True,True,334,2,True,115,35,0.3043478260869565,0.2657031657330057,0.0,1.4348834064318592,1.4348834064318592,1.4348834064318592,1.4348834064318592,1.4348834064318592,1.4348834064318592,0.0,0.0,0.0,0.0,0.0,0.0,1.0,0.0,0.0,0,0,0,0,0,0,0,1.6,,False,False,False,False,False,False,,,12.0,18.200000000000017
1367,Light Flex Technology,https://www.crunchbase.com/organization/light-flex-technology,Sweden,59.3251172,18.0710935,2014,1.0,False,True,False,False,False,True,False,False,False,True,False,False,False,False,2,1,3,False,False,False,False,0.0,False,0.0,True,2016-02-16,2016-02-16,Seed,2016,79.0,True,,True,,6.0,15.7,False,,False,,True,,False,,False,,False,,2,0,True,,False,True,,True,,True,,True,,True,,True,,2,,True,,False,True,,False,False,False,False,False,False,True,True,334,2,True,115,35,0.3043478260869565,0.2657031657330057,0.0,0.4267156347629309,0.0,1.2801469042887925,0.0,0.4267156347629309,1.2801469042887925,0.0,0.0,0.0,0.8534312695258617,0.0,1.2801469042887925,14.0,2.0,0.3008945328974849,1,0,0,0,0,0,0,1.6,,False,False,False,False,False,False,,,12.0,18.200000000000017
1048,Näktergal,https://www.crunchbase.com/organization/naktergal-financial-technology,Sweden,59.3251172,18.0710935,2015,2.0,False,True,False,False,False,False,False,False,True,True,False,False,False,False,4,2,5,True,False,True,False,2.0,True,1.120325,False,2019-08-01,2021-11-24,Seed,2019,3.8,True,True,True,True,9.5,0.4,False,False,False,False,False,False,True,True,False,False,False,False,4,1,True,True,False,True,True,True,True,True,True,True,True,True,True,True,True,4,1.0,True,True,False,True,True,True,True,True,False,False,False,True,False,334,2,True,147,41,0.2789115646258503,0.2460093760512129,0.0,1.5966986944587818,0.0,7.983493472293909,0.0,0.0,0.0,0.0,3.9917467361469545,7.983493472293909,3.1933973889175635,0.0,7.983493472293909,2.0,0.0,0.0402231640645322,0,0,0,0,0,0,0,2.31,,False,False,False,False,False,False,,,12.0,18.200000000000017
1042,Worldish,https://www.crunchbase.com/organization/worldish,Sweden,58.4098135,15.6245252,2015,2.0,False,False,False,False,False,False,False,True,False,True,False,False,False,False,3,1,2,False,False,False,False,0.0,False,0.236024,True,2018-04-13,2018-04-13,Seed,2018,7.0,True,,True,,0.0,0.0,False,,False,,False,,False,,False,,False,,1,0,True,,False,True,,True,,True,,True,,True,,True,,2,,True,,True,True,,False,False,False,False,False,False,True,True,3,0,False,9,0,0.0,0.0,0.17359662096054518,0.0867983104802723,0.0,0.1735966209605446,0.0,0.0867983104802723,0.1735966209605446,0.0,0.0,0.0,0.1735966209605446,0.1735966209605446,0.1735966209605446,0.0,0.0,0.0,0,0,0,0,1,0,0,2.31,,False,False,False,False,False,False,,,2.0,6.0
1034,Cavis Technologies,https://www.crunchbase.com/organization/cavis-technologies,Sweden,59.8586126,17.6387436,2015,2.0,False,False,False,False,True,False,False,True,False,False,False,False,False,False,5,1,1,False,True,False,True,1.0,True,0.998487,False,2020-02-01,2020-02-01,Seed,2020,27.0,True,True,False,False,6.0,9.0,False,False,False,False,False,False,False,False,False,False,False,False,0,0,False,False,False,True,True,True,True,False,False,False,False,False,False,False,False,1,1.0,True,True,True,True,True,False,False,False,False,False,False,True,True,5,0,False,6,0,0.0,0.0,0.06411843760759518,0.06411843760759518,0.06411843760759518,0.06411843760759518,0.0,0.0,0.0,0.06411843760759518,0.06411843760759518,0.06411843760759518,0.0,0.0,0.0,1.0,0.0,0.0,0,0,0,0,1,1,1,2.31,,False,False,False,False,False,False,,,0.0,1.0
1027,Zero Parallax,https://www.crunchbase.com/organization/zero-parallax-technologies,Sweden,63.4010888,13.0822241,2015,3.0,False,False,False,False,True,False,False,False,False,True,False,False,False,False,1,1,1,False,True,False,True,1.0,True,0.232805,True,2016-09-20,2016-09-20,Seed,2016,543.0,False,False,True,True,7.0,50.0,False,False,True,True,False,False,False,False,False,False,False,False,0,0,False,False,False,False,False,False,False,False,False,False,False,False,False,False,False,1,1.0,True,True,True,True,True,False,False,False,False,False,False,True,True,1,0,False,0,0,0.0,0.0,0.4070030237908037,0.5251031612185248,0.5251031612185248,0.5251031612185248,0.0,0.0,0.0,0.5251031612185248,0.5251031612185248,0.5251031612185248,0.0,0.0,0.0,0.0,0.0,0.0,0,0,0,0,1,1,0,2.31,,False,False,False,False,False,False,,,0.0,0.8
1025,EVAM,https://www.crunchbase.com/organization/evam-system,Sweden,59.3251172,18.0710935,2015,3.0,False,True,True,False,False,False,False,False,False,True,False,False,False,True,2,4,7,True,False,True,False,2.0,True,2.763146,False,2017-01-01,2020-05-06,Seed,2017,128.66666666666666,True,True,True,True,13.5,11.2,False,False,True,False,True,False,False,False,False,False,False,False,8,1,True,True,False,True,True,True,True,True,True,True,True,True,True,True,True,10,1.0,True,True,True,True,True,False,False,False,False,False,False,True,True,334,2,True,147,41,0.2789115646258503,0.2460093760512129,0.0,0.034829295780999,0.0,0.1735966209605446,0.0,0.03857702688012102,0.1735966209605446,0.0010997158889007883,0.0010997158889007883,0.0010997158889007883,0.061902828341664065,0.0,0.17378828535247653,42.0,31.0,0.6230130192314947,1,1,1,1,0,1,1,2.31,,False,False,False,False,False,False,,,12.0,18.200000000000017
1064,Invisense,https://www.crunchbase.com/organization/invisense,Sweden,58.4098135,15.6245252,2015,2.0,False,False,False,False,False,False,False,False,False,False,False,False,True,False,4,1,1,False,True,False,False,0.0,False,0.45,True,2019-01-07,2019-01-07,Seed,2019,543.0,False,,True,,10.0,50.0,False,,True,,False,,False,,False,,False,,0,0,False,,False,False,,False,,False,,False,,False,,False,,1,,True,,True,True,,False,False,False,False,False,False,True,True,3,0,False,9,0,0.0,0.0,0.17359662096054518,0.1735966209605446,0.1735966209605446,0.1735966209605446,0.1735966209605446,0.1735966209605446,0.1735966209605446,0.0,0.0,0.0,0.0,0.0,0.0,6.0,2.0,0.2252883124345997,1,0,0,0,1,1,1,2.31,,False,False,False,False,False,False,,,2.0,6.0
1061,MyBeat,https://www.crunchbase.com/organization/mybeat,Sweden,59.3251172,18.0710935,2015,1.0,False,True,False,False,False,False,False,False,False,True,False,False,False,False,4,1,4,True,False,False,False,1.0,True,0.87,False,2019-02-06,2019-02-06,Seed,2019,136.5,True,True,True,False,10.0,13.2,False,False,True,True,False,False,False,False,False,False,False,False,1,1,True,True,False,True,True,True,True,True,True,True,True,True,True,True,True,1,1.0,True,True,False,True,True,False,False,False,False,False,False,True,True,334,2,True,147,40,0.272108843537415,0.2406760300758503,0.0,0.3260491127294375,0.0,0.44412336499267946,0.4159497209323909,0.4347321503059166,0.44412336499267946,0.0,0.0,0.0,0.2517313960577914,0.0,0.44412336499267946,37.0,15.0,0.5470193202898279,1,1,1,1,0,1,1,2.31,,True,False,False,True,True,True,2022-05-30,7.0,12.0,18.200000000000017
1075,BuildSafe,https://www.crunchbase.com/organization/buildsafe,Sweden,59.3251172,18.0710935,2015,5.0,False,True,False,False,True,False,False,False,False,True,False,False,True,False,1,1,2,False,False,False,False,0.0,False,0.365047,True,2016-03-29,2016-03-29,Venture - Series Unknown,2016,278.0,True,,False,,5.5,27.0,True,,True,,False,,False,,True,,False,,2,0,True,,True,True,,True,,True,,True,,True,,True,,2,,True,,True,True,,False,False,False,False,False,False,True,True,334,2,True,147,40,0.272108843537415,0.2406760300758503,0.0,0.0,0.0,0.0,0.0,0.0,0.0,0.0,0.0,0.0,0.0,0.0,0.0,23.0,3.0,0.3739707873206112,1,0,0,0,0,0,1,2.31,,True,False,True,True,True,True,2020-11-04,5.0,12.0,18.200000000000017
1094,Referanza,https://www.crunchbase.com/organization/referanza-com,Sweden,59.3251172,18.0710935,2015,2.0,False,True,False,False,False,False,False,False,False,True,True,False,False,False,2,1,6,False,False,False,False,0.0,False,0.8,False,2017-09-15,2017-09-15,Venture - Series Unknown,2017,95.5,True,,True,,4.5,9.0,False,,True,,False,,False,,False,,False,,4,0,True,,False,True,,True,,True,,True,,True,,True,,4,,True,,False,True,,False,False,False,False,False,False,True,True,334,2,True,147,41,0.2789115646258503,0.2460093760512129,0.0,0.2869766812863718,0.0,1.4348834064318592,0.0,0.2869766812863718,1.4348834064318592,0.0,0.0,0.0,0.5739533625727437,0.0,1.4348834064318592,26.0,14.0,0.5071829816805297,1,1,1,1,0,1,1,2.31,,False,False,True,False,True,True,,,12.0,18.200000000000017
1102,Karma,https://www.crunchbase.com/organization/karma-crowdsourced-deals-loyalty-platform,Sweden,59.3251172,18.0710935,2015,4.0,False,True,False,False,True,True,True,False,False,True,False,True,False,False,0,3,16,True,False,False,False,2.0,True,4.746655,False,2015-12-17,2017-07-03,Venture - Series Unknown,2015,31.41176470588235,True,True,True,True,4.9,6.0,False,False,True,True,False,False,False,False,False,False,False,False,11,1,True,True,False,True,True,True,True,True,True,True,True,True,True,True,True,11,1.0,True,True,False,True,True,True,True,True,False,False,False,True,False,334,2,True,147,41,0.2789115646258503,0.2460093760512129,0.0,1.6413279194641515,0.0,8.62173839862099,0.0,1.2306292610262521,7.1170373532779205,0.0,4.310869199310495,8.62173839862099,2.925375557142611,0.0,9.87677380694217,6.0,2.0,0.2252883124345997,1,0,0,0,0,0,0,2.31,,False,False,True,False,True,True,,,12.0,18.200000000000017
1096,PeN Chat,https://www.crunchbase.com/organization/pen-chat,Sweden,56.0442098,12.703706,2015,5.0,False,False,False,False,False,True,False,True,True,True,True,False,False,False,1,1,3,True,False,False,False,1.0,True,1.559901,False,2016-11-01,2016-11-01,Seed,2016,195.0,False,False,True,True,6.5,20.0,False,False,True,True,False,False,False,False,False,False,False,False,0,0,False,False,False,False,False,False,False,False,False,False,False,False,False,False,False,2,1.0,True,True,True,True,False,False,False,False,False,False,False,True,True,216,0,False,0,0,0.0,0.0,0.040615653964174686,0.6425302354584346,0.48435271021783344,0.8007077606990357,0.48435271021783344,0.48435271021783344,0.48435271021783344,0.8007077606990357,0.8007077606990357,0.8007077606990357,0.4661347318624995,0.4661347318624995,0.4661347318624995,3.0,0.0,0.0687619531421999,0,0,0,0,1,0,0,2.31,,False,False,False,False,False,False,,,1.2000000000000002,7.4
1181,Elly Pistol,https://www.crunchbase.com/organization/elly-pistol,Sweden,59.3251172,18.0710935,2015,1.0,False,True,False,False,True,True,False,False,False,True,False,False,True,False,2,1,2,False,False,False,False,2.0,True,0.375419,True,2017-09-14,2017-09-14,Seed,2017,2.5,True,True,True,True,2.0,0.0,False,False,False,False,False,False,False,False,False,False,False,False,1,1,True,True,True,True,True,True,True,True,True,True,True,True,True,True,True,1,1.0,True,True,True,True,True,False,False,False,False,False,False,True,True,334,2,True,147,41,0.2789115646258503,0.2460093760512129,0.0,0.0,0.0,0.0,0.0,0.0,0.0,0.0,0.0,0.0,0.0,0.0,0.0,0.0,0.0,0.0,0,0,0,0,0,0,0,2.31,,False,False,False,False,False,False,,,12.0,18.200000000000017
1179,Just Arrived,https://www.crunchbase.com/organization/justarrived,Sweden,59.3251172,18.0710935,2015,3.0,False,True,False,False,False,False,False,False,False,True,False,False,False,True,2,1,4,False,False,False,False,0.0,False,0.474945,True,2017-12-06,2017-12-06,Seed,2017,6.5,True,,True,,0.0,1.2,True,,False,,False,,False,,False,,False,,3,0,True,,False,True,,True,,True,,True,,True,,True,,3,,True,,False,True,,False,False,False,False,True,False,True,True,334,2,True,147,41,0.2789115646258503,0.2460093760512129,0.0,0.402973886155524,0.0,1.6118955446220962,0.0,0.402973886155524,1.6118955446220962,0.0,0.0,0.0,0.8059477723110481,0.0,1.6118955446220962,0.0,0.0,0.0,0,0,0,0,0,0,0,2.31,,False,False,False,False,False,False,,,12.0,18.200000000000017
1176,ZignSec,https://www.crunchbase.com/organization/zignsec,Sweden,59.366667,18.016667,2015,2.0,False,True,False,False,False,False,False,False,True,True,False,False,False,False,0,1,1,False,True,False,True,1.0,True,0.0,True,2015-10-03,2015-10-03,Seed,2015,41.0,True,True,False,False,1.0,7.0,False,False,False,False,False,False,False,False,False,False,False,False,1,1,True,True,True,True,True,True,True,True,True,True,True,True,True,True,True,1,1.0,True,True,True,True,True,False,False,False,False,False,False,True,True,334,2,True,155,41,0.2645161290322581,0.2346895423112706,0.005555768801645109,0.005555768801645051,0.005555768801645051,0.005555768801645051,0.0,0.0,0.0,0.005555768801645051,0.005555768801645051,0.005555768801645051,0.0,0.0,0.0,3.0,2.0,0.1697730111149502,1,0,0,0,0,0,0,2.31,,True,False,False,True,True,True,2019-10-21,4.0,12.0,18.200000000000017
1163,Glamma Nordic AB,https://www.crunchbase.com/organization/glamma,Sweden,57.6564918,12.0153085,2015,2.0,False,False,False,False,False,True,False,True,False,False,False,False,False,False,1,1,1,False,True,False,True,1.0,True,1.064101,False,2016-09-07,2016-09-07,Seed,2016,41.0,False,False,True,True,2.0,7.0,False,False,False,False,False,False,False,False,False,False,False,False,0,0,False,False,False,False,False,False,False,False,False,False,False,False,False,False,False,1,1.0,True,True,True,True,True,False,False,False,False,False,False,True,True,25,2,True,35,7,0.2,0.1823215567939546,0.22163295768702693,0.39763957188109994,0.39763957188109994,0.39763957188109994,0.0,0.0,0.0,0.39763957188109994,0.39763957188109994,0.39763957188109994,0.0,0.0,0.0,0.0,0.0,0.0,0,0,0,0,0,0,0,2.31,,False,False,False,False,False,False,,,8.0,41.0
1155,Genagon Therapeutics,https://www.crunchbase.com/organization/genagon-therapeutics,Sweden,59.366667,18.016667,2015,2.0,False,True,False,False,True,False,False,True,False,False,False,False,False,False,1,1,1,False,True,False,True,1.0,True,0.233936,True,2016-01-26,2016-01-26,Seed,2016,543.0,True,True,False,False,7.0,50.0,False,False,True,True,False,False,False,False,False,False,False,False,1,1,True,True,True,True,True,True,True,True,True,True,True,True,True,True,True,1,1.0,True,True,True,True,True,False,False,False,False,False,False,True,True,334,2,True,155,42,0.2709677419354839,0.2397786118187419,0.005555768801645109,0.005555768801645051,0.005555768801645051,0.005555768801645051,0.0,0.0,0.0,0.005555768801645051,0.005555768801645051,0.005555768801645051,0.0,0.0,0.0,17.0,4.0,0.365948759643247,1,0,0,0,0,0,0,2.31,,False,False,False,False,False,False,,,12.0,18.200000000000017
1141,Betspawn,https://www.crunchbase.com/organization/betspawn,Sweden,59.3251172,18.0710935,2015,4.0,False,True,False,False,False,False,False,False,False,False,True,False,False,False,1,1,1,False,True,False,True,1.0,True,0.0,True,2016-06-01,2016-06-01,Seed,2016,25.0,True,True,False,False,2.0,3.0,False,False,False,False,False,False,False,False,False,False,False,False,1,1,True,True,True,True,True,True,True,True,True,True,True,True,True,True,True,1,1.0,True,True,True,True,True,False,False,False,False,False,False,True,True,334,2,True,147,41,0.2789115646258503,0.2460093760512129,0.0,0.0,0.0,0.0,0.0,0.0,0.0,0.0,0.0,0.0,0.0,0.0,0.0,11.0,0.0,0.1777470703489321,1,0,0,0,0,0,0,2.31,,False,False,False,False,False,False,,,12.0,18.200000000000017
1131,World's Marathons,https://www.crunchbase.com/organization/world-s-marathons,Sweden,59.3251172,18.0710935,2015,2.0,False,True,False,False,False,True,False,False,False,False,True,False,False,False,2,1,8,False,False,False,False,0.0,False,0.419797,True,2017-03-16,2017-03-16,Venture - Series Unknown,2017,72.125,True,,True,,10.0,6.2,False,,True,,False,,False,,False,,False,,4,0,True,,False,True,,True,,True,,True,,True,,True,,5,,True,,True,True,,False,False,False,False,False,False,True,True,334,2,True,147,41,0.2789115646258503,0.2460093760512129,0.0,0.0024861610028390356,0.0,0.011331089125294388,0.0,0.0024861610028390356,0.011331089125294388,0.0,0.0,0.0,0.004756527998683518,0.0,0.011331089125294388,25.0,12.0,0.4902817492138154,1,1,1,1,0,1,1,2.31,,False,False,True,False,True,True,,,12.0,18.200000000000017
1193,Greta,https://www.crunchbase.com/organization/greta,Sweden,59.3251172,18.0710935,2015,2.0,False,True,False,False,False,False,False,False,False,True,True,False,False,True,1,1,2,True,False,False,False,1.0,True,1.1,False,2016-08-30,2016-08-30,Venture - Series Unknown,2016,45.5,True,False,True,True,0.0,2.5,True,True,True,True,False,False,False,False,False,False,False,False,1,0,True,False,False,True,False,True,False,True,False,True,False,True,False,True,False,1,0.0,True,False,False,True,True,False,False,False,False,True,False,True,True,334,2,True,147,41,0.2789115646258503,0.2460093760512129,0.0,0.4056136082555022,0.0,0.8112272165110043,0.0,0.0,0.0,0.8112272165110043,0.8112272165110043,0.8112272165110043,0.8112272165110043,0.8112272165110043,0.8112272165110043,0.0,0.0,0.0,0,0,0,0,0,0,0,2.31,,False,False,True,False,True,True,,,12.0,18.200000000000017
934,FineCell,https://www.crunchbase.com/organization/finecell,Sweden,58.4098135,15.6245252,2015,4.0,False,False,False,False,True,False,False,False,False,True,False,False,False,False,5,3,4,True,False,True,False,1.0,True,1.353455,False,2020-01-01,2023-12-14,Seed,2020,75.0,False,False,True,True,14.8,3.4,True,True,False,False,True,False,False,False,False,False,False,False,0,0,False,False,False,False,False,False,False,False,False,False,False,False,False,False,False,2,0.0,True,False,False,True,False,False,False,False,False,False,False,True,True,3,0,False,9,0,0.0,0.0,0.17359662096054518,0.6011054024144947,0.1735966209605446,1.0082955715703261,0.1735966209605446,0.5909460962654354,1.0082955715703261,0.6417426270107321,0.6417426270107321,0.6417426270107321,0.892796020777817,0.0,1.6334751033550954,0.0,0.0,0.0,0,0,0,0,1,0,0,2.31,,False,False,False,False,False,False,,,2.0,6.0
925,Univrses,https://www.crunchbase.com/organization/univrses,Sweden,59.3251172,18.0710935,2015,2.0,False,True,False,False,False,False,False,False,False,True,False,False,False,False,1,1,2,False,False,False,False,0.0,False,0.124331,True,2016-05-03,2016-05-03,Seed,2016,290.0,True,,True,,5.5,28.0,False,,True,,False,,False,,False,,False,,1,0,True,,False,True,,True,,True,,True,,True,,True,,1,,True,,False,True,,False,False,False,False,False,False,True,True,334,2,True,147,41,0.2789115646258503,0.2460093760512129,0.0,0.19800837711318506,0.0,0.3960167542263701,0.0,0.19800837711318506,0.3960167542263701,0.0,0.0,0.0,0.3960167542263701,0.3960167542263701,0.3960167542263701,17.0,3.0,0.3454319982429434,1,0,0,0,0,0,0,2.31,,False,False,False,False,False,False,,,12.0,18.200000000000017
919,Empe Diagnostics,https://www.crunchbase.com/organization/empe-diagnostics,Sweden,59.366667,18.016667,2015,2.0,False,True,False,False,True,False,False,True,False,False,False,False,False,False,3,2,2,True,False,False,False,1.0,True,2.119263,False,2018-06-12,2019-08-09,Series A,2018,199.0,True,True,False,False,6.0,22.7,False,False,True,False,False,False,False,False,False,False,False,False,3,2,True,True,True,True,True,True,True,True,True,True,True,True,True,True,True,3,2.0,True,True,True,True,True,False,False,False,False,False,False,True,True,334,2,True,155,42,0.2709677419354839,0.2397786118187419,0.005555768801645109,0.005555768801645051,0.005555768801645051,0.005555768801645051,0.005555768801645051,0.005555768801645051,0.005555768801645051,0.005555768801645051,0.005555768801645051,0.005555768801645051,0.0,0.0,0.0,31.0,6.0,0.4539630175992158,1,0,1,0,0,0,1,2.31,,False,False,True,False,True,True,,,12.0,18.200000000000017
901,Bärta,https://www.crunchbase.com/organization/bärta,Sweden,56.1701723,14.8631279,2015,1.0,False,False,False,False,False,False,True,False,False,False,False,True,False,False,4,1,1,False,True,False,False,0.0,False,1.12237,False,2019-04-23,2019-04-23,Venture - Series Unknown,2019,19.0,False,,True,,1.0,2.0,True,,False,,False,,False,,False,,True,,0,0,False,,False,False,,False,,False,,False,,False,,False,,1,,True,,True,True,,False,False,False,False,False,False,True,True,1,0,False,0,0,0.0,0.0,0.15261598981580313,0.39902572638994976,0.39902572638994976,0.39902572638994976,0.39902572638994976,0.39902572638994976,0.39902572638994976,0.0,0.0,0.0,0.0,0.0,0.0,0.0,0.0,0.0,0,0,0,0,1,1,1,2.31,,False,False,True,False,True,True,,,0.0,0.0
878,Aqua Robur Technologies,https://www.crunchbase.com/organization/aqua-robur,Sweden,57.7072326,11.9670171,2015,2.0,False,False,True,False,True,False,False,False,False,True,False,True,False,False,3,1,2,False,False,False,False,2.0,True,0.8,False,2018-05-02,2018-05-02,Venture - Series Unknown,2018,326.5,True,True,True,True,6.0,32.0,False,False,True,True,False,False,False,False,False,False,False,False,1,1,True,True,False,True,True,True,True,True,True,True,True,True,True,True,True,2,2.0,True,True,True,True,True,False,False,False,False,False,False,True,True,25,2,True,34,7,0.2058823529411764,0.1872115420881463,0.22766469926136576,0.19865653710623857,0.0,0.39731307421247714,0.0,0.0,0.0,0.0,0.19865653710623857,0.39731307421247714,0.39731307421247714,0.39731307421247714,0.39731307421247714,22.0,0.0,0.2422870021160307,1,0,0,0,0,0,0,2.31,,False,False,True,False,True,True,,,8.0,41.0
868,Match2One,https://www.crunchbase.com/organization/match2one-2,Sweden,59.3251172,18.0710935,2015,3.0,False,True,False,False,False,False,False,False,False,True,True,False,False,True,1,1,6,False,False,False,False,0.0,False,0.37,True,2016-05-04,2016-05-04,Venture - Series Unknown,2016,12.0,True,,True,,0.0,2.3,False,,False,,True,,False,,False,,False,,5,0,True,,False,True,,True,,True,,True,,True,,True,,5,,True,,False,True,,True,True,False,False,False,False,True,False,334,2,True,147,40,0.272108843537415,0.2406760300758503,0.0,2.599375251558707,0.0,15.596251509352243,0.0,2.599375251558707,15.596251509352243,0.0,0.0,0.0,5.198750503117414,0.0,15.596251509352243,2.0,0.0,0.0402231640645322,0,0,0,0,0,0,0,2.31,,True,False,True,True,True,True,2021-10-01,6.0,12.0,18.200000000000017
953,Velove,https://www.crunchbase.com/organization/velove,Sweden,57.6569983,11.911899,2015,3.0,False,False,False,False,True,False,False,False,False,False,False,False,False,False,4,1,1,False,True,False,True,1.0,True,1.11281,False,2019-11-04,2019-11-04,Seed,2019,543.0,False,False,True,True,10.0,50.0,False,False,True,True,False,False,False,False,False,False,False,False,0,0,False,False,False,False,False,False,False,False,False,False,False,False,False,False,False,1,1.0,True,True,True,True,True,False,False,False,False,False,False,True,True,25,2,True,35,7,0.2,0.1823215567939546,0.22274114763469385,0.40292921851069663,0.40292921851069663,0.40292921851069663,0.0,0.0,0.0,0.40292921851069663,0.40292921851069663,0.40292921851069663,0.0,0.0,0.0,13.0,4.0,0.341017732833832,1,0,0,0,0,0,0,2.31,,False,False,False,False,False,False,,,8.0,41.0
857,Kry,https://www.crunchbase.com/organization/kry,Sweden,59.3251172,18.0710935,2015,4.0,False,True,False,False,False,False,False,True,False,True,False,False,False,True,1,1,3,False,False,False,False,3.0,True,6.892655,False,2016-08-17,2016-08-17,Series D,2016,307.0,True,True,True,True,12.3,111.7,False,False,True,True,False,False,False,False,False,False,False,False,1,1,True,True,False,True,True,True,True,True,True,True,True,True,True,True,True,1,1.0,True,True,False,True,True,True,True,True,False,True,False,True,False,334,2,True,147,40,0.272108843537415,0.2406760300758503,0.0,3.1443218717106647,0.0,8.62173839862099,0.0,0.0,0.0,0.0,3.1443218717106647,8.62173839862099,6.179448239476355,0.8112272165110043,9.105379103297077,3.0,0.0,0.0687619531421999,0,0,0,0,0,0,0,2.31,,False,True,True,True,True,True,,,12.0,18.200000000000017
841,Snow Print Studios,https://www.crunchbase.com/organization/snow-print-studios,Sweden,59.3251172,18.0710935,2015,2.0,False,True,False,False,False,False,False,False,False,True,True,False,False,False,1,1,1,False,True,False,True,1.0,True,5.810815,False,2016-07-19,2016-07-19,Venture - Series Unknown,2016,12.0,True,True,False,False,15.0,4.0,False,False,False,False,False,False,False,False,False,False,False,False,1,1,True,True,True,True,True,True,True,True,True,True,True,True,True,True,True,1,1.0,True,True,True,True,True,False,False,False,False,False,False,True,True,334,2,True,147,40,0.272108843537415,0.2406760300758503,0.0,0.0,0.0,0.0,0.0,0.0,0.0,0.0,0.0,0.0,0.0,0.0,0.0,5.0,0.0,0.1089851172067322,0,0,0,0,0,0,0,2.31,,True,False,True,True,True,True,2023-10-05,8.0,12.0,18.200000000000017
834,Gedea Biotech,https://www.crunchbase.com/organization/gedea-biotech,Sweden,55.7029296,13.1929449,2015,4.0,False,False,False,False,True,False,False,True,False,False,False,False,False,False,2,1,2,False,False,False,False,2.0,True,1.306406,False,2017-12-12,2017-12-12,Venture - Series Unknown,2017,272.5,True,True,True,True,8.0,25.0,False,False,True,True,False,False,False,False,False,False,False,False,0,0,False,False,False,True,True,True,True,True,True,True,True,True,True,True,True,2,2.0,True,True,True,True,True,False,False,False,False,False,False,True,True,229,1,True,8,2,0.25,0.2231435513142097,0.03907656422507779,0.25653306091984013,0.01625253664015448,0.49681358519952573,0.0,0.0,0.0,0.01625253664015448,0.25653306091984013,0.49681358519952573,0.512576505756072,0.512576505756072,0.512576505756072,12.0,0.0,0.1856875093621534,1,0,0,0,0,0,1,2.31,,False,False,True,False,True,True,,,3.0,11.400000000000013
825,BYON8,https://www.crunchbase.com/organization/byon8,Sweden,59.3251172,18.0710935,2015,2.0,False,True,False,False,True,False,False,True,False,True,False,False,False,False,5,2,4,True,False,False,False,1.0,True,1.5,False,2020-01-01,2021-08-06,Seed,2020,29.4,True,False,True,True,2.8,0.6,True,False,False,False,False,False,False,False,False,False,False,False,1,0,True,False,False,True,False,True,False,True,False,True,False,True,False,True,False,2,0.0,True,False,False,True,True,False,False,False,False,False,False,True,True,334,2,True,147,41,0.2789115646258503,0.2460093760512129,0.0,0.39749145327510543,0.0,0.5344787843989223,0.0,0.3632446204941512,0.5344787843989223,0.5344787843989223,0.5344787843989223,0.5344787843989223,0.2691806694953356,0.0,0.5344787843989223,0.0,0.0,0.0,0,0,0,0,0,0,0,2.31,,False,False,False,False,False,False,,,12.0,18.200000000000017
788,Lurkit,https://www.crunchbase.com/organization/lurkit,Sweden,58.4098135,15.6245252,2015,1.0,False,False,False,False,False,True,False,False,False,True,True,False,False,False,5,2,4,False,False,False,False,0.0,False,3.378607,False,2020-12-21,2022-06-09,Seed,2020,139.5,False,,True,,6.0,13.0,False,,True,,False,,False,,False,,False,,0,0,False,,False,False,,False,,False,,False,,False,,False,,3,,True,,False,True,,False,False,False,False,False,False,True,True,3,0,False,9,0,0.0,0.0,0.17359662096054518,0.49721848319651024,0.1735966209605446,1.4680840699044073,0.1735966209605446,0.49721848319651024,1.4680840699044073,0.0,0.0,0.0,0.8141686257320471,0.0,1.6283372514640941,7.0,0.0,0.1375239062843998,0,0,0,0,1,0,1,2.31,,False,False,False,False,False,False,,,2.0,6.0
763,Modvion,https://www.crunchbase.com/organization/modvion,Sweden,57.7072326,11.9670171,2015,2.0,False,False,True,True,True,False,False,False,False,False,False,True,False,False,3,1,1,False,True,True,False,0.0,False,0.592796,False,2018-12-01,2018-12-01,Venture - Series Unknown,2018,110.0,True,,False,,3.0,14.0,False,,False,,False,,False,,False,,False,,1,0,True,,True,True,,True,,True,,True,,True,,True,,1,,True,,True,False,,False,False,False,False,False,False,True,True,25,2,True,34,7,0.2058823529411764,0.1872115420881463,0.22766469926136576,0.0,0.0,0.0,0.0,0.0,0.0,0.0,0.0,0.0,0.0,0.0,0.0,17.0,1.0,0.2817011163282039,1,0,0,0,0,0,0,2.31,,False,False,True,False,True,True,,,8.0,41.0
759,Bokio,https://www.crunchbase.com/organization/bokio,Sweden,57.7072326,11.9670171,2015,1.0,False,False,False,False,True,False,False,False,True,True,False,False,False,False,0,3,9,True,False,True,False,2.0,True,3.595378,False,2015-01-01,2017-07-13,Venture - Series Unknown,2015,53.333333333333336,True,False,True,True,12.8,63.7,False,False,True,True,True,True,False,False,False,False,False,False,2,0,True,False,False,True,False,True,False,True,False,True,False,True,False,True,False,8,1.0,True,True,False,True,True,True,True,True,False,False,False,True,False,25,2,True,34,6,0.1764705882352941,0.1625189294977749,0.22766469926136576,1.1188636820543694,0.0,7.686767343557835,0.0,0.28367038867414457,0.39731307421247714,0.39731307421247714,4.0420402088851555,7.686767343557835,1.8615655889268228,0.0,7.809086928167788,10.0,5.0,0.3338572616046727,1,0,0,0,0,0,0,2.31,,True,False,True,True,True,True,2022-03-02,7.0,8.0,41.0
844,C-Green,https://www.crunchbase.com/organization/c-green,Sweden,59.3251172,18.0710935,2015,3.0,False,True,True,True,True,False,False,False,False,False,False,False,False,False,3,1,1,False,True,False,True,1.0,True,0.620913,False,2018-01-17,2018-01-17,Venture - Series Unknown,2018,543.0,True,True,False,False,9.0,50.0,False,False,True,True,False,False,False,False,False,False,False,False,1,1,True,True,True,True,True,True,True,True,True,True,True,True,True,True,True,1,1.0,True,True,True,True,True,False,False,False,False,False,False,True,True,334,2,True,147,41,0.2789115646258503,0.2460093760512129,0.0,0.0,0.0,0.0,0.0,0.0,0.0,0.0,0.0,0.0,0.0,0.0,0.0,29.0,6.0,0.4475606330973506,1,0,1,0,0,0,1,2.31,,False,False,True,False,True,True,,,12.0,18.200000000000017
973,Vionlabs,https://www.crunchbase.com/organization/vionlabs,Sweden,59.3251172,18.0710935,2015,2.0,False,True,False,False,True,False,False,False,False,True,True,False,False,False,0,1,1,False,True,True,True,1.0,True,3.0,False,2015-02-12,2015-02-12,Venture - Series Unknown,2015,172.0,False,False,True,True,19.0,51.0,False,False,True,True,False,False,False,False,False,False,False,False,0,0,False,False,False,False,False,False,False,False,False,False,False,False,False,False,False,0,0.0,False,False,False,True,True,False,False,False,False,False,False,True,True,334,2,True,147,41,0.2789115646258503,0.2460093760512129,0.0,1.4348834064318592,1.4348834064318592,1.4348834064318592,0.0,0.0,0.0,1.4348834064318592,1.4348834064318592,1.4348834064318592,0.0,0.0,0.0,4.0,2.0,0.1919094156907527,1,0,0,0,0,0,0,2.31,,False,False,True,False,True,True,,,12.0,18.200000000000017
999,Hexagem,https://www.crunchbase.com/organization/hexagem,Sweden,55.7029296,13.1929449,2015,4.0,False,False,False,False,True,False,False,False,False,False,False,False,False,False,2,1,1,False,True,False,True,1.0,True,0.226393,True,2017-01-23,2017-01-23,Seed,2017,543.0,False,False,True,True,8.0,50.0,False,False,True,True,False,False,False,False,False,False,False,False,0,0,False,False,False,False,False,False,False,False,False,False,False,False,False,False,False,1,1.0,True,True,True,True,True,False,False,False,False,False,False,True,True,229,1,True,8,2,0.25,0.2231435513142097,0.03907656422507779,0.49681358519952573,0.49681358519952573,0.49681358519952573,0.0,0.0,0.0,0.49681358519952573,0.49681358519952573,0.49681358519952573,0.0,0.0,0.0,12.0,1.0,0.2494183912768929,1,0,0,0,1,0,1,2.31,,False,False,False,False,False,False,,,3.0,11.400000000000013
998,VOYD,https://www.crunchbase.com/organization/showify,Sweden,62.3907552,17.3071024,2015,2.0,False,False,False,False,False,False,False,False,False,False,True,False,False,False,1,1,3,True,False,False,False,1.0,True,0.50425,False,2016-12-08,2016-12-08,Seed,2016,186.33333333333337,False,False,True,True,31.0,17.3,True,False,True,True,False,False,False,False,False,False,False,False,0,0,False,False,False,False,False,False,False,False,False,False,False,False,False,False,False,2,1.0,True,True,True,True,True,False,False,False,False,False,False,True,True,2,0,False,0,0,0.0,0.0,0.3433781640484423,0.3846856694648997,0.34337816404844274,0.4259931748813566,0.4259931748813566,0.4259931748813566,0.4259931748813566,0.34337816404844274,0.34337816404844274,0.34337816404844274,0.726351326414185,0.726351326414185,0.726351326414185,0.0,0.0,0.0,0,0,0,0,1,1,1,2.31,,False,False,False,False,False,False,,,0.0,0.0
1288,HealthTextiles,https://www.crunchbase.com/organization/healthtextiles,Sweden,60.6750132,17.1467019,2015,3.0,False,False,False,False,True,False,False,True,False,False,False,False,False,False,2,1,2,False,False,False,False,0.0,False,0.0,True,2017-02-01,2017-02-01,Seed,2017,291.0,False,,True,,4.0,25.5,False,,True,,True,,False,,False,,False,,0,0,False,,False,False,,False,,False,,False,,False,,False,,1,,True,,False,True,,False,False,False,False,False,False,True,True,3,0,False,4,0,0.0,0.0,0.15865225079885623,1.6022088278911635,0.15865225079885617,3.045765404983471,0.15865225079885617,1.6022088278911635,3.045765404983471,0.0,0.0,0.0,2.989637600262615,2.989637600262615,2.989637600262615,2.0,0.0,0.0402231640645322,0,0,0,0,1,1,1,2.31,,False,False,False,False,False,False,,,0.0,1.6
1283,SKYSENSE,https://www.crunchbase.com/organization/skysense-2,Sweden,59.4031236,17.9424221,2015,3.0,False,True,False,False,True,False,False,False,False,True,False,False,False,False,4,1,1,False,True,False,True,1.0,True,0.0,True,2019-04-26,2019-04-26,Seed,2019,25.0,False,False,True,True,3.0,6.0,False,False,False,False,False,False,False,False,False,False,True,True,0,0,False,False,False,False,False,False,False,False,False,False,False,False,False,False,False,0,0.0,False,False,False,False,False,True,True,True,True,False,False,False,False,334,2,True,13,3,0.2307692307692307,0.2076393647782444,0.011331089125294116,6.014879468951433,6.014879468951433,6.014879468951433,0.0,0.0,0.0,6.014879468951433,6.014879468951433,6.014879468951433,0.0,0.0,0.0,0.0,0.0,0.0,0,0,0,0,0,0,0,2.31,,False,False,False,False,False,False,,,12.0,18.200000000000017
1267,Kiliaro,https://www.crunchbase.com/organization/kiliaro,Sweden,59.3251172,18.0710935,2015,1.0,False,True,False,False,False,False,False,False,False,True,False,False,False,False,0,1,1,False,True,False,False,0.0,False,0.0,True,2014-08-01,2014-08-01,Seed,2014,12.0,True,,False,,8.0,1.0,False,,False,,False,,False,,False,,False,,1,0,True,,True,True,,True,,True,,True,,True,,True,,1,,True,,True,True,,False,False,False,False,False,False,True,True,334,2,True,147,41,0.2789115646258503,0.2460093760512129,0.0,0.0,0.0,0.0,0.0,0.0,0.0,0.0,0.0,0.0,0.0,0.0,0.0,1.0,0.0,0.0,0,0,0,0,0,0,0,2.31,,False,False,False,False,False,False,,,12.0,18.200000000000017
1261,Voxo,https://www.crunchbase.com/organization/voxo-3,Sweden,59.3251172,18.0710935,2015,3.0,False,True,False,False,True,False,False,False,True,True,False,False,False,True,3,1,1,False,True,False,True,1.0,True,0.0,True,2018-03-20,2018-03-20,Seed,2018,41.0,True,True,False,False,4.0,7.0,False,False,False,False,False,False,False,False,False,False,False,False,1,1,True,True,True,True,True,True,True,True,True,True,True,True,True,True,True,1,1.0,True,True,True,True,True,False,False,False,False,False,False,True,True,334,2,True,147,41,0.2789115646258503,0.2460093760512129,0.0,0.0,0.0,0.0,0.0,0.0,0.0,0.0,0.0,0.0,0.0,0.0,0.0,9.0,0.0,0.1596603108602024,0,0,0,0,0,0,0,2.31,,False,False,False,False,False,False,,,12.0,18.200000000000017
1336,Filmyr,https://www.crunchbase.com/organization/filmyr,Sweden,59.3251172,18.0710935,2015,3.0,False,True,False,False,False,False,False,False,False,True,True,False,False,False,1,1,1,False,True,False,True,1.0,True,0.0,True,2016-06-01,2016-06-01,Seed,2016,25.0,True,True,False,False,2.0,3.0,False,False,False,False,False,False,False,False,False,False,False,False,1,1,True,True,True,True,True,True,True,True,True,True,True,True,True,True,True,1,1.0,True,True,True,True,True,False,False,False,False,False,False,True,True,334,2,True,147,41,0.2789115646258503,0.2460093760512129,0.0,0.0,0.0,0.0,0.0,0.0,0.0,0.0,0.0,0.0,0.0,0.0,0.0,11.0,0.0,0.1777470703489321,1,0,0,0,0,0,0,2.31,,False,False,False,False,False,False,,,12.0,18.200000000000017
1257,Oceans,https://www.crunchbase.com/organization/oceans,Sweden,59.3251172,18.0710935,2015,1.0,False,True,False,False,False,True,False,False,False,True,False,False,False,False,0,1,1,False,True,False,True,1.0,True,0.0,True,2014-01-01,2014-01-01,Seed,2014,25.0,True,True,False,False,0.0,3.0,False,False,False,False,False,False,False,False,False,False,False,False,1,1,True,True,True,True,True,True,True,True,True,True,True,True,True,True,True,1,1.0,True,True,True,True,True,False,False,False,False,False,False,True,True,334,2,True,147,41,0.2789115646258503,0.2460093760512129,0.0,0.0,0.0,0.0,0.0,0.0,0.0,0.0,0.0,0.0,0.0,0.0,0.0,3.0,0.0,0.0687619531421999,0,0,0,0,0,0,0,2.31,,False,False,False,False,False,False,,,12.0,18.200000000000017
1244,Connicto,https://www.crunchbase.com/organization/connicto-ab,Sweden,63.6722856,14.6159616,2015,1.0,False,False,False,False,False,True,False,False,False,True,True,False,False,True,1,1,1,False,True,False,False,0.0,False,0.214469,True,2016-08-24,2016-08-24,Seed,2016,543.0,False,,True,,7.0,50.0,False,,True,,False,,False,,False,,False,,0,0,False,,False,False,,False,,False,,False,,False,,False,,1,,True,,True,True,,False,False,False,False,False,False,True,True,1,0,False,0,0,0.0,0.0,0.46480352263820346,0.5167983534173347,0.5167983534173347,0.5167983534173347,0.5167983534173347,0.5167983534173347,0.5167983534173347,0.0,0.0,0.0,0.0,0.0,0.0,0.0,0.0,0.0,0,0,0,0,1,1,1,2.31,,False,False,False,False,False,False,,,0.0,0.0
1237,Smart Video,https://www.crunchbase.com/organization/smart-video,Sweden,63.8256568,20.2630745,2015,1.0,False,False,False,False,True,False,False,False,False,True,True,False,False,False,2,1,3,False,False,False,False,0.0,False,0.677554,False,2017-01-27,2017-01-27,Seed,2017,202.33333333333337,False,,True,,6.0,19.7,False,,True,,False,,False,,False,,False,,0,0,False,,False,False,,False,,False,,False,,False,,False,,3,,True,,True,True,,False,False,False,False,False,False,True,True,5,0,False,14,3,0.2142857142857142,0.1941560144409574,0.4742283877328984,0.4009204715655917,0.17549559819290836,0.5136329082519333,0.17549559819290836,0.4009204715655917,0.5136329082519333,0.0,0.0,0.0,0.4590966418640691,0.0,0.6886449627961037,12.0,1.0,0.2494183912768929,1,0,0,0,1,1,1,2.31,,False,False,False,False,False,False,,,1.0,10.800000000000004
1234,Qlutter,https://www.crunchbase.com/organization/qlutter,Sweden,59.3251172,18.0710935,2015,2.0,False,True,False,False,True,False,False,False,False,True,False,False,False,True,1,1,1,False,True,False,True,1.0,True,0.291033,True,2016-10-05,2016-10-05,Seed,2016,543.0,True,True,False,False,7.0,50.0,False,False,True,True,False,False,False,False,False,False,False,False,1,1,True,True,True,True,True,True,True,True,True,True,True,True,True,True,True,1,1.0,True,True,True,True,True,False,False,False,False,False,False,True,True,334,2,True,147,41,0.2789115646258503,0.2460093760512129,0.0,0.0,0.0,0.0,0.0,0.0,0.0,0.0,0.0,0.0,0.0,0.0,0.0,17.0,4.0,0.365948759643247,1,0,0,0,0,0,0,2.31,,False,False,False,False,False,False,,,12.0,18.200000000000017
1233,Storimi,https://www.crunchbase.com/organization/storimi,Sweden,59.3251172,18.0710935,2015,3.0,False,True,False,False,False,True,False,False,False,True,False,False,False,False,1,1,1,False,True,False,False,0.0,False,0.05,True,2016-04-01,2016-04-01,Seed,2016,25.0,True,,False,,2.0,3.0,False,,False,,False,,False,,False,,False,,1,0,True,,True,True,,True,,True,,True,,True,,True,,1,,True,,True,True,,False,False,False,False,False,False,True,True,334,2,True,147,41,0.2789115646258503,0.2460093760512129,0.0,0.0,0.0,0.0,0.0,0.0,0.0,0.0,0.0,0.0,0.0,0.0,0.0,11.0,0.0,0.1777470703489321,1,0,0,0,0,0,0,2.31,,False,False,False,False,False,False,,,12.0,18.200000000000017
1229,InfiCure Bio,https://www.crunchbase.com/organization/inficure-bio,Sweden,63.8256568,20.2630745,2015,2.0,False,False,False,False,True,False,False,True,False,False,False,False,False,False,1,1,1,False,True,False,True,1.0,True,0.0,True,2016-06-01,2016-06-01,Venture - Series Unknown,2016,60.0,False,False,True,True,7.0,9.0,False,False,False,False,False,False,False,False,False,False,False,False,0,0,False,False,False,False,False,False,False,False,False,False,False,False,False,False,False,1,1.0,True,True,True,False,False,False,False,False,False,False,False,True,True,5,0,False,14,3,0.2142857142857142,0.1941560144409574,0.4742283877328984,0.17549559819290836,0.17549559819290836,0.17549559819290836,0.0,0.0,0.0,0.17549559819290836,0.17549559819290836,0.17549559819290836,0.0,0.0,0.0,7.0,1.0,0.2012547881991394,1,0,0,0,1,1,0,2.31,,False,False,True,False,True,True,,,1.0,10.800000000000004
1228,Janjoo,https://www.crunchbase.com/organization/janjoo,Sweden,60.6750132,17.1467019,2015,2.0,False,False,False,False,False,False,False,False,False,True,False,False,False,False,1,1,1,False,True,False,False,0.0,False,0.067944,True,2016-10-18,2016-10-18,Seed,2016,543.0,False,,True,,7.0,50.0,False,,True,,False,,False,,False,,False,,0,0,False,,False,False,,False,,False,,False,,False,,False,,1,,True,,True,True,,False,False,False,False,False,False,True,True,3,0,False,4,0,0.0,0.0,0.15865225079885623,0.15865225079885617,0.15865225079885617,0.15865225079885617,0.15865225079885617,0.15865225079885617,0.15865225079885617,0.0,0.0,0.0,0.0,0.0,0.0,1.0,0.0,0.0,0,0,0,0,1,1,0,2.31,,False,False,False,False,False,False,,,0.0,1.6
1225,NEUE Labs,https://www.crunchbase.com/organization/neue-labs,Sweden,59.3251172,18.0710935,2015,1.0,False,True,False,False,False,True,False,False,False,True,False,False,False,False,0,1,1,False,True,False,False,0.0,False,0.0,True,2015-12-18,2015-12-18,Seed,2015,230.0,False,,True,,5.0,44.0,False,,False,,True,,False,,False,,False,,0,0,False,,False,False,,False,,False,,False,,False,,False,,0,,False,,False,True,,False,False,False,False,False,False,True,True,334,2,True,147,41,0.2789115646258503,0.2460093760512129,0.0,1.2801469042887925,1.2801469042887925,1.2801469042887925,1.2801469042887925,1.2801469042887925,1.2801469042887925,0.0,0.0,0.0,0.0,0.0,0.0,13.0,2.0,0.2940502655767997,1,0,0,0,0,0,0,2.31,,False,False,False,False,False,False,,,12.0,18.200000000000017
1409,Pickador,https://www.crunchbase.com/organization/pickador,Sweden,57.7072326,11.9670171,2015,1.0,False,False,False,False,False,False,False,False,False,True,False,False,False,False,1,1,1,False,True,False,False,0.0,False,0.0,True,2016-01-30,2016-01-30,Seed,2016,110.0,True,,False,,1.0,14.0,False,,False,,False,,False,,False,,False,,1,0,True,,True,True,,True,,True,,True,,True,,True,,1,,True,,True,False,,False,False,False,False,False,False,True,True,25,2,True,34,7,0.2058823529411764,0.1872115420881463,0.22766469926136576,0.0,0.0,0.0,0.0,0.0,0.0,0.0,0.0,0.0,0.0,0.0,0.0,6.0,8.0,0.32629937040735,1,0,0,0,0,1,0,2.31,,False,False,False,False,False,False,,,8.0,41.0
1354,Sustainalube,https://www.crunchbase.com/organization/sustainalube,Sweden,65.5831187,22.1459535,2015,1.0,False,False,False,False,True,False,False,True,False,False,False,False,False,False,1,1,1,False,True,False,True,1.0,True,0.0,True,2016-01-01,2016-01-01,Venture - Series Unknown,2016,543.0,False,False,True,True,7.0,50.0,False,False,True,True,False,False,False,False,False,False,False,False,0,0,False,False,False,False,False,False,False,False,False,False,False,False,False,False,False,1,1.0,True,True,True,True,True,False,False,False,False,False,False,True,True,4,0,False,4,0,0.0,0.0,0.6185049063699645,0.726351326414185,0.726351326414185,0.726351326414185,0.0,0.0,0.0,0.726351326414185,0.726351326414185,0.726351326414185,0.0,0.0,0.0,1.0,0.0,0.0,0,0,0,0,1,1,1,2.31,,False,False,True,False,True,True,,,0.0,1.0
1347,Zpotdrop,https://www.crunchbase.com/organization/zpotdrop,Sweden,59.3251172,18.0710935,2015,1.0,False,True,False,False,False,True,False,False,False,True,False,False,False,True,1,1,1,False,True,False,True,1.0,True,0.0,True,2016-06-01,2016-06-01,Seed,2016,25.0,True,True,False,False,2.0,3.0,False,False,False,False,False,False,False,False,False,False,False,False,1,1,True,True,True,True,True,True,True,True,True,True,True,True,True,True,True,1,1.0,True,True,True,True,True,False,False,False,False,False,False,True,True,334,2,True,147,41,0.2789115646258503,0.2460093760512129,0.0,0.0,0.0,0.0,0.0,0.0,0.0,0.0,0.0,0.0,0.0,0.0,0.0,11.0,0.0,0.1777470703489321,1,0,0,0,0,0,0,2.31,,False,False,False,False,False,False,,,12.0,18.200000000000017
1407,Klue Market,https://www.crunchbase.com/organization/klue-market,Sweden,59.3251172,18.0710935,2016,1.0,False,True,False,False,False,True,False,False,False,False,False,False,False,False,1,1,1,False,True,False,True,1.0,True,0.0,True,2017-06-01,2017-06-01,Seed,2017,25.0,True,True,False,False,3.0,3.0,False,False,False,False,False,False,False,False,False,False,False,False,1,1,True,True,True,True,True,True,True,True,True,True,True,True,True,True,True,1,1.0,True,True,True,True,True,False,False,False,False,False,False,True,True,334,2,True,193,47,0.2435233160621761,0.2179487344371057,0.0,0.0,0.0,0.0,0.0,0.0,0.0,0.0,0.0,0.0,0.0,0.0,0.0,13.0,0.0,0.1930392076040493,1,0,0,0,0,0,0,1.97,,False,False,False,False,False,False,,,12.0,18.200000000000017
1289,Trustcruit,https://www.crunchbase.com/organization/trustcruit,Sweden,57.7825634,14.165719,2016,1.0,False,False,False,False,True,False,False,False,False,True,False,False,False,False,1,1,1,False,True,False,True,1.0,True,0.0,True,2017-01-01,2017-01-01,Seed,2017,543.0,False,False,True,True,8.0,50.0,False,False,True,True,False,False,False,False,False,False,False,False,0,0,False,False,False,False,False,False,False,False,False,False,False,False,False,False,False,1,1.0,True,True,True,True,True,False,False,False,False,False,False,True,True,2,0,False,1,0,0.0,0.0,0.2525341999906347,0.2840835914496586,0.2840835914496586,0.2840835914496586,0.0,0.0,0.0,0.2840835914496586,0.2840835914496586,0.2840835914496586,0.0,0.0,0.0,1.0,0.0,0.0,0,0,0,0,1,1,0,1.97,,False,False,False,False,False,False,,,0.0,1.8
1298,Colivia,https://www.crunchbase.com/organization/colivia,Sweden,59.3251172,18.0710935,2016,3.0,False,True,False,False,True,False,False,True,False,True,False,False,False,False,0,1,1,False,True,False,False,0.0,False,0.0,True,2016-01-01,2016-01-01,Seed,2016,14.0,True,,False,,7.0,1.0,False,,False,,False,,False,,False,,False,,1,0,True,,True,True,,True,,True,,True,,True,,True,,1,,True,,True,True,,False,False,False,False,False,False,True,True,334,2,True,193,47,0.2435233160621761,0.2179487344371057,0.0,0.007897446995491669,0.007897446995491669,0.007897446995491669,0.007897446995491669,0.007897446995491669,0.007897446995491669,0.0,0.0,0.0,0.0,0.0,0.0,2.0,0.0,0.0402231640645322,0,0,0,0,0,0,0,1.97,,False,False,False,False,False,False,,,12.0,18.200000000000017
1262,Epicenter,https://www.crunchbase.com/organization/epicenter-2,Sweden,59.3251172,18.0710935,2016,2.0,False,True,False,False,True,False,False,False,False,True,False,False,False,False,4,1,1,False,True,False,False,0.0,False,0.0,True,2020-10-22,2020-10-22,Venture - Series Unknown,2020,0.0,False,,True,,5.0,117.0,True,,True,,False,,False,,True,,False,,0,0,False,,False,False,,False,,False,,False,,False,,False,,0,,False,,False,False,,True,True,True,True,False,False,False,False,334,2,True,193,47,0.2435233160621761,0.2179487344371057,0.0,6.320286413226573,6.320286413226573,6.320286413226573,6.320286413226573,6.320286413226573,6.320286413226573,0.0,0.0,0.0,0.0,0.0,0.0,1.0,0.0,0.0,0,0,0,0,0,0,0,1.97,,False,False,True,False,True,True,,,12.0,18.200000000000017
1058,Ocast,https://www.crunchbase.com/organization/ocast-2,Sweden,59.3251172,18.0710935,2016,2.0,False,True,False,False,False,False,False,False,False,True,True,False,False,True,1,2,2,True,False,False,False,1.0,True,0.584743,False,2017-04-19,2019-08-22,Seed,2017,39.5,True,False,True,True,1.5,5.0,False,False,False,False,True,False,False,False,False,False,False,False,1,0,True,False,False,True,False,True,False,True,False,True,False,True,False,True,False,1,0.0,True,False,False,True,True,False,False,False,False,True,False,True,True,334,2,True,193,47,0.2435233160621761,0.2179487344371057,0.0,0.6216403695005759,0.0,1.2432807390011518,0.0,0.0,0.0,1.2432807390011518,1.2432807390011518,1.2432807390011518,1.2432807390011518,1.2432807390011518,1.2432807390011518,4.0,3.0,0.2183601215474815,1,0,0,0,0,0,0,1.97,,False,False,False,False,False,False,,,12.0,18.200000000000017
758,Crosser,https://www.crunchbase.com/organization/crosser-technologies,Sweden,59.3251172,18.0710935,2016,3.0,False,True,False,False,True,False,False,False,False,True,False,False,False,False,1,1,3,True,False,False,False,1.0,True,1.8,False,2017-10-16,2017-10-16,Venture - Series Unknown,2017,199.66666666666663,True,False,True,True,23.7,20.7,True,False,True,True,False,False,False,False,False,False,False,False,1,0,True,False,False,True,False,True,False,True,False,True,False,True,False,True,False,3,1.0,True,True,True,True,False,False,False,False,False,False,False,True,True,334,2,True,193,47,0.2435233160621761,0.2179487344371057,0.0,0.39749535275889486,0.0,0.726351326414185,0.0,0.3631756632070925,0.726351326414185,0.4661347318624995,0.4661347318624995,0.4661347318624995,0.547087899014799,0.44877763876771287,0.726351326414185,26.0,16.0,0.5186910101446078,1,1,1,1,0,1,1,1.97,,False,False,True,False,True,True,,,12.0,18.200000000000017
756,Hubert,https://www.crunchbase.com/organization/hubert-ai,Sweden,59.3251172,18.0710935,2016,4.0,False,True,False,False,True,False,False,False,False,True,False,False,False,False,4,2,2,True,False,True,False,1.0,True,2.4,False,2020-03-02,2021-10-01,Pre-Seed,2020,1.0,True,True,False,False,7.7,0.0,False,False,False,False,False,False,False,False,True,True,False,False,3,1,True,True,True,True,True,True,True,True,True,True,True,True,True,True,True,3,1.0,True,True,True,True,True,False,False,False,False,False,False,True,True,334,2,True,193,47,0.2435233160621761,0.2179487344371057,0.0,0.0,0.0,0.0,0.0,0.0,0.0,0.0,0.0,0.0,0.0,0.0,0.0,0.0,0.0,0.0,0,0,0,0,0,0,0,1.97,,False,False,False,False,False,False,,,12.0,18.200000000000017
762,Ekkono Solutions,https://www.crunchbase.com/organization/ekkono-solutions,Sweden,57.0413621,12.3991052,2016,3.0,False,False,False,False,True,False,False,False,False,True,False,False,False,False,1,1,2,True,False,False,False,1.0,True,0.932542,False,2017-10-11,2017-10-11,Venture - Series Unknown,2017,282.0,False,False,True,True,11.5,29.5,True,True,True,False,False,False,False,False,True,True,False,False,0,0,False,False,False,False,False,False,False,False,False,False,False,False,False,False,False,2,1.0,True,True,True,True,True,False,False,False,False,False,False,True,True,2,0,False,0,0,0.0,0.0,0.1509963490203056,0.41815404103583337,0.41815404103583337,0.41815404103583337,0.41815404103583337,0.41815404103583337,0.41815404103583337,0.41815404103583337,0.41815404103583337,0.41815404103583337,0.0,0.0,0.0,0.0,0.0,0.0,0,0,0,0,1,1,1,1.97,,False,False,True,False,True,True,,,0.0,0.0
1202,SEVN,https://www.crunchbase.com/organization/sevn,Sweden,59.3251172,18.0710935,2016,3.0,False,True,False,False,False,False,False,False,False,True,True,False,False,False,0,1,1,False,True,False,True,1.0,True,0.215696,True,2016-11-23,2016-11-23,Seed,2016,54.0,True,True,False,False,0.0,7.0,False,False,False,False,True,True,False,False,False,False,False,False,1,1,True,True,True,True,True,True,True,True,True,True,True,True,True,True,True,1,1.0,True,True,True,True,True,False,False,False,False,False,False,True,True,334,2,True,193,47,0.2435233160621761,0.2179487344371057,0.0,0.0,0.0,0.0,0.0,0.0,0.0,0.0,0.0,0.0,0.0,0.0,0.0,2.0,5.0,0.2049651039520221,1,0,0,0,0,0,0,1.97,,False,False,False,False,False,False,,,12.0,18.200000000000017
743,Fast Travel Games,https://www.crunchbase.com/organization/fast-travel-games,Sweden,59.3251172,18.0710935,2016,2.0,False,True,False,False,False,False,False,False,False,True,True,False,False,False,0,1,1,False,True,False,True,1.0,True,0.0,True,2016-06-29,2016-06-29,Series B,2016,104.0,False,False,True,True,9.0,23.0,False,False,True,True,False,False,False,False,False,False,False,False,0,0,False,False,False,False,False,False,False,False,False,False,False,False,False,False,False,0,0.0,False,False,False,True,True,False,False,False,False,False,False,True,True,334,2,True,193,47,0.2435233160621761,0.2179487344371057,0.0,0.5208601256965827,0.5208601256965827,0.5208601256965827,0.0,0.0,0.0,0.5208601256965827,0.5208601256965827,0.5208601256965827,0.0,0.0,0.0,1.0,0.0,0.0,0,0,0,0,0,0,0,1.97,,False,False,True,False,True,True,,,12.0,18.200000000000017
742,Corsmed,https://www.crunchbase.com/organization/corsmed,Sweden,59.3251172,18.0710935,2016,2.0,False,True,False,False,False,False,False,True,False,True,False,False,False,False,4,2,3,True,False,False,False,2.0,True,3.5,False,2020-09-08,2024-12-18,Seed,2020,34.333333333333336,True,True,True,True,11.7,2.3,False,False,True,True,False,False,False,False,True,True,False,False,1,1,True,True,False,True,True,True,True,True,True,True,True,True,True,True,True,2,1.0,True,True,False,True,True,False,False,False,False,False,False,True,True,334,2,True,193,47,0.2435233160621761,0.2179487344371057,0.0,0.9682993356674332,0.0,2.408084421802774,0.49681358519952573,0.49681358519952573,0.49681358519952573,0.0,1.204042210901387,2.408084421802774,1.675785034994805,0.49681358519952573,2.408084421802774,14.0,0.0,0.1998834749247346,1,0,0,0,0,0,0,1.97,,False,False,False,False,False,False,,,12.0,18.200000000000017
720,Zaver,https://www.crunchbase.com/organization/zaver,Sweden,59.3251172,18.0710935,2016,2.0,False,True,False,False,False,False,False,False,True,True,False,False,False,False,3,1,7,True,False,False,False,2.0,True,1.2,False,2019-04-04,2019-04-04,Series A,2019,23.142857142857142,True,True,True,True,24.0,4.4,False,False,True,True,False,False,False,False,False,False,False,False,4,1,True,True,False,True,True,True,True,True,True,True,True,True,True,True,True,5,1.0,True,True,False,True,True,False,False,False,False,False,False,True,True,334,2,True,193,47,0.2435233160621761,0.2179487344371057,0.0,0.13222163807314122,0.0,0.39731307421247714,0.0,0.09932826855311928,0.39731307421247714,0.0,0.19800837711318506,0.3960167542263701,0.2643273372170378,0.0,0.791590744500179,13.0,3.0,0.3205009714335284,1,0,0,0,0,0,0,1.97,,False,False,True,False,True,True,,,12.0,18.200000000000017
1198,Winteria,https://www.crunchbase.com/organization/winteria,Sweden,61.9376331,17.1806647,2016,4.0,False,False,False,False,True,False,False,False,False,False,False,False,False,False,1,1,2,True,False,False,False,1.0,True,0.0,True,2017-06-01,2017-06-01,Pre-Seed,2017,178.0,False,False,True,True,19.0,14.0,False,False,False,False,True,True,False,False,False,False,False,False,0,0,False,False,False,False,False,False,False,False,False,False,False,False,False,False,False,2,1.0,True,True,True,True,True,False,False,False,False,False,False,True,True,0,0,False,0,0,0.0,0.0,0.294521514691073,0.29452151469107374,0.29452151469107374,0.29452151469107374,0.29452151469107374,0.29452151469107374,0.29452151469107374,0.29452151469107374,0.29452151469107374,0.29452151469107374,0.0,0.0,0.0,0.0,0.0,0.0,0,0,0,0,1,1,1,1.97,,False,False,False,False,False,False,,,0.0,0.0
1140,A2O,https://www.crunchbase.com/organization/a2o,Sweden,59.3251172,18.0710935,2016,1.0,False,True,False,False,True,False,True,False,False,False,False,False,False,False,2,1,1,False,True,True,False,0.0,False,0.0,True,2018-01-01,2018-01-01,Seed,2018,59.0,True,,False,,24.0,3.0,False,,False,,False,,False,,False,,False,,1,0,True,,True,True,,True,,True,,True,,True,,True,,1,,True,,True,True,,False,False,False,False,False,False,True,True,334,2,True,193,47,0.2435233160621761,0.2179487344371057,0.0,0.0,0.0,0.0,0.0,0.0,0.0,0.0,0.0,0.0,0.0,0.0,0.0,7.0,5.0,0.3022658461718897,1,0,0,0,0,0,0,1.97,,False,False,False,False,False,False,,,12.0,18.200000000000017
826,Steven,https://www.crunchbase.com/organization/steven,Sweden,59.3251172,18.0710935,2016,3.0,False,True,False,False,False,False,False,False,True,True,False,False,False,False,1,1,7,False,False,False,False,0.0,False,1.075411,False,2017-11-29,2017-11-29,Equity Crowdfunding,2017,15.428571428571429,True,,True,,2.5,2.7,False,,False,,True,,False,,False,,False,,3,0,True,,False,True,,True,,True,,True,,True,,True,,4,,True,,True,True,,False,False,False,False,False,False,True,True,334,2,True,193,47,0.2435233160621761,0.2179487344371057,0.0,0.128144126439018,0.0,0.512576505756072,0.0,0.128144126439018,0.512576505756072,0.0,0.0,0.0,0.256288252878036,0.0,0.512576505756072,4.0,0.0,0.0908983577180024,0,0,0,0,0,0,0,1.97,,False,False,False,False,False,False,,,12.0,18.200000000000017
1143,Inkbay,https://www.crunchbase.com/organization/inkbay,Sweden,59.3251172,18.0710935,2016,2.0,False,True,False,False,True,True,False,False,False,False,True,False,False,True,0,2,2,False,False,False,False,1.0,True,0.869128,False,2016-11-11,2018-04-13,Seed,2016,14.333333333333334,True,False,True,True,2.0,2.0,False,False,False,False,False,False,False,False,False,False,False,False,2,0,True,False,True,True,False,True,False,True,False,True,False,True,False,True,False,2,0.0,True,False,True,True,False,False,False,False,False,False,False,True,True,334,2,True,193,47,0.2435233160621761,0.2179487344371057,0.0,0.0,0.0,0.0,0.0,0.0,0.0,0.0,0.0,0.0,0.0,0.0,0.0,5.0,0.0,0.1089851172067322,0,0,0,0,0,0,0,1.97,,False,False,False,False,False,False,,,12.0,18.200000000000017
1146,StoryTourist,https://www.crunchbase.com/organization/storytourist,Sweden,55.6052931,13.0001566,2016,2.0,False,False,False,False,False,True,False,False,False,True,True,False,False,False,2,1,1,False,True,False,False,0.0,False,0.221184,True,2018-11-13,2018-11-13,Seed,2018,543.0,False,,True,,9.0,50.0,False,,True,,False,,False,,False,,False,,0,0,False,,False,False,,False,,False,,False,,False,,False,,1,,True,,True,True,,False,False,False,False,False,False,True,True,229,1,True,22,5,0.2272727272727272,0.2047944126460131,0.028465307004047598,0.512576505756072,0.512576505756072,0.512576505756072,0.512576505756072,0.512576505756072,0.512576505756072,0.0,0.0,0.0,0.0,0.0,0.0,13.0,3.0,0.3205009714335284,1,0,0,0,1,0,0,1.97,,False,False,False,False,False,False,,,14.0,34.0
816,Swiftcourt,https://www.crunchbase.com/organization/swiftcourt,Sweden,55.6052931,13.0001566,2016,3.0,False,False,False,False,False,True,False,False,True,True,False,False,False,True,2,2,2,False,False,False,False,2.0,True,3.293559,False,2018-11-27,2024-01-10,Seed,2018,13.0,False,False,True,True,19.0,1.5,True,True,False,False,False,False,False,False,False,False,True,True,0,0,False,False,False,False,False,False,False,False,False,False,False,False,False,False,False,1,1.0,True,True,False,False,False,True,True,False,False,False,False,True,False,229,1,True,22,5,0.2272727272727272,0.2047944126460131,0.028465307004047598,2.523618474974116,0.24209717528231137,4.80513977466592,0.0,0.0,0.0,0.24209717528231137,2.523618474974116,4.80513977466592,4.969806434453819,4.969806434453819,4.969806434453819,0.0,0.0,0.0,0,0,0,0,0,0,0,1.97,,False,False,False,False,False,False,,,14.0,34.0
1153,Cling,https://www.crunchbase.com/organization/cling-group-ab,Sweden,59.3251172,18.0710935,2016,3.0,False,True,False,False,False,False,False,False,False,True,False,False,False,False,1,1,1,False,True,True,False,0.0,False,0.0,True,2017-01-01,2017-01-01,Venture - Series Unknown,2017,59.0,True,,False,,23.0,3.0,False,,False,,False,,False,,False,,False,,1,0,True,,True,True,,True,,True,,True,,True,,True,,1,,True,,True,True,,False,False,False,False,False,False,True,True,334,2,True,193,46,0.238341968911917,0.213773363026625,0.0,0.0,0.0,0.0,0.0,0.0,0.0,0.0,0.0,0.0,0.0,0.0,0.0,5.0,3.0,0.2364468810362113,1,0,0,0,0,0,0,1.97,,True,False,True,True,True,True,2022-11-01,6.0,12.0,18.200000000000017
806,Northfork,https://www.crunchbase.com/organization/northfork,Sweden,59.3251172,18.0710935,2016,2.0,False,True,False,False,False,True,False,False,False,True,False,False,False,False,4,1,2,True,False,False,False,1.0,True,1.149444,False,2020-08-20,2020-08-20,Seed,2020,30.0,True,True,False,False,2.5,1.5,False,False,False,False,False,False,False,False,False,False,False,False,2,1,True,True,True,True,True,True,True,True,True,True,True,True,True,True,True,2,1.0,True,True,True,True,True,False,False,False,False,False,False,True,True,334,2,True,193,47,0.2435233160621761,0.2179487344371057,0.0,0.0,0.0,0.0,0.0,0.0,0.0,0.0,0.0,0.0,0.0,0.0,0.0,9.0,17.0,0.4254133087204426,1,0,0,1,0,1,0,1.97,,False,False,False,False,False,False,,,12.0,18.200000000000017
805,Goava,https://www.crunchbase.com/organization/goava,Sweden,59.3251172,18.0710935,2016,3.0,False,True,False,False,True,False,False,False,False,True,True,False,False,False,4,1,2,False,False,True,False,0.0,False,0.0,True,2020-04-01,2020-04-01,Series A,2020,27.5,False,,True,,8.0,4.5,False,,False,,False,,False,,False,,False,,0,0,False,,False,False,,False,,False,,False,,False,,False,,0,,False,,False,True,,True,True,True,False,False,False,True,False,334,2,True,193,47,0.2435233160621761,0.2179487344371057,0.0,4.709188439362884,1.4348834064318592,7.983493472293909,1.4348834064318592,4.709188439362884,7.983493472293909,0.0,0.0,0.0,8.062048957426818,8.062048957426818,8.062048957426818,5.0,6.0,0.2879003222371482,1,0,0,0,0,0,0,1.97,,False,False,True,False,True,True,,,12.0,18.200000000000017
803,Hygglo,https://www.crunchbase.com/organization/hygglo,Sweden,59.3251172,18.0710935,2016,3.0,False,True,False,False,False,True,False,False,False,False,False,False,False,True,1,1,5,False,False,False,False,0.0,False,0.893005,False,2017-11-01,2017-11-01,Seed,2017,26.0,True,,True,,5.0,2.6,False,,True,,False,,False,,False,,False,,2,0,True,,False,True,,True,,True,,True,,True,,True,,2,,True,,False,True,,False,False,False,False,False,False,True,True,334,2,True,193,47,0.2435233160621761,0.2179487344371057,0.0,0.13864990697746366,0.0,0.4159497209323909,0.0,0.13864990697746366,0.4159497209323909,0.0,0.0,0.0,0.2772998139549273,0.0,0.4159497209323909,4.0,8.0,0.2929204736635031,1,0,0,0,0,0,0,1.97,,False,False,False,False,False,False,,,12.0,18.200000000000017
1156,Hoofstep,https://www.crunchbase.com/organization/hoofstep,Sweden,56.0442098,12.703706,2016,3.0,False,False,False,False,True,True,False,False,False,True,False,False,False,False,1,1,1,False,True,False,True,1.0,True,0.47436,True,2017-11-15,2017-11-15,Seed,2017,543.0,False,False,True,True,8.0,50.0,False,False,True,True,False,False,False,False,False,False,False,False,0,0,False,False,False,False,False,False,False,False,False,False,False,False,False,False,False,1,1.0,True,True,True,True,True,False,False,False,False,False,False,True,True,216,0,False,2,0,0.0,0.0,0.040615653964174686,0.48435271021783344,0.48435271021783344,0.48435271021783344,0.0,0.0,0.0,0.48435271021783344,0.48435271021783344,0.48435271021783344,0.0,0.0,0.0,7.0,1.0,0.2012547881991394,1,0,0,0,1,0,0,1.97,,False,False,False,False,False,False,,,1.2000000000000002,7.4
1180,TPH (The Pasta Haters),https://www.crunchbase.com/organization/tph-co,Sweden,59.3251172,18.0710935,2016,2.0,False,True,False,False,True,True,False,False,False,True,False,False,False,True,2,1,4,False,False,False,False,0.0,False,0.25,True,2018-04-10,2018-04-10,Seed,2018,190.5,True,,True,,7.5,25.5,False,,True,,True,,False,,True,,False,,1,0,True,,False,True,,True,,True,,True,,True,,True,,1,,True,,False,True,,False,False,False,False,False,False,True,True,334,2,True,193,47,0.2435233160621761,0.2179487344371057,0.0,0.587940071588703,0.0,1.4348834064318592,0.0,0.587940071588703,1.4348834064318592,0.0,0.0,0.0,1.0025852303882032,0.3960167542263701,1.823299526556456,10.0,5.0,0.3338572616046727,1,0,0,0,0,0,0,1.97,,False,False,False,False,False,False,,,12.0,18.200000000000017
1192,Returnado,https://www.crunchbase.com/organization/returnado,Sweden,59.3251172,18.0710935,2016,1.0,False,True,False,False,True,True,False,False,False,True,True,False,False,True,0,1,1,False,True,False,False,0.0,False,0.1765,True,2016-09-14,2016-09-14,Seed,2016,54.0,True,,False,,0.0,7.0,False,,False,,True,,False,,False,,False,,1,0,True,,True,True,,True,,True,,True,,True,,True,,1,,True,,True,True,,False,False,False,False,False,False,True,True,334,2,True,193,46,0.238341968911917,0.213773363026625,0.0,0.0,0.0,0.0,0.0,0.0,0.0,0.0,0.0,0.0,0.0,0.0,0.0,2.0,5.0,0.2049651039520221,1,0,0,0,0,0,0,1.97,,True,False,False,True,True,True,2021-08-23,5.0,12.0,18.200000000000017
719,Epishine,https://www.crunchbase.com/organization/epishine,Sweden,58.5909124,16.1903511,2016,4.0,False,False,True,False,False,False,False,False,False,False,False,True,False,False,1,1,2,True,False,False,False,1.0,True,0.0,True,2017-06-01,2017-06-01,Venture - Series Unknown,2017,62.0,True,True,True,False,8.5,7.0,False,False,False,False,False,False,False,False,False,False,False,False,0,0,False,False,False,True,True,True,True,True,True,True,True,False,False,False,False,2,1.0,True,True,True,False,False,False,False,False,False,False,False,True,True,3,0,False,0,0,0.0,0.0,0.13524956520986672,0.1525414030306801,0.03855093755831737,0.2665318685030428,0.2665318685030428,0.2665318685030428,0.2665318685030428,0.03855093755831737,0.03855093755831737,0.03855093755831737,0.22887194341369319,0.22887194341369319,0.22887194341369319,0.0,0.0,0.0,0,0,0,0,1,1,1,1.97,,False,False,True,False,True,True,,,0.0,0.0
1240,Hemsiten.se,https://www.crunchbase.com/organization/hemsiten-se,Sweden,55.6052931,13.0001566,2016,2.0,False,False,False,False,False,False,False,False,False,True,False,False,False,True,0,1,1,False,True,True,True,1.0,True,0.027471,True,2016-10-28,2016-10-28,Pre-Seed,2016,543.0,False,False,True,True,7.0,50.0,False,False,True,True,False,False,False,False,False,False,False,False,0,0,False,False,False,False,False,False,False,False,False,False,False,False,False,False,False,1,1.0,True,True,True,True,True,False,False,False,False,False,False,True,True,229,1,True,22,5,0.2272727272727272,0.2047944126460131,0.028465307004047598,0.512576505756072,0.512576505756072,0.512576505756072,0.0,0.0,0.0,0.512576505756072,0.512576505756072,0.512576505756072,0.0,0.0,0.0,7.0,2.0,0.2385349642571501,1,0,0,0,0,0,0,1.97,,False,False,False,False,False,False,,,14.0,34.0
1232,Vultus AB,https://www.crunchbase.com/organization/vultus-ab,Sweden,55.7029296,13.1929449,2016,1.0,False,False,False,False,False,False,True,False,False,False,False,False,False,False,2,2,2,True,False,True,False,1.0,True,1.589325,False,2018-06-01,2019-08-23,Seed,2018,153.5,False,False,True,True,5.5,13.0,False,False,True,True,False,False,False,False,False,False,False,False,0,0,False,False,False,False,False,False,False,False,False,False,False,False,False,False,False,1,1.0,True,True,False,True,True,False,False,False,False,False,False,True,True,229,1,True,13,2,0.1538461538461538,0.1431008436406733,0.03907656422507779,0.7458000692202144,0.49681358519952573,0.994786553240903,0.994786553240903,0.994786553240903,0.994786553240903,0.49681358519952573,0.49681358519952573,0.49681358519952573,1.4348834064318592,1.4348834064318592,1.4348834064318592,0.0,0.0,0.0,0,0,0,0,0,0,0,1.97,,True,False,False,True,True,True,2024-11-13,8.0,3.0,11.400000000000013
1120,Fan League,https://www.crunchbase.com/organization/fan-league,Sweden,59.3251172,18.0710935,2016,1.0,False,True,False,False,False,True,False,False,True,True,False,False,False,False,2,1,1,False,True,False,False,0.0,False,1.592358,False,2018-07-31,2018-07-31,Seed,2018,21.0,True,,False,,3.0,3.0,False,,False,,False,,False,,False,,False,,1,0,True,,True,True,,True,,True,,True,,True,,True,,1,,True,,True,True,,False,False,False,False,False,False,True,True,334,2,True,193,47,0.2435233160621761,0.2179487344371057,0.0,0.0,0.0,0.0,0.0,0.0,0.0,0.0,0.0,0.0,0.0,0.0,0.0,5.0,0.0,0.1089851172067322,0,0,0,0,0,0,0,1.97,,False,False,False,False,False,False,,,12.0,18.200000000000017
715,Savr,https://www.crunchbase.com/organization/savr-2,Sweden,59.3251172,18.0710935,2016,2.0,False,True,False,False,False,False,False,False,True,False,False,False,False,False,0,1,3,False,False,True,False,0.0,False,0.265463,True,2016-11-28,2016-11-28,Venture - Series Unknown,2016,7.666666666666667,True,,False,,5.0,3.0,False,,False,,False,,False,,False,,False,,3,0,True,,True,True,,True,,True,,True,,True,,True,,3,,True,,True,True,,False,False,False,False,False,False,True,True,334,2,True,193,47,0.2435233160621761,0.2179487344371057,0.0,0.0,0.0,0.0,0.0,0.0,0.0,0.0,0.0,0.0,0.0,0.0,0.0,4.0,1.0,0.154629239632742,0,0,0,0,0,0,0,1.97,,False,False,True,False,True,True,,,12.0,18.200000000000017
684,Sana,https://www.crunchbase.com/organization/sana-2,Sweden,59.3251172,18.0710935,2016,1.0,False,True,False,False,True,False,False,False,False,True,False,False,False,False,1,3,11,True,False,False,False,2.0,True,2.0,False,2017-08-28,2019-08-01,Series C,2017,39.0,True,True,True,True,5.8,6.3,True,False,True,False,False,False,False,False,False,False,False,False,7,1,True,True,False,True,True,True,True,True,True,True,True,True,True,True,True,7,1.0,True,True,False,True,True,True,True,True,False,False,False,True,False,334,2,True,193,46,0.238341968911917,0.213773363026625,0.0,2.21377427459327,0.0,8.225403976596091,0.0,2.459749193992522,8.225403976596091,0.0,0.0,0.0,4.049048309726761,0.0,12.9593666845693,4.0,10.0,0.3113709856974924,1,0,0,0,0,0,0,1.97,,False,True,True,True,True,True,,,12.0,18.200000000000017
1215,Rdot Display,https://www.crunchbase.com/organization/rdot-display,Sweden,57.7072326,11.9670171,2016,1.0,False,False,False,False,True,True,False,False,False,True,False,False,False,False,1,1,1,False,True,True,False,0.0,False,0.0,True,2017-02-24,2017-02-24,Pre-Seed,2017,110.0,True,,False,,2.0,14.0,False,,False,,False,,False,,False,,False,,1,0,True,,True,True,,True,,True,,True,,True,,True,,1,,True,,True,False,,False,False,False,False,False,False,True,True,25,2,True,39,8,0.2051282051282051,0.1865859555804121,0.22766469926136576,0.0,0.0,0.0,0.0,0.0,0.0,0.0,0.0,0.0,0.0,0.0,0.0,10.0,9.0,0.3808247288617051,1,0,0,0,0,1,0,1.97,,False,False,False,False,False,False,,,8.0,41.0
1113,Wrebit,https://www.crunchbase.com/organization/wrebit,Sweden,57.8,13.383333,2016,1.0,False,False,False,False,True,False,False,False,True,True,False,False,False,False,0,1,2,False,False,False,False,0.0,False,0.235,True,2016-07-29,2016-07-29,Venture - Series Unknown,2016,272.0,False,,True,,7.0,25.0,False,,True,,False,,False,,False,,False,,0,0,False,,False,False,,False,,False,,False,,False,,False,,1,,True,,True,True,,False,False,False,False,False,False,True,True,3,0,False,0,0,0.0,0.0,0.24015668506387688,0.3203168360684208,0.3203168360684208,0.3203168360684208,0.3203168360684208,0.3203168360684208,0.3203168360684208,0.0,0.0,0.0,0.0,0.0,0.0,0.0,0.0,0.0,0,0,0,0,1,1,1,1.97,,False,False,True,False,True,True,,,0.0,0.0
976,LeaseCloud,https://www.crunchbase.com/organization/leasecloud,Sweden,59.3251172,18.0710935,2016,2.0,False,True,False,False,False,True,False,False,True,True,False,False,False,True,2,1,1,False,True,False,True,1.0,True,1.785779,False,2018-12-29,2018-12-29,Seed,2018,41.0,False,False,True,True,8.0,10.0,False,False,True,True,False,False,False,False,False,False,False,False,0,0,False,False,False,False,False,False,False,False,False,False,False,False,False,False,False,1,1.0,True,True,True,False,False,False,False,False,False,False,False,True,True,334,2,True,193,47,0.2435233160621761,0.2179487344371057,0.0,0.4661347318624995,0.4661347318624995,0.4661347318624995,0.0,0.0,0.0,0.4661347318624995,0.4661347318624995,0.4661347318624995,0.0,0.0,0.0,3.0,0.0,0.0687619531421999,0,0,0,0,0,0,0,1.97,,False,False,False,False,False,False,,,12.0,18.200000000000017
967,Formulate,https://www.crunchbase.com/organization/formulate,Sweden,59.3251172,18.0710935,2016,1.0,False,True,False,False,True,True,False,False,False,True,False,False,False,False,4,1,2,True,False,False,False,1.0,True,4.080656,False,2020-01-30,2020-01-30,Seed,2020,37.5,True,False,True,True,8.0,6.0,False,False,False,False,False,False,False,False,False,False,False,False,1,0,True,False,False,True,False,True,False,True,False,True,False,True,False,True,False,1,0.0,True,False,False,True,True,False,False,False,False,False,False,True,True,334,2,True,193,46,0.238341968911917,0.213773363026625,0.0,0.5625890708748073,0.0,1.1251781417496145,0.0,0.0,0.0,1.1251781417496145,1.1251781417496145,1.1251781417496145,1.1251781417496145,1.1251781417496145,1.1251781417496145,8.0,13.0,0.39185436821642,1,0,0,1,0,1,0,1.97,,True,False,False,True,True,True,2022-05-12,6.0,12.0,18.200000000000017
964,Once Upon Publishing,https://www.crunchbase.com/organization/once-upon-publishing,Sweden,64.7520185,20.959339,2016,2.0,False,False,False,False,False,False,False,False,False,True,False,False,False,True,1,2,3,False,False,False,False,0.0,False,0.66,False,2017-08-01,2018-04-08,Series A,2017,202.0,True,,True,,11.7,20.3,False,,True,,False,,False,,False,,False,,0,0,False,,False,True,,True,,False,,False,,False,,False,,3,,True,,True,True,,False,False,False,False,False,False,True,True,1,0,False,1,0,0.0,0.0,0.5491199388412187,0.26558380578668084,0.06721486329090084,0.6217867076854895,0.06721486329090084,0.26558380578668084,0.6217867076854895,0.0,0.0,0.0,0.48587598937049775,0.042631678901204596,0.726351326414185,0.0,0.0,0.0,0,0,0,0,1,1,1,1.97,,False,False,True,False,True,True,,,0.0,0.0
961,Typelane,https://www.crunchbase.com/organization/henry-be91,Sweden,59.3251172,18.0710935,2016,2.0,False,True,False,False,True,False,False,False,False,True,False,False,False,False,3,1,3,True,False,False,False,1.0,True,0.823911,False,2019-10-17,2019-10-17,Seed,2019,246.0,True,False,True,True,11.0,39.3,False,False,True,True,False,False,False,False,True,True,False,False,1,0,True,False,False,True,False,True,False,True,False,True,False,True,False,True,False,1,0.0,True,False,False,True,True,False,False,False,False,False,False,True,True,334,2,True,193,47,0.2435233160621761,0.2179487344371057,0.0,0.6103000535527431,0.0,1.4348834064318592,0.0,0.7174417032159296,1.4348834064318592,0.3960167542263701,0.3960167542263701,0.3960167542263701,1.218066562404895,0.3960167542263701,1.823299526556456,38.0,21.0,0.5788761364631151,1,1,1,1,0,1,1,1.97,,False,False,False,False,False,False,,,12.0,18.200000000000017
977,Sally R,https://www.crunchbase.com/organization/sally-r,Sweden,59.6110992,16.5463679,2016,3.0,False,False,False,False,True,False,False,False,False,False,False,False,True,False,1,2,2,True,False,True,False,1.0,True,0.520693,False,2017-06-21,2021-10-15,Seed,2017,318.5,True,True,True,False,6.0,27.0,True,False,True,True,True,False,False,False,False,False,False,False,0,0,False,False,False,True,True,False,False,False,False,False,False,False,False,False,False,1,1.0,True,True,False,True,True,False,False,False,False,False,False,True,True,1,0,False,2,0,0.0,0.0,0.09181050802182114,0.20852233207961798,0.09181050802182118,0.32523415613741485,0.32523415613741485,0.32523415613741485,0.32523415613741485,0.09181050802182118,0.09181050802182118,0.09181050802182118,0.4159497209323909,0.4159497209323909,0.4159497209323909,1.0,0.0,0.0,0,0,0,0,1,1,1,1.97,,False,False,False,False,False,False,,,0.0,0.6000000000000001
995,CARTANA,https://www.crunchbase.com/organization/cartana-d82d,Sweden,59.3251172,18.0710935,2016,1.0,False,True,False,False,True,False,False,True,False,False,False,False,False,False,2,1,1,False,True,False,True,1.0,True,1.048884,False,2018-09-22,2018-09-22,Venture - Series Unknown,2018,27.0,True,True,False,False,4.0,9.0,False,False,False,False,False,False,False,False,False,False,False,False,1,1,True,True,True,True,True,True,True,True,True,True,True,True,True,True,True,1,1.0,True,True,True,True,True,False,False,False,False,False,False,True,True,334,2,True,193,46,0.238341968911917,0.213773363026625,0.0,0.0,0.0,0.0,0.0,0.0,0.0,0.0,0.0,0.0,0.0,0.0,0.0,2.0,2.0,0.1412342220372826,0,0,0,0,0,0,0,1.97,,True,False,True,True,True,True,2020-09-21,4.0,12.0,18.200000000000017
1016,Denjo Dogs,https://www.crunchbase.com/organization/denjo-dogs,Sweden,59.3251172,18.0710935,2016,2.0,False,True,False,False,False,True,False,False,False,True,False,False,False,False,2,2,4,True,False,False,False,1.0,True,0.286153,True,2018-12-12,2021-03-29,Seed,2018,7.666666666666667,True,True,False,False,3.5,0.3,False,False,True,True,False,False,False,False,False,False,False,False,6,1,True,True,True,True,True,True,True,True,True,True,True,True,True,True,True,6,1.0,True,True,True,True,True,False,False,False,False,False,False,True,True,334,2,True,193,47,0.2435233160621761,0.2179487344371057,0.0,0.0,0.0,0.0,0.0,0.0,0.0,0.0,0.0,0.0,0.0,0.0,0.0,1.0,0.0,0.0,0,0,0,0,0,0,0,1.97,,False,False,False,False,False,False,,,12.0,18.200000000000017
1015,Starflow,https://www.crunchbase.com/organization/starflow,Sweden,59.3251172,18.0710935,2016,2.0,False,True,False,False,False,False,False,False,False,True,True,False,False,False,0,1,1,False,True,False,False,0.0,False,0.246017,True,2016-05-06,2016-05-06,Venture - Series Unknown,2016,4.0,True,,False,,1.0,1.0,False,,False,,False,,False,,False,,False,,1,0,True,,True,True,,True,,True,,True,,True,,True,,1,,True,,True,True,,False,False,False,False,False,False,True,True,334,2,True,193,47,0.2435233160621761,0.2179487344371057,0.0,0.0,0.0,0.0,0.0,0.0,0.0,0.0,0.0,0.0,0.0,0.0,0.0,0.0,0.0,0.0,0,0,0,0,0,0,0,1.97,,False,False,True,False,True,True,,,12.0,18.200000000000017
994,GoFrendly,https://www.crunchbase.com/organization/gofrendly,Sweden,59.3251172,18.0710935,2016,2.0,False,True,False,False,False,True,False,False,False,True,False,False,False,False,1,2,2,False,False,False,False,2.0,True,0.826905,False,2017-06-01,2019-08-22,Venture - Series Unknown,2017,23.0,True,True,False,False,3.5,3.0,False,False,False,False,False,False,False,False,False,False,False,False,2,2,True,True,True,True,True,True,True,True,True,True,True,True,True,True,True,2,2.0,True,True,True,True,True,False,False,False,False,False,False,True,True,334,2,True,193,47,0.2435233160621761,0.2179487344371057,0.0,0.0,0.0,0.0,0.0,0.0,0.0,0.0,0.0,0.0,0.0,0.0,0.0,19.0,1.0,0.2921531459171419,1,0,0,0,0,0,1,1.97,,False,False,True,False,True,True,,,12.0,18.200000000000017
885,Roaring,https://www.crunchbase.com/organization/roaring-io,Sweden,59.3251172,18.0710935,2016,3.0,False,True,False,False,False,False,False,False,True,True,False,False,False,False,2,1,2,False,False,False,False,0.0,False,0.692903,False,2018-04-26,2018-04-26,Venture - Series Unknown,2018,279.0,True,,True,,14.0,26.5,False,,True,,False,,False,,False,,True,,1,0,True,,False,True,,True,,True,,True,,True,,True,,2,,True,,True,True,,False,False,False,False,False,False,True,True,334,2,True,193,47,0.2435233160621761,0.2179487344371057,0.0,0.19865653710623857,0.0,0.39731307421247714,0.0,0.19865653710623857,0.39731307421247714,0.0,0.0,0.0,0.39731307421247714,0.39731307421247714,0.39731307421247714,30.0,5.0,0.4366402012973721,1,0,1,0,0,0,1,1.97,,False,False,True,False,True,True,,,12.0,18.200000000000017
880,ZeroPoint Technologies,https://www.crunchbase.com/organization/zeropoint-technologies-ab,Sweden,57.7072326,11.9670171,2016,2.0,False,False,False,False,True,True,False,False,False,True,False,False,False,False,2,7,3,True,False,False,False,2.0,True,9.577615,False,2018-08-22,2023-02-07,Series A,2018,104.1,True,True,True,True,12.7,16.6,True,True,False,False,False,False,False,False,False,False,False,False,7,1,True,True,False,True,True,True,True,True,True,True,True,True,True,True,True,9,3.0,True,True,False,True,True,False,False,False,False,False,False,True,True,25,2,True,39,8,0.2051282051282051,0.1865859555804121,0.22766469926136576,0.10222908476863198,0.0,0.39731307421247714,0.0,0.032523528465909356,0.2276646992613655,0.0,0.26487538280831807,0.39731307421247714,0.1821723596710534,0.0,0.5208601256965827,42.0,14.0,0.5533481928603298,1,1,1,1,1,1,1,1.97,,False,False,True,False,True,True,,,8.0,41.0
1063,Hypoteket,https://www.crunchbase.com/organization/hypoteket-3994,Sweden,59.3251172,18.0710935,2016,1.0,False,True,False,False,False,False,False,False,True,False,False,False,False,False,0,1,1,False,True,True,True,1.0,True,0.0655,True,2014-12-05,2014-12-05,Venture - Series Unknown,2014,25.0,True,True,False,False,0.0,3.0,False,False,False,False,False,False,False,False,False,False,False,False,1,1,True,True,True,True,True,True,True,True,True,True,True,True,True,True,True,1,1.0,True,True,True,True,True,False,False,False,False,False,False,True,True,334,2,True,193,47,0.2435233160621761,0.2179487344371057,0.0,0.0,0.0,0.0,0.0,0.0,0.0,0.0,0.0,0.0,0.0,0.0,0.0,3.0,0.0,0.0687619531421999,0,0,0,0,0,0,0,1.97,,False,False,True,False,True,True,,,12.0,18.200000000000017
866,Wehype,https://www.crunchbase.com/organization/wehype,Sweden,59.8586126,17.6387436,2016,4.0,False,False,False,False,False,False,False,False,False,False,True,False,False,True,3,1,2,False,False,False,False,2.0,True,1.332197,False,2019-07-19,2019-07-19,Seed,2019,24.5,True,True,False,False,17.5,4.5,False,False,False,False,False,False,False,False,False,False,False,False,0,0,False,False,False,True,True,True,True,False,False,False,False,False,False,False,False,2,2.0,True,True,True,True,True,False,False,False,False,False,False,True,True,5,0,False,7,0,0.0,0.0,0.06411843760759518,0.06356927781572445,0.06302011802385372,0.06411843760759518,0.0,0.0,0.0,0.06302011802385372,0.06356927781572445,0.06411843760759518,0.0010997158889007883,0.0010997158889007883,0.0010997158889007883,0.0,0.0,0.0,0,0,0,0,1,1,0,1.97,,False,False,False,False,False,False,,,0.0,1.0
1077,Pangara,https://www.crunchbase.com/organization/pangara,Sweden,55.6052931,13.0001566,2016,2.0,False,False,False,False,True,False,False,False,False,True,False,False,False,False,1,1,1,False,True,False,False,0.0,False,0.0,True,2017-01-01,2017-01-01,Venture - Series Unknown,2017,13.0,False,,True,,0.0,1.0,False,,False,,False,,False,,False,,False,,0,0,False,,False,False,,False,,False,,False,,False,,False,,0,,False,,False,False,,True,True,True,True,False,False,False,False,229,1,True,22,5,0.2272727272727272,0.2047944126460131,0.028465307004047598,6.165636010497693,6.165636010497693,6.165636010497693,6.165636010497693,6.165636010497693,6.165636010497693,0.0,0.0,0.0,0.0,0.0,0.0,0.0,0.0,0.0,0,0,0,0,0,0,0,1.97,,False,False,True,False,True,True,,,14.0,34.0
1084,EQU8 Anti-Cheat,https://www.crunchbase.com/organization/equ8anticheat,Sweden,57.7072326,11.9670171,2016,3.0,False,False,False,False,False,True,False,False,False,True,True,False,False,False,2,2,3,True,False,False,False,1.0,True,0.63,False,2018-01-05,2019-07-15,Seed,2018,309.75,True,False,True,True,5.5,29.2,True,True,True,True,False,False,False,False,True,True,False,False,1,0,True,False,False,True,False,True,False,True,False,True,False,True,False,True,False,3,0.0,True,False,False,True,False,True,True,True,False,False,False,True,False,25,2,True,39,7,0.1794871794871795,0.1650797503594485,0.22766469926136576,2.1238465368853823,0.0,7.700759999116575,0.0,0.26487538280831807,0.39731307421247714,7.700759999116575,7.700759999116575,7.700759999116575,4.024351655850858,0.0,7.8253618937818095,25.0,2.0,0.3554605204771036,1,0,1,0,0,0,0,1.97,,True,False,False,True,True,True,2022-11-01,6.0,8.0,41.0
852,Future Ordering,https://www.crunchbase.com/organization/future-ordering,Sweden,59.3251172,18.0710935,2016,4.0,False,True,False,False,False,True,True,False,False,False,False,False,False,False,1,1,3,False,False,False,False,0.0,False,2.77431,False,2017-09-08,2017-09-08,Series A,2017,203.0,True,,True,,8.0,19.7,False,,True,,False,,False,,False,,False,,1,0,True,,False,True,,True,,True,,True,,True,,True,,3,,True,,True,True,,False,False,False,False,False,False,True,True,334,2,True,193,47,0.2435233160621761,0.2179487344371057,0.0,0.4007592903493457,0.0,0.6886449627961037,0.0,0.4007592903493457,0.6886449627961037,0.0,0.0,0.0,0.4592578230803151,0.17549559819290836,0.6886449627961037,24.0,14.0,0.4995482517807378,1,1,1,1,0,1,1,1.97,,False,False,True,False,True,True,,,12.0,18.200000000000017
1091,CarbonCloud,https://www.crunchbase.com/organization/carboncloud-ab,Sweden,57.7072326,11.9670171,2016,1.0,False,False,False,False,False,False,False,False,False,True,False,False,False,False,4,2,3,True,False,False,False,3.0,True,5.819662,False,2020-09-02,2021-11-01,Series A,2020,28.8,False,False,True,True,4.4,2.8,False,False,True,True,False,False,True,True,False,False,False,False,0,0,False,False,False,False,False,False,False,False,False,False,False,False,False,False,False,0,0.0,False,False,False,True,True,False,False,False,False,True,False,True,True,25,2,True,39,8,0.2051282051282051,0.1865859555804121,0.22766469926136576,0.7931786133416475,0.764122645790264,0.8092944659588078,0.791590744500179,0.8004426052294934,0.8092944659588078,0.764122645790264,0.7883359520830836,0.8092944659588078,0.9074027681300701,0.0,1.506156444289802,0.0,0.0,0.0,0,0,0,0,0,0,0,1.97,,False,False,True,False,True,True,,,8.0,41.0
1093,C2Amps,https://www.crunchbase.com/organization/c2amps,Sweden,55.7029296,13.1929449,2016,2.0,False,False,False,False,True,False,False,False,False,True,False,False,False,False,3,1,1,False,True,False,True,1.0,True,0.350296,True,2019-12-13,2019-12-13,Seed,2019,543.0,False,False,True,True,10.0,50.0,False,False,True,True,False,False,False,False,False,False,False,False,0,0,False,False,False,False,False,False,False,False,False,False,False,False,False,False,False,1,1.0,True,True,True,True,True,False,False,False,False,False,False,True,True,229,1,True,13,3,0.2307692307692307,0.2076393647782444,0.03907656422507779,0.49681358519952573,0.49681358519952573,0.49681358519952573,0.0,0.0,0.0,0.49681358519952573,0.49681358519952573,0.49681358519952573,0.0,0.0,0.0,17.0,2.0,0.3189812923862146,1,0,0,0,1,0,1,1.97,,False,False,False,False,False,False,,,3.0,11.400000000000013
1110,Strange Quest,https://www.crunchbase.com/organization/strange-quest,Sweden,59.3251172,18.0710935,2016,3.0,False,True,False,False,False,False,False,False,False,False,True,False,False,False,1,1,3,True,False,False,False,2.0,True,2.2,False,2017-12-04,2017-12-04,Seed,2017,257.6666666666667,False,False,True,True,5.5,43.0,False,False,False,False,False,False,False,False,False,False,False,False,0,0,False,False,False,False,False,False,False,False,False,False,False,False,False,False,False,0,0.0,False,False,False,True,True,False,False,False,False,True,False,True,True,334,2,True,193,47,0.2435233160621761,0.2179487344371057,0.0,1.1230553114714317,0.8112272165110043,1.4348834064318592,0.8112272165110043,0.8112272165110043,0.8112272165110043,1.4348834064318592,1.4348834064318592,1.4348834064318592,0.9326577677712301,0.9326577677712301,0.9326577677712301,1.0,0.0,0.0,0,0,0,0,0,0,0,1.97,,False,False,False,False,False,False,,,12.0,18.200000000000017
902,Fairlo,https://www.crunchbase.com/organization/fairlo,Sweden,59.3251172,18.0710935,2016,3.0,False,True,False,False,False,False,False,False,True,False,False,False,False,False,3,1,4,False,False,False,False,0.0,False,0.77,False,2019-01-31,2019-01-31,Seed,2019,3.75,True,,True,,0.0,0.5,False,,False,,False,,False,,False,,False,,3,0,True,,True,True,,True,,True,,True,,True,,True,,3,,True,,True,True,,False,False,False,False,False,False,True,True,334,2,True,193,47,0.2435233160621761,0.2179487344371057,0.0,0.0,0.0,0.0,0.0,0.0,0.0,0.0,0.0,0.0,0.0,0.0,0.0,3.0,1.0,0.1324928350569394,0,0,0,0,0,0,0,1.97,,False,False,False,False,False,False,,,12.0,18.200000000000017
931,Beleco,https://www.crunchbase.com/organization/beleco,Sweden,59.3251172,18.0710935,2016,4.0,False,True,False,False,False,True,False,False,True,False,False,False,False,False,3,2,3,False,False,False,False,0.0,False,1.851925,False,2019-08-28,2022-06-01,Seed,2019,185.66666666666663,True,,True,,10.0,17.0,False,,True,,True,,False,,False,,False,,2,0,True,,False,True,,True,,True,,True,,True,,True,,2,,True,,False,True,,False,False,False,False,False,False,True,True,334,2,True,193,47,0.2435233160621761,0.2179487344371057,0.0,1.008811546055342,0.0,3.0264346381660263,0.0,1.008811546055342,3.0264346381660263,0.0,0.0,0.0,2.017623092110684,0.0,3.0264346381660263,39.0,18.0,0.5679083838862486,1,1,1,1,0,1,1,1.97,,False,False,False,False,False,False,,,12.0,18.200000000000017
918,Equilab,https://www.crunchbase.com/organization/equilab,Sweden,57.7072326,11.9670171,2016,1.0,False,False,False,False,False,True,True,True,False,True,False,False,False,False,2,2,2,False,False,False,False,2.0,True,1.241245,False,2018-06-28,2020-12-30,Seed,2018,64.5,True,True,True,True,3.5,7.0,False,False,True,True,False,False,False,False,False,False,False,False,1,1,True,True,False,True,True,True,True,True,True,True,True,True,True,True,True,2,2.0,True,True,True,True,True,False,False,False,False,False,False,True,True,25,2,True,39,8,0.2051282051282051,0.1865859555804121,0.22766469926136576,0.19865653710623857,0.0,0.39731307421247714,0.0,0.0,0.0,0.0,0.19865653710623857,0.39731307421247714,0.39731307421247714,0.39731307421247714,0.39731307421247714,18.0,1.0,0.2870647214034093,1,0,0,0,0,0,0,1.97,,False,False,False,False,False,False,,,8.0,41.0
916,MediCheck,https://www.crunchbase.com/organization/medicheck,Sweden,59.3251172,18.0710935,2016,2.0,False,True,False,False,False,False,False,True,False,True,False,False,False,False,1,4,9,True,False,False,False,2.0,True,1.908494,False,2017-04-28,2019-08-15,Series A,2017,8.090909090909092,True,True,True,False,13.5,0.7,False,False,False,False,False,False,False,False,False,False,False,False,9,4,True,True,False,True,True,True,True,True,True,True,True,True,True,True,True,10,4.0,True,True,False,True,True,True,True,True,False,False,False,True,False,334,2,True,193,47,0.2435233160621761,0.2179487344371057,0.0,0.590572340390643,0.0,6.322699123336528,0.0,0.928042249185296,6.322699123336528,0.0,0.0,0.0,1.1764292341884262,0.0,6.322699123336528,6.0,8.0,0.32629937040735,1,0,0,0,0,0,0,1.97,,False,False,True,False,True,True,,,12.0,18.200000000000017
912,BlueCall,https://www.crunchbase.com/organization/bluecall,Sweden,59.3251172,18.0710935,2016,3.0,False,True,False,False,True,True,False,True,False,True,False,False,False,True,1,1,4,False,False,False,False,0.0,False,0.187849,True,2017-03-08,2017-03-08,Venture - Series Unknown,2017,80.25,True,,True,,15.5,7.2,False,,False,,True,,False,,False,,False,,3,0,True,,False,True,,True,,True,,True,,True,,True,,4,,True,,True,True,,False,False,False,False,False,False,True,True,334,2,True,193,47,0.2435233160621761,0.2179487344371057,0.0,0.04339915524013615,0.0,0.1735966209605446,0.0,0.04339915524013615,0.1735966209605446,0.0,0.0,0.0,0.0867983104802723,0.0,0.1735966209605446,12.0,5.0,0.3504294492496432,1,0,0,0,0,0,0,1.97,,False,False,True,False,True,True,,,12.0,18.200000000000017
904,Tebrito,https://www.crunchbase.com/organization/tebrito,Sweden,61.3,14.75,2016,3.0,False,False,False,False,False,False,True,True,False,False,False,False,False,False,3,4,2,True,False,False,False,1.0,True,5.359897,False,2019-10-09,2021-12-15,Seed,2019,410.75,False,False,True,True,8.2,37.5,True,False,True,True,False,False,False,False,False,False,False,False,0,0,False,False,False,False,False,False,False,False,False,False,False,False,False,False,False,3,1.0,True,True,False,True,True,False,False,False,False,False,False,True,True,0,0,False,0,0,0.0,0.0,0.2676808964939235,0.6111053130255366,0.28571521301302266,1.5872756130630785,0.28571521301302266,0.7195686796963746,1.5872756130630785,0.28571521301302266,0.28571521301302266,0.28571521301302266,0.771891579206891,0.0,1.543783158413782,0.0,0.0,0.0,0,0,0,0,1,1,1,1.97,,False,False,False,False,False,False,,,0.0,0.0
669,Flow Neuroscience,https://www.crunchbase.com/organization/flow-neuroscience,Sweden,55.6052931,13.0001566,2016,2.0,False,False,False,False,True,True,False,True,False,True,False,False,False,False,2,2,4,True,False,False,False,2.0,True,2.59422,False,2018-01-25,2019-07-23,Series A,2018,425.75,False,False,True,True,14.8,92.6,True,True,True,True,True,True,False,False,False,False,False,False,0,0,False,False,False,False,False,False,False,False,False,False,False,False,False,False,False,0,0.0,False,False,False,False,False,True,True,True,True,False,False,False,False,229,1,True,22,5,0.2272727272727272,0.2047944126460131,0.028465307004047598,8.187553067450489,6.28331157639879,8.830529952893013,8.80584078761714,8.80584078761714,8.80584078761714,6.28331157639879,7.981457160728273,8.830529952893013,2.052948832954387,0.0,4.083058672374313,3.0,1.0,0.1324928350569394,0,0,0,0,0,0,0,1.97,,False,False,True,False,True,True,,,14.0,34.0
652,TrusTrace,https://www.crunchbase.com/organization/trustrace,Sweden,59.3251172,18.0710935,2016,4.0,False,True,False,False,True,False,False,False,False,True,False,True,False,False,3,1,2,True,False,False,False,1.0,True,1.083915,False,2019-09-05,2019-09-05,Series B,2019,23.5,True,True,True,False,3.0,1.0,False,False,True,True,True,False,False,False,False,False,False,False,1,1,True,True,False,True,True,True,True,True,True,True,True,True,True,True,True,1,1.0,True,True,False,True,True,False,False,False,False,False,False,True,True,334,2,True,193,46,0.238341968911917,0.213773363026625,0.0,0.5625890708748073,0.0,1.1251781417496145,1.1251781417496145,1.1251781417496145,1.1251781417496145,0.0,0.0,0.0,1.1251781417496145,1.1251781417496145,1.1251781417496145,1.0,0.0,0.0,0,0,0,0,0,0,0,1.97,,False,True,True,True,True,True,,,12.0,18.200000000000017
1060,MAQ AB,https://www.crunchbase.com/organization/maq-ab,Sweden,59.366667,18.016667,2017,3.0,False,True,False,False,True,False,False,False,False,False,False,False,False,False,3,2,2,False,False,False,False,0.0,False,0.326084,True,2020-09-01,2021-01-20,Seed,2020,348.0,True,,True,,11.0,28.5,True,,True,,True,,False,,False,,False,,2,0,True,,False,True,,True,,True,,True,,True,,True,,2,,True,,False,True,,False,False,False,False,False,False,True,True,334,2,True,229,55,0.2401746724890829,0.2152522346069663,0.005555768801645109,0.5932579596114402,0.005555768801645051,1.1809601504212355,0.005555768801645051,0.5932579596114402,1.1809601504212355,0.0,0.0,0.0,0.7867358993331606,0.0,1.1801038489997409,50.0,32.0,0.6427687783773117,1,1,1,1,1,1,1,2.84,,False,False,False,False,False,False,,,12.0,18.200000000000017
1038,Urban Oasis,https://www.crunchbase.com/organization/urban-oasis,Sweden,59.3251172,18.0710935,2017,1.0,False,True,False,False,False,False,True,False,False,False,False,False,False,False,3,1,3,False,False,False,False,0.0,False,1.217856,False,2020-11-17,2020-11-17,Seed,2020,1.3333333333333333,False,,True,,24.0,0.0,False,,False,,False,,False,,False,,False,,0,0,False,,False,False,,False,,False,,False,,False,,False,,0,,False,,False,False,,True,True,False,False,False,False,False,False,334,2,True,220,54,0.2454545454545454,0.2195005600357086,0.0,8.389808362096494,8.389808362096494,8.389808362096494,8.389808362096494,8.389808362096494,8.389808362096494,0.0,0.0,0.0,0.0,0.0,0.0,0.0,0.0,0.0,0,0,0,0,0,0,0,2.84,,False,False,False,False,False,False,,,12.0,18.200000000000017
1045,Hiber,https://www.crunchbase.com/organization/hiber,Sweden,57.7072326,11.9670171,2017,2.0,False,False,False,False,False,False,False,False,False,True,True,False,False,False,2,3,7,True,False,True,False,1.0,True,4.45,False,2019-08-07,2021-04-20,Series A,2019,27.333333333333332,False,False,True,True,3.8,2.4,True,False,True,True,False,False,True,False,True,True,False,False,0,0,False,False,False,False,False,False,False,False,False,False,False,False,False,False,False,3,1.0,True,True,False,True,True,True,True,True,False,False,False,True,False,25,2,True,48,9,0.1875,0.1718502569266592,0.22766469926136576,3.533215641633227,0.2276646992613655,8.578019760547708,0.2276646992613655,3.818297693216932,8.578019760547708,0.39731307421247714,0.39731307421247714,0.39731307421247714,4.660602623386416,0.0,8.783078012371726,1.0,0.0,0.0,0,0,0,0,0,0,0,2.84,,False,False,True,False,True,True,,,8.0,41.0
1224,Minnemera,https://www.crunchbase.com/organization/minnemera,Sweden,59.3251172,18.0710935,2017,1.0,False,True,False,False,False,False,False,True,False,True,False,False,False,False,2,1,3,False,False,False,False,3.0,True,0.776209,False,2019-09-16,2019-09-16,Seed,2019,187.66666666666663,True,True,False,False,9.7,16.7,False,False,True,True,False,False,False,False,False,False,False,False,2,2,True,True,False,True,True,True,True,True,True,True,True,True,True,True,True,3,3.0,True,True,True,True,True,False,False,False,False,False,False,True,True,334,2,True,220,54,0.2454545454545454,0.2195005600357086,0.0,0.003777029708431463,0.0,0.011331089125294388,0.0,0.0,0.0,0.0,0.003777029708431463,0.011331089125294388,0.007554059416862926,0.0,0.011331089125294388,39.0,22.0,0.5854748100000801,1,1,1,1,0,1,1,2.84,,False,False,False,False,False,False,,,12.0,18.200000000000017
1241,TVM Media,https://www.crunchbase.com/organization/tvm-media,Sweden,59.3251172,18.0710935,2017,3.0,False,True,False,False,True,True,False,False,False,False,True,False,False,True,0,1,1,False,True,False,True,1.0,True,0.0,True,2017-06-22,2017-06-22,Seed,2017,66.0,False,False,True,True,5.0,2.0,False,False,False,False,False,False,False,False,False,False,False,False,0,0,False,False,False,False,False,False,False,False,False,False,False,False,False,False,False,0,0.0,False,False,False,False,False,False,False,False,False,False,False,True,True,334,2,True,220,54,0.2454545454545454,0.2195005600357086,0.0,0.7391188451006515,0.7391188451006515,0.7391188451006515,0.0,0.0,0.0,0.7391188451006515,0.7391188451006515,0.7391188451006515,0.0,0.0,0.0,0.0,0.0,0.0,0,0,0,0,0,0,0,2.84,,False,False,False,False,False,False,,,12.0,18.200000000000017
1342,Traitly,https://www.crunchbase.com/organization/aibl,Sweden,59.3251172,18.0710935,2017,2.0,False,True,False,False,False,False,False,False,False,True,False,False,False,False,0,1,1,False,True,False,True,1.0,True,0.0,True,2017-12-12,2017-12-12,Seed,2017,34.0,False,False,True,True,2.0,7.0,False,False,False,False,False,False,False,False,False,False,False,False,0,0,False,False,False,False,False,False,False,False,False,False,False,False,False,False,False,0,0.0,False,False,False,True,True,False,False,False,False,False,False,True,True,334,2,True,220,54,0.2454545454545454,0.2195005600357086,0.0,1.4348834064318592,1.4348834064318592,1.4348834064318592,0.0,0.0,0.0,1.4348834064318592,1.4348834064318592,1.4348834064318592,0.0,0.0,0.0,0.0,0.0,0.0,0,0,0,0,0,0,0,2.84,,False,False,False,False,False,False,,,12.0,18.200000000000017
1088,We Are Voice,https://www.crunchbase.com/organization/we-are-voice,Sweden,59.3251172,18.0710935,2017,1.0,False,True,False,False,False,False,False,False,False,False,True,False,False,False,3,1,4,False,False,False,False,0.0,False,1.0,False,2020-02-21,2020-02-21,Seed,2020,13.75,True,,False,,10.5,2.2,False,,False,,False,,False,,False,,True,,4,0,True,,True,True,,True,,True,,True,,True,,True,,4,,True,,True,True,,False,False,False,False,False,False,True,True,334,2,True,220,54,0.2454545454545454,0.2195005600357086,0.0,0.0,0.0,0.0,0.0,0.0,0.0,0.0,0.0,0.0,0.0,0.0,0.0,6.0,3.0,0.2517390182913285,1,0,0,0,0,0,0,2.84,,False,False,False,False,False,False,,,12.0,18.200000000000017
1206,Evispot AB,https://www.crunchbase.com/organization/evispot-ab,Sweden,57.7072326,11.9670171,2017,2.0,False,False,False,False,False,False,False,False,False,False,False,False,False,False,0,2,1,False,True,True,True,1.0,True,0.684798,False,2017-08-29,2019-07-05,Seed,2017,110.0,True,True,False,False,3.0,14.0,False,False,False,False,False,False,False,False,False,False,False,False,2,2,True,True,True,True,True,True,True,True,True,True,True,True,True,True,True,2,2.0,True,True,True,False,False,False,False,False,False,False,False,True,True,25,2,True,48,9,0.1875,0.1718502569266592,0.22766469926136576,0.0,0.0,0.0,0.0,0.0,0.0,0.0,0.0,0.0,0.0,0.0,0.0,20.0,11.0,0.461735193470811,1,0,0,0,0,1,0,2.84,,False,False,False,False,False,False,,,8.0,41.0
1214,Vevios,https://www.crunchbase.com/organization/vevios,Sweden,55.6052931,13.0001566,2017,1.0,False,False,False,False,True,False,False,False,False,True,False,False,False,True,1,1,1,False,True,False,False,0.0,False,0.142116,True,2018-08-31,2018-08-31,Seed,2018,543.0,False,,True,,9.0,50.0,False,,True,,False,,False,,False,,False,,0,0,False,,False,False,,False,,False,,False,,False,,False,,1,,True,,True,True,,False,False,False,False,False,False,True,True,229,1,True,24,5,0.2083333333333333,0.1892419996385283,0.028465307004047598,0.512576505756072,0.512576505756072,0.512576505756072,0.512576505756072,0.512576505756072,0.512576505756072,0.0,0.0,0.0,0.0,0.0,0.0,13.0,3.0,0.3205009714335284,1,0,0,0,1,0,0,2.84,,False,False,False,False,False,False,,,14.0,34.0
1149,NewGlue,https://www.crunchbase.com/organization/newglue,Sweden,59.3251172,18.0710935,2017,2.0,False,True,False,False,True,True,False,False,False,True,True,False,False,False,3,1,1,False,True,False,False,0.0,False,0.0,True,2020-12-20,2020-12-20,Seed,2020,51.0,False,,True,,2.0,8.0,False,,False,,False,,False,,False,,False,,0,0,False,,False,False,,False,,False,,False,,False,,False,,0,,False,,False,True,,False,False,False,False,False,False,True,True,334,2,True,220,54,0.2454545454545454,0.2195005600357086,0.0,1.4348834064318592,1.4348834064318592,1.4348834064318592,1.4348834064318592,1.4348834064318592,1.4348834064318592,0.0,0.0,0.0,0.0,0.0,0.0,2.0,7.0,0.2314158098087509,1,0,0,0,0,0,0,2.84,,False,False,False,False,False,False,,,12.0,18.200000000000017
1142,Newsvoice,https://www.crunchbase.com/organization/nvoiceapp,Sweden,59.3251172,18.0710935,2017,2.0,False,True,False,False,False,False,False,False,False,True,True,False,False,False,1,1,3,False,False,False,False,0.0,False,0.242972,True,2018-03-23,2018-03-23,Seed,2018,182.66666666666663,True,,True,,9.0,16.7,False,,True,,False,,False,,False,,False,,1,0,True,,True,True,,True,,True,,True,,True,,True,,1,,True,,True,True,,False,False,False,False,False,False,True,True,334,2,True,220,54,0.2454545454545454,0.2195005600357086,0.0,0.0,0.0,0.0,0.0,0.0,0.0,0.0,0.0,0.0,0.0,0.0,0.0,29.0,6.0,0.4475606330973506,1,0,1,0,0,0,1,2.84,,False,False,False,False,False,False,,,12.0,18.200000000000017
1127,Youcal,https://www.crunchbase.com/organization/youcal,Sweden,59.2747287,15.2151181,2017,1.0,False,False,False,False,False,True,False,False,False,True,False,False,False,False,1,1,1,False,True,False,True,1.0,True,1.0,False,2018-05-02,2018-05-02,Seed,2018,35.0,False,False,True,True,8.0,6.0,False,False,False,False,False,False,False,False,False,False,False,False,0,0,False,False,False,False,False,False,False,False,False,False,False,False,False,False,False,0,0.0,False,False,False,False,False,True,True,False,False,False,False,False,False,1,0,False,0,0,0.0,0.0,0.16221779948381448,9.806721886335737,9.806721886335737,9.806721886335737,0.0,0.0,0.0,9.806721886335737,9.806721886335737,9.806721886335737,0.0,0.0,0.0,0.0,0.0,0.0,0,0,0,0,1,1,1,2.84,,False,False,False,False,False,False,,,0.0,0.0
1200,Lumeotech,https://www.crunchbase.com/organization/lumeotech,Sweden,57.7072326,11.9670171,2017,2.0,False,False,False,False,False,False,False,False,False,True,False,False,False,False,3,1,1,False,True,True,True,1.0,True,0.045648,True,2020-05-27,2020-05-27,Pre-Seed,2020,110.0,True,True,False,False,5.0,14.0,False,False,False,False,False,False,False,False,False,False,False,False,1,1,True,True,True,True,True,True,True,True,True,True,True,True,True,True,True,1,1.0,True,True,True,False,False,False,False,False,False,False,False,True,True,25,2,True,48,9,0.1875,0.1718502569266592,0.22766469926136576,0.0,0.0,0.0,0.0,0.0,0.0,0.0,0.0,0.0,0.0,0.0,0.0,41.0,6.0,0.4809395298411976,1,1,1,0,0,0,1,2.84,,False,False,False,False,False,False,,,8.0,41.0
1168,Syntaxis,https://www.crunchbase.com/organization/syntaxis,Sweden,55.7029296,13.1929449,2017,5.0,False,False,False,False,True,False,False,True,False,False,False,False,False,False,3,1,1,False,True,False,False,0.0,False,0.0,True,2020-09-08,2020-09-08,Seed,2020,51.0,True,,False,,21.0,5.0,False,,False,,False,,False,,False,,False,,1,0,True,,True,True,,True,,True,,True,,True,,True,,1,,True,,True,False,,False,False,False,False,False,False,True,True,229,1,True,15,3,0.2,0.1823215567939546,0.03907656422507779,0.0,0.0,0.0,0.0,0.0,0.0,0.0,0.0,0.0,0.0,0.0,0.0,0.0,0.0,0.0,0,0,0,0,0,0,0,2.84,,False,False,False,False,False,False,,,3.0,11.400000000000013
691,Graphmatech,https://www.crunchbase.com/organization/graphmatech,Sweden,59.8586126,17.6387436,2017,2.0,False,False,False,False,True,False,False,False,False,False,False,False,False,False,1,1,2,True,False,False,False,1.0,True,0.0,True,2018-09-11,2018-09-11,Venture - Series Unknown,2018,33.0,True,False,True,True,12.5,10.0,True,False,False,False,False,False,False,False,True,False,True,True,0,0,False,False,False,True,False,True,False,False,False,False,False,False,False,False,False,1,0.0,True,False,False,True,True,False,False,False,False,True,False,True,True,5,0,False,10,0,0.0,0.0,0.06411843760759518,0.7865975822164667,0.06411843760759518,1.509076726825338,0.06411843760759518,0.06411843760759518,0.06411843760759518,1.509076726825338,1.509076726825338,1.509076726825338,1.468351747209651,1.468351747209651,1.468351747209651,0.0,0.0,0.0,0,0,0,0,1,1,0,2.84,,False,False,True,False,True,True,,,0.0,1.0
695,Open Payments,https://www.crunchbase.com/organization/open-payments-europe,Sweden,59.3251172,18.0710935,2017,3.0,False,True,False,False,False,False,False,False,True,True,False,False,False,False,2,2,3,True,False,False,False,3.0,True,4.878308,False,2019-05-28,2020-08-24,Venture - Series Unknown,2019,47.2,True,True,False,False,9.8,8.0,True,True,True,True,False,False,False,False,True,True,False,False,5,3,True,True,True,True,True,True,True,True,True,True,True,True,True,True,True,5,3.0,True,True,True,True,True,False,False,False,False,False,False,True,True,334,2,True,220,54,0.2454545454545454,0.2195005600357086,0.0,0.0004398863555603154,0.0,0.0010997158889007883,0.0,0.0005498579444503943,0.0010997158889007883,0.0,0.0003665719629669295,0.0010997158889007883,0.0006598295333404731,0.0,0.0010997158889007883,18.0,32.0,0.54481752544091,1,1,0,1,0,1,0,2.84,,False,False,True,False,True,True,,,12.0,18.200000000000017
699,Elypta,https://www.crunchbase.com/organization/elypta,Sweden,59.3251172,18.0710935,2017,2.0,False,True,False,False,True,False,False,True,False,False,False,False,False,False,0,3,6,True,False,True,False,2.0,True,8.952679,False,2017-06-01,2020-01-23,Series A,2017,64.25,True,True,True,False,7.4,9.5,True,True,True,False,False,False,False,False,True,False,False,False,5,3,True,True,False,True,True,True,True,True,True,True,True,True,True,True,True,7,3.0,True,True,False,True,True,False,False,False,False,False,False,True,True,334,2,True,220,54,0.2454545454545454,0.2195005600357086,0.0,0.3841290058200853,0.0,2.2784058981357274,0.0,0.6146064093121364,2.2784058981357274,0.0,0.0,0.0,0.6875522053266396,0.0,2.2784058981357274,14.0,13.0,0.4425295618698902,1,0,0,1,0,1,0,2.84,,False,False,True,False,True,True,,,12.0,18.200000000000017
709,Material Exchange,https://www.crunchbase.com/organization/material-exchange,Sweden,59.3251172,18.0710935,2017,1.0,False,True,False,False,True,False,False,False,False,True,False,False,False,False,2,1,1,False,True,False,True,1.0,True,2.0,False,2019-11-19,2019-11-19,Series A,2019,99.0,False,False,True,True,14.0,19.0,False,False,True,True,False,False,False,False,False,False,False,False,0,0,False,False,False,False,False,False,False,False,False,False,False,False,False,False,False,0,0.0,False,False,False,True,True,False,False,False,False,False,False,True,True,334,2,True,220,53,0.2409090909090909,0.2158442488325982,0.0,0.3960167542263701,0.3960167542263701,0.3960167542263701,0.0,0.0,0.0,0.3960167542263701,0.3960167542263701,0.3960167542263701,0.0,0.0,0.0,6.0,7.0,0.3154699002060681,1,0,0,0,0,0,0,2.84,,False,True,True,True,True,True,,,12.0,18.200000000000017
687,Anyfin,https://www.crunchbase.com/organization/anyfin,Sweden,59.3251172,18.0710935,2017,3.0,False,True,False,False,False,False,False,False,True,False,False,False,False,False,0,1,1,False,True,False,True,1.0,True,0.0,True,2017-08-31,2017-08-31,Series C,2017,700.0,False,False,True,True,4.0,105.0,False,False,False,False,False,False,False,False,False,False,False,False,0,0,False,False,False,False,False,False,False,False,False,False,False,False,False,False,False,0,0.0,False,False,False,True,True,False,False,False,False,True,True,True,True,334,2,True,220,53,0.2409090909090909,0.2158442488325982,0.0,0.8112272165110043,0.8112272165110043,0.8112272165110043,0.0,0.0,0.0,0.8112272165110043,0.8112272165110043,0.8112272165110043,0.0,0.0,0.0,1.0,1.0,0.0637308819147395,0,0,0,0,0,0,0,2.84,,False,True,True,True,True,True,,,12.0,18.200000000000017
741,Yabie,https://www.crunchbase.com/organization/kaching,Sweden,59.3251172,18.0710935,2017,1.0,False,True,False,False,False,True,False,False,True,True,False,False,False,False,0,2,2,False,False,False,False,2.0,True,5.0,False,2017-06-01,2017-11-01,Venture - Series Unknown,2017,28.0,True,True,True,True,10.5,5.0,False,False,False,False,False,False,False,False,False,False,True,True,1,1,True,True,False,True,True,True,True,True,True,True,True,True,True,True,True,2,2.0,True,True,True,True,True,False,False,False,False,False,False,True,True,334,2,True,220,53,0.2409090909090909,0.2158442488325982,0.0,0.19865653710623857,0.0,0.39731307421247714,0.0,0.0,0.0,0.0,0.19865653710623857,0.39731307421247714,0.39731307421247714,0.39731307421247714,0.39731307421247714,8.0,1.0,0.212939163186004,1,0,0,0,0,0,0,2.84,,False,True,True,True,True,True,,,12.0,18.200000000000017
747,Elsa,https://www.crunchbase.com/organization/elsa-cb64,Sweden,59.3251172,18.0710935,2017,4.0,False,True,False,False,True,True,False,True,False,True,False,False,False,False,1,3,9,True,False,False,False,3.0,True,7.389488,False,2018-10-18,2021-11-05,Seed,2018,43.06666666666667,True,True,True,True,11.0,7.3,True,True,True,True,False,False,False,False,False,False,False,False,6,2,True,True,False,True,True,True,True,True,True,True,True,True,True,True,True,7,2.0,True,True,False,True,True,False,False,False,False,False,False,True,True,334,2,True,220,54,0.2454545454545454,0.2195005600357086,0.0,0.6932625203418831,0.0,2.1518227006999315,0.0,0.8335767542418229,2.1518227006999315,0.0,0.13200558474212334,0.3960167542263701,1.1045272347907387,0.0,2.4360622276374455,15.0,30.0,0.5220211594663042,1,1,0,1,0,1,0,2.84,,False,False,False,False,False,False,,,12.0,18.200000000000017
749,Mycorena,https://www.crunchbase.com/organization/mycorena,Sweden,57.7072326,11.9670171,2017,1.0,False,False,False,False,True,False,True,True,False,False,False,False,False,False,3,2,8,True,False,False,False,1.0,True,10.377479,False,2020-05-19,2021-06-26,Series A,2020,4.6,False,False,True,True,17.0,1.3,True,False,False,False,True,False,False,False,False,False,True,False,0,0,False,False,False,False,False,False,False,False,False,False,False,False,False,False,False,4,0.0,True,False,False,True,False,True,True,True,False,False,False,True,False,25,2,True,48,8,0.1666666666666666,0.1541506798272582,0.22766469926136576,3.4479043672477756,0.10425812029267276,7.295170505005096,0.10425812029267276,3.7279411170226138,7.295170505005096,0.927573619274228,0.927573619274228,0.927573619274228,4.477726394529829,0.0,7.692890906800182,0.0,0.0,0.0,0,0,0,0,0,0,0,2.84,,True,True,True,True,True,True,2024-08-23,7.0,8.0,41.0
678,Stravito,https://www.crunchbase.com/organization/stravito,Sweden,59.3251172,18.0710935,2017,4.0,False,True,False,False,True,True,False,False,False,True,False,False,False,True,1,2,3,True,False,False,False,2.0,True,6.285997,False,2018-04-17,2019-04-04,Series A,2018,55.4,True,False,True,True,18.2,12.6,False,False,True,True,False,False,False,False,False,False,False,False,2,0,True,False,False,True,False,True,False,True,False,True,False,True,False,True,False,2,0.0,True,False,False,True,True,False,False,False,False,False,False,True,True,334,2,True,220,54,0.2454545454545454,0.2195005600357086,0.0,0.3834423300404709,0.0,1.1251781417496145,0.0,0.13200558474212334,0.3960167542263701,0.3960167542263701,0.7605974479879922,1.1251781417496145,0.6837855251512762,0.0,1.5017159755540268,7.0,16.0,0.3980215179510111,1,0,0,1,0,1,0,2.84,,False,False,True,False,True,True,,,12.0,18.200000000000017
683,Mavenoid,https://www.crunchbase.com/organization/mavenoid,Sweden,59.3251172,18.0710935,2017,2.0,False,True,False,False,True,False,False,False,False,True,False,False,False,True,1,1,15,True,False,False,False,1.0,True,1.9,False,2018-10-12,2018-10-12,Series B,2018,44.93333333333333,True,False,True,True,23.0,12.1,True,False,True,False,False,False,False,False,False,False,True,False,5,0,True,False,False,True,False,True,False,True,False,True,False,True,False,True,False,5,0.0,True,False,False,True,True,True,True,True,False,True,False,True,False,334,2,True,220,53,0.2409090909090909,0.2158442488325982,0.0,1.7326616730805837,0.0,8.62173839862099,0.0,1.798478419978411,8.62173839862099,0.8112272165110043,0.8112272165110043,0.8112272165110043,2.875869769339309,0.0,9.434160278898844,6.0,4.0,0.272255779691632,1,0,0,0,0,0,0,2.84,,False,True,True,True,True,True,,,12.0,18.200000000000017
753,Sendify,https://www.crunchbase.com/organization/sendify-logistics-simplified,Sweden,57.7072326,11.9670171,2017,1.0,False,False,False,False,True,False,False,False,False,True,False,False,False,False,3,2,3,True,False,True,False,2.0,True,8.195983,False,2020-01-28,2021-02-25,Seed,2020,57.6,True,False,True,True,6.0,12.4,False,False,True,True,False,False,False,False,False,False,False,False,2,0,True,False,False,True,False,True,False,True,False,True,False,True,False,True,False,2,0.0,True,False,False,True,True,False,False,False,False,True,False,True,True,25,2,True,48,9,0.1875,0.1718502569266592,0.22766469926136576,0.8344492302556151,0.0,3.0024332357519077,0.0,0.19496881925436124,0.5849064577630837,0.5849064577630837,1.793669846757496,3.0024332357519077,1.3380962316494238,0.0,3.0024332357519077,2.0,2.0,0.1412342220372826,0,0,0,0,0,0,0,2.84,,False,False,False,False,False,False,,,8.0,41.0
971,Hedvig,https://www.crunchbase.com/organization/hedvig-d8c4,Sweden,59.3251172,18.0710935,2017,3.0,False,True,False,False,False,False,False,False,True,True,False,False,False,False,1,1,8,True,False,False,False,1.0,True,3.5,False,2018-09-20,2018-09-20,Series B,2018,30.25,True,False,True,True,14.5,4.6,False,False,True,True,False,False,False,False,False,False,False,False,6,0,True,False,False,True,False,True,False,True,False,True,False,True,False,True,False,6,0.0,True,False,False,True,True,False,False,False,False,True,False,True,True,334,2,True,220,53,0.2409090909090909,0.2158442488325982,0.0,0.2807638278678579,0.0,1.4348834064318592,0.0,0.20498334377597988,1.4348834064318592,0.8112272165110043,0.8112272165110043,0.8112272165110043,0.5146186251938718,0.0,1.4348834064318592,4.0,5.0,0.2556402976054923,1,0,0,0,0,0,0,2.84,,False,True,True,True,True,True,,,12.0,18.200000000000017
979,PreVet,https://www.crunchbase.com/organization/prevet,Sweden,59.8586126,17.6387436,2017,1.0,False,False,False,False,False,False,False,True,False,True,False,False,False,False,1,1,2,False,False,False,False,0.0,False,0.277651,True,2018-11-16,2018-11-16,Venture - Series Unknown,2018,2.5,True,,False,,3.0,0.0,False,,False,,False,,False,,False,,False,,0,0,False,,False,True,,True,,False,,False,,False,,False,,2,,True,,True,True,,False,False,False,False,False,False,True,True,5,0,False,10,0,0.0,0.0,0.06411843760759518,0.06411843760759518,0.06411843760759518,0.06411843760759518,0.06411843760759518,0.06411843760759518,0.06411843760759518,0.0,0.0,0.0,0.0,0.0,0.0,0.0,0.0,0.0,0,0,0,0,1,1,0,2.84,,False,False,True,False,True,True,,,0.0,1.0
947,Health Integrator,https://www.crunchbase.com/organization/health-integrator,Sweden,59.3251172,18.0710935,2017,1.0,False,True,False,False,False,True,False,True,False,False,False,False,False,False,3,2,6,True,False,False,False,1.0,True,3.133049,False,2020-06-10,2021-09-08,Seed,2020,65.5,True,True,False,False,9.8,4.8,False,False,True,False,True,False,False,False,True,False,False,False,5,1,True,True,False,True,True,True,True,True,True,True,True,True,True,True,True,6,1.0,True,True,True,True,True,False,False,False,False,False,False,True,True,334,2,True,220,54,0.2454545454545454,0.2195005600357086,0.0,0.0018885148542157316,0.0,0.011331089125294388,0.0,0.0022662178250588776,0.011331089125294388,0.0,0.0,0.0,0.003777029708431463,0.0,0.011331089125294388,34.0,19.0,0.5593778543813135,1,1,1,1,0,1,1,2.84,,False,False,False,False,False,False,,,12.0,18.200000000000017
800,Kind,https://www.crunchbase.com/organization/thekindapp,Sweden,55.6052931,13.0001566,2017,2.0,False,False,False,False,False,False,False,True,False,True,False,False,False,False,2,1,4,True,False,False,False,2.0,True,2.824173,False,2019-04-17,2019-04-17,Seed,2019,15.25,True,False,True,True,2.3,1.2,False,False,False,False,False,False,False,False,False,False,False,False,0,0,False,False,False,True,False,True,False,True,False,True,False,True,False,False,False,0,0.0,False,False,False,True,False,True,True,True,False,False,False,True,False,229,1,True,24,5,0.2083333333333333,0.1892419996385283,0.028465307004047598,3.0441385815002904,0.02846530700404741,9.025555582468844,0.02846530700404741,0.5039635106472407,0.9794617142904339,2.1430717222378357,5.58431365235334,9.025555582468844,4.9410564018710454,0.9581956178754963,9.001468961784475,4.0,11.0,0.3193711795202318,1,0,0,0,1,0,0,2.84,,False,False,False,False,False,False,,,14.0,34.0
853,Mimbly,https://www.crunchbase.com/organization/mimbly,Sweden,57.7072326,11.9670171,2017,2.0,False,False,False,False,False,False,False,False,False,False,False,True,False,False,1,1,1,False,True,False,False,0.0,False,0.0,True,2018-08-30,2018-08-30,Series A,2018,110.0,True,,False,,3.0,14.0,False,,False,,False,,False,,False,,False,,1,0,True,,True,True,,True,,True,,True,,True,,True,,1,,True,,True,False,,False,False,False,False,False,False,True,True,25,2,True,48,9,0.1875,0.1718502569266592,0.22766469926136576,0.0,0.0,0.0,0.0,0.0,0.0,0.0,0.0,0.0,0.0,0.0,0.0,17.0,1.0,0.2817011163282039,1,0,0,0,0,0,0,2.84,,False,False,True,False,True,True,,,8.0,41.0
935,Freemelt,https://www.crunchbase.com/organization/freemelt,Sweden,57.6564918,12.0153085,2017,4.0,False,False,False,False,False,False,False,False,False,False,False,False,False,False,2,1,1,False,True,False,True,1.0,True,1.6,False,2019-09-06,2019-09-06,Seed,2019,128.0,False,False,True,True,40.0,34.0,True,True,False,False,False,False,False,False,False,False,False,False,0,0,False,False,False,False,False,False,False,False,False,False,False,False,False,False,False,1,1.0,True,True,True,True,True,False,False,False,False,False,False,True,True,25,2,True,49,9,0.1836734693877551,0.1686227124357927,0.22163295768702693,0.39763957188109994,0.39763957188109994,0.39763957188109994,0.0,0.0,0.0,0.39763957188109994,0.39763957188109994,0.39763957188109994,0.0,0.0,0.0,0.0,0.0,0.0,0,0,0,0,0,0,0,2.84,,False,False,False,False,False,False,,,8.0,41.0
924,Vinden Storage,https://www.crunchbase.com/organization/vinden,Sweden,59.3251172,18.0710935,2017,1.0,False,True,False,False,False,True,False,False,False,False,False,False,True,True,2,1,1,False,True,True,True,1.0,True,0.0,True,2019-11-01,2019-11-01,Venture - Series Unknown,2019,4.0,False,False,True,True,13.0,1.0,False,False,False,False,False,False,False,False,False,False,False,False,0,0,False,False,False,False,False,False,False,False,False,False,False,False,False,False,False,0,0.0,False,False,False,False,False,True,True,True,True,False,False,False,False,334,2,True,220,54,0.2454545454545454,0.2195005600357086,0.0,7.983493472293909,7.983493472293909,7.983493472293909,0.0,0.0,0.0,7.983493472293909,7.983493472293909,7.983493472293909,0.0,0.0,0.0,2.0,0.0,0.0402231640645322,0,0,0,0,0,0,0,2.84,,False,False,True,False,True,True,,,12.0,18.200000000000017
838,Omocom,https://www.crunchbase.com/organization/sharin,Sweden,59.3251172,18.0710935,2017,3.0,False,True,False,False,False,False,False,False,True,True,False,False,False,False,2,2,4,True,False,True,False,2.0,True,5.127218,False,2019-04-05,2020-05-14,Seed,2019,66.4,True,False,True,True,7.6,10.0,False,False,True,True,False,False,False,False,True,False,False,False,1,0,True,False,False,True,False,True,False,True,False,True,False,True,False,True,False,1,0.0,True,False,False,True,True,False,False,False,False,False,False,True,True,334,2,True,220,54,0.2454545454545454,0.2195005600357086,0.0,1.274647598762637,0.0,2.989637600262615,0.0,1.2957834425489143,2.5915668850978286,0.3960167542263701,1.2605570362384517,2.989637600262615,1.9495497946657023,0.0,3.3616455302468564,19.0,41.0,0.5720794089203083,1,1,0,1,0,1,1,2.84,,False,False,False,False,False,False,,,12.0,18.200000000000017
950,Podme,https://www.crunchbase.com/organization/podme,Sweden,59.3251172,18.0710935,2017,2.0,False,True,False,False,False,False,False,False,False,False,True,False,False,False,2,2,1,False,True,True,False,0.0,False,0.0,True,2019-03-01,2020-06-16,Seed,2019,4.0,False,,True,,13.5,1.0,False,,False,,False,,False,,False,,False,,0,0,False,,False,False,,False,,False,,False,,False,,False,,0,,False,,False,False,,True,True,True,True,False,False,False,False,334,2,True,220,53,0.2409090909090909,0.2158442488325982,0.0,7.983493472293909,7.983493472293909,7.983493472293909,7.983493472293909,7.983493472293909,7.983493472293909,0.0,0.0,0.0,0.0,0.0,0.0,3.0,1.0,0.1324928350569394,0,0,0,0,0,0,0,2.84,,True,False,False,True,True,True,2021-06-08,4.0,12.0,18.200000000000017
952,Baffin Bay Networks,https://www.crunchbase.com/organization/baffin-bay-networks,Sweden,59.3251172,18.0710935,2017,1.0,False,True,False,False,False,False,False,False,False,True,False,False,False,False,1,1,1,False,True,False,True,1.0,True,6.4,False,2018-06-28,2018-06-28,Seed,2018,130.0,True,True,False,False,2.0,22.0,False,False,True,True,False,False,False,False,False,False,False,False,1,1,True,True,True,True,True,True,True,True,True,True,True,True,True,True,True,1,1.0,True,True,True,True,True,False,False,False,False,False,False,True,True,334,2,True,220,53,0.2409090909090909,0.2158442488325982,0.0,0.0,0.0,0.0,0.0,0.0,0.0,0.0,0.0,0.0,0.0,0.0,0.0,1.0,0.0,0.0,0,0,0,0,0,0,0,2.84,,True,False,False,True,True,True,2023-03-20,6.0,12.0,18.200000000000017
845,ROI Media,https://www.crunchbase.com/organization/roi-media,Sweden,59.0591152,16.0202222,2017,2.0,False,False,False,False,False,False,False,False,False,True,True,False,False,False,3,1,1,False,True,False,True,1.0,True,3.781977,False,2020-06-04,2020-06-04,Series A,2020,403.0,False,False,True,True,9.0,95.0,False,False,True,True,False,False,False,False,False,False,False,False,0,0,False,False,False,False,False,False,False,False,False,False,False,False,False,False,False,0,0.0,False,False,False,True,True,False,False,False,False,False,False,True,True,2,0,False,0,0,0.0,0.0,0.1204781533291123,1.319503740092374,1.319503740092374,1.319503740092374,0.0,0.0,0.0,1.319503740092374,1.319503740092374,1.319503740092374,0.0,0.0,0.0,0.0,0.0,0.0,0,0,0,0,1,1,1,2.84,,False,False,True,False,True,True,,,0.0,0.0
797,Klimato,https://www.crunchbase.com/organization/klimato,Sweden,59.3251172,18.0710935,2017,3.0,False,True,False,False,False,False,True,False,False,False,False,False,False,False,2,3,5,True,False,False,False,1.0,True,5.332097,False,2019-12-04,2023-03-17,Seed,2019,244.0,True,False,True,True,16.0,22.0,True,True,True,False,True,False,False,False,False,False,False,False,4,0,True,False,False,True,False,True,False,True,False,True,False,True,False,True,False,4,0.0,True,False,False,True,True,True,True,True,False,False,False,True,False,334,2,True,220,54,0.2454545454545454,0.2195005600357086,0.0,1.2413128775143571,0.0,6.322699123336528,0.0,1.2645398246673056,6.322699123336528,1.1251781417496145,1.1251781417496145,1.1251781417496145,2.37697356286095,0.0,6.322699123336528,60.0,8.0,0.5410692457074955,1,1,1,0,0,0,1,2.84,,False,False,False,False,False,False,,,12.0,18.200000000000017
886,In Singulo Solutions,https://www.crunchbase.com/organization/in-singulo-solutions,Sweden,59.3251172,18.0710935,2017,1.0,False,True,False,False,True,False,False,True,False,False,False,False,False,False,2,3,1,True,True,False,True,1.0,True,1.377009,False,2019-07-15,2023-09-07,Series A,2019,110.0,False,False,True,True,6.0,14.0,False,False,False,False,False,False,False,False,False,False,False,False,0,0,False,False,False,False,False,False,False,False,False,False,False,False,False,False,False,3,1.0,True,True,True,False,False,False,False,False,False,False,False,True,True,334,2,True,220,54,0.2454545454545454,0.2195005600357086,0.0,0.39731307421247714,0.39731307421247714,0.39731307421247714,0.39731307421247714,0.39731307421247714,0.39731307421247714,0.39731307421247714,0.39731307421247714,0.39731307421247714,0.0,0.0,0.0,2.0,0.0,0.0402231640645322,0,0,0,0,0,0,0,2.84,,False,False,True,False,True,True,,,12.0,18.200000000000017
794,OnDosis,https://www.crunchbase.com/organization/ondosis,Sweden,57.6564918,12.0153085,2017,1.0,False,False,False,False,False,False,False,True,False,False,False,False,False,False,3,1,3,False,False,False,False,0.0,False,3.423311,False,2020-09-11,2020-09-11,Venture - Series Unknown,2020,18.333333333333332,True,,True,,18.3,4.0,False,,True,,False,,False,,False,,False,,1,0,True,,False,True,,True,,True,,True,,True,,True,,2,,True,,False,True,,False,False,False,False,False,False,True,True,25,2,True,49,9,0.1836734693877551,0.1686227124357927,0.22163295768702693,0.4581589478884813,0.006330472725082684,0.9698408421129853,0.006330472725082684,0.4581589478884813,0.9698408421129853,0.0,0.0,0.0,0.9120999343058368,0.39795821974065,1.367749284265147,1.0,0.0,0.0,0,0,0,0,0,0,0,2.84,,False,False,True,False,True,True,,,8.0,41.0
848,Learnster,https://www.crunchbase.com/organization/learnster,Sweden,59.3251172,18.0710935,2017,4.0,False,True,False,False,False,True,False,False,False,True,False,False,False,False,3,1,2,True,False,False,False,1.0,True,1.4,False,2020-07-04,2020-07-04,Seed,2020,8.0,True,True,True,False,7.0,0.5,False,False,False,False,False,False,False,False,False,False,False,False,1,1,True,True,False,True,True,True,True,True,True,True,True,True,True,True,True,1,1.0,True,True,False,True,True,True,True,True,False,False,False,True,False,334,2,True,220,54,0.2454545454545454,0.2195005600357086,0.0,3.161349561668264,0.0,6.322699123336528,6.322699123336528,6.322699123336528,6.322699123336528,0.0,0.0,0.0,6.322699123336528,6.322699123336528,6.322699123336528,4.0,4.0,0.2388768829477851,1,0,0,0,0,0,0,2.84,,False,False,False,False,False,False,,,12.0,18.200000000000017
915,Spowdi,https://www.crunchbase.com/organization/spowdi,Sweden,59.3120997,18.2073591,2018,1.0,False,True,True,True,True,False,False,False,False,False,False,True,False,False,2,1,2,False,False,False,False,2.0,True,2.233975,False,2020-09-30,2020-09-30,Seed,2020,273.0,True,True,False,False,11.0,25.0,False,False,True,True,False,False,False,False,False,False,False,False,2,2,True,True,True,True,True,True,True,True,True,True,True,True,True,True,True,2,2.0,True,True,True,True,True,False,False,False,False,False,False,True,True,334,2,True,243,58,0.2386831275720164,0.2140488214083272,0.007865865112895241,0.007865865112895186,0.007865865112895186,0.007865865112895186,0.0,0.0,0.0,0.007865865112895186,0.007865865112895186,0.007865865112895186,0.0,0.0,0.0,46.0,25.0,0.6127455938252455,1,1,1,1,0,1,1,2.07,,False,False,False,False,False,False,,,12.0,18.200000000000017
903,Detecht,https://www.crunchbase.com/organization/detecht,Sweden,57.7072326,11.9670171,2018,3.0,False,False,False,False,True,False,False,False,False,False,False,False,False,False,1,2,3,True,False,False,False,1.0,True,1.547315,False,2019-11-07,2022-03-29,Series A,2019,191.0,True,True,True,False,5.8,19.5,False,False,True,False,False,False,False,False,False,False,False,False,2,1,True,True,False,True,True,True,True,True,True,True,True,True,True,True,True,4,1.0,True,True,True,True,False,False,False,False,False,False,False,True,True,25,2,True,59,11,0.1864406779661017,0.1709577981436395,0.22766469926136576,0.19865653710623857,0.0,0.39731307421247714,0.0,0.26487538280831807,0.39731307421247714,0.0,0.0,0.0,0.26487538280831807,0.0,0.39731307421247714,48.0,5.0,0.4820584019533886,1,1,1,0,0,0,1,2.07,,False,False,True,False,True,True,,,8.0,41.0
888,Atium,https://www.crunchbase.com/organization/atium,Sweden,57.7072326,11.9670171,2018,3.0,False,False,False,False,True,False,False,False,False,False,False,True,False,False,2,4,5,True,False,True,False,2.0,True,1.002396,False,2020-06-09,2024-06-17,Seed,2020,65.375,True,True,True,False,6.6,7.2,True,True,False,False,True,False,False,False,False,False,False,False,6,3,True,True,False,True,True,True,True,True,True,True,True,True,True,True,True,6,3.0,True,True,False,False,False,False,False,False,False,False,False,True,True,25,2,True,59,11,0.1864406779661017,0.1709577981436395,0.22766469926136576,0.30572798456908085,0.0,1.3645976411335816,0.0,0.4891647753105293,1.3645976411335816,0.0,0.0,0.0,0.6069562407642027,0.0,2.319831482081802,42.0,6.0,0.4832738146882128,1,1,1,0,0,0,1,2.07,,False,False,False,False,False,False,,,8.0,41.0
907,Debricked,https://www.crunchbase.com/organization/debricked,Sweden,55.6052931,13.0001566,2018,3.0,False,False,False,False,True,False,False,False,False,True,False,False,False,False,2,1,1,False,True,False,False,0.0,False,2.032371,False,2020-06-05,2020-06-05,Seed,2020,17.0,False,,True,,2.0,1.0,False,,False,,False,,False,,False,,False,,0,0,False,,False,False,,False,,False,,False,,False,,False,,1,,True,,True,True,,False,False,False,False,False,False,True,True,229,1,True,28,5,0.1785714285714285,0.1643030512912762,0.028465307004047598,0.5130700503771131,0.5130700503771131,0.5130700503771131,0.5130700503771131,0.5130700503771131,0.5130700503771131,0.0,0.0,0.0,0.0,0.0,0.0,0.0,0.0,0.0,0,0,0,0,0,0,0,2.07,,True,False,False,True,True,True,2022-03-14,4.0,14.0,34.0
993,Relox Robotics,https://www.crunchbase.com/organization/relox-robotics,Sweden,59.3251172,18.0710935,2018,4.0,False,True,False,False,True,False,False,False,False,True,False,False,False,False,0,1,3,True,False,True,False,1.0,True,0.022616,True,2018-05-01,2018-05-01,Venture - Series Unknown,2018,119.33333333333331,True,True,False,False,20.0,9.3,False,False,False,False,True,False,False,False,False,False,False,False,3,1,True,True,True,True,True,True,True,True,True,True,True,True,True,True,True,3,1.0,True,True,True,True,True,False,False,False,False,False,False,True,True,334,2,True,250,60,0.24,0.2151113796169455,0.0,0.0,0.0,0.0,0.0,0.0,0.0,0.0,0.0,0.0,0.0,0.0,0.0,13.0,6.0,0.3719544126344654,1,0,0,0,0,0,0,2.07,,False,False,True,False,True,True,,,12.0,18.200000000000017
1011,settr.,https://www.crunchbase.com/organization/settr,Sweden,59.3251172,18.0710935,2018,4.0,False,True,False,False,False,True,False,False,False,True,True,False,False,False,1,1,1,False,True,True,False,0.0,False,0.0,True,2019-12-08,2019-12-08,Pre-Seed,2019,543.0,True,,False,,10.0,50.0,False,,True,,False,,False,,False,,False,,1,0,True,,True,True,,True,,True,,True,,True,,True,,1,,True,,True,True,,False,False,False,False,False,False,True,True,334,2,True,250,60,0.24,0.2151113796169455,0.0,0.0,0.0,0.0,0.0,0.0,0.0,0.0,0.0,0.0,0.0,0.0,0.0,37.0,18.0,0.562819959372516,1,1,1,1,0,1,1,2.07,,False,False,False,False,False,False,,,12.0,18.200000000000017
1019,Gastrofy,https://www.crunchbase.com/organization/gastrofy,Sweden,59.3251172,18.0710935,2018,3.0,False,True,False,False,False,True,False,False,False,False,False,False,False,False,2,1,1,False,True,False,False,0.0,False,0.99651,False,2020-04-01,2020-04-01,Seed,2020,110.0,False,,True,,5.0,14.0,False,,False,,False,,False,,False,,False,,0,0,False,,False,False,,False,,False,,False,,False,,False,,1,,True,,True,False,,False,False,False,False,False,False,True,True,334,2,True,250,60,0.24,0.2151113796169455,0.0,0.39731307421247714,0.39731307421247714,0.39731307421247714,0.39731307421247714,0.39731307421247714,0.39731307421247714,0.0,0.0,0.0,0.0,0.0,0.0,2.0,4.0,0.1882016892943149,1,0,0,0,0,0,0,2.07,,False,False,False,False,False,False,,,12.0,18.200000000000017
954,AlgoDx,https://www.crunchbase.com/organization/algodx,Sweden,59.3251172,18.0710935,2018,3.0,False,True,False,False,False,False,False,True,False,False,False,False,False,False,2,1,3,False,False,False,False,0.0,False,0.653176,False,2020-02-26,2020-02-26,Seed,2020,2.0,True,,False,,5.0,0.0,False,,False,,False,,False,,False,,False,,3,0,True,,True,True,,True,,True,,True,,True,,True,,3,,True,,True,True,,False,False,False,False,False,False,True,True,334,2,True,250,60,0.24,0.2151113796169455,0.0,0.0,0.0,0.0,0.0,0.0,0.0,0.0,0.0,0.0,0.0,0.0,0.0,0.0,0.0,0.0,0,0,0,0,0,0,0,2.07,,False,False,False,False,False,False,,,12.0,18.200000000000017
955,Bintel,https://www.crunchbase.com/organization/bintel,Sweden,56.0442098,12.703706,2018,1.0,False,False,False,False,True,False,False,False,False,False,False,True,False,False,0,2,6,False,False,False,False,0.0,False,1.23,False,2018-10-18,2019-04-15,Venture - Series Unknown,2018,164.57142857142858,True,,True,,12.0,16.4,False,,True,,False,,False,,False,,False,,2,0,True,,False,True,,True,,True,,True,,True,,True,,6,,True,,True,True,,False,False,False,False,False,False,True,True,216,0,False,4,0,0.0,0.0,0.040615653964174686,0.2502927755407377,0.0,0.48435271021783344,0.0,0.2502927755407377,0.48435271021783344,0.0,0.0,0.0,0.2995969374724953,0.0,0.49681358519952573,9.0,0.0,0.1596603108602024,0,0,0,0,1,0,1,2.07,,False,False,True,False,True,True,,,1.2000000000000002,7.4
928,Peafowl Plasmonics,https://www.crunchbase.com/organization/peafowl-solar-power,Sweden,59.8586126,17.6387436,2018,2.0,False,False,True,False,False,False,False,False,False,False,False,True,False,False,1,2,3,False,False,False,False,3.0,True,4.582884,False,2019-05-22,2022-04-27,Seed,2019,228.33333333333337,True,True,False,False,18.0,28.0,True,True,True,True,False,False,False,False,False,False,False,False,0,0,False,False,False,True,True,True,True,False,False,False,False,False,False,False,False,3,3.0,True,True,True,True,True,False,False,False,False,False,False,True,True,5,0,False,11,0,0.0,0.0,0.06411843760759518,0.06411843760759518,0.06411843760759518,0.06411843760759518,0.0,0.0,0.0,0.06411843760759518,0.06411843760759518,0.06411843760759518,0.0,0.0,0.0,3.0,0.0,0.0687619531421999,0,0,0,0,1,1,1,2.07,,False,False,False,False,False,False,,,0.0,1.0
774,Stockrepublic,https://www.crunchbase.com/organization/stockrepublic,Sweden,59.3251172,18.0710935,2018,2.0,False,True,False,False,False,True,False,False,True,True,False,False,False,False,2,2,5,False,False,True,False,0.0,False,2.947878,False,2020-07-15,2021-07-01,Seed,2020,190.83333333333337,True,,True,,10.3,18.0,False,,True,,False,,False,,False,,True,,4,0,True,,False,True,,True,,True,,True,,True,,True,,4,,True,,False,True,,False,False,False,False,True,False,True,True,334,2,True,250,60,0.24,0.2151113796169455,0.0,0.28453448296135964,0.0,1.186346772071575,0.0,0.28453448296135964,1.186346772071575,0.0,0.0,0.0,0.5000806794502003,0.0,1.186346772071575,52.0,28.0,0.6347044579012477,1,1,1,1,1,1,1,2.07,,False,False,False,False,False,False,,,12.0,18.200000000000017
649,Heart Aerospace,https://www.crunchbase.com/organization/heart-aerospace,Sweden,57.7072326,11.9670171,2018,2.0,False,False,False,False,True,False,False,False,False,False,False,False,False,False,1,1,5,True,False,False,False,2.0,True,2.105928,False,2019-05-31,2019-05-31,Series B,2019,56.2,False,False,True,True,2.0,7.4,True,False,True,True,False,False,False,False,False,False,False,False,0,0,False,False,False,False,False,False,False,False,False,False,False,False,False,False,False,2,2.0,True,True,False,True,True,True,True,True,False,False,False,True,False,25,2,True,59,10,0.1694915254237288,0.1565690606915399,0.22766469926136576,5.305737086013616,0.39731307421247714,8.578019760547708,8.578019760547708,8.578019760547708,8.578019760547708,0.39731307421247714,0.39731307421247714,0.39731307421247714,5.173043039172594,0.0,8.62173839862099,0.0,0.0,0.0,0,0,0,0,0,0,0,2.07,,False,True,True,True,True,True,,,8.0,41.0
1052,Nordluft Automation,https://www.crunchbase.com/organization/nordluft-automation,Sweden,59.3251172,18.0710935,2018,1.0,False,True,False,False,True,True,True,False,False,True,False,False,False,False,2,1,1,False,True,False,False,0.0,False,0.168791,True,2020-06-01,2020-06-01,Seed,2020,153.0,False,,True,,10.0,7.0,True,,False,,True,,False,,False,,False,,0,0,False,,False,False,,False,,False,,False,,False,,False,,0,,False,,False,False,,False,False,False,False,False,False,True,True,334,2,True,250,60,0.24,0.2151113796169455,0.0,1.1801038489997409,1.1801038489997409,1.1801038489997409,1.1801038489997409,1.1801038489997409,1.1801038489997409,0.0,0.0,0.0,0.0,0.0,0.0,4.0,4.0,0.2388768829477851,1,0,0,0,0,0,0,2.07,,False,False,False,False,False,False,,,12.0,18.200000000000017
655,Embedl AB,https://www.crunchbase.com/organization/embedl,Sweden,57.7072326,11.9670171,2018,2.0,False,False,False,False,True,False,False,False,False,True,False,False,False,False,2,4,8,True,False,False,False,4.0,True,11.651311,False,2020-03-11,2025-06-18,Seed,2020,198.46666666666667,True,False,True,True,14.3,17.6,True,True,True,True,True,False,False,False,False,False,False,False,5,0,True,False,False,True,False,True,False,True,False,True,False,True,False,True,False,12,4.0,True,True,False,True,True,False,False,False,False,False,False,True,True,25,2,True,59,11,0.1864406779661017,0.1709577981436395,0.22766469926136576,0.420972722064205,0.0,1.0812262354190647,0.0,0.40881413636293346,1.0812262354190647,0.39731307421247714,0.45440883274270155,0.625696108333375,0.5644998692706373,0.0,1.989068613724117,50.0,8.0,0.5233072083705721,1,1,1,0,1,1,1,2.07,,False,False,False,False,False,False,,,8.0,41.0
656,VOI Technology,https://www.crunchbase.com/organization/voi-technology,Sweden,59.3251172,18.0710935,2018,5.0,False,True,False,False,True,True,False,False,False,True,False,False,False,False,0,1,1,False,True,False,True,1.0,True,2.9,False,2018-08-13,2018-08-13,Venture - Series Unknown,2018,60.0,True,True,False,False,11.0,13.0,False,False,False,False,False,False,False,False,False,False,False,False,1,1,True,True,True,True,True,True,True,True,True,True,True,True,True,True,True,1,1.0,True,True,True,True,True,False,False,False,False,False,False,True,True,334,2,True,250,59,0.236,0.211880359035499,0.0,0.0,0.0,0.0,0.0,0.0,0.0,0.0,0.0,0.0,0.0,0.0,0.0,0.0,0.0,0.0,0,0,0,0,0,0,0,2.07,,False,True,True,True,True,True,,,12.0,18.200000000000017
1361,Hardskills,https://www.crunchbase.com/organization/hardskills-a1a2,Sweden,57.7072326,11.9670171,2018,1.0,False,False,False,False,True,False,False,False,False,True,False,False,False,False,2,1,1,False,True,True,True,1.0,True,0.0,True,2020-10-04,2020-10-04,Pre-Seed,2020,1.0,True,True,False,False,2.0,0.0,False,False,False,False,True,True,False,False,False,False,False,False,1,1,True,True,True,True,True,True,True,True,True,True,True,True,True,True,True,1,1.0,True,True,True,False,False,False,False,False,False,False,False,True,True,25,2,True,59,11,0.1864406779661017,0.1709577981436395,0.22766469926136576,0.0,0.0,0.0,0.0,0.0,0.0,0.0,0.0,0.0,0.0,0.0,0.0,0.0,0.0,0.0,0,0,0,0,0,0,0,2.07,,False,False,False,False,False,False,,,8.0,41.0
672,Blixt,https://www.crunchbase.com/organization/blixt-e9a7,Sweden,59.3251172,18.0710935,2018,4.0,False,True,False,False,True,False,False,False,False,True,False,False,False,False,0,2,4,True,False,False,False,3.0,True,7.743863,False,2018-10-25,2024-03-20,Venture - Series Unknown,2018,86.25,False,False,True,True,7.0,16.5,True,True,True,True,False,False,False,False,False,False,True,True,0,0,False,False,False,False,False,False,False,False,False,False,False,False,False,False,False,0,0.0,False,False,False,True,True,True,True,True,False,True,False,True,False,334,2,True,250,60,0.24,0.2151113796169455,0.0,2.3974780787693715,0.5208601256965827,6.320286413226573,0.5208601256965827,0.5208601256965827,0.5208601256965827,1.3138823697224713,3.0230173964603018,6.320286413226573,3.49409906872289,0.842223536918075,6.48811614666237,1.0,0.0,0.0,0,0,0,0,0,0,0,2.07,,False,False,True,False,True,True,,,12.0,18.200000000000017
680,Alex Therapeutics,https://www.crunchbase.com/organization/alex-therapeutics,Sweden,59.3251172,18.0710935,2018,2.0,False,True,False,False,True,False,False,True,False,True,False,False,False,False,0,2,1,False,True,True,True,1.0,True,0.628422,False,2018-06-10,2019-01-16,Venture - Series Unknown,2018,3.0,True,True,False,False,1.5,0.0,False,False,False,False,False,False,False,False,False,False,False,False,2,2,True,True,True,True,True,True,True,True,True,True,True,True,True,True,True,2,2.0,True,True,True,True,True,False,False,False,False,False,False,True,True,334,2,True,250,60,0.24,0.2151113796169455,0.0,0.0,0.0,0.0,0.0,0.0,0.0,0.0,0.0,0.0,0.0,0.0,0.0,0.0,0.0,0.0,0,0,0,0,0,0,0,2.07,,False,False,True,False,True,True,,,12.0,18.200000000000017
1201,Guinea Pig Health AB,https://www.crunchbase.com/organization/guinea-pig-health-ab,Sweden,57.7072326,11.9670171,2018,2.0,False,False,False,False,False,False,False,True,False,False,False,False,False,False,2,1,1,False,True,True,True,1.0,True,0.019622,True,2020-04-04,2020-04-04,Pre-Seed,2020,110.0,True,True,False,False,5.0,14.0,False,False,False,False,False,False,False,False,False,False,False,False,1,1,True,True,True,True,True,True,True,True,True,True,True,True,True,True,True,1,1.0,True,True,True,False,False,False,False,False,False,False,False,True,True,25,2,True,59,11,0.1864406779661017,0.1709577981436395,0.22766469926136576,0.0,0.0,0.0,0.0,0.0,0.0,0.0,0.0,0.0,0.0,0.0,0.0,41.0,6.0,0.4809395298411976,1,1,1,0,0,0,1,2.07,,False,False,False,False,False,False,,,8.0,41.0
757,Coherence,https://www.crunchbase.com/organization/coherence,Sweden,55.6052931,13.0001566,2018,2.0,False,False,False,False,False,False,False,False,False,True,True,False,False,False,1,2,5,True,False,True,False,1.0,True,2.5,False,2019-10-15,2019-11-22,Venture - Series Unknown,2019,50.6,False,False,True,True,2.3,6.4,True,False,True,True,False,False,False,False,False,False,False,False,0,0,False,False,False,False,False,False,False,False,False,False,False,False,False,False,False,0,0.0,False,False,False,True,True,False,False,False,False,False,False,True,True,229,1,True,28,6,0.2142857142857142,0.1941560144409574,0.028465307004047598,0.974753195749006,0.8674351303974334,1.0679457054762946,0.8674351303974334,0.973576066113649,1.0679457054762946,0.9794617142904339,0.9794617142904339,0.9794617142904339,1.094220138299898,0.0,1.823299526556456,4.0,10.0,0.3113709856974924,1,0,0,0,1,0,0,2.07,,False,False,True,False,True,True,,,14.0,34.0
682,Airmee,https://www.crunchbase.com/organization/airmee,Sweden,59.3251172,18.0710935,2018,2.0,False,True,False,False,True,False,False,False,False,True,False,False,False,False,1,2,3,True,False,False,False,2.0,True,9.523725,False,2019-01-22,2020-06-24,Series B,2019,25.0,True,True,False,False,4.5,2.7,False,False,False,False,False,False,False,False,False,False,False,False,3,2,True,True,True,True,True,True,True,True,True,True,True,True,True,True,True,3,2.0,True,True,True,True,True,False,False,False,False,False,False,True,True,334,2,True,250,59,0.236,0.211880359035499,0.0,0.0,0.0,0.0,0.0,0.0,0.0,0.0,0.0,0.0,0.0,0.0,0.0,10.0,14.0,0.4181049049197158,1,0,0,1,0,1,0,2.07,,False,True,True,True,True,True,,,12.0,18.200000000000017
738,Mindler,https://www.crunchbase.com/organization/mindler,Sweden,59.3251172,18.0710935,2018,1.0,False,True,False,False,False,False,False,True,False,False,False,False,False,True,0,2,3,False,False,False,False,0.0,False,4.395574,False,2018-12-28,2019-06-18,Venture - Series Unknown,2018,19.666666666666668,True,,False,,2.7,1.3,False,,True,,False,,False,,True,,False,,3,0,True,,True,True,,True,,True,,True,,True,,True,,3,,True,,True,True,,False,False,False,False,False,False,True,True,334,2,True,250,59,0.236,0.211880359035499,0.0,0.0,0.0,0.0,0.0,0.0,0.0,0.0,0.0,0.0,0.0,0.0,0.0,3.0,5.0,0.2335038930296898,1,0,0,0,0,0,0,2.07,,False,True,True,True,True,True,,,12.0,18.200000000000017
729,Mendi,https://www.crunchbase.com/organization/mendi,Sweden,59.3251172,18.0710935,2018,2.0,False,True,False,False,True,True,False,True,False,True,False,False,False,False,1,1,1,False,True,True,False,0.0,False,0.0,True,2019-10-01,2019-10-01,Equity Crowdfunding,2019,13.0,False,,True,,0.0,1.0,False,,False,,True,,False,,False,,False,,0,0,False,,False,False,,False,,False,,False,,False,,False,,0,,False,,False,False,,False,False,False,False,False,False,True,True,334,2,True,250,60,0.24,0.2151113796169455,0.0,3.0264346381660263,3.0264346381660263,3.0264346381660263,3.0264346381660263,3.0264346381660263,3.0264346381660263,0.0,0.0,0.0,0.0,0.0,0.0,0.0,0.0,0.0,0,0,0,0,0,0,0,2.07,,False,False,False,False,False,False,,,12.0,18.200000000000017
689,Kive,https://www.crunchbase.com/organization/kive,Sweden,59.3251172,18.0710935,2018,1.0,False,True,False,False,True,False,False,False,False,True,True,False,False,True,2,2,5,True,False,False,False,3.0,True,8.823181,False,2020-12-15,2022-10-10,Seed,2020,100.0,True,True,True,True,12.2,21.9,False,False,True,True,False,False,False,False,False,False,False,False,4,2,True,True,False,True,True,True,True,True,True,True,True,True,True,True,True,4,2.0,True,True,False,True,True,False,False,False,False,False,False,True,True,334,2,True,250,60,0.24,0.2151113796169455,0.0,0.5120115405132194,0.0,1.6283372514640941,0.0,0.7658051644739883,1.6283372514640941,0.0,0.1736200418988609,0.5208601256965827,0.8093210159980501,0.0,1.6283372514640941,11.0,8.0,0.3797691862944328,1,0,0,0,0,0,0,2.07,,False,False,False,False,False,False,,,12.0,18.200000000000017
690,ClimateView,https://www.crunchbase.com/organization/climateview,Sweden,59.3251172,18.0710935,2018,3.0,False,True,False,False,False,False,False,False,False,True,False,True,False,False,1,2,8,True,False,True,False,2.0,True,4.697128,False,2019-01-01,2020-04-09,Series A,2019,227.375,True,True,True,False,8.3,33.4,True,False,True,True,False,False,False,False,True,True,False,False,3,2,True,True,False,True,True,True,True,True,True,True,True,True,True,True,True,4,2.0,True,True,False,True,True,True,True,True,False,False,False,True,False,334,2,True,250,59,0.236,0.211880359035499,0.0,3.7569589959824228,0.0,8.648972677387835,0.0,5.009278661309897,8.648972677387835,0.0,0.0,0.0,4.887561500985949,0.0,8.830529952893013,47.0,33.0,0.6394994702146828,1,1,1,1,1,1,1,2.07,,False,True,True,True,True,True,,,12.0,18.200000000000017
790,Grace Health,https://www.crunchbase.com/organization/grace-health,Sweden,59.3251172,18.0710935,2018,2.0,False,True,False,False,False,True,False,True,False,True,False,False,False,False,1,2,8,True,False,False,False,2.0,True,2.4,False,2019-02-08,2019-06-01,Seed,2019,87.25,True,True,True,True,8.7,9.4,False,False,True,False,True,True,False,False,True,True,False,False,7,1,True,True,False,True,True,True,True,True,True,True,True,True,True,True,True,8,2.0,True,True,True,True,True,False,False,False,False,False,False,True,True,334,2,True,250,59,0.236,0.211880359035499,0.0,0.064072063219509,0.0,0.512576505756072,0.0,0.0,0.0,0.0,0.256288252878036,0.512576505756072,0.128144126439018,0.0,0.512576505756072,42.0,12.0,0.5401908963672588,1,1,1,1,0,1,1,2.07,,True,False,False,True,True,True,2023-11-01,5.0,12.0,18.200000000000017
787,Heja,https://www.crunchbase.com/organization/heja,Sweden,59.3251172,18.0710935,2018,2.0,False,True,False,False,False,True,False,False,False,True,False,False,False,False,0,2,8,True,False,False,False,2.0,True,6.801874,False,2018-06-28,2021-06-07,Seed,2018,35.0,True,True,True,True,12.7,6.3,True,False,True,True,False,False,False,False,True,True,True,False,6,1,True,True,False,True,True,True,True,True,True,True,True,True,True,True,True,7,1.0,True,True,False,True,True,True,True,True,False,False,False,True,False,334,2,True,250,60,0.24,0.2151113796169455,0.0,2.0510078170712998,0.0,8.62173839862099,0.0,2.381767538448298,8.62173839862099,0.0,0.5625890708748073,1.1251781417496145,3.385021612764285,0.0,8.772086474740108,23.0,29.0,0.5592294886084046,1,1,0,1,0,1,1,2.07,,False,False,False,False,False,False,,,12.0,18.200000000000017
1269,Panion,https://www.crunchbase.com/organization/panion,Sweden,55.6052931,13.0001566,2018,1.0,False,False,False,False,True,True,False,False,False,True,False,False,False,True,2,1,4,True,False,True,False,1.0,True,0.0,True,2020-11-15,2020-11-15,Pre-Seed,2020,12.75,True,False,True,True,4.0,1.0,False,False,False,False,False,False,False,False,True,True,False,False,0,0,False,False,False,True,False,True,False,True,False,True,False,True,False,False,False,1,1.0,True,True,False,True,True,False,False,False,False,False,False,True,True,229,1,True,28,6,0.2142857142857142,0.1941560144409574,0.028465307004047598,0.6249913103352468,0.02846530700404741,0.9794617142904339,0.02846530700404741,0.6624629118616384,0.9794617142904339,0.512576505756072,0.512576505756072,0.512576505756072,0.8845030290518822,0.0,1.4348834064318592,5.0,2.0,0.2099961751794825,1,0,0,0,0,0,0,2.07,,False,False,False,False,False,False,,,14.0,34.0
863,Econans,https://www.crunchbase.com/organization/econans,Sweden,57.7072326,11.9670171,2018,2.0,False,False,False,False,False,False,False,False,True,True,False,False,False,False,1,2,6,True,False,True,False,1.0,True,3.000522,False,2019-02-19,2021-07-12,Venture - Series Unknown,2019,91.83333333333331,True,False,True,True,7.2,8.3,False,False,True,True,False,False,False,False,False,False,False,False,1,0,True,False,False,True,False,True,False,True,False,True,False,True,False,True,False,6,1.0,True,True,True,True,True,False,False,False,False,False,False,True,True,25,2,True,59,11,0.1864406779661017,0.1709577981436395,0.22766469926136576,0.3310942285103976,0.0,0.39731307421247714,0.0,0.3178504593699817,0.39731307421247714,0.39731307421247714,0.39731307421247714,0.39731307421247714,0.13243769140415904,0.0,0.39731307421247714,13.0,3.0,0.3205009714335284,1,0,0,0,0,0,0,2.07,,False,False,True,False,True,True,,,8.0,41.0
876,Viking Analytics AB,https://www.crunchbase.com/organization/viking-analytics-ab,Sweden,57.7072326,11.9670171,2018,4.0,False,False,False,False,False,False,False,False,False,True,False,False,False,False,1,1,1,False,True,True,False,0.0,False,0.0,True,2019-09-25,2019-09-25,Series A,2019,51.0,False,,True,,1.0,8.0,False,,False,,False,,False,,False,,False,,0,0,False,,False,False,,False,,False,,False,,False,,False,,0,,False,,False,True,,False,False,False,False,False,False,True,True,25,2,True,59,11,0.1864406779661017,0.1709577981436395,0.22766469926136576,1.0397158862664138,1.0397158862664138,1.0397158862664138,1.0397158862664138,1.0397158862664138,1.0397158862664138,0.0,0.0,0.0,0.0,0.0,0.0,0.0,0.0,0.0,0,0,0,0,0,0,0,2.07,,False,False,True,False,True,True,,,8.0,41.0
882,Acuminor,https://www.crunchbase.com/organization/acuminor,Sweden,59.3251172,18.0710935,2018,2.0,False,True,False,False,False,False,False,False,True,False,False,False,False,False,1,2,3,True,False,False,False,1.0,True,3.174424,False,2019-01-09,2022-02-21,Seed,2019,16.333333333333332,True,True,False,False,7.3,1.3,False,False,False,False,False,False,False,False,False,False,False,False,3,1,True,True,True,True,True,True,True,True,True,True,True,True,True,True,True,3,1.0,True,True,True,True,True,False,False,False,False,False,False,True,True,334,2,True,250,60,0.24,0.2151113796169455,0.0,0.0003665719629669295,0.0,0.0010997158889007883,0.0,0.0,0.0,0.0010997158889007883,0.0010997158889007883,0.0010997158889007883,0.000733143925933859,0.0,0.0010997158889007883,10.0,2.0,0.2701263796899331,1,0,0,0,0,0,0,2.07,,False,False,False,False,False,False,,,12.0,18.200000000000017
846,Amferia,https://www.crunchbase.com/organization/amferia,Sweden,57.6564918,12.0153085,2018,3.0,False,False,False,False,True,False,False,True,False,False,False,False,False,False,2,2,4,False,False,False,False,0.0,False,2.146694,False,2020-01-22,2023-01-27,Venture - Series Unknown,2020,219.33333333333337,True,,True,,9.5,21.3,False,,True,,False,,False,,False,,False,,3,0,True,,False,True,,True,,True,,True,,True,,True,,5,,True,,True,True,,False,False,False,False,False,False,True,True,25,2,True,60,11,0.1833333333333333,0.1683353148192147,0.22163295768702693,0.1628541123874896,0.006330472725082684,0.39763957188109994,0.006330472725082684,0.1628541123874896,0.39763957188109994,0.0,0.0,0.0,0.2383878445274863,0.0,0.39731307421247714,50.0,12.0,0.5571173791345336,1,1,1,1,1,1,1,2.07,,False,False,True,False,True,True,,,8.0,41.0
821,Petbuddy Group,https://www.crunchbase.com/organization/petbuddy-ab,Sweden,59.3251172,18.0710935,2018,3.0,False,True,False,False,False,True,True,True,False,False,False,False,False,True,1,2,4,True,False,False,False,1.0,True,1.988127,False,2019-07-09,2020-07-06,Seed,2019,19.6,True,True,True,False,2.0,0.8,False,False,True,True,False,False,False,False,True,True,False,False,3,2,True,True,False,True,True,True,True,True,True,True,True,True,True,True,True,3,2.0,True,True,False,True,True,False,False,False,False,False,False,True,True,334,2,True,250,60,0.24,0.2151113796169455,0.0,0.7374174572830192,0.0,2.949669829132077,0.0,1.4748349145660384,2.949669829132077,0.0,0.0,0.0,1.4748349145660384,0.0,2.949669829132077,11.0,27.0,0.4841240392088273,1,1,0,1,0,1,0,2.07,,False,False,False,False,False,False,,,12.0,18.200000000000017
817,ZealiD,https://www.crunchbase.com/organization/zealid-ab,Sweden,59.3251172,18.0710935,2018,1.0,False,True,False,False,False,False,False,False,False,True,False,False,False,False,1,3,3,True,False,True,False,1.0,True,5.480199,False,2019-01-28,2020-10-28,Seed,2019,160.25,True,True,False,False,3.5,13.5,False,False,True,False,False,False,False,False,False,False,False,False,4,2,True,True,True,True,True,True,True,True,True,True,True,True,True,True,True,4,2.0,True,True,True,True,True,False,False,False,False,False,False,True,True,334,2,True,250,60,0.24,0.2151113796169455,0.0,0.0,0.0,0.0,0.0,0.0,0.0,0.0,0.0,0.0,0.0,0.0,0.0,45.0,29.0,0.6237694203755032,1,1,1,1,1,1,1,2.07,,False,False,False,False,False,False,,,12.0,18.200000000000017
813,Volta Greentech,https://www.crunchbase.com/organization/volta-greentech,Sweden,59.3251172,18.0710935,2018,4.0,False,True,False,False,False,False,True,False,False,False,False,True,False,False,2,1,8,False,False,False,False,0.0,False,0.511194,False,2020-05-12,2020-05-12,Angel,2020,9.0,True,,True,,4.0,1.0,False,,False,,False,,False,,False,,False,,4,0,True,,False,True,,True,,True,,True,,True,,True,,5,,True,,False,True,,True,True,True,False,False,False,True,False,334,2,True,250,60,0.24,0.2151113796169455,0.0,1.365404531464052,0.0,8.649238460265922,0.0,1.365404531464052,8.649238460265922,0.0,0.0,0.0,2.699094285998586,0.0,8.830657419318195,7.0,27.0,0.443900875144295,1,0,0,1,0,1,0,2.07,,False,False,False,False,False,False,,,12.0,18.200000000000017
1100,Corite,https://www.crunchbase.com/organization/corite,Sweden,59.3251172,18.0710935,2018,3.0,False,True,False,False,False,False,False,False,False,True,True,False,False,False,2,1,5,True,False,False,False,1.0,True,0.682021,False,2020-06-10,2020-06-10,Initial Coin Offering,2020,110.2,True,True,True,False,42.5,10.0,False,False,True,False,False,False,False,False,False,False,False,False,2,1,True,True,False,True,True,True,True,True,True,True,True,True,True,True,True,2,1.0,True,True,False,True,True,False,False,False,False,True,False,True,True,334,2,True,250,60,0.24,0.2151113796169455,0.0,0.5531937535109148,0.0,1.6595812605327445,0.0,0.8297906302663722,1.6595812605327445,0.0,0.0,0.0,1.1063875070218296,0.0,1.6595812605327445,46.0,24.0,0.6091394756606092,1,1,1,1,0,1,1,2.07,,False,False,False,False,False,False,,,12.0,18.200000000000017
832,CloudBackend,https://www.crunchbase.com/organization/cloudbackend,Sweden,58.4098135,15.6245252,2018,2.0,False,False,False,False,False,False,False,False,False,True,False,False,False,False,1,1,1,False,True,True,True,1.0,True,1.888741,False,2019-09-19,2019-09-19,Pre-Seed,2019,543.0,False,False,True,True,10.0,50.0,False,False,True,True,False,False,False,False,False,False,False,False,0,0,False,False,False,False,False,False,False,False,False,False,False,False,False,False,False,1,1.0,True,True,True,True,True,False,False,False,False,False,False,True,True,3,0,False,10,0,0.0,0.0,0.17359662096054518,0.1735966209605446,0.1735966209605446,0.1735966209605446,0.0,0.0,0.0,0.1735966209605446,0.1735966209605446,0.1735966209605446,0.0,0.0,0.0,6.0,2.0,0.2252883124345997,1,0,0,0,1,1,1,2.07,,False,False,False,False,False,False,,,2.0,6.0
1133,Heap Carsharing,https://www.crunchbase.com/organization/ciao-ciao-carsharing,Sweden,57.7072326,11.9670171,2018,2.0,False,False,False,False,True,False,False,False,False,False,False,False,False,True,1,2,1,False,True,True,False,0.0,False,0.271564,True,2019-06-28,2021-01-30,Pre-Seed,2019,110.0,True,,False,,5.0,14.0,False,,False,,False,,False,,False,,False,,2,0,True,,True,True,,True,,True,,True,,True,,True,,2,,True,,True,False,,False,False,False,False,False,False,True,True,25,2,True,59,11,0.1864406779661017,0.1709577981436395,0.22766469926136576,0.0,0.0,0.0,0.0,0.0,0.0,0.0,0.0,0.0,0.0,0.0,0.0,41.0,5.0,0.4667662646982714,1,0,1,0,0,0,1,2.07,,False,False,False,False,False,False,,,8.0,41.0
1135,Viddget,https://www.crunchbase.com/organization/viddget,Sweden,59.3251172,18.0710935,2018,2.0,False,True,False,False,False,True,False,False,False,True,False,False,False,False,0,1,2,False,False,False,False,2.0,True,0.818919,False,2018-06-11,2018-06-11,Seed,2018,32.0,True,True,False,False,5.0,4.5,False,False,False,False,True,True,False,False,False,False,False,False,2,2,True,True,True,True,True,True,True,True,True,True,True,True,True,True,True,2,2.0,True,True,True,True,True,False,False,False,False,False,False,True,True,334,2,True,250,59,0.236,0.211880359035499,0.0,0.0,0.0,0.0,0.0,0.0,0.0,0.0,0.0,0.0,0.0,0.0,0.0,6.0,0.0,0.1242772544618494,0,0,0,0,0,0,0,2.07,,True,False,False,True,True,True,2019-07-04,1.0,12.0,18.200000000000017
829,My Telescope,https://www.crunchbase.com/organization/graviz-telescope,Sweden,59.3251172,18.0710935,2018,3.0,False,True,False,False,True,False,False,False,False,True,False,False,False,False,2,2,3,True,False,True,False,1.0,True,2.790365,False,2020-06-05,2022-03-30,Pre-Seed,2020,23.333333333333332,True,False,True,True,5.3,1.7,False,False,True,True,False,False,False,False,True,False,False,False,1,0,True,False,False,True,False,True,False,True,False,True,False,True,False,True,False,1,0.0,True,False,False,True,False,False,False,False,False,False,False,True,True,334,2,True,250,60,0.24,0.2151113796169455,0.0,0.282778915409357,0.0,0.4702973025345072,0.0,0.1890197218467819,0.3780394436935638,0.4702973025345072,0.4702973025345072,0.4702973025345072,0.33946821388441534,0.1700678954251751,0.4702973025345072,0.0,0.0,0.0,0,0,0,0,0,0,0,2.07,,False,False,False,False,False,False,,,12.0,18.200000000000017
804,Donna,https://www.crunchbase.com/organization/donna,Sweden,55.6052931,13.0001566,2018,1.0,False,False,False,False,True,False,False,False,False,True,False,False,False,False,1,1,1,False,True,False,True,1.0,True,2.5,False,2019-10-09,2019-10-09,Seed,2019,171.0,False,False,True,True,10.0,42.0,False,False,False,False,False,False,False,False,False,False,False,False,0,0,False,False,False,False,False,False,False,False,False,False,False,False,False,False,False,0,0.0,False,False,False,True,True,False,False,False,False,True,True,True,True,229,1,True,28,6,0.2142857142857142,0.1941560144409574,0.028465307004047598,0.3450638668858732,0.3450638668858732,0.3450638668858732,0.0,0.0,0.0,0.3450638668858732,0.3450638668858732,0.3450638668858732,0.0,0.0,0.0,0.0,0.0,0.0,0,0,0,0,0,0,0,2.07,,False,False,False,False,False,False,,,14.0,34.0
1167,Alpha Therapy Solution,https://www.crunchbase.com/organization/alpha-therapy-solution-ab,Sweden,57.7072326,11.9670171,2019,2.0,False,False,False,False,False,False,False,False,False,False,False,False,False,False,0,2,1,True,True,True,True,1.0,True,0.818646,False,2019-11-26,2020-11-11,Seed,2019,110.0,True,True,False,False,4.5,14.0,False,False,False,False,False,False,False,False,False,False,False,False,2,1,True,True,True,True,True,True,True,True,True,True,True,True,True,True,True,2,1.0,True,True,True,False,False,False,False,False,False,False,False,True,True,25,2,True,68,13,0.1911764705882352,0.1749414494963319,0.22766469926136576,0.0,0.0,0.0,0.0,0.0,0.0,0.0,0.0,0.0,0.0,0.0,0.0,41.0,8.0,0.5040464407562821,1,1,1,0,1,1,1,1.81,,False,False,False,False,False,False,,,8.0,41.0
693,Treyd,https://www.crunchbase.com/organization/treyd,Sweden,59.3251172,18.0710935,2019,2.0,False,True,False,False,False,False,False,False,True,False,False,False,False,False,0,3,4,True,False,True,False,2.0,True,2.3,False,2019-10-26,2021-08-21,Series A,2019,91.66666666666669,True,True,True,True,2.6,12.2,False,False,True,True,False,False,False,False,False,False,False,False,2,1,True,True,False,True,True,True,True,True,True,True,True,True,True,True,True,2,1.0,True,True,False,True,True,True,True,True,False,False,False,True,False,334,2,True,291,61,0.2096219931271477,0.1903079084266045,0.0,6.085964949132561,0.0,9.6448464348296,0.0,6.717735814991442,9.6448464348296,0.0,4.8224232174148,9.6448464348296,7.465720442728111,0.0,12.984742417110313,38.0,41.0,0.6383297714867915,1,1,1,1,1,1,1,1.81,,False,False,True,False,True,True,,,12.0,18.200000000000017
914,Starmony,https://www.crunchbase.com/organization/starmony,Sweden,59.3251172,18.0710935,2019,3.0,False,True,False,False,False,False,False,False,False,False,True,False,False,False,1,2,7,False,False,False,False,0.0,False,4.264114,False,2020-06-05,2021-07-20,Seed,2020,137.0,True,,True,,7.0,14.7,True,,True,,False,,False,,True,,True,,8,0,True,,False,True,,True,,True,,True,,True,,True,,8,,True,,False,True,,True,True,True,False,False,False,True,False,334,2,True,291,61,0.2096219931271477,0.1903079084266045,0.0,1.2641672542342046,0.0,6.320286413226573,0.0,1.2641672542342046,6.320286413226573,0.0,0.0,0.0,2.2473464771647906,0.0,6.320286413226573,68.0,47.0,0.7072067049544715,1,1,1,1,1,1,1,1.81,,False,False,False,False,False,False,,,12.0,18.200000000000017
775,memmo.me,https://www.crunchbase.com/organization/memmo,Sweden,59.3251172,18.0710935,2019,2.0,False,True,False,False,False,False,False,False,False,False,True,False,False,False,0,1,15,True,False,False,False,1.0,True,2.0,False,2019-12-13,2019-12-13,Series A,2019,6.133333333333334,True,False,True,True,10.3,1.3,False,False,False,False,False,False,False,False,True,False,False,False,9,0,True,False,False,True,False,True,False,True,False,True,False,True,False,True,False,9,0.0,True,False,False,True,False,True,True,True,False,False,False,True,False,334,2,True,291,61,0.2096219931271477,0.1903079084266045,0.0,1.793432626249963,0.0,8.880618688546408,0.0,1.3819004637975436,8.880618688546408,6.320286413226573,6.320286413226573,6.320286413226573,3.0539685184396586,0.0,8.880618688546408,1.0,0.0,0.0,0,0,0,0,0,0,0,1.81,,False,False,True,False,True,True,,,12.0,18.200000000000017
850,Retein,https://www.crunchbase.com/organization/aquammodate-ab,Sweden,57.7072326,11.9670171,2019,3.0,False,False,True,False,False,False,False,False,False,False,False,False,False,False,1,2,5,True,False,True,False,3.0,True,1.213474,False,2020-12-02,2023-04-20,Seed,2020,88.0,True,False,True,True,12.2,11.2,True,True,False,False,False,False,False,False,False,False,False,False,2,0,True,False,False,True,False,True,False,True,False,True,False,True,False,True,False,4,2.0,True,True,False,True,True,False,False,False,False,False,False,True,True,25,2,True,68,13,0.1911764705882352,0.1749414494963319,0.22766469926136576,0.3505861805175641,0.0,1.0812262354190647,0.0,0.07588823308712184,0.2276646992613655,0.39731307421247714,0.6252841279480064,1.0812262354190647,0.5319114730556416,0.0,1.251679988029386,42.0,8.0,0.5063807256032975,1,1,1,0,1,1,1,1.81,,False,False,False,False,False,False,,,8.0,41.0
1406,Intro,https://www.crunchbase.com/organization/aevy,Sweden,59.3251172,18.0710935,2019,1.0,False,True,False,False,True,False,False,False,False,True,False,False,False,False,0,1,1,False,True,False,True,1.0,True,2.45,False,2015-05-27,2015-05-27,Seed,2015,172.0,False,False,True,True,19.0,51.0,False,False,True,True,False,False,False,False,False,False,False,False,0,0,False,False,False,False,False,False,False,False,False,False,False,False,False,False,False,0,0.0,False,False,False,True,True,False,False,False,False,False,False,True,True,334,2,True,291,61,0.2096219931271477,0.1903079084266045,0.0,1.4348834064318592,1.4348834064318592,1.4348834064318592,0.0,0.0,0.0,1.4348834064318592,1.4348834064318592,1.4348834064318592,0.0,0.0,0.0,4.0,2.0,0.1919094156907527,1,0,0,0,0,0,0,1.81,,False,False,False,False,False,False,,,12.0,18.200000000000017
1082,Olivia,https://www.crunchbase.com/organization/olivia,Sweden,59.3251172,18.0710935,2019,2.0,False,True,False,False,False,True,False,True,False,True,False,False,False,False,0,2,1,False,True,True,False,0.0,False,0.0,True,2019-01-01,2020-01-31,Pre-Seed,2019,0.0,False,,True,,1.5,11.0,False,,True,,False,,False,,False,,False,,0,0,False,,False,False,,False,,False,,False,,False,,False,,0,,False,,False,False,,True,True,False,False,False,False,False,False,334,2,True,291,61,0.2096219931271477,0.1903079084266045,0.0,9.6448464348296,9.6448464348296,9.6448464348296,9.6448464348296,9.6448464348296,9.6448464348296,0.0,0.0,0.0,0.0,0.0,0.0,28.0,19.0,0.5407225974697218,1,1,1,1,0,1,1,1.81,,False,False,False,False,False,False,,,12.0,18.200000000000017
858,Tilly,https://www.crunchbase.com/organization/tilly-639f,Sweden,59.3251172,18.0710935,2019,2.0,False,True,False,False,False,False,False,True,True,True,False,False,False,False,0,1,1,False,True,True,False,0.0,False,0.11,True,2019-12-20,2019-12-20,Angel,2019,0.0,False,,True,,1.0,11.0,False,,True,,False,,False,,False,,False,,0,0,False,,False,False,,False,,False,,False,,False,,False,,0,,False,,False,False,,True,True,False,False,False,False,False,False,334,2,True,291,61,0.2096219931271477,0.1903079084266045,0.0,9.6448464348296,9.6448464348296,9.6448464348296,9.6448464348296,9.6448464348296,9.6448464348296,0.0,0.0,0.0,0.0,0.0,0.0,16.0,2.0,0.3133110331910896,1,0,0,0,0,0,0,1.81,,False,False,False,False,False,False,,,12.0,18.200000000000017
674,Depict,https://www.crunchbase.com/organization/depict-ai,Sweden,59.3251172,18.0710935,2019,2.0,False,True,False,False,True,True,False,False,False,False,False,False,False,True,1,2,6,True,False,True,False,2.0,True,2.85,False,2020-05-02,2020-08-25,Series A,2020,303.4,True,False,True,True,15.4,160.0,False,False,True,True,True,True,False,False,False,False,False,False,1,0,True,False,False,True,False,True,False,True,False,True,False,True,False,True,False,1,0.0,True,False,False,True,False,True,True,True,False,False,False,True,False,334,2,True,291,61,0.2096219931271477,0.1903079084266045,0.0,5.992138891474294,0.0,8.652734746550937,0.0,4.669590050918459,8.62173839862099,8.62173839862099,8.637236572585964,8.652734746550937,4.706512412360342,0.0,8.652734746550937,7.0,8.0,0.3395460222299005,1,0,0,0,0,0,0,1.81,,False,False,True,False,True,True,,,12.0,18.200000000000017
1069,Gigapay,https://www.crunchbase.com/organization/gigapay-ab,Sweden,59.3251172,18.0710935,2019,4.0,False,True,False,False,True,False,False,False,True,False,True,False,False,False,1,2,2,False,False,True,False,0.0,False,0.0,True,2020-07-10,2021-09-07,Pre-Seed,2020,66.33333333333333,False,,True,,4.3,4.3,False,,True,,False,,False,,False,,False,,0,0,False,,False,False,,False,,False,,False,,False,,False,,0,,False,,False,False,,True,True,True,False,False,False,True,False,334,2,True,291,61,0.2096219931271477,0.1903079084266045,0.0,3.454942997350483,1.175803028603072,8.013222934845306,1.175803028603072,3.454942997350483,8.013222934845306,0.0,0.0,0.0,4.942293329523017,0.0,7.413439994284525,0.0,0.0,0.0,0,0,0,0,0,0,0,1.81,,False,False,False,False,False,False,,,12.0,18.200000000000017
796,Hooked Foods,https://www.crunchbase.com/organization/hooked-foods,Sweden,59.3120997,18.2073591,2019,3.0,False,True,False,False,False,False,True,False,False,False,False,False,False,False,1,3,11,True,False,True,False,1.0,True,5.2958,False,2020-09-18,2021-09-22,Undisclosed,2020,37.0,True,False,True,True,2.3,1.8,True,True,True,False,True,True,False,False,True,False,True,False,3,0,True,False,False,True,False,True,False,True,False,True,False,True,False,True,False,3,0.0,True,False,False,True,True,True,True,True,False,True,False,True,False,334,2,True,282,59,0.2092198581560283,0.1899754063454031,0.007865865112895241,1.0616607476489148,0.007865865112895186,6.327896712644607,0.007865865112895186,1.1325332811359117,6.327896712644607,0.42380794626594437,0.42380794626594437,0.42380794626594437,1.800535257840248,0.0,6.618472180440447,9.0,10.0,0.3801329388396923,1,0,0,0,0,0,0,1.81,,False,False,False,False,False,False,,,12.0,18.200000000000017
703,AirForestry,https://www.crunchbase.com/organization/airforestry,Sweden,59.8586126,17.6387436,2019,4.0,False,False,False,False,True,True,True,False,False,True,False,True,False,False,1,2,8,True,False,True,False,2.0,True,9.633358,False,2020-09-01,2024-10-10,Venture - Series Unknown,2020,29.444444444444443,True,True,True,True,15.2,8.0,True,True,True,True,False,False,False,False,True,True,False,False,0,0,False,False,False,True,True,True,True,False,False,False,False,False,False,False,False,5,1.0,True,True,False,True,True,False,False,False,False,False,False,True,True,5,0,False,12,0,0.0,0.0,0.06411843760759518,0.7111963922819414,0.06411843760759518,1.4443464412910207,0.06411843760759518,0.6989003788055509,1.4443464412910207,0.06411843760759518,0.754232439449308,1.4443464412910207,1.0324945433631334,0.0,2.0704716242388597,1.0,0.0,0.0,0,0,0,0,1,1,1,1.81,,False,False,True,False,True,True,,,0.0,1.0
1183,Bookself,https://www.crunchbase.com/organization/bookself-9426,Sweden,59.3251172,18.0710935,2019,2.0,False,True,False,False,False,True,False,False,False,True,True,False,False,False,0,1,1,False,True,True,False,0.0,False,0.11,True,2019-06-12,2019-06-12,Pre-Seed,2019,0.0,False,,True,,1.0,11.0,False,,True,,False,,False,,False,,False,,0,0,False,,False,False,,False,,False,,False,,False,,False,,0,,False,,False,False,,True,True,False,False,False,False,False,False,334,2,True,291,61,0.2096219931271477,0.1903079084266045,0.0,9.6448464348296,9.6448464348296,9.6448464348296,9.6448464348296,9.6448464348296,9.6448464348296,0.0,0.0,0.0,0.0,0.0,0.0,16.0,2.0,0.3133110331910896,1,0,0,0,0,0,0,1.81,,False,False,False,False,False,False,,,12.0,18.200000000000017
776,Nhost,https://www.crunchbase.com/organization/nhost,Sweden,59.3251172,18.0710935,2019,2.0,False,True,False,False,False,False,False,False,False,True,False,False,False,False,1,2,6,True,False,True,False,2.0,True,2.81,False,2020-08-25,2021-04-22,Pre-Seed,2020,37.0,False,False,True,True,7.3,7.7,False,False,True,True,False,False,False,False,False,False,False,False,0,0,False,False,False,False,False,False,False,False,False,False,False,False,False,False,False,0,0.0,False,False,False,True,True,True,True,True,False,True,False,True,False,334,2,True,291,61,0.2096219931271477,0.1903079084266045,0.0,6.771574098352147,0.8112272165110043,9.6448464348296,0.8112272165110043,7.2642577694407136,9.6448464348296,1.4348834064318592,5.539864920630729,9.6448464348296,8.436645660603352,0.0,13.584704601353966,28.0,34.0,0.5921760386706587,1,1,1,1,0,1,1,1.81,,False,False,False,False,False,False,,,12.0,18.200000000000017
767,Bower,https://www.crunchbase.com/organization/pantapåsen-sugi-group,Sweden,59.3251172,18.0710935,2019,2.0,False,True,False,False,True,False,False,False,False,False,True,True,False,False,1,2,5,True,False,True,False,1.0,True,5.542606,False,2020-06-08,2022-03-23,Seed,2020,111.71428571428572,True,True,True,False,10.1,15.4,False,False,True,False,False,False,False,False,False,False,False,False,3,1,True,True,False,True,True,True,True,True,True,True,True,True,True,True,True,3,1.0,True,True,False,True,True,False,False,False,False,False,False,True,True,334,2,True,291,61,0.2096219931271477,0.1903079084266045,0.0,0.2376855548185091,0.0,0.4159497209323909,0.0,0.2772998139549273,0.4159497209323909,0.0,0.0,0.0,0.23768555481850911,0.0,0.4159497209323909,46.0,24.0,0.6091394756606092,1,1,1,1,0,1,1,1.81,,False,False,False,False,False,False,,,12.0,18.200000000000017
1187,OMEN Technologies AB,https://www.crunchbase.com/organization/omen-technologies-ab,Sweden,57.70716,11.96679,2019,3.0,False,False,False,False,True,True,False,False,False,True,False,False,False,False,1,1,1,False,True,True,True,1.0,True,0.034192,True,2020-09-17,2020-09-17,Pre-Seed,2020,110.0,True,True,False,False,5.0,14.0,False,False,False,False,False,False,False,False,False,False,False,False,1,1,True,True,True,True,True,True,True,True,True,True,True,True,True,True,True,1,1.0,True,True,True,False,False,False,False,False,False,False,False,True,True,25,2,True,68,12,0.1764705882352941,0.1625189294977749,0.22765897955710698,1.5721828459394498e-05,1.5721828459394498e-05,1.5721828459394498e-05,0.0,0.0,0.0,1.5721828459394498e-05,1.5721828459394498e-05,1.5721828459394498e-05,0.0,0.0,0.0,41.0,6.0,0.4809395298411976,1,1,1,0,0,0,1,1.81,,True,False,False,True,True,True,2021-10-28,2.0,8.0,41.0
770,xNomad,https://www.crunchbase.com/organization/xnomad,Sweden,59.3251172,18.0710935,2019,1.0,False,True,False,False,True,True,False,False,False,False,False,False,True,False,0,4,8,True,False,True,False,5.0,True,3.938814,False,2019-06-12,2022-02-07,Seed,2019,89.85714285714286,True,True,True,True,4.4,8.2,True,True,True,True,False,False,False,False,True,True,False,False,5,3,True,True,False,True,True,True,True,True,True,True,True,True,True,True,True,5,3.0,True,True,False,True,True,True,True,True,False,False,False,True,False,334,2,True,291,61,0.2096219931271477,0.1903079084266045,0.0,2.7870909515222904,0.0,9.6448464348296,0.0,2.107566374445509,6.322699123336528,0.0,3.1948056977683583,9.6448464348296,5.085545359696987,0.0,15.345991570478056,78.0,24.0,0.6606553737422215,1,1,1,1,1,1,1,1.81,,False,False,False,False,False,False,,,12.0,18.200000000000017
1196,MIOO,https://www.crunchbase.com/organization/mioo,Sweden,59.3251172,18.0710935,2019,1.0,False,True,False,False,False,False,False,False,False,True,False,False,False,True,0,1,1,False,True,True,False,0.0,False,0.1,True,2019-01-14,2019-01-14,Seed,2019,4.0,False,,True,,4.0,0.0,False,,False,,False,,True,,True,,False,,0,0,False,,False,False,,False,,False,,False,,False,,False,,0,,False,,False,False,,True,True,False,False,False,False,False,False,334,2,True,291,61,0.2096219931271477,0.1903079084266045,0.0,1.7206679150896433,1.7206679150896433,1.7206679150896433,1.7206679150896433,1.7206679150896433,1.7206679150896433,0.0,0.0,0.0,0.0,0.0,0.0,0.0,0.0,0.0,0,0,0,0,0,0,0,1.81,,False,False,False,False,False,False,,,12.0,18.200000000000017
771,Stockeld Dreamery,https://www.crunchbase.com/organization/stockeld-dreamery,Sweden,59.366667,18.016667,2019,2.0,False,True,False,False,False,False,True,False,False,False,False,False,False,False,1,1,9,False,False,False,False,0.0,False,3.592931,False,2020-01-23,2020-01-23,Series A,2020,56.111111111111114,True,,True,,12.2,13.7,True,,True,,False,,False,,False,,False,,2,0,True,,False,True,,True,,True,,True,,True,,True,,2,,True,,False,True,,True,True,False,False,True,False,True,False,334,2,True,299,62,0.2073578595317725,0.1884343849421944,0.005555768801645109,3.367309826966846,0.005555768801645051,15.597696953245537,0.005555768801645051,3.367309826966846,15.597696953245537,0.0,0.0,0.0,5.814621051778155,0.0,16.9959239764173,23.0,25.0,0.5460721921153338,1,1,0,1,0,1,1,1.81,,False,False,True,False,True,True,,,12.0,18.200000000000017
773,SNAFU Records,https://www.crunchbase.com/organization/snafu-records,Sweden,59.3251172,18.0710935,2019,1.0,False,True,False,False,False,False,False,False,False,False,True,False,False,False,1,1,8,True,False,False,False,1.0,True,2.9,False,2020-02-06,2020-02-06,Venture - Series Unknown,2020,20.75,False,False,True,True,10.3,2.9,False,False,True,False,False,False,False,False,False,False,False,False,0,0,False,False,False,False,False,False,False,False,False,False,False,False,False,False,False,1,0.0,True,False,False,True,True,True,True,True,False,False,False,True,False,334,2,True,291,61,0.2096219931271477,0.1903079084266045,0.0,3.1860575619221123,0.2840835914496586,8.880775863074222,0.2840835914496586,3.477919921170488,8.880775863074222,1.4348834064318592,1.4348834064318592,1.4348834064318592,4.5229080265969825,0.0,9.002625862531286,2.0,1.0,0.1039540459792718,0,0,0,0,0,0,0,1.81,,False,False,True,False,True,True,,,12.0,18.200000000000017
1189,Wergonic,https://www.crunchbase.com/organization/wergonic,Sweden,59.2067468,17.9051873,2019,5.0,False,True,False,False,True,False,False,True,False,True,False,False,False,False,1,1,1,False,True,True,False,0.0,False,0.026748,True,2020-01-01,2020-01-01,Pre-Seed,2020,59.0,True,,False,,26.0,3.0,False,,False,,False,,False,,False,,False,,0,0,False,,False,True,,True,,True,,True,,True,,True,,1,,True,,True,True,,False,False,False,False,False,False,True,True,334,2,True,0,0,0.0,0.0,0.016190365557638628,0.016190365557638503,0.016190365557638503,0.016190365557638503,0.016190365557638503,0.016190365557638503,0.016190365557638503,0.0,0.0,0.0,0.0,0.0,0.0,10.0,1.0,0.2328462036319224,1,0,0,0,0,0,0,1.81,,False,False,False,False,False,False,,,12.0,18.40000000000001
896,12iD,https://www.crunchbase.com/organization/prove-1482,Sweden,59.3251172,18.0710935,2019,1.0,False,True,False,False,False,False,False,False,False,True,False,False,False,False,0,2,2,True,False,True,False,1.0,True,0.569139,False,2019-01-01,2022-01-31,Seed,2019,1.0,False,False,True,True,3.0,5.5,True,True,True,False,True,True,False,False,False,False,True,True,0,0,False,False,False,False,False,False,False,False,False,False,False,False,False,False,False,1,1.0,True,True,False,False,False,True,True,False,False,False,False,True,False,334,2,True,291,61,0.2096219931271477,0.1903079084266045,0.0,5.021079754521038,0.39731307421247714,9.6448464348296,9.6448464348296,9.6448464348296,9.6448464348296,0.39731307421247714,0.39731307421247714,0.39731307421247714,9.998144439627117,9.998144439627117,9.998144439627117,16.0,2.0,0.3133110331910896,1,0,0,0,0,0,0,1.81,,False,False,False,False,False,False,,,12.0,18.200000000000017
1211,Scaffcalc AB,https://www.crunchbase.com/organization/scaffcalc-ab,Sweden,57.6564918,12.0153085,2019,2.0,False,False,False,False,False,False,False,False,False,True,False,False,False,False,1,1,1,False,True,True,True,1.0,True,0.03169,True,2020-01-14,2020-01-14,Pre-Seed,2020,110.0,True,True,False,False,5.0,14.0,False,False,False,False,False,False,False,False,False,False,False,False,1,1,True,True,True,True,True,True,True,True,True,True,True,True,True,True,True,1,1.0,True,True,True,False,False,False,False,False,False,False,False,True,True,25,2,True,69,13,0.1884057971014492,0.1726127426669936,0.22163295768702693,0.006330472725082684,0.006330472725082684,0.006330472725082684,0.0,0.0,0.0,0.006330472725082684,0.006330472725082684,0.006330472725082684,0.0,0.0,0.0,41.0,6.0,0.4809395298411976,1,1,1,0,0,0,1,1.81,,False,False,False,False,False,False,,,8.0,41.0
713,Arkion,https://www.crunchbase.com/organization/skyqraft,Sweden,59.3251172,18.0710935,2019,3.0,False,True,True,False,True,False,False,False,False,True,False,False,False,True,0,3,6,True,False,True,False,3.0,True,6.372959,False,2019-03-12,2023-09-18,Venture - Series Unknown,2019,132.33333333333334,True,True,True,True,4.9,11.7,True,False,True,True,False,False,True,False,False,False,False,False,4,3,True,True,False,True,True,True,True,True,True,True,True,True,True,True,True,4,3.0,True,True,False,True,True,True,True,False,False,False,False,True,False,334,2,True,291,61,0.2096219931271477,0.1903079084266045,0.0,4.065316759932127,0.0,9.6448464348296,0.0,4.324539492432487,9.6448464348296,0.0,3.8579385739318393,9.6448464348296,6.359299885606092,0.0,15.00725542326741,29.0,26.0,0.5716786019851855,1,1,1,1,0,1,1,1.81,,False,False,True,False,True,True,,,12.0,18.200000000000017
716,Finch,https://www.crunchbase.com/organization/finch-bf21,Sweden,55.6052931,13.0001566,2019,1.0,False,False,False,False,True,False,False,False,False,True,False,False,True,True,1,2,5,True,False,False,False,2.0,True,3.0879,False,2020-07-07,2022-11-10,Venture - Series Unknown,2020,93.85714285714286,True,False,True,True,17.0,10.3,False,False,True,True,False,False,False,False,False,False,False,False,4,0,True,False,False,True,False,True,False,True,False,True,False,True,False,True,False,5,1.0,True,True,False,True,True,True,True,True,False,False,False,True,False,229,1,True,29,6,0.2068965517241379,0.1880522315029396,0.028465307004047598,1.1781039154214537,0.0,6.866715771796669,0.0,1.3733431543593337,6.866715771796669,0.512576505756072,0.6900058180767527,0.8674351303974334,2.25666362087574,0.0,7.126485336564789,16.0,0.0,0.2122999752183393,1,0,0,0,0,0,0,1.81,,False,False,True,False,True,True,,,14.0,34.0
1208,Elpoalma AB,https://www.crunchbase.com/organization/elpoalma-ab,Sweden,57.7072326,11.9670171,2019,3.0,False,False,False,False,True,False,False,False,False,False,False,False,False,False,1,1,1,False,True,True,True,1.0,True,0.033971,True,2020-10-13,2020-10-13,Pre-Seed,2020,110.0,True,True,False,False,5.0,14.0,False,False,False,False,False,False,False,False,False,False,False,False,1,1,True,True,True,True,True,True,True,True,True,True,True,True,True,True,True,1,1.0,True,True,True,False,False,False,False,False,False,False,False,True,True,25,2,True,68,13,0.1911764705882352,0.1749414494963319,0.22766469926136576,0.0,0.0,0.0,0.0,0.0,0.0,0.0,0.0,0.0,0.0,0.0,0.0,41.0,6.0,0.4809395298411976,1,1,1,0,0,0,1,1.81,,False,False,False,False,False,False,,,8.0,41.0
1177,Stride Leadership,https://www.crunchbase.com/organization/stride-leadership,Sweden,55.9999833,13.6350456,2019,2.0,False,False,False,False,False,True,False,False,False,True,False,False,False,True,0,1,1,False,True,True,False,0.0,False,0.4,True,2019-07-01,2019-07-01,Pre-Seed,2019,3.0,False,,True,,2.0,0.0,False,,False,,False,,False,,False,,False,,0,0,False,,False,False,,False,,False,,False,,False,,False,,1,,True,,True,True,,False,False,False,False,False,False,True,True,15,0,False,0,0,0.0,0.0,0.07505832206121588,0.45401825315154537,0.45401825315154537,0.45401825315154537,0.45401825315154537,0.45401825315154537,0.45401825315154537,0.0,0.0,0.0,0.0,0.0,0.0,0.0,0.0,0.0,0,0,0,0,1,1,1,1.81,,False,False,False,False,False,False,,,0.0,0.0
881,AlexisHR,https://www.crunchbase.com/organization/alexis-5899,Sweden,59.3251172,18.0710935,2019,3.0,False,True,False,False,True,False,False,False,False,True,False,False,False,True,1,1,1,False,True,False,True,1.0,True,1.454459,False,2020-12-04,2020-12-04,Seed,2020,47.0,False,False,True,True,19.0,9.0,False,False,False,False,False,False,False,False,False,False,False,False,0,0,False,False,False,False,False,False,False,False,False,False,False,False,False,False,False,0,0.0,False,False,False,True,True,False,False,False,False,False,False,True,True,334,2,True,291,61,0.2096219931271477,0.1903079084266045,0.0,0.4159497209323909,0.4159497209323909,0.4159497209323909,0.0,0.0,0.0,0.4159497209323909,0.4159497209323909,0.4159497209323909,0.0,0.0,0.0,0.0,0.0,0.0,0,0,0,0,0,0,0,1.81,,False,False,False,False,False,False,,,12.0,18.200000000000017
732,Leetify,https://www.crunchbase.com/organization/leetify,Sweden,59.3251172,18.0710935,2019,2.0,False,True,False,False,False,False,False,False,False,True,False,False,False,False,0,3,7,True,False,True,False,1.0,True,3.473935,False,2019-01-01,2023-09-01,Seed,2019,40.57142857142857,True,False,True,True,6.7,7.6,False,False,True,True,False,False,False,False,False,False,False,False,1,0,True,False,False,True,False,True,False,True,False,True,False,True,False,True,False,1,0.0,True,False,False,True,True,True,True,True,False,False,False,True,False,334,2,True,291,61,0.2096219931271477,0.1903079084266045,0.0,4.845010822723222,0.0,9.6448464348296,0.0,5.480581403937058,9.6448464348296,0.3960167542263701,0.3960167542263701,0.3960167542263701,7.4167525973723,0.0,13.584704601353966,46.0,32.0,0.6346661111532841,1,1,1,1,1,1,1,1.81,,False,False,False,False,False,False,,,12.0,18.200000000000017
906,Done,https://www.crunchbase.com/organization/done-f0cb,Sweden,59.3251172,18.0710935,2019,2.0,False,True,False,False,False,True,False,False,False,True,False,False,True,False,0,3,4,True,False,True,False,2.0,True,1.138421,False,2019-03-08,2022-12-19,Seed,2019,181.66666666666663,True,True,True,True,5.0,14.4,False,False,True,True,False,False,False,False,False,False,False,False,3,1,True,True,False,True,True,True,True,True,True,True,True,True,True,True,True,3,1.0,True,True,False,True,True,True,True,False,False,False,False,True,False,334,2,True,291,61,0.2096219931271477,0.1903079084266045,0.0,3.8579385739318393,0.0,9.6448464348296,0.0,3.214948811609866,9.6448464348296,0.0,4.8224232174148,9.6448464348296,5.7869078608977595,0.0,9.6448464348296,63.0,7.0,0.5350024114552183,1,1,1,0,0,0,1,1.81,,False,False,False,False,False,False,,,12.0,18.200000000000017
739,Phyron,https://www.crunchbase.com/organization/phyron,Sweden,59.3251172,18.0710935,2019,2.0,False,True,False,False,False,False,False,False,False,True,False,False,False,False,0,1,1,False,True,False,True,1.0,True,0.0,True,2019-04-13,2019-04-13,Series B,2019,3.0,True,True,False,False,4.0,0.0,False,False,False,False,False,False,False,False,False,False,False,False,1,1,True,True,True,True,True,True,True,True,True,True,True,True,True,True,True,1,1.0,True,True,True,True,True,False,False,False,False,False,False,True,True,334,2,True,291,61,0.2096219931271477,0.1903079084266045,0.0,0.0,0.0,0.0,0.0,0.0,0.0,0.0,0.0,0.0,0.0,0.0,0.0,0.0,0.0,0.0,0,0,0,0,0,0,0,1.81,,False,False,True,False,True,True,,,12.0,18.200000000000017
871,Allihoop,https://www.crunchbase.com/organization/allihoop,Sweden,59.3251172,18.0710935,2019,4.0,False,True,False,False,False,True,False,False,False,False,False,False,True,True,1,2,5,True,False,True,False,1.0,True,0.75,False,2020-01-27,2021-04-26,Seed,2020,78.75,True,True,True,False,6.7,7.2,False,False,True,False,True,False,False,False,False,False,False,False,4,1,True,True,False,True,True,True,True,True,True,True,True,True,True,True,True,4,1.0,True,True,False,True,True,True,True,False,False,False,False,True,False,334,2,True,291,61,0.2096219931271477,0.1903079084266045,0.0,1.92896928696592,0.0,9.6448464348296,0.0,2.4112116087074,9.6448464348296,0.0,0.0,0.0,3.8579385739318393,0.0,9.6448464348296,43.0,21.0,0.5908427378958121,1,1,1,1,0,1,1,1.81,,False,False,False,False,False,False,,,12.0,18.200000000000017
1059,Celcibus,https://www.crunchbase.com/organization/celcibus,Sweden,57.7072326,11.9670171,2019,2.0,False,False,True,False,False,False,False,False,False,False,False,True,False,False,1,2,1,False,True,False,False,0.0,False,0.393477,True,2020-05-28,2020-12-01,Seed,2020,153.0,False,,True,,10.0,7.0,True,,False,,True,,False,,False,,False,,0,0,False,,False,False,,False,,False,,False,,False,,False,,0,,False,,False,False,,False,False,False,False,False,False,True,True,25,2,True,68,13,0.1911764705882352,0.1749414494963319,0.22766469926136576,0.811991173635627,0.811991173635627,0.811991173635627,0.811991173635627,0.811991173635627,0.811991173635627,0.0,0.0,0.0,0.0,0.0,0.0,1.0,0.0,0.0,0,0,0,0,0,0,0,1.81,,False,False,False,False,False,False,,,8.0,41.0
963,Starprise,https://www.crunchbase.com/organization/starprise,Sweden,59.3251172,18.0710935,2019,1.0,False,True,False,False,False,True,False,False,False,True,True,False,False,False,0,1,1,False,True,True,True,1.0,True,0.11,True,2019-11-01,2019-11-01,Pre-Seed,2019,0.0,False,False,True,True,1.0,11.0,False,False,True,True,False,False,False,False,False,False,False,False,0,0,False,False,False,False,False,False,False,False,False,False,False,False,False,False,False,0,0.0,False,False,False,False,False,True,True,False,False,False,False,False,False,334,2,True,291,61,0.2096219931271477,0.1903079084266045,0.0,9.6448464348296,9.6448464348296,9.6448464348296,0.0,0.0,0.0,9.6448464348296,9.6448464348296,9.6448464348296,0.0,0.0,0.0,16.0,2.0,0.3133110331910896,1,0,0,0,0,0,0,1.81,,False,False,False,False,False,False,,,12.0,18.200000000000017
1021,Picsmart,https://www.crunchbase.com/organization/picsmart,Sweden,59.3251172,18.0710935,2019,1.0,False,True,False,False,True,False,True,False,False,False,False,False,False,False,1,1,5,True,False,False,False,1.0,True,0.86,False,2020-08-31,2020-08-31,Angel,2020,9.2,True,True,True,False,14.5,0.4,False,False,False,False,False,False,False,False,False,False,False,False,4,1,True,True,False,True,True,True,True,True,True,True,True,True,True,True,True,5,1.0,True,True,True,True,True,False,False,False,False,False,False,True,True,334,2,True,291,61,0.2096219931271477,0.1903079084266045,0.0,0.09936271703990517,0.0,0.49681358519952573,0.0,0.12420339629988143,0.49681358519952573,0.0,0.0,0.0,0.1987254340798103,0.0,0.49681358519952573,1.0,0.0,0.0,0,0,0,0,0,0,0,1.81,,False,False,False,False,False,False,,,12.0,18.200000000000017
962,yayloh,https://www.crunchbase.com/organization/yayloh,Sweden,59.3251172,18.0710935,2019,2.0,False,True,False,False,False,True,False,False,False,True,False,False,False,False,0,1,1,False,True,True,False,0.0,False,0.11,True,2019-11-01,2019-11-01,Venture - Series Unknown,2019,0.0,False,,True,,1.0,11.0,False,,True,,False,,False,,False,,False,,0,0,False,,False,False,,False,,False,,False,,False,,False,,0,,False,,False,False,,True,True,False,False,False,False,False,False,334,2,True,291,61,0.2096219931271477,0.1903079084266045,0.0,9.6448464348296,9.6448464348296,9.6448464348296,9.6448464348296,9.6448464348296,9.6448464348296,0.0,0.0,0.0,0.0,0.0,0.0,16.0,2.0,0.3133110331910896,1,0,0,0,0,0,0,1.81,,False,False,True,False,True,True,,,12.0,18.200000000000017
1053,Oterlu,https://www.crunchbase.com/organization/oterlu,Sweden,57.7072326,11.9670171,2019,3.0,False,False,False,False,True,True,False,False,False,True,False,False,False,False,1,2,2,True,False,True,False,1.0,True,0.667851,False,2020-07-08,2020-10-22,Pre-Seed,2020,93.0,True,False,True,True,4.0,9.0,False,False,True,True,False,False,False,False,True,True,False,False,1,0,True,False,False,True,False,True,False,True,False,True,False,True,False,True,False,1,0.0,True,False,False,True,True,False,False,False,False,False,False,True,True,25,2,True,68,12,0.1764705882352941,0.1625189294977749,0.22766469926136576,0.3957953722500895,0.0,0.791590744500179,0.0,0.0,0.0,0.791590744500179,0.791590744500179,0.791590744500179,0.791590744500179,0.791590744500179,0.791590744500179,41.0,5.0,0.4667662646982714,1,0,1,0,0,0,1,1.81,,True,False,False,True,True,True,2022-10-04,3.0,8.0,41.0
1006,Lunch.co,https://www.crunchbase.com/organization/lunch-co,Sweden,59.3251172,18.0710935,2019,1.0,False,True,False,False,False,True,False,False,False,False,False,False,False,False,0,2,3,True,False,False,False,1.0,True,0.68989,False,2019-11-17,2021-09-21,Seed,2019,111.0,True,True,True,False,3.5,8.8,True,False,True,False,True,False,False,False,False,False,False,False,1,1,True,True,False,True,True,True,True,True,True,True,True,True,True,True,True,1,1.0,True,True,False,True,True,True,True,False,False,False,False,True,False,334,2,True,291,61,0.2096219931271477,0.1903079084266045,0.0,5.103717752852202,0.0,9.6448464348296,1.1251781417496145,6.8049570038029366,9.6448464348296,0.0,0.0,0.0,6.9024581983834565,0.0,10.499939089445965,28.0,25.0,0.5648454770346617,1,1,1,1,0,1,1,1.81,,False,False,False,False,False,False,,,12.0,18.200000000000017
990,Migränhjälpen,https://www.crunchbase.com/organization/migränhjälpen,Sweden,57.7825634,14.165719,2019,1.0,False,False,False,False,False,False,False,True,False,False,False,False,False,False,1,2,2,True,False,False,False,2.0,True,1.861781,False,2020-03-05,2021-05-11,Seed,2020,278.0,False,False,True,True,16.5,25.5,False,False,True,True,False,False,False,False,False,False,False,False,0,0,False,False,False,False,False,False,False,False,False,False,False,False,False,False,False,4,2.0,True,True,True,True,True,False,False,False,False,False,False,True,True,2,0,False,2,0,0.0,0.0,0.2525341999906347,0.28374751030451684,0.28341142915937506,0.2840835914496586,0.28341142915937506,0.28374751030451684,0.2840835914496586,0.28341142915937506,0.28374751030451684,0.2840835914496586,0.007554059416862926,0.0,0.011331089125294388,2.0,0.0,0.0402231640645322,0,0,0,0,1,1,1,1.81,,False,False,False,False,False,False,,,0.0,1.8
975,Lifelong,https://www.crunchbase.com/organization/lifelong,Sweden,59.3251172,18.0710935,2019,2.0,False,True,False,False,True,True,False,True,False,False,False,False,False,False,1,1,1,False,True,True,True,1.0,True,0.11,True,2020-01-15,2020-01-15,Pre-Seed,2020,0.0,False,False,True,True,2.0,11.0,False,False,True,True,False,False,False,False,False,False,False,False,0,0,False,False,False,False,False,False,False,False,False,False,False,False,False,False,False,0,0.0,False,False,False,False,False,True,True,False,False,False,False,False,False,334,2,True,291,61,0.2096219931271477,0.1903079084266045,0.0,9.6448464348296,9.6448464348296,9.6448464348296,0.0,0.0,0.0,9.6448464348296,9.6448464348296,9.6448464348296,0.0,0.0,0.0,28.0,17.0,0.5310353062707003,1,1,1,1,0,1,1,1.81,,False,False,False,False,False,False,,,12.0,18.200000000000017
972,Gamifiera,https://www.crunchbase.com/organization/gamifiera,Sweden,59.4437915,17.9328751,2019,4.0,False,True,False,False,False,False,False,False,False,True,True,False,False,False,0,1,1,False,True,False,True,1.0,True,0.0,True,2019-11-10,2019-11-10,Seed,2019,54.0,True,True,False,False,3.0,7.0,False,False,False,False,True,True,False,False,False,False,False,False,0,0,False,False,False,True,True,True,True,True,True,True,True,True,True,True,True,1,1.0,True,True,True,True,True,False,False,False,False,False,False,True,True,339,2,True,18,3,0.1666666666666666,0.1541506798272582,0.015342678685264096,0.01534267868526489,0.01534267868526489,0.01534267868526489,0.0,0.0,0.0,0.01534267868526489,0.01534267868526489,0.01534267868526489,0.0,0.0,0.0,7.0,1.0,0.2012547881991394,1,0,0,0,0,0,0,1.81,,False,False,False,False,False,False,,,12.0,18.200000000000017
936,Hackyourcloset.com,https://www.crunchbase.com/organization/hackyourcloset-com,Sweden,59.3251172,18.0710935,2019,2.0,False,True,False,False,True,True,False,False,False,True,False,False,False,True,1,2,7,True,False,True,False,2.0,True,2.497553,False,2020-01-27,2020-04-02,Pre-Seed,2020,21.714285714285715,True,True,True,True,2.0,1.1,True,True,True,True,False,False,False,False,True,False,False,False,6,1,True,True,False,True,True,True,True,True,True,True,True,True,True,True,True,7,2.0,True,True,True,True,True,False,False,False,False,False,False,True,True,334,2,True,291,61,0.2096219931271477,0.1903079084266045,0.0,0.07322521510801029,0.0,0.512576505756072,0.0,0.0,0.0,0.0,0.256288252878036,0.512576505756072,0.14645043021602058,0.0,0.512576505756072,25.0,30.0,0.5701847625440577,1,1,1,1,0,1,1,1.81,,False,False,False,False,False,False,,,12.0,18.200000000000017
1134,Astrid Wild,https://www.crunchbase.com/organization/astrid-wild,Sweden,59.3251172,18.0710935,2019,2.0,False,True,False,False,True,True,False,False,False,False,False,False,False,False,0,1,1,False,True,True,True,1.0,True,0.11,True,2019-06-12,2019-06-12,Pre-Seed,2019,0.0,False,False,True,True,1.0,11.0,False,False,True,True,False,False,False,False,False,False,False,False,0,0,False,False,False,False,False,False,False,False,False,False,False,False,False,False,False,0,0.0,False,False,False,False,False,True,True,False,False,False,False,False,False,334,2,True,291,61,0.2096219931271477,0.1903079084266045,0.0,9.6448464348296,9.6448464348296,9.6448464348296,0.0,0.0,0.0,9.6448464348296,9.6448464348296,9.6448464348296,0.0,0.0,0.0,16.0,2.0,0.3133110331910896,1,0,0,0,0,0,0,1.81,,False,False,False,False,False,False,,,12.0,18.200000000000017
1239,Incito,https://www.crunchbase.com/organization/incito,Sweden,59.3251172,18.0710935,2019,3.0,False,True,False,False,True,False,False,False,True,True,False,False,False,False,0,1,1,False,True,True,False,0.0,False,0.11,True,2019-03-01,2019-03-01,Pre-Seed,2019,0.0,False,,True,,1.0,11.0,False,,True,,False,,False,,False,,False,,0,0,False,,False,False,,False,,False,,False,,False,,False,,0,,False,,False,False,,True,True,False,False,False,False,False,False,334,2,True,291,61,0.2096219931271477,0.1903079084266045,0.0,9.6448464348296,9.6448464348296,9.6448464348296,9.6448464348296,9.6448464348296,9.6448464348296,0.0,0.0,0.0,0.0,0.0,0.0,16.0,2.0,0.3133110331910896,1,0,0,0,0,0,0,1.81,,False,False,False,False,False,False,,,12.0,18.200000000000017
836,Digip,https://www.crunchbase.com/organization/digip,Sweden,59.3251172,18.0710935,2019,3.0,False,True,False,False,True,False,False,False,False,True,False,False,False,False,1,3,3,True,False,True,False,2.0,True,3.685034,False,2020-09-04,2022-11-13,Seed,2020,77.5,True,True,True,True,16.8,15.7,True,True,True,False,False,False,False,False,False,False,False,False,2,2,True,True,False,True,True,True,True,True,True,True,True,True,True,True,True,2,2.0,True,True,False,True,True,True,True,False,False,False,False,True,False,334,2,True,291,61,0.2096219931271477,0.1903079084266045,0.0,3.703004977978153,0.0,9.6448464348296,1.4641684991048585,6.917953789588018,9.6448464348296,0.0,0.4880561663682861,1.4641684991048585,5.690464124279356,0.0,10.23022553211313,33.0,37.0,0.6155169770169253,1,1,1,1,0,1,1,1.81,,False,False,False,False,False,False,,,12.0,18.200000000000017
837,Teemyco,https://www.crunchbase.com/organization/teemly,Sweden,59.3251172,18.0710935,2019,2.0,False,True,False,False,False,False,False,False,False,True,False,False,False,False,1,3,8,True,False,True,False,2.0,True,4.44,False,2020-03-06,2021-06-04,Seed,2020,20.444444444444443,True,True,True,True,3.1,3.8,False,False,True,True,False,False,False,False,True,True,False,False,5,1,True,True,False,True,True,True,True,True,True,True,True,True,True,True,True,5,1.0,True,True,False,True,True,True,True,True,False,True,False,True,False,334,2,True,291,61,0.2096219931271477,0.1903079084266045,0.0,3.499900597968449,0.0,9.6448464348296,0.0,4.068492480589891,9.6448464348296,0.0,0.6569411848612356,1.3138823697224713,5.707113819803319,0.0,14.123608048367469,40.0,50.0,0.6611424563956096,1,1,1,1,1,1,1,1.81,,False,False,False,False,False,False,,,12.0,18.200000000000017
930,Spacept,https://www.crunchbase.com/organization/spacept,Sweden,59.3251172,18.0710935,2019,3.0,False,True,False,False,True,True,False,False,False,True,False,False,False,False,0,1,1,False,True,True,False,0.0,False,0.11,True,2019-04-15,2019-04-15,Seed,2019,0.0,False,,True,,1.0,11.0,False,,True,,False,,False,,False,,False,,0,0,False,,False,False,,False,,False,,False,,False,,False,,0,,False,,False,False,,True,True,False,False,False,False,False,False,334,2,True,291,61,0.2096219931271477,0.1903079084266045,0.0,9.6448464348296,9.6448464348296,9.6448464348296,9.6448464348296,9.6448464348296,9.6448464348296,0.0,0.0,0.0,0.0,0.0,0.0,16.0,2.0,0.3133110331910896,1,0,0,0,0,0,0,1.81,,False,False,False,False,False,False,,,12.0,18.200000000000017
1121,Passbuy,https://www.crunchbase.com/organization/passbuy,Sweden,59.3251172,18.0710935,2019,2.0,False,True,False,False,False,False,False,False,False,True,False,False,False,False,0,1,1,False,True,True,False,0.0,False,0.11,True,2019-12-09,2019-12-09,Pre-Seed,2019,0.0,False,,True,,1.0,11.0,False,,True,,False,,False,,False,,False,,0,0,False,,False,False,,False,,False,,False,,False,,False,,0,,False,,False,False,,True,True,False,False,False,False,False,False,334,2,True,291,61,0.2096219931271477,0.1903079084266045,0.0,9.6448464348296,9.6448464348296,9.6448464348296,9.6448464348296,9.6448464348296,9.6448464348296,0.0,0.0,0.0,0.0,0.0,0.0,16.0,2.0,0.3133110331910896,1,0,0,0,0,0,0,1.81,,False,False,False,False,False,False,,,12.0,18.200000000000017
1051,SalesByte,https://www.crunchbase.com/organization/salesbyte-ab,Sweden,57.7072326,11.9670171,2019,2.0,False,False,False,False,False,True,False,False,False,True,True,False,False,True,1,3,1,True,True,True,True,1.0,True,0.506363,False,2020-01-28,2023-07-07,Pre-Seed,2020,110.0,True,True,False,False,6.3,14.0,False,False,False,False,False,False,False,False,False,False,False,False,3,2,True,True,True,True,True,True,True,True,True,True,True,True,True,True,True,3,2.0,True,True,True,False,False,False,False,False,False,False,False,True,True,25,2,True,68,13,0.1911764705882352,0.1749414494963319,0.22766469926136576,0.0,0.0,0.0,0.0,0.0,0.0,0.0,0.0,0.0,0.0,0.0,0.0,41.0,12.0,0.5378566115202437,1,1,1,1,1,1,1,1.81,,False,False,False,False,False,False,,,8.0,41.0
948,Carcare Systems Europe,https://www.crunchbase.com/organization/car-care-systems,Sweden,63.1793655,14.6357061,2019,1.0,False,False,False,False,True,False,False,False,False,True,False,False,False,False,1,3,4,True,False,False,False,3.0,True,0.725699,False,2020-01-20,2023-01-23,Seed,2020,156.57142857142858,True,False,True,True,7.7,14.3,False,False,True,True,False,False,False,False,False,False,False,False,1,0,True,False,False,True,False,True,False,True,False,True,False,True,False,True,False,4,3.0,True,True,True,True,True,False,False,False,False,False,False,True,True,4,0,False,3,0,0.0,0.0,0.4175724314361744,0.34960104889687466,0.0,0.4661347318624995,0.0,0.0,0.0,0.4661347318624995,0.4661347318624995,0.4661347318624995,0.23306736593124974,0.0,0.4661347318624995,2.0,0.0,0.0402231640645322,0,0,0,0,1,1,1,1.81,,False,False,False,False,False,False,,,0.0,1.6
951,Eperoto AB,https://www.crunchbase.com/organization/eperoto-ab,Sweden,57.7072326,11.9670171,2020,2.0,False,False,False,False,True,False,False,False,False,True,False,False,False,False,0,3,2,True,False,True,False,2.0,True,0.636397,False,2020-10-01,2022-12-23,Seed,2020,101.5,True,True,True,True,5.5,11.5,False,False,True,True,False,False,False,False,True,True,False,False,3,2,True,True,False,True,True,True,True,True,True,True,True,True,True,True,True,3,2.0,True,True,False,True,True,False,False,False,False,False,False,True,True,25,2,True,81,14,0.1728395061728395,0.159427736928102,0.22766469926136576,0.19789768612504471,0.0,0.791590744500179,0.0,0.0,0.0,0.0,0.2638635815000596,0.791590744500179,0.3957953722500895,0.0,0.791590744500179,41.0,8.0,0.5040464407562821,1,1,1,0,1,1,1,-5.65,,False,False,False,False,False,False,,,8.0,41.0
1281,porkchop,https://www.crunchbase.com/organization/porkchop,Sweden,59.3251172,18.0710935,2020,2.0,False,True,False,False,True,False,False,False,False,True,False,False,False,False,0,2,4,True,False,True,False,1.0,True,0.0,True,2020-01-01,2022-01-14,Pre-Seed,2020,42.0,True,False,True,True,15.0,2.4,False,False,True,True,False,False,False,False,True,True,False,False,2,0,True,False,False,True,False,True,False,True,False,True,False,True,False,True,False,2,0.0,True,False,False,True,True,True,True,True,False,False,False,True,False,334,2,True,310,64,0.2064516129032258,0.18768349993534,0.0,2.6078004581578944,0.0,6.322699123336528,0.0,3.1607463841407752,6.322699123336528,0.3960167542263701,0.3960167542263701,0.3960167542263701,3.932593530438986,0.0,6.621258930777116,17.0,3.0,0.3454319982429434,1,0,0,0,0,0,0,-5.65,,False,False,False,False,False,False,,,12.0,18.200000000000017
981,NAG Studios,https://www.crunchbase.com/organization/nag-studios,Sweden,59.3251172,18.0710935,2020,1.0,False,True,False,False,False,True,False,False,False,False,True,False,False,False,0,1,2,True,False,True,False,1.0,True,1.0,False,2020-10-11,2020-10-11,Series A,2020,56.0,False,False,True,True,6.0,14.0,True,True,True,False,False,False,False,False,False,False,False,False,0,0,False,False,False,False,False,False,False,False,False,False,False,False,False,False,False,0,0.0,False,False,False,True,True,True,True,False,False,False,False,True,False,334,2,True,310,64,0.2064516129032258,0.18768349993534,0.0,5.539864920630729,1.4348834064318592,9.6448464348296,9.6448464348296,9.6448464348296,9.6448464348296,1.4348834064318592,1.4348834064318592,1.4348834064318592,10.856912543700851,10.856912543700851,10.856912543700851,28.0,16.0,0.5257799200770713,1,1,1,1,0,1,1,-5.65,,False,False,True,False,True,True,,,12.0,18.200000000000017
978,Vividye AB,https://www.crunchbase.com/organization/vividye-ab,Sweden,57.7072326,11.9670171,2020,5.0,False,False,False,False,True,False,False,False,False,False,False,False,False,False,0,4,5,True,False,True,False,1.0,True,0.478591,True,2020-01-30,2024-02-16,Seed,2020,123.875,True,True,True,False,7.3,13.2,False,False,True,False,False,False,False,False,False,False,False,False,5,4,True,True,False,True,True,True,True,True,True,True,True,True,True,True,True,7,4.0,True,True,True,True,False,False,False,False,False,False,False,True,True,25,2,True,81,14,0.1728395061728395,0.159427736928102,0.22766469926136576,0.11442237445000528,0.0,0.39731307421247714,0.006330472725082684,0.26698554038334565,0.39731307421247714,0.0,0.0,0.0,0.19043360135058798,0.0,0.39763957188109994,49.0,8.0,0.5213427376659054,1,1,1,0,1,1,1,-5.65,,False,False,False,False,False,False,,,8.0,41.0
991,Madden Analytics,https://www.crunchbase.com/organization/madden-analytics,Sweden,59.3251172,18.0710935,2020,2.0,False,True,False,False,True,True,False,False,False,True,False,False,False,False,0,1,1,False,True,False,True,1.0,True,0.557882,False,2020-11-18,2020-11-18,Seed,2020,543.0,True,True,False,False,11.0,50.0,False,False,True,True,False,False,False,False,False,False,False,False,1,1,True,True,True,True,True,True,True,True,True,True,True,True,True,True,True,1,1.0,True,True,True,True,True,False,False,False,False,False,False,True,True,334,2,True,310,64,0.2064516129032258,0.18768349993534,0.0,0.0,0.0,0.0,0.0,0.0,0.0,0.0,0.0,0.0,0.0,0.0,0.0,46.0,26.0,0.6162155991192948,1,1,1,1,0,1,1,-5.65,,False,False,False,False,False,False,,,12.0,18.200000000000017
923,Acamp,https://www.crunchbase.com/organization/acamp-a429,Sweden,59.3251172,18.0710935,2020,3.0,False,True,False,False,False,True,False,False,False,False,False,False,False,False,0,3,4,True,False,True,False,2.0,True,3.24779,False,2020-01-01,2022-02-08,Seed,2020,21.0,True,True,True,True,8.0,4.4,False,False,True,True,True,False,False,False,False,False,False,False,4,1,True,True,False,True,True,True,True,True,True,True,True,True,True,True,True,5,2.0,True,True,True,True,True,False,False,False,False,False,False,True,True,334,2,True,310,63,0.2032258064516129,0.1850061221646236,0.0,0.0932269463724999,0.0,0.4661347318624995,0.0,0.0,0.0,0.0,0.23306736593124974,0.4661347318624995,0.1864538927449998,0.0,0.4661347318624995,5.0,0.0,0.1089851172067322,0,0,0,0,0,0,0,-5.65,,True,False,False,True,True,True,2024-12-04,4.0,12.0,18.200000000000017
818,Off Script,https://www.crunchbase.com/organization/offscript,Sweden,59.3251172,18.0710935,2020,3.0,False,True,False,False,True,True,False,False,False,True,False,False,False,False,0,2,3,True,False,True,False,2.0,True,0.11,True,2020-08-25,2022-05-01,Pre-Seed,2020,27.0,False,False,True,True,3.5,7.3,False,False,True,True,True,False,False,False,False,False,False,False,0,0,False,False,False,False,False,False,False,False,False,False,False,False,False,False,False,0,0.0,False,False,False,False,False,True,True,True,False,False,False,True,False,334,2,True,310,63,0.2032258064516129,0.1850061221646236,0.0,7.183966587180676,3.0264346381660263,9.6448464348296,3.0264346381660263,3.0264346381660263,3.0264346381660263,8.880618688546408,9.262732561688004,9.6448464348296,11.757647134742399,9.566712758934024,14.123608048367469,29.0,16.0,0.5291430397335458,1,1,1,1,0,1,1,-5.65,,True,False,False,True,True,True,2024-07-27,4.0,12.0,18.200000000000017
820,Curb Food,https://www.crunchbase.com/organization/curb-food,Sweden,59.3251172,18.0710935,2020,1.0,False,True,False,False,True,False,True,False,False,False,False,False,False,False,0,1,1,False,True,False,True,1.0,True,3.885919,False,2020-12-10,2020-12-10,Series A,2020,130.0,True,True,False,False,4.0,22.0,False,False,True,True,False,False,False,False,False,False,False,False,1,1,True,True,True,True,True,True,True,True,True,True,True,True,True,True,True,1,1.0,True,True,True,True,True,False,False,False,False,False,False,True,True,334,2,True,310,64,0.2064516129032258,0.18768349993534,0.0,0.0,0.0,0.0,0.0,0.0,0.0,0.0,0.0,0.0,0.0,0.0,0.0,3.0,1.0,0.1324928350569394,0,0,0,0,0,0,0,-5.65,,False,False,True,False,True,True,,,12.0,18.200000000000017
827,Compular AB,https://www.crunchbase.com/organization/compular-ab,Sweden,57.7072326,11.9670171,2020,2.0,False,False,False,False,True,False,False,False,False,True,False,False,False,False,0,2,2,True,False,True,False,1.0,True,0.497316,True,2020-11-23,2022-05-03,Pre-Seed,2020,98.66666666666669,True,True,True,False,5.7,10.7,False,False,True,False,False,False,False,False,True,False,False,False,2,1,True,True,False,True,True,True,True,True,True,True,True,True,True,True,True,2,1.0,True,True,False,True,False,False,False,False,False,False,False,True,True,25,2,True,81,14,0.1728395061728395,0.159427736928102,0.22766469926136576,0.2638635815000596,0.0,0.791590744500179,0.0,0.3957953722500895,0.791590744500179,0.0,0.0,0.0,0.5277271630001192,0.0,0.791590744500179,41.0,7.0,0.4932169705550002,1,1,1,0,0,0,1,-5.65,,False,False,False,False,False,False,,,8.0,41.0
913,Cappy,https://www.crunchbase.com/organization/cappy,Sweden,57.7072326,11.9670171,2020,1.0,False,False,False,False,True,False,False,True,True,True,False,False,False,False,0,1,2,True,False,True,False,1.0,True,0.70196,False,2020-09-15,2020-09-15,Pre-Seed,2020,278.0,False,False,True,True,11.0,25.5,False,False,True,True,True,False,False,False,False,False,False,False,0,0,False,False,False,False,False,False,False,False,False,False,False,False,False,False,False,1,1.0,True,True,False,True,True,False,False,False,False,False,False,True,True,25,2,True,81,14,0.1728395061728395,0.159427736928102,0.22766469926136576,1.5302688386876002,0.39731307421247714,2.6632246031627234,2.6632246031627234,2.6632246031627234,2.6632246031627234,0.39731307421247714,0.39731307421247714,0.39731307421247714,3.0264346381660263,3.0264346381660263,3.0264346381660263,16.0,4.0,0.360278500448122,1,0,0,0,0,0,0,-5.65,,False,False,False,False,False,False,,,8.0,41.0
879,Napper,https://www.crunchbase.com/organization/napper,Sweden,59.3251172,18.0710935,2020,3.0,False,True,False,False,False,True,False,True,False,True,False,False,False,False,0,1,2,False,False,True,False,0.0,False,0.1,True,2020-11-01,2020-11-01,Angel,2020,60.0,True,,True,,25.0,207.0,False,,True,,False,,False,,False,,False,,1,0,True,,False,True,,True,,True,,True,,True,,True,,1,,True,,False,True,,True,True,True,False,False,False,True,False,334,2,True,310,64,0.2064516129032258,0.18768349993534,0.0,4.324619230132961,0.0,8.649238460265922,0.0,4.324619230132961,8.649238460265922,0.0,0.0,0.0,8.649238460265922,8.649238460265922,8.649238460265922,2.0,0.0,0.0402231640645322,0,0,0,0,0,0,0,-5.65,,False,False,False,False,False,False,,,12.0,18.200000000000017
1000,Alloverse,https://www.crunchbase.com/organization/alloverse,Sweden,59.3251172,18.0710935,2020,1.0,False,True,False,False,False,False,False,False,False,True,False,False,False,False,0,1,1,False,True,True,True,1.0,True,0.297974,True,2020-11-25,2020-11-25,Pre-Seed,2020,76.0,False,False,True,True,3.0,4.0,False,False,True,True,False,False,False,False,True,True,False,False,0,0,False,False,False,False,False,False,False,False,False,False,False,False,False,False,False,0,0.0,False,False,False,True,True,False,False,False,False,False,False,True,True,334,2,True,310,64,0.2064516129032258,0.18768349993534,0.0,0.3960167542263701,0.3960167542263701,0.3960167542263701,0.0,0.0,0.0,0.3960167542263701,0.3960167542263701,0.3960167542263701,0.0,0.0,0.0,2.0,0.0,0.0402231640645322,0,0,0,0,0,0,0,-5.65,,False,False,False,False,False,False,,,12.0,18.200000000000017
1226,TradeBay,https://www.crunchbase.com/organization/tradebay,Sweden,59.3251172,18.0710935,2020,2.0,False,True,False,False,False,True,False,False,True,False,False,False,False,False,0,2,4,True,False,True,False,1.0,True,1.21,False,2020-08-25,2021-03-09,Seed,2020,30.0,True,False,True,True,3.8,32.8,True,False,True,True,False,False,False,False,True,False,False,False,2,0,True,False,False,True,False,True,False,True,False,True,False,True,False,True,False,2,0.0,True,False,False,True,False,True,True,True,False,False,False,True,False,334,2,True,310,64,0.2064516129032258,0.18768349993534,0.0,3.991283212014043,0.0,9.6448464348296,0.0,2.1067621377421912,6.320286413226573,9.6448464348296,9.6448464348296,9.6448464348296,7.878308469738314,0.0,15.339585122317537,40.0,19.0,0.57507407581551,1,1,1,1,0,1,1,-5.65,,False,False,False,False,False,False,,,12.0,18.200000000000017
1098,Allting,https://www.crunchbase.com/organization/allting,Sweden,59.3251172,18.0710935,2020,4.0,False,True,False,False,True,False,False,False,False,True,False,False,False,False,0,1,1,False,True,True,True,1.0,True,0.1,True,2020-12-23,2020-12-23,Pre-Seed,2020,0.0,False,False,True,True,2.0,11.0,False,False,True,True,False,False,False,False,False,False,False,False,0,0,False,False,False,False,False,False,False,False,False,False,False,False,False,False,False,0,0.0,False,False,False,False,False,True,True,False,False,False,False,False,False,334,2,True,310,64,0.2064516129032258,0.18768349993534,0.0,9.6448464348296,9.6448464348296,9.6448464348296,0.0,0.0,0.0,9.6448464348296,9.6448464348296,9.6448464348296,0.0,0.0,0.0,28.0,17.0,0.5310353062707003,1,1,1,1,0,1,1,-5.65,,False,False,False,False,False,False,,,12.0,18.200000000000017
1188,Wavi Analytics AB,https://www.crunchbase.com/organization/wavi-analytics-ab,Sweden,57.7072326,11.9670171,2020,3.0,False,False,False,False,False,False,False,False,False,True,False,False,False,False,0,2,1,False,True,True,True,1.0,True,0.04222,True,2020-12-14,2021-06-02,Pre-Seed,2020,110.0,True,True,False,False,5.5,14.0,False,False,False,False,False,False,False,False,False,False,False,False,2,2,True,True,True,True,True,True,True,True,True,True,True,True,True,True,True,2,2.0,True,True,True,False,False,False,False,False,False,False,False,True,True,25,2,True,81,14,0.1728395061728395,0.159427736928102,0.22766469926136576,0.0,0.0,0.0,0.0,0.0,0.0,0.0,0.0,0.0,0.0,0.0,0.0,41.0,7.0,0.4932169705550002,1,1,1,0,0,0,1,-5.65,,False,False,False,False,False,False,,,8.0,41.0
1123,Respaces,https://www.crunchbase.com/organization/respaces,Sweden,59.3251172,18.0710935,2020,2.0,False,True,False,False,False,True,False,False,True,True,False,False,True,False,0,1,2,True,False,True,False,1.0,True,0.11,True,2020-05-25,2020-05-25,Pre-Seed,2020,8.0,True,False,True,True,1.5,6.0,False,False,True,True,False,False,False,False,True,False,False,False,1,0,True,False,False,True,False,True,False,True,False,True,False,True,False,True,False,1,0.0,True,False,False,True,False,True,True,False,False,False,False,True,False,334,2,True,310,64,0.2064516129032258,0.18768349993534,0.0,4.8224232174148,0.0,9.6448464348296,0.0,0.0,0.0,9.6448464348296,9.6448464348296,9.6448464348296,9.6448464348296,9.6448464348296,9.6448464348296,29.0,16.0,0.5291430397335458,1,1,1,1,0,1,1,-5.65,,False,False,False,False,False,False,,,12.0,18.200000000000017
1173,Vitroprobe Analytics AB,https://www.crunchbase.com/organization/vitroprobe-analytics-ab,Sweden,57.7072326,11.9670171,2020,1.0,False,False,False,False,True,False,False,True,False,False,False,False,False,False,0,3,1,False,True,True,True,1.0,True,0.071686,True,2020-04-01,2023-01-26,Pre-Seed,2020,110.0,True,True,False,False,6.3,14.0,False,False,False,False,False,False,False,False,False,False,False,False,3,3,True,True,True,True,True,True,True,True,True,True,True,True,True,True,True,3,3.0,True,True,True,False,False,False,False,False,False,False,False,True,True,25,2,True,81,14,0.1728395061728395,0.159427736928102,0.22766469926136576,0.0,0.0,0.0,0.0,0.0,0.0,0.0,0.0,0.0,0.0,0.0,0.0,41.0,12.0,0.5378566115202437,1,1,1,1,1,1,1,-5.65,,False,False,False,False,False,False,,,8.0,41.0
1095,Nyctea Technologies,https://www.crunchbase.com/organization/nyctea-technologies-ab,Sweden,57.7072326,11.9670171,2020,2.0,False,False,False,False,True,False,False,True,False,False,False,False,False,False,0,1,1,False,True,True,True,1.0,True,0.00565,True,2020-10-28,2020-10-28,Pre-Seed,2020,110.0,True,True,False,False,5.0,14.0,False,False,False,False,False,False,False,False,False,False,False,False,1,1,True,True,True,True,True,True,True,True,True,True,True,True,True,True,True,1,1.0,True,True,True,False,False,False,False,False,False,False,False,True,True,25,2,True,81,14,0.1728395061728395,0.159427736928102,0.22766469926136576,0.0,0.0,0.0,0.0,0.0,0.0,0.0,0.0,0.0,0.0,0.0,0.0,41.0,6.0,0.4809395298411976,1,1,1,0,0,0,1,-5.65,,False,False,False,False,False,False,,,8.0,41.0
1212,Solartes AB,https://www.crunchbase.com/organization/solartes-ab,Sweden,57.7072326,11.9670171,2020,3.0,False,False,True,False,True,False,False,False,False,False,False,False,False,False,0,2,1,False,True,True,True,1.0,True,0.040599,True,2020-03-03,2020-12-09,Pre-Seed,2020,110.0,True,True,False,False,5.0,14.0,False,False,False,False,False,False,False,False,False,False,False,False,2,2,True,True,True,True,True,True,True,True,True,True,True,True,True,True,True,2,2.0,True,True,True,False,False,False,False,False,False,False,False,True,True,25,2,True,81,14,0.1728395061728395,0.159427736928102,0.22766469926136576,0.0,0.0,0.0,0.0,0.0,0.0,0.0,0.0,0.0,0.0,0.0,0.0,41.0,6.0,0.4809395298411976,1,1,1,0,0,0,1,-5.65,,False,False,False,False,False,False,,,8.0,41.0
1040,Envar,https://www.crunchbase.com/organization/envar-630e,Sweden,59.3251172,18.0710935,2020,2.0,False,True,False,False,False,True,False,False,False,False,False,True,False,False,0,1,1,False,True,True,True,1.0,True,0.1,True,2020-11-06,2020-11-06,Pre-Seed,2020,0.0,False,False,True,True,2.0,11.0,False,False,True,True,False,False,False,False,False,False,False,False,0,0,False,False,False,False,False,False,False,False,False,False,False,False,False,False,False,0,0.0,False,False,False,False,False,True,True,False,False,False,False,False,False,334,2,True,310,64,0.2064516129032258,0.18768349993534,0.0,9.6448464348296,9.6448464348296,9.6448464348296,0.0,0.0,0.0,9.6448464348296,9.6448464348296,9.6448464348296,0.0,0.0,0.0,28.0,17.0,0.5310353062707003,1,1,1,1,0,1,1,-5.65,,False,False,False,False,False,False,,,12.0,18.200000000000017
1030,VEAT,https://www.crunchbase.com/organization/veat,Sweden,59.3251172,18.0710935,2020,1.0,False,True,False,False,False,False,True,False,False,False,False,False,False,False,0,2,6,False,False,True,False,0.0,False,0.590827,False,2020-11-05,2023-01-01,Seed,2020,14.5,True,,True,,1.2,0.5,True,,True,,False,,False,,False,,False,,1,0,True,,False,True,,True,,True,,True,,True,,True,,2,,True,,False,True,,False,False,False,False,True,False,True,True,334,2,True,310,64,0.2064516129032258,0.18768349993534,0.0,0.7139828690419879,0.0,1.4348834064318592,0.0,0.7139828690419879,1.4348834064318592,0.0,0.0,0.0,0.710481932881458,0.0,1.4348834064318592,3.0,19.0,0.3442022422014617,1,0,0,1,0,1,0,-5.65,,False,False,False,False,False,False,,,12.0,18.200000000000017
1008,Lucero,https://www.crunchbase.com/organization/lucero-ab,Sweden,57.7072326,11.9670171,2020,5.0,False,False,False,False,True,False,False,False,False,True,False,False,False,False,0,3,1,False,True,True,True,1.0,True,0.101834,True,2020-03-27,2022-03-22,Pre-Seed,2020,110.0,True,True,False,False,5.7,14.0,False,False,False,False,False,False,False,False,False,False,False,False,3,3,True,True,True,True,True,True,True,True,True,True,True,True,True,True,True,3,3.0,True,True,True,False,False,False,False,False,False,False,False,True,True,25,2,True,81,14,0.1728395061728395,0.159427736928102,0.22766469926136576,0.0,0.0,0.0,0.0,0.0,0.0,0.0,0.0,0.0,0.0,0.0,0.0,41.0,8.0,0.5040464407562821,1,1,1,0,1,1,1,-5.65,,False,False,False,False,False,False,,,8.0,41.0
1209,BasedOn AB,https://www.crunchbase.com/organization/basedon-ab,Sweden,57.7072326,11.9670171,2020,4.0,False,False,False,False,False,False,False,False,False,True,False,False,False,False,0,1,1,False,True,True,True,1.0,True,0.004977,True,2020-04-07,2020-04-07,Pre-Seed,2020,110.0,True,True,False,False,5.0,14.0,False,False,False,False,False,False,False,False,False,False,False,False,1,1,True,True,True,True,True,True,True,True,True,True,True,True,True,True,True,1,1.0,True,True,True,False,False,False,False,False,False,False,False,True,True,25,2,True,81,14,0.1728395061728395,0.159427736928102,0.22766469926136576,0.0,0.0,0.0,0.0,0.0,0.0,0.0,0.0,0.0,0.0,0.0,0.0,41.0,6.0,0.4809395298411976,1,1,1,0,0,0,1,-5.65,,False,False,False,False,False,False,,,8.0,41.0
1204,Nutrie AB,https://www.crunchbase.com/organization/nutrie-ab,Sweden,57.7072326,11.9670171,2020,2.0,False,False,False,False,False,True,False,False,False,True,False,False,False,False,0,1,1,False,True,True,True,1.0,True,0.035302,True,2020-11-25,2020-11-25,Pre-Seed,2020,110.0,True,True,False,False,5.0,14.0,False,False,False,False,False,False,False,False,False,False,False,False,1,1,True,True,True,True,True,True,True,True,True,True,True,True,True,True,True,1,1.0,True,True,True,False,False,False,False,False,False,False,False,True,True,25,2,True,81,14,0.1728395061728395,0.159427736928102,0.22766469926136576,0.0,0.0,0.0,0.0,0.0,0.0,0.0,0.0,0.0,0.0,0.0,0.0,41.0,6.0,0.4809395298411976,1,1,1,0,0,0,1,-5.65,,False,False,False,False,False,False,,,8.0,41.0
708,IntuiCell,https://www.crunchbase.com/organization/intuicell,Sweden,59.3251172,18.0710935,2020,1.0,False,True,False,False,False,False,False,False,False,True,False,False,True,False,0,3,4,True,False,False,False,2.0,True,3.0,False,2020-11-26,2025-03-21,Seed,2020,23.75,True,True,True,True,9.0,2.0,False,False,False,False,False,False,False,False,False,False,False,False,1,1,True,True,False,True,True,True,True,True,True,True,True,True,True,True,True,3,1.0,True,True,False,True,True,False,False,False,False,False,False,True,True,334,2,True,310,64,0.2064516129032258,0.18768349993534,0.0,0.3523942228328606,0.0,0.49681358519952573,0.49681358519952573,0.49681358519952573,0.49681358519952573,0.0,0.20797486046619545,0.4159497209323909,0.40017975242802245,0.0,0.49681358519952573,2.0,0.0,0.0402231640645322,0,0,0,0,0,0,0,-5.65,,False,False,False,False,False,False,,,12.0,18.200000000000017
761,Brink Commerce,https://www.crunchbase.com/organization/brink-commerce,Sweden,59.3251172,18.0710935,2020,3.0,False,True,False,False,False,True,False,False,False,True,False,False,False,False,0,2,6,True,False,True,False,1.0,True,3.4,False,2020-04-01,2021-06-28,Private Equity,2020,22.375,True,True,True,False,6.7,2.9,False,False,False,False,True,True,False,False,True,False,False,False,4,1,True,True,False,True,True,True,True,True,True,True,True,True,True,True,True,6,1.0,True,True,False,True,True,False,False,False,False,False,False,True,True,334,2,True,310,64,0.2064516129032258,0.18768349993534,0.0,0.2616418637781389,0.0,1.0368668980220181,0.0,0.30524884107449546,1.0368668980220181,0.0,0.0,0.0,0.44373917374262767,0.0,1.0368668980220181,8.0,0.0,0.1492082812712644,0,0,0,0,0,0,0,-5.65,,False,False,True,False,True,True,,,12.0,18.200000000000017
755,Buddywise,https://www.crunchbase.com/organization/buddywise,Sweden,59.3251172,18.0710935,2020,2.0,False,True,False,False,False,False,False,False,False,True,False,False,False,False,0,3,8,True,False,True,False,3.0,True,5.077684,False,2020-06-01,2024-03-25,Seed,2020,7.818181818181818,True,True,True,True,3.2,2.2,True,True,True,True,False,False,False,False,False,False,False,False,1,1,True,True,False,True,True,True,True,True,True,True,True,True,True,True,True,4,1.0,True,True,False,True,True,True,True,True,False,True,False,True,False,334,2,True,310,64,0.2064516129032258,0.18768349993534,0.0,3.324769954488446,0.0,9.6448464348296,0.15865225079885617,3.318114621929383,9.6448464348296,0.0,3.3469543963519897,9.6448464348296,5.532598582666424,0.0,16.124872281722734,39.0,14.0,0.5461738003471353,1,1,1,1,0,1,1,-5.65,,False,False,False,False,False,False,,,12.0,18.200000000000017
658,Juni,https://www.crunchbase.com/organization/juni,Sweden,57.7072326,11.9670171,2020,3.0,False,False,False,False,False,True,False,False,True,False,False,False,False,False,0,1,3,True,False,False,False,1.0,True,2.373253,False,2020-11-19,2020-11-19,Series B,2020,47.333333333333336,True,False,True,True,7.0,6.0,False,False,True,True,False,False,False,False,False,False,False,False,1,0,True,False,False,True,False,True,False,True,False,True,False,True,False,True,False,1,0.0,True,False,False,True,True,True,True,True,False,True,False,True,False,25,2,True,81,13,0.1604938271604938,0.1488456275975651,0.22766469926136576,1.9393047869048055,0.0,5.233007902951334,0.0,2.616503951475667,5.233007902951334,0.5849064577630837,0.5849064577630837,0.5849064577630837,3.795477962961663,0.5849064577630837,5.568519528170571,0.0,0.0,0.0,0,0,0,0,0,0,0,-5.65,,False,True,True,True,True,True,,,8.0,41.0
666,Lassie,https://www.crunchbase.com/organization/lassie,Sweden,59.3251172,18.0710935,2020,3.0,False,True,False,False,False,True,False,False,True,True,False,False,False,False,0,2,8,True,False,True,False,1.0,True,2.929462,False,2020-12-08,2021-10-07,Series B,2020,26.7,True,False,True,True,10.3,4.8,False,False,True,True,False,False,False,False,True,False,False,False,8,0,True,False,False,True,False,True,False,True,False,True,False,True,False,True,False,8,0.0,True,False,False,True,True,False,False,False,False,False,False,True,True,334,2,True,310,63,0.2032258064516129,0.1850061221646236,0.0,0.1830900160658229,0.0,1.4348834064318592,0.0,0.15943148960353992,1.4348834064318592,0.3960167542263701,0.3960167542263701,0.3960167542263701,0.3660111291516064,0.0,1.823299526556456,16.0,13.0,0.4549460621634949,1,0,0,1,0,1,0,-5.65,,False,True,True,True,True,True,,,12.0,18.200000000000017
