company_id,organization_name,organization_name_url,headquarters_country,latitude,longitude,founded_year,number_of_founders,b2b_binary,hub_binary,energy,materials,industrials,consumer_discretionary,consumer_staples,health_care,financials,information_technology,communication_services,utilities,real_estate,other,age,number_seed_rounds,number_seed_investors,number_lead_seed_investors,total_seed_funding_m,earliest_seed_round_date,latest_seed_round_date,last_equity_funding_type,year_first_round,average_seed_investors_portfolio_organizations,regional_seed_investor_binary,regional_lead_seed_investor_binary,overregional_seed_investor_binary,overregional_lead_seed_investor_binary,avg_age_of_seed_investors,avg_exits_of_seed_investors,specific_vc_in_seed_binary,specific_lead_vc_in_seed_binary,target_vc_in_seed_binary,target_lead_vc_in_seed_binary,accelerator_funding_binary,accelerator_lead_funding_binary,angel_group_funding_binary,angel_group_lead_funding_binary,micro_vc_funding_binary,micro_vc_lead_funding_binary,corporate_vc_funding_binary,corporate_vc_lead_funding_binary,number_seed_investors_same_city,number_seed_lead_investors_same_city,seed_investor_same_city,seed_lead_investor_same_city,seed_investors_all_same_city,seed_investor_same_city_100,seed_lead_investor_same_city_100,seed_investor_same_city_70,seed_lead_investor_same_city_70,seed_investor_same_city_50,seed_lead_investor_same_city_50,seed_investor_same_city_40,seed_lead_investor_same_city_40,seed_investor_same_city_30,seed_lead_investor_same_city_30,seed_investor_same_city_20,seed_lead_investor_same_city_20,number_homecountry_investors,number_homecountry_lead_investors,homecountry_investor_in_seed_binary,homecountry_lead_investor,all_homecountry_investors_in_seed_binary,hub_vc_in_seed_binary,hub_lead_vc_in_seed_binary,global_investor,all_global_investor,us_investor,all_us_investor,dach_investor,all_dach_investor,european_investor,all_european_investor,vcs_within_50km,top_university_count,top_university_ecosystem_binary,founded_startups_in_environment,successful_startups_in_environment,share_successful_startups_in_environment,log_share_successful_startups_in_environment,distance_to_hub,avg_seed_investor_distance,minimum_seed_vc_distance,max_seed_investor_distance,minimum_seed_vc_distance_non_lead,avg_seed_vc_distance_non_lead,maximum_seed_vc_distance_non_lead,minimum_lead_seed_vc_distance,avg_lead_seed_vc_distance,maximum_lead_seed_vc_distance,avg_seed_investor_pairwise_distance,min_seed_investor_pairwise_distance,max_seed_investor_pairwise_distance,gdp_growth_founding_year,investment_volume_first_seed_year,exit_binary,funding_success,post_seed_funding,exit_funding_success,exit_round_success,success,exit_date,years_to_exit,number_seed_investors_same_city_20,number_seed_lead_investors_same_city_20,number_seed_investors_same_city_30,number_seed_lead_investors_same_city_30,number_seed_investors_same_city_40,number_seed_lead_investors_same_city_40,number_seed_investors_same_city_50,number_seed_lead_investors_same_city_50,number_seed_investors_same_city_70,number_seed_lead_investors_same_city_70,number_seed_investors_same_city_100,number_seed_lead_investors_same_city_100
4556,MYNGLE,https://www.crunchbase.com/organization/myngle,The Netherlands,52.3730796,4.8924534,2007,3.0,False,True,False,False,False,True,False,False,False,True,False,False,False,False,1,1,1,1.0,1.1,2008-03-28,2008-03-28,Seed,2008,37.0,True,True,False,False,4.0,10.0,False,False,True,True,False,False,False,False,False,False,False,False,1,1,True,True,True,True,True,True,True,True,True,True,True,True,True,True,True,1,1.0,True,True,True,True,True,False,False,False,False,False,False,True,True,169,1,True,2,0,0.0,0.0,0.0,0.0,0.0,0.0,0.0,0.0,0.0,0.0,0.0,0.0,0.0,0.0,0.0,3.16,5.559141984829935,False,False,False,False,False,False,,,1,1,1,1,1,1,1,1,1,1,1,1
4655,Matchhamster,https://www.crunchbase.com/organization/matchhamster,The Netherlands,52.3730796,4.8924534,2007,4.0,True,True,False,False,True,False,False,False,False,True,True,False,False,False,7,2,1,0.0,0.571864,2014-05-14,2015-03-01,Seed,2014,211.0,True,,False,,3.5,13.0,True,,True,,True,,False,,False,,False,,2,0,True,,True,True,,True,,True,,True,,True,,True,,2,,True,,True,True,,False,False,False,False,False,False,True,True,169,1,True,2,0,0.0,0.0,0.0,0.0,0.0,0.0,0.0,0.0,0.0,0.0,0.0,0.0,0.0,0.0,0.0,3.16,5.303304908059076,False,False,False,False,False,False,,,2,0,2,0,2,0,2,0,2,0,2,0
4222,CustomerGauge,https://www.crunchbase.com/organization/customergauge,The Netherlands,52.3730796,4.8924534,2007,2.0,True,True,False,False,True,False,False,False,False,True,True,False,False,True,13,1,1,1.0,0.0,2020-01-27,2020-01-27,Seed,2020,41.0,False,False,True,True,4.0,4.0,False,False,False,False,False,False,False,False,False,False,False,False,0,0,False,False,False,False,False,False,False,False,False,False,False,False,False,False,False,0,0.0,False,False,False,False,False,True,True,True,True,False,False,False,False,169,1,True,2,0,0.0,0.0,0.0,5.862266991071594,5.862266991071594,5.862266991071594,0.0,0.0,0.0,5.862266991071594,5.862266991071594,5.862266991071594,0.0,0.0,0.0,3.16,6.55250788703459,False,False,False,False,False,False,,,0,0,0,0,0,0,0,0,0,0,0,0
4452,Energy Floors,https://www.crunchbase.com/organization/energy-floors,The Netherlands,51.9244424,4.47775,2007,1.0,True,False,True,False,False,False,False,False,False,True,False,True,True,False,13,1,1,0.0,0.06147,2020-06-21,2020-06-21,Seed,2020,151.0,True,,False,,10.0,7.0,True,,False,,True,,False,,False,,False,,0,0,False,,False,True,,False,,False,,False,,False,,False,,1,,True,,True,False,,False,False,False,False,False,False,True,True,68,2,True,0,0,0.0,0.0,0.05735189574909011,0.08758965559566403,0.08758965559566403,0.08758965559566403,0.08758965559566403,0.08758965559566403,0.08758965559566403,0.0,0.0,0.0,0.0,0.0,0.0,3.16,6.55250788703459,False,False,False,False,False,False,,,0,0,0,0,0,0,0,0,0,0,1,0
4244,Photanol,https://www.crunchbase.com/organization/photanol,The Netherlands,52.3730796,4.8924534,2008,1.0,True,True,True,False,True,False,False,True,False,False,False,True,False,False,0,1,1,0.0,0.0,2008-03-01,2008-03-01,Venture - Series Unknown,2008,11.0,True,,False,,16.0,2.0,False,,False,,False,,False,,False,,False,,1,0,True,,True,True,,True,,True,,True,,True,,True,,1,,True,,True,True,,False,False,False,False,False,False,True,True,169,1,True,8,1,0.125,0.1177830356563834,0.0,0.0,0.0,0.0,0.0,0.0,0.0,0.0,0.0,0.0,0.0,0.0,0.0,0.64,5.559141984829935,False,False,True,False,True,True,,,1,0,1,0,1,0,1,0,1,0,1,0
3992,Catawiki,https://www.crunchbase.com/organization/catawiki,The Netherlands,52.3730796,4.8924534,2008,2.0,False,True,False,False,False,True,False,False,False,False,False,False,False,False,2,1,1,0.0,0.0,2010-07-23,2010-07-23,Private Equity,2010,61.0,True,,False,,3.0,8.0,False,,False,,False,,False,,False,,False,,1,0,True,,True,True,,True,,True,,True,,True,,True,,1,,True,,True,True,,False,False,False,False,False,False,True,True,169,1,True,8,1,0.125,0.1177830356563834,0.0,0.0,0.0,0.0,0.0,0.0,0.0,0.0,0.0,0.0,0.0,0.0,0.0,0.64,5.051137237405586,False,False,True,False,True,True,,,1,0,1,0,1,0,1,0,1,0,1,0
4731,Coblue Cybersecurity,https://www.crunchbase.com/organization/coblue-cybersecurity,The Netherlands,52.2658726,6.7924049,2008,2.0,True,False,False,False,False,True,False,False,False,True,False,False,False,False,8,1,1,0.0,0.0,2016-06-29,2016-06-29,Seed,2016,230.0,False,,True,,6.0,44.0,False,,False,,True,,False,,False,,False,,0,0,False,,False,False,,False,,False,,False,,False,,False,,0,,False,,False,True,,False,False,False,False,False,False,True,True,10,0,False,1,0,0.0,0.0,0.1296826587405441,0.23101732762099791,0.23101732762099791,0.23101732762099791,0.23101732762099791,0.23101732762099791,0.23101732762099791,0.0,0.0,0.0,0.0,0.0,0.0,0.64,5.303304908059076,False,False,False,False,False,False,,,0,0,0,0,0,0,0,0,0,0,0,0
4630,Yieldr,https://www.crunchbase.com/organization/yd-world,The Netherlands,52.3730796,4.8924534,2008,2.0,True,True,False,False,False,False,False,False,False,True,True,False,False,True,0,1,1,0.0,0.0,2008-02-05,2008-02-05,Series A,2008,1.0,True,,False,,0.0,0.0,False,,False,,False,,False,,False,,False,,1,0,True,,True,True,,True,,True,,True,,True,,True,,1,,True,,True,True,,False,False,False,False,False,False,True,True,169,1,True,8,1,0.125,0.1177830356563834,0.0,0.0,0.0,0.0,0.0,0.0,0.0,0.0,0.0,0.0,0.0,0.0,0.0,0.64,5.559141984829935,False,False,True,False,True,True,,,1,0,1,0,1,0,1,0,1,0,1,0
4437,JamesEdition,https://www.crunchbase.com/organization/james-edition,The Netherlands,52.3730796,4.8924534,2008,1.0,False,True,False,False,True,True,False,False,False,False,False,False,True,False,3,1,1,0.0,0.0,2011-11-01,2011-11-01,Venture - Series Unknown,2011,48.0,False,,True,,1.0,15.0,False,,False,,False,,False,,False,,False,,0,0,False,,False,False,,False,,False,,False,,False,,False,,0,,False,,False,True,,False,False,False,False,False,False,True,True,169,1,True,8,1,0.125,0.1177830356563834,0.0,0.35894534086299357,0.35894534086299357,0.35894534086299357,0.35894534086299357,0.35894534086299357,0.35894534086299357,0.0,0.0,0.0,0.0,0.0,0.0,0.64,4.999237249143887,False,False,True,False,True,True,,,0,0,0,0,0,0,0,0,0,0,0,0
4457,Lieferando,https://www.crunchbase.com/organization/lieferando,The Netherlands,52.3730796,4.8924534,2008,3.0,False,True,False,False,True,True,True,False,False,True,False,False,False,False,0,2,4,1.0,0.0,2008-12-01,2009-12-01,Venture - Series Unknown,2008,78.25,False,False,True,True,16.2,25.0,False,False,True,False,False,False,False,False,False,False,False,False,0,0,False,False,False,False,False,False,False,False,False,False,False,False,False,False,False,0,0.0,False,False,False,True,True,False,False,False,False,True,True,True,True,169,1,True,8,0,0.0,0.0,0.0,0.44222734979398015,0.2139751227370636,0.6140544602670924,0.2139751227370636,0.38495164630294265,0.5764433507366697,0.6140544602670924,0.6140544602670924,0.6140544602670924,0.40617371499357774,0.15260901775752392,0.668271913917405,0.64,5.559141984829935,True,False,True,True,True,True,2014-04-10,6.0,0,0,0,0,0,0,0,0,0,0,0,0
4513,Isobionics,https://www.crunchbase.com/organization/isobionics,The Netherlands,50.9699953,5.8267029,2008,1.0,True,False,False,False,True,False,False,True,False,False,False,False,False,False,0,1,1,0.0,0.0,2008-01-01,2008-01-01,Venture - Series Unknown,2008,20.0,True,,False,,0.0,8.0,True,,False,,False,,False,,False,,False,,0,0,False,,False,True,,True,,True,,True,,True,,True,,1,,True,,True,False,,False,False,False,False,False,False,True,True,25,0,False,0,0,0.0,0.0,0.10432577693599886,0.01627620940628143,0.01627620940628143,0.01627620940628143,0.01627620940628143,0.01627620940628143,0.01627620940628143,0.0,0.0,0.0,0.0,0.0,0.0,0.64,5.559141984829935,True,False,True,True,True,True,2019-09-27,11.0,1,0,1,0,1,0,1,0,1,0,1,0
4730,Flux,https://www.crunchbase.com/organization/flux-2,The Netherlands,52.3730796,4.8924534,2009,2.0,False,True,False,False,True,True,False,False,False,False,False,False,True,False,6,1,1,0.0,0.0432,2015-04-29,2015-04-29,Seed,2015,285.0,False,,True,,11.0,27.0,False,,True,,False,,False,,False,,False,,0,0,False,,False,False,,False,,False,,False,,False,,False,,0,,False,,False,False,,False,False,False,False,False,False,True,True,169,1,True,12,1,0.0833333333333333,0.0800427076735364,0.0,0.5175367594020396,0.5175367594020396,0.5175367594020396,0.5175367594020396,0.5175367594020396,0.5175367594020396,0.0,0.0,0.0,0.0,0.0,0.0,-4.35,5.303304908059076,False,False,False,False,False,False,,,0,0,0,0,0,0,0,0,0,0,0,0
4656,CheapCargo.com,https://www.crunchbase.com/organization/cheapcargo-com,The Netherlands,51.8474946,5.8637771,2009,1.0,False,False,False,False,True,True,False,False,False,False,False,False,False,False,1,1,1,1.0,0.0,2010-02-02,2010-02-02,Seed,2010,61.0,True,True,False,False,3.0,8.0,False,False,False,False,False,False,False,False,False,False,False,False,0,0,False,False,False,True,True,False,False,False,False,False,False,False,False,False,False,1,1.0,True,True,True,True,True,False,False,False,False,False,False,True,True,12,1,True,0,0,0.0,0.0,0.08840311608630631,0.08840311608630658,0.08840311608630658,0.08840311608630658,0.0,0.0,0.0,0.08840311608630658,0.08840311608630658,0.08840311608630658,0.0,0.0,0.0,-4.35,5.051137237405586,True,False,False,True,True,True,2017-11-30,8.0,0,0,0,0,0,0,0,0,0,0,1,1
4499,Careibu,https://www.crunchbase.com/organization/de-vinderij,The Netherlands,52.3730796,4.8924534,2009,3.0,False,True,False,False,True,False,False,False,False,False,False,False,False,True,7,1,1,0.0,0.017112,2016-01-01,2016-01-01,Seed,2016,7.0,True,,False,,0.0,0.0,False,,False,,False,,False,,False,,False,,1,0,True,,True,True,,True,,True,,True,,True,,True,,1,,True,,True,True,,False,False,False,False,False,False,True,True,169,1,True,12,1,0.0833333333333333,0.0800427076735364,0.0,0.0,0.0,0.0,0.0,0.0,0.0,0.0,0.0,0.0,0.0,0.0,0.0,-4.35,5.303304908059076,False,False,False,False,False,False,,,1,0,1,0,1,0,1,0,1,0,1,0
3997,HousingAnywhere,https://www.crunchbase.com/organization/housinganywhere-com,The Netherlands,51.9244424,4.47775,2009,1.0,False,False,False,False,False,True,False,False,True,True,False,False,True,False,5,1,1,1.0,1.0,2014-08-21,2014-08-21,Series C,2014,37.0,True,True,False,False,10.0,10.0,False,False,True,True,False,False,False,False,False,False,False,False,0,0,False,False,False,True,True,True,True,False,False,False,False,False,False,False,False,1,1.0,True,True,True,True,True,False,False,False,False,False,False,True,True,68,2,True,1,0,0.0,0.0,0.05735189574909011,0.057351895749089894,0.057351895749089894,0.057351895749089894,0.0,0.0,0.0,0.057351895749089894,0.057351895749089894,0.057351895749089894,0.0,0.0,0.0,-4.35,5.303304908059076,False,True,True,True,True,True,,,0,0,0,0,0,0,0,0,1,1,1,1
4737,Methods2Business,https://www.crunchbase.com/organization/methods2business,The Netherlands,51.4392648,5.478633,2010,1.0,True,False,False,False,True,True,False,False,False,True,False,False,False,False,6,1,1,0.0,0.0,2016-07-01,2016-07-01,Seed,2016,102.0,True,,False,,33.0,13.0,False,,False,,False,,False,,False,,False,,0,0,False,,False,True,,True,,True,,True,,False,,False,,1,,True,,True,False,,False,False,False,False,False,False,True,True,15,1,True,1,0,0.0,0.0,0.1025854152192535,0.032862855590003515,0.032862855590003515,0.032862855590003515,0.032862855590003515,0.032862855590003515,0.032862855590003515,0.0,0.0,0.0,0.0,0.0,0.0,2.23,5.303304908059076,False,False,False,False,False,False,,,0,0,0,0,1,0,1,0,1,0,1,0
4650,BeGreen,https://www.crunchbase.com/organization/begreen,The Netherlands,52.1562499,5.3896944,2010,1.0,False,False,True,False,False,False,False,False,False,False,False,True,False,False,4,1,1,0.0,0.0,2014-12-18,2014-12-18,Venture - Series Unknown,2014,12.0,True,,False,,2.0,1.0,False,,False,,False,,False,,False,,False,,0,0,False,,False,True,,True,,False,,False,,False,,False,,1,,True,,True,False,,False,False,False,False,False,False,True,True,166,1,True,2,0,0.0,0.0,0.04154943615786364,0.06189470333468106,0.06189470333468106,0.06189470333468106,0.06189470333468106,0.06189470333468106,0.06189470333468106,0.0,0.0,0.0,0.0,0.0,0.0,2.23,5.303304908059076,False,False,True,False,True,True,,,0,0,0,0,0,0,0,0,1,0,1,0
4710,ThermoSmart,https://www.crunchbase.com/organization/thermosmart,The Netherlands,51.984257,5.9108573,2010,3.0,True,False,False,False,False,True,False,False,False,True,False,False,True,False,0,1,1,1.0,0.0,2010-12-01,2010-12-01,Venture - Series Unknown,2010,151.0,True,True,False,False,0.0,7.0,True,True,False,False,True,True,False,False,False,False,False,False,0,0,False,False,False,True,True,True,True,False,False,False,False,False,False,False,False,1,1.0,True,True,True,False,False,False,False,False,False,False,False,True,True,14,1,True,0,0,0.0,0.0,0.08179828868421847,0.06752173495427961,0.06752173495427961,0.06752173495427961,0.0,0.0,0.0,0.06752173495427961,0.06752173495427961,0.06752173495427961,0.0,0.0,0.0,2.23,5.051137237405586,False,False,True,False,True,True,,,0,0,0,0,0,0,0,0,1,1,1,1
4658,Fashiolista,https://www.crunchbase.com/organization/fashiolista,The Netherlands,52.3730796,4.8924534,2010,4.0,False,True,False,False,True,True,False,False,False,False,False,False,False,False,1,1,1,0.0,0.5,2011-01-12,2011-01-12,Seed,2011,154.0,False,,True,,5.0,42.0,False,,True,,False,,False,,False,,False,,0,0,False,,False,False,,False,,False,,False,,False,,False,,0,,False,,False,True,,False,False,False,False,False,False,True,True,169,1,True,27,9,0.3333333333333333,0.2876820724517809,0.0,0.35894534086299357,0.35894534086299357,0.35894534086299357,0.35894534086299357,0.35894534086299357,0.35894534086299357,0.0,0.0,0.0,0.0,0.0,0.0,2.23,4.999237249143887,True,False,False,True,True,True,2017-02-20,7.0,0,0,0,0,0,0,0,0,0,0,0,0
4755,Peerz,https://www.crunchbase.com/organization/peerz,The Netherlands,52.3730796,4.8924534,2010,1.0,False,True,False,False,True,True,False,True,False,False,False,False,False,False,0,2,2,0.0,0.144892,2010-01-14,2011-09-01,Seed,2010,5.5,True,,True,,6.0,3.0,False,,False,,False,,False,,False,,False,,1,0,True,,False,True,,True,,True,,True,,True,,True,,1,,True,,False,True,,True,True,True,False,False,False,True,False,169,1,True,27,10,0.3703703703703703,0.3150810466398953,0.0,3.9501480562479228,0.0,7.9002961124958455,0.0,3.9501480562479228,7.9002961124958455,0.0,0.0,0.0,7.9002961124958455,7.9002961124958455,7.9002961124958455,2.23,5.051137237405586,False,False,False,False,False,False,,,1,0,1,0,1,0,1,0,1,0,1,0
4777,Devergy,https://www.crunchbase.com/organization/devergy,The Netherlands,52.3730796,4.8924534,2010,1.0,True,True,True,False,False,False,False,False,False,False,False,False,False,False,5,1,3,0.0,0.0,2015-10-27,2015-10-27,Seed,2015,55.666666666666664,False,,True,,6.7,1.7,True,,False,,False,,False,,False,,False,,0,0,False,,False,False,,False,,False,,False,,False,,False,,0,,False,,False,True,,True,True,True,False,False,False,True,False,169,1,True,27,10,0.3703703703703703,0.3150810466398953,0.0,4.184695167967308,0.829551521758739,5.862266991071594,0.829551521758739,4.184695167967308,5.862266991071594,0.0,0.0,0.0,4.309494117486348,0.0,6.464241176229522,2.23,5.303304908059076,False,False,False,False,False,False,,,0,0,0,0,0,0,0,0,0,0,0,0
4793,LayerGloss,https://www.crunchbase.com/organization/layergloss,The Netherlands,52.3730796,4.8924534,2010,1.0,False,True,False,False,False,False,False,False,False,True,True,False,False,False,2,1,1,0.0,0.424583,2012-04-04,2012-04-04,Seed,2012,31.0,True,,False,,2.0,7.0,False,,False,,True,,False,,False,,False,,1,0,True,,True,True,,True,,True,,True,,True,,True,,1,,True,,True,True,,False,False,False,False,False,False,True,True,169,1,True,27,10,0.3703703703703703,0.3150810466398953,0.0,0.0,0.0,0.0,0.0,0.0,0.0,0.0,0.0,0.0,0.0,0.0,0.0,2.23,4.9473404437239425,False,False,False,False,False,False,,,1,0,1,0,1,0,1,0,1,0,1,0
4088,Fairphone,https://www.crunchbase.com/organization/fairphone,The Netherlands,52.3730796,4.8924534,2010,2.0,False,True,False,False,True,True,False,False,False,True,False,False,False,False,2,2,2,0.0,0.023477,2012-07-01,2013-03-01,Venture - Series Unknown,2012,112.0,False,,True,,0.7,3.3,True,,False,,True,,False,,False,,False,,0,0,False,,False,False,,False,,False,,False,,False,,False,,0,,False,,False,True,,False,False,False,False,False,False,True,True,169,1,True,27,9,0.3333333333333333,0.2876820724517809,0.0,0.35894534086299357,0.35894534086299357,0.35894534086299357,0.35894534086299357,0.35894534086299357,0.35894534086299357,0.0,0.0,0.0,0.0,0.0,0.0,2.23,4.9473404437239425,False,True,True,True,True,True,,,0,0,0,0,0,0,0,0,0,0,0,0
4014,StudyTube,https://www.crunchbase.com/organization/studytube,The Netherlands,52.3730796,4.8924534,2010,1.0,False,True,False,False,False,True,False,False,False,True,False,False,False,False,3,2,1,1.0,1.974908,2013-02-02,2014-09-15,Series B,2013,37.0,True,True,False,False,9.5,10.0,False,False,True,True,False,False,False,False,False,False,False,False,2,2,True,True,True,True,True,True,True,True,True,True,True,True,True,True,True,2,2.0,True,True,True,True,True,False,False,False,False,False,False,True,True,169,1,True,27,9,0.3333333333333333,0.2876820724517809,0.0,0.0,0.0,0.0,0.0,0.0,0.0,0.0,0.0,0.0,0.0,0.0,0.0,2.23,5.303304908059076,False,True,True,True,True,True,,,2,2,2,2,2,2,2,2,2,2,2,2
4279,Mint Solutions,https://www.crunchbase.com/organization/mint-solutions,The Netherlands,52.3730796,4.8924534,2010,3.0,True,True,False,False,False,False,False,True,False,True,False,False,False,False,0,1,1,0.0,0.020111,2010-04-01,2010-04-01,Series B,2010,31.0,False,,True,,12.0,3.0,False,,False,,False,,False,,False,,False,,0,0,False,,False,False,,False,,False,,False,,False,,False,,0,,False,,False,False,,False,False,False,False,False,False,True,True,169,1,True,27,10,0.3703703703703703,0.3150810466398953,0.0,2.0188517984852927,2.0188517984852927,2.0188517984852927,2.0188517984852927,2.0188517984852927,2.0188517984852927,0.0,0.0,0.0,0.0,0.0,0.0,2.23,5.051137237405586,False,False,True,False,True,True,,,0,0,0,0,0,0,0,0,0,0,0,0
4483,Sigmascreening,https://www.crunchbase.com/organization/sigmascreening,The Netherlands,52.3730796,4.8924534,2010,1.0,True,True,False,False,True,True,False,True,False,False,False,False,False,False,0,1,1,0.0,0.0,2010-07-17,2010-07-17,Venture - Series Unknown,2010,11.0,True,,False,,18.0,2.0,False,,False,,False,,False,,False,,False,,1,0,True,,True,True,,True,,True,,True,,True,,True,,1,,True,,True,True,,False,False,False,False,False,False,True,True,169,1,True,27,9,0.3333333333333333,0.2876820724517809,0.0,0.0,0.0,0.0,0.0,0.0,0.0,0.0,0.0,0.0,0.0,0.0,0.0,2.23,5.051137237405586,True,False,True,True,True,True,2022-11-08,12.0,1,0,1,0,1,0,1,0,1,0,1,0
4536,Ubiqu,https://www.crunchbase.com/organization/ubiqu,The Netherlands,51.9244424,4.47775,2010,1.0,True,False,False,False,False,False,False,False,False,True,False,False,False,False,4,1,1,0.0,0.0,2014-11-01,2014-11-01,Seed,2014,230.0,False,,True,,4.0,44.0,False,,False,,True,,False,,False,,False,,0,0,False,,False,False,,False,,False,,False,,False,,False,,0,,False,,False,True,,False,False,False,False,False,False,True,True,68,2,True,3,1,0.3333333333333333,0.2876820724517809,0.05735189574909011,0.12017407917364818,0.12017407917364818,0.12017407917364818,0.12017407917364818,0.12017407917364818,0.12017407917364818,0.0,0.0,0.0,0.0,0.0,0.0,2.23,5.303304908059076,False,False,False,False,False,False,,,0,0,0,0,0,0,0,0,0,0,0,0
4539,Workspace 365,https://www.crunchbase.com/organization/workspace-365,The Netherlands,52.2148536,5.4781463,2010,2.0,True,False,False,False,False,False,False,False,False,True,False,False,False,False,3,1,1,0.0,0.0,2013-11-01,2013-11-01,Seed,2013,24.0,True,,False,,8.0,3.0,False,,False,,False,,False,,False,,False,,0,0,False,,False,True,,True,,True,,True,,True,,False,,1,,True,,True,False,,False,False,False,False,False,False,True,True,164,0,False,2,0,0.0,0.0,0.043544260732634725,0.020956094603570796,0.020956094603570796,0.020956094603570796,0.020956094603570796,0.020956094603570796,0.020956094603570796,0.0,0.0,0.0,0.0,0.0,0.0,2.23,5.303304908059076,False,False,False,False,False,False,,,0,0,1,0,1,0,1,0,1,0,1,0
4570,Silk,https://www.crunchbase.com/organization/silk,The Netherlands,52.3730796,4.8924534,2010,1.0,True,True,False,False,True,False,False,False,False,True,True,False,False,False,1,3,2,1.0,3.6559,2011-05-18,2013-10-07,Seed,2011,154.0,False,False,True,True,20.5,326.5,False,False,True,True,False,False,False,False,False,False,False,False,0,0,False,False,False,False,False,False,False,False,False,False,False,False,False,False,False,0,0.0,False,False,False,True,False,True,True,True,False,False,False,True,False,169,1,True,27,9,0.3333333333333333,0.2876820724517809,0.0,4.576055578038033,0.35894534086299357,8.79316581521307,0.35894534086299357,3.170352165646353,8.79316581521307,8.79316581521307,8.79316581521307,8.79316581521307,5.757249891040537,0.0,8.635874836560806,2.23,4.999237249143887,True,False,False,True,True,True,2016-08-10,6.0,0,0,0,0,0,0,0,0,0,0,0,0
4335,Nemo Healthcare,https://www.crunchbase.com/organization/nemo-healthcare,The Netherlands,51.4190691,5.4045572,2010,3.0,True,False,False,False,False,False,False,True,False,False,False,False,False,False,1,1,1,0.0,0.0,2011-12-11,2011-12-11,Seed,2011,102.0,True,,False,,28.0,13.0,False,,False,,False,,False,,False,,False,,0,0,False,,False,True,,True,,True,,True,,True,,False,,1,,True,,True,False,,False,False,False,False,False,False,True,True,14,1,True,1,0,0.0,0.0,0.09720818386966136,0.029864919530163212,0.029864919530163212,0.029864919530163212,0.029864919530163212,0.029864919530163212,0.029864919530163212,0.0,0.0,0.0,0.0,0.0,0.0,2.23,4.999237249143887,False,False,False,False,False,False,,,0,0,1,0,1,0,1,0,1,0,1,0
4380,TRVL,https://www.crunchbase.com/organization/trvl,The Netherlands,52.3730796,4.8924534,2010,2.0,False,True,False,False,False,True,False,False,False,False,False,False,False,True,7,1,1,1.0,3.0,2017-01-01,2017-01-01,Seed,2017,12.0,True,True,False,False,2.0,3.0,False,False,False,False,False,False,False,False,False,False,False,False,1,1,True,True,True,True,True,True,True,True,True,True,True,True,True,True,True,1,1.0,True,True,True,True,True,False,False,False,False,False,False,True,True,169,1,True,27,10,0.3703703703703703,0.3150810466398953,0.0,0.0,0.0,0.0,0.0,0.0,0.0,0.0,0.0,0.0,0.0,0.0,0.0,2.23,5.993961427306569,False,False,False,False,False,False,,,1,1,1,1,1,1,1,1,1,1,1,1
4414,Syndy,https://www.crunchbase.com/organization/syndicate-plus,The Netherlands,52.3028209,4.8596844,2010,2.0,True,True,False,False,False,True,False,False,False,True,True,False,False,False,3,2,2,1.0,2.0,2013-04-12,2014-12-10,Venture - Series Unknown,2013,107.5,True,True,False,False,2.0,8.0,True,False,True,False,True,False,False,False,False,False,False,False,1,0,True,False,False,True,True,True,True,True,True,True,True,True,True,True,False,2,1.0,True,True,True,True,False,False,False,False,False,False,False,True,True,203,1,True,26,9,0.3461538461538461,0.2972515234679316,0.008123444411877762,0.01885119360942987,0.00812344441187767,0.029578942806982082,0.00812344441187767,0.00812344441187767,0.00812344441187767,0.029578942806982082,0.029578942806982082,0.029578942806982082,0.03506221428913354,0.03506221428913354,0.03506221428913354,2.23,5.303304908059076,True,False,True,True,True,True,2018-03-05,8.0,1,0,2,1,2,1,2,1,2,1,2,1
3958,Mambu,https://www.crunchbase.com/organization/mambu,The Netherlands,52.3730796,4.8924534,2011,3.0,True,True,False,False,False,False,False,False,True,True,False,False,False,False,0,1,1,1.0,0.821396,2011-01-26,2011-01-26,Series E,2011,30.0,False,False,True,True,11.0,5.0,True,True,False,False,False,False,False,False,False,False,False,False,0,0,False,False,False,False,False,False,False,False,False,False,False,False,False,False,False,0,0.0,False,False,False,False,False,False,False,False,False,True,True,True,True,169,1,True,45,13,0.2888888888888888,0.2537805207760995,0.0,0.44851615708840975,0.44851615708840975,0.44851615708840975,0.0,0.0,0.0,0.44851615708840975,0.44851615708840975,0.44851615708840975,0.0,0.0,0.0,1.9,4.999237249143887,False,True,True,True,True,True,,,0,0,0,0,0,0,0,0,0,0,0,0
4662,Localsensor,https://www.crunchbase.com/organization/localsensor,The Netherlands,52.3730796,4.8924534,2011,2.0,True,True,False,False,False,False,False,False,False,True,True,False,False,False,1,2,2,0.0,0.427784,2012-04-04,2013-11-06,Seed,2012,19.0,True,,False,,2.0,3.5,False,,False,,True,,False,,False,,False,,2,0,True,,True,True,,True,,True,,True,,True,,True,,2,,True,,True,True,,False,False,False,False,False,False,True,True,169,1,True,45,14,0.3111111111111111,0.2708749541353997,0.0,0.0,0.0,0.0,0.0,0.0,0.0,0.0,0.0,0.0,0.0,0.0,0.0,1.9,4.9473404437239425,False,False,False,False,False,False,,,2,0,2,0,2,0,2,0,2,0,2,0
4682,PeerReach,https://www.crunchbase.com/organization/peerreach,The Netherlands,52.3730796,4.8924534,2011,2.0,True,True,False,False,False,False,False,False,False,True,True,False,False,False,1,1,1,0.0,0.31,2012-11-23,2012-11-23,Seed,2012,7.0,True,,False,,0.0,0.0,False,,False,,False,,False,,False,,False,,1,0,True,,True,True,,True,,True,,True,,True,,True,,1,,True,,True,True,,False,False,False,False,False,False,True,True,169,1,True,45,14,0.3111111111111111,0.2708749541353997,0.0,0.0,0.0,0.0,0.0,0.0,0.0,0.0,0.0,0.0,0.0,0.0,0.0,1.9,4.9473404437239425,False,False,False,False,False,False,,,1,0,1,0,1,0,1,0,1,0,1,0
4515,AliveShoes,https://www.crunchbase.com/organization/aliveshoes,The Netherlands,52.3730796,4.8924534,2011,3.0,False,True,False,False,True,True,False,False,False,True,False,False,False,False,2,1,1,0.0,1.01981,2013-01-02,2013-01-02,Seed,2013,31.0,True,,False,,3.0,7.0,False,,False,,True,,False,,False,,False,,1,0,True,,True,True,,True,,True,,True,,True,,True,,1,,True,,True,True,,False,False,False,False,False,False,True,True,169,1,True,45,14,0.3111111111111111,0.2708749541353997,0.0,0.0,0.0,0.0,0.0,0.0,0.0,0.0,0.0,0.0,0.0,0.0,0.0,1.9,5.303304908059076,False,False,False,False,False,False,,,1,0,1,0,1,0,1,0,1,0,1,0
4558,Startup Stock Exchange,https://www.crunchbase.com/organization/startup-stock-exchange,The Netherlands,51.6923601,4.4383531,2011,2.0,True,False,False,False,False,True,False,False,True,False,False,False,False,True,1,1,1,0.0,0.2,2012-08-01,2012-08-01,Angel,2012,144.0,False,,True,,2.0,31.0,False,,False,,False,,False,,False,,False,,0,0,False,,False,False,,False,,False,,False,,False,,False,,0,,False,,False,False,,True,True,True,True,False,False,False,False,47,0,False,0,0,0.0,0.0,0.08181858679578101,8.563887181078632,8.563887181078632,8.563887181078632,8.563887181078632,8.563887181078632,8.563887181078632,0.0,0.0,0.0,0.0,0.0,0.0,1.9,4.9473404437239425,True,False,False,True,True,True,2016-05-06,5.0,0,0,0,0,0,0,0,0,0,0,0,0
4565,SCOUPY,https://www.crunchbase.com/organization/scoupy,The Netherlands,52.3028209,4.8596844,2011,1.0,False,True,False,False,False,False,False,False,False,True,True,False,False,False,1,2,1,0.0,2.590593,2012-10-22,2014-09-16,Seed,2012,18.0,True,,False,,1.0,4.0,False,,False,,False,,False,,False,,False,,0,0,False,,False,True,,True,,True,,True,,True,,True,,2,,True,,True,True,,False,False,False,False,False,False,True,True,203,1,True,44,13,0.2954545454545454,0.2588616339162889,0.008123444411877762,0.0113601329047156,0.0113601329047156,0.0113601329047156,0.0113601329047156,0.0113601329047156,0.0113601329047156,0.0,0.0,0.0,0.0,0.0,0.0,1.9,4.9473404437239425,True,False,False,True,True,True,2022-09-02,11.0,2,0,2,0,2,0,2,0,2,0,2,0
4588,Casengo,https://www.crunchbase.com/organization/casengo,The Netherlands,52.3730796,4.8924534,2011,2.0,True,True,False,False,True,False,False,False,False,True,True,False,False,True,3,1,1,1.0,2.0,2014-04-08,2014-04-08,Seed,2014,37.0,True,True,False,False,10.0,10.0,False,False,True,True,False,False,False,False,False,False,False,False,1,1,True,True,True,True,True,True,True,True,True,True,True,True,True,True,True,1,1.0,True,True,True,True,True,False,False,False,False,False,False,True,True,169,1,True,45,14,0.3111111111111111,0.2708749541353997,0.0,0.0,0.0,0.0,0.0,0.0,0.0,0.0,0.0,0.0,0.0,0.0,0.0,1.9,5.303304908059076,False,False,False,False,False,False,,,1,1,1,1,1,1,1,1,1,1,1,1
4597,Preceyes,https://www.crunchbase.com/organization/preceyes,The Netherlands,51.4392648,5.478633,2011,1.0,True,False,False,False,False,False,False,True,False,True,False,False,False,False,5,1,1,0.0,0.0,2016-03-03,2016-03-03,Seed,2016,102.0,True,,False,,33.0,13.0,False,,False,,False,,False,,False,,False,,0,0,False,,False,True,,True,,True,,True,,False,,False,,1,,True,,True,False,,False,False,False,False,False,False,True,True,15,1,True,2,0,0.0,0.0,0.1025854152192535,0.032862855590003515,0.032862855590003515,0.032862855590003515,0.032862855590003515,0.032862855590003515,0.032862855590003515,0.0,0.0,0.0,0.0,0.0,0.0,1.9,5.303304908059076,False,False,False,False,False,False,,,0,0,0,0,1,0,1,0,1,0,1,0
4816,Nexi.me,https://www.crunchbase.com/organization/nexi,The Netherlands,52.3730796,4.8924534,2011,3.0,True,True,False,False,True,False,False,False,False,True,True,False,False,True,1,1,1,0.0,0.027346,2012-03-26,2012-03-26,Seed,2012,211.0,True,,False,,1.0,13.0,True,,True,,True,,False,,False,,False,,1,0,True,,True,True,,True,,True,,True,,True,,True,,1,,True,,True,True,,False,False,False,False,False,False,True,True,169,1,True,45,14,0.3111111111111111,0.2708749541353997,0.0,0.0,0.0,0.0,0.0,0.0,0.0,0.0,0.0,0.0,0.0,0.0,0.0,1.9,4.9473404437239425,False,False,False,False,False,False,,,1,0,1,0,1,0,1,0,1,0,1,0
4811,VideoAvatars,https://www.crunchbase.com/organization/videoavatars,The Netherlands,52.3730796,4.8924534,2011,2.0,True,True,False,False,False,False,False,False,False,False,True,False,False,False,1,1,1,0.0,0.021195,2012-03-01,2012-03-01,Seed,2012,211.0,True,,False,,1.0,13.0,True,,True,,True,,False,,False,,False,,1,0,True,,True,True,,True,,True,,True,,True,,True,,1,,True,,True,True,,False,False,False,False,False,False,True,True,169,1,True,45,14,0.3111111111111111,0.2708749541353997,0.0,0.0,0.0,0.0,0.0,0.0,0.0,0.0,0.0,0.0,0.0,0.0,0.0,1.9,4.9473404437239425,False,False,False,False,False,False,,,1,0,1,0,1,0,1,0,1,0,1,0
4732,Presentain,https://www.crunchbase.com/organization/presentain,The Netherlands,52.3730796,4.8924534,2011,2.0,True,True,False,False,False,True,False,False,False,True,True,False,False,False,2,1,1,0.0,0.01981,2013-01-02,2013-01-02,Angel,2013,31.0,True,,False,,3.0,7.0,False,,False,,True,,False,,False,,False,,1,0,True,,True,True,,True,,True,,True,,True,,True,,1,,True,,True,True,,False,False,False,False,False,False,True,True,169,1,True,45,14,0.3111111111111111,0.2708749541353997,0.0,0.0,0.0,0.0,0.0,0.0,0.0,0.0,0.0,0.0,0.0,0.0,0.0,1.9,5.303304908059076,False,False,False,False,False,False,,,1,0,1,0,1,0,1,0,1,0,1,0
4742,imgZine,https://www.crunchbase.com/organization/imgzine,The Netherlands,52.3730796,4.8924534,2011,1.0,False,True,False,False,False,False,False,False,False,True,True,False,False,True,1,1,1,0.0,0.0,2012-07-01,2012-07-01,Seed,2012,211.0,True,,False,,1.0,13.0,True,,True,,True,,False,,False,,False,,1,0,True,,True,True,,True,,True,,True,,True,,True,,1,,True,,True,True,,False,False,False,False,False,False,True,True,169,1,True,45,13,0.2888888888888888,0.2537805207760995,0.0,0.0,0.0,0.0,0.0,0.0,0.0,0.0,0.0,0.0,0.0,0.0,0.0,1.9,4.9473404437239425,True,False,False,True,True,True,2016-12-27,5.0,1,0,1,0,1,0,1,0,1,0,1,0
4785,E-bon,https://www.crunchbase.com/organization/e-bon,The Netherlands,52.3730796,4.8924534,2011,1.0,False,True,False,False,False,True,False,False,False,False,False,False,False,False,1,1,1,0.0,0.0,2012-09-01,2012-09-01,Angel,2012,24.0,True,,False,,7.0,3.0,False,,False,,False,,False,,False,,False,,0,0,False,,False,True,,True,,True,,True,,False,,False,,1,,True,,True,False,,False,False,False,False,False,False,True,True,169,1,True,45,14,0.3111111111111111,0.2708749541353997,0.0,0.03447234597272626,0.03447234597272626,0.03447234597272626,0.03447234597272626,0.03447234597272626,0.03447234597272626,0.0,0.0,0.0,0.0,0.0,0.0,1.9,4.9473404437239425,False,False,False,False,False,False,,,0,0,0,0,1,0,1,0,1,0,1,0
4134,Marie-Stella-Maris,https://www.crunchbase.com/organization/marie-stella-maris,The Netherlands,52.3730796,4.8924534,2011,1.0,False,True,False,False,True,True,False,True,False,False,False,True,False,True,9,1,1,1.0,3.621242,2020-12-01,2020-12-01,Series A,2020,1.0,True,True,False,False,14.0,0.0,True,True,False,False,False,False,False,False,False,False,False,False,1,1,True,True,True,True,True,True,True,True,True,True,True,True,True,True,True,1,1.0,True,True,True,True,True,False,False,False,False,False,False,True,True,169,1,True,45,14,0.3111111111111111,0.2708749541353997,0.0,0.0,0.0,0.0,0.0,0.0,0.0,0.0,0.0,0.0,0.0,0.0,0.0,1.9,6.55250788703459,False,False,True,False,True,True,,,1,1,1,1,1,1,1,1,1,1,1,1
3996,Cleeng,https://www.crunchbase.com/organization/cleeng,The Netherlands,52.3730796,4.8924534,2011,4.0,True,True,False,False,True,False,False,False,True,True,True,False,False,True,4,1,1,0.0,0.0,2015-05-01,2015-05-01,Series B,2015,12.0,True,,False,,6.0,2.0,False,,False,,False,,False,,False,,False,,1,0,True,,True,True,,True,,True,,True,,True,,True,,1,,True,,True,True,,False,False,False,False,False,False,True,True,169,1,True,45,14,0.3111111111111111,0.2708749541353997,0.0,0.0,0.0,0.0,0.0,0.0,0.0,0.0,0.0,0.0,0.0,0.0,0.0,1.9,5.303304908059076,False,False,True,False,True,True,,,1,0,1,0,1,0,1,0,1,0,1,0
4072,ValueBlue,https://www.crunchbase.com/organization/valueblue,The Netherlands,52.0907006,5.1215634,2011,1.0,True,False,False,False,True,False,False,False,False,True,False,False,False,True,8,1,1,1.0,2.2773,2019-06-21,2019-06-21,Series B,2019,51.0,True,True,False,False,19.0,13.0,False,False,False,False,False,False,False,False,False,False,False,False,0,0,False,False,False,True,True,True,True,True,True,True,True,False,False,False,False,1,1.0,True,True,True,True,True,False,False,False,False,False,False,True,True,194,1,True,7,1,0.1428571428571428,0.1335313926245225,0.035062214289133406,0.03506221428913354,0.03506221428913354,0.03506221428913354,0.0,0.0,0.0,0.03506221428913354,0.03506221428913354,0.03506221428913354,0.0,0.0,0.0,1.9,6.2166061010848646,False,False,True,False,True,True,,,0,0,0,0,1,1,1,1,1,1,1,1
4074,Ecochain Technologies,https://www.crunchbase.com/organization/ecochain-technologies,The Netherlands,52.3730796,4.8924534,2011,2.0,True,True,False,False,True,False,False,False,False,True,False,True,False,False,9,1,1,1.0,0.0,2020-10-01,2020-10-01,Venture - Series Unknown,2020,43.0,False,False,True,True,6.0,6.0,False,False,False,False,False,False,False,False,False,False,False,False,0,0,False,False,False,False,False,False,False,False,False,False,False,False,False,False,False,0,0.0,False,False,False,False,False,False,False,False,False,False,False,True,True,169,1,True,45,14,0.3111111111111111,0.2708749541353997,0.0,0.1672919851118628,0.1672919851118628,0.1672919851118628,0.0,0.0,0.0,0.1672919851118628,0.1672919851118628,0.1672919851118628,0.0,0.0,0.0,1.9,6.55250788703459,False,False,True,False,True,True,,,0,0,0,0,0,0,0,0,0,0,0,0
4462,SolarNow,https://www.crunchbase.com/organization/solarnow,The Netherlands,51.8474946,5.8637771,2011,1.0,True,False,True,True,False,False,False,False,False,False,False,True,False,False,2,1,1,1.0,0.0,2013-02-14,2013-02-14,Series B,2013,18.0,False,False,True,True,4.0,4.0,True,True,False,False,False,False,False,False,False,False,False,False,0,0,False,False,False,False,False,False,False,False,False,False,False,False,False,False,False,0,0.0,False,False,False,False,False,True,True,True,True,False,False,False,False,12,1,True,2,1,0.5,0.4054651081081644,0.08840311608630631,7.143219104918862,7.143219104918862,7.143219104918862,0.0,0.0,0.0,7.143219104918862,7.143219104918862,7.143219104918862,0.0,0.0,0.0,1.9,5.303304908059076,False,False,True,False,True,True,,,0,0,0,0,0,0,0,0,0,0,0,0
4479,Rural Spark,https://www.crunchbase.com/organization/rural-spark,The Netherlands,51.6889387,5.303116,2011,3.0,True,False,False,False,True,False,False,False,False,False,False,False,False,False,3,1,1,0.0,0.0,2014-09-12,2014-09-12,Seed,2014,80.0,False,,True,,0.0,16.0,False,,False,,False,,False,,False,,False,,0,0,False,,False,False,,False,,False,,False,,False,,False,,0,,False,,False,False,,True,True,True,True,False,False,False,False,37,0,False,1,0,0.0,0.0,0.08109443280065959,8.848583886225816,8.848583886225816,8.848583886225816,8.848583886225816,8.848583886225816,8.848583886225816,0.0,0.0,0.0,0.0,0.0,0.0,1.9,5.303304908059076,False,False,False,False,False,False,,,0,0,0,0,0,0,0,0,0,0,0,0
4506,QwikSense,https://www.crunchbase.com/organization/qwiksense,The Netherlands,52.0907006,5.1215634,2011,3.0,True,False,True,False,False,False,False,False,False,True,False,False,False,False,2,1,1,0.0,0.0,2013-11-11,2013-11-11,Venture - Series Unknown,2013,211.0,True,,False,,2.0,13.0,True,,True,,True,,False,,False,,False,,0,0,False,,False,True,,True,,True,,True,,False,,False,,1,,True,,True,True,,False,False,False,False,False,False,True,True,194,1,True,7,1,0.1428571428571428,0.1335313926245225,0.035062214289133406,0.03506221428913354,0.03506221428913354,0.03506221428913354,0.03506221428913354,0.03506221428913354,0.03506221428913354,0.0,0.0,0.0,0.0,0.0,0.0,1.9,5.303304908059076,False,False,True,False,True,True,,,0,0,0,0,1,0,1,0,1,0,1,0
4321,Solease,https://www.crunchbase.com/organization/solease,The Netherlands,52.0907006,5.1215634,2011,2.0,True,False,True,True,False,False,False,False,False,False,False,True,False,False,4,1,1,1.0,0.89533,2015-10-01,2015-10-01,Venture - Series Unknown,2015,1.0,True,True,False,False,1.0,0.0,False,False,False,False,False,False,False,False,False,False,False,False,1,1,True,True,True,True,True,True,True,True,True,True,True,True,True,True,True,1,1.0,True,True,True,False,False,False,False,False,False,False,False,True,True,194,1,True,7,1,0.1428571428571428,0.1335313926245225,0.035062214289133406,0.0,0.0,0.0,0.0,0.0,0.0,0.0,0.0,0.0,0.0,0.0,0.0,1.9,5.303304908059076,False,False,True,False,True,True,,,1,1,1,1,1,1,1,1,1,1,1,1
4348,Flinders Design,https://www.crunchbase.com/organization/flinders-design,The Netherlands,52.3730796,4.8924534,2011,1.0,False,True,False,False,False,True,False,False,False,False,False,False,True,False,2,1,1,0.0,0.55,2013-12-20,2013-12-20,Series A,2013,61.0,True,,False,,6.0,8.0,False,,False,,False,,False,,False,,False,,1,0,True,,True,True,,True,,True,,True,,True,,True,,1,,True,,True,True,,False,False,False,False,False,False,True,True,169,1,True,45,13,0.2888888888888888,0.2537805207760995,0.0,0.0,0.0,0.0,0.0,0.0,0.0,0.0,0.0,0.0,0.0,0.0,0.0,1.9,5.303304908059076,True,False,True,True,True,True,2021-01-05,10.0,1,0,1,0,1,0,1,0,1,0,1,0
4408,Orikami.nl,https://www.crunchbase.com/organization/orikami-nl,The Netherlands,51.8474946,5.8637771,2011,2.0,True,False,False,False,True,False,False,True,False,True,False,False,False,False,8,1,1,1.0,0.659063,2019-10-09,2019-10-09,Seed,2019,8.0,True,True,False,False,2.0,0.0,True,True,False,False,False,False,False,False,False,False,False,False,0,0,False,False,False,True,True,True,True,True,True,False,False,False,False,False,False,1,1.0,True,True,True,False,False,False,False,False,False,False,False,True,True,12,1,True,2,1,0.5,0.4054651081081644,0.08840311608630631,0.04203127599961083,0.04203127599961083,0.04203127599961083,0.0,0.0,0.0,0.04203127599961083,0.04203127599961083,0.04203127599961083,0.0,0.0,0.0,1.9,6.2166061010848646,False,False,False,False,False,False,,,0,0,0,0,0,0,1,1,1,1,1,1
4391,Voicebooking.com,https://www.crunchbase.com/organization/voice-booking,The Netherlands,52.3730796,4.8924534,2011,1.0,False,True,False,False,False,False,False,False,False,False,True,False,False,False,8,1,1,1.0,0.820609,2019-09-27,2019-09-27,Seed,2019,33.0,True,True,False,False,1.0,2.0,False,False,True,True,False,False,False,False,False,False,False,False,1,1,True,True,True,True,True,True,True,True,True,True,True,True,True,True,True,1,1.0,True,True,True,True,True,False,False,False,False,False,False,True,True,169,1,True,45,14,0.3111111111111111,0.2708749541353997,0.0,0.0,0.0,0.0,0.0,0.0,0.0,0.0,0.0,0.0,0.0,0.0,0.0,1.9,6.2166061010848646,False,False,False,False,False,False,,,1,1,1,1,1,1,1,1,1,1,1,1
4807,Reflectum,https://www.crunchbase.com/organization/reflectum,The Netherlands,52.2694896,6.2364886,2012,1.0,True,False,False,False,True,True,False,True,False,True,False,False,False,True,0,1,1,0.0,0.0,2012-04-01,2012-04-01,Seed,2012,14.0,False,,True,,0.0,5.0,False,,False,,False,,False,,False,,False,,0,0,False,,False,False,,False,,False,,False,,False,,False,,1,,True,,True,False,,False,False,False,False,False,False,True,True,15,0,False,2,0,0.0,0.0,0.09207070644449428,0.12611344848872588,0.12611344848872588,0.12611344848872588,0.12611344848872588,0.12611344848872588,0.12611344848872588,0.0,0.0,0.0,0.0,0.0,0.0,-0.7,4.9473404437239425,True,False,False,True,True,True,2015-01-14,3.0,0,0,0,0,0,0,0,0,0,0,0,0
4797,Voradius,https://www.crunchbase.com/organization/voradius,The Netherlands,52.3730796,4.8924534,2012,3.0,True,True,False,False,False,False,False,False,False,True,True,False,False,False,1,1,1,0.0,0.0,2013-12-19,2013-12-19,Series A,2013,7.0,True,,False,,0.0,0.0,False,,False,,False,,False,,False,,False,,1,0,True,,True,True,,True,,True,,True,,True,,True,,1,,True,,True,True,,False,False,False,False,False,False,True,True,169,1,True,71,21,0.2957746478873239,0.2591087000077248,0.0,0.0,0.0,0.0,0.0,0.0,0.0,0.0,0.0,0.0,0.0,0.0,0.0,-0.7,5.303304908059076,False,False,True,False,True,True,,,1,0,1,0,1,0,1,0,1,0,1,0
4796,JustPremium,https://www.crunchbase.com/organization/justpremium,The Netherlands,52.3080392,4.7621975,2012,2.0,True,True,False,False,False,True,False,False,False,False,True,False,False,False,0,1,1,0.0,0.0,2012-02-17,2012-02-17,Seed,2012,16.0,True,,False,,26.0,2.0,False,,False,,False,,False,,False,,False,,0,0,False,,False,True,,True,,True,,True,,False,,False,,1,,True,,True,False,,False,False,False,False,False,False,True,True,203,1,True,3,2,0.6666666666666666,0.5108256237659906,0.011428516457880815,0.03984244175781066,0.03984244175781066,0.03984244175781066,0.03984244175781066,0.03984244175781066,0.03984244175781066,0.0,0.0,0.0,0.0,0.0,0.0,-0.7,4.9473404437239425,True,False,False,True,True,True,2021-08-10,9.0,0,0,0,0,1,0,1,0,1,0,1,0
4792,Holland Haptics,https://www.crunchbase.com/organization/icarezz,The Netherlands,52.3730796,4.8924534,2012,3.0,False,True,False,False,False,False,False,False,False,True,False,False,False,False,0,1,1,1.0,0.0,2012-07-29,2012-07-29,Pre-Seed,2012,3.0,True,True,False,False,1.0,0.0,False,False,False,False,False,False,False,False,False,False,False,False,0,0,False,False,False,True,True,True,True,False,False,False,False,False,False,False,False,1,1.0,True,True,True,False,False,False,False,False,False,False,False,True,True,169,1,True,71,21,0.2957746478873239,0.2591087000077248,0.0,0.057351895749089894,0.057351895749089894,0.057351895749089894,0.0,0.0,0.0,0.057351895749089894,0.057351895749089894,0.057351895749089894,0.0,0.0,0.0,-0.7,4.9473404437239425,False,False,False,False,False,False,,,0,0,0,0,0,0,0,0,1,1,1,1
4790,Beestar,https://www.crunchbase.com/organization/beestar,The Netherlands,52.3730796,4.8924534,2012,4.0,True,True,False,False,True,False,False,False,False,True,False,False,False,True,1,1,1,0.0,0.32,2013-10-14,2013-10-14,Venture - Series Unknown,2013,31.0,True,,False,,3.0,7.0,False,,False,,True,,False,,False,,False,,1,0,True,,True,True,,True,,True,,True,,True,,True,,1,,True,,True,True,,False,False,False,False,False,False,True,True,169,1,True,71,21,0.2957746478873239,0.2591087000077248,0.0,0.0,0.0,0.0,0.0,0.0,0.0,0.0,0.0,0.0,0.0,0.0,0.0,-0.7,5.303304908059076,False,False,True,False,True,True,,,1,0,1,0,1,0,1,0,1,0,1,0
4808,ProXcio,https://www.crunchbase.com/organization/proxcio,The Netherlands,52.3705038,5.2185859,2012,1.0,True,False,False,False,False,False,False,False,False,True,False,False,False,False,1,1,1,1.0,0.0,2013-01-01,2013-01-01,Seed,2013,26.0,True,True,False,False,13.0,2.0,False,False,False,False,False,False,False,False,False,False,False,False,0,0,False,False,False,True,True,True,True,True,True,True,True,True,True,True,True,1,1.0,True,True,True,False,False,False,False,False,False,False,False,True,True,167,0,False,0,0,0.0,0.0,0.02214245122636411,0.019777094123860823,0.019777094123860823,0.019777094123860823,0.0,0.0,0.0,0.019777094123860823,0.019777094123860823,0.019777094123860823,0.0,0.0,0.0,-0.7,5.303304908059076,False,False,False,False,False,False,,,1,1,1,1,1,1,1,1,1,1,1,1
4717,LiveOnDemand,https://www.crunchbase.com/organization/liveondemand,The Netherlands,52.3730796,4.8924534,2012,2.0,False,True,False,False,False,True,False,False,False,False,True,False,False,False,3,1,1,0.0,0.0,2015-06-03,2015-06-03,Seed,2015,211.0,True,,False,,4.0,13.0,True,,True,,True,,False,,False,,False,,1,0,True,,True,True,,True,,True,,True,,True,,True,,1,,True,,True,True,,False,False,False,False,False,False,True,True,169,1,True,71,21,0.2957746478873239,0.2591087000077248,0.0,0.0,0.0,0.0,0.0,0.0,0.0,0.0,0.0,0.0,0.0,0.0,0.0,-0.7,5.303304908059076,False,False,False,False,False,False,,,1,0,1,0,1,0,1,0,1,0,1,0
4613,VIGOUR,https://www.crunchbase.com/organization/vigour-io,The Netherlands,52.3730796,4.8924534,2012,5.0,True,True,False,False,False,False,False,False,False,True,True,False,False,False,1,2,2,0.0,0.665467,2013-05-27,2015-06-18,Series A,2013,15.0,True,,True,,3.5,5.5,False,,False,,False,,False,,False,,True,,1,0,True,,False,True,,True,,True,,True,,True,,True,,1,,True,,False,True,,True,True,True,False,False,False,True,False,169,1,True,71,20,0.2816901408450704,0.2481796294755346,0.0,2.931133495535797,0.0,5.862266991071594,0.0,2.931133495535797,5.862266991071594,0.0,0.0,0.0,5.862266991071594,5.862266991071594,5.862266991071594,-0.7,5.303304908059076,True,False,True,True,True,True,2024-11-10,12.0,1,0,1,0,1,0,1,0,1,0,1,0
4610,Notificare,https://www.crunchbase.com/organization/notificare,The Netherlands,51.9244424,4.47775,2012,1.0,False,False,False,False,False,False,False,False,False,True,True,False,False,False,2,1,1,0.0,0.0,2014-12-31,2014-12-31,Seed,2014,14.0,True,,False,,2.0,5.0,False,,False,,False,,False,,False,,False,,1,0,True,,True,True,,True,,True,,True,,True,,True,,1,,True,,True,False,,False,False,False,False,False,False,True,True,68,2,True,7,3,0.4285714285714285,0.3566749439387323,0.05735189574909011,0.0,0.0,0.0,0.0,0.0,0.0,0.0,0.0,0.0,0.0,0.0,0.0,-0.7,5.303304908059076,False,False,False,False,False,False,,,1,0,1,0,1,0,1,0,1,0,1,0
4585,We Are Pop Up,https://www.crunchbase.com/organization/we-are-pop-up,The Netherlands,52.3730796,4.8924534,2012,4.0,True,True,False,False,True,True,False,False,False,False,True,False,True,False,0,4,3,0.0,2.54,2012-09-18,2014-04-01,Seed,2012,27.5,False,,True,,12.2,112.2,False,,True,,True,,False,,False,,False,,0,0,False,,False,False,,False,,False,,False,,False,,False,,0,,False,,False,True,,True,True,True,False,False,False,True,False,169,1,True,71,21,0.2957746478873239,0.2591087000077248,0.0,1.859470204137876,0.35894534086299357,7.742532028270947,0.35894534086299357,1.859470204137876,7.742532028270947,0.0,0.0,0.0,3.041992732090685,0.0,7.533167020908819,-0.7,4.9473404437239425,False,False,False,False,False,False,,,0,0,0,0,0,0,0,0,0,0,0,0
4579,iLost,https://www.crunchbase.com/organization/ilost,The Netherlands,52.3730796,4.8924534,2012,1.0,True,True,False,False,False,True,False,False,False,True,False,False,False,False,1,1,1,0.0,0.019233,2013-04-02,2013-04-02,Equity Crowdfunding,2013,31.0,True,,False,,3.0,7.0,False,,False,,True,,False,,False,,False,,1,0,True,,True,True,,True,,True,,True,,True,,True,,1,,True,,True,True,,False,False,False,False,False,False,True,True,169,1,True,71,21,0.2957746478873239,0.2591087000077248,0.0,0.0,0.0,0.0,0.0,0.0,0.0,0.0,0.0,0.0,0.0,0.0,0.0,-0.7,5.303304908059076,False,False,False,False,False,False,,,1,0,1,0,1,0,1,0,1,0,1,0
4576,Snappet,https://www.crunchbase.com/organization/snappet-b-v,The Netherlands,52.0907006,5.1215634,2012,2.0,False,False,False,False,False,True,False,False,False,True,False,False,False,True,0,1,1,0.0,0.0,2012-10-01,2012-10-01,Seed,2012,17.0,True,,False,,8.0,3.0,False,,False,,False,,False,,False,,False,,0,0,False,,False,True,,True,,True,,True,,True,,True,,1,,True,,True,False,,False,False,False,False,False,False,True,True,194,1,True,9,1,0.1111111111111111,0.1053605156578263,0.035062214289133406,0.019753307725281413,0.019753307725281413,0.019753307725281413,0.019753307725281413,0.019753307725281413,0.019753307725281413,0.0,0.0,0.0,0.0,0.0,0.0,-0.7,4.9473404437239425,False,False,False,False,False,False,,,1,0,1,0,1,0,1,0,1,0,1,0
4618,Diagnose.me,https://www.crunchbase.com/organization/diagnose-me,The Netherlands,52.6008538,4.8170994,2012,2.0,False,False,False,False,False,False,False,True,False,True,False,False,False,False,3,1,1,0.0,0.183917,2015-11-01,2015-11-01,Seed,2015,35.0,False,,True,,2.0,4.0,False,,False,,False,,False,,True,,False,,0,0,False,,False,False,,False,,False,,False,,False,,False,,0,,False,,False,False,,False,False,False,False,False,False,True,True,145,0,False,0,0,0.0,0.0,0.02583616287290476,1.0004673777540771,1.0004673777540771,1.0004673777540771,1.0004673777540771,1.0004673777540771,1.0004673777540771,0.0,0.0,0.0,0.0,0.0,0.0,-0.7,5.303304908059076,False,False,False,False,False,False,,,0,0,0,0,0,0,0,0,0,0,0,0
4638,Monolith,https://www.crunchbase.com/organization/monolith-3,The Netherlands,52.3730796,4.8924534,2012,2.0,True,True,False,False,False,True,False,False,False,True,False,False,False,True,0,1,2,0.0,0.0,2012-05-17,2012-05-17,Pre-Seed,2012,242.0,True,,True,,4.0,11.5,False,,True,,True,,False,,False,,False,,1,0,True,,False,True,,True,,True,,True,,True,,True,,1,,True,,False,True,,False,False,False,False,False,False,True,True,169,1,True,71,21,0.2957746478873239,0.2591087000077248,0.0,0.7285643644311477,0.0,1.4571287288622956,0.0,0.7285643644311477,1.4571287288622956,0.0,0.0,0.0,1.4571287288622956,1.4571287288622956,1.4571287288622956,-0.7,4.9473404437239425,False,False,False,False,False,False,,,1,0,1,0,1,0,1,0,1,0,1,0
4716,Doctor Kinetic,https://www.crunchbase.com/organization/doctor-kinetic,The Netherlands,52.5496739,4.6696185,2012,2.0,True,False,False,False,False,True,False,True,False,False,False,False,False,True,0,1,1,0.0,0.324808,2012-03-02,2012-03-02,Venture - Series Unknown,2012,31.0,True,,False,,2.0,7.0,False,,False,,True,,False,,False,,False,,0,0,False,,False,True,,True,,True,,True,,True,,False,,1,,True,,True,True,,False,False,False,False,False,False,True,True,149,0,False,0,0,0.0,0.0,0.02476917776457299,0.02476917776457316,0.02476917776457316,0.02476917776457316,0.02476917776457316,0.02476917776457316,0.02476917776457316,0.0,0.0,0.0,0.0,0.0,0.0,-0.7,4.9473404437239425,False,False,True,False,True,True,,,0,0,1,0,1,0,1,0,1,0,1,0
4695,Mijn AutoCoach,https://www.crunchbase.com/organization/mijn-autocoach,The Netherlands,52.1562499,5.3896944,2012,2.0,False,False,False,False,True,True,False,False,False,False,False,False,False,False,1,1,1,0.0,0.0,2013-09-30,2013-09-30,Seed,2013,18.0,True,,False,,1.0,4.0,False,,False,,False,,False,,False,,False,,0,0,False,,False,True,,True,,False,,False,,False,,False,,1,,True,,True,True,,False,False,False,False,False,False,True,True,166,1,True,3,0,0.0,0.0,0.04154943615786364,0.050290139833743266,0.050290139833743266,0.050290139833743266,0.050290139833743266,0.050290139833743266,0.050290139833743266,0.0,0.0,0.0,0.0,0.0,0.0,-0.7,5.303304908059076,False,False,False,False,False,False,,,0,0,0,0,0,0,0,0,1,0,1,0
4677,Nexus Verus,https://www.crunchbase.com/organization/nexus-verus,The Netherlands,51.9244424,4.47775,2012,1.0,True,False,False,False,True,False,False,False,False,True,False,False,False,False,1,1,1,1.0,0.0,2013-01-01,2013-01-01,Seed,2013,7.0,True,True,False,False,9.0,1.0,False,False,False,False,False,False,False,False,False,False,False,False,0,0,False,False,False,True,True,True,True,False,False,False,False,False,False,False,False,1,1.0,True,True,True,True,True,False,False,False,False,False,False,True,True,68,2,True,7,3,0.4285714285714285,0.3566749439387323,0.05735189574909011,0.057351895749089894,0.057351895749089894,0.057351895749089894,0.0,0.0,0.0,0.057351895749089894,0.057351895749089894,0.057351895749089894,0.0,0.0,0.0,-0.7,5.303304908059076,False,False,False,False,False,False,,,0,0,0,0,0,0,0,0,1,1,1,1
4563,FUELUP,https://www.crunchbase.com/organization/fuelup,The Netherlands,52.3730796,4.8924534,2012,2.0,True,True,False,False,False,False,False,False,False,True,False,False,False,False,1,1,1,0.0,0.52481,2013-01-02,2013-01-02,Seed,2013,31.0,True,,False,,3.0,7.0,False,,False,,True,,False,,False,,False,,1,0,True,,True,True,,True,,True,,True,,True,,True,,1,,True,,True,True,,False,False,False,False,False,False,True,True,169,1,True,71,20,0.2816901408450704,0.2481796294755346,0.0,0.0,0.0,0.0,0.0,0.0,0.0,0.0,0.0,0.0,0.0,0.0,0.0,-0.7,5.303304908059076,True,False,False,True,True,True,2019-06-19,7.0,1,0,1,0,1,0,1,0,1,0,1,0
4329,adgoji,https://www.crunchbase.com/organization/adgoji,The Netherlands,52.3730796,4.8924534,2012,3.0,False,True,False,False,False,False,False,False,False,True,True,False,False,False,5,1,1,0.0,0.0,2017-11-30,2017-11-30,Private Equity,2017,44.0,False,,True,,0.0,2.0,True,,True,,False,,False,,False,,True,,0,0,False,,False,False,,False,,False,,False,,False,,False,,0,,False,,False,True,,False,False,False,False,False,False,True,True,169,1,True,71,21,0.2957746478873239,0.2591087000077248,0.0,0.35894534086299357,0.35894534086299357,0.35894534086299357,0.35894534086299357,0.35894534086299357,0.35894534086299357,0.0,0.0,0.0,0.0,0.0,0.0,-0.7,5.993961427306569,False,False,True,False,True,True,,,0,0,0,0,0,0,0,0,0,0,0,0
4311,Wercker,https://www.crunchbase.com/organization/wercker,The Netherlands,52.3730796,4.8924534,2012,1.0,True,True,False,False,False,False,False,False,False,True,False,False,False,False,1,1,7,0.0,1.0,2013-01-23,2013-01-23,Series A,2013,133.14285714285714,True,,True,,8.1,48.3,True,,True,,True,,False,,True,,False,,4,0,True,,False,True,,True,,True,,True,,True,,True,,4,,True,,False,True,,True,True,True,False,False,False,True,False,169,1,True,71,20,0.2816901408450704,0.2481796294755346,0.0,2.4253274276088237,0.0,8.79316581521307,0.0,2.4253274276088237,8.79316581521307,0.0,0.0,0.0,4.065454477578058,0.0,8.79316581521307,-0.7,5.303304908059076,True,False,True,True,True,True,2017-04-17,5.0,4,0,4,0,4,0,4,0,4,0,4,0
4441,eFaqt,https://www.crunchbase.com/organization/efaqt,The Netherlands,52.3730796,4.8924534,2012,1.0,False,True,False,False,True,True,False,False,False,True,False,False,False,True,3,1,1,1.0,2.2,2015-11-11,2015-11-11,Seed,2015,7.0,True,True,False,False,11.0,1.0,False,False,False,False,False,False,False,False,False,False,False,False,1,1,True,True,True,True,True,True,True,True,True,True,True,True,True,True,True,1,1.0,True,True,True,True,True,False,False,False,False,False,False,True,True,169,1,True,71,21,0.2957746478873239,0.2591087000077248,0.0,0.0,0.0,0.0,0.0,0.0,0.0,0.0,0.0,0.0,0.0,0.0,0.0,-0.7,5.303304908059076,False,False,False,False,False,False,,,1,1,1,1,1,1,1,1,1,1,1,1
4004,Castor,https://www.crunchbase.com/organization/castor-1,The Netherlands,52.3730796,4.8924534,2012,2.0,True,True,False,False,False,False,False,True,False,True,False,False,False,False,6,1,1,1.0,6.25,2018-07-02,2018-07-02,Series B,2018,50.0,True,True,False,False,8.0,18.0,False,False,False,False,False,False,False,False,False,False,False,False,1,1,True,True,True,True,True,True,True,True,True,True,True,True,True,True,True,1,1.0,True,True,True,True,True,False,False,False,False,False,False,True,True,169,1,True,71,20,0.2816901408450704,0.2481796294755346,0.0,0.0,0.0,0.0,0.0,0.0,0.0,0.0,0.0,0.0,0.0,0.0,0.0,-0.7,5.993961427306569,False,True,True,True,True,True,,,1,1,1,1,1,1,1,1,1,1,1,1
4139,Owlin,https://www.crunchbase.com/organization/owlin,The Netherlands,52.3730796,4.8924534,2012,3.0,True,True,False,False,True,False,False,False,True,True,False,False,False,False,0,1,1,0.0,0.25,2012-12-11,2012-12-11,Series A,2012,211.0,True,,False,,1.0,13.0,True,,True,,True,,False,,False,,False,,1,0,True,,True,True,,True,,True,,True,,True,,True,,1,,True,,True,True,,False,False,False,False,False,False,True,True,169,1,True,71,21,0.2957746478873239,0.2591087000077248,0.0,0.0,0.0,0.0,0.0,0.0,0.0,0.0,0.0,0.0,0.0,0.0,0.0,-0.7,4.9473404437239425,False,False,True,False,True,True,,,1,0,1,0,1,0,1,0,1,0,1,0
4100,Energyworx,https://www.crunchbase.com/organization/energyworx,The Netherlands,52.0271433,5.1620637,2012,5.0,True,False,True,False,False,False,False,False,False,True,False,False,False,False,4,2,2,1.0,2.602368,2016-02-25,2016-11-10,Venture - Series Unknown,2016,34.666666666666664,True,True,False,False,11.0,9.7,True,False,True,True,False,False,False,False,False,False,False,False,0,0,False,False,False,True,True,True,True,True,True,False,False,False,False,False,False,3,1.0,True,True,True,True,True,False,False,False,False,False,False,True,True,190,1,True,8,1,0.125,0.1177830356563834,0.042629518386932776,0.04262951838693259,0.04262951838693259,0.04262951838693259,0.04262951838693259,0.04262951838693259,0.04262951838693259,0.04262951838693259,0.04262951838693259,0.04262951838693259,0.0,0.0,0.0,-0.7,5.303304908059076,False,False,True,False,True,True,,,0,0,0,0,0,0,3,1,3,1,3,1
4065,SkinVision,https://www.crunchbase.com/organization/skinvision,The Netherlands,52.3730796,4.8924534,2012,2.0,False,True,False,False,False,False,False,True,False,True,False,False,False,False,1,1,1,0.0,0.330185,2013-01-01,2013-01-01,Venture - Series Unknown,2013,3.0,True,,False,,1.0,0.0,True,,False,,False,,False,,False,,False,,0,0,False,,False,True,,True,,True,,True,,True,,False,,1,,True,,True,False,,False,False,False,False,False,False,True,True,169,1,True,71,21,0.2957746478873239,0.2591087000077248,0.0,0.0261992516307919,0.0261992516307919,0.0261992516307919,0.0261992516307919,0.0261992516307919,0.0261992516307919,0.0,0.0,0.0,0.0,0.0,0.0,-0.7,5.303304908059076,False,False,True,False,True,True,,,0,0,1,0,1,0,1,0,1,0,1,0
4114,Surfly,https://www.crunchbase.com/organization/surfly,The Netherlands,52.3730796,4.8924534,2012,2.0,True,True,False,False,False,False,False,False,False,True,True,False,False,True,0,1,1,0.0,0.55,2012-06-15,2012-06-15,Venture - Series Unknown,2012,20.0,True,,False,,2.0,6.0,False,,False,,False,,False,,False,,False,,1,0,True,,True,True,,True,,True,,True,,True,,True,,1,,True,,True,True,,False,False,False,False,False,False,True,True,169,1,True,71,21,0.2957746478873239,0.2591087000077248,0.0,0.0,0.0,0.0,0.0,0.0,0.0,0.0,0.0,0.0,0.0,0.0,0.0,-0.7,4.9473404437239425,False,False,True,False,True,True,,,1,0,1,0,1,0,1,0,1,0,1,0
4042,Segron,https://www.crunchbase.com/organization/segron-s-r-o,The Netherlands,52.3730796,4.8924534,2012,3.0,True,True,False,False,True,False,False,False,False,True,False,False,False,False,7,1,2,0.0,3.411452,2019-06-27,2019-06-27,Series B,2019,52.5,True,,True,,6.0,9.5,True,,True,,False,,False,,True,,False,,1,0,True,,False,True,,True,,True,,True,,True,,True,,1,,True,,False,True,,False,False,False,False,False,False,True,True,169,1,True,71,21,0.2957746478873239,0.2591087000077248,0.0,0.35637843227532373,0.0,0.7127568645506475,0.0,0.35637843227532373,0.7127568645506475,0.0,0.0,0.0,0.7127568645506475,0.7127568645506475,0.7127568645506475,-0.7,6.2166061010848646,False,False,True,False,True,True,,,1,0,1,0,1,0,1,0,1,0,1,0
4125,NutriLeads,https://www.crunchbase.com/organization/nutrileads,The Netherlands,51.9663016,5.6662814,2012,2.0,True,False,False,False,False,False,True,True,False,False,False,False,False,False,3,1,3,0.0,0.0,2015-11-18,2015-11-18,Series C,2015,40.666666666666664,True,,True,,9.5,7.0,True,,False,,False,,False,,False,,True,,0,0,False,,False,True,,True,,True,,True,,True,,False,,3,,True,,True,True,,False,False,False,False,False,False,True,True,36,1,True,0,0,0.0,0.0,0.06950468623652849,0.07312613548636528,0.029790199802354818,0.12302347019088791,0.029790199802354818,0.07312613548636528,0.12302347019088791,0.0,0.0,0.0,0.1317992605616065,0.07415849653809517,0.17641424751570609,-0.7,5.303304908059076,False,False,True,False,True,True,,,0,0,1,0,1,0,1,0,2,0,2,0
4242,One planetcrowd,https://www.crunchbase.com/organization/one-planetcrowd,The Netherlands,52.3730796,4.8924534,2012,3.0,True,True,False,False,False,False,False,False,True,False,False,False,False,False,0,2,2,0.0,0.0,2012-08-30,2021-01-01,Venture - Series Unknown,2012,23.0,True,,False,,6.5,1.5,True,,False,,False,,False,,False,,False,,0,0,False,,False,True,,True,,False,,False,,False,,False,,2,,True,,True,False,,False,False,False,False,False,False,True,True,169,1,True,71,21,0.2957746478873239,0.2591087000077248,0.0,0.05885021991179763,0.05127095594048744,0.06642948388310782,0.05127095594048744,0.05885021991179763,0.06642948388310782,0.0,0.0,0.0,0.017999418307253115,0.017999418307253115,0.017999418307253115,-0.7,4.9473404437239425,False,False,True,False,True,True,,,0,0,0,0,0,0,0,0,2,0,2,0
4263,Talmundo,https://www.crunchbase.com/organization/talmundo,The Netherlands,52.3730796,4.8924534,2012,3.0,True,True,False,False,True,False,False,False,False,True,False,False,False,False,5,1,1,1.0,0.534834,2017-01-17,2017-01-17,Venture - Series Unknown,2017,53.0,True,True,False,False,19.0,18.0,False,False,False,False,False,False,False,False,False,False,False,False,0,0,False,False,False,True,True,True,True,True,True,True,True,True,True,False,False,1,1.0,True,True,True,False,False,False,False,False,False,False,False,True,True,169,1,True,71,20,0.2816901408450704,0.2481796294755346,0.0,0.02031594244655748,0.02031594244655748,0.02031594244655748,0.0,0.0,0.0,0.02031594244655748,0.02031594244655748,0.02031594244655748,0.0,0.0,0.0,-0.7,5.993961427306569,True,False,True,True,True,True,2019-07-15,7.0,0,0,1,1,1,1,1,1,1,1,1,1
3960,Sendcloud,https://www.crunchbase.com/organization/sendcloud,The Netherlands,51.4392648,5.478633,2012,3.0,False,False,False,False,True,True,False,False,False,False,False,False,False,False,3,2,3,2.0,2.975606,2015-01-21,2016-02-24,Series C,2015,57.666666666666664,True,True,True,True,18.0,11.7,False,False,False,False,False,False,False,False,False,False,False,False,0,0,False,False,False,True,True,True,False,True,False,True,False,False,False,False,False,3,2.0,True,True,True,True,True,False,False,False,False,False,False,True,True,15,1,True,4,0,0.0,0.0,0.1025854152192535,0.0803129599861398,0.032862855590003515,0.11040900224121092,0.032862855590003515,0.032862855590003515,0.032862855590003515,0.09766702212720496,0.10403801218420795,0.11040900224121092,0.06510500910686419,0.032024915118493445,0.0840444805875415,-0.7,5.303304908059076,False,True,True,True,True,True,,,0,0,0,0,1,0,1,0,1,0,2,1
4202,Peerby Classic,https://www.crunchbase.com/organization/peerby,The Netherlands,52.3730796,4.8924534,2012,2.0,False,True,False,False,False,True,False,False,True,True,False,True,False,True,0,6,7,2.0,0.245,2012-03-01,2022-05-31,Seed,2012,96.0,True,False,True,True,2.1,85.2,True,False,True,True,True,True,False,False,True,False,False,False,2,0,True,False,False,True,False,True,False,True,False,True,False,True,False,True,False,3,0.0,True,False,False,True,False,True,True,True,False,False,False,True,False,169,1,True,71,21,0.2957746478873239,0.2591087000077248,0.0,3.9518503128753344,0.0,8.772086474740108,0.0,3.1204462737963543,8.772086474740108,5.980996871032587,6.8617644496517665,7.742532028270947,4.563928701544116,0.0,9.398078547705063,-0.7,4.9473404437239425,False,False,False,False,False,False,,,3,0,3,0,3,0,3,0,3,0,3,0
4205,PastBook,https://www.crunchbase.com/organization/pastbook,The Netherlands,52.3730796,4.8924534,2012,2.0,False,True,False,False,False,True,False,False,False,True,True,False,False,False,0,2,3,0.0,0.734028,2012-09-04,2015-12-26,Seed,2012,76.33333333333333,True,,False,,1.7,6.3,True,,True,,True,,False,,False,,False,,3,0,True,,True,True,,True,,True,,True,,True,,True,,3,,True,,True,True,,False,False,False,False,False,False,True,True,169,1,True,71,21,0.2957746478873239,0.2591087000077248,0.0,0.0,0.0,0.0,0.0,0.0,0.0,0.0,0.0,0.0,0.0,0.0,0.0,-0.7,4.9473404437239425,False,False,False,False,False,False,,,3,0,3,0,3,0,3,0,3,0,3,0
4216,ViriCiti,https://www.crunchbase.com/organization/viriciti,The Netherlands,52.3730796,4.8924534,2012,4.0,True,True,False,False,True,False,False,False,False,True,False,False,False,False,4,1,1,0.0,0.776958,2016-07-13,2016-07-13,Series A,2016,16.0,True,,False,,1.0,3.0,True,,False,,False,,False,,False,,False,,1,0,True,,True,True,,True,,True,,True,,True,,True,,1,,True,,True,True,,False,False,False,False,False,False,True,True,169,1,True,71,20,0.2816901408450704,0.2481796294755346,0.0,0.00812344441187767,0.00812344441187767,0.00812344441187767,0.00812344441187767,0.00812344441187767,0.00812344441187767,0.0,0.0,0.0,0.0,0.0,0.0,-0.7,5.303304908059076,True,False,True,True,True,True,2021-08-11,9.0,1,0,1,0,1,0,1,0,1,0,1,0
4484,MOCS.nl,https://www.crunchbase.com/organization/mocs-nl,The Netherlands,52.0114017,4.35839,2012,2.0,True,False,False,False,True,False,False,False,False,True,False,False,False,False,5,1,1,0.0,0.530598,2017-03-14,2017-03-14,Seed,2017,58.0,True,,False,,3.0,8.0,False,,False,,False,,False,,False,,False,,1,0,True,,True,True,,True,,True,,True,,True,,True,,1,,True,,True,False,,False,False,False,False,False,False,True,True,58,3,True,3,0,0.0,0.0,0.05424573977957992,0.008276857520798984,0.008276857520798984,0.008276857520798984,0.008276857520798984,0.008276857520798984,0.008276857520798984,0.0,0.0,0.0,0.0,0.0,0.0,-0.7,5.993961427306569,False,False,False,False,False,False,,,1,0,1,0,1,0,1,0,1,0,1,0
4541,ComplianceWise,https://www.crunchbase.com/organization/compliancewise,The Netherlands,52.3730796,4.8924534,2012,1.0,True,True,False,False,False,False,False,False,False,True,False,False,False,False,6,1,1,0.0,0.0,2018-02-19,2018-02-19,Venture - Series Unknown,2018,5.0,False,,True,,1.0,1.0,True,,False,,False,,False,,False,,False,,0,0,False,,False,False,,False,,False,,False,,False,,False,,0,,False,,False,False,,False,False,False,False,True,True,True,True,169,1,True,71,21,0.2957746478873239,0.2591087000077248,0.0,0.3644364654350947,0.3644364654350947,0.3644364654350947,0.3644364654350947,0.3644364654350947,0.3644364654350947,0.0,0.0,0.0,0.0,0.0,0.0,-0.7,5.993961427306569,False,False,True,False,True,True,,,0,0,0,0,0,0,0,0,0,0,0,0
4459,VisionLabs B.V.,https://www.crunchbase.com/organization/visionlabs,The Netherlands,52.3730796,4.8924534,2012,3.0,True,True,False,False,True,False,False,True,False,True,True,False,False,False,1,1,1,0.0,0.0,2013-10-23,2013-10-23,Corporate Round,2013,424.0,False,,True,,0.0,4.0,False,,False,,True,,False,,False,,False,,0,0,False,,False,False,,False,,False,,False,,False,,False,,0,,False,,False,False,,True,True,False,False,False,False,False,False,169,1,True,71,20,0.2816901408450704,0.2481796294755346,0.0,2.1427247936596583,2.1427247936596583,2.1427247936596583,2.1427247936596583,2.1427247936596583,2.1427247936596583,0.0,0.0,0.0,0.0,0.0,0.0,-0.7,5.303304908059076,True,False,True,True,True,True,2021-12-13,9.0,0,0,0,0,0,0,0,0,0,0,0,0
4534,Oriense,https://www.crunchbase.com/organization/oriense,The Netherlands,51.4392648,5.478633,2012,2.0,False,False,False,False,True,True,False,True,False,True,False,False,False,False,0,2,1,0.0,0.14,2012-11-13,2014-02-10,Seed,2012,73.0,False,,True,,3.0,16.0,False,,False,,False,,False,,False,,False,,0,0,False,,False,False,,False,,False,,False,,False,,False,,0,,False,,False,False,,True,True,False,False,False,False,False,False,15,1,True,4,1,0.25,0.2231435513142097,0.1025854152192535,8.159140955777756,8.159140955777756,8.159140955777756,8.159140955777756,8.159140955777756,8.159140955777756,0.0,0.0,0.0,0.0,0.0,0.0,-0.7,4.9473404437239425,False,False,False,False,False,False,,,0,0,0,0,0,0,0,0,0,0,0,0
4044,Retail Rocket,https://www.crunchbase.com/organization/retail-rocket,The Netherlands,52.0446265,4.3188215,2013,3.0,True,False,False,False,True,True,False,False,False,True,False,False,False,False,0,1,1,0.0,0.45,2013-10-28,2013-10-28,Series A,2013,49.0,False,,True,,0.0,10.0,False,,False,,False,,False,,False,,False,,0,0,False,,False,False,,False,,False,,False,,False,,False,,0,,False,,False,False,,True,True,False,False,False,False,False,False,56,3,True,5,0,0.0,0.0,0.053493908330395176,2.1931419045304485,2.1931419045304485,2.1931419045304485,2.1931419045304485,2.1931419045304485,2.1931419045304485,0.0,0.0,0.0,0.0,0.0,0.0,-0.08,5.303304908059076,False,False,True,False,True,True,,,0,0,0,0,0,0,0,0,0,0,0,0
4029,Hubs,https://www.crunchbase.com/organization/3d-hubs,The Netherlands,52.3730796,4.8924534,2013,3.0,True,True,False,False,True,False,False,False,True,True,False,False,False,False,0,1,3,1.0,0.0,2013-08-27,2013-08-27,Series C,2013,159.66666666666666,True,False,True,True,12.3,34.0,True,False,True,True,True,False,False,False,False,False,False,False,2,0,True,False,False,True,False,True,False,True,False,True,False,True,False,True,False,2,0.0,True,False,False,True,True,False,False,False,False,False,False,True,True,169,1,True,102,28,0.2745098039215686,0.2425616371713113,0.0,0.1196484469543312,0.0,0.35894534086299357,0.0,0.0,0.0,0.35894534086299357,0.35894534086299357,0.35894534086299357,0.2392968939086624,0.0,0.35894534086299357,-0.08,5.303304908059076,True,True,True,True,True,True,2021-01-19,8.0,2,0,2,0,2,0,2,0,2,0,2,0
3962,Framer,https://www.crunchbase.com/organization/framer,The Netherlands,52.3730796,4.8924534,2013,2.0,True,True,False,False,False,True,False,False,False,True,False,False,False,False,2,1,3,0.0,1.3,2015-03-03,2015-03-03,Series C,2015,358.0,False,,True,,29.7,166.7,False,,True,,False,,False,,False,,False,,0,0,False,,False,False,,False,,False,,False,,False,,False,,0,,False,,False,False,,True,True,True,True,False,False,False,False,169,1,True,102,28,0.2745098039215686,0.2425616371713113,0.0,8.325054312272876,7.388888733635,8.79316581521307,7.388888733635,8.325054312272876,8.79316581521307,0.0,0.0,0.0,2.7486194941354802,0.0018130659135467818,4.122857193010364,-0.08,5.303304908059076,False,True,True,True,True,True,,,0,0,0,0,0,0,0,0,0,0,0,0
3967,Bynder,https://www.crunchbase.com/organization/bynder,The Netherlands,52.3730796,4.8924534,2013,2.0,True,True,False,False,True,False,False,False,True,True,True,False,False,False,1,1,1,0.0,0.0,2014-04-30,2014-04-30,Series A,2014,13.0,True,,False,,7.0,5.0,False,,False,,False,,False,,False,,False,,0,0,False,,False,True,,True,,False,,False,,False,,False,,1,,True,,True,False,,False,False,False,False,False,False,True,True,169,1,True,102,28,0.2745098039215686,0.2425616371713113,0.0,0.057351895749089894,0.057351895749089894,0.057351895749089894,0.057351895749089894,0.057351895749089894,0.057351895749089894,0.0,0.0,0.0,0.0,0.0,0.0,-0.08,5.303304908059076,True,False,True,True,True,True,2022-12-20,9.0,0,0,0,0,0,0,0,0,1,0,1,0
3980,Foleon,https://www.crunchbase.com/organization/foleon,The Netherlands,52.3730796,4.8924534,2013,2.0,False,True,False,False,False,False,False,False,False,True,True,False,False,False,2,2,1,0.0,1.398125,2015-09-07,2016-09-01,Series C,2015,51.0,True,,False,,15.5,13.0,False,,False,,False,,False,,False,,False,,2,0,True,,True,True,,True,,True,,True,,True,,True,,2,,True,,True,True,,False,False,False,False,False,False,True,True,169,1,True,102,29,0.284313725490196,0.2502245099168804,0.0,0.0,0.0,0.0,0.0,0.0,0.0,0.0,0.0,0.0,0.0,0.0,0.0,-0.08,5.303304908059076,False,False,True,False,True,True,,,2,0,2,0,2,0,2,0,2,0,2,0
4312,Vamp.io,https://www.crunchbase.com/organization/vamp-io,The Netherlands,52.3730796,4.8924534,2013,3.0,True,True,False,False,False,False,False,False,False,True,False,False,False,False,3,1,1,1.0,0.733883,2016-05-23,2016-05-23,Series A,2016,43.0,False,False,True,True,2.0,6.0,False,False,False,False,False,False,False,False,False,False,False,False,0,0,False,False,False,False,False,False,False,False,False,False,False,False,False,False,False,0,0.0,False,False,False,False,False,False,False,False,False,False,False,True,True,169,1,True,102,28,0.2745098039215686,0.2425616371713113,0.0,0.1672919851118628,0.1672919851118628,0.1672919851118628,0.0,0.0,0.0,0.1672919851118628,0.1672919851118628,0.1672919851118628,0.0,0.0,0.0,-0.08,5.303304908059076,True,False,True,True,True,True,2021-05-11,8.0,0,0,0,0,0,0,0,0,0,0,0,0
4308,Global E-money Alliance,https://www.crunchbase.com/organization/global-e-money-alliance,The Netherlands,52.7152155,6.8589395,2013,1.0,True,False,False,False,True,False,False,False,True,True,True,False,False,True,5,1,1,1.0,10.0,2018-01-10,2018-01-10,Seed,2018,4.0,False,False,True,True,4.0,1.0,False,False,False,False,False,False,False,False,False,False,False,False,0,0,False,False,False,False,False,False,False,False,False,False,False,False,False,False,False,0,0.0,False,False,False,False,False,True,True,False,False,False,False,False,False,3,0,False,0,0,0.0,0.0,0.13830983626195584,9.146538863331289,9.146538863331289,9.146538863331289,0.0,0.0,0.0,9.146538863331289,9.146538863331289,9.146538863331289,0.0,0.0,0.0,-0.08,5.993961427306569,False,False,False,False,False,False,,,0,0,0,0,0,0,0,0,0,0,0,0
4473,Afval Loont,https://www.crunchbase.com/organization/afval-loont,The Netherlands,51.9244424,4.47775,2013,1.0,False,False,False,False,False,True,False,False,False,False,False,True,False,False,3,1,1,1.0,0.552914,2016-11-01,2016-11-01,Seed,2016,41.0,True,True,False,False,2.0,3.0,True,True,False,False,False,False,False,False,False,False,False,False,0,0,False,False,False,True,True,True,True,False,False,False,False,False,False,False,False,1,1.0,True,True,True,True,True,False,False,False,False,False,False,True,True,68,2,True,9,3,0.3333333333333333,0.2876820724517809,0.05735189574909011,0.057351895749089894,0.057351895749089894,0.057351895749089894,0.0,0.0,0.0,0.057351895749089894,0.057351895749089894,0.057351895749089894,0.0,0.0,0.0,-0.08,5.303304908059076,False,False,False,False,False,False,,,0,0,0,0,0,0,0,0,1,1,1,1
4351,Vandebron,https://www.crunchbase.com/organization/vandebron,The Netherlands,52.3730796,4.8924534,2013,2.0,False,True,True,False,False,False,False,False,False,False,False,False,False,True,0,1,1,0.0,0.0,2013-12-01,2013-12-01,Venture - Series Unknown,2013,39.0,True,,False,,4.0,2.0,True,,False,,False,,False,,False,,False,,1,0,True,,True,True,,True,,True,,True,,True,,True,,1,,True,,True,True,,False,False,False,False,False,False,True,True,169,1,True,102,29,0.284313725490196,0.2502245099168804,0.0,0.00812344441187767,0.00812344441187767,0.00812344441187767,0.00812344441187767,0.00812344441187767,0.00812344441187767,0.0,0.0,0.0,0.0,0.0,0.0,-0.08,5.303304908059076,False,False,True,False,True,True,,,1,0,1,0,1,0,1,0,1,0,1,0
4756,Fortified Food Coatings,https://www.crunchbase.com/organization/fortified-food-coatings,The Netherlands,51.6889387,5.303116,2013,1.0,False,False,False,False,False,False,True,True,False,False,False,False,False,False,2,1,1,0.0,0.0,2015-02-05,2015-02-05,Seed,2015,102.0,True,,False,,32.0,13.0,False,,False,,False,,False,,False,,False,,0,0,False,,False,True,,True,,True,,True,,True,,True,,1,,True,,True,False,,False,False,False,False,False,False,True,True,37,0,False,3,0,0.0,0.0,0.08109443280065959,0.019990599837229082,0.019990599837229082,0.019990599837229082,0.019990599837229082,0.019990599837229082,0.019990599837229082,0.0,0.0,0.0,0.0,0.0,0.0,-0.08,5.303304908059076,False,False,False,False,False,False,,,1,0,1,0,1,0,1,0,1,0,1,0
4349,Skepp,https://www.crunchbase.com/organization/skepp-nl,The Netherlands,52.3563585,6.6636219,2013,1.0,False,False,False,False,False,False,False,False,False,False,True,False,True,False,1,1,1,0.0,0.137557,2014-01-01,2014-01-01,Series B,2014,6.0,True,,False,,0.0,0.0,False,,False,,False,,False,,False,,False,,1,0,True,,True,True,,True,,True,,True,,True,,True,,1,,True,,True,False,,False,False,False,False,False,False,True,True,10,0,False,0,0,0.0,0.0,0.12027243668391589,0.0,0.0,0.0,0.0,0.0,0.0,0.0,0.0,0.0,0.0,0.0,0.0,-0.08,5.303304908059076,False,False,True,False,True,True,,,1,0,1,0,1,0,1,0,1,0,1,0
4294,Ventinova,https://www.crunchbase.com/organization/ventinova,The Netherlands,51.4392648,5.478633,2013,1.0,True,False,False,False,True,False,False,True,False,False,False,False,False,False,0,1,2,0.0,2.669831,2013-08-09,2013-08-09,Venture - Series Unknown,2013,78.0,True,,True,,31.0,16.0,False,,False,,False,,False,,False,,False,,0,0,False,,False,True,,True,,True,,True,,False,,False,,2,,True,,True,True,,False,False,False,False,False,False,True,True,15,1,True,6,1,0.1666666666666666,0.1541506798272582,0.1025854152192535,0.0721060856428663,0.032862855590003515,0.1113493156957291,0.032862855590003515,0.0721060856428663,0.1113493156957291,0.0,0.0,0.0,0.0883652571322525,0.0883652571322525,0.0883652571322525,-0.08,5.303304908059076,False,False,True,False,True,True,,,0,0,0,0,1,0,1,0,1,0,1,0
4692,Watcher Enterprises,https://www.crunchbase.com/organization/watcher-enterprises,The Netherlands,52.3730796,4.8924534,2013,2.0,False,True,False,False,False,True,False,False,False,True,False,False,False,False,0,1,1,0.0,0.02,2013-10-14,2013-10-14,Equity Crowdfunding,2013,31.0,True,,False,,3.0,7.0,False,,False,,True,,False,,False,,False,,1,0,True,,True,True,,True,,True,,True,,True,,True,,1,,True,,True,True,,False,False,False,False,False,False,True,True,169,1,True,102,29,0.284313725490196,0.2502245099168804,0.0,0.0,0.0,0.0,0.0,0.0,0.0,0.0,0.0,0.0,0.0,0.0,0.0,-0.08,5.303304908059076,False,False,False,False,False,False,,,1,0,1,0,1,0,1,0,1,0,1,0
4485,Pneusmart,https://www.crunchbase.com/organization/pneusmart,The Netherlands,52.3730796,4.8924534,2013,1.0,False,True,False,False,True,True,False,False,False,True,False,False,False,True,3,1,2,0.0,0.865675,2016-06-20,2016-06-20,Seed,2016,51.5,False,,True,,2.0,15.5,False,,False,,False,,False,,False,,False,,0,0,False,,False,False,,False,,False,,False,,False,,False,,0,,False,,False,True,,False,False,False,False,False,False,True,True,169,1,True,102,29,0.284313725490196,0.2502245099168804,0.0,0.829551521758739,0.829551521758739,0.829551521758739,0.829551521758739,0.829551521758739,0.829551521758739,0.0,0.0,0.0,0.0,0.0,0.0,-0.08,5.303304908059076,False,False,False,False,False,False,,,0,0,0,0,0,0,0,0,0,0,0,0
4723,Capacity Energy Storage,https://www.crunchbase.com/organization/capacity-energy-storage,The Netherlands,52.3730796,4.8924534,2013,2.0,True,True,True,False,False,False,False,False,False,False,False,True,False,False,1,1,1,0.0,0.0,2014-11-01,2014-11-01,Seed,2014,211.0,True,,False,,3.0,13.0,True,,True,,True,,False,,False,,False,,1,0,True,,True,True,,True,,True,,True,,True,,True,,1,,True,,True,True,,False,False,False,False,False,False,True,True,169,1,True,102,29,0.284313725490196,0.2502245099168804,0.0,0.0,0.0,0.0,0.0,0.0,0.0,0.0,0.0,0.0,0.0,0.0,0.0,-0.08,5.303304908059076,False,False,False,False,False,False,,,1,0,1,0,1,0,1,0,1,0,1,0
4707,PakketMail,https://www.crunchbase.com/organization/pakketmail,The Netherlands,52.3730796,4.8924534,2013,3.0,True,True,False,False,True,False,False,False,False,True,False,False,False,False,1,1,1,1.0,0.0,2014-01-01,2014-01-01,Seed,2014,19.0,False,False,True,True,0.0,2.0,False,False,False,False,False,False,False,False,False,False,False,False,0,0,False,False,False,False,False,False,False,False,False,False,False,False,False,False,False,0,0.0,False,False,False,True,True,False,False,False,False,False,False,True,True,169,1,True,102,29,0.284313725490196,0.2502245099168804,0.0,1.8644845810056878,1.8644845810056878,1.8644845810056878,0.0,0.0,0.0,1.8644845810056878,1.8644845810056878,1.8644845810056878,0.0,0.0,0.0,-0.08,5.303304908059076,False,False,False,False,False,False,,,0,0,0,0,0,0,0,0,0,0,0,0
4815,Dinst,https://www.crunchbase.com/organization/dinst,The Netherlands,52.3730796,4.8924534,2013,2.0,False,True,False,False,False,False,False,True,False,True,False,False,False,False,2,1,1,0.0,0.0,2015-12-24,2015-12-24,Seed,2015,211.0,True,,False,,4.0,13.0,True,,True,,True,,False,,False,,False,,1,0,True,,True,True,,True,,True,,True,,True,,True,,1,,True,,True,True,,False,False,False,False,False,False,True,True,169,1,True,102,29,0.284313725490196,0.2502245099168804,0.0,0.0,0.0,0.0,0.0,0.0,0.0,0.0,0.0,0.0,0.0,0.0,0.0,-0.08,5.303304908059076,False,False,False,False,False,False,,,1,0,1,0,1,0,1,0,1,0,1,0
4813,VanChefs,https://www.crunchbase.com/organization/vanchefs,The Netherlands,52.3730796,4.8924534,2013,2.0,False,True,False,False,True,True,True,False,False,False,False,False,False,False,0,1,1,0.0,0.0,2013-04-12,2013-04-12,Seed,2013,211.0,True,,False,,2.0,13.0,True,,True,,True,,False,,False,,False,,1,0,True,,True,True,,True,,True,,True,,True,,True,,1,,True,,True,True,,False,False,False,False,False,False,True,True,169,1,True,102,29,0.284313725490196,0.2502245099168804,0.0,0.0,0.0,0.0,0.0,0.0,0.0,0.0,0.0,0.0,0.0,0.0,0.0,-0.08,5.303304908059076,False,False,False,False,False,False,,,1,0,1,0,1,0,1,0,1,0,1,0
4438,Alledaags NL (Everyday),https://www.crunchbase.com/organization/alledaags-nl-everyday,The Netherlands,53.2190652,6.5680077,2013,1.0,True,False,False,False,False,True,False,False,False,True,True,False,False,False,5,1,1,1.0,0.582662,2018-07-17,2018-07-17,Seed,2018,15.0,False,False,True,True,5.0,0.0,True,True,False,False,False,False,False,False,False,False,False,False,0,0,False,False,False,False,False,False,False,False,False,False,False,False,False,False,False,1,1.0,True,True,True,False,False,False,False,False,False,False,False,True,True,12,1,True,0,0,0.0,0.0,0.14675886108711234,0.14127051123063145,0.14127051123063145,0.14127051123063145,0.0,0.0,0.0,0.14127051123063145,0.14127051123063145,0.14127051123063145,0.0,0.0,0.0,-0.08,5.993961427306569,False,False,False,False,False,False,,,0,0,0,0,0,0,0,0,0,0,0,0
4772,Buzzoek,https://www.crunchbase.com/organization/buzzoek,The Netherlands,52.3730796,4.8924534,2013,2.0,True,True,False,False,False,False,False,False,True,True,False,False,False,False,0,1,1,0.0,0.020034,2013-09-17,2013-09-17,Seed,2013,31.0,True,,False,,3.0,7.0,False,,False,,True,,False,,False,,False,,1,0,True,,True,True,,True,,True,,True,,True,,True,,1,,True,,True,True,,False,False,False,False,False,False,True,True,169,1,True,102,29,0.284313725490196,0.2502245099168804,0.0,0.0,0.0,0.0,0.0,0.0,0.0,0.0,0.0,0.0,0.0,0.0,0.0,-0.08,5.303304908059076,False,False,False,False,False,False,,,1,0,1,0,1,0,1,0,1,0,1,0
4773,CROWDYHOUSE,https://www.crunchbase.com/organization/crowdyhouse,The Netherlands,52.3730796,4.8924534,2013,4.0,False,True,False,False,False,True,False,False,False,False,False,False,False,False,1,1,1,0.0,1.305848,2014-04-20,2014-04-20,Seed,2014,211.0,True,,False,,3.0,13.0,True,,True,,True,,False,,False,,False,,1,0,True,,True,True,,True,,True,,True,,True,,True,,1,,True,,True,True,,False,False,False,False,False,False,True,True,169,1,True,102,29,0.284313725490196,0.2502245099168804,0.0,0.0,0.0,0.0,0.0,0.0,0.0,0.0,0.0,0.0,0.0,0.0,0.0,-0.08,5.303304908059076,False,False,False,False,False,False,,,1,0,1,0,1,0,1,0,1,0,1,0
4375,OmniCure,https://www.crunchbase.com/organization/omnicure,The Netherlands,52.9275957,7.1278746,2013,1.0,True,False,False,False,False,False,False,True,False,False,False,False,False,False,4,2,2,0.0,0.8,2017-10-05,2020-01-01,Seed,2017,31.0,False,,True,,7.0,111.5,True,,False,,False,,False,,True,,False,,0,0,False,,False,False,,False,,False,,False,,False,,False,,0,,False,,False,False,,True,True,True,True,False,False,False,False,11,0,False,0,0,0.0,0.0,0.16291012601897867,8.819309528139598,8.819309528139598,8.819309528139598,8.819309528139598,8.819309528139598,8.819309528139598,0.0,0.0,0.0,0.0,0.0,0.0,-0.08,5.993961427306569,False,False,False,False,False,False,,,0,0,0,0,0,0,0,0,0,0,0,0
4788,Cloakroom,https://www.crunchbase.com/organization/cloakroom,The Netherlands,52.3730796,4.8924534,2013,3.0,False,True,False,False,True,True,False,False,False,False,False,False,False,False,1,1,1,1.0,2.245513,2014-05-15,2014-05-15,Seed,2014,7.0,False,False,True,True,0.0,0.0,False,False,False,False,False,False,False,False,False,False,False,False,0,0,False,False,False,False,False,False,False,False,False,False,False,False,False,False,False,0,0.0,False,False,False,False,False,True,True,True,True,False,False,False,False,169,1,True,102,28,0.2745098039215686,0.2425616371713113,0.0,8.938533546604061,8.938533546604061,8.938533546604061,0.0,0.0,0.0,8.938533546604061,8.938533546604061,8.938533546604061,0.0,0.0,0.0,-0.08,5.303304908059076,True,False,False,True,True,True,2016-02-02,3.0,0,0,0,0,0,0,0,0,0,0,0,0
4786,YES.TAP,https://www.crunchbase.com/organization/yes-tap,The Netherlands,52.3730796,4.8924534,2013,4.0,False,True,False,False,False,False,True,False,False,True,False,False,False,False,0,1,1,0.0,0.317,2013-10-14,2013-10-14,Seed,2013,31.0,True,,False,,3.0,7.0,False,,False,,True,,False,,False,,False,,1,0,True,,True,True,,True,,True,,True,,True,,True,,1,,True,,True,True,,False,False,False,False,False,False,True,True,169,1,True,102,29,0.284313725490196,0.2502245099168804,0.0,0.0,0.0,0.0,0.0,0.0,0.0,0.0,0.0,0.0,0.0,0.0,0.0,-0.08,5.303304908059076,False,False,False,False,False,False,,,1,0,1,0,1,0,1,0,1,0,1,0
4629,MYPUP,https://www.crunchbase.com/organization/mypup,The Netherlands,52.3730796,4.8924534,2013,1.0,False,True,False,False,True,True,False,False,False,True,False,False,False,True,1,1,1,1.0,0.0,2014-01-01,2014-01-01,Seed,2014,7.0,True,True,False,False,10.0,1.0,False,False,False,False,False,False,False,False,False,False,False,False,1,1,True,True,True,True,True,True,True,True,True,True,True,True,True,True,True,1,1.0,True,True,True,True,True,False,False,False,False,False,False,True,True,169,1,True,102,29,0.284313725490196,0.2502245099168804,0.0,0.0,0.0,0.0,0.0,0.0,0.0,0.0,0.0,0.0,0.0,0.0,0.0,-0.08,5.303304908059076,False,False,False,False,False,False,,,1,1,1,1,1,1,1,1,1,1,1,1
4626,WeShareSolar,https://www.crunchbase.com/organization/wesharesolar,The Netherlands,52.3730796,4.8924534,2013,2.0,True,True,True,True,False,False,False,False,True,False,False,True,False,False,1,2,3,0.0,0.570157,2014-05-15,2015-02-18,Seed,2014,81.0,True,,False,,9.3,5.0,True,,True,,True,,False,,False,,False,,2,0,True,,False,True,,True,,True,,True,,True,,True,,3,,True,,True,True,,False,False,False,False,False,False,True,True,169,1,True,102,29,0.284313725490196,0.2502245099168804,0.0,0.01911729858302996,0.0,0.057351895749089894,0.0,0.01911729858302996,0.057351895749089894,0.0,0.0,0.0,0.03823459716605992,0.0,0.057351895749089894,-0.08,5.303304908059076,False,False,False,False,False,False,,,2,0,2,0,2,0,2,0,3,0,3,0
4517,Daalder,https://www.crunchbase.com/organization/daalder,The Netherlands,52.3730796,4.8924534,2013,3.0,True,True,False,False,False,False,False,False,True,False,False,False,False,False,2,1,1,0.0,0.445159,2015-09-22,2015-09-22,Seed,2015,14.0,True,,False,,3.0,5.0,False,,False,,False,,False,,False,,False,,0,0,False,,False,True,,True,,False,,False,,False,,False,,1,,True,,True,False,,False,False,False,False,False,False,True,True,169,1,True,102,29,0.284313725490196,0.2502245099168804,0.0,0.057351895749089894,0.057351895749089894,0.057351895749089894,0.057351895749089894,0.057351895749089894,0.057351895749089894,0.0,0.0,0.0,0.0,0.0,0.0,-0.08,5.303304908059076,False,False,False,False,False,False,,,0,0,0,0,0,0,0,0,1,0,1,0
4619,Startupbootcamp HighTechXL,https://www.crunchbase.com/organization/startupbootcamp-hightechxl,The Netherlands,51.4392648,5.478633,2013,2.0,True,False,False,False,True,False,False,False,True,True,False,False,False,False,1,1,1,0.0,0.0,2014-01-01,2014-01-01,Seed,2014,102.0,True,,False,,31.0,13.0,False,,False,,False,,False,,False,,False,,0,0,False,,False,True,,True,,True,,True,,False,,False,,1,,True,,True,False,,False,False,False,False,False,False,True,True,15,1,True,6,1,0.1666666666666666,0.1541506798272582,0.1025854152192535,0.032862855590003515,0.032862855590003515,0.032862855590003515,0.032862855590003515,0.032862855590003515,0.032862855590003515,0.0,0.0,0.0,0.0,0.0,0.0,-0.08,5.303304908059076,False,False,False,False,False,False,,,0,0,0,0,1,0,1,0,1,0,1,0
4203,Boldking,https://www.crunchbase.com/organization/boldking,The Netherlands,52.3730796,4.8924534,2013,2.0,False,True,False,False,False,True,False,False,False,True,False,False,False,False,3,1,1,0.0,0.0,2016-01-01,2016-01-01,Series A,2016,12.0,True,,False,,1.0,3.0,False,,False,,False,,False,,False,,False,,1,0,True,,True,True,,True,,True,,True,,True,,True,,1,,True,,True,True,,False,False,False,False,False,False,True,True,169,1,True,102,29,0.284313725490196,0.2502245099168804,0.0,0.0,0.0,0.0,0.0,0.0,0.0,0.0,0.0,0.0,0.0,0.0,0.0,-0.08,5.303304908059076,False,False,True,False,True,True,,,1,0,1,0,1,0,1,0,1,0,1,0
4646,Efficiator,https://www.crunchbase.com/organization/efficiator,The Netherlands,52.3730796,4.8924534,2013,2.0,False,True,True,False,False,True,False,False,False,True,False,False,False,False,4,1,1,0.0,0.0,2017-06-01,2017-06-01,Seed,2017,211.0,True,,False,,6.0,13.0,True,,True,,True,,False,,False,,False,,1,0,True,,True,True,,True,,True,,True,,True,,True,,1,,True,,True,True,,False,False,False,False,False,False,True,True,169,1,True,102,29,0.284313725490196,0.2502245099168804,0.0,0.0,0.0,0.0,0.0,0.0,0.0,0.0,0.0,0.0,0.0,0.0,0.0,-0.08,5.993961427306569,False,False,False,False,False,False,,,1,0,1,0,1,0,1,0,1,0,1,0
4177,Studocu,https://www.crunchbase.com/organization/studocu,The Netherlands,52.3730796,4.8924534,2013,4.0,False,True,False,False,False,True,False,False,False,True,False,False,False,False,2,1,2,0.0,1.475486,2015-12-03,2015-12-03,Series B,2015,115.5,True,,True,,7.0,25.0,False,,False,,False,,False,,False,,False,,1,0,True,,False,True,,True,,True,,True,,True,,True,,1,,True,,False,True,,False,False,False,False,True,False,True,True,169,1,True,102,28,0.2745098039215686,0.2425616371713113,0.0,0.2882216753683349,0.0,0.5764433507366697,0.0,0.2882216753683349,0.5764433507366697,0.0,0.0,0.0,0.5764433507366697,0.5764433507366697,0.5764433507366697,-0.08,5.303304908059076,False,True,True,True,True,True,,,1,0,1,0,1,0,1,0,1,0,1,0
4575,Cupenya,https://www.crunchbase.com/organization/cupenya,The Netherlands,52.3730796,4.8924534,2013,2.0,True,True,False,False,True,False,False,False,False,True,False,False,False,True,0,1,1,0.0,0.85,2013-04-12,2013-04-12,Seed,2013,211.0,True,,False,,2.0,13.0,True,,True,,True,,False,,False,,False,,1,0,True,,True,True,,True,,True,,True,,True,,True,,1,,True,,True,True,,False,False,False,False,False,False,True,True,169,1,True,102,29,0.284313725490196,0.2502245099168804,0.0,0.0,0.0,0.0,0.0,0.0,0.0,0.0,0.0,0.0,0.0,0.0,0.0,-0.08,5.303304908059076,False,False,False,False,False,False,,,1,0,1,0,1,0,1,0,1,0,1,0
4587,INDICA,https://www.crunchbase.com/organization/indica,The Netherlands,52.2241375,5.1719396,2013,2.0,True,False,False,False,True,False,False,False,False,True,False,False,False,False,4,1,1,1.0,0.0,2017-04-24,2017-04-24,Seed,2017,24.0,True,True,False,False,12.0,3.0,False,False,False,False,False,False,False,False,False,False,False,False,0,0,False,False,False,True,True,True,True,True,True,True,True,True,True,True,True,1,1.0,True,True,True,False,False,False,False,False,False,False,False,True,True,173,1,True,1,0,0.0,0.0,0.025208855919567955,0.010814213814354623,0.010814213814354623,0.010814213814354623,0.0,0.0,0.0,0.010814213814354623,0.010814213814354623,0.010814213814354623,0.0,0.0,0.0,-0.08,5.993961427306569,False,False,False,False,False,False,,,1,1,1,1,1,1,1,1,1,1,1,1
4592,SkelEx,https://www.crunchbase.com/organization/skelex,The Netherlands,51.9244424,4.47775,2013,1.0,True,False,False,False,True,False,False,False,False,False,False,False,False,False,4,2,2,1.0,0.0,2017-01-01,2017-04-26,Seed,2017,17.5,True,True,False,False,20.0,1.5,False,False,False,False,False,False,False,False,False,False,False,False,0,0,False,False,False,True,True,True,True,True,True,True,True,True,True,False,False,2,1.0,True,True,True,False,False,False,False,False,False,False,False,True,True,68,2,True,9,3,0.3333333333333333,0.2876820724517809,0.05735189574909011,0.02070965903556591,0.02070965903556591,0.02070965903556591,0.02070965903556591,0.02070965903556591,0.02070965903556591,0.02070965903556591,0.02070965903556591,0.02070965903556591,0.0,0.0,0.0,-0.08,5.993961427306569,False,False,False,False,False,False,,,0,0,2,1,2,1,2,1,2,1,2,1
4561,Musoni System,https://www.crunchbase.com/organization/musoni-system,The Netherlands,52.3730796,4.8924534,2013,1.0,True,True,False,False,False,False,False,False,True,True,False,False,False,False,3,1,1,0.0,0.0,2016-07-01,2016-07-01,Private Equity,2016,22.0,True,,False,,10.0,0.0,False,,False,,False,,False,,False,,False,,1,0,True,,True,True,,True,,True,,True,,True,,True,,1,,True,,True,True,,False,False,False,False,False,False,True,True,169,1,True,102,29,0.284313725490196,0.2502245099168804,0.0,0.0,0.0,0.0,0.0,0.0,0.0,0.0,0.0,0.0,0.0,0.0,0.0,-0.08,5.303304908059076,False,False,True,False,True,True,,,1,0,1,0,1,0,1,0,1,0,1,0
4594,Raydiant Europe,https://www.crunchbase.com/organization/sightcorp,The Netherlands,52.3730796,4.8924534,2013,2.0,True,True,False,False,True,True,False,False,False,True,True,False,False,False,0,1,1,0.0,0.0,2013-07-13,2013-07-13,Pre-Seed,2013,11.0,True,,False,,21.0,2.0,False,,False,,False,,False,,False,,False,,1,0,True,,True,True,,True,,True,,True,,True,,True,,1,,True,,True,True,,False,False,False,False,False,False,True,True,169,1,True,102,28,0.2745098039215686,0.2425616371713113,0.0,0.0,0.0,0.0,0.0,0.0,0.0,0.0,0.0,0.0,0.0,0.0,0.0,-0.08,5.303304908059076,True,False,False,True,True,True,2022-01-13,9.0,1,0,1,0,1,0,1,0,1,0,1,0
4598,BAGTAG,https://www.crunchbase.com/organization/bagtag,The Netherlands,52.3705038,5.2185859,2013,1.0,False,False,False,False,True,True,False,False,False,True,True,False,False,False,1,1,1,0.0,0.0,2014-05-01,2014-05-01,Seed,2014,17.0,True,,False,,10.0,3.0,False,,False,,False,,False,,False,,False,,0,0,False,,False,True,,True,,True,,True,,True,,True,,1,,True,,True,False,,False,False,False,False,False,False,True,True,167,0,False,1,0,0.0,0.0,0.02214245122636411,0.012674662391053394,0.012674662391053394,0.012674662391053394,0.012674662391053394,0.012674662391053394,0.012674662391053394,0.0,0.0,0.0,0.0,0.0,0.0,-0.08,5.303304908059076,False,False,False,False,False,False,,,1,0,1,0,1,0,1,0,1,0,1,0
4602,Zazzy,https://www.crunchbase.com/organization/zazzy,The Netherlands,52.3730796,4.8924534,2013,3.0,False,True,False,False,True,True,False,False,False,True,False,False,False,False,0,1,1,0.0,0.0,2013-04-12,2013-04-12,Angel,2013,211.0,True,,False,,2.0,13.0,True,,True,,True,,False,,False,,False,,1,0,True,,True,True,,True,,True,,True,,True,,True,,1,,True,,True,True,,False,False,False,False,False,False,True,True,169,1,True,102,29,0.284313725490196,0.2502245099168804,0.0,0.0,0.0,0.0,0.0,0.0,0.0,0.0,0.0,0.0,0.0,0.0,0.0,-0.08,5.303304908059076,False,False,False,False,False,False,,,1,0,1,0,1,0,1,0,1,0,1,0
4530,Atmos,https://www.crunchbase.com/organization/atmosuav,The Netherlands,52.1809225,4.4285918,2013,6.0,True,False,False,False,True,True,True,False,False,True,False,False,True,False,5,2,1,1.0,0.0,2018-07-05,2019-12-12,Seed,2018,4.0,True,True,False,False,2.5,2.0,False,False,False,False,False,False,False,False,False,False,False,False,0,0,False,False,False,True,True,True,True,True,True,True,True,False,False,False,False,2,2.0,True,True,True,True,True,False,False,False,False,False,False,True,True,190,2,True,3,2,0.6666666666666666,0.5108256237659906,0.038111227906099984,0.03811122790610008,0.03811122790610008,0.03811122790610008,0.0,0.0,0.0,0.03811122790610008,0.03811122790610008,0.03811122790610008,0.0,0.0,0.0,-0.08,5.993961427306569,False,False,False,False,False,False,,,0,0,0,0,2,2,2,2,2,2,2,2
4671,Clean Electricity Generation,https://www.crunchbase.com/organization/clean-electricity-generation,The Netherlands,52.3730796,4.8924534,2013,1.0,True,True,True,True,False,False,False,False,False,False,False,True,False,False,0,1,1,0.0,0.0,2013-06-04,2013-06-04,Pre-Seed,2013,2.0,False,,True,,0.0,1.0,True,,False,,False,,False,,False,,False,,0,0,False,,False,False,,False,,False,,False,,False,,False,,0,,False,,False,False,,True,True,True,True,False,False,False,False,169,1,True,102,28,0.2745098039215686,0.2425616371713113,0.0,8.632570706548254,8.632570706548254,8.632570706548254,8.632570706548254,8.632570706548254,8.632570706548254,0.0,0.0,0.0,0.0,0.0,0.0,-0.08,5.303304908059076,True,False,False,True,True,True,2019-06-17,6.0,0,0,0,0,0,0,0,0,0,0,0,0
4675,kollekt.fm,https://www.crunchbase.com/organization/kollekt-fm,The Netherlands,52.3730796,4.8924534,2013,5.0,False,True,False,False,False,False,False,False,False,True,True,False,False,False,2,1,1,0.0,0.0,2015-03-18,2015-03-18,Seed,2015,211.0,True,,False,,4.0,13.0,True,,True,,True,,False,,False,,False,,1,0,True,,True,True,,True,,True,,True,,True,,True,,1,,True,,True,True,,False,False,False,False,False,False,True,True,169,1,True,102,29,0.284313725490196,0.2502245099168804,0.0,0.0,0.0,0.0,0.0,0.0,0.0,0.0,0.0,0.0,0.0,0.0,0.0,-0.08,5.303304908059076,False,False,False,False,False,False,,,1,0,1,0,1,0,1,0,1,0,1,0
4667,Node1,https://www.crunchbase.com/organization/node1,The Netherlands,52.3730796,4.8924534,2013,2.0,True,True,False,False,False,False,False,False,False,True,False,False,False,False,0,1,1,0.0,0.130266,2013-03-01,2013-03-01,Seed,2013,1.0,False,,True,,0.0,0.0,False,,False,,False,,False,,False,,False,,0,0,False,,False,False,,False,,False,,False,,False,,False,,0,,False,,False,False,,False,False,False,False,False,False,True,True,169,1,True,102,29,0.284313725490196,0.2502245099168804,0.0,0.2959696353463604,0.2959696353463604,0.2959696353463604,0.2959696353463604,0.2959696353463604,0.2959696353463604,0.0,0.0,0.0,0.0,0.0,0.0,-0.08,5.303304908059076,False,False,False,False,False,False,,,0,0,0,0,0,0,0,0,0,0,0,0
4497,Karify,https://www.crunchbase.com/organization/karify,The Netherlands,52.0907006,5.1215634,2013,2.0,False,False,False,False,False,False,False,True,False,True,False,False,False,False,1,1,1,0.0,0.0,2014-02-06,2014-02-06,Series A,2014,54.0,True,,False,,33.0,19.0,False,,False,,False,,False,,False,,False,,0,0,False,,False,True,,True,,True,,True,,False,,False,,1,,True,,True,True,,False,False,False,False,False,False,True,True,194,1,True,11,1,0.0909090909090909,0.0870113769896297,0.035062214289133406,0.03506221428913354,0.03506221428913354,0.03506221428913354,0.03506221428913354,0.03506221428913354,0.03506221428913354,0.0,0.0,0.0,0.0,0.0,0.0,-0.08,5.303304908059076,False,False,True,False,True,True,,,0,0,0,0,1,0,1,0,1,0,1,0
4649,Linden Mobile,https://www.crunchbase.com/organization/linden-mobile,The Netherlands,52.3730796,4.8924534,2013,2.0,True,True,False,False,False,False,False,False,False,True,False,False,False,False,0,1,1,0.0,0.0,2013-01-01,2013-01-01,Seed,2013,20.0,True,,False,,3.0,6.0,False,,False,,False,,False,,False,,False,,1,0,True,,True,True,,True,,True,,True,,True,,True,,1,,True,,True,True,,False,False,False,False,False,False,True,True,169,1,True,102,29,0.284313725490196,0.2502245099168804,0.0,0.0,0.0,0.0,0.0,0.0,0.0,0.0,0.0,0.0,0.0,0.0,0.0,-0.08,5.303304908059076,False,False,False,False,False,False,,,1,0,1,0,1,0,1,0,1,0,1,0
4550,Monotch,https://www.crunchbase.com/organization/monotch,The Netherlands,51.6773008,4.7931811,2014,1.0,True,False,False,False,True,False,False,False,False,True,False,False,False,False,3,1,1,0.0,0.0,2017-02-23,2017-02-23,Seed,2017,102.0,True,,False,,34.0,13.0,False,,False,,False,,False,,False,,False,,0,0,False,,False,True,,True,,True,,True,,True,,False,,1,,True,,True,False,,False,False,False,False,False,False,True,True,35,0,False,1,0,0.0,0.0,0.07766462873664018,0.02141642681131284,0.02141642681131284,0.02141642681131284,0.02141642681131284,0.02141642681131284,0.02141642681131284,0.0,0.0,0.0,0.0,0.0,0.0,1.6,5.993961427306569,False,False,False,False,False,False,,,0,0,1,0,1,0,1,0,1,0,1,0
4529,World Startup Factory,https://www.crunchbase.com/organization/world-startup-factory,The Netherlands,52.0799838,4.3113461,2014,1.0,True,False,False,False,True,True,False,False,True,False,False,False,False,False,2,1,1,0.0,0.0,2016-03-15,2016-03-15,Seed,2016,16.0,True,,False,,30.0,2.0,False,,False,,False,,False,,False,,False,,1,0,True,,True,True,,True,,True,,True,,True,,True,,1,,True,,True,False,,False,False,False,False,False,False,True,True,56,2,True,9,1,0.1111111111111111,0.1053605156578263,0.05127095594048748,0.0,0.0,0.0,0.0,0.0,0.0,0.0,0.0,0.0,0.0,0.0,0.0,1.6,5.303304908059076,False,False,False,False,False,False,,,1,0,1,0,1,0,1,0,1,0,1,0
4526,Bundle,https://www.crunchbase.com/organization/bundle-2,The Netherlands,52.3730796,4.8924534,2014,3.0,False,True,False,False,False,True,False,False,False,True,True,False,False,False,0,1,1,0.0,0.320566,2014-02-27,2014-02-27,Angel,2014,31.0,True,,False,,4.0,7.0,False,,False,,True,,False,,False,,False,,1,0,True,,True,True,,True,,True,,True,,True,,True,,1,,True,,True,True,,False,False,False,False,False,False,True,True,169,1,True,139,35,0.2517985611510791,0.2245813660838372,0.0,0.0,0.0,0.0,0.0,0.0,0.0,0.0,0.0,0.0,0.0,0.0,0.0,1.6,5.303304908059076,True,False,False,True,True,True,2017-05-10,3.0,1,0,1,0,1,0,1,0,1,0,1,0
4566,Sleep.ai,https://www.crunchbase.com/organization/sleep-ai,The Netherlands,51.8474946,5.8637771,2014,1.0,True,False,False,False,True,True,False,True,False,True,False,False,False,False,2,1,1,0.0,0.0,2016-02-19,2016-02-19,Venture - Series Unknown,2016,211.0,True,,False,,5.0,13.0,True,,True,,True,,False,,False,,False,,0,0,False,,False,True,,False,,False,,False,,False,,False,,1,,True,,True,True,,False,False,False,False,False,False,True,True,12,1,True,4,1,0.25,0.2231435513142097,0.08840311608630631,0.08840311608630658,0.08840311608630658,0.08840311608630658,0.08840311608630658,0.08840311608630658,0.08840311608630658,0.0,0.0,0.0,0.0,0.0,0.0,1.6,5.303304908059076,True,False,True,True,True,True,2018-04-10,4.0,0,0,0,0,0,0,0,0,0,0,1,0
4572,Undagrid,https://www.crunchbase.com/organization/undagrid,The Netherlands,52.3080392,4.7621975,2014,4.0,False,True,False,False,False,True,False,False,False,True,False,False,False,False,0,3,3,1.0,0.037358,2014-02-27,2015-08-26,Series A,2014,92.33333333333331,True,True,True,False,3.0,18.0,True,True,False,False,True,False,False,False,False,False,False,False,1,1,True,True,False,True,True,True,True,True,True,True,True,True,True,True,True,2,1.0,True,True,False,True,True,False,False,False,False,False,False,True,True,203,1,True,4,3,0.75,0.5596157879354227,0.011428516457880815,0.06101594890544387,0.006653519308370196,0.16496581095008067,0.011428516457880738,0.0881971637039807,0.16496581095008067,0.006653519308370196,0.006653519308370196,0.006653519308370196,0.1158706613890268,0.00812344441187767,0.17379892707117045,1.6,5.303304908059076,True,False,True,True,True,True,2025-01-14,11.0,2,1,2,1,2,1,2,1,2,1,2,1
4571,Bouw7,https://www.crunchbase.com/organization/bouw7,The Netherlands,53.3243515,5.9992306,2014,1.0,True,False,False,False,False,True,False,False,False,True,False,False,True,False,3,1,1,0.0,0.0,2017-06-14,2017-06-14,Angel,2017,211.0,False,,True,,6.0,13.0,True,,True,,True,,False,,False,,False,,0,0,False,,False,False,,False,,False,,False,,False,,False,,1,,True,,True,True,,False,False,False,False,False,False,True,True,12,0,False,0,0,0.0,0.0,0.1292739919292382,0.1292739919292378,0.1292739919292378,0.1292739919292378,0.1292739919292378,0.1292739919292378,0.1292739919292378,0.0,0.0,0.0,0.0,0.0,0.0,1.6,5.993961427306569,True,False,False,True,True,True,2019-06-04,5.0,0,0,0,0,0,0,0,0,0,0,0,0
4569,Hyko,https://www.crunchbase.com/organization/hyko,The Netherlands,52.3730796,4.8924534,2014,2.0,True,True,True,False,False,True,False,False,False,True,True,True,False,False,0,1,1,0.0,0.027,2014-01-15,2014-01-15,Venture - Series Unknown,2014,211.0,True,,False,,3.0,13.0,True,,True,,True,,False,,False,,False,,1,0,True,,True,True,,True,,True,,True,,True,,True,,1,,True,,True,True,,False,False,False,False,False,False,True,True,169,1,True,139,36,0.2589928057553957,0.2303120407928223,0.0,0.0,0.0,0.0,0.0,0.0,0.0,0.0,0.0,0.0,0.0,0.0,0.0,1.6,5.303304908059076,False,False,True,False,True,True,,,1,0,1,0,1,0,1,0,1,0,1,0
4448,Undeveloped,https://www.crunchbase.com/organization/undeveloped,The Netherlands,52.3730796,4.8924534,2014,2.0,True,True,False,False,False,True,False,False,False,True,True,False,False,False,1,1,1,0.0,0.0,2015-02-15,2015-02-15,Seed,2015,211.0,True,,False,,4.0,13.0,True,,True,,True,,False,,False,,False,,1,0,True,,True,True,,True,,True,,True,,True,,True,,1,,True,,True,True,,False,False,False,False,False,False,True,True,169,1,True,139,36,0.2589928057553957,0.2303120407928223,0.0,0.0,0.0,0.0,0.0,0.0,0.0,0.0,0.0,0.0,0.0,0.0,0.0,1.6,5.303304908059076,False,False,False,False,False,False,,,1,0,1,0,1,0,1,0,1,0,1,0
4439,LeadBoxer,https://www.crunchbase.com/organization/leadboxer,The Netherlands,52.3730796,4.8924534,2014,2.0,True,True,False,False,False,False,False,False,False,True,True,False,False,True,0,2,2,0.0,0.626231,2014-08-01,2015-12-21,Seed,2014,109.0,True,,False,,7.0,7.0,True,,True,,True,,False,,False,,False,,2,0,True,,True,True,,True,,True,,True,,True,,True,,2,,True,,True,True,,False,False,False,False,False,False,True,True,169,1,True,139,36,0.2589928057553957,0.2303120407928223,0.0,0.0,0.0,0.0,0.0,0.0,0.0,0.0,0.0,0.0,0.0,0.0,0.0,1.6,5.303304908059076,False,False,False,False,False,False,,,2,0,2,0,2,0,2,0,2,0,2,0
4424,Tiqtime,https://www.crunchbase.com/organization/tiqtime,The Netherlands,52.3730796,4.8924534,2014,1.0,True,True,False,False,True,False,False,False,False,True,True,False,False,False,2,1,1,0.0,0.329174,2016-12-08,2016-12-08,Seed,2016,211.0,True,,False,,5.0,13.0,True,,True,,True,,False,,False,,False,,1,0,True,,True,True,,True,,True,,True,,True,,True,,1,,True,,True,True,,False,False,False,False,False,False,True,True,169,1,True,139,36,0.2589928057553957,0.2303120407928223,0.0,0.0,0.0,0.0,0.0,0.0,0.0,0.0,0.0,0.0,0.0,0.0,0.0,1.6,5.303304908059076,False,False,False,False,False,False,,,1,0,1,0,1,0,1,0,1,0,1,0
4417,Bleeve,https://www.crunchbase.com/organization/bleeve,The Netherlands,52.3730796,4.8924534,2014,4.0,False,True,True,True,False,False,False,False,False,True,False,True,False,False,0,2,2,0.0,0.682392,2014-11-01,2016-04-07,Seed,2014,120.0,True,,False,,14.0,7.5,True,,True,,True,,False,,False,,False,,2,0,True,,True,True,,True,,True,,True,,True,,True,,2,,True,,True,True,,False,False,False,False,False,False,True,True,169,1,True,139,36,0.2589928057553957,0.2303120407928223,0.0,0.0,0.0,0.0,0.0,0.0,0.0,0.0,0.0,0.0,0.0,0.0,0.0,1.6,5.303304908059076,False,False,False,False,False,False,,,2,0,2,0,2,0,2,0,2,0,2,0
4415,Bloomon,https://www.crunchbase.com/organization/bloomon,The Netherlands,52.3730796,4.8924534,2014,2.0,False,True,False,False,False,True,False,False,False,True,False,False,True,False,0,1,1,1.0,0.0,2014-05-20,2014-05-20,Series C,2014,12.0,True,True,False,False,0.0,3.0,False,False,False,False,False,False,False,False,False,False,False,False,1,1,True,True,True,True,True,True,True,True,True,True,True,True,True,True,True,1,1.0,True,True,True,True,True,False,False,False,False,False,False,True,True,169,1,True,139,35,0.2517985611510791,0.2245813660838372,0.0,0.0,0.0,0.0,0.0,0.0,0.0,0.0,0.0,0.0,0.0,0.0,0.0,1.6,5.303304908059076,True,True,True,True,True,True,2021-04-22,7.0,1,1,1,1,1,1,1,1,1,1,1,1
4470,ABOSS,https://www.crunchbase.com/organization/aboss,The Netherlands,52.3730796,4.8924534,2014,2.0,False,True,False,False,False,True,False,False,False,True,True,False,False,False,2,1,1,1.0,0.225759,2016-08-25,2016-08-25,Seed,2016,14.0,True,True,False,False,4.0,5.0,False,False,False,False,False,False,False,False,False,False,False,False,0,0,False,False,False,True,True,True,True,False,False,False,False,False,False,False,False,1,1.0,True,True,True,False,False,False,False,False,False,False,False,True,True,169,1,True,139,36,0.2589928057553957,0.2303120407928223,0.0,0.057351895749089894,0.057351895749089894,0.057351895749089894,0.0,0.0,0.0,0.057351895749089894,0.057351895749089894,0.057351895749089894,0.0,0.0,0.0,1.6,5.303304908059076,False,False,False,False,False,False,,,0,0,0,0,0,0,0,0,1,1,1,1
4507,Dropbyke,https://www.crunchbase.com/organization/dropbyke,The Netherlands,52.3730796,4.8924534,2014,3.0,False,True,False,False,False,False,False,False,False,True,False,False,False,False,1,1,1,0.0,0.959428,2015-05-05,2015-05-05,Seed,2015,14.0,False,,True,,0.0,1.0,False,,False,,False,,False,,False,,False,,0,0,False,,False,False,,False,,False,,False,,False,,False,,0,,False,,False,False,,True,True,False,False,False,False,False,False,169,1,True,139,36,0.2589928057553957,0.2303120407928223,0.0,2.1427247936596583,2.1427247936596583,2.1427247936596583,2.1427247936596583,2.1427247936596583,2.1427247936596583,0.0,0.0,0.0,0.0,0.0,0.0,1.6,5.303304908059076,False,False,False,False,False,False,,,0,0,0,0,0,0,0,0,0,0,0,0
4505,Zenodys,https://www.crunchbase.com/organization/zenodys,The Netherlands,52.3730796,4.8924534,2014,4.0,True,True,False,False,False,False,False,False,False,True,False,False,False,False,0,2,2,1.0,0.027591,2014-11-01,2015-04-28,Seed,2014,143.0,True,False,True,True,9.7,8.7,True,False,True,False,True,False,False,False,False,False,False,False,2,0,True,False,False,True,False,True,False,True,False,True,False,True,False,True,False,2,0.0,True,False,False,True,True,False,False,False,False,False,False,True,True,169,1,True,139,36,0.2589928057553957,0.2303120407928223,0.0,0.05793297569039015,0.0,0.17379892707117045,0.0,0.0,0.0,0.17379892707117045,0.17379892707117045,0.17379892707117045,0.1158659513807803,0.0,0.17379892707117045,1.6,5.303304908059076,False,False,False,False,False,False,,,2,0,2,0,2,0,2,0,2,0,2,0
4491,Stukio,https://www.crunchbase.com/organization/stukio,The Netherlands,52.3730796,4.8924534,2014,4.0,False,True,False,False,True,False,False,False,False,True,False,False,False,False,0,2,2,0.0,0.785,2014-03-14,2015-10-12,Seed,2014,233.5,True,,True,,3.0,22.5,True,,True,,True,,False,,False,,False,,1,0,True,,False,True,,True,,True,,True,,True,,True,,1,,True,,False,True,,False,False,False,False,False,False,True,True,169,1,True,139,35,0.2517985611510791,0.2245813660838372,0.0,0.9294726544527495,0.0,1.858945308905499,0.0,0.9294726544527495,1.858945308905499,0.0,0.0,0.0,1.858945308905499,1.858945308905499,1.858945308905499,1.6,5.303304908059076,True,False,False,True,True,True,2016-02-26,2.0,1,0,1,0,1,0,1,0,1,0,1,0
4489,Monyq,https://www.crunchbase.com/organization/monyq,The Netherlands,51.9244424,4.47775,2014,2.0,False,False,False,False,False,False,False,False,True,True,False,False,False,False,1,1,1,0.0,0.448623,2015-09-09,2015-09-09,Seed,2015,14.0,True,,False,,3.0,5.0,False,,False,,False,,False,,False,,False,,1,0,True,,True,True,,True,,True,,True,,True,,True,,1,,True,,True,False,,False,False,False,False,False,False,True,True,68,2,True,14,3,0.2142857142857142,0.1941560144409574,0.05735189574909011,0.0,0.0,0.0,0.0,0.0,0.0,0.0,0.0,0.0,0.0,0.0,0.0,1.6,5.303304908059076,False,False,False,False,False,False,,,1,0,1,0,1,0,1,0,1,0,1,0
4480,Desolenator,https://www.crunchbase.com/organization/desolenator,The Netherlands,50.8512438,5.6909768,2014,2.0,True,False,True,True,False,False,False,False,False,False,False,True,False,False,6,2,2,0.0,0.0,2020-01-01,2020-08-12,Venture - Series Unknown,2020,45.5,False,,True,,2.5,2.0,True,,False,,True,,False,,False,,False,,0,0,False,,False,False,,False,,False,,False,,False,,False,,0,,False,,False,True,,True,True,False,False,False,False,True,False,26,0,False,1,0,0.0,0.0,0.09402413760919519,3.786352567014767,1.0630298245785088,6.509675309451025,1.0630298245785088,3.786352567014767,6.509675309451025,0.0,0.0,0.0,7.182160550449752,7.182160550449752,7.182160550449752,1.6,6.55250788703459,False,False,True,False,True,True,,,0,0,0,0,0,0,0,0,0,0,0,0
4467,Making Moves,https://www.crunchbase.com/organization/making-moves,The Netherlands,52.3730796,4.8924534,2014,2.0,True,True,False,False,False,False,False,False,False,True,True,False,False,False,3,1,1,0.0,0.619224,2017-02-01,2017-02-01,Seed,2017,6.0,False,,True,,2.0,1.0,False,,False,,False,,False,,False,,False,,0,0,False,,False,False,,False,,False,,False,,False,,False,,0,,False,,False,False,,True,True,False,False,False,False,False,False,169,1,True,139,36,0.2589928057553957,0.2303120407928223,0.0,9.250337692256062,9.250337692256062,9.250337692256062,9.250337692256062,9.250337692256062,9.250337692256062,0.0,0.0,0.0,0.0,0.0,0.0,1.6,5.993961427306569,False,False,False,False,False,False,,,0,0,0,0,0,0,0,0,0,0,0,0
4400,smartocto,https://www.crunchbase.com/organization/cleverlions,The Netherlands,51.8474946,5.8637771,2014,5.0,True,False,False,False,False,False,False,False,False,True,True,False,False,False,6,1,1,0.0,0.110935,2020-05-01,2020-05-01,Seed,2020,161.0,False,,True,,7.0,7.0,True,,False,,False,,False,,False,,False,,0,0,False,,False,False,,False,,False,,False,,False,,False,,0,,False,,False,False,,False,False,False,False,False,False,True,True,12,1,True,4,2,0.5,0.4054651081081644,0.08840311608630631,1.6573384999318281,1.6573384999318281,1.6573384999318281,1.6573384999318281,1.6573384999318281,1.6573384999318281,0.0,0.0,0.0,0.0,0.0,0.0,1.6,6.55250788703459,False,False,False,False,False,False,,,0,0,0,0,0,0,0,0,0,0,0,0
4586,Crowd Media,https://www.crunchbase.com/organization/crowd-media,The Netherlands,52.3730796,4.8924534,2014,1.0,True,True,False,False,False,False,False,False,False,False,True,False,False,False,2,1,1,0.0,0.0,2016-01-01,2016-01-01,Seed,2016,19.0,False,,True,,0.0,3.0,True,,False,,False,,False,,True,,False,,0,0,False,,False,False,,False,,False,,False,,False,,False,,0,,False,,False,False,,True,True,False,False,False,False,False,False,169,1,True,139,36,0.2589928057553957,0.2303120407928223,0.0,16.64083456682027,16.64083456682027,16.64083456682027,16.64083456682027,16.64083456682027,16.64083456682027,0.0,0.0,0.0,0.0,0.0,0.0,1.6,5.303304908059076,False,False,False,False,False,False,,,0,0,0,0,0,0,0,0,0,0,0,0
4718,eGEO,https://www.crunchbase.com/organization/egeo,The Netherlands,52.3730796,4.8924534,2014,1.0,True,True,False,False,True,True,False,False,False,True,True,False,False,False,2,1,1,0.0,0.0,2016-05-24,2016-05-24,Seed,2016,211.0,True,,False,,5.0,13.0,True,,True,,True,,False,,False,,False,,1,0,True,,True,True,,True,,True,,True,,True,,True,,1,,True,,True,True,,False,False,False,False,False,False,True,True,169,1,True,139,36,0.2589928057553957,0.2303120407928223,0.0,0.0,0.0,0.0,0.0,0.0,0.0,0.0,0.0,0.0,0.0,0.0,0.0,1.6,5.303304908059076,False,False,False,False,False,False,,,1,0,1,0,1,0,1,0,1,0,1,0
4745,Mgaubel,https://www.crunchbase.com/organization/mgaubel,The Netherlands,51.9244424,4.47775,2014,1.0,True,False,False,False,True,False,False,False,False,False,False,False,False,False,0,1,1,1.0,0.0,2014-12-17,2014-12-17,Seed,2014,1.0,True,True,False,False,9.0,0.0,False,False,False,False,True,True,False,False,False,False,False,False,0,0,False,False,False,True,True,True,True,True,True,True,True,True,True,True,True,1,1.0,True,True,True,False,False,False,False,False,False,False,False,True,True,68,2,True,14,3,0.2142857142857142,0.1941560144409574,0.05735189574909011,0.01266341320341976,0.01266341320341976,0.01266341320341976,0.0,0.0,0.0,0.01266341320341976,0.01266341320341976,0.01266341320341976,0.0,0.0,0.0,1.6,5.303304908059076,False,False,False,False,False,False,,,1,1,1,1,1,1,1,1,1,1,1,1
4636,Packpin Tracking,https://www.crunchbase.com/organization/packpin,The Netherlands,52.3730796,4.8924534,2014,4.0,False,True,False,False,True,True,False,False,False,True,False,False,False,True,1,2,2,1.0,0.0,2015-05-29,2016-01-01,Seed,2015,260.0,True,False,True,True,4.5,30.5,True,False,True,True,True,False,False,False,False,False,False,False,1,0,True,False,False,True,False,True,False,True,False,True,False,True,False,True,False,1,0.0,True,False,False,True,True,False,False,False,False,True,False,True,True,169,1,True,139,36,0.2589928057553957,0.2303120407928223,0.0,0.47039437874746914,0.0,0.9407887574949384,0.0,0.0,0.0,0.9407887574949384,0.9407887574949384,0.9407887574949384,0.9407887574949384,0.9407887574949384,0.9407887574949384,1.6,5.303304908059076,False,False,False,False,False,False,,,1,0,1,0,1,0,1,0,1,0,1,0
4632,VIGGA,https://www.crunchbase.com/organization/vigga-us,The Netherlands,52.3730796,4.8924534,2014,1.0,False,True,False,False,True,True,False,False,False,False,False,True,False,False,2,1,2,0.0,0.0,2016-02-01,2016-02-01,Series A,2016,24.5,True,,False,,23.5,1.5,True,,False,,False,,False,,False,,False,,2,0,True,,True,True,,True,,True,,True,,True,,True,,2,,True,,True,True,,False,False,False,False,False,False,True,True,169,1,True,139,36,0.2589928057553957,0.2303120407928223,0.0,0.0,0.0,0.0,0.0,0.0,0.0,0.0,0.0,0.0,0.0,0.0,0.0,1.6,5.303304908059076,False,False,True,False,True,True,,,2,0,2,0,2,0,2,0,2,0,2,0
4609,Bundles,https://www.crunchbase.com/organization/bundles,The Netherlands,52.3730796,4.8924534,2014,2.0,False,True,False,False,False,True,False,False,False,True,False,False,False,False,0,1,1,0.0,0.0,2014-03-28,2014-03-28,Venture - Series Unknown,2014,211.0,True,,False,,3.0,13.0,True,,True,,True,,False,,False,,False,,1,0,True,,True,True,,True,,True,,True,,True,,True,,1,,True,,True,True,,False,False,False,False,False,False,True,True,169,1,True,139,36,0.2589928057553957,0.2303120407928223,0.0,0.0,0.0,0.0,0.0,0.0,0.0,0.0,0.0,0.0,0.0,0.0,0.0,1.6,5.303304908059076,False,False,True,False,True,True,,,1,0,1,0,1,0,1,0,1,0,1,0
4600,"Hi,hi Guide",https://www.crunchbase.com/organization/hi-hi-guide,The Netherlands,52.2209855,6.8940537,2014,2.0,False,False,False,False,False,True,False,False,False,False,False,False,False,False,6,1,1,0.0,0.0,2020-07-01,2020-07-01,Pre-Seed,2020,3.0,False,,True,,1.0,0.0,False,,False,,False,,False,,False,,True,,0,0,False,,False,False,,False,,False,,False,,False,,False,,1,,True,,True,True,,False,False,False,False,False,False,True,True,9,0,False,5,1,0.2,0.1823215567939546,0.13715743374761244,0.1453968671241627,0.1453968671241627,0.1453968671241627,0.1453968671241627,0.1453968671241627,0.1453968671241627,0.0,0.0,0.0,0.0,0.0,0.0,1.6,6.55250788703459,False,False,False,False,False,False,,,0,0,0,0,0,0,0,0,0,0,0,0
4596,Skedify,https://www.crunchbase.com/organization/skedify,The Netherlands,52.0505092,5.7222878,2014,1.0,True,False,False,False,False,False,False,False,False,True,False,False,False,True,2,1,1,1.0,0.0,2016-12-29,2016-12-29,Seed,2016,14.0,False,False,True,True,1.0,2.0,True,True,False,False,False,False,False,False,False,False,False,False,0,0,False,False,False,False,False,False,False,False,False,False,False,False,False,False,False,0,0.0,False,False,False,False,False,False,False,False,False,False,False,True,True,39,1,True,1,0,0.0,0.0,0.06695679567611781,0.12975279426315242,0.12975279426315242,0.12975279426315242,0.0,0.0,0.0,0.12975279426315242,0.12975279426315242,0.12975279426315242,0.0,0.0,0.0,1.6,5.303304908059076,True,False,False,True,True,True,2021-11-08,7.0,0,0,0,0,0,0,0,0,0,0,0,0
4589,Resender,https://www.crunchbase.com/organization/resender,The Netherlands,52.1715066,5.6454392,2014,1.0,True,False,False,False,True,False,False,False,False,True,False,False,False,False,2,1,1,0.0,0.019909,2016-07-01,2016-07-01,Seed,2016,1.0,False,,True,,3.0,0.0,False,,False,,False,,False,,False,,False,,0,0,False,,False,False,,False,,False,,False,,False,,False,,0,,False,,False,True,,False,False,False,False,False,False,True,True,40,0,False,0,0,0.0,0.0,0.05592204053610593,0.40488993378619553,0.40488993378619553,0.40488993378619553,0.40488993378619553,0.40488993378619553,0.40488993378619553,0.0,0.0,0.0,0.0,0.0,0.0,1.6,5.303304908059076,False,False,False,False,False,False,,,0,0,0,0,0,0,0,0,0,0,0,0
4672,SphereMall,https://www.crunchbase.com/organization/spheremall,The Netherlands,51.5887845,4.7760237,2014,3.0,False,False,False,False,False,True,False,False,False,True,False,False,False,True,0,1,1,0.0,0.0,2014-10-01,2014-10-01,Venture - Series Unknown,2014,12.0,True,,False,,5.0,2.0,False,,False,,False,,False,,False,,False,,0,0,False,,False,True,,False,,False,,False,,False,,False,,1,,True,,True,True,,False,False,False,False,False,False,True,True,41,0,False,1,0,0.0,0.0,0.08757339356208423,0.08757339356208398,0.08757339356208398,0.08757339356208398,0.08757339356208398,0.08757339356208398,0.08757339356208398,0.0,0.0,0.0,0.0,0.0,0.0,1.6,5.303304908059076,False,False,True,False,True,True,,,0,0,0,0,0,0,0,0,0,0,1,0
4657,PrivacyPerfect,https://www.crunchbase.com/organization/privacyperfect,The Netherlands,51.9244424,4.47775,2014,1.0,True,False,False,False,False,False,False,False,False,True,False,False,False,False,3,1,1,1.0,0.0,2017-12-19,2017-12-19,Seed,2017,14.0,True,True,False,False,5.0,5.0,False,False,False,False,False,False,False,False,False,False,False,False,0,0,False,False,False,True,True,True,True,False,False,False,False,False,False,False,False,1,1.0,True,True,True,True,True,False,False,False,False,False,False,True,True,68,2,True,14,3,0.2142857142857142,0.1941560144409574,0.05735189574909011,0.057351895749089894,0.057351895749089894,0.057351895749089894,0.0,0.0,0.0,0.057351895749089894,0.057351895749089894,0.057351895749089894,0.0,0.0,0.0,1.6,5.993961427306569,False,False,False,False,False,False,,,0,0,0,0,0,0,0,0,1,1,1,1
4385,Bomberbot,https://www.crunchbase.com/organization/bomberbot,The Netherlands,52.3730796,4.8924534,2014,3.0,False,True,False,False,False,True,False,False,False,True,True,False,False,False,0,2,2,1.0,1.448813,2014-05-14,2017-03-30,Seed,2014,126.0,True,True,False,False,3.0,8.0,True,True,True,False,True,False,False,False,False,False,False,False,2,1,True,True,True,True,True,True,True,True,True,True,True,True,True,True,True,2,1.0,True,True,True,True,True,False,False,False,False,False,False,True,True,169,1,True,139,35,0.2517985611510791,0.2245813660838372,0.0,0.0,0.0,0.0,0.0,0.0,0.0,0.0,0.0,0.0,0.0,0.0,0.0,1.6,5.303304908059076,True,False,False,True,True,True,2020-10-28,6.0,2,1,2,1,2,1,2,1,2,1,2,1
4376,Pritle.,https://www.crunchbase.com/organization/pritle,The Netherlands,52.3730796,4.8924534,2014,4.0,True,True,False,False,False,False,False,False,True,True,False,False,False,False,2,1,1,1.0,5.121044,2016-03-31,2016-03-31,Seed,2016,44.0,True,True,False,False,3.0,13.0,False,False,False,False,False,False,False,False,False,False,False,False,1,1,True,True,True,True,True,True,True,True,True,True,True,True,True,True,True,1,1.0,True,True,True,True,True,False,False,False,False,False,False,True,True,169,1,True,139,35,0.2517985611510791,0.2245813660838372,0.0,0.0,0.0,0.0,0.0,0.0,0.0,0.0,0.0,0.0,0.0,0.0,0.0,1.6,5.303304908059076,True,False,False,True,True,True,2017-03-17,3.0,1,1,1,1,1,1,1,1,1,1,1,1
4164,Solar Monkey,https://www.crunchbase.com/organization/solar-monkey,The Netherlands,52.3730796,4.8924534,2014,2.0,True,True,True,True,False,False,False,False,False,False,False,True,False,False,2,2,1,0.0,0.218274,2016-01-15,2017-06-30,Venture - Series Unknown,2016,58.0,True,,False,,2.5,8.0,False,,False,,False,,False,,False,,False,,0,0,False,,False,True,,True,,False,,False,,False,,False,,2,,True,,True,False,,False,False,False,False,False,False,True,True,169,1,True,139,36,0.2589928057553957,0.2303120407928223,0.0,0.05127095594048744,0.05127095594048744,0.05127095594048744,0.05127095594048744,0.05127095594048744,0.05127095594048744,0.0,0.0,0.0,0.0,0.0,0.0,1.6,5.303304908059076,False,False,True,False,True,True,,,0,0,0,0,0,0,0,0,2,0,2,0
4054,Media Distillery,https://www.crunchbase.com/organization/media-distillery,The Netherlands,52.3730796,4.8924534,2014,3.0,True,True,False,False,True,False,False,False,False,True,False,False,False,False,2,1,2,2.0,0.673985,2016-06-16,2016-06-16,Undisclosed,2016,37.5,True,True,False,False,6.5,6.5,False,False,False,False,False,False,False,False,False,False,False,False,2,2,True,True,True,True,True,True,True,True,True,True,True,True,True,True,True,2,2.0,True,True,True,True,True,False,False,False,False,False,False,True,True,169,1,True,139,36,0.2589928057553957,0.2303120407928223,0.0,0.0,0.0,0.0,0.0,0.0,0.0,0.0,0.0,0.0,0.0,0.0,0.0,1.6,5.303304908059076,False,False,False,False,False,False,,,2,2,2,2,2,2,2,2,2,2,2,2
4033,Connecterra,https://www.crunchbase.com/organization/connecterra-2,The Netherlands,52.3730796,4.8924534,2014,2.0,True,True,False,False,True,False,True,False,False,True,False,False,False,False,2,1,1,1.0,1.8,2016-05-19,2016-05-19,Series B,2016,22.0,False,False,True,True,2.0,4.0,True,True,False,False,True,True,False,False,False,False,True,True,0,0,False,False,False,False,False,False,False,False,False,False,False,False,False,False,False,0,0.0,False,False,False,True,True,False,False,False,False,False,False,True,True,169,1,True,139,36,0.2589928057553957,0.2303120407928223,0.0,0.35894534086299357,0.35894534086299357,0.35894534086299357,0.0,0.0,0.0,0.35894534086299357,0.35894534086299357,0.35894534086299357,0.0,0.0,0.0,1.6,5.303304908059076,False,False,True,False,True,True,,,0,0,0,0,0,0,0,0,0,0,0,0
4032,NICO.LAB,https://www.crunchbase.com/organization/nico-lab,The Netherlands,52.3730796,4.8924534,2014,2.0,True,True,False,False,True,False,False,True,False,True,False,False,False,False,1,1,1,1.0,0.0,2015-11-01,2015-11-01,Venture - Series Unknown,2015,36.0,True,True,False,False,1.0,0.0,True,True,False,False,True,True,False,False,False,False,False,False,1,1,True,True,True,True,True,True,True,True,True,True,True,True,True,True,True,1,1.0,True,True,True,True,True,False,False,False,False,False,False,True,True,169,1,True,139,36,0.2589928057553957,0.2303120407928223,0.0,0.0,0.0,0.0,0.0,0.0,0.0,0.0,0.0,0.0,0.0,0.0,0.0,1.6,5.303304908059076,False,False,True,False,True,True,,,1,1,1,1,1,1,1,1,1,1,1,1
4011,Fizyr,https://www.crunchbase.com/organization/fizyr,The Netherlands,52.0114017,4.35839,2014,1.0,True,False,False,False,True,False,False,False,False,True,False,False,False,False,6,2,2,2.0,4.488517,2020-01-22,2022-05-25,Seed,2020,25.5,True,True,False,False,10.0,3.0,True,True,False,False,False,False,False,False,False,False,False,False,0,0,False,False,False,True,True,True,True,True,True,False,False,False,False,False,False,2,2.0,True,True,True,True,True,False,False,False,False,False,False,True,True,58,3,True,9,1,0.1111111111111111,0.1053605156578263,0.05424573977957992,0.053205060135113454,0.04711128803910285,0.059298832231124074,0.0,0.0,0.0,0.04711128803910285,0.053205060135113454,0.059298832231124074,0.030428845411967966,0.030428845411967966,0.030428845411967966,1.6,6.55250788703459,False,False,False,False,False,False,,,0,0,0,0,0,0,1,1,2,2,2,2
3999,Channable,https://www.crunchbase.com/organization/channable,The Netherlands,52.0907006,5.1215634,2014,2.0,True,False,False,False,False,True,False,False,False,False,True,False,False,False,2,1,1,1.0,0.782822,2016-12-22,2016-12-22,Series B,2016,61.0,True,True,False,False,9.0,8.0,False,False,False,False,False,False,False,False,False,False,False,False,0,0,False,False,False,True,True,True,True,True,True,True,True,False,False,False,False,1,1.0,True,True,True,True,True,False,False,False,False,False,False,True,True,194,1,True,12,1,0.0833333333333333,0.0800427076735364,0.035062214289133406,0.03506221428913354,0.03506221428913354,0.03506221428913354,0.0,0.0,0.0,0.03506221428913354,0.03506221428913354,0.03506221428913354,0.0,0.0,0.0,1.6,5.303304908059076,False,True,True,True,True,True,,,0,0,0,0,1,1,1,1,1,1,1,1
4252,Crobox,https://www.crunchbase.com/organization/sagent,The Netherlands,52.3730796,4.8924534,2014,4.0,True,True,False,False,False,False,False,False,False,True,False,False,False,False,2,1,2,1.0,1.253848,2016-09-01,2016-09-01,Seed,2016,71.5,True,True,True,False,11.0,26.5,False,False,True,False,False,False,False,False,False,False,False,False,0,0,False,False,False,True,True,True,True,False,False,False,False,False,False,False,False,1,1.0,True,True,False,True,False,False,False,False,False,False,False,True,True,169,1,True,139,36,0.2589928057553957,0.2303120407928223,0.0,0.24392386622734144,0.057351895749089894,0.430495836705593,0.430495836705593,0.430495836705593,0.430495836705593,0.057351895749089894,0.057351895749089894,0.057351895749089894,0.37331283924523784,0.37331283924523784,0.37331283924523784,1.6,5.303304908059076,False,False,False,False,False,False,,,0,0,0,0,0,0,0,0,1,1,1,1
4270,Sustonable,https://www.crunchbase.com/organization/innovative-stone-technologies-b-v-sustonable,The Netherlands,52.1131403,4.6408412,2014,3.0,False,False,False,False,True,False,False,True,False,False,False,True,True,False,3,3,2,1.0,2.785873,2017-03-16,2021-09-21,Seed,2017,36.666666666666664,True,False,True,True,13.0,4.3,True,True,False,False,False,False,False,False,False,False,False,False,0,0,False,False,False,True,False,True,False,False,False,False,False,False,False,False,False,1,0.0,True,False,False,False,False,False,False,False,False,True,False,True,True,205,1,True,0,0,0.0,0.0,0.03359932330131633,0.4660646802896647,0.06552700741846568,0.6663335167252643,0.06552700741846568,0.365930262071865,0.6663335167252643,0.6663335167252643,0.6663335167252643,0.6663335167252643,0.4025523457778272,0.0,0.6038285186667408,1.6,5.993961427306569,False,False,False,False,False,False,,,0,0,0,0,0,0,0,0,1,0,1,0
4374,Fixico,https://www.crunchbase.com/organization/fixico,The Netherlands,52.3730796,4.8924534,2014,2.0,True,True,False,False,True,False,False,False,True,False,False,False,False,False,2,2,1,1.0,5.930952,2016-06-16,2017-09-01,Series A,2016,44.0,True,True,False,False,3.5,13.0,False,False,False,False,False,False,False,False,False,False,False,False,2,2,True,True,True,True,True,True,True,True,True,True,True,True,True,True,True,2,2.0,True,True,True,True,True,False,False,False,False,False,False,True,True,169,1,True,139,36,0.2589928057553957,0.2303120407928223,0.0,0.0,0.0,0.0,0.0,0.0,0.0,0.0,0.0,0.0,0.0,0.0,0.0,1.6,5.303304908059076,False,False,True,False,True,True,,,2,2,2,2,2,2,2,2,2,2,2,2
4370,Lone Rooftop,https://www.crunchbase.com/organization/lone-rooftop,The Netherlands,52.3730796,4.8924534,2014,2.0,True,True,False,False,False,False,False,False,False,True,False,False,False,False,2,1,1,1.0,0.5,2016-04-22,2016-04-22,Venture - Series Unknown,2016,3.0,True,True,False,False,16.0,1.0,False,False,False,False,False,False,False,False,False,False,False,False,0,0,False,False,False,True,True,False,False,False,False,False,False,False,False,False,False,1,1.0,True,True,True,False,False,False,False,False,False,False,False,True,True,169,1,True,139,35,0.2517985611510791,0.2245813660838372,0.0,0.08820347367807739,0.08820347367807739,0.08820347367807739,0.0,0.0,0.0,0.08820347367807739,0.08820347367807739,0.08820347367807739,0.0,0.0,0.0,1.6,5.303304908059076,True,False,True,True,True,True,2021-09-22,7.0,0,0,0,0,0,0,0,0,0,0,1,1
4367,Iristrace,https://www.crunchbase.com/organization/iristrace,The Netherlands,52.0799838,4.3113461,2014,1.0,True,False,False,False,True,True,False,False,False,True,False,False,False,False,0,2,4,1.0,0.73261,2014-02-27,2017-08-01,Seed,2014,48.0,True,False,True,True,15.8,7.5,False,False,True,True,True,False,False,False,True,True,True,False,0,0,False,False,False,True,False,True,False,False,False,False,False,False,False,False,False,1,0.0,True,False,False,True,True,False,False,False,False,False,False,True,True,56,2,True,9,1,0.1111111111111111,0.1053605156578263,0.05127095594048748,1.0873076809979765,0.05127095594048744,1.4326532560171397,0.05127095594048744,0.972192489324922,1.4326532560171397,1.4326532560171397,1.4326532560171397,1.4326532560171397,0.7401682697654063,0.0,1.4803365395308126,1.6,5.303304908059076,False,False,False,False,False,False,,,0,0,0,0,0,0,0,0,1,0,1,0
4361,Finch Buildings,https://www.crunchbase.com/organization/finch-buildings-2,The Netherlands,52.3730796,4.8924534,2014,1.0,True,True,False,False,False,False,False,False,False,False,False,False,True,False,0,2,1,0.0,0.02505,2014-11-01,2015-07-07,Venture - Series Unknown,2014,211.0,True,,False,,3.5,13.0,True,,True,,True,,False,,False,,False,,2,0,True,,True,True,,True,,True,,True,,True,,True,,2,,True,,True,True,,False,False,False,False,False,False,True,True,169,1,True,139,36,0.2589928057553957,0.2303120407928223,0.0,0.0,0.0,0.0,0.0,0.0,0.0,0.0,0.0,0.0,0.0,0.0,0.0,1.6,5.303304908059076,False,False,True,False,True,True,,,2,0,2,0,2,0,2,0,2,0,2,0
4359,"GetSocial, a Keywords Studios",https://www.crunchbase.com/organization/gramble-world,The Netherlands,52.0799838,4.3113461,2014,4.0,True,False,False,False,False,False,False,False,False,True,True,False,False,False,0,1,1,0.0,1.0,2014-11-13,2014-11-13,Venture - Series Unknown,2014,21.0,False,,True,,0.0,4.0,False,,False,,False,,False,,False,,False,,0,0,False,,False,False,,False,,False,,False,,False,,False,,0,,False,,False,False,,True,True,False,False,False,False,False,False,56,2,True,9,0,0.0,0.0,0.05127095594048748,5.195141793754009,5.195141793754009,5.195141793754009,5.195141793754009,5.195141793754009,5.195141793754009,0.0,0.0,0.0,0.0,0.0,0.0,1.6,5.303304908059076,True,False,True,True,True,True,2019-02-21,5.0,0,0,0,0,0,0,0,0,0,0,0,0
4344,Wonderflow,https://www.crunchbase.com/organization/wonderflow,The Netherlands,52.3730796,4.8924534,2014,3.0,True,True,False,False,True,True,False,False,False,True,False,False,False,False,0,2,2,1.0,1.762883,2014-04-01,2018-09-24,Series B,2014,133.5,True,False,True,True,4.0,14.5,True,False,True,True,True,False,False,False,False,False,False,False,1,0,True,False,False,True,False,True,False,True,False,True,False,True,False,True,False,1,0.0,True,False,False,True,True,False,False,False,False,False,False,True,True,169,1,True,139,36,0.2589928057553957,0.2303120407928223,0.0,0.4147757608793695,0.0,0.829551521758739,0.0,0.0,0.0,0.829551521758739,0.829551521758739,0.829551521758739,0.829551521758739,0.829551521758739,0.829551521758739,1.6,5.303304908059076,False,False,True,False,True,True,,,1,0,1,0,1,0,1,0,1,0,1,0
4343,ProctorExam,https://www.crunchbase.com/organization/proctorexam,The Netherlands,52.3730796,4.8924534,2014,1.0,True,True,False,False,False,True,False,False,False,True,False,False,False,False,0,2,2,0.0,0.563846,2014-02-27,2014-10-01,Seed,2014,130.5,True,,True,,4.0,25.5,False,,False,,True,,False,,False,,False,,1,0,True,,False,True,,True,,True,,True,,True,,True,,1,,True,,False,True,,False,False,False,False,False,False,True,True,169,1,True,139,36,0.2589928057553957,0.2303120407928223,0.0,0.08689946353558523,0.0,0.17379892707117045,0.0,0.08689946353558523,0.17379892707117045,0.0,0.0,0.0,0.17379892707117045,0.17379892707117045,0.17379892707117045,1.6,5.303304908059076,False,False,False,False,False,False,,,1,0,1,0,1,0,1,0,1,0,1,0
4337,"Athom, creators of Homey",https://www.crunchbase.com/organization/homey,The Netherlands,52.2209855,6.8940537,2014,2.0,False,False,False,False,False,True,False,False,False,True,False,False,True,False,0,1,1,0.0,1.126538,2014-10-01,2014-10-01,Seed,2014,230.0,False,,True,,4.0,44.0,False,,False,,True,,False,,False,,False,,0,0,False,,False,False,,False,,False,,False,,False,,False,,0,,False,,False,True,,False,False,False,False,False,False,True,True,9,0,False,5,0,0.0,0.0,0.13715743374761244,0.2329578612567889,0.2329578612567889,0.2329578612567889,0.2329578612567889,0.2329578612567889,0.2329578612567889,0.0,0.0,0.0,0.0,0.0,0.0,1.6,5.303304908059076,True,False,False,True,True,True,2024-07-03,10.0,0,0,0,0,0,0,0,0,0,0,0,0
4286,Plasmacure,https://www.crunchbase.com/organization/plasmacure,The Netherlands,51.4392648,5.478633,2014,1.0,True,False,False,False,False,False,False,True,False,False,False,False,False,False,2,1,1,1.0,0.0,2016-07-01,2016-07-01,Venture - Series Unknown,2016,15.0,True,True,False,False,3.0,0.0,True,True,False,False,False,False,False,False,False,False,False,False,0,0,False,False,False,True,True,False,False,False,False,False,False,False,False,False,False,1,1.0,True,True,True,False,False,False,False,False,False,False,False,True,True,15,1,True,9,2,0.2222222222222222,0.2006706954621511,0.1025854152192535,0.07261110920664157,0.07261110920664157,0.07261110920664157,0.0,0.0,0.0,0.07261110920664157,0.07261110920664157,0.07261110920664157,0.0,0.0,0.0,1.6,5.303304908059076,False,False,True,False,True,True,,,0,0,0,0,0,0,0,0,0,0,1,1
4281,ULU,https://www.crunchbase.com/organization/ulu,The Netherlands,52.3730796,4.8924534,2014,2.0,True,True,False,False,True,False,False,False,False,True,False,False,False,False,1,3,2,1.0,2.986957,2015-05-12,2018-06-05,Seed,2015,2.3333333333333335,True,True,True,False,3.7,0.7,False,False,False,False,False,False,False,False,False,False,False,False,0,0,False,False,False,True,True,True,True,True,True,True,True,True,True,True,True,2,2.0,True,True,False,True,True,True,True,False,False,False,False,True,False,169,1,True,139,36,0.2589928057553957,0.2303120407928223,0.0,2.6323721697592406,0.011428516457880738,7.874259476361959,7.874259476361959,7.874259476361959,7.874259476361959,0.011428516457880738,0.011428516457880738,0.011428516457880738,5.257094231676235,0.0,7.885641347514352,1.6,5.303304908059076,False,False,False,False,False,False,,,2,2,2,2,2,2,2,2,2,2,2,2
3994,BUX,https://www.crunchbase.com/organization/bux,The Netherlands,52.3730796,4.8924534,2014,6.0,True,True,False,False,False,False,False,False,True,False,False,False,False,False,0,1,1,1.0,0.0,2014-10-01,2014-10-01,Series C,2014,44.0,True,True,False,False,1.0,13.0,False,False,False,False,False,False,False,False,False,False,False,False,1,1,True,True,True,True,True,True,True,True,True,True,True,True,True,True,True,1,1.0,True,True,True,True,True,False,False,False,False,False,False,True,True,169,1,True,139,35,0.2517985611510791,0.2245813660838372,0.0,0.0,0.0,0.0,0.0,0.0,0.0,0.0,0.0,0.0,0.0,0.0,0.0,1.6,5.303304908059076,True,True,True,True,True,True,2023-12-14,9.0,1,1,1,1,1,1,1,1,1,1,1,1
4766,Cocoon App,https://www.crunchbase.com/organization/cocoonapp,The Netherlands,52.3730796,4.8924534,2014,2.0,True,True,False,False,True,False,False,False,False,True,False,False,False,False,1,1,1,0.0,0.0,2015-03-22,2015-03-22,Seed,2015,211.0,True,,False,,4.0,13.0,True,,True,,True,,False,,False,,False,,1,0,True,,True,True,,True,,True,,True,,True,,True,,1,,True,,True,True,,False,False,False,False,False,False,True,True,169,1,True,139,36,0.2589928057553957,0.2303120407928223,0.0,0.0,0.0,0.0,0.0,0.0,0.0,0.0,0.0,0.0,0.0,0.0,0.0,1.6,5.303304908059076,False,False,False,False,False,False,,,1,0,1,0,1,0,1,0,1,0,1,0
4810,EnWake,https://www.crunchbase.com/organization/enwake,The Netherlands,51.9244424,4.47775,2014,1.0,True,False,True,False,False,False,False,False,False,False,False,True,False,False,0,1,1,0.0,0.0,2014-08-01,2014-08-01,Seed,2014,230.0,False,,True,,4.0,44.0,False,,False,,True,,False,,False,,False,,0,0,False,,False,False,,False,,False,,False,,False,,False,,0,,False,,False,True,,False,False,False,False,False,False,True,True,68,2,True,14,3,0.2142857142857142,0.1941560144409574,0.05735189574909011,0.12017407917364818,0.12017407917364818,0.12017407917364818,0.12017407917364818,0.12017407917364818,0.12017407917364818,0.0,0.0,0.0,0.0,0.0,0.0,1.6,5.303304908059076,False,False,False,False,False,False,,,0,0,0,0,0,0,0,0,0,0,0,0
4751,Fruitfunk,https://www.crunchbase.com/organization/fruitfunk,The Netherlands,51.6889387,5.303116,2014,2.0,False,False,False,False,False,True,True,False,False,False,False,False,False,False,1,1,1,0.0,0.0,2015-11-10,2015-11-10,Seed,2015,102.0,True,,False,,32.0,13.0,False,,False,,False,,False,,False,,False,,0,0,False,,False,True,,True,,True,,True,,True,,True,,1,,True,,True,False,,False,False,False,False,False,False,True,True,37,0,False,4,0,0.0,0.0,0.08109443280065959,0.019990599837229082,0.019990599837229082,0.019990599837229082,0.019990599837229082,0.019990599837229082,0.019990599837229082,0.0,0.0,0.0,0.0,0.0,0.0,1.6,5.303304908059076,False,False,False,False,False,False,,,1,0,1,0,1,0,1,0,1,0,1,0
4715,WeParc,https://www.crunchbase.com/organization/weparc,The Netherlands,52.3730796,4.8924534,2015,1.0,False,True,False,False,True,False,False,False,False,False,False,False,False,False,2,1,1,0.0,0.0,2017-06-14,2017-06-14,Seed,2017,211.0,True,,False,,6.0,13.0,True,,True,,True,,False,,False,,False,,1,0,True,,True,True,,True,,True,,True,,True,,True,,1,,True,,True,True,,False,False,False,False,False,False,True,True,169,1,True,176,42,0.2386363636363636,0.2140110677509372,0.0,0.0,0.0,0.0,0.0,0.0,0.0,0.0,0.0,0.0,0.0,0.0,0.0,2.31,5.993961427306569,False,False,False,False,False,False,,,1,0,1,0,1,0,1,0,1,0,1,0
4769,Haagse Feiten,https://www.crunchbase.com/organization/haagse-feiten,The Netherlands,52.3705038,5.2185859,2015,1.0,False,False,False,False,False,False,False,False,False,True,False,False,False,False,0,1,1,1.0,0.0,2015-09-15,2015-09-15,Seed,2015,26.0,True,True,False,False,15.0,2.0,False,False,False,False,False,False,False,False,False,False,False,False,0,0,False,False,False,True,True,True,True,True,True,True,True,True,True,True,True,1,1.0,True,True,True,False,False,False,False,False,False,False,False,True,True,167,0,False,7,1,0.1428571428571428,0.1335313926245225,0.02214245122636411,0.019777094123860823,0.019777094123860823,0.019777094123860823,0.0,0.0,0.0,0.019777094123860823,0.019777094123860823,0.019777094123860823,0.0,0.0,0.0,2.31,5.303304908059076,False,False,False,False,False,False,,,1,1,1,1,1,1,1,1,1,1,1,1
4754,Fuelling,https://www.crunchbase.com/organization/fuelling,The Netherlands,51.8474946,5.8637771,2015,4.0,False,False,False,False,False,True,False,True,False,False,False,False,False,False,0,1,1,0.0,0.0,2015-11-27,2015-11-27,Seed,2015,211.0,True,,False,,4.0,13.0,True,,True,,True,,False,,False,,False,,0,0,False,,False,True,,False,,False,,False,,False,,False,,1,,True,,True,True,,False,False,False,False,False,False,True,True,12,1,True,7,2,0.2857142857142857,0.251314428280906,0.08840311608630631,0.08840311608630658,0.08840311608630658,0.08840311608630658,0.08840311608630658,0.08840311608630658,0.08840311608630658,0.0,0.0,0.0,0.0,0.0,0.0,2.31,5.303304908059076,False,False,False,False,False,False,,,0,0,0,0,0,0,0,0,0,0,1,0
4748,VeiligeBuurt.nl,https://www.crunchbase.com/organization/veiligebuurt-nl,The Netherlands,52.2209855,6.8940537,2015,1.0,False,False,False,False,False,False,False,False,False,True,True,False,False,False,2,1,1,0.0,0.0,2017-04-27,2017-04-27,Seed,2017,59.0,False,,True,,0.0,11.0,False,,False,,False,,False,,False,,False,,0,0,False,,False,False,,False,,False,,False,,False,,False,,0,,False,,False,True,,False,False,False,False,True,True,True,True,9,0,False,8,1,0.125,0.1177830356563834,0.13715743374761244,0.4426882686022115,0.4426882686022115,0.4426882686022115,0.4426882686022115,0.4426882686022115,0.4426882686022115,0.0,0.0,0.0,0.0,0.0,0.0,2.31,5.993961427306569,False,False,False,False,False,False,,,0,0,0,0,0,0,0,0,0,0,0,0
4724,Fritts,https://www.crunchbase.com/organization/fritts,The Netherlands,52.0907006,5.1215634,2015,1.0,True,False,True,False,False,False,False,False,False,True,False,True,False,False,2,1,1,0.0,0.0,2017-06-01,2017-06-01,Seed,2017,211.0,True,,False,,6.0,13.0,True,,True,,True,,False,,False,,False,,0,0,False,,False,True,,True,,True,,True,,False,,False,,1,,True,,True,True,,False,False,False,False,False,False,True,True,194,1,True,19,2,0.1052631578947368,0.1000834585569824,0.035062214289133406,0.03506221428913354,0.03506221428913354,0.03506221428913354,0.03506221428913354,0.03506221428913354,0.03506221428913354,0.0,0.0,0.0,0.0,0.0,0.0,2.31,5.993961427306569,False,False,False,False,False,False,,,0,0,0,0,1,0,1,0,1,0,1,0
4720,Inpedio,https://www.crunchbase.com/organization/inpedio,The Netherlands,52.0799838,4.3113461,2015,2.0,True,False,False,False,False,True,False,False,False,True,False,False,False,False,2,1,1,0.0,0.0,2017-06-27,2017-06-27,Seed,2017,28.0,False,,True,,2.0,4.0,False,,False,,False,,False,,False,,False,,0,0,False,,False,False,,False,,False,,False,,False,,False,,0,,False,,False,False,,True,True,False,False,False,False,False,False,56,2,True,17,3,0.1764705882352941,0.1625189294977749,0.05127095594048748,3.313012211288422,3.313012211288422,3.313012211288422,3.313012211288422,3.313012211288422,3.313012211288422,0.0,0.0,0.0,0.0,0.0,0.0,2.31,5.993961427306569,False,False,False,False,False,False,,,0,0,0,0,0,0,0,0,0,0,0,0
4735,Entelligo,https://www.crunchbase.com/organization/entelligo-bv,The Netherlands,52.3730796,4.8924534,2015,1.0,False,True,False,False,False,False,False,False,False,True,False,False,False,True,0,1,1,0.0,0.0,2015-03-05,2015-03-05,Seed,2015,211.0,True,,False,,4.0,13.0,True,,True,,True,,False,,False,,False,,1,0,True,,True,True,,True,,True,,True,,True,,True,,1,,True,,True,True,,False,False,False,False,False,False,True,True,169,1,True,176,42,0.2386363636363636,0.2140110677509372,0.0,0.0,0.0,0.0,0.0,0.0,0.0,0.0,0.0,0.0,0.0,0.0,0.0,2.31,5.303304908059076,False,False,False,False,False,False,,,1,0,1,0,1,0,1,0,1,0,1,0
4358,Tapcore,https://www.crunchbase.com/organization/tapcore,The Netherlands,52.1275236,4.4465727,2015,1.0,False,False,False,False,False,False,False,False,False,True,True,False,False,False,2,1,1,1.0,0.279716,2017-06-08,2017-06-08,Seed,2017,25.0,False,False,True,True,4.0,3.0,False,False,False,False,False,False,False,False,True,True,False,False,0,0,False,False,False,False,False,False,False,False,False,False,False,False,False,False,False,0,0.0,False,False,False,False,False,False,False,False,False,False,False,True,True,192,2,True,5,3,0.6,0.4700036292457355,0.04082711299286825,1.3621303908337299,1.3621303908337299,1.3621303908337299,0.0,0.0,0.0,1.3621303908337299,1.3621303908337299,1.3621303908337299,0.0,0.0,0.0,2.31,5.993961427306569,True,False,False,True,True,True,2017-10-09,2.0,0,0,0,0,0,0,0,0,0,0,0,0
4631,Otly!,https://www.crunchbase.com/organization/otly,The Netherlands,52.3730796,4.8924534,2015,2.0,False,True,False,False,False,False,False,False,True,True,False,False,False,False,1,1,1,0.0,0.0,2016-08-23,2016-08-23,Seed,2016,211.0,True,,False,,5.0,13.0,True,,True,,True,,False,,False,,False,,1,0,True,,True,True,,True,,True,,True,,True,,True,,1,,True,,True,True,,False,False,False,False,False,False,True,True,169,1,True,176,42,0.2386363636363636,0.2140110677509372,0.0,0.0,0.0,0.0,0.0,0.0,0.0,0.0,0.0,0.0,0.0,0.0,0.0,2.31,5.303304908059076,False,False,False,False,False,False,,,1,0,1,0,1,0,1,0,1,0,1,0
4372,FoamPlant,https://www.crunchbase.com/organization/foamplant,The Netherlands,53.2190652,6.5680077,2015,1.0,True,False,False,False,True,False,False,True,False,True,False,True,False,False,4,1,2,0.0,2.257499,2019-07-01,2019-07-01,Seed,2019,29.0,False,,True,,6.0,1.0,True,,False,,False,,False,,False,,False,,0,0,False,,False,False,,False,,False,,False,,False,,False,,2,,True,,True,True,,False,False,False,False,False,False,True,True,12,1,True,2,1,0.5,0.4054651081081644,0.14675886108711234,0.17580727546547478,0.1535943513325266,0.19802019959842296,0.1535943513325266,0.17580727546547478,0.19802019959842296,0.0,0.0,0.0,0.04484461594537464,0.04484461594537464,0.04484461594537464,2.31,6.2166061010848646,False,False,False,False,False,False,,,0,0,0,0,0,0,0,0,0,0,0,0
4628,Decodeon,https://www.crunchbase.com/organization/decodeon,The Netherlands,52.0907006,5.1215634,2015,2.0,True,False,False,False,False,False,False,True,False,True,False,False,False,False,1,1,1,1.0,0.0,2016-06-01,2016-06-01,Seed,2016,6.0,True,True,False,False,2.0,0.0,False,False,False,False,False,False,False,False,False,False,False,False,1,1,True,True,True,True,True,True,True,True,True,True,True,True,True,True,True,1,1.0,True,True,True,False,False,False,False,False,False,False,False,True,True,194,1,True,19,2,0.1052631578947368,0.1000834585569824,0.035062214289133406,0.0,0.0,0.0,0.0,0.0,0.0,0.0,0.0,0.0,0.0,0.0,0.0,2.31,5.303304908059076,False,False,False,False,False,False,,,1,1,1,1,1,1,1,1,1,1,1,1
4607,GoCredible,https://www.crunchbase.com/organization/gocredible,The Netherlands,52.3730796,4.8924534,2015,4.0,True,True,False,False,True,False,False,False,True,False,False,False,False,False,3,1,1,0.0,0.0,2018-04-12,2018-04-12,Seed,2018,13.0,True,,False,,1.0,2.0,True,,False,,False,,False,,False,,False,,0,0,False,,False,True,,True,,True,,True,,False,,False,,1,,True,,True,False,,False,False,False,False,False,False,True,True,169,1,True,176,42,0.2386363636363636,0.2140110677509372,0.0,0.03506221428913354,0.03506221428913354,0.03506221428913354,0.03506221428913354,0.03506221428913354,0.03506221428913354,0.0,0.0,0.0,0.0,0.0,0.0,2.31,5.993961427306569,False,False,False,False,False,False,,,0,0,0,0,1,0,1,0,1,0,1,0
4382,X2AI,https://www.crunchbase.com/organization/x2ai,The Netherlands,52.3730796,4.8924534,2015,2.0,True,True,False,False,True,False,False,True,False,True,True,False,False,False,0,1,1,0.0,0.0,2015-01-01,2015-01-01,Series A,2015,40.0,False,,True,,6.0,5.0,False,,False,,True,,False,,False,,False,,0,0,False,,False,False,,False,,False,,False,,False,,False,,0,,False,,False,False,,True,True,True,True,False,False,False,False,169,1,True,176,42,0.2386363636363636,0.2140110677509372,0.0,8.79505123751077,8.79505123751077,8.79505123751077,8.79505123751077,8.79505123751077,8.79505123751077,0.0,0.0,0.0,0.0,0.0,0.0,2.31,5.303304908059076,False,False,True,False,True,True,,,0,0,0,0,0,0,0,0,0,0,0,0
4383,SwipeGuide,https://www.crunchbase.com/organization/swipeguide,The Netherlands,52.3730796,4.8924534,2015,2.0,True,True,False,False,True,True,True,False,False,True,False,False,False,True,3,1,1,1.0,1.535061,2018-02-28,2018-02-28,Venture - Series Unknown,2018,51.0,True,True,False,False,18.0,13.0,False,False,False,False,False,False,False,False,False,False,False,False,1,1,True,True,True,True,True,True,True,True,True,True,True,True,True,True,True,1,1.0,True,True,True,True,True,False,False,False,False,False,False,True,True,169,1,True,176,41,0.2329545454545454,0.2094133585023077,0.0,0.0,0.0,0.0,0.0,0.0,0.0,0.0,0.0,0.0,0.0,0.0,0.0,2.31,5.993961427306569,True,False,True,True,True,True,2024-09-04,9.0,1,1,1,1,1,1,1,1,1,1,1,1
4402,OneWatt,https://www.crunchbase.com/organization/onewatt,The Netherlands,52.3730796,4.8924534,2015,1.0,True,True,False,False,True,False,False,False,False,True,False,False,False,False,2,1,1,0.0,0.0,2017-06-01,2017-06-01,Seed,2017,211.0,True,,False,,6.0,13.0,True,,True,,True,,False,,False,,False,,1,0,True,,True,True,,True,,True,,True,,True,,True,,1,,True,,True,True,,False,False,False,False,False,False,True,True,169,1,True,176,42,0.2386363636363636,0.2140110677509372,0.0,0.0,0.0,0.0,0.0,0.0,0.0,0.0,0.0,0.0,0.0,0.0,0.0,2.31,5.993961427306569,False,False,False,False,False,False,,,1,0,1,0,1,0,1,0,1,0,1,0
4407,Meridia,https://www.crunchbase.com/organization/landmapp,The Netherlands,52.3730796,4.8924534,2015,2.0,True,True,False,False,True,True,False,False,True,False,False,False,False,False,4,1,2,0.0,0.0,2019-01-28,2019-01-28,Venture - Series Unknown,2019,119.0,False,,True,,9.5,28.5,True,,False,,False,,False,,False,,True,,0,0,False,,False,False,,False,,False,,False,,False,,False,,0,,False,,False,False,,True,True,True,True,False,False,False,False,169,1,True,176,42,0.2386363636363636,0.2140110677509372,0.0,8.414947895402651,8.03766061156518,8.792235179240123,8.03766061156518,8.414947895402651,8.792235179240123,0.0,0.0,0.0,0.89408419238646,0.89408419238646,0.89408419238646,2.31,6.2166061010848646,False,False,True,False,True,True,,,0,0,0,0,0,0,0,0,0,0,0,0
4411,Pandora Intelligence,https://www.crunchbase.com/organization/pandora-intelligence,The Netherlands,52.130355,5.4286989,2015,1.0,True,False,False,False,True,False,False,False,False,True,False,False,False,False,1,1,1,1.0,1.568032,2016-12-25,2016-12-25,Seed,2016,7.0,True,True,False,False,6.0,0.0,False,False,False,False,False,False,True,True,False,False,False,False,1,1,True,True,True,True,True,True,True,True,True,True,True,True,True,True,True,1,1.0,True,True,True,False,False,False,False,False,False,False,False,True,True,166,0,False,4,0,0.0,0.0,0.04539770404211245,0.0,0.0,0.0,0.0,0.0,0.0,0.0,0.0,0.0,0.0,0.0,0.0,2.31,5.303304908059076,False,False,False,False,False,False,,,1,1,1,1,1,1,1,1,1,1,1,1
4604,Hero Balancer,https://www.crunchbase.com/organization/hero-balancer,The Netherlands,52.3730796,4.8924534,2015,1.0,True,True,True,False,False,False,False,False,False,True,False,True,False,False,2,1,1,0.0,0.0,2017-06-01,2017-06-01,Seed,2017,211.0,True,,False,,6.0,13.0,True,,True,,True,,False,,False,,False,,1,0,True,,True,True,,True,,True,,True,,True,,True,,1,,True,,True,True,,False,False,False,False,False,False,True,True,169,1,True,176,42,0.2386363636363636,0.2140110677509372,0.0,0.0,0.0,0.0,0.0,0.0,0.0,0.0,0.0,0.0,0.0,0.0,0.0,2.31,5.993961427306569,False,False,False,False,False,False,,,1,0,1,0,1,0,1,0,1,0,1,0
4821,Fysio24,https://www.crunchbase.com/organization/fysio24,The Netherlands,52.3730796,4.8924534,2015,2.0,False,True,False,False,False,False,False,True,False,False,False,False,False,False,0,2,2,0.0,0.0,2015-09-30,2016-06-24,Seed,2015,109.5,True,,True,,3.5,6.5,True,,True,,True,,False,,False,,True,,1,0,True,,False,True,,True,,True,,True,,True,,True,,1,,True,,False,True,,False,False,False,False,True,False,True,True,169,1,True,176,42,0.2386363636363636,0.2140110677509372,0.0,0.1069875613685318,0.0,0.2139751227370636,0.0,0.1069875613685318,0.2139751227370636,0.0,0.0,0.0,0.2139751227370636,0.2139751227370636,0.2139751227370636,2.31,5.303304908059076,False,False,False,False,False,False,,,1,0,1,0,1,0,1,0,1,0,1,0
4419,Olisto,https://www.crunchbase.com/organization/triggi,The Netherlands,52.3730796,4.8924534,2015,2.0,False,True,False,False,False,False,False,False,False,True,False,False,False,False,0,1,1,0.0,0.659939,2015-07-07,2015-07-07,Venture - Series Unknown,2015,22.0,True,,False,,20.0,5.0,False,,False,,False,,False,,False,,False,,0,0,False,,False,True,,True,,False,,False,,False,,False,,1,,True,,True,False,,False,False,False,False,False,False,True,True,169,1,True,176,42,0.2386363636363636,0.2140110677509372,0.0,0.057351895749089894,0.057351895749089894,0.057351895749089894,0.057351895749089894,0.057351895749089894,0.057351895749089894,0.0,0.0,0.0,0.0,0.0,0.0,2.31,5.303304908059076,False,False,True,False,True,True,,,0,0,0,0,0,0,0,0,1,0,1,0
4326,TheSocialMedwork,https://www.crunchbase.com/organization/thesocialmedwork,The Netherlands,52.3730796,4.8924534,2015,2.0,True,True,False,False,False,True,False,True,False,True,False,False,False,False,3,1,1,1.0,1.7,2018-05-10,2018-05-10,Seed,2018,41.0,True,True,False,False,4.0,3.0,True,True,False,False,False,False,False,False,False,False,False,False,1,1,True,True,True,True,True,True,True,True,True,True,True,True,True,True,True,1,1.0,True,True,True,True,True,False,False,False,False,False,False,True,True,169,1,True,176,42,0.2386363636363636,0.2140110677509372,0.0,0.0,0.0,0.0,0.0,0.0,0.0,0.0,0.0,0.0,0.0,0.0,0.0,2.31,5.993961427306569,False,False,False,False,False,False,,,1,1,1,1,1,1,1,1,1,1,1,1
4318,Deskbookers,https://www.crunchbase.com/organization/deskbookers,The Netherlands,52.3730796,4.8924534,2015,2.0,False,True,False,False,False,True,False,False,False,True,False,False,True,False,0,4,2,1.0,3.25,2015-03-22,2017-08-01,Seed,2015,180.25,True,False,True,True,6.2,34.8,True,False,True,False,True,False,False,False,False,False,False,False,1,0,True,False,False,True,False,True,False,True,False,True,False,True,False,True,False,1,0.0,True,False,False,True,True,False,False,False,False,True,False,True,True,169,1,True,176,42,0.2386363636363636,0.2140110677509372,0.0,0.4323325130525023,0.0,0.5764433507366697,0.0,0.3842955671577799,0.5764433507366697,0.5764433507366697,0.5764433507366697,0.5764433507366697,0.2882216753683349,0.0,0.5764433507366697,2.31,5.303304908059076,False,False,False,False,False,False,,,1,0,1,0,1,0,1,0,1,0,1,0
4140,Blanco,https://www.crunchbase.com/organization/blanco-services,The Netherlands,52.3730796,4.8924534,2015,3.0,True,True,False,False,False,False,False,False,True,False,False,False,False,False,3,2,3,2.0,4.717703,2018-04-20,2019-04-10,Series B,2018,29.0,True,True,True,True,3.0,3.2,True,False,True,True,False,False,False,False,False,False,False,False,1,1,True,True,False,True,True,True,True,True,True,True,True,True,True,True,True,1,1.0,True,True,False,True,True,False,False,False,False,False,False,True,True,169,1,True,176,42,0.2386363636363636,0.2140110677509372,0.0,0.1364363648732133,0.0,0.17379892707117045,0.1672919851118628,0.1716299464180679,0.17379892707117045,0.0,0.0836459925559314,0.1672919851118628,0.08805124340452172,0.0,0.17379892707117045,2.31,5.993961427306569,False,False,True,False,True,True,,,1,1,1,1,1,1,1,1,1,1,1,1
4151,Quicargo,https://www.crunchbase.com/organization/quicargo,The Netherlands,52.3730796,4.8924534,2015,2.0,False,True,False,False,True,False,False,False,False,False,False,False,False,False,5,2,2,1.0,1.612872,2020-04-08,2020-04-08,Venture - Series Unknown,2020,9.0,False,False,True,True,0.0,1.0,True,False,False,False,False,False,False,False,False,False,False,False,0,0,False,False,False,False,False,False,False,False,False,False,False,False,False,False,False,0,0.0,False,False,False,False,False,False,False,False,False,False,False,True,True,169,1,True,176,42,0.2386363636363636,0.2140110677509372,0.0,0.32036000964110595,0.32036000964110595,0.32036000964110595,0.32036000964110595,0.32036000964110595,0.32036000964110595,0.0,0.0,0.0,0.0,0.0,0.0,2.31,6.55250788703459,False,False,True,False,True,True,,,0,0,0,0,0,0,0,0,0,0,0,0
4165,Green Story,https://www.crunchbase.com/organization/green-story,The Netherlands,52.0907006,5.1215634,2015,2.0,True,False,False,False,True,True,False,False,False,True,False,True,False,False,2,2,3,1.0,1.429647,2017-07-31,2022-03-14,Seed,2017,147.66666666666666,True,True,True,False,11.0,19.3,True,True,False,False,True,False,True,False,False,False,False,False,0,0,False,False,False,True,True,True,True,False,False,False,False,False,False,False,False,2,1.0,True,True,False,False,False,True,True,False,False,False,False,True,False,194,1,True,19,2,0.1052631578947368,0.1000834585569824,0.035062214289133406,2.0621024902006306,0.05537293633615812,6.009153919958885,0.12178061430684925,3.065467267132867,6.009153919958885,0.05537293633615812,0.05537293633615812,0.05537293633615812,4.082263447414035,0.17689973268366993,6.109556599716781,2.31,5.993961427306569,False,False,False,False,False,False,,,0,0,0,0,0,0,0,0,1,1,1,1
4214,Frits.com,https://www.crunchbase.com/organization/ikbenfrits-nl,The Netherlands,52.3730796,4.8924534,2015,3.0,False,True,False,False,False,False,False,False,True,False,False,False,True,False,2,1,1,1.0,2.369823,2017-11-28,2017-11-28,Series A,2017,44.0,True,True,False,False,4.0,13.0,False,False,False,False,False,False,False,False,False,False,False,False,1,1,True,True,True,True,True,True,True,True,True,True,True,True,True,True,True,1,1.0,True,True,True,True,True,False,False,False,False,False,False,True,True,169,1,True,176,42,0.2386363636363636,0.2140110677509372,0.0,0.0,0.0,0.0,0.0,0.0,0.0,0.0,0.0,0.0,0.0,0.0,0.0,2.31,5.993961427306569,False,False,True,False,True,True,,,1,1,1,1,1,1,1,1,1,1,1,1
4223,Prolira makers of DeltaScan®,https://www.crunchbase.com/organization/prolira-bv,The Netherlands,52.0907006,5.1215634,2015,2.0,True,False,False,False,True,False,False,True,False,True,False,False,False,False,3,1,3,0.0,2.052449,2018-11-01,2018-11-01,Venture - Series Unknown,2018,39.333333333333336,True,,True,,24.7,7.0,True,,False,,False,,False,,False,,False,,0,0,False,,False,True,,True,,True,,True,,False,,False,,2,,True,,False,True,,True,True,True,False,False,False,True,False,194,1,True,19,2,0.1052631578947368,0.1000834585569824,0.035062214289133406,2.9628133014776243,0.03506221428913354,8.797317751208945,0.03506221428913354,2.9628133014776243,8.797317751208945,0.0,0.0,0.0,5.887255908852506,0.07380032883473925,8.824756195519658,2.31,5.993961427306569,False,False,True,False,True,True,,,0,0,0,0,1,0,1,0,2,0,2,0
4237,Eurekite,https://www.crunchbase.com/organization/eurekite,The Netherlands,52.2209855,6.8940537,2015,2.0,True,False,False,False,True,False,False,False,False,False,False,False,False,False,0,1,1,1.0,1.303779,2015-09-11,2015-09-11,Venture - Series Unknown,2015,30.0,False,False,True,True,5.0,4.0,False,False,False,False,False,False,False,False,False,False,False,False,0,0,False,False,False,False,False,False,False,False,False,False,False,False,False,False,False,0,0.0,False,False,False,False,False,True,True,True,True,False,False,False,False,9,0,False,8,1,0.125,0.1177830356563834,0.13715743374761244,8.278971048792748,8.278971048792748,8.278971048792748,0.0,0.0,0.0,8.278971048792748,8.278971048792748,8.278971048792748,0.0,0.0,0.0,2.31,5.303304908059076,False,False,True,False,True,True,,,0,0,0,0,0,0,0,0,0,0,0,0
4241,MiniBrew,https://www.crunchbase.com/organization/minibrew,The Netherlands,52.0907006,5.1215634,2015,2.0,False,False,False,False,False,True,True,False,False,True,False,True,True,False,1,1,1,0.0,6.446,2016-04-01,2016-04-01,Seed,2016,12.0,True,,False,,7.0,2.0,False,,False,,False,,False,,False,,False,,0,0,False,,False,True,,True,,True,,True,,False,,False,,1,,True,,True,True,,False,False,False,False,False,False,True,True,194,1,True,19,2,0.1052631578947368,0.1000834585569824,0.035062214289133406,0.03506221428913354,0.03506221428913354,0.03506221428913354,0.03506221428913354,0.03506221428913354,0.03506221428913354,0.0,0.0,0.0,0.0,0.0,0.0,2.31,5.303304908059076,False,False,False,False,False,False,,,0,0,0,0,1,0,1,0,1,0,1,0
4250,Cybersprint,https://www.crunchbase.com/organization/cybersprint,The Netherlands,52.0799838,4.3113461,2015,1.0,True,False,False,False,True,False,False,False,False,True,False,False,False,False,2,1,1,1.0,0.743075,2017-04-13,2017-04-13,Series A,2017,58.0,True,True,False,False,3.0,8.0,False,False,False,False,False,False,False,False,False,False,False,False,1,1,True,True,True,True,True,True,True,True,True,True,True,True,True,True,True,1,1.0,True,True,True,False,False,False,False,False,False,False,False,True,True,56,2,True,17,2,0.1176470588235294,0.1112256351102243,0.05127095594048748,0.0,0.0,0.0,0.0,0.0,0.0,0.0,0.0,0.0,0.0,0.0,0.0,2.31,5.993961427306569,True,False,True,True,True,True,2022-02-23,7.0,1,1,1,1,1,1,1,1,1,1,1,1
4643,Electric Ant Lab,https://www.crunchbase.com/organization/electric-ant-lab,The Netherlands,52.3730796,4.8924534,2015,1.0,True,True,False,False,False,True,False,True,False,True,False,False,False,False,5,2,1,0.0,0.0,2020-06-04,2021-04-01,Seed,2020,0.0,False,,True,,9.5,230.0,False,,True,,False,,False,,False,,False,,0,0,False,,False,False,,False,,False,,False,,False,,False,,0,,False,,False,False,,True,True,False,False,False,False,False,False,169,1,True,176,42,0.2386363636363636,0.2140110677509372,0.0,9.805229104169793,9.805229104169793,9.805229104169793,9.805229104169793,9.805229104169793,9.805229104169793,0.0,0.0,0.0,0.0,0.0,0.0,2.31,6.55250788703459,False,False,False,False,False,False,,,0,0,0,0,0,0,0,0,0,0,0,0
4255,Openclaims,https://www.crunchbase.com/organization/open-claims,The Netherlands,52.3730796,4.8924534,2015,2.0,True,True,False,False,True,False,False,False,True,True,False,False,False,False,3,1,2,2.0,0.572875,2018-01-02,2018-01-02,Venture - Series Unknown,2018,14.0,True,True,False,False,8.0,4.5,True,True,False,False,False,False,False,False,False,False,False,False,1,1,True,True,False,True,True,True,True,True,True,True,True,True,True,True,True,2,2.0,True,True,True,True,True,False,False,False,False,False,False,True,True,169,1,True,176,42,0.2386363636363636,0.2140110677509372,0.0,0.010624142078885292,0.0,0.021248284157770584,0.0,0.0,0.0,0.0,0.010624142078885292,0.021248284157770584,0.021248284157770584,0.021248284157770584,0.021248284157770584,2.31,5.993961427306569,False,False,True,False,True,True,,,1,1,2,2,2,2,2,2,2,2,2,2
4267,PESCHECK,https://www.crunchbase.com/organization/pescheck,The Netherlands,52.2209855,6.8940537,2015,2.0,True,False,False,False,True,False,False,False,False,True,False,False,False,False,4,1,1,0.0,0.560252,2019-04-01,2019-04-01,Seed,2019,58.0,True,,False,,16.0,1.0,False,,False,,False,,False,,False,,False,,0,0,False,,False,True,,True,,False,,False,,False,,False,,1,,True,,True,False,,False,False,False,False,False,False,True,True,9,0,False,8,1,0.125,0.1177830356563834,0.13715743374761244,0.06585733049827468,0.06585733049827468,0.06585733049827468,0.06585733049827468,0.06585733049827468,0.06585733049827468,0.0,0.0,0.0,0.0,0.0,0.0,2.31,6.2166061010848646,False,False,False,False,False,False,,,0,0,0,0,0,0,0,0,1,0,1,0
4306,Knowingo,https://www.crunchbase.com/organization/knowingo,The Netherlands,51.5887845,4.7760237,2015,1.0,True,False,False,False,True,True,False,False,False,True,False,False,False,False,3,2,2,2.0,3.916908,2018-04-06,2019-08-23,Seed,2018,19.0,True,True,False,False,18.5,2.5,False,False,False,False,False,False,False,False,False,False,False,False,0,0,False,False,False,True,True,True,True,True,True,True,True,True,True,False,False,2,2.0,True,True,True,True,True,False,False,False,False,False,False,True,True,41,0,False,3,0,0.0,0.0,0.08757339356208423,0.05380729777646607,0.020041201990848165,0.08757339356208398,0.0,0.0,0.0,0.020041201990848165,0.05380729777646607,0.08757339356208398,0.0883652571322525,0.0883652571322525,0.0883652571322525,2.31,5.993961427306569,False,False,False,False,False,False,,,0,0,1,1,1,1,1,1,1,1,2,2
4501,Newatt,https://www.crunchbase.com/organization/newatt,The Netherlands,52.3730796,4.8924534,2015,4.0,True,True,True,False,False,True,False,False,False,True,False,True,False,False,1,1,1,1.0,0.022262,2016-02-19,2016-02-19,Seed,2016,211.0,True,True,False,False,5.0,13.0,True,True,True,True,True,True,False,False,False,False,False,False,1,1,True,True,True,True,True,True,True,True,True,True,True,True,True,True,True,1,1.0,True,True,True,True,True,False,False,False,False,False,False,True,True,169,1,True,176,42,0.2386363636363636,0.2140110677509372,0.0,0.0,0.0,0.0,0.0,0.0,0.0,0.0,0.0,0.0,0.0,0.0,0.0,2.31,5.303304908059076,False,False,False,False,False,False,,,1,1,1,1,1,1,1,1,1,1,1,1
4508,MedApp,https://www.crunchbase.com/organization/medapp,The Netherlands,51.4392648,5.478633,2015,1.0,False,False,False,False,False,False,False,True,False,True,False,False,False,False,3,1,1,1.0,0.6,2018-05-30,2018-05-30,Seed,2018,12.0,False,False,True,True,3.0,3.0,False,False,False,False,False,False,False,False,False,False,False,False,0,0,False,False,False,False,False,False,False,False,False,False,False,False,False,False,False,1,1.0,True,True,True,True,True,False,False,False,False,False,False,True,True,15,1,True,11,2,0.1818181818181818,0.1670540846631661,0.1025854152192535,0.1113493156957291,0.1113493156957291,0.1113493156957291,0.0,0.0,0.0,0.1113493156957291,0.1113493156957291,0.1113493156957291,0.0,0.0,0.0,2.31,5.993961427306569,True,False,False,True,True,True,2021-03-30,6.0,0,0,0,0,0,0,0,0,0,0,0,0
4523,Green Basilisk,https://www.crunchbase.com/organization/green-basilisk,The Netherlands,52.0114017,4.35839,2015,1.0,True,False,False,False,True,False,False,False,False,False,False,False,True,False,2,1,1,1.0,0.0,2017-11-15,2017-11-15,Seed,2017,39.0,True,True,False,False,8.0,2.0,True,True,False,False,False,False,False,False,False,False,False,False,0,0,False,False,False,True,True,True,True,True,True,False,False,False,False,False,False,1,1.0,True,True,True,True,True,False,False,False,False,False,False,True,True,58,3,True,17,3,0.1764705882352941,0.1625189294977749,0.05424573977957992,0.04711128803910285,0.04711128803910285,0.04711128803910285,0.0,0.0,0.0,0.04711128803910285,0.04711128803910285,0.04711128803910285,0.0,0.0,0.0,2.31,5.993961427306569,False,False,False,False,False,False,,,0,0,0,0,0,0,1,1,1,1,1,1
4524,Smart Robotics,https://www.crunchbase.com/organization/smart-robotics,The Netherlands,51.5033671,5.3938665,2015,2.0,True,False,False,False,True,False,False,False,False,True,False,False,False,False,0,1,1,0.0,0.0,2015-07-09,2015-07-09,Series B,2015,102.0,True,,False,,32.0,13.0,False,,False,,False,,False,,False,,False,,0,0,False,,False,True,,True,,True,,True,,True,,False,,1,,True,,True,False,,False,False,False,False,False,False,True,True,17,1,True,11,3,0.2727272727272727,0.241162056816888,0.10263405437986135,0.024444106105865504,0.024444106105865504,0.024444106105865504,0.024444106105865504,0.024444106105865504,0.024444106105865504,0.0,0.0,0.0,0.0,0.0,0.0,2.31,5.303304908059076,False,False,True,False,True,True,,,0,0,1,0,1,0,1,0,1,0,1,0
4559,Capptions,https://www.crunchbase.com/organization/capptions,The Netherlands,51.9244424,4.47775,2015,1.0,True,False,False,False,False,False,False,False,False,True,False,False,False,False,0,1,1,0.0,0.0,2015-01-01,2015-01-01,Seed,2015,24.0,True,,False,,10.0,3.0,False,,False,,False,,False,,False,,False,,0,0,False,,False,True,,True,,False,,False,,False,,False,,1,,True,,True,False,,False,False,False,False,False,False,True,True,68,2,True,19,4,0.2105263157894736,0.1910552367627091,0.05735189574909011,0.054683407034653214,0.054683407034653214,0.054683407034653214,0.054683407034653214,0.054683407034653214,0.054683407034653214,0.0,0.0,0.0,0.0,0.0,0.0,2.31,5.303304908059076,False,False,False,False,False,False,,,0,0,0,0,0,0,0,0,1,0,1,0
4535,Textmetrics,https://www.crunchbase.com/organization/webtexttool,The Netherlands,51.984257,5.9108573,2015,3.0,True,False,False,False,False,False,False,False,False,True,True,False,False,False,2,2,1,1.0,0.0,2017-06-01,2019-09-30,Seed,2017,58.0,True,True,False,False,15.0,1.0,False,False,False,False,False,False,False,False,False,False,False,False,0,0,False,False,False,True,True,True,True,True,True,True,True,True,True,False,False,2,2.0,True,True,True,False,False,False,False,False,False,False,False,True,True,14,1,True,1,0,0.0,0.0,0.08179828868421847,0.021757912923847263,0.021757912923847263,0.021757912923847263,0.0,0.0,0.0,0.021757912923847263,0.021757912923847263,0.021757912923847263,0.0,0.0,0.0,2.31,5.993961427306569,False,False,False,False,False,False,,,0,0,2,2,2,2,2,2,2,2,2,2
4500,Hunters,https://www.crunchbase.com/organization/hunt-ers,The Netherlands,52.3730796,4.8924534,2015,1.0,False,True,False,False,True,False,False,False,False,False,False,False,False,False,2,1,1,0.0,0.011213,2017-06-14,2017-06-14,Seed,2017,211.0,True,,False,,6.0,13.0,True,,True,,True,,False,,False,,False,,1,0,True,,True,True,,True,,True,,True,,True,,True,,1,,True,,True,True,,False,False,False,False,False,False,True,True,169,1,True,176,42,0.2386363636363636,0.2140110677509372,0.0,0.0,0.0,0.0,0.0,0.0,0.0,0.0,0.0,0.0,0.0,0.0,0.0,2.31,5.993961427306569,False,False,False,False,False,False,,,1,0,1,0,1,0,1,0,1,0,1,0
4128,Nowi,https://www.crunchbase.com/organization/nowi-energy,The Netherlands,52.0114017,4.35839,2015,2.0,True,False,True,False,True,True,False,False,False,True,False,False,False,False,3,1,1,1.0,3.014332,2018-03-26,2018-03-26,Venture - Series Unknown,2018,4.0,True,True,False,False,2.0,2.0,False,False,False,False,False,False,False,False,False,False,False,False,0,0,False,False,False,True,True,True,True,False,False,False,False,False,False,False,False,1,1.0,True,True,True,True,True,False,False,False,False,False,False,True,True,58,3,True,17,2,0.1176470588235294,0.1112256351102243,0.05424573977957992,0.05424573977958012,0.05424573977958012,0.05424573977958012,0.0,0.0,0.0,0.05424573977958012,0.05424573977958012,0.05424573977958012,0.0,0.0,0.0,2.31,5.993961427306569,True,False,True,True,True,True,2023-11-11,8.0,0,0,0,0,0,0,0,0,1,1,1,1
4498,We Prevent,https://www.crunchbase.com/organization/we-prevent,The Netherlands,52.3730796,4.8924534,2015,1.0,True,True,False,False,True,False,False,False,False,True,False,False,False,True,0,1,1,0.0,0.552456,2015-07-01,2015-07-01,Seed,2015,12.0,True,,False,,6.0,2.0,False,,False,,False,,False,,False,,False,,1,0,True,,True,True,,True,,True,,True,,True,,True,,1,,True,,True,True,,False,False,False,False,False,False,True,True,169,1,True,176,42,0.2386363636363636,0.2140110677509372,0.0,0.0,0.0,0.0,0.0,0.0,0.0,0.0,0.0,0.0,0.0,0.0,0.0,2.31,5.303304908059076,False,False,False,False,False,False,,,1,0,1,0,1,0,1,0,1,0,1,0
4453,Flowmailer,https://www.crunchbase.com/organization/flowmailer,The Netherlands,51.9244424,4.47775,2015,2.0,True,False,False,False,False,False,False,False,False,True,True,False,False,False,2,1,1,1.0,0.300409,2017-04-18,2017-04-18,Seed,2017,13.0,True,True,False,False,10.0,5.0,False,False,False,False,False,False,False,False,False,False,False,False,1,1,True,True,True,True,True,True,True,True,True,True,True,True,True,True,True,1,1.0,True,True,True,False,False,False,False,False,False,False,False,True,True,68,2,True,19,4,0.2105263157894736,0.1910552367627091,0.05735189574909011,0.0,0.0,0.0,0.0,0.0,0.0,0.0,0.0,0.0,0.0,0.0,0.0,2.31,5.993961427306569,False,False,False,False,False,False,,,1,1,1,1,1,1,1,1,1,1,1,1
4455,theConstruct,https://www.crunchbase.com/organization/theconstruct,The Netherlands,52.3730796,4.8924534,2015,3.0,True,True,False,False,True,False,False,False,False,True,False,False,True,False,1,1,1,0.0,0.179096,2016-04-11,2016-04-11,Seed,2016,278.0,False,,True,,4.0,36.0,True,,False,,False,,False,,False,,False,,0,0,False,,False,False,,False,,False,,False,,False,,False,,0,,False,,False,False,,True,True,True,True,False,False,False,False,169,1,True,176,42,0.2386363636363636,0.2140110677509372,0.0,8.795607497000173,8.795607497000173,8.795607497000173,8.795607497000173,8.795607497000173,8.795607497000173,0.0,0.0,0.0,0.0,0.0,0.0,2.31,5.303304908059076,False,False,False,False,False,False,,,0,0,0,0,0,0,0,0,0,0,0,0
4583,Tinybots,https://www.crunchbase.com/organization/tinybots,The Netherlands,51.9244424,4.47775,2015,1.0,False,False,False,False,True,False,False,True,False,True,False,False,False,False,1,1,1,0.0,0.0,2016-03-21,2016-03-21,Seed,2016,211.0,True,,False,,5.0,13.0,True,,True,,True,,False,,False,,False,,0,0,False,,False,True,,True,,False,,False,,False,,False,,1,,True,,True,True,,False,False,False,False,False,False,True,True,68,2,True,19,4,0.2105263157894736,0.1910552367627091,0.05735189574909011,0.057351895749089894,0.057351895749089894,0.057351895749089894,0.057351895749089894,0.057351895749089894,0.057351895749089894,0.0,0.0,0.0,0.0,0.0,0.0,2.31,5.303304908059076,False,False,False,False,False,False,,,0,0,0,0,0,0,0,0,1,0,1,0
4458,Flexentral,https://www.crunchbase.com/organization/flexentral,The Netherlands,52.3705038,5.2185859,2015,2.0,True,False,False,False,True,False,False,False,False,False,False,False,False,True,1,1,1,0.0,0.834982,2016-06-08,2016-06-08,Seed,2016,26.0,True,,False,,16.0,2.0,False,,False,,False,,False,,False,,False,,0,0,False,,False,True,,True,,True,,True,,True,,True,,1,,True,,True,False,,False,False,False,False,False,False,True,True,167,0,False,7,1,0.1428571428571428,0.1335313926245225,0.02214245122636411,0.019777094123860823,0.019777094123860823,0.019777094123860823,0.019777094123860823,0.019777094123860823,0.019777094123860823,0.0,0.0,0.0,0.0,0.0,0.0,2.31,5.303304908059076,False,False,False,False,False,False,,,1,0,1,0,1,0,1,0,1,0,1,0
4580,Xinaps,https://www.crunchbase.com/organization/xinaps,The Netherlands,52.0114017,4.35839,2015,1.0,True,False,False,False,False,False,False,False,False,True,False,False,False,False,1,2,2,0.0,0.0,2016-09-08,2018-11-02,Seed,2016,58.0,True,,True,,7.0,101.0,False,,True,,True,,False,,False,,False,,1,0,True,,False,True,,True,,True,,True,,True,,True,,1,,True,,False,False,,True,True,True,False,False,False,True,False,58,3,True,17,3,0.1764705882352941,0.1625189294977749,0.05424573977957992,4.405106186181488,0.008276857520798984,8.801935514842176,0.008276857520798984,4.405106186181488,8.801935514842176,0.0,0.0,0.0,8.79405446297145,8.79405446297145,8.79405446297145,2.31,5.303304908059076,False,False,False,False,False,False,,,1,0,1,0,1,0,1,0,1,0,1,0
4574,Haermonics,https://www.crunchbase.com/organization/haermonics,The Netherlands,52.3730796,4.8924534,2015,2.0,True,True,False,False,False,False,False,True,False,False,False,False,False,False,0,2,2,1.0,0.0,2015-03-15,2015-09-01,Venture - Series Unknown,2015,23.5,True,True,False,False,12.0,1.0,True,True,False,False,True,True,False,False,False,False,False,False,2,1,True,True,True,True,True,True,True,True,True,True,True,True,True,True,True,2,1.0,True,True,True,True,True,False,False,False,False,False,False,True,True,169,1,True,176,42,0.2386363636363636,0.2140110677509372,0.0,0.0,0.0,0.0,0.0,0.0,0.0,0.0,0.0,0.0,0.0,0.0,0.0,2.31,5.303304908059076,False,False,True,False,True,True,,,2,1,2,1,2,1,2,1,2,1,2,1
4476,ONDURO,https://www.crunchbase.com/organization/onduro,The Netherlands,52.3730796,4.8924534,2015,1.0,True,True,False,False,True,False,False,False,False,True,False,False,False,False,2,1,1,1.0,0.117705,2017-06-01,2017-06-01,Seed,2017,211.0,True,True,False,False,6.0,13.0,True,True,True,True,True,True,False,False,False,False,False,False,1,1,True,True,True,True,True,True,True,True,True,True,True,True,True,True,True,1,1.0,True,True,True,True,True,False,False,False,False,False,False,True,True,169,1,True,176,42,0.2386363636363636,0.2140110677509372,0.0,0.0,0.0,0.0,0.0,0.0,0.0,0.0,0.0,0.0,0.0,0.0,0.0,2.31,5.993961427306569,False,False,False,False,False,False,,,1,1,1,1,1,1,1,1,1,1,1,1
4487,Avant Arte,https://www.crunchbase.com/organization/avant-arte,The Netherlands,52.3730796,4.8924534,2015,3.0,True,True,False,False,False,False,False,False,False,False,True,False,False,False,4,1,2,1.0,0.0,2019-08-01,2019-08-01,Series A,2019,200.5,True,False,True,True,0.5,37.0,False,False,True,True,False,False,False,False,True,True,True,False,1,0,True,False,False,True,False,True,False,True,False,True,False,True,False,True,False,1,0.0,True,False,False,True,True,False,False,False,False,False,False,True,True,169,1,True,176,42,0.2386363636363636,0.2140110677509372,0.0,0.17947267043149678,0.0,0.35894534086299357,0.0,0.0,0.0,0.35894534086299357,0.35894534086299357,0.35894534086299357,0.35894534086299357,0.35894534086299357,0.35894534086299357,2.31,6.2166061010848646,False,False,True,False,True,True,,,1,0,1,0,1,0,1,0,1,0,1,0
4493,PartyWith,https://www.crunchbase.com/organization/party-with-a-local,The Netherlands,52.3730796,4.8924534,2015,1.0,False,True,False,False,False,True,False,False,False,True,True,False,False,False,1,1,1,0.0,0.0,2016-10-03,2016-10-03,Pre-Seed,2016,0.0,False,,True,,10.0,527.0,False,,True,,True,,False,,False,,False,,0,0,False,,False,False,,False,,False,,False,,False,,False,,0,,False,,False,False,,True,True,True,True,False,False,False,False,169,1,True,176,42,0.2386363636363636,0.2140110677509372,0.0,7.742532028270947,7.742532028270947,7.742532028270947,7.742532028270947,7.742532028270947,7.742532028270947,0.0,0.0,0.0,0.0,0.0,0.0,2.31,5.303304908059076,False,False,False,False,False,False,,,0,0,0,0,0,0,0,0,0,0,0,0
4110,Trunkrs,https://www.crunchbase.com/organization/trunkrs,The Netherlands,52.0367152,5.0836117,2015,2.0,True,False,False,False,True,False,False,False,False,False,False,False,False,False,1,1,1,0.0,0.0,2016-01-01,2016-01-01,Series B,2016,21.0,True,,False,,2.0,1.0,True,,False,,False,,False,,False,,False,,0,0,False,,False,True,,True,,True,,True,,False,,False,,1,,True,,True,True,,False,False,False,False,False,False,True,True,193,1,True,18,2,0.1111111111111111,0.1053605156578263,0.03960549413959278,0.03960549413959292,0.03960549413959292,0.03960549413959292,0.03960549413959292,0.03960549413959292,0.03960549413959292,0.0,0.0,0.0,0.0,0.0,0.0,2.31,5.303304908059076,False,False,True,False,True,True,,,0,0,0,0,1,0,1,0,1,0,1,0
4700,Med Angel,https://www.crunchbase.com/organization/med-angel,The Netherlands,51.8474946,5.8637771,2015,1.0,False,False,False,False,False,False,False,True,False,True,False,False,False,False,1,1,1,0.0,0.0,2016-03-29,2016-03-29,Seed,2016,211.0,True,,False,,5.0,13.0,True,,True,,True,,False,,False,,False,,0,0,False,,False,True,,False,,False,,False,,False,,False,,1,,True,,True,True,,False,False,False,False,False,False,True,True,12,1,True,7,2,0.2857142857142857,0.251314428280906,0.08840311608630631,0.08840311608630658,0.08840311608630658,0.08840311608630658,0.08840311608630658,0.08840311608630658,0.08840311608630658,0.0,0.0,0.0,0.0,0.0,0.0,2.31,5.303304908059076,False,False,False,False,False,False,,,0,0,0,0,0,0,0,0,0,0,1,0
4703,Petbnb.nl,https://www.crunchbase.com/organization/petbnb-2,The Netherlands,52.3730796,4.8924534,2015,1.0,False,True,False,False,False,True,False,False,False,True,False,False,False,False,4,1,1,1.0,0.0,2019-01-01,2019-01-01,Seed,2019,7.0,True,True,False,False,3.0,0.0,False,False,False,False,False,False,False,False,False,False,False,False,1,1,True,True,True,True,True,True,True,True,True,True,True,True,True,True,True,1,1.0,True,True,True,True,True,False,False,False,False,False,False,True,True,169,1,True,176,42,0.2386363636363636,0.2140110677509372,0.0,0.0,0.0,0.0,0.0,0.0,0.0,0.0,0.0,0.0,0.0,0.0,0.0,2.31,6.2166061010848646,False,False,False,False,False,False,,,1,1,1,1,1,1,1,1,1,1,1,1
4690,Parcer International BV,https://www.crunchbase.com/organization/parcer-international-bv,The Netherlands,51.5887845,4.7760237,2015,4.0,False,False,False,False,True,True,False,False,False,True,True,False,True,False,0,1,1,0.0,0.0,2015-10-26,2015-10-26,Seed,2015,102.0,True,,False,,32.0,13.0,False,,False,,False,,False,,False,,False,,0,0,False,,False,True,,True,,True,,True,,True,,False,,1,,True,,True,False,,False,False,False,False,False,False,True,True,41,0,False,3,0,0.0,0.0,0.08757339356208423,0.020041201990848165,0.020041201990848165,0.020041201990848165,0.020041201990848165,0.020041201990848165,0.020041201990848165,0.0,0.0,0.0,0.0,0.0,0.0,2.31,5.303304908059076,False,False,False,False,False,False,,,0,0,1,0,1,0,1,0,1,0,1,0
3957,Recharge,https://www.crunchbase.com/organization/rechargecom,The Netherlands,52.3730796,4.8924534,2015,2.0,True,True,False,False,False,True,False,False,True,False,True,False,False,False,0,1,1,1.0,0.0,2015-06-04,2015-06-04,Series B,2015,20.0,True,True,False,False,7.0,3.0,False,False,False,False,False,False,False,False,False,False,False,False,1,1,True,True,True,True,True,True,True,True,True,True,True,True,True,True,True,1,1.0,True,True,True,True,True,False,False,False,False,False,False,True,True,169,1,True,176,41,0.2329545454545454,0.2094133585023077,0.0,0.0,0.0,0.0,0.0,0.0,0.0,0.0,0.0,0.0,0.0,0.0,0.0,2.31,5.303304908059076,False,True,True,True,True,True,,,1,1,1,1,1,1,1,1,1,1,1,1
4679,Saltrex,https://www.crunchbase.com/organization/saltrex,The Netherlands,52.0799838,4.3113461,2015,1.0,True,False,False,False,False,True,False,False,True,False,False,False,False,True,0,2,2,0.0,0.0,2015-01-01,2016-12-01,Seed,2015,17.5,True,,False,,18.5,1.5,False,,False,,False,,False,,False,,False,,2,0,True,,True,True,,True,,True,,True,,True,,True,,2,,True,,True,False,,False,False,False,False,False,False,True,True,56,2,True,17,3,0.1764705882352941,0.1625189294977749,0.05127095594048748,0.0,0.0,0.0,0.0,0.0,0.0,0.0,0.0,0.0,0.0,0.0,0.0,2.31,5.303304908059076,False,False,False,False,False,False,,,2,0,2,0,2,0,2,0,2,0,2,0
3984,Medal,https://www.crunchbase.com/organization/medal-3,The Netherlands,52.2957628,5.1633636,2015,5.0,False,False,False,False,False,False,False,False,False,False,True,False,False,False,4,1,4,1.0,3.5,2019-02-21,2019-02-21,Venture - Series Unknown,2019,160.0,False,False,True,True,7.5,43.0,False,False,True,False,False,False,False,False,True,False,False,False,0,0,False,False,False,False,False,False,False,False,False,False,False,False,False,False,False,0,0.0,False,False,False,True,True,True,True,True,False,False,False,True,False,171,0,False,9,1,0.1111111111111111,0.1053605156578263,0.02031594244655734,6.686596300529255,0.3749900142134139,8.790465062634533,8.790465062634533,8.790465062634533,8.790465062634533,0.3749900142134139,0.3749900142134139,0.3749900142134139,4.308356668788738,0.0,8.616713337577476,2.31,6.2166061010848646,False,True,True,True,True,True,,,0,0,0,0,0,0,0,0,0,0,0,0
3985,Sympower,https://www.crunchbase.com/organization/sympower,The Netherlands,52.3730796,4.8924534,2015,1.0,True,True,True,False,False,False,False,False,False,True,False,True,True,False,1,2,2,1.0,1.188778,2016-04-28,2017-09-13,Series B,2016,108.5,True,True,False,False,4.5,6.5,True,True,True,False,True,False,False,False,False,False,False,False,2,1,True,True,True,True,True,True,True,True,True,True,True,True,True,True,True,2,1.0,True,True,True,True,True,False,False,False,False,False,False,True,True,169,1,True,176,41,0.2329545454545454,0.2094133585023077,0.0,0.0,0.0,0.0,0.0,0.0,0.0,0.0,0.0,0.0,0.0,0.0,0.0,2.31,5.303304908059076,False,True,True,True,True,True,,,2,1,2,1,2,1,2,1,2,1,2,1
3989,Klippa,https://www.crunchbase.com/organization/klippa,The Netherlands,53.2190652,6.5680077,2015,4.0,True,False,False,False,False,False,False,False,True,True,False,False,False,False,3,1,1,0.0,0.292454,2018-07-13,2018-07-13,Venture - Series Unknown,2018,10.0,False,,True,,0.0,1.0,False,,False,,False,,False,,False,,False,,0,0,False,,False,False,,False,,False,,False,,False,,False,,1,,True,,True,True,,False,False,False,False,False,False,True,True,12,1,True,2,0,0.0,0.0,0.14675886108711234,0.1467588610871124,0.1467588610871124,0.1467588610871124,0.1467588610871124,0.1467588610871124,0.1467588610871124,0.0,0.0,0.0,0.0,0.0,0.0,2.31,5.993961427306569,True,False,True,True,True,True,2025-03-18,10.0,0,0,0,0,0,0,0,0,0,0,0,0
4015,Polarsteps,https://www.crunchbase.com/organization/polarsteps,The Netherlands,52.3730796,4.8924534,2015,4.0,False,True,False,False,False,True,False,False,False,True,False,False,False,False,1,1,1,0.0,1.835274,2016-03-17,2016-03-17,Series A,2016,3.0,True,,False,,1.0,0.0,False,,False,,False,,False,,False,,False,,0,0,False,,False,True,,True,,True,,True,,False,,False,,1,,True,,True,False,,False,False,False,False,False,False,True,True,169,1,True,176,42,0.2386363636363636,0.2140110677509372,0.0,0.03620639707109271,0.03620639707109271,0.03620639707109271,0.03620639707109271,0.03620639707109271,0.03620639707109271,0.0,0.0,0.0,0.0,0.0,0.0,2.31,5.303304908059076,False,False,True,False,True,True,,,0,0,0,0,1,0,1,0,1,0,1,0
4024,Zivver,https://www.crunchbase.com/organization/zivver,The Netherlands,52.3730796,4.8924534,2015,5.0,True,True,False,False,False,False,False,False,False,True,True,False,False,False,2,1,1,1.0,3.214411,2017-04-19,2017-04-19,Series B,2017,37.0,True,True,False,False,13.0,10.0,False,False,True,True,False,False,False,False,False,False,False,False,1,1,True,True,True,True,True,True,True,True,True,True,True,True,True,True,True,1,1.0,True,True,True,True,True,False,False,False,False,False,False,True,True,169,1,True,176,41,0.2329545454545454,0.2094133585023077,0.0,0.0,0.0,0.0,0.0,0.0,0.0,0.0,0.0,0.0,0.0,0.0,0.0,2.31,5.993961427306569,False,True,True,True,True,True,,,1,1,1,1,1,1,1,1,1,1,1,1
4055,Otrium,https://www.crunchbase.com/organization/otrium-4,The Netherlands,52.3730796,4.8924534,2015,2.0,False,True,False,False,True,True,False,False,False,True,False,False,False,False,1,1,1,0.0,1.598994,2016-06-15,2016-06-15,Series C,2016,14.0,True,,False,,4.0,5.0,False,,False,,False,,False,,False,,False,,0,0,False,,False,True,,True,,False,,False,,False,,False,,1,,True,,True,False,,False,False,False,False,False,False,True,True,169,1,True,176,41,0.2329545454545454,0.2094133585023077,0.0,0.057351895749089894,0.057351895749089894,0.057351895749089894,0.057351895749089894,0.057351895749089894,0.057351895749089894,0.0,0.0,0.0,0.0,0.0,0.0,2.31,5.303304908059076,False,True,True,True,True,True,,,0,0,0,0,0,0,0,0,1,0,1,0
4061,Whatagraph,https://www.crunchbase.com/organization/whatagraph,The Netherlands,52.3730796,4.8924534,2015,3.0,True,True,False,False,False,False,False,False,False,True,True,False,False,False,0,5,4,1.0,2.058806,2015-08-01,2020-02-02,Series A,2015,93.0,True,False,True,True,6.3,9.4,True,False,True,False,True,False,False,False,False,False,False,False,2,0,True,False,False,True,False,True,False,True,False,True,False,True,False,True,False,2,0.0,True,False,False,True,False,False,False,False,False,False,False,True,True,169,1,True,176,42,0.2386363636363636,0.2140110677509372,0.0,0.8516314440466952,0.0,1.5017159755540268,0.0,0.7657500851705976,1.5017159755540268,1.3669195973032824,1.3669195973032824,1.3669195973032824,0.9881463525713694,0.0,1.823299526556456,2.31,5.303304908059076,False,False,True,False,True,True,,,2,0,2,0,2,0,2,0,2,0,2,0
4069,Jedlix,https://www.crunchbase.com/organization/jedlix,The Netherlands,51.9244424,4.47775,2015,3.0,True,False,True,False,True,False,False,False,False,False,False,True,False,False,1,1,1,0.0,0.0,2016-02-01,2016-02-01,Venture - Series Unknown,2016,22.0,True,,False,,21.0,5.0,False,,False,,False,,False,,False,,False,,1,0,True,,True,True,,True,,True,,True,,True,,True,,1,,True,,True,False,,False,False,False,False,False,False,True,True,68,2,True,19,3,0.1578947368421052,0.1466034741918753,0.05735189574909011,0.0,0.0,0.0,0.0,0.0,0.0,0.0,0.0,0.0,0.0,0.0,0.0,2.31,5.303304908059076,True,False,True,True,True,True,2024-10-21,9.0,1,0,1,0,1,0,1,0,1,0,1,0
4102,Aidence,https://www.crunchbase.com/organization/aidence,The Netherlands,52.3730796,4.8924534,2015,2.0,True,True,False,False,True,False,False,True,False,True,False,False,False,False,2,1,2,1.0,2.522891,2017-06-01,2017-06-01,Series A,2017,103.0,True,True,True,False,17.0,30.0,False,False,True,True,False,False,False,False,False,False,False,False,1,1,True,True,False,True,True,True,True,True,True,True,True,True,True,True,True,1,1.0,True,True,False,True,True,False,False,False,False,False,False,True,True,169,1,True,176,41,0.2329545454545454,0.2094133585023077,0.0,0.17947267043149678,0.0,0.35894534086299357,0.35894534086299357,0.35894534086299357,0.35894534086299357,0.0,0.0,0.0,0.35894534086299357,0.35894534086299357,0.35894534086299357,2.31,5.993961427306569,True,False,True,True,True,True,2022-01-24,7.0,1,1,1,1,1,1,1,1,1,1,1,1
4106,ChannelEngine,https://www.crunchbase.com/organization/channelengine-com,The Netherlands,52.1594747,4.4908843,2015,1.0,True,False,False,False,False,True,False,False,False,True,True,False,False,False,1,2,2,2.0,1.257603,2016-06-01,2018-11-07,Series B,2016,12.5,True,True,False,False,1.0,1.5,False,False,False,False,False,False,False,False,False,False,False,False,1,1,True,True,False,True,True,True,True,True,True,True,True,True,True,True,True,2,2.0,True,True,True,True,True,False,False,False,False,False,False,True,True,200,2,True,5,3,0.6,0.4700036292457355,0.036206397071092675,0.018103198535546355,0.0,0.03620639707109271,0.0,0.0,0.0,0.0,0.018103198535546355,0.03620639707109271,0.03620639707109271,0.03620639707109271,0.03620639707109271,2.31,5.303304908059076,False,True,True,True,True,True,,,1,1,1,1,2,2,2,2,2,2,2,2
4681,Peeeks,https://www.crunchbase.com/organization/peeeks,The Netherlands,52.0114017,4.35839,2015,3.0,True,False,True,False,True,True,False,False,False,True,False,True,False,False,0,2,2,0.0,0.0,2015-06-29,2016-11-01,Seed,2015,126.0,True,,True,,13.0,24.5,False,,False,,True,,False,,False,,False,,0,0,False,,False,True,,True,,True,,True,,True,,True,,1,,True,,False,True,,False,False,False,False,False,False,True,True,58,3,True,17,3,0.1764705882352941,0.1625189294977749,0.05424573977957992,0.07109451589894031,0.01266341320341976,0.12952561859446085,0.01266341320341976,0.07109451589894031,0.12952561859446085,0.0,0.0,0.0,0.12017407917364818,0.12017407917364818,0.12017407917364818,2.31,5.303304908059076,False,False,False,False,False,False,,,1,0,1,0,1,0,1,0,1,0,1,0
4516,Similar.ai,https://www.crunchbase.com/organization/similar-ai,The Netherlands,52.1594747,4.4908843,2016,2.0,True,False,False,False,False,True,False,False,False,True,False,False,False,False,4,1,1,0.0,0.0,2020-10-20,2020-10-20,Seed,2020,132.0,False,,True,,3.0,15.0,False,,False,,False,,False,,False,,False,,0,0,False,,False,False,,False,,False,,False,,False,,False,,0,,False,,False,True,,False,False,False,False,False,False,True,True,200,2,True,9,5,0.5555555555555556,0.4418327522790392,0.036206397071092675,0.3270808776891207,0.3270808776891207,0.3270808776891207,0.3270808776891207,0.3270808776891207,0.3270808776891207,0.0,0.0,0.0,0.0,0.0,0.0,1.97,6.55250788703459,False,False,False,False,False,False,,,0,0,0,0,0,0,0,0,0,0,0,0
4514,BabyMoon,https://www.crunchbase.com/organization/babymoon,The Netherlands,51.8474946,5.8637771,2016,1.0,True,False,False,False,False,False,False,True,False,False,False,False,False,False,1,1,1,0.0,0.7,2017-01-10,2017-01-10,Seed,2017,211.0,True,,False,,6.0,13.0,True,,True,,True,,False,,False,,False,,0,0,False,,False,True,,False,,False,,False,,False,,False,,1,,True,,True,True,,False,False,False,False,False,False,True,True,12,1,True,13,2,0.1538461538461538,0.1431008436406733,0.08840311608630631,0.08840311608630658,0.08840311608630658,0.08840311608630658,0.08840311608630658,0.08840311608630658,0.08840311608630658,0.0,0.0,0.0,0.0,0.0,0.0,1.97,5.993961427306569,False,False,False,False,False,False,,,0,0,0,0,0,0,0,0,0,0,1,0
4578,Conpend,https://www.crunchbase.com/organization/conpend,The Netherlands,52.3080392,4.7621975,2016,1.0,True,True,False,False,False,False,False,False,True,True,False,False,False,False,3,1,1,1.0,0.0,2019-03-15,2019-03-15,Seed,2019,34.0,False,False,True,True,6.0,7.0,False,False,False,False,False,False,False,False,False,False,True,True,0,0,False,False,False,False,False,False,False,False,False,False,False,False,False,False,False,0,0.0,False,False,False,False,False,False,False,False,False,True,True,True,True,203,1,True,5,4,0.8,0.5877866649021191,0.011428516457880815,0.3663280710647411,0.3663280710647411,0.3663280710647411,0.0,0.0,0.0,0.3663280710647411,0.3663280710647411,0.3663280710647411,0.0,0.0,0.0,1.97,6.2166061010848646,False,False,False,False,False,False,,,0,0,0,0,0,0,0,0,0,0,0,0
4510,Temper,https://www.crunchbase.com/organization/temper-2a9c,The Netherlands,52.3730796,4.8924534,2016,4.0,True,True,False,False,True,True,False,False,False,True,False,False,False,False,2,2,2,2.0,0.0,2018-08-01,2018-12-13,Undisclosed,2018,35.0,True,True,True,True,6.0,9.5,False,False,False,False,False,False,False,False,False,False,False,False,1,1,True,True,False,True,True,True,True,True,True,True,True,True,True,True,True,1,1.0,True,True,False,True,True,False,False,False,False,False,False,True,True,169,1,True,204,47,0.230392156862745,0.2073329452875674,0.0,0.17947267043149678,0.0,0.35894534086299357,0.0,0.0,0.0,0.0,0.17947267043149678,0.35894534086299357,0.35894534086299357,0.35894534086299357,0.35894534086299357,1.97,5.993961427306569,False,False,False,False,False,False,,,1,1,1,1,1,1,1,1,1,1,1,1
4532,Teamscope,https://www.crunchbase.com/organization/teamscope,The Netherlands,51.8474946,5.8637771,2016,2.0,True,False,False,False,False,False,False,True,False,True,False,False,False,False,0,1,1,0.0,0.063,2016-04-08,2016-04-08,Seed,2016,211.0,True,,False,,5.0,13.0,True,,True,,True,,False,,False,,False,,0,0,False,,False,True,,False,,False,,False,,False,,False,,1,,True,,True,True,,False,False,False,False,False,False,True,True,12,1,True,13,2,0.1538461538461538,0.1431008436406733,0.08840311608630631,0.08840311608630658,0.08840311608630658,0.08840311608630658,0.08840311608630658,0.08840311608630658,0.08840311608630658,0.0,0.0,0.0,0.0,0.0,0.0,1.97,5.303304908059076,False,False,False,False,False,False,,,0,0,0,0,0,0,0,0,0,0,1,0
4544,Wrangu,https://www.crunchbase.com/organization/wrangu,The Netherlands,52.3730796,4.8924534,2016,1.0,True,True,False,False,True,False,False,False,False,True,False,False,False,False,3,1,1,1.0,0.0,2019-04-21,2019-04-21,Seed,2019,24.0,True,True,False,False,14.0,3.0,False,False,False,False,False,False,False,False,False,False,False,False,0,0,False,False,False,True,True,True,True,True,True,True,True,False,False,False,False,1,1.0,True,True,True,False,False,False,False,False,False,False,False,True,True,169,1,True,204,47,0.230392156862745,0.2073329452875674,0.0,0.03447234597272626,0.03447234597272626,0.03447234597272626,0.0,0.0,0.0,0.03447234597272626,0.03447234597272626,0.03447234597272626,0.0,0.0,0.0,1.97,6.2166061010848646,False,False,False,False,False,False,,,0,0,0,0,1,1,1,1,1,1,1,1
4528,Somnox,https://www.crunchbase.com/organization/somnox-world-s-first-sleeprobot,The Netherlands,51.9244424,4.47775,2016,5.0,False,False,False,False,True,True,False,True,False,True,False,False,False,True,4,1,1,0.0,0.0,2020-05-03,2020-05-03,Seed,2020,2.0,True,,False,,4.0,0.0,False,,False,,False,,False,,False,,False,,0,0,False,,False,True,,True,,False,,False,,False,,False,,1,,True,,True,True,,False,False,False,False,False,False,True,True,68,2,True,28,5,0.1785714285714285,0.1643030512912762,0.05735189574909011,0.057351895749089894,0.057351895749089894,0.057351895749089894,0.057351895749089894,0.057351895749089894,0.057351895749089894,0.0,0.0,0.0,0.0,0.0,0.0,1.97,6.55250788703459,False,False,False,False,False,False,,,0,0,0,0,0,0,0,0,1,0,1,0
4564,TalkJS,https://www.crunchbase.com/organization/talkjs,The Netherlands,51.4392648,5.478633,2016,2.0,True,False,False,False,False,False,False,False,False,True,True,False,False,False,0,2,3,0.0,0.0,2015-06-24,2017-07-13,Seed,2015,207.33333333333337,True,,True,,14.7,24.7,True,,True,,True,,False,,False,,False,,0,0,False,,False,True,,True,,True,,True,,False,,False,,2,,True,,False,True,,False,False,False,False,True,False,True,True,15,1,True,18,3,0.1666666666666666,0.1541506798272582,0.1025854152192535,0.33588153281572314,0.032862855590003515,0.8634324271614366,0.032862855590003515,0.33588153281572314,0.8634324271614366,0.0,0.0,0.0,0.6416757530258158,0.0883652571322525,0.9407887574949384,1.97,5.303304908059076,False,False,False,False,False,False,,,0,0,0,0,1,0,1,0,1,0,1,0
4584,Autheos,https://www.crunchbase.com/organization/autheos,The Netherlands,52.3730796,4.8924534,2016,2.0,True,True,False,False,True,False,False,False,False,True,True,False,False,False,0,1,1,0.0,0.0,2016-07-01,2016-07-01,Seed,2016,54.0,True,,False,,35.0,19.0,False,,False,,False,,False,,False,,False,,1,0,True,,True,True,,True,,True,,True,,True,,True,,1,,True,,True,True,,False,False,False,False,False,False,True,True,169,1,True,204,46,0.2254901960784313,0.2033409240180299,0.0,0.0,0.0,0.0,0.0,0.0,0.0,0.0,0.0,0.0,0.0,0.0,0.0,1.97,5.303304908059076,True,False,False,True,True,True,2021-07-21,5.0,1,0,1,0,1,0,1,0,1,0,1,0
4666,Pillow's Willow VR Studios,https://www.crunchbase.com/organization/pillow-s-willow-vr-studios,The Netherlands,51.4392648,5.478633,2016,1.0,False,False,False,False,False,False,False,False,False,True,False,False,False,False,0,1,1,1.0,0.0,2016-12-01,2016-12-01,Seed,2016,30.0,True,True,False,False,0.0,0.0,True,True,True,True,True,True,False,False,False,False,False,False,1,1,True,True,True,True,True,True,True,True,True,True,True,True,True,True,True,1,1.0,True,True,True,False,False,False,False,False,False,False,False,True,True,15,1,True,18,3,0.1666666666666666,0.1541506798272582,0.1025854152192535,0.0,0.0,0.0,0.0,0.0,0.0,0.0,0.0,0.0,0.0,0.0,0.0,1.97,5.303304908059076,False,False,False,False,False,False,,,1,1,1,1,1,1,1,1,1,1,1,1
4661,Crownstone,https://www.crunchbase.com/organization/crownstone,The Netherlands,51.9244424,4.47775,2016,1.0,True,False,False,False,False,True,False,False,False,True,False,False,True,False,0,1,1,0.0,0.0,2016-08-17,2016-08-17,Seed,2016,211.0,True,,False,,5.0,13.0,True,,True,,True,,False,,False,,False,,0,0,False,,False,True,,True,,False,,False,,False,,False,,1,,True,,True,True,,False,False,False,False,False,False,True,True,68,2,True,28,5,0.1785714285714285,0.1643030512912762,0.05735189574909011,0.057351895749089894,0.057351895749089894,0.057351895749089894,0.057351895749089894,0.057351895749089894,0.057351895749089894,0.0,0.0,0.0,0.0,0.0,0.0,1.97,5.303304908059076,False,False,False,False,False,False,,,0,0,0,0,0,0,0,0,1,0,1,0
4702,GoClinic,https://www.crunchbase.com/organization/goclinic,The Netherlands,51.8474946,5.8637771,2016,2.0,False,False,False,False,False,False,False,True,False,False,False,False,False,False,1,1,1,0.0,0.0,2017-02-23,2017-02-23,Seed,2017,211.0,True,,False,,6.0,13.0,True,,True,,True,,False,,False,,False,,0,0,False,,False,True,,False,,False,,False,,False,,False,,1,,True,,True,True,,False,False,False,False,False,False,True,True,12,1,True,13,2,0.1538461538461538,0.1431008436406733,0.08840311608630631,0.08840311608630658,0.08840311608630658,0.08840311608630658,0.08840311608630658,0.08840311608630658,0.08840311608630658,0.0,0.0,0.0,0.0,0.0,0.0,1.97,5.993961427306569,False,False,False,False,False,False,,,0,0,0,0,0,0,0,0,0,0,1,0
4685,RehabGlove,https://www.crunchbase.com/organization/rehabglove,The Netherlands,51.8474946,5.8637771,2016,2.0,True,False,False,False,False,False,False,True,False,True,False,False,False,False,1,1,1,0.0,0.0,2017-12-15,2017-12-15,Seed,2017,211.0,True,,False,,6.0,13.0,True,,True,,True,,False,,False,,False,,0,0,False,,False,True,,False,,False,,False,,False,,False,,1,,True,,True,True,,False,False,False,False,False,False,True,True,12,1,True,13,2,0.1538461538461538,0.1431008436406733,0.08840311608630631,0.08840311608630658,0.08840311608630658,0.08840311608630658,0.08840311608630658,0.08840311608630658,0.08840311608630658,0.0,0.0,0.0,0.0,0.0,0.0,1.97,5.993961427306569,False,False,False,False,False,False,,,0,0,0,0,0,0,0,0,0,0,1,0
4693,LOQED,https://www.crunchbase.com/organization/loqed,The Netherlands,52.1384846,5.040082,2016,2.0,False,False,False,False,False,True,False,False,False,True,False,False,False,False,3,1,1,0.0,0.0,2019-04-01,2019-04-01,Seed,2019,7.0,True,,False,,3.0,0.0,False,,False,,False,,False,,False,,False,,0,0,False,,False,True,,True,,True,,True,,True,,False,,1,,True,,True,True,,False,False,False,False,False,False,True,True,195,1,True,21,3,0.1428571428571428,0.1335313926245225,0.02795425832659465,0.027954258326594768,0.027954258326594768,0.027954258326594768,0.027954258326594768,0.027954258326594768,0.027954258326594768,0.0,0.0,0.0,0.0,0.0,0.0,1.97,6.2166061010848646,False,False,False,False,False,False,,,0,0,1,0,1,0,1,0,1,0,1,0
4674,VRee,https://www.crunchbase.com/organization/vree-2,The Netherlands,51.4392648,5.478633,2016,1.0,True,False,False,False,False,False,False,False,False,True,False,False,False,False,0,1,2,1.0,0.0,2016-11-25,2016-11-25,Seed,2016,66.0,True,True,False,False,16.5,6.5,True,True,True,True,True,True,False,False,False,False,False,False,1,1,True,True,False,True,True,True,True,True,True,True,True,True,True,True,True,2,1.0,True,True,True,False,False,False,False,False,False,False,False,True,True,15,1,True,18,3,0.1666666666666666,0.1541506798272582,0.1025854152192535,0.016431427795001757,0.0,0.032862855590003515,0.032862855590003515,0.032862855590003515,0.032862855590003515,0.0,0.0,0.0,0.032862855590003515,0.032862855590003515,0.032862855590003515,1.97,5.303304908059076,False,False,False,False,False,False,,,1,1,1,1,2,1,2,1,2,1,2,1
4726,Totem Open Health,https://www.crunchbase.com/organization/totem-open-health,The Netherlands,52.3730796,4.8924534,2016,1.0,True,True,False,False,False,False,False,True,False,False,False,False,False,False,1,1,1,0.0,0.0,2017-05-05,2017-05-05,Seed,2017,211.0,True,,False,,6.0,13.0,True,,True,,True,,False,,False,,False,,1,0,True,,True,True,,True,,True,,True,,True,,True,,1,,True,,True,True,,False,False,False,False,False,False,True,True,169,1,True,204,47,0.230392156862745,0.2073329452875674,0.0,0.0,0.0,0.0,0.0,0.0,0.0,0.0,0.0,0.0,0.0,0.0,0.0,1.97,5.993961427306569,False,False,False,False,False,False,,,1,0,1,0,1,0,1,0,1,0,1,0
4721,Frosha,https://www.crunchbase.com/organization/frosha,The Netherlands,52.3730796,4.8924534,2016,1.0,True,True,False,False,True,False,False,False,False,True,False,False,False,True,1,1,1,0.0,0.0,2017-06-14,2017-06-14,Seed,2017,211.0,True,,False,,6.0,13.0,True,,True,,True,,False,,False,,False,,1,0,True,,True,True,,True,,True,,True,,True,,True,,1,,True,,True,True,,False,False,False,False,False,False,True,True,169,1,True,204,47,0.230392156862745,0.2073329452875674,0.0,0.0,0.0,0.0,0.0,0.0,0.0,0.0,0.0,0.0,0.0,0.0,0.0,1.97,5.993961427306569,False,False,False,False,False,False,,,1,0,1,0,1,0,1,0,1,0,1,0
4601,Momoyoga,https://www.crunchbase.com/organization/momoyoga,The Netherlands,51.5856184,5.0660616,2016,1.0,False,False,False,False,False,True,False,True,False,True,False,False,False,False,1,1,1,0.0,0.0,2017-05-30,2017-05-30,Seed,2017,102.0,True,,False,,34.0,13.0,False,,False,,False,,False,,False,,False,,1,0,True,,True,True,,True,,True,,True,,True,,True,,1,,True,,True,False,,False,False,False,False,False,False,True,True,19,0,False,1,1,1.0,0.6931471805599453,0.08836525713225246,0.0,0.0,0.0,0.0,0.0,0.0,0.0,0.0,0.0,0.0,0.0,0.0,1.97,5.993961427306569,False,False,False,False,False,False,,,1,0,1,0,1,0,1,0,1,0,1,0
4622,MedInReal,https://www.crunchbase.com/organization/medinreal,The Netherlands,51.8474946,5.8637771,2016,1.0,True,False,False,False,True,False,False,True,False,True,False,False,False,False,1,1,1,0.0,0.0,2017-02-24,2017-02-24,Seed,2017,211.0,True,,False,,6.0,13.0,True,,True,,True,,False,,False,,False,,0,0,False,,False,True,,False,,False,,False,,False,,False,,1,,True,,True,True,,False,False,False,False,False,False,True,True,12,1,True,13,2,0.1538461538461538,0.1431008436406733,0.08840311608630631,0.08840311608630658,0.08840311608630658,0.08840311608630658,0.08840311608630658,0.08840311608630658,0.08840311608630658,0.0,0.0,0.0,0.0,0.0,0.0,1.97,5.993961427306569,False,False,False,False,False,False,,,0,0,0,0,0,0,0,0,0,0,1,0
4713,SonoVR,https://www.crunchbase.com/organization/sonovr,The Netherlands,52.0799838,4.3113461,2016,2.0,True,False,False,False,False,True,False,True,False,False,False,False,False,False,1,1,1,0.0,0.0,2017-01-12,2017-01-12,Seed,2017,211.0,True,,False,,6.0,13.0,True,,True,,True,,False,,False,,False,,0,0,False,,False,True,,True,,False,,False,,False,,False,,1,,True,,True,True,,False,False,False,False,False,False,True,True,56,2,True,24,5,0.2083333333333333,0.1892419996385283,0.05127095594048748,0.05127095594048744,0.05127095594048744,0.05127095594048744,0.05127095594048744,0.05127095594048744,0.05127095594048744,0.0,0.0,0.0,0.0,0.0,0.0,1.97,5.993961427306569,False,False,False,False,False,False,,,0,0,0,0,0,0,0,0,1,0,1,0
4131,Confocal.nl,https://www.crunchbase.com/organization/confocal-nl,The Netherlands,52.3730796,4.8924534,2016,3.0,True,True,False,False,True,False,False,True,False,False,False,False,False,False,0,2,2,0.0,0.0,2016-02-04,2019-09-27,Venture - Series Unknown,2016,29.0,True,,False,,12.5,1.0,False,,False,,False,,False,,False,,False,,2,0,True,,True,True,,True,,True,,True,,True,,True,,2,,True,,True,True,,False,False,False,False,False,False,True,True,169,1,True,204,47,0.230392156862745,0.2073329452875674,0.0,0.0,0.0,0.0,0.0,0.0,0.0,0.0,0.0,0.0,0.0,0.0,0.0,1.97,5.303304908059076,False,False,True,False,True,True,,,2,0,2,0,2,0,2,0,2,0,2,0
4126,SenseGlove,https://www.crunchbase.com/organization/adjuvo-motion,The Netherlands,52.0114017,4.35839,2016,2.0,True,False,False,False,True,False,False,False,False,True,False,False,False,False,3,1,2,2.0,0.339156,2019-11-15,2019-11-15,Series A,2019,25.5,True,True,False,False,8.0,3.0,True,True,False,False,False,False,False,False,False,False,False,False,0,0,False,False,False,True,True,True,True,True,True,False,False,False,False,False,False,2,2.0,True,True,True,True,True,False,False,False,False,False,False,True,True,58,3,True,24,5,0.2083333333333333,0.1892419996385283,0.05424573977957992,0.053205060135113454,0.04711128803910285,0.059298832231124074,0.0,0.0,0.0,0.04711128803910285,0.053205060135113454,0.059298832231124074,0.030428845411967966,0.030428845411967966,0.030428845411967966,1.97,6.2166061010848646,False,False,True,False,True,True,,,0,0,0,0,0,0,1,1,2,2,2,2
4096,Hiber,https://www.crunchbase.com/organization/magnitude-space,The Netherlands,52.3730796,4.8924534,2016,5.0,True,True,False,False,False,False,False,False,False,True,False,False,False,False,1,1,1,1.0,3.558571,2017-09-01,2017-09-01,Venture - Series Unknown,2017,2.0,True,True,False,False,3.0,1.0,False,False,False,False,False,False,False,False,False,False,False,False,0,0,False,False,False,True,True,True,True,True,True,True,True,True,True,False,False,1,1.0,True,True,True,False,False,False,False,False,False,False,False,True,True,169,1,True,204,46,0.2254901960784313,0.2033409240180299,0.0,0.02042844653849228,0.02042844653849228,0.02042844653849228,0.0,0.0,0.0,0.02042844653849228,0.02042844653849228,0.02042844653849228,0.0,0.0,0.0,1.97,5.993961427306569,True,False,True,True,True,True,2022-05-30,6.0,0,0,1,1,1,1,1,1,1,1,1,1
4093,VarmX,https://www.crunchbase.com/organization/varmx,The Netherlands,52.1594747,4.4908843,2016,2.0,True,False,False,False,True,False,False,True,False,False,False,False,False,False,1,1,2,1.0,1.449106,2017-06-27,2017-06-27,Venture - Series Unknown,2017,50.0,True,True,False,False,7.0,8.5,True,True,False,False,False,False,False,False,True,True,False,False,0,0,False,False,False,True,True,True,True,True,True,True,False,True,False,True,False,2,1.0,True,True,True,False,False,False,False,False,False,False,False,True,True,200,2,True,9,4,0.4444444444444444,0.3677247801253173,0.036206397071092675,0.03167831724630145,0.015112447521130355,0.048244186971472536,0.015112447521130355,0.015112447521130355,0.015112447521130355,0.048244186971472536,0.048244186971472536,0.048244186971472536,0.06284284799313568,0.06284284799313568,0.06284284799313568,1.97,5.993961427306569,False,True,True,True,True,True,,,1,0,1,0,1,0,2,1,2,1,2,1
4158,Aiir Innovations,https://www.crunchbase.com/organization/aiir-innovations,The Netherlands,52.3730796,4.8924534,2016,6.0,True,True,False,False,True,False,False,False,False,True,False,False,False,False,3,1,1,1.0,0.552964,2019-08-29,2019-08-29,Venture - Series Unknown,2019,16.0,True,True,False,False,4.0,3.0,True,True,False,False,False,False,False,False,False,False,False,False,1,1,True,True,True,True,True,True,True,True,True,True,True,True,True,True,True,1,1.0,True,True,True,True,True,False,False,False,False,False,False,True,True,169,1,True,204,47,0.230392156862745,0.2073329452875674,0.0,0.00812344441187767,0.00812344441187767,0.00812344441187767,0.0,0.0,0.0,0.00812344441187767,0.00812344441187767,0.00812344441187767,0.0,0.0,0.0,1.97,6.2166061010848646,False,False,True,False,True,True,,,1,1,1,1,1,1,1,1,1,1,1,1
4152,Healthy Workers,https://www.crunchbase.com/organization/healthyworkers,The Netherlands,52.3730796,4.8924534,2016,3.0,True,True,False,False,True,True,False,True,False,True,False,False,False,False,1,3,2,1.0,4.018072,2017-08-22,2022-04-14,Seed,2017,8.666666666666666,True,True,True,False,25.0,1.7,False,False,False,False,False,False,False,False,True,True,False,False,2,2,True,True,False,True,True,True,True,True,True,True,True,True,True,True,True,2,2.0,True,True,False,True,True,False,False,False,False,False,False,True,True,169,1,True,204,47,0.230392156862745,0.2073329452875674,0.0,0.1196484469543312,0.0,0.35894534086299357,0.35894534086299357,0.35894534086299357,0.35894534086299357,0.0,0.0,0.0,0.2392968939086624,0.0,0.35894534086299357,1.97,5.993961427306569,False,False,False,False,False,False,,,2,2,2,2,2,2,2,2,2,2,2,2
4146,Wonderkind,https://www.crunchbase.com/organization/wonderkindtechnologies,The Netherlands,52.3730796,4.8924534,2016,3.0,False,True,False,False,True,False,False,False,False,True,True,False,False,False,1,1,1,1.0,2.172199,2017-03-27,2017-03-27,Series A,2017,22.0,True,True,False,False,3.0,4.0,False,False,False,False,False,False,False,False,False,False,False,False,1,1,True,True,True,True,True,True,True,True,True,True,True,True,True,True,True,1,1.0,True,True,True,True,True,False,False,False,False,False,False,True,True,169,1,True,204,47,0.230392156862745,0.2073329452875674,0.0,0.0,0.0,0.0,0.0,0.0,0.0,0.0,0.0,0.0,0.0,0.0,0.0,1.97,5.993961427306569,False,False,True,False,True,True,,,1,1,1,1,1,1,1,1,1,1,1,1
4073,Satelligence,https://www.crunchbase.com/organization/satelligence,The Netherlands,52.0907006,5.1215634,2016,1.0,True,False,False,True,False,False,False,False,False,True,False,True,False,False,4,1,1,0.0,2.264601,2020-11-25,2020-11-25,Seed,2020,17.0,True,,False,,1.0,0.0,True,,False,,False,,False,,False,,False,,0,0,False,,False,True,,True,,False,,False,,False,,False,,1,,True,,True,False,,False,False,False,False,False,False,True,True,194,1,True,23,3,0.1304347826086956,0.1226023220923323,0.035062214289133406,0.05537293633615812,0.05537293633615812,0.05537293633615812,0.05537293633615812,0.05537293633615812,0.05537293633615812,0.0,0.0,0.0,0.0,0.0,0.0,1.97,6.55250788703459,False,False,False,False,False,False,,,0,0,0,0,0,0,0,0,1,0,1,0
4017,Dexter Energy Services,https://www.crunchbase.com/organization/dexter-energy-services,The Netherlands,52.6829908,7.009406,2016,3.0,True,False,True,False,True,False,False,False,False,True,False,True,False,False,3,1,1,0.0,0.0,2019-09-27,2019-09-27,Series B,2019,22.0,False,,True,,9.0,1.0,False,,False,,False,,False,,False,,False,,0,0,False,,False,False,,False,,False,,False,,False,,False,,0,,False,,False,False,,False,False,False,False,False,False,True,True,4,0,False,0,0,0.0,0.0,0.14728944253121748,0.24644354394856702,0.24644354394856702,0.24644354394856702,0.24644354394856702,0.24644354394856702,0.24644354394856702,0.0,0.0,0.0,0.0,0.0,0.0,1.97,6.2166061010848646,False,False,True,False,True,True,,,0,0,0,0,0,0,0,0,0,0,0,0
4012,IMSystems,https://www.crunchbase.com/organization/innovative-mechatronic-systems-b-v,The Netherlands,52.0114017,4.35839,2016,3.0,True,False,False,False,True,False,False,False,False,True,False,False,False,False,2,1,1,0.0,1.051976,2018-06-21,2018-06-21,Venture - Series Unknown,2018,58.0,True,,False,,4.0,8.0,False,,False,,False,,False,,False,,False,,1,0,True,,True,True,,True,,True,,True,,True,,True,,1,,True,,True,False,,False,False,False,False,False,False,True,True,58,3,True,24,5,0.2083333333333333,0.1892419996385283,0.05424573977957992,0.008276857520798984,0.008276857520798984,0.008276857520798984,0.008276857520798984,0.008276857520798984,0.008276857520798984,0.0,0.0,0.0,0.0,0.0,0.0,1.97,5.993961427306569,False,False,True,False,True,True,,,1,0,1,0,1,0,1,0,1,0,1,0
4010,LeydenJar Technologies,https://www.crunchbase.com/organization/leydenjar-technologies,The Netherlands,52.1594747,4.4908843,2016,2.0,True,False,False,False,False,False,False,False,False,False,False,False,False,False,2,2,2,0.0,3.847855,2018-02-01,2018-03-15,Series A,2018,87.33333333333333,True,,False,,24.7,11.3,False,,False,,False,,False,,False,,False,,0,0,False,,False,True,,True,,True,,True,,True,,True,,3,,True,,True,False,,False,False,False,False,False,False,True,True,200,2,True,9,5,0.5555555555555556,0.4418327522790392,0.036206397071092675,0.055063707973056694,0.015112447521130355,0.07503933819901987,0.015112447521130355,0.055063707973056694,0.07503933819901987,0.0,0.0,0.0,0.050381116794986774,0.0,0.07557167519248016,1.97,5.993961427306569,False,False,True,False,True,True,,,1,0,1,0,1,0,1,0,1,0,3,0
4009,Floryn,https://www.crunchbase.com/organization/invoicefinance,The Netherlands,51.6889387,5.303116,2016,3.0,True,False,False,False,True,False,False,False,True,False,False,False,False,False,0,1,1,0.0,3.875951,2016-06-08,2016-06-08,Series B,2016,61.0,True,,False,,9.0,8.0,False,,False,,False,,False,,False,,False,,0,0,False,,False,True,,False,,False,,False,,False,,False,,1,,True,,True,True,,False,False,False,False,False,False,True,True,37,0,False,5,0,0.0,0.0,0.08109443280065959,0.08109443280065985,0.08109443280065985,0.08109443280065985,0.08109443280065985,0.08109443280065985,0.08109443280065985,0.0,0.0,0.0,0.0,0.0,0.0,1.97,5.303304908059076,False,False,True,False,True,True,,,0,0,0,0,0,0,0,0,0,0,1,0
4007,Watermelon,https://www.crunchbase.com/organization/watermelon-messenger,The Netherlands,52.0907006,5.1215634,2016,2.0,True,False,False,False,True,False,False,False,False,True,True,False,False,False,1,2,1,1.0,2.828137,2017-01-02,2019-01-02,Seed,2017,1.0,True,True,False,False,2.0,0.0,False,False,False,False,False,False,False,False,False,False,False,False,2,2,True,True,True,True,True,True,True,True,True,True,True,True,True,True,True,2,2.0,True,True,True,False,False,False,False,False,False,False,False,True,True,194,1,True,23,3,0.1304347826086956,0.1226023220923323,0.035062214289133406,0.0,0.0,0.0,0.0,0.0,0.0,0.0,0.0,0.0,0.0,0.0,0.0,1.97,5.993961427306569,False,False,False,False,False,False,,,2,2,2,2,2,2,2,2,2,2,2,2
4003,Talk360,https://www.crunchbase.com/organization/talk360,The Netherlands,52.3730796,4.8924534,2016,3.0,False,True,False,False,False,False,False,False,False,True,False,False,False,False,3,4,10,7.0,8.40704,2019-01-01,2024-09-12,Seed,2019,20.666666666666668,True,True,True,True,7.5,1.0,False,False,True,True,False,False,True,True,True,True,False,False,0,0,False,False,False,True,True,True,True,True,True,False,False,False,False,False,False,1,1.0,True,True,False,False,False,True,True,True,False,False,False,True,False,169,1,True,204,47,0.230392156862745,0.2073329452875674,0.0,7.593713854064623,0.04539770404211268,9.529157848294178,2.315608117305161,7.6596501866853925,9.529157848294178,0.04539770404211268,7.556035949709898,9.396917390571115,5.135213162975353,0.0,14.915452429597103,1.97,6.2166061010848646,False,False,False,False,False,False,,,0,0,0,0,0,0,1,1,1,1,1,1
4000,Sensorfact,https://www.crunchbase.com/organization/sensorfact,The Netherlands,52.0907006,5.1215634,2016,3.0,True,False,True,False,False,False,False,False,False,True,False,True,False,False,4,1,2,0.0,0.0,2020-07-01,2020-07-01,Series B,2020,89.0,True,,False,,6.5,5.0,True,,False,,True,,False,,False,,False,,0,0,False,,False,True,,True,,True,,True,,True,,False,,2,,True,,True,True,,False,False,False,False,False,False,True,True,194,1,True,23,2,0.0869565217391304,0.083381608939051,0.035062214289133406,0.05303472265672382,0.029578942806982082,0.07649050250646557,0.029578942806982082,0.05303472265672382,0.07649050250646557,0.0,0.0,0.0,0.10500463728541412,0.10500463728541412,0.10500463728541412,1.97,6.55250788703459,True,True,True,True,True,True,2025-01-22,9.0,0,0,1,0,1,0,1,0,1,0,2,0
4023,Cardiomo,https://www.crunchbase.com/organization/cardiomo-care,The Netherlands,52.3730796,4.8924534,2016,2.0,True,True,False,False,True,True,False,True,False,True,False,False,False,False,0,2,3,2.0,0.1,2016-08-09,2019-08-28,Seed,2016,141.0,True,True,True,True,4.7,7.0,True,True,True,True,True,True,False,False,False,False,False,False,1,1,True,True,False,True,True,True,True,True,True,True,True,True,True,True,True,1,1.0,True,True,False,True,True,True,True,True,False,False,False,True,False,169,1,True,204,47,0.230392156862745,0.2073329452875674,0.0,3.9081779940477297,0.0,5.862266991071594,5.862266991071594,5.862266991071594,5.862266991071594,0.0,2.931133495535797,5.862266991071594,3.9081779940477297,0.0,5.862266991071594,1.97,5.303304908059076,False,False,False,False,False,False,,,1,1,1,1,1,1,1,1,1,1,1,1
3968,Mosa Meat,https://www.crunchbase.com/organization/mosa-meat,The Netherlands,50.8512438,5.6909768,2016,2.0,True,False,False,False,False,False,True,False,False,False,False,False,False,False,1,1,2,0.0,0.0,2017-12-08,2017-12-08,Venture - Series Unknown,2017,47.0,False,,True,,0.5,4.0,True,,False,,False,,False,,False,,False,,0,0,False,,False,False,,False,,False,,False,,False,,False,,0,,False,,False,True,,False,False,False,False,True,True,True,True,26,0,False,2,0,0.0,0.0,0.09402413760919519,0.46913654764271384,0.43865947941024147,0.4996136158751862,0.43865947941024147,0.46913654764271384,0.4996136158751862,0.0,0.0,0.0,0.16217259717506852,0.16217259717506852,0.16217259717506852,1.97,5.993961427306569,False,True,True,True,True,True,,,0,0,0,0,0,0,0,0,0,0,0,0
3975,Creative Fabrica,https://www.crunchbase.com/organization/creative-fabrica,The Netherlands,52.3730796,4.8924534,2016,2.0,False,True,False,False,True,True,False,False,False,False,True,False,False,False,3,1,1,1.0,0.569603,2019-01-17,2019-01-17,Series B,2019,61.0,True,True,False,False,12.0,8.0,False,False,False,False,False,False,False,False,False,False,False,False,1,1,True,True,True,True,True,True,True,True,True,True,True,True,True,True,True,1,1.0,True,True,True,True,True,False,False,False,False,False,False,True,True,169,1,True,204,46,0.2254901960784313,0.2033409240180299,0.0,0.0,0.0,0.0,0.0,0.0,0.0,0.0,0.0,0.0,0.0,0.0,0.0,1.97,6.2166061010848646,False,True,True,True,True,True,,,1,1,1,1,1,1,1,1,1,1,1,1
4064,Flow.ai,https://www.crunchbase.com/organization/flow-ai-2,The Netherlands,51.5856184,5.0660616,2016,4.0,True,False,False,False,True,False,False,False,False,True,True,False,False,True,2,1,1,1.0,0.0,2018-01-22,2018-01-22,Pre-Seed,2018,0.0,False,False,True,True,12.0,527.0,False,False,True,True,True,True,False,False,False,False,False,False,0,0,False,False,False,False,False,False,False,False,False,False,False,False,False,False,False,0,0.0,False,False,False,False,False,True,True,True,True,False,False,False,False,19,0,False,1,0,0.0,0.0,0.08836525713225246,7.80801784207422,7.80801784207422,7.80801784207422,0.0,0.0,0.0,7.80801784207422,7.80801784207422,7.80801784207422,0.0,0.0,0.0,1.97,5.993961427306569,True,False,False,True,True,True,2021-01-28,5.0,0,0,0,0,0,0,0,0,0,0,0,0
4057,Hardt Hyperloop,https://www.crunchbase.com/organization/hardt,The Netherlands,52.0114017,4.35839,2016,3.0,True,False,False,False,True,True,False,False,False,False,False,True,False,True,2,1,2,0.0,2.187836,2018-02-17,2018-02-17,Venture - Series Unknown,2018,4.5,True,,False,,3.0,0.0,True,,False,,False,,False,,False,,False,,0,0,False,,False,True,,True,,False,,False,,False,,False,,2,,True,,True,True,,False,False,False,False,False,False,True,True,58,3,True,24,4,0.1666666666666666,0.1541506798272582,0.05424573977957992,0.05424573977958012,0.05424573977958012,0.05424573977958012,0.05424573977958012,0.05424573977958012,0.05424573977958012,0.0,0.0,0.0,0.0,0.0,0.0,1.97,5.993961427306569,False,True,True,True,True,True,,,0,0,0,0,0,0,0,0,2,0,2,0
4169,Peaks,https://www.crunchbase.com/organization/peaks,The Netherlands,52.3730796,4.8924534,2016,3.0,False,True,False,False,False,False,False,False,True,False,False,False,False,False,1,1,1,0.0,0.0,2017-09-04,2017-09-04,Seed,2017,13.0,True,,False,,0.0,2.0,True,,False,,False,,False,,False,,False,,0,0,False,,False,True,,True,,True,,True,,False,,False,,1,,True,,True,False,,False,False,False,False,False,False,True,True,169,1,True,204,47,0.230392156862745,0.2073329452875674,0.0,0.03506221428913354,0.03506221428913354,0.03506221428913354,0.03506221428913354,0.03506221428913354,0.03506221428913354,0.0,0.0,0.0,0.0,0.0,0.0,1.97,5.993961427306569,False,False,False,False,False,False,,,0,0,0,0,1,0,1,0,1,0,1,0
4443,History Search,https://www.crunchbase.com/organization/convergate,The Netherlands,51.9244424,4.47775,2016,1.0,False,False,False,False,False,False,False,False,False,True,False,False,False,False,2,1,1,0.0,0.0,2018-06-01,2018-06-01,Pre-Seed,2018,510.0,False,,True,,0.0,49.0,False,,False,,False,,False,,False,,False,,0,0,False,,False,False,,False,,False,,False,,False,,False,,0,,False,,False,False,,True,True,True,True,False,False,False,False,68,2,True,28,5,0.1785714285714285,0.1643030512912762,0.05735189574909011,5.853566077002088,5.853566077002088,5.853566077002088,5.853566077002088,5.853566077002088,5.853566077002088,0.0,0.0,0.0,0.0,0.0,0.0,1.97,5.993961427306569,False,False,False,False,False,False,,,0,0,0,0,0,0,0,0,0,0,0,0
4430,Wattsun,https://www.crunchbase.com/organization/wattsun-e5c8,The Netherlands,51.984257,5.9108573,2016,2.0,True,False,True,False,False,False,False,False,False,False,False,True,False,False,4,1,1,0.0,0.293601,2020-10-01,2020-10-01,Seed,2020,151.0,True,,False,,10.0,7.0,True,,False,,True,,False,,False,,False,,0,0,False,,False,True,,True,,False,,False,,False,,False,,1,,True,,True,False,,False,False,False,False,False,False,True,True,14,1,True,2,0,0.0,0.0,0.08179828868421847,0.06752173495427961,0.06752173495427961,0.06752173495427961,0.06752173495427961,0.06752173495427961,0.06752173495427961,0.0,0.0,0.0,0.0,0.0,0.0,1.97,6.55250788703459,False,False,False,False,False,False,,,0,0,0,0,0,0,0,0,1,0,1,0
4416,Siilo,https://www.crunchbase.com/organization/siilo,The Netherlands,52.3730796,4.8924534,2016,4.0,True,True,False,False,False,False,False,True,False,True,True,False,False,False,2,1,1,1.0,5.182672,2018-10-04,2018-10-04,Series A,2018,129.0,False,False,True,True,2.0,22.0,False,False,True,True,False,False,False,False,False,False,False,False,0,0,False,False,False,False,False,False,False,False,False,False,False,False,False,False,False,0,0.0,False,False,False,True,True,False,False,False,False,False,False,True,True,169,1,True,204,46,0.2254901960784313,0.2033409240180299,0.0,1.1251781417496145,1.1251781417496145,1.1251781417496145,0.0,0.0,0.0,1.1251781417496145,1.1251781417496145,1.1251781417496145,0.0,0.0,0.0,1.97,5.993961427306569,True,False,True,True,True,True,2023-03-02,7.0,0,0,0,0,0,0,0,0,0,0,0,0
4409,Circular IQ,https://www.crunchbase.com/organization/circular-iq,The Netherlands,52.3730796,4.8924534,2016,2.0,True,True,False,False,True,False,False,False,False,True,False,False,False,False,3,1,1,0.0,0.0,2019-09-30,2019-09-30,Pre-Seed,2019,47.0,True,,False,,1.0,0.0,False,,False,,False,,False,,False,,False,,1,0,True,,True,True,,True,,True,,True,,True,,True,,1,,True,,True,True,,False,False,False,False,False,False,True,True,169,1,True,204,47,0.230392156862745,0.2073329452875674,0.0,0.0,0.0,0.0,0.0,0.0,0.0,0.0,0.0,0.0,0.0,0.0,0.0,1.97,6.2166061010848646,False,False,False,False,False,False,,,1,0,1,0,1,0,1,0,1,0,1,0
4406,We4Sea,https://www.crunchbase.com/organization/we4sea,The Netherlands,51.9244424,4.47775,2016,2.0,True,False,False,False,True,True,False,False,False,False,False,False,True,True,1,1,1,1.0,0.427125,2017-04-04,2017-04-04,Venture - Series Unknown,2017,16.0,True,True,False,False,2.0,3.0,True,True,False,False,False,False,False,False,False,False,False,False,0,0,False,False,False,True,True,True,True,True,True,False,False,False,False,False,False,1,1.0,True,True,True,True,True,False,False,False,False,False,False,True,True,68,2,True,28,5,0.1785714285714285,0.1643030512912762,0.05735189574909011,0.04950114150151069,0.04950114150151069,0.04950114150151069,0.0,0.0,0.0,0.04950114150151069,0.04950114150151069,0.04950114150151069,0.0,0.0,0.0,1.97,5.993961427306569,False,False,True,False,True,True,,,0,0,0,0,0,0,1,1,1,1,1,1
4389,Renal Tracker,https://www.crunchbase.com/organization/renal-tracker,The Netherlands,51.8474946,5.8637771,2016,2.0,False,False,False,False,False,False,False,True,False,False,False,False,False,False,1,1,1,0.0,0.0,2017-01-27,2017-01-27,Seed,2017,211.0,True,,False,,6.0,13.0,True,,True,,True,,False,,False,,False,,0,0,False,,False,True,,False,,False,,False,,False,,False,,1,,True,,True,True,,False,False,False,False,False,False,True,True,12,1,True,13,2,0.1538461538461538,0.1431008436406733,0.08840311608630631,0.08840311608630658,0.08840311608630658,0.08840311608630658,0.08840311608630658,0.08840311608630658,0.08840311608630658,0.0,0.0,0.0,0.0,0.0,0.0,1.97,5.993961427306569,False,False,False,False,False,False,,,0,0,0,0,0,0,0,0,0,0,1,0
4466,BitSensor,https://www.crunchbase.com/organization/bitsensor,The Netherlands,51.4392648,5.478633,2016,4.0,True,False,False,False,True,False,False,False,True,True,False,False,False,False,1,1,1,1.0,0.425129,2017-01-18,2017-01-18,Seed,2017,43.0,False,False,True,True,3.0,6.0,False,False,False,False,False,False,False,False,False,False,False,False,0,0,False,False,False,False,False,False,False,False,False,False,False,False,False,False,False,0,0.0,False,False,False,False,False,False,False,False,False,False,False,True,True,15,1,True,18,3,0.1666666666666666,0.1541506798272582,0.1025854152192535,0.12936210439663248,0.12936210439663248,0.12936210439663248,0.0,0.0,0.0,0.12936210439663248,0.12936210439663248,0.12936210439663248,0.0,0.0,0.0,1.97,5.993961427306569,False,False,False,False,False,False,,,0,0,0,0,0,0,0,0,0,0,0,0
4495,Voicey,https://www.crunchbase.com/organization/voicey,The Netherlands,52.3730796,4.8924534,2016,2.0,False,True,False,False,False,False,False,False,False,True,False,False,False,False,2,1,1,1.0,0.294626,2018-05-22,2018-05-22,Seed,2018,3.0,True,True,False,False,1.0,0.0,False,False,False,False,False,False,False,False,False,False,False,False,1,1,True,True,True,True,True,True,True,True,True,True,True,True,True,True,True,1,1.0,True,True,True,True,True,False,False,False,False,False,False,True,True,169,1,True,204,47,0.230392156862745,0.2073329452875674,0.0,0.0,0.0,0.0,0.0,0.0,0.0,0.0,0.0,0.0,0.0,0.0,0.0,1.97,5.993961427306569,False,False,False,False,False,False,,,1,1,1,1,1,1,1,1,1,1,1,1
4482,We adapt,https://www.crunchbase.com/organization/we-adapt,The Netherlands,52.3730796,4.8924534,2016,1.0,True,True,False,False,False,False,False,False,False,False,True,False,False,False,1,1,2,1.0,0.536445,2017-04-18,2017-04-18,Seed,2017,12.5,True,True,False,False,6.0,4.0,False,False,False,False,False,False,False,False,False,False,False,False,1,0,True,False,False,True,True,True,True,True,False,True,False,True,False,True,False,2,1.0,True,True,True,True,False,False,False,False,False,False,False,True,True,169,1,True,204,46,0.2254901960784313,0.2033409240180299,0.0,0.028675947874544947,0.0,0.057351895749089894,0.0,0.0,0.0,0.057351895749089894,0.057351895749089894,0.057351895749089894,0.057351895749089894,0.057351895749089894,0.057351895749089894,1.97,5.993961427306569,True,False,False,True,True,True,2020-06-01,4.0,1,0,1,0,1,0,1,0,2,1,2,1
4481,Stokhos Emergency Mathematics,https://www.crunchbase.com/organization/stokhos-emergency-mathematics,The Netherlands,52.3730796,4.8924534,2016,1.0,True,True,False,False,False,False,False,False,False,True,False,False,False,False,0,1,1,1.0,0.0,2016-04-01,2016-04-01,Venture - Series Unknown,2016,36.0,True,True,False,False,2.0,0.0,True,True,False,False,True,True,False,False,False,False,False,False,1,1,True,True,True,True,True,True,True,True,True,True,True,True,True,True,True,1,1.0,True,True,True,True,True,False,False,False,False,False,False,True,True,169,1,True,204,47,0.230392156862745,0.2073329452875674,0.0,0.0,0.0,0.0,0.0,0.0,0.0,0.0,0.0,0.0,0.0,0.0,0.0,1.97,5.303304908059076,False,False,True,False,True,True,,,1,1,1,1,1,1,1,1,1,1,1,1
4468,letz.do,https://www.crunchbase.com/organization/letz-do,The Netherlands,52.3730796,4.8924534,2016,1.0,False,True,False,False,True,False,False,False,False,True,False,False,False,False,0,1,1,1.0,0.111501,2016-08-30,2016-08-30,Seed,2016,36.0,False,False,True,True,1.0,6.0,False,False,False,False,True,True,False,False,False,False,False,False,0,0,False,False,False,False,False,False,False,False,False,False,False,False,False,False,False,0,0.0,False,False,False,False,False,True,True,False,False,False,False,False,False,169,1,True,204,47,0.230392156862745,0.2073329452875674,0.0,1.3845643271021535,1.3845643271021535,1.3845643271021535,0.0,0.0,0.0,1.3845643271021535,1.3845643271021535,1.3845643271021535,0.0,0.0,0.0,1.97,5.303304908059076,False,False,False,False,False,False,,,0,0,0,0,0,0,0,0,0,0,0,0
4235,Gameye,https://www.crunchbase.com/organization/gameye,The Netherlands,51.9244424,4.47775,2016,4.0,True,False,False,False,False,True,False,False,False,False,True,False,False,True,3,2,4,1.0,4.0,2019-01-23,2020-09-08,Seed,2019,219.6,False,False,True,True,8.2,39.0,False,False,True,True,True,False,False,False,True,False,False,False,0,0,False,False,False,False,False,False,False,False,False,False,False,False,False,False,False,0,0.0,False,False,False,True,True,True,True,True,False,True,False,True,False,68,2,True,28,5,0.1785714285714285,0.1643030512912762,0.05735189574909011,2.026087227531229,0.10994382949663463,8.79215492704076,0.10994382949663463,2.3865578311218227,8.79215492704076,0.5842048131688541,0.5842048131688541,0.5842048131688541,3.8073226987112188,0.0,9.370082732523388,1.97,6.2166061010848646,False,False,False,False,False,False,,,0,0,0,0,0,0,0,0,0,0,0,0
4224,Woov,https://www.crunchbase.com/organization/woov,The Netherlands,52.3730796,4.8924534,2016,4.0,False,True,False,False,False,False,False,False,False,True,False,False,False,False,3,1,1,1.0,2.2583,2019-07-02,2019-07-02,Seed,2019,14.0,False,False,True,True,1.0,1.0,False,False,False,False,False,False,False,False,False,False,True,True,0,0,False,False,False,False,False,False,False,False,False,False,False,False,False,False,False,0,0.0,False,False,False,True,True,False,False,False,False,True,True,True,True,169,1,True,204,47,0.230392156862745,0.2073329452875674,0.0,0.5764433507366697,0.5764433507366697,0.5764433507366697,0.0,0.0,0.0,0.5764433507366697,0.5764433507366697,0.5764433507366697,0.0,0.0,0.0,1.97,6.2166061010848646,False,False,False,False,False,False,,,0,0,0,0,0,0,0,0,0,0,0,0
4190,Scinvivo,https://www.crunchbase.com/organization/scinvivo,The Netherlands,52.3730796,4.8924534,2016,1.0,True,True,False,False,True,False,False,True,False,True,False,False,False,False,0,2,2,1.0,0.0,2016-11-16,2018-11-28,Venture - Series Unknown,2016,41.5,True,True,False,False,1.0,0.0,True,True,False,False,True,True,False,False,False,False,False,False,2,1,True,True,True,True,True,True,True,True,True,True,True,True,True,True,True,2,1.0,True,True,True,True,True,False,False,False,False,False,False,True,True,169,1,True,204,47,0.230392156862745,0.2073329452875674,0.0,0.0,0.0,0.0,0.0,0.0,0.0,0.0,0.0,0.0,0.0,0.0,0.0,1.97,5.303304908059076,False,False,True,False,True,True,,,2,1,2,1,2,1,2,1,2,1,2,1
4189,Advantis Medical Imaging,https://www.crunchbase.com/organization/advantis-medical-imaging,The Netherlands,51.4392648,5.478633,2016,3.0,True,False,False,False,True,False,False,True,False,True,False,False,False,False,1,2,2,1.0,0.786424,2017-01-01,2019-03-08,Seed,2017,47.0,False,False,True,True,1.0,4.0,False,False,True,False,False,False,False,False,False,False,False,False,0,0,False,False,False,False,False,False,False,False,False,False,False,False,False,False,False,0,0.0,False,False,False,False,False,False,False,False,False,False,False,True,True,15,1,True,18,3,0.1666666666666666,0.1541506798272582,0.1025854152192535,2.0678968450108304,2.0678968450108304,2.0678968450108304,2.0678968450108304,2.0678968450108304,2.0678968450108304,2.0678968450108304,2.0678968450108304,2.0678968450108304,0.0,0.0,0.0,1.97,5.993961427306569,False,False,False,False,False,False,,,0,0,0,0,0,0,0,0,0,0,0,0
4182,Allero Therapeutics,https://www.crunchbase.com/organization/allero-therapeutics,The Netherlands,51.9244424,4.47775,2016,3.0,True,False,False,False,True,False,False,True,False,False,False,False,False,False,3,1,1,0.0,0.0,2019-04-17,2019-04-17,Seed,2019,3.0,True,,False,,4.0,0.0,False,,False,,False,,False,,False,,False,,1,0,True,,True,True,,True,,True,,True,,True,,True,,1,,True,,True,False,,False,False,False,False,False,False,True,True,68,2,True,28,5,0.1785714285714285,0.1643030512912762,0.05735189574909011,0.0,0.0,0.0,0.0,0.0,0.0,0.0,0.0,0.0,0.0,0.0,0.0,1.97,6.2166061010848646,False,False,False,False,False,False,,,1,0,1,0,1,0,1,0,1,0,1,0
4172,Open Social,https://www.crunchbase.com/organization/open-social,The Netherlands,52.3730796,4.8924534,2016,3.0,True,True,False,False,False,True,False,False,False,True,False,False,False,True,4,1,2,2.0,1.426301,2020-07-14,2020-07-14,Venture - Series Unknown,2020,32.0,True,True,False,False,13.0,4.5,False,False,False,False,True,True,False,False,False,False,False,False,1,1,True,True,False,True,True,True,True,True,True,True,True,True,True,True,True,2,2.0,True,True,True,True,True,False,False,False,False,False,False,True,True,169,1,True,204,47,0.230392156862745,0.2073329452875674,0.0,0.01947365097440311,0.0,0.03894730194880622,0.0,0.0,0.0,0.0,0.01947365097440311,0.03894730194880622,0.03894730194880622,0.03894730194880622,0.03894730194880622,1.97,6.55250788703459,False,False,True,False,True,True,,,1,1,1,1,2,2,2,2,2,2,2,2
4365,REXai,https://www.crunchbase.com/organization/rexai,The Netherlands,52.3730796,4.8924534,2016,1.0,True,True,False,False,True,True,False,False,False,True,False,False,False,False,2,1,1,1.0,1.753576,2018-07-31,2018-07-31,Seed,2018,51.0,True,True,False,False,18.0,13.0,False,False,False,False,False,False,False,False,False,False,False,False,1,1,True,True,True,True,True,True,True,True,True,True,True,True,True,True,True,1,1.0,True,True,True,True,True,False,False,False,False,False,False,True,True,169,1,True,204,47,0.230392156862745,0.2073329452875674,0.0,0.0,0.0,0.0,0.0,0.0,0.0,0.0,0.0,0.0,0.0,0.0,0.0,1.97,5.993961427306569,False,False,False,False,False,False,,,1,1,1,1,1,1,1,1,1,1,1,1
4355,MAYHT,https://www.crunchbase.com/organization/mayht,The Netherlands,52.0114017,4.35839,2016,3.0,True,False,False,False,True,False,False,False,False,False,True,False,False,False,3,1,1,1.0,0.336281,2019-01-25,2019-01-25,Series A,2019,27.0,True,True,False,False,2.0,3.0,True,True,False,False,False,False,False,False,False,False,False,False,0,0,False,False,False,True,True,True,True,True,True,False,False,False,False,False,False,1,1.0,True,True,True,True,True,False,False,False,False,False,False,True,True,58,3,True,24,4,0.1666666666666666,0.1541506798272582,0.05424573977957992,0.04711128803910285,0.04711128803910285,0.04711128803910285,0.0,0.0,0.0,0.04711128803910285,0.04711128803910285,0.04711128803910285,0.0,0.0,0.0,1.97,6.2166061010848646,True,False,True,True,True,True,2022-04-11,6.0,0,0,0,0,0,0,1,1,1,1,1,1
4313,Shypple,https://www.crunchbase.com/organization/shypple,The Netherlands,51.9244424,4.47775,2016,2.0,True,False,False,False,True,False,False,False,False,True,False,False,False,False,2,2,2,2.0,2.421056,2018-02-06,2018-09-06,Series A,2018,79.0,True,True,False,False,23.3,9.3,False,False,True,True,False,False,False,False,False,False,False,False,0,0,False,False,False,True,True,True,True,False,False,False,False,False,False,False,False,3,3.0,True,True,True,True,True,False,False,False,False,False,False,True,True,68,2,True,28,4,0.1428571428571428,0.1335313926245225,0.05735189574909011,0.055990932919672096,0.0553104515049632,0.057351895749089894,0.0,0.0,0.0,0.0553104515049632,0.055990932919672096,0.057351895749089894,0.05891017142150167,0.0,0.0883652571322525,1.97,5.993961427306569,False,True,True,True,True,True,,,0,0,0,0,0,0,0,0,3,3,3,3
4269,hello energy,https://www.crunchbase.com/organization/hello-energy,The Netherlands,51.9244424,4.47775,2016,3.0,True,False,True,False,False,False,False,False,True,True,False,True,True,False,4,1,1,1.0,1.0,2020-02-28,2020-02-28,Seed,2020,6.0,True,True,False,False,7.0,0.0,True,True,False,False,False,False,False,False,False,False,False,False,0,0,False,False,False,True,True,True,True,False,False,False,False,False,False,False,False,1,1.0,True,True,True,True,True,False,False,False,False,False,False,True,True,68,2,True,28,5,0.1785714285714285,0.1643030512912762,0.05735189574909011,0.057351895749089894,0.057351895749089894,0.057351895749089894,0.0,0.0,0.0,0.057351895749089894,0.057351895749089894,0.057351895749089894,0.0,0.0,0.0,1.97,6.55250788703459,False,False,False,False,False,False,,,0,0,0,0,0,0,0,0,1,1,1,1
4762,Wapo.io,https://www.crunchbase.com/organization/wapo-io,The Netherlands,52.3730796,4.8924534,2016,2.0,True,True,False,False,False,False,False,False,False,True,False,False,False,False,0,1,1,0.0,0.0,2016-06-28,2016-06-28,Seed,2016,211.0,True,,False,,5.0,13.0,True,,True,,True,,False,,False,,False,,1,0,True,,True,True,,True,,True,,True,,True,,True,,1,,True,,True,True,,False,False,False,False,False,False,True,True,169,1,True,204,47,0.230392156862745,0.2073329452875674,0.0,0.0,0.0,0.0,0.0,0.0,0.0,0.0,0.0,0.0,0.0,0.0,0.0,1.97,5.303304908059076,False,False,False,False,False,False,,,1,0,1,0,1,0,1,0,1,0,1,0
4770,EyeSense,https://www.crunchbase.com/organization/eyesense,The Netherlands,52.0799838,4.3113461,2016,2.0,True,False,False,False,True,False,False,False,False,True,False,False,False,False,1,1,1,0.0,0.0,2017-02-09,2017-02-09,Seed,2017,211.0,True,,False,,6.0,13.0,True,,True,,True,,False,,False,,False,,0,0,False,,False,True,,True,,False,,False,,False,,False,,1,,True,,True,True,,False,False,False,False,False,False,True,True,56,2,True,24,5,0.2083333333333333,0.1892419996385283,0.05127095594048748,0.05127095594048744,0.05127095594048744,0.05127095594048744,0.05127095594048744,0.05127095594048744,0.05127095594048744,0.0,0.0,0.0,0.0,0.0,0.0,1.97,5.993961427306569,False,False,False,False,False,False,,,0,0,0,0,0,0,0,0,1,0,1,0
4775,Mega-Inliner,https://www.crunchbase.com/organization/mega-inliner,The Netherlands,51.350688,5.4594497,2016,1.0,True,False,False,False,True,False,False,False,False,False,False,False,False,False,1,1,1,0.0,0.0,2017-01-31,2017-01-31,Seed,2017,102.0,True,,False,,34.0,13.0,False,,False,,False,,False,,False,,False,,0,0,False,,False,True,,True,,True,,True,,False,,False,,1,,True,,True,False,,False,False,False,False,False,False,True,True,20,1,True,17,3,0.1764705882352941,0.1625189294977749,0.09552724747464038,0.03774843043844156,0.03774843043844156,0.03774843043844156,0.03774843043844156,0.03774843043844156,0.03774843043844156,0.0,0.0,0.0,0.0,0.0,0.0,1.97,5.993961427306569,False,False,False,False,False,False,,,0,0,0,0,1,0,1,0,1,0,1,0
4795,BotBoys,https://www.crunchbase.com/organization/botboys,The Netherlands,52.1594747,4.4908843,2016,2.0,False,False,False,False,True,False,False,False,False,True,True,False,False,True,1,1,1,0.0,0.0,2017-06-18,2017-06-18,Seed,2017,211.0,True,,False,,6.0,13.0,True,,True,,True,,False,,False,,False,,0,0,False,,False,True,,True,,True,,True,,False,,False,,1,,True,,True,True,,False,False,False,False,False,False,True,True,200,2,True,9,5,0.5555555555555556,0.4418327522790392,0.036206397071092675,0.03620639707109271,0.03620639707109271,0.03620639707109271,0.03620639707109271,0.03620639707109271,0.03620639707109271,0.0,0.0,0.0,0.0,0.0,0.0,1.97,5.993961427306569,False,False,False,False,False,False,,,0,0,0,0,1,0,1,0,1,0,1,0
4809,GO EU Commerce,https://www.crunchbase.com/organization/eyou-commerce,The Netherlands,51.4392648,5.478633,2017,1.0,False,False,False,False,False,True,False,False,False,True,False,False,False,False,0,1,1,1.0,0.0,2017-05-30,2017-05-30,Seed,2017,30.0,True,True,False,False,1.0,0.0,True,True,True,True,True,True,False,False,False,False,False,False,1,1,True,True,True,True,True,True,True,True,True,True,True,True,True,True,True,1,1.0,True,True,True,False,False,False,False,False,False,False,False,True,True,15,1,True,23,4,0.1739130434782608,0.1603426500751793,0.1025854152192535,0.0,0.0,0.0,0.0,0.0,0.0,0.0,0.0,0.0,0.0,0.0,0.0,2.84,5.993961427306569,False,False,False,False,False,False,,,1,1,1,1,1,1,1,1,1,1,1,1
4363,Shipright,https://www.crunchbase.com/organization/shipright,The Netherlands,51.9244424,4.47775,2017,1.0,True,False,False,False,True,False,False,False,False,True,False,False,False,False,2,1,1,0.0,0.113333,2019-12-04,2019-12-04,Seed,2019,0.0,False,,True,,13.0,527.0,False,,True,,True,,False,,False,,False,,0,0,False,,False,False,,False,,False,,False,,False,,False,,0,,False,,False,False,,True,True,True,True,False,False,False,False,68,2,True,31,5,0.1612903225806451,0.1495317339709637,0.05735189574909011,7.752778909584272,7.752778909584272,7.752778909584272,7.752778909584272,7.752778909584272,7.752778909584272,0.0,0.0,0.0,0.0,0.0,0.0,2.84,6.2166061010848646,False,False,False,False,False,False,,,0,0,0,0,0,0,0,0,0,0,0,0
4388,Close App,https://www.crunchbase.com/organization/close-app,The Netherlands,52.3730796,4.8924534,2017,1.0,False,True,False,False,False,False,False,False,False,False,True,False,False,False,2,1,1,1.0,3.373428,2019-04-03,2019-04-03,Seed,2019,4.0,True,True,False,False,3.0,2.0,False,False,False,False,False,False,False,False,False,False,False,False,1,1,True,True,True,True,True,True,True,True,True,True,True,True,True,True,True,1,1.0,True,True,True,True,True,False,False,False,False,False,False,True,True,169,1,True,226,50,0.2212389380530973,0.1998658664448641,0.0,0.0,0.0,0.0,0.0,0.0,0.0,0.0,0.0,0.0,0.0,0.0,0.0,2.84,6.2166061010848646,False,False,False,False,False,False,,,1,1,1,1,1,1,1,1,1,1,1,1
4423,HelloMaaS,https://www.crunchbase.com/organization/hellomaas,The Netherlands,52.3730796,4.8924534,2017,1.0,True,True,False,False,False,False,False,False,False,False,True,False,False,True,2,1,2,1.0,0.451779,2019-06-20,2019-06-20,Seed,2019,32.5,True,True,True,False,3.5,3.0,False,False,False,False,False,False,False,False,False,False,False,False,1,1,True,True,False,True,True,True,True,True,True,True,True,True,True,True,True,1,1.0,True,True,False,True,True,True,True,True,False,False,False,True,False,169,1,True,226,50,0.2212389380530973,0.1998658664448641,0.0,2.931133495535797,0.0,5.862266991071594,5.862266991071594,5.862266991071594,5.862266991071594,0.0,0.0,0.0,5.862266991071594,5.862266991071594,5.862266991071594,2.84,6.2166061010848646,False,False,False,False,False,False,,,1,1,1,1,1,1,1,1,1,1,1,1
4427,Concord Neonatal,https://www.crunchbase.com/organization/concord-neonatal,The Netherlands,52.1594747,4.4908843,2017,1.0,False,False,False,False,False,False,False,True,False,False,False,False,False,False,0,1,1,1.0,0.370615,2017-04-01,2017-04-01,Venture - Series Unknown,2017,36.0,True,True,False,False,3.0,0.0,True,True,False,False,True,True,False,False,False,False,False,False,0,0,False,False,False,True,True,True,True,True,True,True,True,False,False,False,False,1,1.0,True,True,True,True,True,False,False,False,False,False,False,True,True,200,2,True,11,5,0.4545454545454545,0.3746934494414106,0.036206397071092675,0.03620639707109271,0.03620639707109271,0.03620639707109271,0.0,0.0,0.0,0.03620639707109271,0.03620639707109271,0.03620639707109271,0.0,0.0,0.0,2.84,5.993961427306569,False,False,True,False,True,True,,,0,0,0,0,1,1,1,1,1,1,1,1
4234,Verdify,https://www.crunchbase.com/organization/verdi-food,The Netherlands,51.3924489,6.1511724,2017,2.0,False,False,False,False,False,False,True,False,False,True,False,False,False,False,3,2,2,2.0,5.797628,2020-10-13,2021-12-13,Seed,2020,10.0,True,True,False,False,10.0,0.0,False,False,False,False,False,False,False,False,False,False,False,False,1,1,True,True,False,True,True,True,True,True,True,True,True,True,True,True,True,2,2.0,True,True,True,False,False,False,False,False,False,False,False,True,True,24,0,False,0,0,0.0,0.0,0.13911465632298553,0.026067808165794768,0.0,0.05213561633158953,0.0,0.0,0.0,0.0,0.026067808165794768,0.05213561633158953,0.05213561633158953,0.05213561633158953,0.05213561633158953,2.84,6.55250788703459,False,False,False,False,False,False,,,1,1,1,1,1,1,1,1,2,2,2,2
4251,Crayonic,https://www.crunchbase.com/organization/crayonic,The Netherlands,51.4392648,5.478633,2017,1.0,True,False,False,False,True,False,False,True,False,True,False,False,False,False,2,2,2,0.0,1.8,2019-10-01,2020-11-02,Seed,2019,21.0,False,,True,,13.0,40.0,True,,True,,True,,False,,False,,False,,0,0,False,,False,False,,False,,False,,False,,False,,False,,0,,False,,False,False,,True,True,True,True,False,False,False,False,15,1,True,23,4,0.1739130434782608,0.1603426500751793,0.1025854152192535,5.971590193661312,5.937473155790005,6.005707231532619,5.937473155790005,5.971590193661312,6.005707231532619,0.0,0.0,0.0,0.045616246407930244,0.0,0.06842436961189535,2.84,6.2166061010848646,False,False,False,False,False,False,,,0,0,0,0,0,0,0,0,0,0,0,0
4256,LogSentinel,https://www.crunchbase.com/organization/logsentinel,The Netherlands,52.2957628,5.1633636,2017,3.0,True,False,False,False,True,False,False,False,True,True,False,False,False,False,2,1,1,1.0,1.107908,2019-08-01,2019-08-01,Seed,2019,161.0,False,False,True,True,6.0,7.0,True,True,False,False,False,False,False,False,False,False,False,False,0,0,False,False,False,False,False,False,False,False,False,False,False,False,False,False,False,0,0.0,False,False,False,False,False,False,False,False,False,False,False,True,True,171,0,False,12,2,0.1666666666666666,0.1541506798272582,0.02031594244655734,1.724076205660595,1.724076205660595,1.724076205660595,0.0,0.0,0.0,1.724076205660595,1.724076205660595,1.724076205660595,0.0,0.0,0.0,2.84,6.2166061010848646,False,False,False,False,False,False,,,0,0,0,0,0,0,0,0,0,0,0,0
4278,Easy Way to Health,https://www.crunchbase.com/organization/easy-way-to-health-inc,The Netherlands,52.1594747,4.4908843,2017,3.0,True,False,False,False,False,True,False,True,False,False,False,False,False,False,1,1,1,0.0,1.468064,2018-10-05,2018-10-05,Seed,2018,211.0,True,,False,,7.0,13.0,True,,True,,True,,False,,False,,False,,0,0,False,,False,True,,True,,True,,True,,False,,False,,1,,True,,True,True,,False,False,False,False,False,False,True,True,200,2,True,11,5,0.4545454545454545,0.3746934494414106,0.036206397071092675,0.03620639707109271,0.03620639707109271,0.03620639707109271,0.03620639707109271,0.03620639707109271,0.03620639707109271,0.0,0.0,0.0,0.0,0.0,0.0,2.84,5.993961427306569,False,False,False,False,False,False,,,0,0,0,0,1,0,1,0,1,0,1,0
4280,Unless,https://www.crunchbase.com/organization/unless,The Netherlands,52.3730796,4.8924534,2017,2.0,True,True,False,False,True,True,False,False,False,True,False,False,False,False,0,3,3,1.0,0.711934,2016-11-17,2019-10-26,Seed,2016,56.75,True,True,False,False,2.2,3.5,True,False,True,False,True,False,False,False,False,False,False,False,4,1,True,True,True,True,True,True,True,True,True,True,True,True,True,True,True,4,1.0,True,True,True,True,True,False,False,False,False,False,False,True,True,169,1,True,226,50,0.2212389380530973,0.1998658664448641,0.0,0.0,0.0,0.0,0.0,0.0,0.0,0.0,0.0,0.0,0.0,0.0,0.0,2.84,5.303304908059076,False,False,False,False,False,False,,,4,1,4,1,4,1,4,1,4,1,4,1
4283,Digi.Bio,https://www.crunchbase.com/organization/digi-bio,The Netherlands,52.3730796,4.8924534,2017,4.0,True,True,False,False,True,False,False,True,False,True,False,False,False,False,0,1,1,1.0,0.0,2017-03-30,2017-03-30,Seed,2017,0.0,False,False,True,True,22.0,80.0,True,True,True,True,True,True,False,False,False,False,False,False,0,0,False,False,False,False,False,False,False,False,False,False,False,False,False,False,False,0,0.0,False,False,False,False,False,True,True,True,True,False,False,False,False,169,1,True,226,50,0.2212389380530973,0.1998658664448641,0.0,5.930410409979889,5.930410409979889,5.930410409979889,0.0,0.0,0.0,5.930410409979889,5.930410409979889,5.930410409979889,0.0,0.0,0.0,2.84,5.993961427306569,False,False,False,False,False,False,,,0,0,0,0,0,0,0,0,0,0,0,0
4292,SolarCreed,https://www.crunchbase.com/organization/solarcreed,The Netherlands,52.3730796,4.8924534,2017,2.0,True,True,True,True,True,True,False,False,False,True,True,True,False,False,0,2,2,2.0,0.2,2017-09-01,2018-02-01,Seed,2017,108.5,True,True,False,False,5.5,6.5,True,True,True,True,True,True,False,False,False,False,False,False,2,2,True,True,True,True,True,True,True,True,True,True,True,True,True,True,True,2,2.0,True,True,True,True,True,False,False,False,False,False,False,True,True,169,1,True,226,50,0.2212389380530973,0.1998658664448641,0.0,0.0,0.0,0.0,0.0,0.0,0.0,0.0,0.0,0.0,0.0,0.0,0.0,2.84,5.993961427306569,False,False,False,False,False,False,,,2,2,2,2,2,2,2,2,2,2,2,2
4665,Uvisio,https://www.crunchbase.com/organization/uvisio,The Netherlands,51.4392648,5.478633,2017,2.0,True,False,False,False,False,False,False,True,False,False,False,False,False,False,1,1,1,0.0,0.0,2018-07-03,2018-07-03,Seed,2018,4.0,False,,True,,2.0,2.0,True,,False,,False,,False,,False,,False,,0,0,False,,False,False,,False,,False,,False,,False,,False,,0,,False,,False,False,,False,False,False,False,False,False,True,True,15,1,True,23,4,0.1739130434782608,0.1603426500751793,0.1025854152192535,1.110447300226004,1.110447300226004,1.110447300226004,1.110447300226004,1.110447300226004,1.110447300226004,0.0,0.0,0.0,0.0,0.0,0.0,2.84,5.993961427306569,False,False,False,False,False,False,,,0,0,0,0,0,0,0,0,0,0,0,0
4553,Building Parts & Supplies N.V.,https://www.crunchbase.com/organization/building-parts-supplies-n-v,The Netherlands,52.1131403,4.6408412,2017,1.0,True,False,False,False,False,False,False,False,False,False,False,False,True,False,0,1,1,1.0,0.0,2017-01-03,2017-01-03,Pre-Seed,2017,4.0,True,True,False,False,0.0,0.0,False,False,False,False,False,False,False,False,False,False,False,False,1,1,True,True,True,True,True,True,True,True,True,True,True,True,True,True,True,1,1.0,True,True,True,False,False,False,False,False,False,False,False,True,True,205,1,True,1,0,0.0,0.0,0.03359932330131633,0.0,0.0,0.0,0.0,0.0,0.0,0.0,0.0,0.0,0.0,0.0,0.0,2.84,5.993961427306569,False,False,False,False,False,False,,,1,1,1,1,1,1,1,1,1,1,1,1
4573,FlyMedi,https://www.crunchbase.com/organization/flymedi,The Netherlands,52.3730796,4.8924534,2017,1.0,False,True,False,False,False,True,False,True,False,False,False,False,False,False,0,1,1,0.0,0.0,2017-03-08,2017-03-08,Seed,2017,211.0,True,,False,,6.0,13.0,True,,True,,True,,False,,False,,False,,1,0,True,,True,True,,True,,True,,True,,True,,True,,1,,True,,True,True,,False,False,False,False,False,False,True,True,169,1,True,226,50,0.2212389380530973,0.1998658664448641,0.0,0.0,0.0,0.0,0.0,0.0,0.0,0.0,0.0,0.0,0.0,0.0,0.0,2.84,5.993961427306569,False,False,False,False,False,False,,,1,0,1,0,1,0,1,0,1,0,1,0
4595,CEVAP Technology,https://www.crunchbase.com/organization/cevap-technology,The Netherlands,51.4392648,5.478633,2017,2.0,True,False,True,False,True,False,True,True,False,False,False,True,False,False,0,1,1,0.0,0.0,2017-03-07,2017-03-07,Seed,2017,39.0,False,,True,,8.0,2.0,True,,False,,False,,False,,False,,False,,0,0,False,,False,False,,False,,False,,False,,False,,False,,1,,True,,True,True,,False,False,False,False,False,False,True,True,15,1,True,23,4,0.1739130434782608,0.1603426500751793,0.1025854152192535,0.10500463728541412,0.10500463728541412,0.10500463728541412,0.10500463728541412,0.10500463728541412,0.10500463728541412,0.0,0.0,0.0,0.0,0.0,0.0,2.84,5.993961427306569,False,False,False,False,False,False,,,0,0,0,0,0,0,0,0,0,0,0,0
4614,Paztir,https://www.crunchbase.com/organization/paztir,The Netherlands,50.8512438,5.6909768,2017,3.0,False,False,False,False,True,False,False,False,False,True,False,False,False,False,2,1,1,0.0,0.0,2019-01-01,2019-01-01,Series A,2019,19.0,False,,True,,11.0,1.0,False,,False,,False,,False,,False,,False,,0,0,False,,False,False,,False,,False,,False,,False,,False,,1,,True,,True,False,,False,False,False,False,False,False,True,True,26,0,False,3,1,0.3333333333333333,0.2876820724517809,0.09402413760919519,0.1667307685974647,0.1667307685974647,0.1667307685974647,0.1667307685974647,0.1667307685974647,0.1667307685974647,0.0,0.0,0.0,0.0,0.0,0.0,2.84,6.2166061010848646,False,False,True,False,True,True,,,0,0,0,0,0,0,0,0,0,0,0,0
4537,Simreka,https://www.crunchbase.com/organization/simreka,The Netherlands,52.0907006,5.1215634,2017,1.0,True,False,False,False,True,False,False,False,False,True,False,False,False,False,0,2,3,3.0,0.0,2017-09-12,2019-06-11,Seed,2017,438.5,False,False,True,True,8.3,229.3,False,False,True,True,True,True,False,False,False,False,True,True,0,0,False,False,False,False,False,False,False,False,False,False,False,False,False,False,False,0,0.0,False,False,False,False,False,True,True,True,False,True,False,True,False,194,1,True,27,3,0.1111111111111111,0.1053605156578263,0.035062214289133406,5.5949340283189555,0.20391935065808803,8.806205852526123,0.0,0.0,0.0,0.20391935065808803,5.5949340283189555,8.806205852526123,6.163086226303058,1.5022976628921332,9.00975062312775,2.84,5.993961427306569,False,False,False,False,False,False,,,0,0,0,0,0,0,0,0,0,0,0,0
4533,Mesh ID,https://www.crunchbase.com/organization/finos,The Netherlands,52.3730796,4.8924534,2017,2.0,True,True,False,False,False,False,False,False,False,True,False,False,False,False,2,1,1,0.0,0.0,2019-01-01,2019-01-01,Seed,2019,31.0,False,,True,,2.0,3.0,False,,False,,False,,False,,False,,False,,0,0,False,,False,False,,False,,False,,False,,False,,False,,0,,False,,False,False,,True,True,True,True,False,False,False,False,169,1,True,226,50,0.2212389380530973,0.1998658664448641,0.0,8.772086474740108,8.772086474740108,8.772086474740108,8.772086474740108,8.772086474740108,8.772086474740108,0.0,0.0,0.0,0.0,0.0,0.0,2.84,6.2166061010848646,False,False,False,False,False,False,,,0,0,0,0,0,0,0,0,0,0,0,0
4464,HappyPrinting,https://www.crunchbase.com/organization/happyprinting,The Netherlands,52.0907006,5.1215634,2017,2.0,True,False,False,False,False,True,False,False,False,False,True,False,False,True,2,1,1,1.0,0.506691,2019-07-15,2019-07-15,Seed,2019,61.0,True,True,False,False,12.0,8.0,False,False,False,False,False,False,False,False,False,False,False,False,0,0,False,False,False,True,True,True,True,True,True,True,True,False,False,False,False,1,1.0,True,True,True,True,True,False,False,False,False,False,False,True,True,194,1,True,27,3,0.1111111111111111,0.1053605156578263,0.035062214289133406,0.03506221428913354,0.03506221428913354,0.03506221428913354,0.0,0.0,0.0,0.03506221428913354,0.03506221428913354,0.03506221428913354,0.0,0.0,0.0,2.84,6.2166061010848646,False,False,False,False,False,False,,,0,0,0,0,1,1,1,1,1,1,1,1
4471,Knowork,https://www.crunchbase.com/organization/knowork,The Netherlands,52.3730796,4.8924534,2017,1.0,True,True,False,False,False,False,False,False,False,True,False,False,True,False,2,1,1,1.0,0.028084,2019-07-05,2019-07-05,Seed,2019,19.0,True,True,False,False,2.0,1.0,False,False,False,False,False,False,False,False,False,False,False,False,1,1,True,True,True,True,True,True,True,True,True,True,True,True,True,True,True,1,1.0,True,True,True,True,True,False,False,False,False,False,False,True,True,169,1,True,226,50,0.2212389380530973,0.1998658664448641,0.0,0.0,0.0,0.0,0.0,0.0,0.0,0.0,0.0,0.0,0.0,0.0,0.0,2.84,6.2166061010848646,False,False,False,False,False,False,,,1,1,1,1,1,1,1,1,1,1,1,1
4503,Eterne,https://www.crunchbase.com/organization/eterne,The Netherlands,52.0907006,5.1215634,2017,2.0,False,False,False,False,False,True,False,False,False,True,False,False,False,False,1,1,1,1.0,0.308415,2018-03-05,2018-03-05,Seed,2018,6.0,True,True,False,False,4.0,0.0,False,False,False,False,False,False,False,False,False,False,False,False,1,1,True,True,True,True,True,True,True,True,True,True,True,True,True,True,True,1,1.0,True,True,True,False,False,False,False,False,False,False,False,True,True,194,1,True,27,3,0.1111111111111111,0.1053605156578263,0.035062214289133406,0.0,0.0,0.0,0.0,0.0,0.0,0.0,0.0,0.0,0.0,0.0,0.0,2.84,5.993961427306569,False,False,False,False,False,False,,,1,1,1,1,1,1,1,1,1,1,1,1
4490,Shleep,https://www.crunchbase.com/organization/shleep,The Netherlands,52.3730796,4.8924534,2017,3.0,False,True,False,False,False,True,False,True,False,True,False,False,False,False,2,2,3,2.0,1.553622,2019-08-20,2019-10-24,Pre-Seed,2019,278.3333333333333,True,True,True,True,6.3,35.0,True,True,False,False,False,False,False,False,False,False,False,False,0,0,False,False,False,True,True,True,True,True,True,True,True,False,False,False,False,1,1.0,True,True,False,True,True,True,True,False,False,True,False,True,False,169,1,True,226,50,0.2212389380530973,0.1998658664448641,0.0,2.1975008120194635,0.03506221428913354,5.980996871032587,5.980996871032587,5.980996871032587,5.980996871032587,0.03506221428913354,0.30575278251290167,0.5764433507366697,4.3499045334172814,0.5644633757676653,6.476096304525294,2.84,6.2166061010848646,False,False,False,False,False,False,,,0,0,0,0,1,1,1,1,1,1,1,1
4207,Digital Insurance Group,https://www.crunchbase.com/organization/digital-insurance-group,The Netherlands,52.3730796,4.8924534,2017,4.0,True,True,False,False,False,False,False,False,True,False,False,False,False,False,0,1,2,2.0,0.0,2017-08-24,2017-08-24,Series A,2017,47.0,True,True,True,True,4.5,14.0,False,False,False,False,False,False,False,False,False,False,False,False,1,1,True,True,False,True,True,True,True,True,True,True,True,True,True,True,True,1,1.0,True,True,False,True,True,True,True,True,False,False,False,True,False,169,1,True,226,50,0.2212389380530973,0.1998658664448641,0.0,3.09865863122968,0.0,6.19731726245936,0.0,0.0,0.0,0.0,3.09865863122968,6.19731726245936,6.19731726245936,6.19731726245936,6.19731726245936,2.84,5.993961427306569,False,False,True,False,True,True,,,1,1,1,1,1,1,1,1,1,1,1,1
4192,MindAffect,https://www.crunchbase.com/organization/mindaffect,The Netherlands,51.8474946,5.8637771,2017,1.0,True,False,False,False,True,True,False,False,False,True,False,False,False,False,0,1,1,1.0,1.193125,2017-05-01,2017-05-01,Series A,2017,36.0,True,True,False,False,3.0,0.0,True,True,False,False,True,True,False,False,False,False,False,False,0,0,False,False,False,True,True,False,False,False,False,False,False,False,False,False,False,1,1.0,True,True,True,True,True,False,False,False,False,False,False,True,True,12,1,True,14,2,0.1428571428571428,0.1335313926245225,0.08840311608630631,0.08840311608630658,0.08840311608630658,0.08840311608630658,0.0,0.0,0.0,0.08840311608630658,0.08840311608630658,0.08840311608630658,0.0,0.0,0.0,2.84,5.993961427306569,False,False,True,False,True,True,,,0,0,0,0,0,0,0,0,0,0,1,1
4075,Salvia BioElectronics,https://www.crunchbase.com/organization/salvia-bioelectronics,The Netherlands,51.4392648,5.478633,2017,3.0,True,False,False,False,True,False,False,True,False,False,False,False,False,False,1,2,1,1.0,3.582893,2018-05-23,2019-01-31,Series A,2018,102.0,True,True,False,False,35.5,13.0,False,False,False,False,False,False,False,False,False,False,False,False,0,0,False,False,False,True,True,True,True,True,True,True,True,False,False,False,False,2,2.0,True,True,True,False,False,False,False,False,False,False,False,True,True,15,1,True,23,3,0.1304347826086956,0.1226023220923323,0.1025854152192535,0.032862855590003515,0.032862855590003515,0.032862855590003515,0.0,0.0,0.0,0.032862855590003515,0.032862855590003515,0.032862855590003515,0.0,0.0,0.0,2.84,5.993961427306569,False,True,True,True,True,True,,,0,0,0,0,2,2,2,2,2,2,2,2
4087,AxonIQ,https://www.crunchbase.com/organization/axoniq,The Netherlands,52.3730796,4.8924534,2017,2.0,True,True,False,False,False,False,False,False,False,True,False,False,False,False,0,2,1,1.0,0.0,2017-10-25,2019-05-09,Series A,2017,43.0,False,False,True,True,4.0,6.0,False,False,False,False,False,False,False,False,False,False,False,False,0,0,False,False,False,False,False,False,False,False,False,False,False,False,False,False,False,0,0.0,False,False,False,False,False,False,False,False,False,False,False,True,True,169,1,True,226,50,0.2212389380530973,0.1998658664448641,0.0,0.1672919851118628,0.1672919851118628,0.1672919851118628,0.0,0.0,0.0,0.1672919851118628,0.1672919851118628,0.1672919851118628,0.0,0.0,0.0,2.84,5.993961427306569,False,False,True,False,True,True,,,0,0,0,0,0,0,0,0,0,0,0,0
4113,C Teleport,https://www.crunchbase.com/organization/c-teleport,The Netherlands,51.9244424,4.47775,2017,1.0,True,False,False,False,True,True,False,False,False,True,False,False,False,False,1,1,1,1.0,1.365102,2018-12-18,2018-12-18,Series A,2018,16.0,True,True,False,False,3.0,3.0,True,True,False,False,False,False,False,False,False,False,False,False,0,0,False,False,False,True,True,True,True,True,True,False,False,False,False,False,False,1,1.0,True,True,True,True,True,False,False,False,False,False,False,True,True,68,2,True,31,5,0.1612903225806451,0.1495317339709637,0.05735189574909011,0.04950114150151069,0.04950114150151069,0.04950114150151069,0.0,0.0,0.0,0.04950114150151069,0.04950114150151069,0.04950114150151069,0.0,0.0,0.0,2.84,5.993961427306569,False,False,True,False,True,True,,,0,0,0,0,0,0,1,1,1,1,1,1
4116,Wundermart,https://www.crunchbase.com/organization/wundermart,The Netherlands,52.3730796,4.8924534,2017,2.0,False,True,False,False,False,True,False,False,False,True,False,False,True,False,0,1,2,2.0,0.165,2015-07-06,2015-07-06,Undisclosed,2015,3.5,True,True,True,True,9.0,1.0,False,False,False,False,True,True,False,False,False,False,False,False,1,1,True,True,False,True,True,True,True,True,True,True,True,True,True,True,True,1,1.0,True,True,False,True,True,False,False,False,False,True,False,True,True,169,1,True,226,50,0.2212389380530973,0.1998658664448641,0.0,0.2353212401388702,0.0,0.4706424802777404,0.0,0.0,0.0,0.0,0.2353212401388702,0.4706424802777404,0.4706424802777404,0.4706424802777404,0.4706424802777404,2.84,5.303304908059076,False,False,False,False,False,False,,,1,1,1,1,1,1,1,1,1,1,1,1
4127,Fourthline,https://www.crunchbase.com/organization/fourthline,The Netherlands,52.3730796,4.8924534,2017,2.0,True,True,False,False,False,False,False,False,True,True,False,False,False,False,0,1,1,0.0,3.0,2017-06-01,2017-06-01,Series B,2017,44.0,True,,False,,4.0,13.0,False,,False,,False,,False,,False,,False,,1,0,True,,True,True,,True,,True,,True,,True,,True,,1,,True,,True,True,,False,False,False,False,False,False,True,True,169,1,True,226,49,0.2168141592920354,0.1962360983942854,0.0,0.0,0.0,0.0,0.0,0.0,0.0,0.0,0.0,0.0,0.0,0.0,0.0,2.84,5.993961427306569,False,True,True,True,True,True,,,1,0,1,0,1,0,1,0,1,0,1,0
4133,Roam.ai,https://www.crunchbase.com/organization/geospark,The Netherlands,52.3730796,4.8924534,2017,2.0,True,True,False,False,False,False,False,False,False,True,False,False,False,False,0,4,3,2.0,1.77505,2017-01-01,2021-04-07,Seed,2017,66.75,True,True,False,False,3.2,5.0,True,True,True,True,True,True,False,False,False,False,False,False,4,2,True,True,True,True,True,True,True,True,True,True,True,True,True,True,True,4,2.0,True,True,True,True,True,False,False,False,False,False,False,True,True,169,1,True,226,49,0.2168141592920354,0.1962360983942854,0.0,0.0,0.0,0.0,0.0,0.0,0.0,0.0,0.0,0.0,0.0,0.0,0.0,2.84,5.993961427306569,True,False,False,True,True,True,2023-12-05,6.0,4,2,4,2,4,2,4,2,4,2,4,2
4059,PHIX,https://www.crunchbase.com/organization/phix,The Netherlands,52.2209855,6.8940537,2017,1.0,True,False,False,False,True,False,False,False,False,False,False,False,False,False,3,1,1,1.0,0.0,2020-04-15,2020-04-15,Venture - Series Unknown,2020,35.0,False,False,True,True,3.0,4.0,True,True,False,False,False,False,False,False,False,False,False,False,0,0,False,False,False,False,False,False,False,False,False,False,False,False,False,False,False,1,1.0,True,True,True,True,True,False,False,False,False,False,False,True,True,9,0,False,9,1,0.1111111111111111,0.1053605156578263,0.13715743374761244,0.13715743374761244,0.13715743374761244,0.13715743374761244,0.0,0.0,0.0,0.13715743374761244,0.13715743374761244,0.13715743374761244,0.0,0.0,0.0,2.84,6.55250788703459,False,False,True,False,True,True,,,0,0,0,0,0,0,0,0,0,0,0,0
4046,Envision,https://www.crunchbase.com/organization/envision-4,The Netherlands,52.0799838,4.3113461,2017,2.0,True,False,False,False,True,True,False,True,False,True,False,False,False,False,2,2,3,1.0,1.83338,2019-03-05,2021-05-18,Seed,2019,24.0,True,True,True,False,8.8,5.8,True,True,False,False,False,False,False,False,False,False,True,False,2,1,True,True,False,True,True,True,True,True,True,True,True,True,True,True,True,3,1.0,True,True,False,True,False,False,False,False,False,False,False,True,True,56,2,True,26,5,0.1923076923076923,0.1758906664636642,0.05127095594048748,0.30553272106990337,0.0,1.170859928339126,0.0,0.4073769614265378,1.170859928339126,0.0,0.0,0.0,0.5983440273483215,0.0,1.170859928339126,2.84,6.2166061010848646,False,False,False,False,False,False,,,2,1,2,1,2,1,2,1,3,1,3,1
4052,VIKTOR,https://www.crunchbase.com/organization/viktor-02fc,The Netherlands,51.9244424,4.47775,2017,2.0,True,False,False,False,True,False,False,False,False,True,False,False,True,False,3,1,1,1.0,2.0,2020-11-19,2020-11-19,Series A,2020,58.0,True,True,False,False,6.0,8.0,False,False,False,False,False,False,False,False,False,False,False,False,0,0,False,False,False,True,True,True,True,True,True,True,True,True,True,False,False,1,1.0,True,True,True,False,False,False,False,False,False,False,False,True,True,68,2,True,31,5,0.1612903225806451,0.1495317339709637,0.05735189574909011,0.02070965903556591,0.02070965903556591,0.02070965903556591,0.0,0.0,0.0,0.02070965903556591,0.02070965903556591,0.02070965903556591,0.0,0.0,0.0,2.84,6.55250788703459,False,False,True,False,True,True,,,0,0,1,1,1,1,1,1,1,1,1,1
4021,Chargetrip,https://www.crunchbase.com/organization/chargetrip,The Netherlands,52.3730796,4.8924534,2017,4.0,True,True,False,False,True,False,False,False,False,True,False,False,False,False,1,3,5,2.0,0.0,2018-03-22,2021-09-01,Series A,2018,76.14285714285714,False,False,True,True,5.6,8.6,True,True,True,True,True,False,False,False,False,False,True,False,0,0,False,False,False,False,False,False,False,False,False,False,False,False,False,False,False,0,0.0,False,False,False,True,True,True,True,True,False,True,False,True,False,169,1,True,226,50,0.2212389380530973,0.1998658664448641,0.0,3.4304522665729045,0.4299063858800556,11.653266123235761,0.4299063858800556,2.831069152999543,11.653266123235761,0.9192865544085557,4.928910050506309,8.938533546604061,5.434426986289143,0.0,11.963587981953546,2.84,5.993961427306569,False,False,True,False,True,True,,,0,0,0,0,0,0,0,0,0,0,0,0
4025,Factris,https://www.crunchbase.com/organization/factris,The Netherlands,52.3730796,4.8924534,2017,5.0,True,True,False,False,False,False,False,False,True,False,False,False,False,False,1,1,1,1.0,1.716216,2018-11-06,2018-11-06,Venture - Series Unknown,2018,309.0,False,False,True,True,7.0,48.0,False,False,True,True,False,False,False,False,False,False,False,False,0,0,False,False,False,False,False,False,False,False,False,False,False,False,False,False,False,0,0.0,False,False,False,True,True,False,False,False,False,True,True,True,True,169,1,True,226,50,0.2212389380530973,0.1998658664448641,0.0,0.9407887574949384,0.9407887574949384,0.9407887574949384,0.0,0.0,0.0,0.9407887574949384,0.9407887574949384,0.9407887574949384,0.0,0.0,0.0,2.84,5.993961427306569,False,False,True,False,True,True,,,0,0,0,0,0,0,0,0,0,0,0,0
4026,Convious,https://www.crunchbase.com/organization/convious,The Netherlands,52.3730796,4.8924534,2017,2.0,False,True,False,False,False,False,False,False,False,True,False,False,False,False,0,1,1,1.0,0.0,2017-12-09,2017-12-09,Series A,2017,14.0,True,True,False,False,1.0,2.0,False,False,False,False,False,False,False,False,False,False,False,False,0,0,False,False,False,True,True,True,True,False,False,False,False,False,False,False,False,1,1.0,True,True,True,False,False,False,False,False,False,False,False,True,True,169,1,True,226,50,0.2212389380530973,0.1998658664448641,0.0,0.060686043112682934,0.060686043112682934,0.060686043112682934,0.0,0.0,0.0,0.060686043112682934,0.060686043112682934,0.060686043112682934,0.0,0.0,0.0,2.84,5.993961427306569,False,False,True,False,True,True,,,0,0,0,0,0,0,0,0,1,1,1,1
4039,Appsilon Enterprise,https://www.crunchbase.com/organization/appsilon-diamond-works,The Netherlands,52.0114017,4.35839,2017,2.0,True,False,False,False,True,True,False,False,False,False,False,False,False,False,0,1,1,1.0,1.768649,2017-11-17,2017-11-17,Series B,2017,30.0,False,False,True,True,2.0,3.0,True,True,False,False,False,False,False,False,False,False,False,False,0,0,False,False,False,False,False,False,False,False,False,False,False,False,False,False,False,0,0.0,False,False,False,False,False,True,True,False,False,False,False,False,False,58,3,True,26,5,0.1923076923076923,0.1758906664636642,0.05424573977957992,2.229468834312608,2.229468834312608,2.229468834312608,0.0,0.0,0.0,2.229468834312608,2.229468834312608,2.229468834312608,0.0,0.0,0.0,2.84,5.993961427306569,False,False,True,False,True,True,,,0,0,0,0,0,0,0,0,0,0,0,0
4627,Bittiq,https://www.crunchbase.com/organization/bittiq,The Netherlands,52.0907006,5.1215634,2017,2.0,True,False,False,False,False,False,False,False,True,True,False,False,False,False,0,1,1,1.0,0.0,2017-08-28,2017-08-28,Seed,2017,6.0,True,True,False,False,3.0,0.0,False,False,False,False,False,False,False,False,False,False,False,False,1,1,True,True,True,True,True,True,True,True,True,True,True,True,True,True,True,1,1.0,True,True,True,False,False,False,False,False,False,False,False,True,True,194,1,True,27,3,0.1111111111111111,0.1053605156578263,0.035062214289133406,0.0,0.0,0.0,0.0,0.0,0.0,0.0,0.0,0.0,0.0,0.0,0.0,2.84,5.993961427306569,False,False,False,False,False,False,,,1,1,1,1,1,1,1,1,1,1,1,1
4053,Kaizo,https://www.crunchbase.com/organization/kaizo,The Netherlands,52.3730796,4.8924534,2018,2.0,True,True,False,False,True,False,False,False,False,True,False,False,False,True,2,2,5,3.0,7.0,2020-03-26,2021-06-15,Seed,2020,194.2,False,False,True,True,10.6,34.6,False,False,True,True,False,False,False,False,False,False,False,False,0,0,False,False,False,False,False,False,False,False,False,False,False,False,False,False,False,0,0.0,False,False,False,True,True,True,True,True,False,False,False,True,False,169,1,True,256,52,0.203125,0.184922338494012,0.0,5.375850750690756,0.1324984925278587,8.772086474740108,8.772086474740108,8.772086474740108,8.772086474740108,0.1324984925278587,3.1116936013245198,8.772086474740108,5.370606617582386,0.0,8.953058873364853,2.07,6.55250788703459,False,False,False,False,False,False,,,0,0,0,0,0,0,0,0,0,0,0,0
4478,reNature,https://www.crunchbase.com/organization/renature-be7b,The Netherlands,52.3730796,4.8924534,2018,2.0,True,True,False,False,True,False,True,False,False,False,False,True,False,True,0,2,3,0.0,0.6557,2014-10-07,2021-01-07,Venture - Series Unknown,2014,127.0,True,,True,,13.0,9.7,True,,False,,True,,False,,False,,False,,2,0,True,,False,True,,True,,True,,True,,True,,True,,2,,True,,False,True,,True,True,True,False,False,False,True,False,169,1,True,256,52,0.203125,0.184922338494012,0.0,2.063279182440139,0.0,6.189837547320418,0.0,2.063279182440139,6.189837547320418,0.0,0.0,0.0,4.126558364880278,0.0,6.189837547320418,2.07,5.303304908059076,False,False,True,False,True,True,,,2,0,2,0,2,0,2,0,2,0,2,0
4474,Woon Duurzaam,https://www.crunchbase.com/organization/woon-duurzaam,The Netherlands,52.3730796,4.8924534,2018,1.0,True,True,False,False,False,True,False,False,False,False,False,False,True,False,1,3,3,1.0,3.841319,2019-03-01,2022-07-07,Venture - Series Unknown,2019,79.28571428571429,True,False,True,True,17.4,3.9,True,True,False,False,True,True,False,False,False,False,False,False,3,0,True,False,False,True,False,True,False,True,False,True,False,True,False,True,False,7,2.0,True,True,True,True,False,False,False,False,False,False,False,True,True,169,1,True,256,52,0.203125,0.184922338494012,0.0,0.05014052571726048,0.0,0.1113493156957291,0.0,0.02565700972587304,0.1113493156957291,0.1113493156957291,0.1113493156957291,0.1113493156957291,0.06722924688126015,0.0,0.1196210481479976,2.07,6.2166061010848646,False,False,True,False,True,True,,,4,0,4,0,4,0,4,0,4,0,4,0
4554,Smartlockr,https://www.crunchbase.com/organization/smartlockr,The Netherlands,52.3730796,4.8924534,2018,2.0,True,True,False,False,False,False,False,False,False,True,True,False,False,False,1,1,1,1.0,0.0,2019-07-25,2019-07-25,Series A,2019,24.0,True,True,False,False,14.0,3.0,False,False,False,False,False,False,False,False,False,False,False,False,0,0,False,False,False,True,True,True,True,True,True,True,True,False,False,False,False,1,1.0,True,True,True,False,False,False,False,False,False,False,False,True,True,169,1,True,256,52,0.203125,0.184922338494012,0.0,0.03447234597272626,0.03447234597272626,0.03447234597272626,0.0,0.0,0.0,0.03447234597272626,0.03447234597272626,0.03447234597272626,0.0,0.0,0.0,2.07,6.2166061010848646,False,False,True,False,True,True,,,0,0,0,0,1,1,1,1,1,1,1,1
4552,Plotwise,https://www.crunchbase.com/organization/plotwise,The Netherlands,52.0114017,4.35839,2018,1.0,True,False,False,False,True,False,False,False,False,True,False,False,False,False,2,1,1,1.0,0.0,2020-12-20,2020-12-20,Seed,2020,11.0,True,True,False,False,3.0,1.0,True,True,False,False,False,False,False,False,False,False,False,False,1,1,True,True,True,True,True,True,True,True,True,True,True,True,True,True,True,1,1.0,True,True,True,False,False,False,False,False,False,False,False,True,True,58,3,True,30,5,0.1666666666666666,0.1541506798272582,0.05424573977957992,0.008276857520798984,0.008276857520798984,0.008276857520798984,0.0,0.0,0.0,0.008276857520798984,0.008276857520798984,0.008276857520798984,0.0,0.0,0.0,2.07,6.55250788703459,True,False,False,True,True,True,2022-04-08,4.0,1,1,1,1,1,1,1,1,1,1,1,1
4531,AllianceBlock,https://www.crunchbase.com/organization/allianceblock,The Netherlands,52.0907006,5.1215634,2018,3.0,True,False,False,False,False,False,False,False,True,True,False,False,False,True,2,1,1,0.0,0.0,2020-01-01,2020-01-01,Seed,2020,110.0,False,,True,,2.0,2.0,True,,False,,False,,False,,False,,False,,0,0,False,,False,False,,False,,False,,False,,False,,False,,0,,False,,False,False,,True,True,True,True,False,False,False,False,194,1,True,31,4,0.1290322580645161,0.1213608570042674,0.035062214289133406,8.806205852526123,8.806205852526123,8.806205852526123,8.806205852526123,8.806205852526123,8.806205852526123,0.0,0.0,0.0,0.0,0.0,0.0,2.07,6.55250788703459,False,False,False,False,False,False,,,0,0,0,0,0,0,0,0,0,0,0,0
4512,Cooper,https://www.crunchbase.com/organization/cooper-92e2,The Netherlands,52.3730796,4.8924534,2018,3.0,True,True,False,False,False,False,False,False,False,True,False,False,False,False,2,1,3,1.0,2.0,2020-11-17,2020-11-17,Seed,2020,183.33333333333337,False,False,True,True,8.3,62.7,False,False,True,False,False,False,False,False,True,False,True,True,0,0,False,False,False,False,False,False,False,False,False,False,False,False,False,False,False,0,0.0,False,False,False,True,False,True,True,True,False,False,False,True,False,169,1,True,256,52,0.203125,0.184922338494012,0.0,5.967706096781071,0.35894534086299357,8.772086474740108,0.35894534086299357,4.565515907801552,8.772086474740108,8.772086474740108,8.772086474740108,8.772086474740108,5.744475558384984,0.0,8.616713337577476,2.07,6.55250788703459,False,False,False,False,False,False,,,0,0,0,0,0,0,0,0,0,0,0,0
4488,Winc Academy,https://www.crunchbase.com/organization/winc-academy,The Netherlands,52.3730796,4.8924534,2018,3.0,False,True,False,False,True,True,False,False,False,True,False,False,False,False,1,2,4,3.0,3.0,2019-07-02,2022-01-12,Seed,2019,24.6,True,True,True,True,4.3,1.0,True,True,True,True,False,False,False,False,False,False,False,False,3,2,True,True,False,True,True,True,True,True,True,True,True,True,True,True,True,5,3.0,True,True,True,True,True,False,False,False,False,False,False,True,True,169,1,True,256,52,0.203125,0.184922338494012,0.0,0.055047893988511135,0.0,0.13761973497127783,0.0,0.06880986748563891,0.13761973497127783,0.0,0.04587324499042594,0.13761973497127783,0.0825718409827667,0.0,0.13761973497127783,2.07,6.2166061010848646,False,False,False,False,False,False,,,3,2,3,2,3,2,3,2,3,2,3,2
4456,Airchip,https://www.crunchbase.com/organization/airchip,The Netherlands,52.3730796,4.8924534,2018,2.0,False,True,False,False,False,True,False,False,False,False,False,False,False,False,1,1,1,1.0,0.332339,2019-07-17,2019-07-17,Seed,2019,47.0,True,True,False,False,1.0,0.0,False,False,False,False,False,False,False,False,False,False,False,False,1,1,True,True,True,True,True,True,True,True,True,True,True,True,True,True,True,1,1.0,True,True,True,True,True,False,False,False,False,False,False,True,True,169,1,True,256,52,0.203125,0.184922338494012,0.0,0.0,0.0,0.0,0.0,0.0,0.0,0.0,0.0,0.0,0.0,0.0,0.0,2.07,6.2166061010848646,False,False,False,False,False,False,,,1,1,1,1,1,1,1,1,1,1,1,1
4431,ModelMe3D,https://www.crunchbase.com/organization/modelme3d,The Netherlands,52.3730796,4.8924534,2018,2.0,True,True,False,False,False,False,False,False,False,True,False,False,False,False,1,2,2,2.0,0.0,2019-03-04,2020-03-05,Pre-Seed,2019,16.0,True,True,True,True,23.5,264.5,False,False,True,True,True,True,False,False,False,False,False,False,0,0,False,False,False,True,True,True,True,False,False,False,False,False,False,False,False,1,1.0,True,True,False,False,False,True,True,True,False,False,False,True,False,169,1,True,256,52,0.203125,0.184922338494012,0.0,3.8969014921057177,0.05127095594048744,7.742532028270947,0.0,0.0,0.0,0.05127095594048744,3.8969014921057177,7.742532028270947,7.732965863796111,7.732965863796111,7.732965863796111,2.07,6.2166061010848646,False,False,False,False,False,False,,,0,0,0,0,0,0,0,0,1,1,1,1
4397,VIRPP,https://www.crunchbase.com/organization/virpp,The Netherlands,52.3730796,4.8924534,2018,3.0,False,True,False,False,False,True,False,False,False,False,True,False,False,False,1,1,2,1.0,0.0,2019-02-25,2019-02-25,Pre-Seed,2019,15.0,True,True,False,False,7.0,1.0,True,True,False,False,False,False,False,False,False,False,False,False,0,0,False,False,False,True,True,True,True,False,False,False,False,False,False,False,False,2,1.0,True,True,True,False,False,False,False,False,False,False,False,True,True,169,1,True,256,52,0.203125,0.184922338494012,0.0,0.06642948388310782,0.06642948388310782,0.06642948388310782,0.06642948388310782,0.06642948388310782,0.06642948388310782,0.06642948388310782,0.06642948388310782,0.06642948388310782,0.0,0.0,0.0,2.07,6.2166061010848646,False,False,False,False,False,False,,,0,0,0,0,0,0,0,0,2,1,2,1
4168,Ellipsis Drive,https://www.crunchbase.com/organization/ellipsis-drive,The Netherlands,52.0716825,5.7455106,2018,3.0,True,False,False,False,False,False,False,False,False,True,False,False,False,False,2,2,3,1.0,2.3175,2020-06-08,2021-02-10,Seed,2020,134.5,False,False,True,True,11.0,283.5,False,False,True,True,True,True,False,False,False,False,False,False,0,0,False,False,False,False,False,False,False,False,False,False,False,False,False,False,False,0,0.0,False,False,False,False,False,True,True,True,False,False,False,True,False,38,1,True,2,1,0.5,0.4054651081081644,0.06707963724880525,5.925451412648905,0.27619336765179797,7.80853742764794,0.27619336765179797,5.297756074315893,7.80853742764794,7.80853742764794,7.80853742764794,7.80853742764794,4.004737082422838,0.0,8.009474164845676,2.07,6.55250788703459,False,False,False,False,False,False,,,0,0,0,0,0,0,0,0,0,0,0,0
4174,Voyc,https://www.crunchbase.com/organization/voyc-ai,The Netherlands,52.3730796,4.8924534,2018,2.0,True,True,False,False,True,False,False,False,True,False,False,False,False,False,0,1,2,0.0,0.0,2018-09-13,2018-09-13,Seed,2018,218.0,False,,True,,6.5,281.5,False,,True,,True,,False,,False,,True,,0,0,False,,False,False,,False,,False,,False,,False,,False,,0,,False,,False,False,,True,True,True,True,False,False,False,False,169,1,True,256,52,0.203125,0.184922338494012,0.0,8.257309251505529,7.742532028270947,8.772086474740108,7.742532028270947,8.257309251505529,8.772086474740108,0.0,0.0,0.0,1.5022976628921332,1.5022976628921332,1.5022976628921332,2.07,5.993961427306569,False,False,False,False,False,False,,,0,0,0,0,0,0,0,0,0,0,0,0
4176,CtrlChain,https://www.crunchbase.com/organization/chaincargo,The Netherlands,51.4392648,5.478633,2018,2.0,True,False,False,False,True,False,False,False,False,False,False,True,False,True,1,2,2,1.0,2.635084,2019-10-01,2021-10-01,Seed,2019,59.0,True,True,False,False,37.0,7.5,False,False,False,False,False,False,False,False,False,False,False,False,0,0,False,False,False,True,True,True,True,True,True,True,True,False,False,False,False,2,1.0,True,True,True,False,False,False,False,False,False,False,False,True,True,15,1,True,26,4,0.1538461538461538,0.1431008436406733,0.1025854152192535,0.032862855590003515,0.032862855590003515,0.032862855590003515,0.032862855590003515,0.032862855590003515,0.032862855590003515,0.032862855590003515,0.032862855590003515,0.032862855590003515,0.0,0.0,0.0,2.07,6.2166061010848646,False,False,False,False,False,False,,,0,0,0,0,2,1,2,1,2,1,2,1
4384,RapidPricer B.V.,https://www.crunchbase.com/organization/rapidpricer,The Netherlands,52.3730796,4.8924534,2018,2.0,True,True,False,False,True,True,False,False,False,True,False,False,False,False,0,1,2,0.0,0.0,2018-10-10,2018-10-10,Pre-Seed,2018,51.0,False,,True,,1.0,3.0,True,,False,,True,,False,,False,,False,,0,0,False,,False,False,,False,,False,,False,,False,,False,,0,,False,,False,False,,True,True,True,False,False,False,False,False,169,1,True,256,52,0.203125,0.184922338494012,0.0,6.033880117131929,3.29567375952375,8.772086474740108,3.29567375952375,6.033880117131929,8.772086474740108,0.0,0.0,0.0,11.894855184082157,11.894855184082157,11.894855184082157,2.07,5.993961427306569,False,False,False,False,False,False,,,0,0,0,0,0,0,0,0,0,0,0,0
4315,Finturi,https://www.crunchbase.com/organization/finturi,The Netherlands,52.0799838,4.3113461,2018,1.0,True,False,False,False,True,False,False,False,True,True,False,False,False,False,1,1,1,1.0,2.251781,2019-03-11,2019-03-11,Seed,2019,6.0,True,True,False,False,3.0,0.0,False,False,False,False,False,False,False,False,False,False,False,False,1,1,True,True,True,True,True,True,True,True,True,True,True,True,True,True,True,1,1.0,True,True,True,False,False,False,False,False,False,False,False,True,True,56,2,True,30,6,0.2,0.1823215567939546,0.05127095594048748,0.0,0.0,0.0,0.0,0.0,0.0,0.0,0.0,0.0,0.0,0.0,0.0,2.07,6.2166061010848646,False,False,False,False,False,False,,,1,1,1,1,1,1,1,1,1,1,1,1
4229,Overstory,https://www.crunchbase.com/organization/overstoryai,The Netherlands,52.3730796,4.8924534,2018,2.0,True,True,False,False,True,False,False,False,True,True,False,False,False,False,1,4,15,5.0,10.946997,2019-03-04,2022-11-10,Series A,2019,42.31818181818182,True,True,True,True,4.3,48.5,True,True,True,True,True,True,False,False,True,False,True,False,2,1,True,True,False,True,True,True,True,True,True,True,True,True,True,True,True,2,1.0,True,True,False,True,True,True,True,True,False,False,False,True,False,169,1,True,256,52,0.203125,0.184922338494012,0.0,5.73175655945394,0.0,8.961324954706383,0.0,5.875561729675243,8.961324954706383,0.0,5.185296912612985,8.772086474740108,4.515918425278102,0.0,9.144482097052881,2.07,6.2166061010848646,False,False,True,False,True,True,,,2,1,2,1,2,1,2,1,2,1,2,1
4193,Pieter Pot,https://www.crunchbase.com/organization/pieter-pot,The Netherlands,51.9244424,4.47775,2018,3.0,False,False,False,False,True,True,True,False,False,False,False,False,False,False,2,1,3,0.0,3.195667,2020-11-13,2020-11-13,Equity Crowdfunding,2020,38.666666666666664,True,,False,,6.7,3.3,True,,False,,False,,False,,False,,False,,0,0,False,,False,True,,True,,True,,True,,True,,False,,3,,True,,True,True,,False,False,False,False,False,False,True,True,68,2,True,33,5,0.1515151515151515,0.1410785982599055,0.05735189574909011,0.030306819857547504,0.02070965903556591,0.04950114150151069,0.02070965903556591,0.030306819857547504,0.04950114150151069,0.0,0.0,0.0,0.02989641063024976,0.0,0.04484461594537464,2.07,6.55250788703459,False,False,False,False,False,False,,,0,0,2,0,2,0,3,0,3,0,3,0
4191,Neurolytics,https://www.crunchbase.com/organization/neurolytics,The Netherlands,52.0907006,5.1215634,2018,2.0,True,False,False,False,True,True,False,True,False,True,False,False,False,False,0,2,3,3.0,0.539897,2018-07-18,2023-01-18,Seed,2018,8.0,True,True,False,False,3.5,0.0,False,False,False,False,False,False,False,False,False,False,False,False,2,2,True,True,False,True,True,True,True,True,True,True,True,True,True,True,True,3,3.0,True,True,True,True,True,False,False,False,False,False,False,True,True,194,1,True,31,4,0.1290322580645161,0.1213608570042674,0.035062214289133406,0.011687404763044511,0.0,0.03506221428913354,0.0,0.0,0.0,0.0,0.011687404763044511,0.03506221428913354,0.023374809526089023,0.0,0.03506221428913354,2.07,5.993961427306569,False,False,False,False,False,False,,,2,2,2,2,3,3,3,3,3,3,3,3
4418,Eden Advanced Technologies,https://www.crunchbase.com/organization/eden-advanced-technologies,The Netherlands,52.2209855,6.8940537,2018,4.0,False,False,False,False,False,False,True,False,False,False,False,False,False,False,2,1,1,1.0,0.021981,2020-01-15,2020-01-15,Pre-Seed,2020,2.0,True,True,False,False,4.0,0.0,False,False,False,False,False,False,False,False,False,False,False,False,1,1,True,True,True,True,True,True,True,True,True,True,True,True,True,True,True,1,1.0,True,True,True,False,False,False,False,False,False,False,False,True,True,9,0,False,11,1,0.0909090909090909,0.0870113769896297,0.13715743374761244,0.0,0.0,0.0,0.0,0.0,0.0,0.0,0.0,0.0,0.0,0.0,0.0,2.07,6.55250788703459,False,False,False,False,False,False,,,1,1,1,1,1,1,1,1,1,1,1,1
4603,Vormats,https://www.crunchbase.com/organization/vormats,The Netherlands,52.3730796,4.8924534,2018,2.0,False,True,False,False,False,False,False,False,False,False,False,False,False,False,2,1,4,0.0,0.0,2020-01-01,2020-01-01,Seed,2020,9.75,True,,False,,4.5,0.5,False,,False,,False,,True,,False,,False,,3,0,True,,False,True,,True,,True,,True,,True,,True,,4,,True,,True,True,,False,False,False,False,False,False,True,True,169,1,True,256,52,0.203125,0.184922338494012,0.0,0.01281773898512186,0.0,0.05127095594048744,0.0,0.01281773898512186,0.05127095594048744,0.0,0.0,0.0,0.025635477970243715,0.0,0.05127095594048744,2.07,6.55250788703459,False,False,False,False,False,False,,,3,0,3,0,3,0,3,0,4,0,4,0
4640,NeoSound Intelligence,https://www.crunchbase.com/organization/neosound,The Netherlands,52.3730796,4.8924534,2018,2.0,True,True,False,False,True,False,False,False,False,True,False,False,False,False,0,2,2,0.0,0.0,2016-12-09,2018-10-03,Seed,2016,236.0,False,,True,,2.0,7.0,False,,True,,True,,False,,False,,False,,0,0,False,,False,False,,False,,False,,False,,False,,False,,0,,False,,False,True,,True,True,False,False,False,False,True,False,169,1,True,256,52,0.203125,0.184922338494012,0.0,2.3764012441930222,1.4571287288622956,3.29567375952375,1.4571287288622956,2.3764012441930222,3.29567375952375,0.0,0.0,0.0,3.131580892653169,3.131580892653169,3.131580892653169,2.07,5.303304908059076,False,False,False,False,False,False,,,0,0,0,0,0,0,0,0,0,0,0,0
4608,FloatScans,https://www.crunchbase.com/organization/floatscans,The Netherlands,52.3730796,4.8924534,2018,1.0,True,True,False,False,False,False,False,False,False,True,True,False,False,False,2,1,1,0.0,0.0,2020-06-27,2020-06-27,Seed,2020,27.0,True,,False,,3.0,3.0,True,,False,,False,,False,,False,,False,,1,0,True,,True,True,,True,,True,,True,,True,,True,,1,,True,,True,True,,False,False,False,False,False,False,True,True,169,1,True,256,52,0.203125,0.184922338494012,0.0,0.00812344441187767,0.00812344441187767,0.00812344441187767,0.00812344441187767,0.00812344441187767,0.00812344441187767,0.0,0.0,0.0,0.0,0.0,0.0,2.07,6.55250788703459,False,False,False,False,False,False,,,1,0,1,0,1,0,1,0,1,0,1,0
4686,MyLADS,https://www.crunchbase.com/organization/bbox-sports,The Netherlands,52.3730796,4.8924534,2018,3.0,False,True,False,False,False,True,False,False,False,False,False,False,False,False,0,1,1,1.0,0.0,2018-06-02,2018-06-02,Pre-Seed,2018,211.0,True,True,False,False,7.0,13.0,True,True,True,True,True,True,False,False,False,False,False,False,1,1,True,True,True,True,True,True,True,True,True,True,True,True,True,True,True,1,1.0,True,True,True,True,True,False,False,False,False,False,False,True,True,169,1,True,256,52,0.203125,0.184922338494012,0.0,0.0,0.0,0.0,0.0,0.0,0.0,0.0,0.0,0.0,0.0,0.0,0.0,2.07,5.993961427306569,False,False,False,False,False,False,,,1,1,1,1,1,1,1,1,1,1,1,1
4005,Sensity,https://www.crunchbase.com/organization/deeptrace,The Netherlands,52.3730796,4.8924534,2018,2.0,True,True,False,False,True,False,False,True,False,True,False,False,False,False,1,2,4,1.0,0.802156,2019-03-01,2020-01-01,Seed,2019,131.25,False,False,True,True,12.5,46.0,False,False,True,True,True,True,False,False,False,False,True,False,0,0,False,False,False,False,False,False,False,False,False,False,False,False,False,False,False,0,0.0,False,False,False,True,False,True,True,True,False,False,False,True,False,169,1,True,256,52,0.203125,0.184922338494012,0.0,3.1021609756441593,0.3251645795704567,5.862266991071594,0.3251645795704567,2.182125637168348,5.862266991071594,5.862266991071594,5.862266991071594,5.862266991071594,3.7242599865398818,0.0,5.569791902778005,2.07,6.2166061010848646,False,False,False,False,False,False,,,0,0,0,0,0,0,0,0,0,0,0,0
3983,Meatable,https://www.crunchbase.com/organization/meatable,The Netherlands,52.1594747,4.4908843,2018,3.0,False,False,False,False,False,False,True,False,False,False,False,False,False,False,0,2,5,1.0,10.5,2018-10-01,2019-12-06,Venture - Series Unknown,2018,45.5,False,False,True,True,2.0,3.0,True,True,True,True,False,False,False,False,False,False,False,False,0,0,False,False,False,False,False,False,False,False,False,False,False,False,False,False,False,0,0.0,False,False,False,True,True,False,False,False,False,True,False,True,True,200,2,True,13,5,0.3846153846153846,0.3254224004346279,0.036206397071092675,0.4573629780840376,0.20115130480282983,0.6061275319270996,0.20115130480282983,0.38298070116250665,0.6061275319270996,0.6061275319270996,0.6061275319270996,0.6061275319270996,0.5359002072518484,0.0,0.9326577677712301,2.07,5.993961427306569,False,True,True,True,True,True,,,0,0,0,0,0,0,0,0,0,0,0,0
3988,Innatera,https://www.crunchbase.com/organization/innatera-nanosystems,The Netherlands,52.0114017,4.35839,2018,2.0,True,False,False,False,True,False,False,False,False,True,False,False,False,False,2,1,2,2.0,5.959476,2020-11-25,2020-11-25,Series A,2020,33.0,False,False,True,True,8.0,6.5,True,True,False,False,False,False,False,False,False,False,False,False,0,0,False,False,False,False,False,False,False,False,False,False,False,False,False,False,False,0,0.0,False,False,False,True,True,False,False,False,False,True,True,True,True,58,3,True,30,6,0.2,0.1823215567939546,0.05424573977957992,0.6709033484929449,0.6709033484929449,0.6709033484929449,0.0,0.0,0.0,0.6709033484929449,0.6709033484929449,0.6709033484929449,0.0,0.0,0.0,2.07,6.55250788703459,False,False,True,False,True,True,,,0,0,0,0,0,0,0,0,0,0,0,0
3993,Lepaya,https://www.crunchbase.com/organization/lepaya,The Netherlands,52.3730796,4.8924534,2018,2.0,True,True,False,False,False,True,False,False,False,False,False,False,False,False,0,1,1,1.0,1.023052,2018-07-05,2018-07-05,Series C,2018,12.0,True,True,False,False,3.0,3.0,False,False,False,False,False,False,False,False,False,False,False,False,1,1,True,True,True,True,True,True,True,True,True,True,True,True,True,True,True,1,1.0,True,True,True,True,True,False,False,False,False,False,False,True,True,169,1,True,256,51,0.19921875,0.1816703031076346,0.0,0.0,0.0,0.0,0.0,0.0,0.0,0.0,0.0,0.0,0.0,0.0,0.0,2.07,5.993961427306569,False,True,True,True,True,True,,,1,1,1,1,1,1,1,1,1,1,1,1
3990,MODIFI,https://www.crunchbase.com/organization/modifi-eed5,The Netherlands,52.3730796,4.8924534,2018,3.0,True,True,False,False,False,False,False,False,True,False,False,False,False,False,0,1,1,0.0,3.397508,2018-11-15,2018-11-15,Series C,2018,698.0,False,,True,,5.0,104.0,False,,False,,False,,False,,False,,False,,0,0,False,,False,False,,False,,False,,False,,False,,False,,0,,False,,False,True,,False,False,False,False,True,True,True,True,169,1,True,256,51,0.19921875,0.1816703031076346,0.0,0.5764433507366697,0.5764433507366697,0.5764433507366697,0.5764433507366697,0.5764433507366697,0.5764433507366697,0.0,0.0,0.0,0.0,0.0,0.0,2.07,5.993961427306569,False,True,True,True,True,True,,,0,0,0,0,0,0,0,0,0,0,0,0
4154,Dyme,https://www.crunchbase.com/organization/dyme,The Netherlands,52.3730796,4.8924534,2018,5.0,False,True,False,False,False,False,False,False,True,True,False,False,False,False,0,2,3,2.0,0.665143,2018-11-06,2019-08-28,Venture - Series Unknown,2018,42.333333333333336,True,True,False,False,4.7,3.0,False,False,False,False,False,False,False,False,False,False,False,False,3,2,True,True,True,True,True,True,True,True,True,True,True,True,True,True,True,3,2.0,True,True,True,True,True,False,False,False,False,False,False,True,True,169,1,True,256,52,0.203125,0.184922338494012,0.0,0.0,0.0,0.0,0.0,0.0,0.0,0.0,0.0,0.0,0.0,0.0,0.0,2.07,5.993961427306569,False,False,True,False,True,True,,,3,2,3,2,3,2,3,2,3,2,3,2
4118,Equalture,https://www.crunchbase.com/organization/equalture,The Netherlands,51.9244424,4.47775,2018,1.0,True,False,False,False,True,False,False,False,False,True,False,False,False,False,2,1,2,0.0,1.08385,2020-02-17,2020-02-17,Venture - Series Unknown,2020,37.5,True,,False,,3.5,4.0,True,,False,,False,,False,,False,,False,,0,0,False,,False,True,,True,,True,,True,,True,,False,,2,,True,,True,False,,False,False,False,False,False,False,True,True,68,2,True,33,5,0.1515151515151515,0.1410785982599055,0.05735189574909011,0.02070965903556591,0.02070965903556591,0.02070965903556591,0.02070965903556591,0.02070965903556591,0.02070965903556591,0.0,0.0,0.0,0.0,0.0,0.0,2.07,6.55250788703459,False,False,True,False,True,True,,,0,0,2,0,2,0,2,0,2,0,2,0
4115,Dusk,https://www.crunchbase.com/organization/dusk-network,The Netherlands,52.3730796,4.8924534,2018,3.0,True,True,False,False,False,False,False,False,True,False,False,False,False,False,0,3,3,0.0,0.0,2015-07-20,2018-12-06,Venture - Series Unknown,2015,37.333333333333336,True,,True,,1.7,0.7,True,,False,,False,,False,,False,,False,,1,0,True,,False,True,,True,,True,,True,,True,,True,,1,,True,,False,True,,True,True,True,False,True,False,True,False,169,1,True,256,52,0.203125,0.184922338494012,0.0,2.8460166968992113,0.0,8.17361362526254,0.0,2.8460166968992113,8.17361362526254,0.0,0.0,0.0,5.688650655970358,0.3644364654350947,8.527901877213441,2.07,5.303304908059076,False,False,True,False,True,True,,,1,0,1,0,1,0,1,0,1,0,1,0
4147,AMMP Technologies,https://www.crunchbase.com/organization/ammp-technologies,The Netherlands,52.3730796,4.8924534,2018,3.0,True,True,True,False,True,False,False,False,False,True,False,True,False,False,1,2,4,1.0,1.359182,2019-05-13,2020-09-07,Seed,2019,134.25,True,False,True,True,7.2,17.8,True,False,True,False,True,False,True,False,False,False,False,False,1,0,True,False,False,True,False,True,False,True,False,True,False,True,False,True,False,1,0.0,True,False,False,True,True,True,True,True,False,True,False,True,False,169,1,True,256,52,0.203125,0.184922338494012,0.0,3.958906933094845,0.0,9.396917390571115,0.0,5.0863947938809035,9.396917390571115,0.5764433507366697,0.5764433507366697,0.5764433507366697,7.324344339048129,0.5764433507366697,12.392472687874157,2.07,6.2166061010848646,False,False,False,False,False,False,,,1,0,1,0,1,0,1,0,1,0,1,0
4145,Packaly,https://www.crunchbase.com/organization/packaly,The Netherlands,52.3730796,4.8924534,2018,5.0,True,True,False,False,True,True,False,False,False,True,False,True,False,False,1,3,3,3.0,2.822704,2019-09-16,2022-03-09,Seed,2019,3.3333333333333335,True,True,True,True,2.0,0.3,False,False,False,False,False,False,False,False,False,False,False,False,0,0,False,False,False,True,True,True,True,True,True,True,True,False,False,False,False,3,3.0,True,True,True,False,False,False,False,False,False,False,False,True,True,169,1,True,256,52,0.203125,0.184922338494012,0.0,0.08284984673316764,0.03620639707109271,0.1202724366839159,0.0,0.0,0.0,0.03620639707109271,0.08284984673316764,0.1202724366839159,0.09988081611385051,0.03060051421673001,0.14948947460399037,2.07,6.2166061010848646,False,False,False,False,False,False,,,0,0,0,0,1,1,1,1,1,1,2,2
4070,Userguest.com,https://www.crunchbase.com/organization/userguest-com,The Netherlands,52.3730796,4.8924534,2018,3.0,True,True,False,False,False,True,False,False,False,True,True,False,False,False,2,3,6,1.0,2.42227,2020-05-27,2024-09-11,Seed,2020,21.714285714285715,False,False,True,True,3.6,0.6,False,False,False,False,True,False,False,False,False,False,False,False,0,0,False,False,False,False,False,False,False,False,False,False,False,False,False,False,False,0,0.0,False,False,False,False,False,True,True,False,False,False,False,False,False,169,1,True,256,52,0.203125,0.184922338494012,0.0,3.348561473769695,2.2453132894708148,9.535828326372348,2.2453132894708148,3.520720366513784,9.535828326372348,2.315608117305161,2.315608117305161,2.315608117305161,2.669591208949651,0.0,9.12714621634859,2.07,6.55250788703459,False,False,False,False,False,False,,,0,0,0,0,0,0,0,0,0,0,0,0
4063,Blue Sky Analytics,https://www.crunchbase.com/organization/breezo,The Netherlands,52.0799838,4.3113461,2018,2.0,True,False,False,False,True,False,False,False,False,True,False,False,False,False,2,2,3,3.0,1.2,2020-07-08,2020-12-14,Seed,2020,250.0,False,False,True,True,24.3,63.3,False,False,True,True,False,False,False,False,False,False,False,False,0,0,False,False,False,False,False,False,False,False,False,False,False,False,False,False,False,0,0.0,False,False,False,False,False,True,True,True,False,False,False,False,False,56,2,True,30,6,0.2,0.1823215567939546,0.05127095594048748,8.147158434079234,6.164544095890117,10.543725438936026,0.0,0.0,0.0,6.164544095890117,8.147158434079234,10.543725438936026,10.796740293780212,3.170282561683828,15.545831542912016,2.07,6.55250788703459,False,False,False,False,False,False,,,0,0,0,0,0,0,0,0,0,0,0,0
4068,Azafaros,https://www.crunchbase.com/organization/azafaros,The Netherlands,52.1594747,4.4908843,2018,1.0,True,False,False,False,True,False,False,True,False,False,False,False,False,False,0,1,1,1.0,0.0,2018-07-23,2018-07-23,Series A,2018,42.0,True,True,False,False,12.0,9.0,True,True,False,False,False,False,False,False,True,True,False,False,0,0,False,False,False,True,True,True,True,True,True,False,False,False,False,False,False,1,1.0,True,True,True,False,False,False,False,False,False,False,False,True,True,200,2,True,13,6,0.4615384615384615,0.3794896217049037,0.036206397071092675,0.048244186971472536,0.048244186971472536,0.048244186971472536,0.0,0.0,0.0,0.048244186971472536,0.048244186971472536,0.048244186971472536,0.0,0.0,0.0,2.07,5.993961427306569,False,False,True,False,True,True,,,0,0,0,0,0,0,1,1,1,1,1,1
4076,Flow,https://www.crunchbase.com/organization/flow-your-money,The Netherlands,52.3730796,4.8924534,2018,3.0,True,True,False,False,False,False,False,False,True,True,False,False,False,False,1,2,4,1.0,3.797533,2019-10-17,2022-04-20,Seed,2019,51.25,False,False,True,True,17.7,1.8,True,True,False,False,False,False,False,False,False,False,False,False,0,0,False,False,False,False,False,False,False,False,False,False,False,False,False,False,False,2,0.0,True,False,False,False,False,False,False,False,False,False,False,True,True,169,1,True,256,52,0.203125,0.184922338494012,0.0,0.6760664412843131,0.13715743374761244,1.7442830290182145,0.13715743374761244,0.1419581474173624,0.1467588610871124,1.7442830290182145,1.7442830290182145,1.7442830290182145,1.1455190968389164,0.1131327919190004,1.702927598017485,2.07,6.2166061010848646,False,False,False,False,False,False,,,0,0,0,0,0,0,0,0,0,0,0,0
4108,Kepler Vision Technologies,https://www.crunchbase.com/organization/kepler-vision-technologies,The Netherlands,52.3730796,4.8924534,2018,1.0,True,True,False,False,True,False,False,False,False,True,False,False,False,False,0,2,1,1.0,3.217111,2018-04-06,2020-07-01,Venture - Series Unknown,2018,11.0,True,True,False,False,27.0,2.0,False,False,False,False,False,False,False,False,False,False,False,False,2,1,True,True,True,True,True,True,True,True,True,True,True,True,True,True,True,2,1.0,True,True,True,True,True,False,False,False,False,False,False,True,True,169,1,True,256,52,0.203125,0.184922338494012,0.0,0.0,0.0,0.0,0.0,0.0,0.0,0.0,0.0,0.0,0.0,0.0,0.0,2.07,5.993961427306569,False,False,True,False,True,True,,,2,1,2,1,2,1,2,1,2,1,2,1
4097,Cleara Biotech,https://www.crunchbase.com/organization/cleara-biotech,The Netherlands,52.0907006,5.1215634,2018,4.0,True,False,False,False,True,False,False,True,False,False,False,False,False,False,0,3,5,1.0,2.5,2018-07-06,2022-09-22,Seed,2018,20.0,True,False,True,True,2.9,16.4,True,True,True,False,False,False,False,False,True,False,False,False,1,0,True,False,False,True,False,True,False,True,False,True,False,True,False,True,False,1,0.0,True,False,False,True,True,True,True,True,False,True,False,True,False,194,1,True,31,4,0.1290322580645161,0.1213608570042674,0.035062214289133406,4.093271915805756,0.0,7.411304349412733,0.0,5.584289697651835,7.411304349412733,0.36572746119055843,0.36572746119055843,0.36572746119055843,4.485910018679003,0.0,7.686163900364493,2.07,5.993961427306569,False,False,False,False,False,False,,,1,0,1,0,1,0,1,0,1,0,1,0
3969,TestGorilla,https://www.crunchbase.com/organization/testgorilla,The Netherlands,52.3730796,4.8924534,2019,2.0,True,True,False,False,True,False,False,False,False,True,False,False,False,False,1,2,5,2.0,10.0,2020-11-18,2021-07-01,Series A,2020,110.16666666666669,True,True,True,True,10.2,25.5,True,True,True,True,False,False,False,False,False,False,False,False,2,1,True,True,False,True,True,True,True,True,True,True,True,True,True,True,True,2,1.0,True,True,False,True,True,True,True,True,False,False,False,True,False,169,1,True,291,59,0.2027491408934708,0.1846098873119668,0.0,3.062628801332455,0.0,8.79316581521307,0.0,4.504206866782933,8.79316581521307,0.0,0.17947267043149678,0.35894534086299357,4.820636498601136,0.0,8.971821892940431,1.81,6.55250788703459,False,True,True,True,True,True,,,2,1,2,1,2,1,2,1,2,1,2,1
4041,Payaut,https://www.crunchbase.com/organization/payaut,The Netherlands,52.3730796,4.8924534,2019,1.0,True,True,False,False,False,False,False,False,True,False,False,False,False,False,1,3,5,2.0,11.864702,2020-07-07,2022-04-13,Seed,2020,164.44444444444446,True,False,True,True,6.0,38.7,False,False,True,True,False,False,False,False,True,True,False,False,2,0,True,False,False,True,False,True,False,True,False,True,False,True,False,True,False,2,0.0,True,False,False,True,True,True,True,True,False,False,False,True,False,169,1,True,291,59,0.2027491408934708,0.1846098873119668,0.0,2.8013729434574106,0.0,8.772086474740108,0.0,2.297332096501942,8.772086474740108,0.35894534086299357,4.565515907801552,8.772086474740108,4.751224425714614,0.0,11.894855184082157,1.81,6.55250788703459,True,False,False,True,True,True,2024-09-24,5.0,2,0,2,0,2,0,2,0,2,0,2,0
3966,Gradyent,https://www.crunchbase.com/organization/gradyent,The Netherlands,52.0907006,5.1215634,2019,3.0,True,False,False,False,True,False,False,False,False,True,False,False,False,False,1,1,3,0.0,2.140635,2020-06-16,2020-06-16,Series B,2020,33.0,True,,True,,10.3,10.7,True,,False,,False,,False,,False,,True,,0,0,False,,False,True,,True,,False,,False,,False,,False,,1,,True,,False,True,,False,False,False,False,False,False,True,True,194,1,True,34,4,0.1176470588235294,0.1112256351102243,0.035062214289133406,0.5684280891314414,0.05537293633615812,1.5120902767264697,0.05537293633615812,0.5684280891314414,1.5120902767264697,0.0,0.0,0.0,1.1059631355053094,0.13622198430934362,1.6287930751196384,1.81,6.55250788703459,False,True,True,True,True,True,,,0,0,0,0,0,0,0,0,1,0,1,0
3959,Weaviate,https://www.crunchbase.com/organization/weaviate,The Netherlands,52.3730796,4.8924534,2019,3.0,True,True,False,False,True,False,False,False,False,True,False,False,False,False,1,1,2,1.0,1.2,2020-08-01,2020-08-01,Series B,2020,46.5,True,False,True,True,4.5,10.0,True,True,True,True,False,False,False,False,False,False,True,False,1,0,True,False,False,True,False,True,False,True,False,True,False,True,False,True,False,1,0.0,True,False,False,True,False,True,True,True,False,False,False,True,False,169,1,True,291,59,0.2027491408934708,0.1846098873119668,0.0,4.386043237370054,0.0,8.772086474740108,0.0,0.0,0.0,8.772086474740108,8.772086474740108,8.772086474740108,8.772086474740108,8.772086474740108,8.772086474740108,1.81,6.55250788703459,False,True,True,True,True,True,,,1,0,1,0,1,0,1,0,1,0,1,0
4049,Stack,https://www.crunchbase.com/organization/stack-7bea,The Netherlands,52.3730796,4.8924534,2019,5.0,True,True,False,False,False,False,False,False,False,True,False,False,False,False,1,2,7,3.0,2.35,2020-12-14,2021-07-01,Series A,2020,121.28571428571428,True,True,True,True,7.2,58.1,True,True,True,True,True,True,True,True,True,True,True,False,1,1,True,True,False,True,True,True,True,True,True,True,True,True,True,True,True,1,1.0,True,True,False,True,True,True,True,True,False,True,False,True,False,169,1,True,291,60,0.2061855670103092,0.1874629562943732,0.0,2.7117833982797364,0.0,9.280038332170937,0.35894534086299357,2.4691474721522226,9.280038332170937,0.0,3.1161766084922595,8.772086474740108,4.815383180165454,0.0,11.099267718043876,1.81,6.55250788703459,False,False,True,False,True,True,,,1,1,1,1,1,1,1,1,1,1,1,1
3979,ROCSYS,https://www.crunchbase.com/organization/rocsys,The Netherlands,52.0114017,4.35839,2019,3.0,True,False,True,False,True,False,False,False,False,False,False,False,False,False,0,2,2,1.0,0.220216,2019-10-09,2019-11-22,Series A,2019,37.0,True,False,True,True,1.5,3.0,True,False,False,False,False,False,False,False,False,False,False,False,0,0,False,False,False,True,False,True,False,True,False,False,False,False,False,False,False,2,0.0,True,False,False,True,True,False,False,False,False,False,False,True,True,58,3,True,34,6,0.1764705882352941,0.1625189294977749,0.05424573977957992,0.7790338011555928,0.04711128803910285,1.5109563142720828,0.04711128803910285,0.04711128803910285,0.04711128803910285,1.5109563142720828,1.5109563142720828,1.5109563142720828,0.9759297451447068,0.0,1.4638946177170604,1.81,6.2166061010848646,False,False,True,False,True,True,,,0,0,0,0,0,0,2,0,2,0,2,0
3974,SolarDuck,https://www.crunchbase.com/organization/solarduck,The Netherlands,51.8474946,5.8637771,2019,5.0,True,False,True,True,True,False,False,False,False,False,False,True,False,False,1,2,2,2.0,4.334061,2020-06-01,2022-04-21,Venture - Series Unknown,2020,51.5,False,False,True,True,2.0,2.0,True,True,False,False,True,True,False,False,False,False,False,False,0,0,False,False,False,False,False,False,False,False,False,False,False,False,False,False,False,0,0.0,False,False,False,True,True,False,False,False,False,False,False,True,True,12,1,True,15,2,0.1333333333333333,0.125163142954006,0.08840311608630631,0.8726444238604525,0.7920262524115845,0.9532625953093202,0.0,0.0,0.0,0.7920262524115845,0.8726444238604525,0.9532625953093202,0.3058328175538439,0.3058328175538439,0.3058328175538439,1.81,6.55250788703459,False,False,True,False,True,True,,,0,0,0,0,0,0,0,0,0,0,0,0
4037,QuiX,https://www.crunchbase.com/organization/quix-42ff,The Netherlands,52.3730796,4.8924534,2019,1.0,True,True,False,False,True,False,False,False,False,True,False,False,False,False,1,2,2,0.0,5.593211,2020-07-07,2022-07-07,Venture - Series Unknown,2020,37.333333333333336,True,,False,,9.0,2.3,True,,False,,False,,False,,False,,False,,2,0,True,,False,True,,True,,True,,True,,True,,True,,3,,True,,True,True,,False,False,False,False,False,False,True,True,169,1,True,291,60,0.2061855670103092,0.1874629562943732,0.0,0.030015739219498197,0.00812344441187767,0.07380032883473925,0.00812344441187767,0.030015739219498197,0.07380032883473925,0.0,0.0,0.0,0.04943899769206345,0.0,0.07415849653809517,1.81,6.55250788703459,False,False,True,False,True,True,,,2,0,2,0,2,0,2,0,2,0,3,0
4019,Lalaland,https://www.crunchbase.com/organization/lalaland,The Netherlands,52.3730796,4.8924534,2019,3.0,False,True,False,False,True,True,False,False,False,True,False,False,False,False,1,2,3,3.0,2.209043,2020-04-02,2022-06-10,Seed,2020,13.0,True,True,False,False,7.7,0.7,False,False,False,False,False,False,False,False,False,False,False,False,2,2,True,True,False,True,True,True,True,True,True,True,True,True,True,True,True,3,3.0,True,True,True,True,True,False,False,False,False,False,False,True,True,169,1,True,291,60,0.2061855670103092,0.1874629562943732,0.0,0.017090318646829146,0.0,0.05127095594048744,0.0,0.0,0.0,0.0,0.017090318646829146,0.05127095594048744,0.03418063729365829,0.0,0.05127095594048744,1.81,6.55250788703459,False,False,False,False,False,False,,,2,2,2,2,2,2,2,2,3,3,3,3
4002,Revyve,https://www.crunchbase.com/organization/fumi-ingredients,The Netherlands,51.9663016,5.6662814,2019,2.0,False,False,False,False,True,False,True,True,False,False,False,False,False,False,1,1,2,0.0,0.552248,2020-02-04,2020-02-04,Series A,2020,37.0,True,,False,,7.0,3.0,True,,False,,False,,False,,False,,False,,0,0,False,,False,True,,True,,False,,False,,False,,False,,2,,True,,True,True,,False,False,False,False,False,False,True,True,36,1,True,1,0,0.0,0.0,0.06950468623652849,0.06803471135119077,0.06656473646585308,0.06950468623652846,0.06656473646585308,0.06803471135119077,0.06950468623652846,0.0,0.0,0.0,0.00812344441187767,0.00812344441187767,0.00812344441187767,1.81,6.55250788703459,False,False,True,False,True,True,,,0,0,0,0,0,0,0,0,2,0,2,0
4013,Orbisk,https://www.crunchbase.com/organization/orbisk,The Netherlands,52.0907006,5.1215634,2019,3.0,True,False,False,False,True,False,True,False,False,True,False,True,False,False,1,3,3,3.0,2.40017,2020-02-01,2022-12-22,Series A,2020,25.0,True,True,True,True,28.2,1.8,True,True,False,False,False,False,False,False,False,False,False,False,0,0,False,False,False,True,True,True,True,True,True,True,True,False,False,False,False,5,2.0,True,True,False,True,True,True,True,False,False,False,False,True,False,194,1,True,34,5,0.1470588235294117,0.1372011215134849,0.035062214289133406,0.3600975581837003,0.03506221428913354,1.942814945409632,0.03506221428913354,0.04213876966361721,0.056291880412584566,0.03506221428913354,0.6780563467037835,1.942814945409632,0.683475846871492,0.0,1.9778760698979505,1.81,6.55250788703459,False,False,True,False,True,True,,,0,0,0,0,3,1,3,1,5,2,5,2
4504,XRPL Labs,https://www.crunchbase.com/organization/xrpl-labs,The Netherlands,52.1562499,5.3896944,2019,1.0,True,False,False,False,False,False,False,False,False,True,False,False,False,False,0,2,1,1.0,0.0,2019-02-14,2020-08-06,Seed,2019,13.0,False,False,True,True,1.5,1.0,False,False,False,False,False,False,False,False,False,False,True,True,0,0,False,False,False,False,False,False,False,False,False,False,False,False,False,False,False,0,0.0,False,False,False,False,False,True,True,True,True,False,False,False,False,166,1,True,7,0,0.0,0.0,0.04154943615786364,8.812242904302568,8.812242904302568,8.812242904302568,0.0,0.0,0.0,8.812242904302568,8.812242904302568,8.812242904302568,0.0,0.0,0.0,1.81,6.2166061010848646,False,False,False,False,False,False,,,0,0,0,0,0,0,0,0,0,0,0,0
4171,Productpine,https://www.crunchbase.com/organization/productpine,The Netherlands,52.3730796,4.8924534,2019,3.0,True,True,False,False,False,True,False,False,False,True,False,False,False,False,0,2,4,2.0,2.828301,2019-11-01,2021-12-28,Undisclosed,2019,72.4,True,False,True,True,5.4,11.0,False,False,False,False,False,False,True,False,False,False,False,False,2,0,True,False,False,True,False,True,False,True,False,True,False,True,False,True,False,2,0.0,True,False,False,True,True,True,True,True,False,True,False,True,False,169,1,True,291,60,0.2061855670103092,0.1874629562943732,0.0,1.8868948380273491,0.0,7.8251808371857,0.0,0.31359625249831274,0.9407887574949384,0.6685045954561057,4.246842716320902,7.8251808371857,3.634907125082106,0.0,8.643822326801859,1.81,6.2166061010848646,False,False,False,False,False,False,,,2,0,2,0,2,0,2,0,2,0,2,0
4206,Alphabeats,https://www.crunchbase.com/organization/alphabeats,The Netherlands,51.4392648,5.478633,2019,4.0,False,False,False,False,False,False,False,True,False,False,False,False,False,False,1,2,2,2.0,2.295134,2020-12-17,2022-09-15,Seed,2020,22.0,True,True,False,False,3.7,0.0,True,True,True,True,True,True,False,False,False,False,False,False,3,2,True,True,True,True,True,True,True,True,True,True,True,True,True,True,True,3,2.0,True,True,True,False,False,False,False,False,False,False,False,True,True,15,1,True,29,4,0.1379310344827586,0.1292117314800061,0.1025854152192535,0.0,0.0,0.0,0.0,0.0,0.0,0.0,0.0,0.0,0.0,0.0,0.0,1.81,6.55250788703459,False,False,False,False,False,False,,,3,2,3,2,3,2,3,2,3,2,3,2
4212,Susphos,https://www.crunchbase.com/organization/susphos,The Netherlands,52.3730796,4.8924534,2019,1.0,True,True,False,False,True,False,False,False,False,False,False,True,False,False,0,1,1,0.0,0.0,2019-11-19,2019-11-19,Venture - Series Unknown,2019,47.0,True,,False,,1.0,0.0,False,,False,,False,,False,,False,,False,,1,0,True,,True,True,,True,,True,,True,,True,,True,,1,,True,,True,True,,False,False,False,False,False,False,True,True,169,1,True,291,60,0.2061855670103092,0.1874629562943732,0.0,0.0,0.0,0.0,0.0,0.0,0.0,0.0,0.0,0.0,0.0,0.0,0.0,1.81,6.2166061010848646,False,False,True,False,True,True,,,1,0,1,0,1,0,1,0,1,0,1,0
4218,bynd.ai,https://www.crunchbase.com/organization/bynd-b-v,The Netherlands,52.0907006,5.1215634,2019,2.0,True,False,False,False,True,False,False,False,False,True,True,False,False,False,0,2,1,0.0,0.117441,2019-11-01,2020-10-01,Seed,2019,6.0,True,,False,,5.5,0.0,False,,False,,False,,False,,False,,False,,2,0,True,,True,True,,True,,True,,True,,True,,True,,2,,True,,True,False,,False,False,False,False,False,False,True,True,194,1,True,34,5,0.1470588235294117,0.1372011215134849,0.035062214289133406,0.0,0.0,0.0,0.0,0.0,0.0,0.0,0.0,0.0,0.0,0.0,0.0,1.81,6.2166061010848646,False,False,False,False,False,False,,,2,0,2,0,2,0,2,0,2,0,2,0
4220,Naduvi,https://www.crunchbase.com/organization/naduvi,The Netherlands,52.3730796,4.8924534,2019,1.0,False,True,False,False,True,True,False,False,False,True,False,False,True,False,1,1,1,1.0,1.198296,2020-04-07,2020-04-07,Series A,2020,22.0,True,True,False,False,6.0,4.0,False,False,False,False,False,False,False,False,False,False,False,False,1,1,True,True,True,True,True,True,True,True,True,True,True,True,True,True,True,1,1.0,True,True,True,True,True,False,False,False,False,False,False,True,True,169,1,True,291,59,0.2027491408934708,0.1846098873119668,0.0,0.0,0.0,0.0,0.0,0.0,0.0,0.0,0.0,0.0,0.0,0.0,0.0,1.81,6.55250788703459,True,False,True,True,True,True,2024-03-06,5.0,1,1,1,1,1,1,1,1,1,1,1,1
4225,Compleye,https://www.crunchbase.com/organization/compleye,The Netherlands,52.3730796,4.8924534,2019,1.0,True,True,False,False,False,False,False,False,False,True,False,False,False,False,0,3,1,1.0,2.418003,2019-12-01,2023-05-01,Seed,2019,8.0,True,True,False,False,3.0,0.0,False,False,False,False,False,False,False,False,False,False,False,False,3,3,True,True,True,True,True,True,True,True,True,True,True,True,True,True,True,3,3.0,True,True,True,True,True,False,False,False,False,False,False,True,True,169,1,True,291,60,0.2061855670103092,0.1874629562943732,0.0,0.0,0.0,0.0,0.0,0.0,0.0,0.0,0.0,0.0,0.0,0.0,0.0,1.81,6.2166061010848646,False,False,False,False,False,False,,,3,3,3,3,3,3,3,3,3,3,3,3
4231,Labelfuse,https://www.crunchbase.com/organization/labelfuse,The Netherlands,52.3730796,4.8924534,2019,2.0,True,True,False,False,True,True,False,True,False,True,False,False,False,False,0,2,2,2.0,0.218926,2019-11-13,2020-02-08,Pre-Seed,2019,102.0,True,True,True,True,19.0,12.5,False,False,True,True,False,False,False,False,False,False,False,False,0,0,False,False,False,True,True,False,False,False,False,False,False,False,False,False,False,1,1.0,True,True,False,False,False,True,True,False,False,False,False,True,False,169,1,True,291,60,0.2061855670103092,0.1874629562943732,0.0,5.294152173289108,0.0883652571322525,10.499939089445965,0.0,0.0,0.0,0.0883652571322525,5.294152173289108,10.499939089445965,10.500042758850594,10.500042758850594,10.500042758850594,1.81,6.2166061010848646,False,False,False,False,False,False,,,0,0,0,0,0,0,0,0,0,0,1,1
4163,Bringly,https://www.crunchbase.com/organization/bringly,The Netherlands,52.3730796,4.8924534,2019,2.0,True,True,False,False,True,True,False,False,False,False,False,True,False,False,1,3,5,3.0,1.643674,2020-02-13,2023-04-04,Seed,2020,13.0,True,True,True,False,4.4,0.5,True,True,False,False,False,False,False,False,False,False,False,False,5,3,True,True,False,True,True,True,True,True,True,True,True,True,True,True,True,5,3.0,True,True,False,True,True,False,False,False,False,False,False,True,True,169,1,True,291,60,0.2061855670103092,0.1874629562943732,0.0,0.13602730455889397,0.0,0.8161638273533639,0.0,0.27205460911778795,0.8161638273533639,0.0,0.0,0.0,0.27205460911778795,0.0,0.8161638273533639,1.81,6.55250788703459,False,False,False,False,False,False,,,5,3,5,3,5,3,5,3,5,3,5,3
4240,Yoho,https://www.crunchbase.com/organization/yoho-0cdf,The Netherlands,52.3730796,4.8924534,2019,3.0,True,True,False,False,False,True,False,False,False,True,True,False,False,False,1,1,1,1.0,0.430982,2020-03-03,2020-03-03,Seed,2020,37.0,True,True,False,False,16.0,10.0,False,False,True,True,False,False,False,False,False,False,False,False,1,1,True,True,True,True,True,True,True,True,True,True,True,True,True,True,True,1,1.0,True,True,True,True,True,False,False,False,False,False,False,True,True,169,1,True,291,60,0.2061855670103092,0.1874629562943732,0.0,0.0,0.0,0.0,0.0,0.0,0.0,0.0,0.0,0.0,0.0,0.0,0.0,1.81,6.55250788703459,False,False,False,False,False,False,,,1,1,1,1,1,1,1,1,1,1,1,1
4159,Kaminari Medical,https://www.crunchbase.com/organization/kaminari-medical,The Netherlands,51.9244424,4.47775,2019,3.0,True,False,False,False,False,False,False,True,False,False,False,False,False,False,0,1,1,1.0,0.352305,2019-08-30,2019-08-30,Venture - Series Unknown,2019,36.0,True,True,False,False,5.0,0.0,True,True,False,False,True,True,False,False,False,False,False,False,0,0,False,False,False,True,True,True,True,False,False,False,False,False,False,False,False,1,1.0,True,True,True,True,True,False,False,False,False,False,False,True,True,68,2,True,38,5,0.131578947368421,0.1236139559671766,0.05735189574909011,0.057351895749089894,0.057351895749089894,0.057351895749089894,0.0,0.0,0.0,0.057351895749089894,0.057351895749089894,0.057351895749089894,0.0,0.0,0.0,1.81,6.2166061010848646,False,False,True,False,True,True,,,0,0,0,0,0,0,0,0,1,1,1,1
4119,Kambr,https://www.crunchbase.com/organization/kambr,The Netherlands,52.3730796,4.8924534,2019,4.0,True,True,False,False,True,True,False,False,False,True,True,False,False,True,0,2,7,0.0,7.0,2019-09-16,2021-01-13,Seed,2019,234.27272727272728,False,,True,,8.6,60.7,False,,True,,False,,False,,False,,False,,0,0,False,,False,False,,False,,False,,False,,False,,False,,0,,False,,False,True,,True,True,True,False,True,False,True,False,169,1,True,291,59,0.2027491408934708,0.1846098873119668,0.0,5.600690345697035,0.5764433507366697,8.79316581521307,0.5764433507366697,5.600690345697035,8.79316581521307,0.0,0.0,0.0,3.5462923850659402,0.0,9.129123750175069,1.81,6.2166061010848646,True,False,False,True,True,True,2022-03-31,3.0,0,0,0,0,0,0,0,0,0,0,0,0
4123,Clear,https://www.crunchbase.com/organization/clear-5ef7,The Netherlands,52.3730796,4.8924534,2019,2.0,True,True,False,False,True,True,False,True,False,True,False,False,False,False,1,3,4,1.0,3.220631,2020-02-25,2022-03-10,Venture - Series Unknown,2020,15.75,True,True,True,False,3.2,2.8,True,True,True,False,False,False,False,False,False,False,False,False,0,0,False,False,False,True,True,True,False,False,False,False,False,False,False,False,False,3,1.0,True,True,False,True,False,True,True,False,False,False,False,True,False,169,1,True,291,60,0.2061855670103092,0.1874629562943732,0.0,2.517190975825823,0.05127095594048744,10.499939089445965,0.05127095594048744,3.1252061881901567,10.499939089445965,0.08513012636848898,0.08513012636848898,0.08513012636848898,4.902596110835411,0.0,11.885965415455246,1.81,6.55250788703459,False,False,True,False,True,True,,,0,0,0,0,0,0,0,0,1,0,3,1
4130,WE.VESTR,https://www.crunchbase.com/organization/wevestr,The Netherlands,52.3730796,4.8924534,2019,3.0,True,True,False,False,True,False,False,False,True,False,False,False,False,False,0,4,1,1.0,2.346153,2019-12-28,2022-06-27,Seed,2019,8.0,True,True,False,False,2.5,0.0,False,False,False,False,False,False,False,False,False,False,False,False,4,3,True,True,True,True,True,True,True,True,True,True,True,True,True,True,True,4,3.0,True,True,True,True,True,False,False,False,False,False,False,True,True,169,1,True,291,60,0.2061855670103092,0.1874629562943732,0.0,0.0,0.0,0.0,0.0,0.0,0.0,0.0,0.0,0.0,0.0,0.0,0.0,1.81,6.2166061010848646,False,False,False,False,False,False,,,4,3,4,3,4,3,4,3,4,3,4,3
4137,Hypherdata,https://www.crunchbase.com/organization/scienticore,The Netherlands,52.3730796,4.8924534,2019,3.0,True,True,False,False,True,False,False,True,False,True,False,False,False,False,0,4,5,1.0,0.938535,2019-09-25,2024-08-27,Seed,2019,24.5,False,False,True,True,2.6,2.4,False,False,True,True,False,False,False,False,False,False,False,False,0,0,False,False,False,False,False,False,False,False,False,False,False,False,False,False,False,0,0.0,False,False,False,True,False,True,True,False,False,False,False,True,False,169,1,True,291,60,0.2061855670103092,0.1874629562943732,0.0,2.83380077273793,0.7127568645506475,10.499939089445965,0.7127568645506475,0.9172661935609224,0.9854359698976803,10.499939089445965,10.499939089445965,10.499939089445965,3.969496308150403,0.0,9.85502550834482,1.81,6.2166061010848646,False,False,False,False,False,False,,,0,0,0,0,0,0,0,0,0,0,0,0
4157,Orderchamp,https://www.crunchbase.com/organization/orderchamp,The Netherlands,52.3730796,4.8924534,2019,5.0,True,True,False,False,False,True,False,False,False,True,False,False,False,True,0,2,1,1.0,3.314924,2019-09-10,2020-09-22,Series A,2019,37.0,True,True,False,False,15.5,10.0,False,False,True,True,False,False,False,False,False,False,False,False,2,1,True,True,True,True,True,True,True,True,True,True,True,True,True,True,True,2,1.0,True,True,True,True,True,False,False,False,False,False,False,True,True,169,1,True,291,60,0.2061855670103092,0.1874629562943732,0.0,0.0,0.0,0.0,0.0,0.0,0.0,0.0,0.0,0.0,0.0,0.0,0.0,1.81,6.2166061010848646,False,False,True,False,True,True,,,2,1,2,1,2,1,2,1,2,1,2,1
4449,We Are Eves,https://www.crunchbase.com/organization/we-are-eves,The Netherlands,52.3730796,4.8924534,2019,3.0,False,True,False,False,False,True,False,False,False,True,False,False,False,False,0,1,1,0.0,0.0,2019-01-01,2019-01-01,Venture - Series Unknown,2019,7.0,True,,False,,3.0,0.0,False,,False,,False,,False,,False,,False,,1,0,True,,True,True,,True,,True,,True,,True,,True,,1,,True,,True,True,,False,False,False,False,False,False,True,True,169,1,True,291,60,0.2061855670103092,0.1874629562943732,0.0,0.0,0.0,0.0,0.0,0.0,0.0,0.0,0.0,0.0,0.0,0.0,0.0,1.81,6.2166061010848646,False,False,True,False,True,True,,,1,0,1,0,1,0,1,0,1,0,1,0
4454,Kiwi Mobility,https://www.crunchbase.com/organization/kiwi-24f4,The Netherlands,52.3730796,4.8924534,2019,2.0,False,True,False,False,True,False,False,False,False,True,False,False,False,False,0,1,1,1.0,0.48,2019-08-01,2019-08-01,Seed,2019,8.0,False,False,True,True,2.0,1.0,True,True,False,False,False,False,False,False,False,False,False,False,0,0,False,False,False,False,False,False,False,False,False,False,False,False,False,False,False,0,0.0,False,False,False,False,False,True,True,False,False,False,False,False,False,169,1,True,291,60,0.2061855670103092,0.1874629562943732,0.0,2.2129050321830483,2.2129050321830483,2.2129050321830483,0.0,0.0,0.0,2.2129050321830483,2.2129050321830483,2.2129050321830483,0.0,0.0,0.0,1.81,6.2166061010848646,False,False,False,False,False,False,,,0,0,0,0,0,0,0,0,0,0,0,0
4461,Bluetick,https://www.crunchbase.com/organization/bluetick-e607,The Netherlands,52.3730796,4.8924534,2019,4.0,False,True,False,False,True,False,False,False,False,True,False,False,False,False,1,1,2,2.0,0.0,2020-04-15,2020-04-15,Pre-Seed,2020,28.0,True,True,False,False,9.5,5.5,False,False,True,True,False,False,False,False,False,False,False,False,2,2,True,True,True,True,True,True,True,True,True,True,True,True,True,True,True,2,2.0,True,True,True,True,True,False,False,False,False,False,False,True,True,169,1,True,291,59,0.2027491408934708,0.1846098873119668,0.0,0.0,0.0,0.0,0.0,0.0,0.0,0.0,0.0,0.0,0.0,0.0,0.0,1.81,6.55250788703459,True,False,False,True,True,True,2023-01-11,4.0,2,2,2,2,2,2,2,2,2,2,2,2
4463,Homespring,https://www.crunchbase.com/organization/homespring-co,The Netherlands,51.9244424,4.47775,2019,3.0,False,False,False,False,False,True,False,False,False,True,False,False,True,True,0,1,1,1.0,0.0,2019-11-01,2019-11-01,Pre-Seed,2019,0.0,False,False,True,True,1.0,12.0,False,False,True,True,False,False,False,False,False,False,False,False,0,0,False,False,False,False,False,False,False,False,False,False,False,False,False,False,False,0,0.0,False,False,False,False,False,True,True,False,False,False,False,False,False,68,2,True,38,5,0.131578947368421,0.1236139559671766,0.05735189574909011,10.534939426855269,10.534939426855269,10.534939426855269,0.0,0.0,0.0,10.534939426855269,10.534939426855269,10.534939426855269,0.0,0.0,0.0,1.81,6.2166061010848646,False,False,False,False,False,False,,,0,0,0,0,0,0,0,0,0,0,0,0
4465,Toot,https://www.crunchbase.com/organization/toot-cda2,The Netherlands,52.3730796,4.8924534,2019,1.0,False,True,False,False,False,True,False,False,False,True,False,False,False,False,0,1,1,0.0,0.0,2019-09-02,2019-09-02,Pre-Seed,2019,50.0,False,,True,,1.0,3.0,False,,True,,False,,False,,False,,False,,0,0,False,,False,False,,False,,False,,False,,False,,False,,0,,False,,False,False,,False,False,False,False,False,False,True,True,169,1,True,291,60,0.2061855670103092,0.1874629562943732,0.0,0.1324984925278587,0.1324984925278587,0.1324984925278587,0.1324984925278587,0.1324984925278587,0.1324984925278587,0.0,0.0,0.0,0.0,0.0,0.0,1.81,6.2166061010848646,False,False,False,False,False,False,,,0,0,0,0,0,0,0,0,0,0,0,0
4472,Fusedbone,https://www.crunchbase.com/organization/fusedbone,The Netherlands,52.3730796,4.8924534,2019,1.0,True,True,False,False,True,False,False,True,False,False,False,False,False,False,0,1,1,0.0,0.0,2019-11-13,2019-11-13,Pre-Seed,2019,0.0,False,,True,,1.0,12.0,False,,True,,False,,False,,False,,False,,0,0,False,,False,False,,False,,False,,False,,False,,False,,0,,False,,False,False,,True,True,False,False,False,False,False,False,169,1,True,291,60,0.2061855670103092,0.1874629562943732,0.0,10.499939089445965,10.499939089445965,10.499939089445965,10.499939089445965,10.499939089445965,10.499939089445965,0.0,0.0,0.0,0.0,0.0,0.0,1.81,6.2166061010848646,False,False,False,False,False,False,,,0,0,0,0,0,0,0,0,0,0,0,0
4605,Global Sustainable Enterprise System,https://www.crunchbase.com/organization/global-sustainable-enterprise-system,The Netherlands,51.9244424,4.47775,2019,1.0,True,False,False,False,True,False,False,False,False,True,False,True,False,False,1,1,1,1.0,0.0,2020-06-09,2020-06-09,Undisclosed,2020,0.0,False,False,True,True,14.0,527.0,False,False,True,True,True,True,False,False,False,False,False,False,0,0,False,False,False,False,False,False,False,False,False,False,False,False,False,False,False,0,0.0,False,False,False,False,False,True,True,True,True,False,False,False,False,68,2,True,38,5,0.131578947368421,0.1236139559671766,0.05735189574909011,7.752778909584272,7.752778909584272,7.752778909584272,0.0,0.0,0.0,7.752778909584272,7.752778909584272,7.752778909584272,0.0,0.0,0.0,1.81,6.55250788703459,False,False,False,False,False,False,,,0,0,0,0,0,0,0,0,0,0,0,0
4591,Aspect Neuroprofiles,https://www.crunchbase.com/organization/aspect-neuroprofiles,The Netherlands,51.4392648,5.478633,2019,1.0,True,False,False,False,True,False,False,True,False,True,False,False,False,False,0,1,1,1.0,0.0,2019-06-19,2019-06-19,Pre-Seed,2019,36.0,False,False,True,True,5.0,0.0,True,True,False,False,True,True,False,False,False,False,False,False,0,0,False,False,False,False,False,False,False,False,False,False,False,False,False,False,False,1,1.0,True,True,True,True,True,False,False,False,False,False,False,True,True,15,1,True,29,4,0.1379310344827586,0.1292117314800061,0.1025854152192535,0.1113493156957291,0.1113493156957291,0.1113493156957291,0.0,0.0,0.0,0.1113493156957291,0.1113493156957291,0.1113493156957291,0.0,0.0,0.0,1.81,6.2166061010848646,False,False,False,False,False,False,,,0,0,0,0,0,0,0,0,0,0,0,0
4475,EnlightEd,https://www.crunchbase.com/organization/enlighted-76b5,The Netherlands,52.3730796,4.8924534,2019,3.0,False,True,False,False,False,False,False,False,False,False,False,False,False,False,0,1,1,1.0,0.0,2019-08-19,2019-08-19,Pre-Seed,2019,0.0,False,False,True,True,1.0,12.0,False,False,True,True,False,False,False,False,False,False,False,False,0,0,False,False,False,False,False,False,False,False,False,False,False,False,False,False,False,0,0.0,False,False,False,False,False,True,True,False,False,False,False,False,False,169,1,True,291,60,0.2061855670103092,0.1874629562943732,0.0,10.499939089445965,10.499939089445965,10.499939089445965,0.0,0.0,0.0,10.499939089445965,10.499939089445965,10.499939089445965,0.0,0.0,0.0,1.81,6.2166061010848646,False,False,False,False,False,False,,,0,0,0,0,0,0,0,0,0,0,0,0
4520,Bia Power,https://www.crunchbase.com/organization/bia-power,The Netherlands,52.1594747,4.4908843,2019,1.0,True,False,True,False,True,False,False,False,False,True,False,False,True,False,0,1,1,0.0,0.0,2019-07-05,2019-07-05,Corporate Round,2019,684.0,False,,True,,8.0,52.0,False,,True,,False,,False,,False,,True,,0,0,False,,False,False,,False,,False,,False,,False,,False,,0,,False,,False,True,,False,False,False,False,False,False,True,True,200,2,True,15,6,0.4,0.3364722366212129,0.036206397071092675,1.4462784168912108,1.4462784168912108,1.4462784168912108,1.4462784168912108,1.4462784168912108,1.4462784168912108,0.0,0.0,0.0,0.0,0.0,0.0,1.81,6.2166061010848646,False,False,True,False,True,True,,,0,0,0,0,0,0,0,0,0,0,0,0
4486,Simpelfix,https://www.crunchbase.com/organization/simpelfix,The Netherlands,52.3730796,4.8924534,2019,3.0,True,True,False,False,False,True,False,False,False,True,False,False,False,True,0,1,1,0.0,0.0,2019-10-01,2019-10-01,Pre-Seed,2019,0.0,False,,True,,1.0,12.0,False,,True,,False,,False,,False,,False,,0,0,False,,False,False,,False,,False,,False,,False,,False,,0,,False,,False,False,,True,True,False,False,False,False,False,False,169,1,True,291,60,0.2061855670103092,0.1874629562943732,0.0,10.499939089445965,10.499939089445965,10.499939089445965,10.499939089445965,10.499939089445965,10.499939089445965,0.0,0.0,0.0,0.0,0.0,0.0,1.81,6.2166061010848646,False,False,False,False,False,False,,,0,0,0,0,0,0,0,0,0,0,0,0
4509,OceanOps,https://www.crunchbase.com/organization/oceanops,The Netherlands,51.9244424,4.47775,2019,2.0,True,False,False,False,True,False,False,False,False,True,False,False,False,True,0,1,1,0.0,0.0,2019-07-26,2019-07-26,Pre-Seed,2019,0.0,False,,True,,1.0,12.0,False,,True,,False,,False,,False,,False,,0,0,False,,False,False,,False,,False,,False,,False,,False,,0,,False,,False,False,,True,True,False,False,False,False,False,False,68,2,True,38,5,0.131578947368421,0.1236139559671766,0.05735189574909011,10.534939426855269,10.534939426855269,10.534939426855269,10.534939426855269,10.534939426855269,10.534939426855269,0.0,0.0,0.0,0.0,0.0,0.0,1.81,6.2166061010848646,False,False,False,False,False,False,,,0,0,0,0,0,0,0,0,0,0,0,0
4678,ARNE BV,https://www.crunchbase.com/organization/arne-bv,The Netherlands,52.3730796,4.8924534,2019,1.0,True,True,False,False,True,True,False,True,False,True,False,False,False,False,0,1,1,1.0,0.0,2019-08-20,2019-08-20,Pre-Seed,2019,36.0,True,True,False,False,5.0,0.0,True,True,False,False,True,True,False,False,False,False,False,False,1,1,True,True,True,True,True,True,True,True,True,True,True,True,True,True,True,1,1.0,True,True,True,True,True,False,False,False,False,False,False,True,True,169,1,True,291,60,0.2061855670103092,0.1874629562943732,0.0,0.0,0.0,0.0,0.0,0.0,0.0,0.0,0.0,0.0,0.0,0.0,0.0,1.81,6.2166061010848646,False,False,False,False,False,False,,,1,1,1,1,1,1,1,1,1,1,1,1
4248,Wakuli,https://www.crunchbase.com/organization/wakuli,The Netherlands,52.0799838,4.3113461,2019,2.0,False,False,False,False,False,True,False,False,False,False,False,False,False,False,1,3,2,0.0,2.126976,2020-04-27,2022-06-07,Seed,2020,32.666666666666664,True,,False,,16.0,2.7,True,,False,,False,,False,,False,,False,,1,0,True,,False,True,,True,,True,,True,,True,,True,,3,,True,,True,True,,False,False,False,False,False,False,True,True,56,2,True,34,6,0.1764705882352941,0.1625189294977749,0.05127095594048748,0.03418063729365829,0.0,0.05127095594048744,0.0,0.03418063729365829,0.05127095594048744,0.0,0.0,0.0,0.03418063729365829,0.0,0.05127095594048744,1.81,6.55250788703459,False,False,False,False,False,False,,,1,0,1,0,1,0,1,0,3,0,3,0
4300,Project Cece,https://www.crunchbase.com/organization/project-cece,The Netherlands,52.3730796,4.8924534,2019,3.0,True,True,False,False,True,True,False,False,False,True,True,True,False,False,0,3,3,2.0,0.0,2019-04-03,2022-04-14,Pre-Seed,2019,34.5,True,True,True,True,6.7,177.0,False,False,True,True,True,True,False,False,False,False,False,False,1,1,True,True,False,True,True,True,True,True,True,True,True,True,True,True,True,1,1.0,True,True,False,True,True,True,True,True,False,False,False,True,False,169,1,True,291,60,0.2061855670103092,0.1874629562943732,0.0,2.625010173599602,0.0,7.742532028270947,0.1324984925278587,0.1324984925278587,0.1324984925278587,0.0,3.8712660141354736,7.742532028270947,5.224597230311744,0.1324984925278587,7.7987611701364274,1.81,6.2166061010848646,False,False,False,False,False,False,,,1,1,1,1,1,1,1,1,1,1,1,1
4780,FlyBySpace.com,https://www.crunchbase.com/organization/flybyspace-com,The Netherlands,52.1131403,4.6408412,2019,5.0,False,False,False,False,False,True,False,False,False,True,False,False,True,True,0,1,1,1.0,0.0,2019-03-01,2019-03-01,Pre-Seed,2019,4.0,True,True,False,False,2.0,0.0,False,False,False,False,False,False,False,False,False,False,False,False,1,1,True,True,True,True,True,True,True,True,True,True,True,True,True,True,True,1,1.0,True,True,True,False,False,False,False,False,False,False,False,True,True,205,1,True,2,0,0.0,0.0,0.03359932330131633,0.0,0.0,0.0,0.0,0.0,0.0,0.0,0.0,0.0,0.0,0.0,0.0,1.81,6.2166061010848646,False,False,False,False,False,False,,,1,1,1,1,1,1,1,1,1,1,1,1
4320,Tech2B,https://www.crunchbase.com/organization/tech2b,The Netherlands,51.3712108,5.2346306,2019,1.0,True,False,False,False,True,False,False,False,False,True,False,False,False,True,1,1,1,1.0,0.0,2020-04-01,2020-04-01,Pre-Seed,2020,7.0,True,True,False,False,0.0,0.0,False,False,False,False,False,False,False,False,False,False,False,False,0,0,False,False,False,True,True,True,True,True,True,True,True,False,False,False,False,1,1.0,True,True,True,False,False,False,False,False,False,False,False,True,True,18,1,True,0,0,0.0,0.0,0.08486889468492931,0.03564594056725612,0.03564594056725612,0.03564594056725612,0.0,0.0,0.0,0.03564594056725612,0.03564594056725612,0.03564594056725612,0.0,0.0,0.0,1.81,6.55250788703459,False,False,False,False,False,False,,,0,0,0,0,1,1,1,1,1,1,1,1
4331,JetCamp,https://www.crunchbase.com/organization/jetcamp,The Netherlands,52.0114017,4.35839,2019,2.0,False,False,False,False,False,True,False,False,False,False,False,False,False,False,1,2,2,0.0,0.572018,2020-11-19,2022-01-12,Seed,2020,2.5,True,,True,,2.0,0.0,True,,False,,False,,False,,False,,False,,0,0,False,,False,True,,True,,False,,False,,False,,False,,1,,True,,False,False,,False,False,False,False,True,False,True,True,58,3,True,34,6,0.1764705882352941,0.1625189294977749,0.05424573977957992,0.19740607973744947,0.06705507230720968,0.3277570871676893,0.06705507230720968,0.19740607973744947,0.3277570871676893,0.0,0.0,0.0,0.26081741482031906,0.26081741482031906,0.26081741482031906,1.81,6.55250788703459,False,False,False,False,False,False,,,0,0,0,0,0,0,0,0,1,0,1,0
4378,Viteezy,https://www.crunchbase.com/organization/viteezy,The Netherlands,52.2773656,5.1630646,2019,2.0,False,False,False,False,False,True,False,True,False,False,False,False,False,False,1,1,1,1.0,0.0,2020-11-01,2020-11-01,Angel,2020,1.0,True,True,False,False,2.0,0.0,False,False,False,False,True,True,False,False,False,False,False,False,1,1,True,True,True,True,True,True,True,True,True,True,True,True,True,True,True,1,1.0,True,True,True,False,False,False,False,False,False,False,False,True,True,171,0,False,5,2,0.4,0.3364722366212129,0.021248284157770615,0.0,0.0,0.0,0.0,0.0,0.0,0.0,0.0,0.0,0.0,0.0,0.0,1.81,6.55250788703459,False,False,False,False,False,False,,,1,1,1,1,1,1,1,1,1,1,1,1
4680,eigenlinks,https://www.crunchbase.com/organization/eigenlinks,The Netherlands,51.4392648,5.478633,2019,3.0,False,False,False,False,False,True,False,False,False,True,True,False,False,False,0,1,1,0.0,0.0,2019-10-10,2019-10-10,Pre-Seed,2019,211.0,False,,True,,8.0,13.0,True,,True,,True,,False,,False,,False,,0,0,False,,False,False,,False,,False,,False,,False,,False,,1,,True,,True,True,,False,False,False,False,False,False,True,True,15,1,True,29,4,0.1379310344827586,0.1292117314800061,0.1025854152192535,0.1113493156957291,0.1113493156957291,0.1113493156957291,0.1113493156957291,0.1113493156957291,0.1113493156957291,0.0,0.0,0.0,0.0,0.0,0.0,1.81,6.2166061010848646,False,False,False,False,False,False,,,0,0,0,0,0,0,0,0,0,0,0,0
4086,RespiQ,https://www.crunchbase.com/organization/respiq-life-technologies,The Netherlands,52.1594747,4.4908843,2019,2.0,True,False,False,False,True,False,False,True,False,False,False,False,False,False,0,1,1,1.0,0.114615,2019-08-26,2019-08-26,Pre-Seed,2019,0.0,False,False,True,True,1.0,12.0,False,False,True,True,False,False,False,False,False,False,False,False,0,0,False,False,False,False,False,False,False,False,False,False,False,False,False,False,False,0,0.0,False,False,False,False,False,True,True,False,False,False,False,False,False,200,2,True,15,6,0.4,0.3364722366212129,0.036206397071092675,10.530323365011997,10.530323365011997,10.530323365011997,0.0,0.0,0.0,10.530323365011997,10.530323365011997,10.530323365011997,0.0,0.0,0.0,1.81,6.2166061010848646,False,False,False,False,False,False,,,0,0,0,0,0,0,0,0,0,0,0,0
4095,Silverflow,https://www.crunchbase.com/organization/silverflow,The Netherlands,52.3730796,4.8924534,2019,3.0,True,True,False,False,False,False,False,False,True,True,False,False,False,False,1,1,2,1.0,3.071819,2020-10-22,2020-10-22,Series A,2020,54.5,True,False,True,True,7.5,11.5,False,False,True,True,False,False,False,False,False,False,False,False,1,0,True,False,False,True,False,True,False,True,False,True,False,True,False,True,False,1,0.0,True,False,False,True,True,False,False,False,False,False,False,True,True,169,1,True,291,59,0.2027491408934708,0.1846098873119668,0.0,0.17947267043149678,0.0,0.35894534086299357,0.0,0.0,0.0,0.35894534086299357,0.35894534086299357,0.35894534086299357,0.35894534086299357,0.35894534086299357,0.35894534086299357,1.81,6.55250788703459,False,True,True,True,True,True,,,1,0,1,0,1,0,1,0,1,0,1,0
4641,Routinely,https://www.crunchbase.com/organization/skin-faculty,The Netherlands,52.3730796,4.8924534,2020,4.0,False,True,False,False,False,True,False,True,False,False,False,False,False,False,0,1,1,0.0,0.0,2020-05-20,2020-05-20,Pre-Seed,2020,9.0,False,,True,,1.0,0.0,False,,False,,False,,False,,False,,True,,0,0,False,,False,False,,False,,False,,False,,False,,False,,0,,False,,False,False,,False,False,False,False,False,False,True,True,169,1,True,304,61,0.2006578947368421,0.1828696521762698,0.0,0.1324984925278587,0.1324984925278587,0.1324984925278587,0.1324984925278587,0.1324984925278587,0.1324984925278587,0.0,0.0,0.0,0.0,0.0,0.0,-5.65,6.55250788703459,False,False,False,False,False,False,,,0,0,0,0,0,0,0,0,0,0,0,0
4620,Quest Sales & Marketing Automations.B.V.,https://www.crunchbase.com/organization/quest-marketing-a32f,The Netherlands,52.1131403,4.6408412,2020,1.0,True,False,False,False,False,False,False,False,False,True,True,False,False,False,0,1,1,1.0,0.0,2020-08-10,2020-08-10,Pre-Seed,2020,4.0,True,True,False,False,3.0,0.0,False,False,False,False,False,False,False,False,False,False,False,False,1,1,True,True,True,True,True,True,True,True,True,True,True,True,True,True,True,1,1.0,True,True,True,False,False,False,False,False,False,False,False,True,True,205,1,True,4,0,0.0,0.0,0.03359932330131633,0.0,0.0,0.0,0.0,0.0,0.0,0.0,0.0,0.0,0.0,0.0,0.0,-5.65,6.55250788703459,False,False,False,False,False,False,,,1,1,1,1,1,1,1,1,1,1,1,1
4549,OpenTalent,https://www.crunchbase.com/organization/opentalent,The Netherlands,52.3730796,4.8924534,2020,1.0,True,True,False,False,True,False,False,False,False,True,False,False,False,False,0,1,1,1.0,0.0,2020-10-01,2020-10-01,Pre-Seed,2020,3.0,True,True,False,False,0.0,0.0,False,False,False,False,False,False,True,True,False,False,False,False,1,1,True,True,True,True,True,True,True,True,True,True,True,True,True,True,True,1,1.0,True,True,True,True,True,False,False,False,False,False,False,True,True,169,1,True,304,61,0.2006578947368421,0.1828696521762698,0.0,0.0,0.0,0.0,0.0,0.0,0.0,0.0,0.0,0.0,0.0,0.0,0.0,-5.65,6.55250788703459,False,False,False,False,False,False,,,1,1,1,1,1,1,1,1,1,1,1,1
4543,Memri,https://www.crunchbase.com/organization/memri,The Netherlands,51.6407653,5.9649023,2020,1.0,True,False,False,False,False,False,False,False,False,True,False,False,False,False,0,1,1,0.0,0.0,2020-11-12,2020-11-12,Seed,2020,328.0,False,,True,,10.0,54.0,False,,False,,False,,False,,False,,False,,0,0,False,,False,False,,False,,False,,False,,False,,False,,0,,False,,False,False,,True,True,True,True,False,False,False,False,14,0,False,0,0,0.0,0.0,0.1096303533944864,7.93382706527533,7.93382706527533,7.93382706527533,7.93382706527533,7.93382706527533,7.93382706527533,0.0,0.0,0.0,0.0,0.0,0.0,-5.65,6.55250788703459,False,False,False,False,False,False,,,0,0,0,0,0,0,0,0,0,0,0,0
4616,EqpmntRentals.com,https://www.crunchbase.com/organization/eqpmntrentals-com,The Netherlands,52.1131403,4.6408412,2020,4.0,False,False,False,True,False,True,False,False,False,True,False,False,True,False,0,1,3,1.0,0.0,2020-04-16,2020-04-16,Pre-Seed,2020,2.0,True,True,True,False,9.0,0.0,False,False,False,False,False,False,False,False,False,False,False,False,1,1,True,True,False,True,True,True,True,True,True,True,True,True,True,True,True,2,1.0,True,True,True,False,False,False,False,False,False,False,False,True,True,205,1,True,4,0,0.0,0.0,0.03359932330131633,0.007691507930977059,0.0,0.015383015861954116,0.015383015861954116,0.015383015861954116,0.015383015861954116,0.0,0.0,0.0,0.015383015861954116,0.015383015861954116,0.015383015861954116,-5.65,6.55250788703459,False,False,False,False,False,False,,,2,1,2,1,2,1,2,1,2,1,2,1
4527,Oddity.ai,https://www.crunchbase.com/organization/oddity-ai,The Netherlands,52.0907006,5.1215634,2020,1.0,True,False,False,False,True,False,False,False,False,True,False,False,False,False,0,1,1,1.0,0.0,2020-04-01,2020-04-01,Seed,2020,53.0,True,True,False,False,22.0,18.0,False,False,False,False,False,False,False,False,False,False,False,False,0,0,False,False,False,True,True,True,True,True,True,True,True,True,True,False,False,1,1.0,True,True,True,False,False,False,False,False,False,False,False,True,True,194,1,True,35,5,0.1428571428571428,0.1335313926245225,0.035062214289133406,0.022979196975638442,0.022979196975638442,0.022979196975638442,0.0,0.0,0.0,0.022979196975638442,0.022979196975638442,0.022979196975638442,0.0,0.0,0.0,-5.65,6.55250788703459,False,False,False,False,False,False,,,0,0,1,1,1,1,1,1,1,1,1,1
4246,Insify,https://www.crunchbase.com/organization/insify,The Netherlands,52.3730796,4.8924534,2020,3.0,True,True,False,False,False,False,False,False,True,False,False,False,False,False,0,1,2,1.0,2.628394,2020-04-01,2020-04-01,Series A,2020,78.0,False,False,True,True,6.0,13.0,False,False,True,True,False,False,False,False,True,True,False,False,0,0,False,False,False,False,False,False,False,False,False,False,False,False,False,False,False,0,0.0,False,False,False,True,True,False,False,False,False,True,False,True,True,169,1,True,304,60,0.1973684210526315,0.1801261662305188,0.0,0.4676943457998317,0.35894534086299357,0.5764433507366697,0.35894534086299357,0.35894534086299357,0.35894534086299357,0.5764433507366697,0.5764433507366697,0.5764433507366697,0.9326577677712301,0.9326577677712301,0.9326577677712301,-5.65,6.55250788703459,False,True,True,True,True,True,,,0,0,0,0,0,0,0,0,0,0,0,0
4264,Oncochain,https://www.crunchbase.com/organization/oncochain,The Netherlands,52.3730796,4.8924534,2020,3.0,True,True,False,False,False,False,False,True,False,True,False,False,False,False,0,1,1,1.0,0.165381,2020-10-12,2020-10-12,Equity Crowdfunding,2020,9.0,False,False,True,True,2.0,1.0,False,False,False,False,False,False,False,False,False,False,False,False,0,0,False,False,False,False,False,False,False,False,False,False,False,False,False,False,False,0,0.0,False,False,False,False,False,False,False,False,False,False,False,True,True,169,1,True,304,61,0.2006578947368421,0.1828696521762698,0.0,1.7876002054897737,1.7876002054897737,1.7876002054897737,0.0,0.0,0.0,1.7876002054897737,1.7876002054897737,1.7876002054897737,0.0,0.0,0.0,-5.65,6.55250788703459,False,False,False,False,False,False,,,0,0,0,0,0,0,0,0,0,0,0,0
4122,Nostics,https://www.crunchbase.com/organization/spektrax,The Netherlands,52.3730796,4.8924534,2020,2.0,True,True,False,False,True,False,False,True,False,True,False,False,False,False,0,1,1,1.0,6.576798,2020-09-01,2020-09-01,Seed,2020,33.0,True,True,False,False,2.0,2.0,False,False,True,True,False,False,False,False,False,False,False,False,1,1,True,True,True,True,True,True,True,True,True,True,True,True,True,True,True,1,1.0,True,True,True,True,True,False,False,False,False,False,False,True,True,169,1,True,304,61,0.2006578947368421,0.1828696521762698,0.0,0.0,0.0,0.0,0.0,0.0,0.0,0.0,0.0,0.0,0.0,0.0,0.0,-5.65,6.55250788703459,False,False,False,False,False,False,,,1,1,1,1,1,1,1,1,1,1,1,1
4170,Orchest,https://www.crunchbase.com/organization/orchest,The Netherlands,51.9244424,4.47775,2020,2.0,True,False,False,False,False,False,False,False,False,True,False,False,False,False,0,2,5,2.0,3.5,2020-03-01,2021-10-01,Seed,2020,165.0,False,False,True,True,6.2,25.4,False,False,True,True,True,False,False,False,True,False,False,False,0,0,False,False,False,False,False,False,False,False,False,False,False,False,False,False,False,0,0.0,False,False,False,True,False,True,True,True,False,True,False,True,False,68,2,True,41,5,0.1219512195121951,0.1150693297847871,0.05735189574909011,5.475569651577795,0.3220662839749473,8.812919698572731,0.3220662839749473,3.257591210758495,8.79215492704076,8.79215492704076,8.802537312806745,8.812919698572731,5.51961291978644,0.0,9.455761791449376,-5.65,6.55250788703459,False,False,False,False,False,False,,,0,0,0,0,0,0,0,0,0,0,0,0
4291,BeeSage,https://www.crunchbase.com/organization/beesage,The Netherlands,52.0799838,4.3113461,2020,2.0,True,False,False,False,False,False,True,False,False,True,False,True,False,False,0,2,3,2.0,0.0,2020-07-21,2022-02-14,Pre-Seed,2020,242.5,False,False,True,True,11.0,180.3,True,True,True,True,True,True,False,False,False,False,False,False,0,0,False,False,False,False,False,False,False,False,False,False,False,False,False,False,False,0,0.0,False,False,False,True,False,True,True,True,False,False,False,True,False,56,2,True,36,6,0.1666666666666666,0.1541506798272582,0.05127095594048748,3.5380420319922834,1.3727705587964265,7.732965863796111,1.5083896733843125,1.5083896733843125,1.5083896733843125,1.3727705587964265,4.552868211296269,7.732965863796111,5.521623072258709,0.28329321371583815,8.23696486752183,-5.65,6.55250788703459,False,False,False,False,False,False,,,0,0,0,0,0,0,0,0,0,0,0,0
4296,Trabotyx,https://www.crunchbase.com/organization/trabotyx,The Netherlands,51.6889387,5.303116,2020,2.0,True,False,False,False,False,False,True,False,False,False,False,False,False,False,0,2,2,1.0,0.562005,2020-05-20,2021-06-01,Pre-Seed,2020,16.0,True,False,True,True,20.0,7.0,False,False,True,True,False,False,False,False,False,False,False,False,0,0,False,False,False,True,False,True,False,True,False,True,False,True,False,True,False,1,0.0,True,False,False,False,False,True,True,False,False,False,False,True,False,37,0,False,6,0,0.0,0.0,0.08109443280065959,5.251148111825421,0.019990599837229082,10.482305623813613,0.019990599837229082,0.019990599837229082,0.019990599837229082,10.482305623813613,10.482305623813613,10.482305623813613,10.500042758850594,10.500042758850594,10.500042758850594,-5.65,6.55250788703459,False,False,False,False,False,False,,,1,0,1,0,1,0,1,0,1,0,1,0
4469,Promore,https://www.crunchbase.com/organization/promore,The Netherlands,52.3730796,4.8924534,2020,1.0,True,True,False,False,False,False,False,False,False,True,False,False,False,False,0,1,1,0.0,0.0,2020-03-17,2020-03-17,Pre-Seed,2020,0.0,False,,True,,2.0,12.0,False,,True,,False,,False,,False,,False,,0,0,False,,False,False,,False,,False,,False,,False,,False,,0,,False,,False,False,,True,True,False,False,False,False,False,False,169,1,True,304,61,0.2006578947368421,0.1828696521762698,0.0,10.499939089445965,10.499939089445965,10.499939089445965,10.499939089445965,10.499939089445965,10.499939089445965,0.0,0.0,0.0,0.0,0.0,0.0,-5.65,6.55250788703459,False,False,False,False,False,False,,,0,0,0,0,0,0,0,0,0,0,0,0
4425,Vellum,https://www.crunchbase.com/organization/vellum-ink,The Netherlands,52.3730796,4.8924534,2020,3.0,True,True,False,False,False,False,False,False,False,True,False,False,False,False,0,1,1,0.0,0.0,2020-03-17,2020-03-17,Pre-Seed,2020,0.0,False,,True,,2.0,12.0,False,,True,,False,,False,,False,,False,,0,0,False,,False,False,,False,,False,,False,,False,,False,,0,,False,,False,False,,True,True,False,False,False,False,False,False,169,1,True,304,61,0.2006578947368421,0.1828696521762698,0.0,10.499939089445965,10.499939089445965,10.499939089445965,10.499939089445965,10.499939089445965,10.499939089445965,0.0,0.0,0.0,0.0,0.0,0.0,-5.65,6.55250788703459,False,False,False,False,False,False,,,0,0,0,0,0,0,0,0,0,0,0,0
4421,Data for Good,https://www.crunchbase.com/organization/data-for-good-dc76,The Netherlands,51.9244424,4.47775,2020,1.0,True,False,False,False,True,True,False,False,False,True,False,False,False,False,0,1,1,1.0,0.0,2020-03-02,2020-03-02,Pre-Seed,2020,0.0,False,False,True,True,14.0,527.0,False,False,True,True,True,True,False,False,False,False,False,False,0,0,False,False,False,False,False,False,False,False,False,False,False,False,False,False,False,0,0.0,False,False,False,False,False,True,True,True,True,False,False,False,False,68,2,True,41,5,0.1219512195121951,0.1150693297847871,0.05735189574909011,7.752778909584272,7.752778909584272,7.752778909584272,0.0,0.0,0.0,7.752778909584272,7.752778909584272,7.752778909584272,0.0,0.0,0.0,-5.65,6.55250788703459,False,False,False,False,False,False,,,0,0,0,0,0,0,0,0,0,0,0,0
4295,geoFluxus,https://www.crunchbase.com/organization/geofluxus,The Netherlands,51.9244424,4.47775,2020,1.0,True,False,False,False,True,False,False,False,False,True,False,True,False,False,0,1,1,1.0,0.0,2020-03-02,2020-03-02,Seed,2020,0.0,False,False,True,True,14.0,527.0,False,False,True,True,True,True,False,False,False,False,False,False,0,0,False,False,False,False,False,False,False,False,False,False,False,False,False,False,False,0,0.0,False,False,False,False,False,True,True,True,True,False,False,False,False,68,2,True,41,5,0.1219512195121951,0.1150693297847871,0.05735189574909011,7.752778909584272,7.752778909584272,7.752778909584272,0.0,0.0,0.0,7.752778909584272,7.752778909584272,7.752778909584272,0.0,0.0,0.0,-5.65,6.55250788703459,False,False,False,False,False,False,,,0,0,0,0,0,0,0,0,0,0,0,0
4412,Atium,https://www.crunchbase.com/organization/atium-1f0c,The Netherlands,52.3730796,4.8924534,2020,3.0,True,True,False,False,True,False,False,False,False,True,False,False,False,False,0,1,1,0.0,0.0,2020-03-30,2020-03-30,Pre-Seed,2020,0.0,False,,True,,2.0,12.0,False,,True,,False,,False,,False,,False,,0,0,False,,False,False,,False,,False,,False,,False,,False,,0,,False,,False,False,,True,True,False,False,False,False,False,False,169,1,True,304,61,0.2006578947368421,0.1828696521762698,0.0,10.499939089445965,10.499939089445965,10.499939089445965,10.499939089445965,10.499939089445965,10.499939089445965,0.0,0.0,0.0,0.0,0.0,0.0,-5.65,6.55250788703459,False,False,False,False,False,False,,,0,0,0,0,0,0,0,0,0,0,0,0
4322,BOW,https://www.crunchbase.com/organization/bow-systems,The Netherlands,52.3563585,6.6636219,2020,1.0,True,False,False,False,True,True,False,False,False,False,False,False,True,False,0,1,1,0.0,0.11219,2020-01-01,2020-01-01,Series A,2020,6.0,True,,False,,1.0,0.0,False,,False,,False,,False,,False,,False,,1,0,True,,True,True,,True,,True,,True,,True,,True,,1,,True,,True,False,,False,False,False,False,False,False,True,True,10,0,False,1,0,0.0,0.0,0.12027243668391589,0.0,0.0,0.0,0.0,0.0,0.0,0.0,0.0,0.0,0.0,0.0,0.0,-5.65,6.55250788703459,False,False,True,False,True,True,,,1,0,1,0,1,0,1,0,1,0,1,0
4404,RoadEO,https://www.crunchbase.com/organization/roadeo-198f,The Netherlands,52.0799838,4.3113461,2020,2.0,True,False,False,False,False,False,False,False,False,True,False,False,False,False,0,1,1,0.0,0.0,2020-09-08,2020-09-08,Pre-Seed,2020,0.0,False,,True,,14.0,527.0,False,,True,,True,,False,,False,,False,,0,0,False,,False,False,,False,,False,,False,,False,,False,,0,,False,,False,False,,True,True,True,True,False,False,False,False,56,2,True,36,6,0.1666666666666666,0.1541506798272582,0.05127095594048748,7.732965863796111,7.732965863796111,7.732965863796111,7.732965863796111,7.732965863796111,7.732965863796111,0.0,0.0,0.0,0.0,0.0,0.0,-5.65,6.55250788703459,False,False,False,False,False,False,,,0,0,0,0,0,0,0,0,0,0,0,0
4085,Skinive,https://www.crunchbase.com/organization/skinive,The Netherlands,52.3730796,4.8924534,2020,3.0,True,True,False,False,True,True,False,True,False,True,False,False,False,False,0,2,2,2.0,0.0,2020-01-11,2021-12-20,Pre-Seed,2020,107.5,True,True,True,True,6.0,6.5,True,True,True,True,True,True,False,False,True,True,False,False,1,1,True,True,False,True,True,True,True,True,True,True,True,True,True,True,True,1,1.0,True,True,False,True,True,False,False,False,False,False,False,True,True,169,1,True,304,61,0.2006578947368421,0.1828696521762698,0.0,0.16018000482055297,0.0,0.32036000964110595,0.0,0.0,0.0,0.0,0.16018000482055297,0.32036000964110595,0.32036000964110595,0.32036000964110595,0.32036000964110595,-5.65,6.55250788703459,False,False,False,False,False,False,,,1,1,1,1,1,1,1,1,1,1,1,1
3963,Tella,https://www.crunchbase.com/organization/tella-b2b0,The Netherlands,52.3730796,4.8924534,2020,2.0,False,True,False,False,False,False,False,False,False,True,True,False,False,False,0,3,6,1.0,2.225,2020-08-20,2025-04-23,Seed,2020,201.1428571428571,False,False,True,True,6.0,24.3,True,False,True,False,False,False,False,False,False,False,False,False,0,0,False,False,False,False,False,False,False,False,False,False,False,False,False,False,False,0,0.0,False,False,False,False,False,True,True,True,True,False,False,False,False,169,1,True,304,61,0.2006578947368421,0.1828696521762698,0.0,7.599640107431367,6.0314315389580315,8.772086474740108,6.0314315389580315,7.404232379546578,8.772086474740108,8.772086474740108,8.772086474740108,8.772086474740108,2.3731404516612002,0.0,4.039476372335112,-5.65,6.55250788703459,False,False,False,False,False,False,,,0,0,0,0,0,0,0,0,0,0,0,0
