company_id,organization_name,organization_name_url,headquarters_country,latitude,longitude,founded_year,number_of_founders,b2b_binary,hub_binary,energy,materials,industrials,consumer_discretionary,consumer_staples,health_care,financials,information_technology,communication_services,utilities,real_estate,other,age,number_seed_rounds,number_seed_investors,mixed_syndicate,one_seed_investor_binary,pre_seed_binary,single_lead_investor,number_lead_seed_investors,lead_investor_in_seed,total_seed_funding_m,low_seed_financing_binary,earliest_seed_round_date,latest_seed_round_date,last_equity_funding_type,year_first_round,average_seed_investors_portfolio_organizations,regional_seed_investor_binary,regional_lead_seed_investor_binary,overregional_seed_investor_binary,overregional_lead_seed_investor_binary,avg_age_of_seed_investors,avg_exits_of_seed_investors,specific_vc_in_seed_binary,specific_lead_vc_in_seed_binary,target_vc_in_seed_binary,target_lead_vc_in_seed_binary,accelerator_funding_binary,accelerator_lead_funding_binary,angel_group_funding_binary,angel_group_lead_funding_binary,micro_vc_funding_binary,micro_vc_lead_funding_binary,corporate_vc_funding_binary,corporate_vc_lead_funding_binary,number_seed_investors_same_city,number_seed_lead_investors_same_city,seed_investor_same_city,seed_lead_investor_same_city,seed_investors_all_same_city,seed_investor_same_city_100,seed_lead_investor_same_city_100,seed_investor_same_city_70,seed_lead_investor_same_city_70,seed_investor_same_city_50,seed_lead_investor_same_city_50,seed_investor_same_city_40,seed_lead_investor_same_city_40,seed_investor_same_city_30,seed_lead_investor_same_city_30,seed_investor_same_city_20,seed_lead_investor_same_city_20,number_homecountry_investors,number_homecountry_lead_investors,homecountry_investor_in_seed_binary,homecountry_lead_investor,all_homecountry_investors_in_seed_binary,hub_vc_in_seed_binary,hub_lead_vc_in_seed_binary,global_investor,all_global_investor,us_investor,all_us_investor,dach_investor,all_dach_investor,european_investor,all_european_investor,vcs_within_50km,top_university_count,top_university_ecosystem_binary,founded_startups_in_environment,successful_startups_in_environment,share_successful_startups_in_environment,log_share_successful_startups_in_environment,distance_to_hub,avg_seed_investor_distance,minimum_seed_vc_distance,max_seed_investor_distance,minimum_seed_vc_distance_non_lead,avg_seed_vc_distance_non_lead,maximum_seed_vc_distance_non_lead,minimum_lead_seed_vc_distance,avg_lead_seed_vc_distance,maximum_lead_seed_vc_distance,avg_seed_investor_pairwise_distance,min_seed_investor_pairwise_distance,max_seed_investor_pairwise_distance,local_portfolio,local_coinv,local_network_score,high_local_net_median,high_local_net_top20,high_portfolio_top20,high_coinv_top20,in_peer_top10_20km,in_coinv_peer_top20_30km,in_portfolio_peer_top20_30km,gdp_growth_founding_year,investment_volume_first_seed_year,exit_binary,funding_success,post_seed_funding,exit_funding_success,exit_round_success,success,exit_date,years_to_exit,peer_coinv_top20_threshold,peer_portfolio_top20_threshold
7075,Spacewell Energy (Dexma),https://www.crunchbase.com/organization/dexma,Spain,41.3825802,2.177073,2007,3.0,True,True,True,False,False,False,False,False,False,True,False,True,False,False,4,2,4,True,False,False,False,2.0,True,1.371296,False,2011-10-25,2014-06-01,Venture - Series Unknown,2011,15.4,True,True,True,True,14.0,2.4,False,False,True,True,False,False,False,False,True,True,False,False,2,1,True,True,False,True,True,True,True,True,True,True,True,True,True,True,True,3,2.0,True,True,True,True,True,False,False,False,False,False,False,True,True,256,2,True,5,1,0.2,0.1823215567939546,0.0,0.1681219145691856,0.0,0.5043657437075568,0.0,0.0,0.0,0.0,0.2521828718537784,0.5043657437075568,0.3362438291383712,0.0,0.5043657437075568,0.0,0.0,0.0,0,0,0,0,0,0,0,3.16,5.743644008081332,True,False,True,True,True,True,2020-12-10,13.0,11.0,15.600000000000025
17714,PVC Recycling,https://www.crunchbase.com/organization/pvc-recycling,United Kingdom,53.4840214,-2.0562536,2007,2.0,True,True,False,False,True,False,False,False,False,False,False,True,False,True,6,1,2,False,False,False,False,0.0,False,0.807199,False,2013-10-03,2013-10-03,Seed,2013,43.0,True,,False,,5.0,5.5,True,,False,,False,,False,,False,,False,,0,0,False,,False,True,,True,,True,,True,,False,,False,,2,,True,,True,False,,False,False,False,False,False,False,True,True,79,1,True,0,0,0.0,0.0,0.012507049324289652,0.03714431064396719,0.03714431064396719,0.03714431064396719,0.03714431064396719,0.03714431064396719,0.03714431064396719,0.0,0.0,0.0,0.0,0.0,0.0,11.0,7.0,0.3689397160931508,1,0,0,0,1,1,1,3.16,6.55250788703459,False,False,False,False,False,False,,,3.0,7.0
16947,Promethean Particles,https://www.crunchbase.com/organization/promethean-particles,United Kingdom,52.9473037,-1.1449555,2007,1.0,True,False,False,False,True,False,False,False,False,False,False,True,False,False,12,1,1,False,True,False,True,1.0,True,0.964869,False,2019-11-14,2019-11-14,Series A,2019,184.0,False,False,True,True,35.0,38.0,False,False,True,True,False,False,False,False,False,False,False,False,0,0,False,False,False,False,False,False,False,False,False,False,False,False,False,False,False,1,1.0,True,True,True,True,True,False,False,False,False,False,False,True,True,80,1,True,0,0,0.0,0.0,0.09417039907723379,0.17586985440455855,0.17586985440455855,0.17586985440455855,0.0,0.0,0.0,0.17586985440455855,0.17586985440455855,0.17586985440455855,0.0,0.0,0.0,1.0,0.0,0.0,0,0,0,0,1,0,0,3.16,8.006700845440367,False,False,True,False,True,True,,,1.0,3.0
5215,Energy Floors,https://www.crunchbase.com/organization/energy-floors,The Netherlands,51.9244424,4.47775,2007,1.0,True,False,True,False,False,False,False,False,False,True,False,True,True,False,13,1,1,False,True,False,False,0.0,False,0.06147,True,2020-06-21,2020-06-21,Seed,2020,153.0,True,,False,,10.0,7.0,True,,False,,True,,False,,False,,False,,0,0,False,,False,True,,False,,False,,False,,False,,False,,1,,True,,True,False,,False,False,False,False,False,False,True,True,118,2,True,0,0,0.0,0.0,0.05735189574909011,0.08758965559566403,0.08758965559566403,0.08758965559566403,0.08758965559566403,0.08758965559566403,0.08758965559566403,0.0,0.0,0.0,0.0,0.0,0.0,1.0,1.0,0.0637308819147395,0,0,0,0,0,1,0,3.16,6.55250788703459,False,False,False,False,False,False,,,1.0,5.0
9535,Quentic,https://www.crunchbase.com/organization/ecointense,Germany,52.510885,13.3989367,2007,1.0,True,True,False,False,False,True,False,False,False,True,False,True,False,False,1,2,4,False,False,False,False,0.0,False,1.818,False,2008-02-01,2008-02-01,Private Equity,2008,232.33333333333337,True,,True,,4.3,44.2,False,,True,,False,,True,,True,,False,,2,0,True,,False,True,,True,,True,,True,,True,,True,,4,,True,,False,True,,False,False,False,False,True,True,True,True,539,3,True,8,4,0.5,0.4054651081081644,0.0,0.38877692661818875,0.0,0.6891373106448715,0.0,0.38877692661818875,0.6891373106448715,0.0,0.0,0.0,0.40569905973452175,0.0,0.6891373106448715,2.0,0.0,0.0402231640645322,0,0,0,0,0,0,0,3.16,6.922151159265869,True,True,True,True,True,True,2022-05-12,15.0,18.800000000000068,29.0
11956,ResourceKraft,https://www.crunchbase.com/organization/resourcekraft,Ireland,52.661252,-8.6301239,2007,2.0,True,False,True,False,False,False,False,False,False,False,False,True,False,False,3,1,2,False,False,False,False,0.0,False,0.813,False,2010-04-01,2010-04-01,Seed,2010,369.5,True,,True,,11.5,65.0,False,,True,,False,,False,,False,,False,,0,0,False,,False,True,,False,,False,,False,,False,,False,,2,,True,,True,True,,False,False,False,False,False,False,True,True,2,0,False,0,0,0.0,0.0,0.17603491944612973,0.1308127204572793,0.08548655371453442,0.17613888720002416,0.08548655371453442,0.1308127204572793,0.17613888720002416,0.0,0.0,0.0,0.21962513333732103,0.21962513333732103,0.21962513333732103,0.0,0.0,0.0,0,0,0,0,1,0,0,3.16,3.955082494888593,False,False,False,False,False,False,,,2.6000000000000005,3.6000000000000005
751,Worldfavor,https://www.crunchbase.com/organization/worldfavor,Sweden,59.3251172,18.0710935,2008,4.0,False,True,False,False,True,False,False,False,False,True,False,True,False,False,9,2,3,False,False,False,False,3.0,True,3.946701,False,2017-06-07,2019-12-17,Series A,2017,39.666666666666664,True,True,True,True,3.3,4.3,False,False,True,True,False,False,False,False,False,False,False,False,2,2,True,True,False,True,True,True,True,True,True,True,True,True,True,True,True,3,3.0,True,True,True,True,True,False,False,False,False,False,False,True,True,334,2,True,10,6,0.6,0.4700036292457355,0.0,0.15574481591713343,0.0,0.4661347318624995,0.0,0.0,0.0,0.0,0.15574481591713343,0.4661347318624995,0.31075708697495535,0.0010997158889007883,0.4661347318624995,8.0,7.0,0.3404009270154831,1,0,0,0,0,0,0,0.64,,False,False,True,False,True,True,,,12.0,18.200000000000017
21456,Windar Photonics,https://www.crunchbase.com/organization/windar-photonics,Denmark,55.6522136,12.292049,2008,1.0,True,True,True,True,False,False,False,False,False,False,False,True,False,False,3,1,1,False,True,False,False,0.0,False,0.0,True,2011-09-20,2011-09-20,Post-IPO Equity,2011,151.0,True,,False,,7.0,35.0,False,,True,,False,,False,,False,,False,,0,0,False,,False,True,,True,,True,,True,,True,,True,,1,,True,,True,True,,False,False,False,False,False,False,True,True,214,2,True,0,0,0.0,0.0,0.017852195831434464,0.017852195831434443,0.017852195831434443,0.017852195831434443,0.017852195831434443,0.017852195831434443,0.017852195831434443,0.0,0.0,0.0,0.0,0.0,0.0,4.0,2.0,0.1919094156907527,1,0,0,0,0,0,0,0.64,4.877484781308751,True,False,False,True,True,True,2015-03-30,7.0,17.400000000000006,35.400000000000006
5007,Photanol,https://www.crunchbase.com/organization/photanol,The Netherlands,52.3730796,4.8924534,2008,1.0,True,True,True,False,True,False,False,True,False,False,False,True,False,False,0,1,1,False,True,True,False,0.0,False,0.0,True,2008-03-01,2008-03-01,Venture - Series Unknown,2008,11.0,True,,False,,16.0,2.0,False,,False,,False,,False,,False,,False,,1,0,True,,True,True,,True,,True,,True,,True,,True,,1,,True,,True,True,,False,False,False,False,False,False,True,True,337,1,True,8,1,0.125,0.1177830356563834,0.0,0.0,0.0,0.0,0.0,0.0,0.0,0.0,0.0,0.0,0.0,0.0,0.0,0.0,0.0,0.0,0,0,0,0,0,0,0,0.64,5.559141984829935,False,False,True,False,True,True,,,6.0,14.0
17079,QED Naval,https://www.crunchbase.com/organization/qed-naval,United Kingdom,55.9519018,-3.1904199,2008,1.0,True,False,True,False,True,False,False,False,False,False,False,True,False,False,7,4,3,True,False,False,False,1.0,True,1.978995,False,2015-03-10,2019-06-01,Equity Crowdfunding,2015,109.71428571428572,True,True,True,False,13.3,11.9,False,False,True,False,True,False,True,True,False,False,False,False,0,0,False,False,False,True,True,True,True,False,False,False,False,False,False,False,False,7,4.0,True,True,True,True,False,False,False,False,False,False,False,True,True,45,1,True,4,2,0.5,0.4054651081081644,0.28153747747239416,0.13370786450876718,0.06681944536470315,0.5350383793731515,0.06681944536470315,0.22289242336751922,0.5350383793731515,0.06681944536470315,0.06681944536470315,0.06681944536470315,0.15887680924667283,0.0,0.5560688323633549,6.0,8.0,0.32629937040735,1,0,0,0,0,0,0,0.64,7.170888478512505,False,False,False,False,False,False,,,9.0,13.0
7707,Going Green,https://www.crunchbase.com/organization/going-green,Spain,41.3598601,2.0997927,2008,1.0,True,True,True,False,False,False,False,False,False,False,True,True,False,False,1,1,1,False,True,False,True,1.0,True,0.954606,False,2009-09-24,2009-09-24,Venture - Series Unknown,2009,2.0,True,True,False,False,0.0,0.0,False,False,False,False,False,False,False,False,False,False,False,False,1,1,True,True,True,True,True,True,True,True,True,True,True,True,True,True,True,1,1.0,True,True,True,True,True,False,False,False,False,False,False,True,True,256,2,True,12,2,0.1666666666666666,0.1541506798272582,0.006925901098916158,0.006925901098916198,0.006925901098916198,0.006925901098916198,0.0,0.0,0.0,0.006925901098916198,0.006925901098916198,0.006925901098916198,0.0,0.0,0.0,0.0,0.0,0.0,0,0,0,0,0,0,0,0.64,5.268373490174964,False,False,True,False,True,True,,,11.0,15.800000000000011
1679,GasSecure,https://www.crunchbase.com/organization/gassecure,Norway,59.9723975,10.7757292,2008,2.0,True,True,True,True,True,False,False,False,False,True,False,True,False,False,1,1,2,False,False,False,False,0.0,False,0.0,True,2009-12-04,2009-12-04,Venture - Series Unknown,2009,28.0,False,,True,,4.0,6.5,False,,False,,False,,False,,False,,False,,0,0,False,,False,False,,False,,False,,False,,False,,False,,2,,True,,True,False,,False,False,False,False,False,False,True,True,117,1,True,1,1,1.0,0.6931471805599453,0.0068796624669323235,0.39242857586787727,0.39242857586787727,0.39242857586787727,0.39242857586787727,0.39242857586787727,0.39242857586787727,0.0,0.0,0.0,0.0,0.0,0.0,0.0,0.0,0.0,0,0,0,0,0,0,0,0.64,4.859812404361672,True,False,True,True,True,True,2015-03-10,7.0,6.0,7.600000000000008
7431,Hydrokemós,https://www.crunchbase.com/organization/hydrokemos,Spain,42.0478304,2.2643391,2008,1.0,True,False,False,False,True,False,False,False,False,False,False,True,False,False,7,2,2,True,False,False,False,1.0,True,0.534834,False,2015-03-01,2017-01-17,Seed,2015,11.5,True,True,False,False,1.0,0.5,False,False,False,False,False,False,False,False,False,False,False,False,0,0,False,False,False,True,True,False,False,False,False,False,False,False,False,False,False,2,1.0,True,True,True,True,True,False,False,False,False,False,False,True,True,6,0,False,0,0,0.0,0.0,0.07432621820627276,0.07432621820627261,0.07432621820627261,0.07432621820627261,0.07432621820627261,0.07432621820627261,0.07432621820627261,0.07432621820627261,0.07432621820627261,0.07432621820627261,0.0,0.0,0.0,1.0,0.0,0.0,0,0,0,0,1,1,1,0.64,6.2166061010848646,False,False,False,False,False,False,,,0.0,0.8
2830,Quelle Energie,https://www.crunchbase.com/organization/quelle,France,48.8534951,2.3483915,2008,2.0,True,True,True,False,True,False,False,False,False,False,False,True,False,False,2,1,1,False,True,False,False,0.0,False,0.719074,False,2010-01-18,2010-01-18,Seed,2010,132.0,True,,False,,10.0,39.0,False,,True,,False,,False,,False,,False,,1,0,True,,True,True,,True,,True,,True,,True,,True,,1,,True,,True,True,,False,False,False,False,False,False,True,True,841,4,True,23,8,0.3478260869565217,0.2984929885559965,0.0006205248203236772,0.0,0.0,0.0,0.0,0.0,0.0,0.0,0.0,0.0,0.0,0.0,0.0,0.0,0.0,0.0,0,0,0,0,0,0,0,0.64,5.993961427306569,False,False,False,False,False,False,,,28.0,37.0
22195,Wello,https://www.crunchbase.com/organization/wello-oy,Finland,60.83333,26.0,2008,2.0,True,False,True,False,False,False,False,False,False,True,False,True,False,False,1,1,2,False,False,False,False,0.0,False,0.0,True,2009-01-01,2009-01-01,Equity Crowdfunding,2009,43.5,False,,True,,8.0,12.0,True,,False,,False,,False,,False,,False,,0,0,False,,False,False,,False,,False,,False,,False,,False,,2,,True,,True,False,,False,False,False,False,False,False,True,True,32,0,False,1,0,0.0,0.0,0.09398058736034391,0.19050738029702485,0.16776442853543902,0.21325033205861071,0.16776442853543902,0.19050738029702485,0.21325033205861071,0.0,0.0,0.0,0.21438964865875498,0.21438964865875498,0.21438964865875498,0.0,0.0,0.0,0,0,0,0,0,0,0,0.64,4.541164856012179,False,False,False,False,False,False,,,2.0,5.0
17240,CRESS Systems,https://www.crunchbase.com/organization/cress-systems,United Kingdom,54.6179021,-1.0687914,2009,1.0,True,False,True,False,False,False,False,False,False,False,False,True,False,False,7,1,1,False,True,False,False,0.0,False,0.255607,True,2016-04-11,2016-04-11,Seed,2016,285.0,True,,False,,12.0,27.0,False,,True,,False,,False,,False,,False,,0,0,False,,False,True,,True,,False,,False,,False,,False,,1,,True,,True,False,,False,False,False,False,False,False,True,True,10,0,False,0,0,0.0,0.0,0.14805298129456224,0.053134900718879934,0.053134900718879934,0.053134900718879934,0.053134900718879934,0.053134900718879934,0.053134900718879934,0.0,0.0,0.0,0.0,0.0,0.0,13.0,0.0,0.1930392076040493,1,0,0,0,1,0,0,-4.35,6.803505257608338,True,False,False,True,True,True,2019-03-14,10.0,3.0,19.0
305,Bin-e,https://www.crunchbase.com/organization/bin-e-smart-waste-bin,Poland,52.4082663,16.9335199,2009,2.0,True,False,False,False,True,False,False,False,False,True,False,True,True,False,9,2,2,False,False,False,False,0.0,False,2.337925,False,2018-01-01,2019-03-01,Venture - Series Unknown,2018,78.0,False,,True,,5.5,4.0,True,,False,,True,,False,,False,,False,,0,0,False,,False,False,,False,,False,,False,,False,,False,,2,,True,,False,True,,False,False,False,False,False,False,True,True,12,0,False,1,0,0.0,0.0,0.23972769721803155,0.5347590282344059,0.27750303392133147,0.7920150225474804,0.27750303392133147,0.5347590282344059,0.7920150225474804,0.0,0.0,0.0,0.7123314565060728,0.0,1.0684971847591092,0.0,0.0,0.0,0,0,0,0,0,1,0,-4.35,3.535145354171894,False,False,True,False,True,True,,,0.0,6.0
21574,Inventilate,https://www.crunchbase.com/organization/inventilate,Denmark,56.1390178,9.1547931,2009,1.0,True,False,True,False,False,True,False,False,False,True,False,True,True,True,4,2,3,False,False,False,False,0.0,False,1.719425,False,2013-05-30,2014-11-21,Seed,2013,45.25,True,,True,,3.7,5.5,False,,False,,True,,False,,False,,False,,0,0,False,,False,True,,True,,True,,False,,False,,False,,4,,True,,True,True,,False,False,False,False,False,False,True,True,5,0,False,0,0,0.0,0.0,0.21867475404405654,0.14748208888425657,0.041313004517177385,0.21867475404405648,0.041313004517177385,0.14748208888425657,0.21867475404405648,0.0,0.0,0.0,0.1781252211089715,0.0,0.25679933022404106,2.0,0.0,0.0402231640645322,0,0,0,0,1,0,0,-4.35,4.122283930911342,False,False,False,False,False,False,,,0.8,6.0
17336,Eco Market,https://www.crunchbase.com/organization/ethical-community,United Kingdom,51.4893335,-0.1440551,2009,2.0,True,True,False,True,False,True,False,False,True,False,False,True,False,False,2,3,6,False,False,True,False,0.0,False,1.028781,False,2011-10-30,2013-03-01,Seed,2011,2.111111111111111,True,,True,,3.0,0.6,False,,False,,False,,False,,False,,False,,6,0,True,,False,True,,True,,True,,True,,True,,True,,6,,True,,False,True,,True,True,True,False,False,False,True,False,1939,5,True,91,35,0.3846153846153846,0.3254224004346279,0.004639509600861782,2.376486145050738,0.0,7.1294584351522134,0.0,2.376486145050738,7.1294584351522134,0.0,0.0,0.0,3.5647292175761067,0.0,7.1294584351522134,1.0,8.0,0.2020221159455006,1,0,0,0,0,0,0,-4.35,6.68586094706836,False,False,False,False,False,False,,,45.0,65.0
17145,Cambridge Photon Technology,https://www.crunchbase.com/organization/cambridge-photon-technology,United Kingdom,52.2055314,0.1186637,2009,2.0,True,True,True,True,False,False,False,False,False,False,False,True,False,False,11,1,1,False,True,False,False,0.0,False,1.961123,False,2020-01-24,2020-01-24,Seed,2020,165.0,True,,False,,11.0,30.0,False,,True,,False,,False,,False,,False,,0,0,False,,False,True,,False,,False,,False,,False,,False,,1,,True,,True,True,,False,False,False,False,False,False,True,True,54,1,True,6,5,0.8333333333333334,0.6061358035703156,0.0,0.0816565725707354,0.0816565725707354,0.0816565725707354,0.0816565725707354,0.0816565725707354,0.0816565725707354,0.0,0.0,0.0,0.0,0.0,0.0,22.0,13.0,0.4849330890611862,1,1,0,1,0,1,1,-4.35,7.901377353792616,False,False,False,False,False,False,,,10.0,17.0
1694,Havkraft,https://www.crunchbase.com/organization/havkraft,Norway,61.98501,5.13796,2009,1.0,True,False,True,False,False,False,False,False,False,False,False,True,False,False,1,1,1,False,True,False,False,0.0,False,0.0,True,2010-12-28,2010-12-28,Seed,2010,25.0,False,,True,,7.0,5.0,False,,False,,False,,False,,False,,False,,0,0,False,,False,False,,False,,False,,False,,False,,False,,1,,True,,True,False,,False,False,False,False,False,False,True,True,0,0,False,0,0,0.0,0.0,0.3799525516574699,0.13312375943310004,0.13312375943310004,0.13312375943310004,0.13312375943310004,0.13312375943310004,0.13312375943310004,0.0,0.0,0.0,0.0,0.0,0.0,0.0,0.0,0.0,0,0,0,0,1,1,1,-4.35,5.0466457316192885,False,False,False,False,False,False,,,0.0,0.0
17209,SenseLogix,https://www.crunchbase.com/organization/senselogix,United Kingdom,53.2789347,-2.9022507,2009,2.0,True,False,True,False,False,False,False,False,False,True,False,True,False,False,1,1,2,False,False,False,False,0.0,False,1.192796,False,2010-10-11,2010-10-11,Venture - Series Unknown,2010,203.0,False,,True,,14.0,32.0,False,,True,,False,,False,,False,,False,,0,0,False,,False,False,,False,,False,,False,,False,,False,,1,,True,,False,False,,True,True,True,False,False,False,True,False,57,1,True,0,0,0.0,0.0,0.04896086516045026,2.998777262915196,0.2047230789535309,5.792831446876861,0.2047230789535309,2.998777262915196,5.792831446876861,0.0,0.0,0.0,5.796749156998771,5.796749156998771,5.796749156998771,0.0,0.0,0.0,0,0,0,0,0,0,0,-4.35,6.55250788703459,False,False,True,False,True,True,,,2.0,9.200000000000005
16953,Much Better Adventures,https://www.crunchbase.com/organization/much-better-adventures,United Kingdom,51.4893335,-0.1440551,2009,3.0,False,True,False,False,False,True,False,False,False,True,False,True,False,False,7,1,7,True,False,False,False,1.0,True,0.69688,False,2016-02-29,2016-02-29,Venture - Series Unknown,2016,93.0,True,True,True,False,4.0,14.9,False,False,True,True,True,True,True,False,True,True,False,False,6,1,True,True,False,True,True,True,True,True,True,True,True,True,True,True,True,6,1.0,True,True,False,True,True,False,False,False,False,False,False,True,True,1939,5,True,91,35,0.3846153846153846,0.3254224004346279,0.004639509600861782,0.20498334377597988,0.0,1.4348834064318592,0.0,0.23914723440530983,1.4348834064318592,0.0,0.0,0.0,0.4099666875519598,0.0,1.4348834064318592,129.0,111.0,0.84794850605393,1,1,1,1,0,1,1,-4.35,6.803505257608338,False,False,True,False,True,True,,,45.0,65.0
16959,Pavegen,https://www.crunchbase.com/organization/pavegen-systems,United Kingdom,51.4893335,-0.1440551,2009,1.0,True,True,True,False,False,False,False,False,False,True,False,True,False,False,2,3,4,False,False,True,False,0.0,False,2.132949,False,2011-09-26,2018-12-10,Equity Crowdfunding,2011,30.0,True,,True,,11.3,4.5,False,,False,,False,,True,,True,,False,,2,0,True,,False,True,,True,,True,,True,,True,,True,,2,,True,,False,True,,True,True,True,False,False,False,True,False,1939,5,True,91,35,0.3846153846153846,0.3254224004346279,0.004639509600861782,3.5239942131966595,0.0,8.616713337577476,0.0,3.5239942131966595,8.616713337577476,0.0,0.0,0.0,6.8689299751509,0.0,13.021626145332123,1.0,0.0,0.0,0,0,0,0,0,0,0,-4.35,6.68586094706836,False,False,False,False,False,False,,,45.0,65.0
16960,Ecolibrium,https://www.crunchbase.com/organization/ecolibrium,United Kingdom,51.4893335,-0.1440551,2009,2.0,True,True,False,False,True,False,False,False,False,True,False,True,False,False,4,3,6,True,False,False,False,4.0,True,9.2,False,2013-05-27,2022-06-13,Seed,2013,28.0,True,True,True,True,14.9,3.0,True,True,False,False,True,False,False,False,True,True,False,False,2,2,True,True,False,True,True,True,True,True,True,True,True,True,True,True,True,2,2.0,True,True,False,True,True,True,True,True,False,False,False,True,False,1939,5,True,91,35,0.3846153846153846,0.3254224004346279,0.004639509600861782,4.9920576743421625,0.0,8.161541970742212,5.8980447349346665,6.968338001962831,8.161541970742212,0.0,3.50984742862666,7.193962414295025,6.0083166160366615,0.0,13.84713334911126,8.0,0.0,0.1492082812712644,0,0,0,0,0,0,0,-4.35,6.55250788703459,False,False,False,False,False,False,,,45.0,65.0
9732,Next Kraftwerke,https://www.crunchbase.com/organization/next-kraftwerke-gmbh,Germany,50.938361,6.959974,2009,2.0,True,False,True,False,False,False,False,False,False,False,False,True,False,False,1,2,3,False,False,False,False,0.0,False,0.0,True,2010-05-19,2010-05-19,Corporate Round,2010,347.5,True,,True,,8.5,73.8,False,,True,,False,,False,,False,,False,,0,0,False,,False,True,,True,,True,,True,,True,,False,,4,,True,,True,True,,False,False,False,False,True,True,True,True,135,0,False,8,2,0.25,0.2231435513142097,0.1832177169298696,0.1906494266655526,0.024700970716888863,0.3565978826142164,0.024700970716888863,0.1906494266655526,0.3565978826142164,0.0,0.0,0.0,0.24679700610379135,0.0,0.37019550915568705,2.0,1.0,0.1039540459792718,0,0,0,0,0,1,0,-4.35,6.398594934535208,True,False,True,True,True,True,2021-02-25,12.0,0.0,3.0
20196,Treedom,https://www.crunchbase.com/organization/treedom,Italy,43.7697955,11.2556404,2010,3.0,False,False,False,True,True,True,False,False,False,True,True,True,False,True,1,1,1,False,True,False,True,1.0,True,8.0,False,2011-06-01,2011-06-01,Venture - Series Unknown,2011,47.0,False,False,True,True,0.0,13.0,False,False,False,False,False,False,False,False,False,False,False,False,0,0,False,False,False,False,False,False,False,False,False,False,False,False,False,False,False,1,1.0,True,True,True,True,True,False,False,False,False,False,False,True,True,10,0,False,3,1,0.3333333333333333,0.2876820724517809,0.24945797158136823,0.24945797158136832,0.24945797158136832,0.24945797158136832,0.0,0.0,0.0,0.24945797158136832,0.24945797158136832,0.24945797158136832,0.0,0.0,0.0,0.0,0.0,0.0,0,0,0,0,0,0,0,2.23,4.680277658474897,False,True,True,True,True,True,,,1.200000000000001,10.2
2664,Evolution Energie,https://www.crunchbase.com/organization/evolution-energie,France,48.8534951,2.3483915,2010,1.0,True,True,True,False,True,False,False,False,False,True,False,True,False,False,5,1,1,False,True,False,False,0.0,False,0.0,True,2015-03-20,2015-03-20,Seed,2015,230.0,False,,True,,5.0,44.0,False,,False,,True,,False,,False,,False,,0,0,False,,False,False,,False,,False,,False,,False,,False,,0,,False,,False,True,,False,False,False,False,False,False,True,True,841,4,True,69,29,0.4202898550724637,0.3508609740733124,0.0006205248203236772,0.26406959986596473,0.26406959986596473,0.26406959986596473,0.26406959986596473,0.26406959986596473,0.26406959986596473,0.0,0.0,0.0,0.0,0.0,0.0,11.0,4.0,0.3257255955787148,1,0,0,0,0,0,0,2.23,6.2166061010848646,False,False,False,False,False,False,,,28.0,37.0
4718,REstore,https://www.crunchbase.com/organization/restore-eu,Belgium,51.2211097,4.3997081,2010,2.0,True,False,True,False,True,False,False,False,False,True,False,True,False,False,2,1,1,False,True,False,True,1.0,True,4.150547,False,2012-09-01,2012-09-01,Venture - Series Unknown,2012,74.0,True,True,False,False,18.0,15.0,True,True,False,False,False,False,False,False,False,False,False,False,0,0,False,False,False,True,True,False,False,False,False,False,False,False,False,False,False,1,1.0,True,True,True,False,False,False,False,False,False,False,False,True,True,142,0,False,1,0,0.0,0.0,0.04178341661806711,0.07307711809691768,0.07307711809691768,0.07307711809691768,0.0,0.0,0.0,0.07307711809691768,0.07307711809691768,0.07307711809691768,0.0,0.0,0.0,0.0,0.0,0.0,0,0,0,0,0,0,0,2.23,4.843399374720342,True,False,True,True,True,True,2017-11-03,7.0,3.200000000000003,4.0
2567,Green Creative,https://www.crunchbase.com/organization/green-creative,France,48.7711323,2.5221284,2010,2.0,True,True,False,False,True,False,False,False,False,False,False,True,False,False,4,1,1,False,True,False,False,0.0,False,0.762682,False,2014-10-21,2014-10-21,Venture - Series Unknown,2014,7.0,True,,False,,8.0,0.0,False,,False,,False,,False,,False,,False,,0,0,False,,False,True,,True,,True,,True,,True,,False,,1,,True,,True,False,,False,False,False,False,False,False,True,True,841,4,True,1,0,0.0,0.0,0.016121174428764557,0.025814926165797513,0.025814926165797513,0.025814926165797513,0.025814926165797513,0.025814926165797513,0.025814926165797513,0.0,0.0,0.0,0.0,0.0,0.0,0.0,0.0,0.0,0,0,0,0,0,0,0,2.23,5.993961427306569,False,False,True,False,True,True,,,28.0,37.0
5413,BeGreen,https://www.crunchbase.com/organization/begreen,The Netherlands,52.1562499,5.3896944,2010,1.0,False,False,True,False,False,False,False,False,False,False,False,True,False,False,4,1,1,False,True,False,False,0.0,False,0.0,True,2014-12-18,2014-12-18,Venture - Series Unknown,2014,12.0,True,,False,,2.0,1.0,False,,False,,False,,False,,False,,False,,0,0,False,,False,True,,True,,False,,False,,False,,False,,1,,True,,True,False,,False,False,False,False,False,False,True,True,330,1,True,2,0,0.0,0.0,0.04154943615786364,0.06189470333468106,0.06189470333468106,0.06189470333468106,0.06189470333468106,0.06189470333468106,0.06189470333468106,0.0,0.0,0.0,0.0,0.0,0.0,0.0,0.0,0.0,0,0,0,0,0,1,0,2.23,5.303304908059076,False,False,True,False,True,True,,,0.0,4.0
7372,Oxolutia,https://www.crunchbase.com/organization/oxolutia,Spain,41.82046,1.86768,2010,4.0,True,False,False,False,True,False,False,False,False,False,False,True,False,False,6,1,1,False,True,False,True,1.0,True,0.339481,True,2016-06-20,2016-06-20,Seed,2016,5.0,True,True,False,False,1.0,0.0,False,False,False,False,False,False,False,False,False,False,False,False,0,0,False,False,False,True,True,True,True,False,False,False,False,False,False,False,False,1,1.0,True,True,True,True,True,False,False,False,False,False,False,True,True,9,0,False,0,0,0.0,0.0,0.055068363231187994,0.055068363231187994,0.055068363231187994,0.055068363231187994,0.0,0.0,0.0,0.055068363231187994,0.055068363231187994,0.055068363231187994,0.0,0.0,0.0,0.0,0.0,0.0,0,0,0,0,1,1,1,2.23,5.993961427306569,False,False,False,False,False,False,,,0.0,0.0
16987,Ethical Power,https://www.crunchbase.com/organization/ethical-power,United Kingdom,50.7256138,-3.5269209,2010,1.0,True,False,True,False,False,False,False,False,False,False,False,True,False,False,1,1,1,False,True,False,True,1.0,True,3.873536,False,2011-09-05,2011-09-05,Seed,2011,8.0,False,False,True,True,25.0,3.0,False,False,True,True,False,False,False,False,False,False,False,False,0,0,False,False,False,False,False,False,False,False,False,False,False,False,False,False,False,1,1.0,True,True,True,True,True,False,False,False,False,False,False,True,True,5,1,True,2,1,0.5,0.4054651081081644,0.19486616863761969,0.25094981200696187,0.25094981200696187,0.25094981200696187,0.0,0.0,0.0,0.25094981200696187,0.25094981200696187,0.25094981200696187,0.0,0.0,0.0,0.0,0.0,0.0,0,0,0,0,1,1,0,2.23,6.68586094706836,False,False,False,False,False,False,,,0.0,1.0
4624,Zencar,https://www.crunchbase.com/organization/zencar,Belgium,50.8331141,4.3668279,2010,1.0,False,True,True,False,True,False,False,False,True,False,False,True,False,False,5,1,2,False,False,False,False,0.0,False,2.071115,False,2015-07-02,2015-07-02,Seed,2015,31.5,True,,False,,4.0,4.0,False,,False,,False,,False,,False,,False,,2,0,True,,True,True,,True,,True,,True,,True,,True,,2,,True,,True,True,,False,False,False,False,False,False,True,True,144,0,False,7,0,0.0,0.0,0.0018339343299105652,0.001833934329910997,0.001833934329910997,0.001833934329910997,0.001833934329910997,0.001833934329910997,0.001833934329910997,0.0,0.0,0.0,0.0,0.0,0.0,4.0,2.0,0.1919094156907527,1,0,0,0,0,0,0,2.23,4.61512051684126,True,False,False,True,True,True,2020-12-21,10.0,4.0,18.40000000000001
11871,Nines Photovoltaics,https://www.crunchbase.com/organization/nines-photovoltaic,Ireland,53.3436671,-6.2544366,2010,1.0,True,True,True,True,True,False,False,False,False,False,True,True,False,False,3,1,3,False,False,False,False,0.0,False,0.465369,True,2013-09-12,2013-09-12,Venture - Series Unknown,2013,33.0,True,,True,,9.0,7.3,False,,False,,False,,False,,False,,False,,2,0,True,,False,True,,True,,True,,True,,True,,True,,3,,True,,True,True,,False,False,False,False,False,False,True,True,100,0,False,22,6,0.2727272727272727,0.241162056816888,0.0007540886496293537,0.073208377779107,0.0,0.21962513333732103,0.0,0.073208377779107,0.21962513333732103,0.0,0.0,0.0,0.146416755558214,0.0,0.21962513333732103,2.0,1.0,0.1039540459792718,0,0,0,0,0,0,0,2.23,4.742320024135325,False,False,True,False,True,True,,,21.0,60.0
9862,WeSustain,https://www.crunchbase.com/organization/wesustain,Germany,53.4767351,9.7003941,2010,3.0,True,False,False,False,False,False,False,False,False,True,False,True,False,False,0,2,2,False,False,False,False,0.0,False,0.0,True,2010-10-19,2010-10-19,Series B,2010,662.0,False,,True,,5.0,125.5,False,,True,,False,,False,,False,,False,,0,0,False,,False,False,,False,,False,,False,,False,,False,,2,,True,,True,False,,False,False,False,False,True,True,True,True,112,0,False,0,0,0.0,0.0,0.021474113762119305,0.3526584894682083,0.3526584894682083,0.3526584894682083,0.3526584894682083,0.3526584894682083,0.3526584894682083,0.0,0.0,0.0,0.0,0.0,0.0,2.0,0.0,0.0402231640645322,0,0,0,0,1,0,0,2.23,6.398594934535208,True,False,True,True,True,True,2021-04-30,11.0,2.4000000000000057,10.0
9866,InvenSor GmbH,https://www.crunchbase.com/organization/invensor-gmbh,Germany,52.510885,13.3989367,2010,1.0,True,True,True,True,True,True,False,False,False,True,False,True,False,True,2,1,2,False,False,False,False,0.0,False,0.921391,False,2012-12-17,2012-12-17,Series D,2012,62.0,True,,True,,11.5,13.0,False,,True,,False,,False,,False,,False,,1,0,True,,False,True,,True,,True,,True,,True,,True,,2,,True,,True,True,,False,False,False,False,True,True,True,True,539,3,True,48,21,0.4375,0.3629054936893685,0.0,0.22436538384014307,0.0,0.44873076768028614,0.0,0.22436538384014307,0.44873076768028614,0.0,0.0,0.0,0.44873076768028614,0.44873076768028614,0.44873076768028614,0.0,0.0,0.0,0,0,0,0,0,0,0,2.23,6.398594934535208,False,False,True,False,True,True,,,18.800000000000068,29.0
17405,Yomp,https://www.crunchbase.com/organization/yomp,United Kingdom,51.4893335,-0.1440551,2010,2.0,True,True,False,False,True,True,False,True,False,True,True,True,False,False,5,1,2,False,False,False,False,0.0,False,0.302198,True,2015-01-07,2015-01-07,Seed,2015,117.5,True,,True,,5.0,22.5,False,,False,,True,,False,,False,,False,,1,0,True,,False,True,,True,,True,,True,,True,,True,,1,,True,,False,True,,False,False,False,False,False,False,True,True,1939,5,True,164,54,0.3292682926829268,0.2846286349648905,0.004639509600861782,0.16072440960680617,0.0,0.32144881921361235,0.0,0.16072440960680617,0.32144881921361235,0.0,0.0,0.0,0.32144881921361235,0.32144881921361235,0.32144881921361235,3.0,2.0,0.1697730111149502,1,0,0,0,0,0,0,2.23,7.170888478512505,True,False,False,True,True,True,2016-03-08,6.0,45.0,65.0
9514,Electrochaea,https://www.crunchbase.com/organization/electrochaea,Germany,48.103742,11.4220029,2010,1.0,True,True,True,False,False,False,False,False,False,False,False,True,False,False,1,1,1,False,True,False,False,0.0,False,0.25,True,2011-08-01,2011-08-01,Series D,2011,1.0,False,,True,,1.0,0.0,True,,False,,False,,False,,False,,False,,0,0,False,,False,False,,False,,False,,False,,False,,False,,0,,False,,False,False,,True,True,True,True,False,False,False,False,307,2,True,1,0,0.0,0.0,0.011974610792835454,7.663647528910746,7.663647528910746,7.663647528910746,7.663647528910746,7.663647528910746,7.663647528910746,0.0,0.0,0.0,0.0,0.0,0.0,0.0,0.0,0.0,0,0,0,0,0,0,0,2.23,6.55250788703459,False,True,True,True,True,True,,,5.0,14.0
9655,fos4X,https://www.crunchbase.com/organization/fos4x,Germany,48.1371079,11.5753822,2010,2.0,True,True,True,True,True,False,False,False,False,True,False,True,False,False,2,2,4,False,False,False,False,0.0,False,0.0,True,2012-05-04,2012-05-04,Series B,2012,294.3333333333333,True,,True,,8.3,54.8,False,,True,,False,,False,,False,,False,,0,0,False,,False,True,,True,,True,,True,,True,,True,,6,,True,,True,True,,False,False,False,False,True,True,True,True,304,2,True,21,5,0.238095238095238,0.2135741002980589,0.0,0.169645058697102,0.01388758490638867,0.433534186946357,0.01388758490638867,0.169645058697102,0.433534186946357,0.0,0.0,0.0,0.24420500292522654,0.0,0.43803543060195294,16.0,6.0,0.3912151802487554,1,0,0,0,0,1,1,2.23,6.398594934535208,True,False,True,True,True,True,2020-09-07,10.0,5.0,14.0
9639,Saperatec,https://www.crunchbase.com/organization/saperatec,Germany,52.0191005,8.531007,2010,1.0,True,False,False,False,True,False,False,False,False,False,False,True,False,False,1,4,5,True,False,False,False,1.0,True,11.283142,False,2011-02-08,2013-03-13,Venture - Series Unknown,2011,255.33333333333337,True,True,True,False,9.5,51.8,False,False,True,True,False,False,False,False,False,False,False,False,0,0,False,False,False,True,True,True,True,False,False,False,False,False,False,False,False,12,2.0,True,True,True,False,False,False,False,False,False,True,True,True,True,27,0,False,1,0,0.0,0.0,0.19686368343517227,0.1140833114350487,0.06234166487577875,0.17380325851985975,0.06234166487577875,0.12443164074690269,0.17380325851985975,0.06234166487577875,0.06234166487577875,0.06234166487577875,0.07683430053164886,0.0,0.1412089813098464,1.0,0.0,0.0,0,0,0,0,1,1,1,2.23,6.55250788703459,False,False,True,False,True,True,,,0.0,1.0
21425,Resen Waves,https://www.crunchbase.com/organization/resen-waves,Denmark,55.7718649,12.5051413,2010,1.0,True,True,True,False,False,False,False,False,False,False,False,True,False,False,8,1,1,False,True,False,False,0.0,False,1.34506,False,2018-05-22,2018-05-22,Seed,2018,40.0,False,,True,,15.0,6.0,False,,False,,False,,False,,False,,False,,0,0,False,,False,False,,False,,False,,False,,False,,False,,0,,False,,False,True,,False,False,False,False,False,False,True,True,233,2,True,3,2,0.6666666666666666,0.5108256237659906,0.010303257427711297,0.9583648367582916,0.9583648367582916,0.9583648367582916,0.9583648367582916,0.9583648367582916,0.9583648367582916,0.0,0.0,0.0,0.0,0.0,0.0,0.0,0.0,0.0,0,0,0,0,0,0,0,2.23,5.707110264748875,False,False,False,False,False,False,,,17.400000000000006,35.400000000000006
17435,DoNation,https://www.crunchbase.com/organization/donation,United Kingdom,51.4893335,-0.1440551,2011,2.0,True,True,False,False,False,False,False,False,False,True,True,True,False,False,3,2,2,False,False,True,False,0.0,False,0.525331,False,2014-11-17,2014-12-01,Seed,2014,45.0,True,,True,,2.0,3.5,False,,False,,True,,False,,False,,True,,1,0,True,,False,True,,True,,True,,True,,True,,True,,1,,True,,False,True,,False,False,False,False,False,False,True,True,1939,5,True,281,90,0.3202846975088968,0.2778473932736894,0.004639509600861782,0.17130420201255467,0.0,0.34260840402510934,0.0,0.17130420201255467,0.34260840402510934,0.0,0.0,0.0,0.34260840402510934,0.34260840402510934,0.34260840402510934,9.0,6.0,0.3385755158906184,1,0,0,0,0,0,0,1.9,6.803505257608338,False,False,False,False,False,False,,,45.0,65.0
4837,Ecochain Technologies,https://www.crunchbase.com/organization/ecochain-technologies,The Netherlands,52.3730796,4.8924534,2011,2.0,True,True,False,False,True,False,False,False,False,True,False,True,False,False,9,1,1,False,True,False,True,1.0,True,0.0,True,2020-10-01,2020-10-01,Venture - Series Unknown,2020,43.0,False,False,True,True,6.0,7.0,False,False,False,False,False,False,False,False,False,False,False,False,0,0,False,False,False,False,False,False,False,False,False,False,False,False,False,False,False,0,0.0,False,False,False,False,False,False,False,False,False,False,False,True,True,337,1,True,46,15,0.3260869565217391,0.2822324676842162,0.0,0.1672919851118628,0.1672919851118628,0.1672919851118628,0.0,0.0,0.0,0.1672919851118628,0.1672919851118628,0.1672919851118628,0.0,0.0,0.0,3.0,0.0,0.0687619531421999,0,0,0,0,0,0,0,1.9,6.55250788703459,False,False,True,False,True,True,,,6.0,14.0
2734,Open Ocean,https://www.crunchbase.com/organization/open-ocean-2,France,48.8534951,2.3483915,2011,2.0,True,True,True,True,True,False,False,False,False,False,False,True,False,False,4,1,2,True,False,False,False,1.0,True,1.825871,False,2015-02-17,2015-02-17,Seed,2015,145.5,True,True,False,False,16.0,50.5,False,False,True,True,False,False,False,False,False,False,False,False,2,1,True,True,True,True,True,True,True,True,True,True,True,True,True,True,True,2,1.0,True,True,True,True,True,False,False,False,False,False,False,True,True,841,4,True,99,39,0.3939393939393939,0.3321338350226147,0.0006205248203236772,0.0,0.0,0.0,0.0,0.0,0.0,0.0,0.0,0.0,0.0,0.0,0.0,16.0,4.0,0.360278500448122,1,0,0,0,0,0,0,1.9,6.2166061010848646,True,False,False,True,True,True,2022-06-09,11.0,28.0,37.0
4897,Marie-Stella-Maris,https://www.crunchbase.com/organization/marie-stella-maris,The Netherlands,52.3730796,4.8924534,2011,1.0,False,True,False,False,True,True,False,True,False,False,False,True,False,True,9,1,1,False,True,False,True,1.0,True,3.621242,False,2020-12-01,2020-12-01,Series A,2020,1.0,True,True,False,False,14.0,0.0,True,True,False,False,False,False,False,False,False,False,False,False,1,1,True,True,True,True,True,True,True,True,True,True,True,True,True,True,True,1,1.0,True,True,True,True,True,False,False,False,False,False,False,True,True,337,1,True,46,15,0.3260869565217391,0.2822324676842162,0.0,0.0,0.0,0.0,0.0,0.0,0.0,0.0,0.0,0.0,0.0,0.0,0.0,0.0,0.0,0.0,0,0,0,0,0,0,0,1.9,6.55250788703459,False,False,True,False,True,True,,,6.0,14.0
2891,Crosslux,https://www.crunchbase.com/organization/crosslux,France,44.4776793,6.2484788,2011,2.0,True,False,True,True,True,False,False,False,False,False,False,True,False,False,2,1,2,True,False,False,False,1.0,True,0.861515,False,2013-10-04,2013-10-04,Seed,2013,37.5,False,False,True,True,3.0,2.5,False,False,False,False,False,False,False,False,True,True,False,False,0,0,False,False,False,False,False,False,False,False,False,False,False,False,False,False,False,2,1.0,True,True,True,True,True,False,False,False,False,False,False,True,True,1,0,False,1,0,0.0,0.0,0.2292620980241292,0.3753879699569605,0.1805888448298309,0.57018709508409,0.1805888448298309,0.1805888448298309,0.1805888448298309,0.57018709508409,0.57018709508409,0.57018709508409,0.391812013689019,0.391812013689019,0.391812013689019,1.0,0.0,0.0,0,0,0,0,1,1,1,1.9,6.2166061010848646,False,False,False,False,False,False,,,0.0,1.0
4623,Supersec,https://www.crunchbase.com/organization/supersec,Belgium,50.8465573,4.351697,2011,1.0,False,True,False,True,False,False,False,False,False,False,False,True,False,False,5,1,1,False,True,False,True,1.0,True,0.168785,True,2016-06-10,2016-06-10,Seed,2016,11.0,True,True,False,False,3.0,1.0,False,False,False,False,False,False,False,False,False,False,False,False,0,0,False,False,False,True,True,True,True,True,True,True,True,True,True,False,False,1,1.0,True,True,True,False,False,False,False,False,False,False,False,True,True,184,0,False,9,1,0.1111111111111111,0.1053605156578263,0.0,0.024794310156501468,0.024794310156501468,0.024794310156501468,0.0,0.0,0.0,0.024794310156501468,0.024794310156501468,0.024794310156501468,0.0,0.0,0.0,6.0,0.0,0.1242772544618494,0,0,0,0,0,0,0,1.9,5.303304908059076,False,False,False,False,False,False,,,4.0,18.80000000000001
2866,Freemens SAS,https://www.crunchbase.com/organization/freemens-sas,France,45.1836683,5.75448,2011,1.0,True,False,True,False,False,False,False,False,False,True,False,True,False,False,1,2,2,False,False,False,False,2.0,True,0.0,True,2012-06-01,2013-01-01,Seed,2012,5.5,True,True,False,False,11.0,1.5,False,False,False,False,False,False,False,False,True,True,False,False,1,1,True,True,False,True,True,True,True,True,True,True,True,True,True,True,True,2,2.0,True,True,True,False,False,False,False,False,False,False,False,True,True,13,0,False,4,1,0.25,0.2231435513142097,0.16360222204987318,0.04786866181043175,0.0015279645453759592,0.09420935907548753,0.0,0.0,0.0,0.0015279645453759592,0.04786866181043175,0.09420935907548753,0.09286245923728212,0.09286245923728212,0.09286245923728212,0.0,0.0,0.0,0,0,0,0,1,0,0,1.9,5.993961427306569,True,False,False,True,True,True,2018-02-05,7.0,1.0,2.4000000000000004
17504,Ultromex,https://www.crunchbase.com/organization/ultromex,United Kingdom,53.3333672,-2.9774612,2011,3.0,True,False,False,False,False,False,False,False,False,True,False,True,False,False,2,2,3,False,False,False,False,0.0,False,0.950099,False,2013-01-09,2014-01-10,Seed,2013,43.0,True,,True,,6.7,98.3,True,,False,,False,,False,,False,,False,,0,0,False,,False,True,,True,,True,,True,,True,,False,,2,,True,,False,True,,False,False,False,False,False,False,True,True,31,1,True,8,1,0.125,0.1177830356563834,0.051191822030638184,0.2080012044101355,0.026191103131309887,0.5716214069677867,0.026191103131309887,0.2080012044101355,0.5716214069677867,0.0,0.0,0.0,0.36788287475881903,0.0,0.5518243121382285,10.0,5.0,0.3338572616046727,1,0,0,0,1,1,1,1.9,6.55250788703459,False,False,False,False,False,False,,,2.0,7.400000000000006
17051,Recycling Technologies,https://www.crunchbase.com/organization/recycling-technologies-limited,United Kingdom,51.6057801,-1.841922,2011,1.0,True,False,False,False,True,False,False,False,False,False,False,True,False,False,3,2,2,True,False,False,False,1.0,True,1.978714,False,2014-10-01,2016-08-25,Equity Crowdfunding,2014,63.5,False,False,True,True,1.5,6.0,True,True,True,False,False,False,False,False,True,False,False,False,0,0,False,False,False,False,False,False,False,False,False,False,False,False,False,False,False,2,1.0,True,True,True,True,True,False,False,False,False,False,False,True,True,62,0,False,1,0,0.0,0.0,0.043429564353817854,0.13411677585317122,0.11811359106992332,0.1501199606364191,0.1501199606364191,0.1501199606364191,0.1501199606364191,0.11811359106992332,0.11811359106992332,0.11811359106992332,0.0816565725707354,0.0816565725707354,0.0816565725707354,0.0,0.0,0.0,0,0,0,0,1,0,0,1.9,6.803505257608338,False,False,False,False,False,False,,,1.2000000000000002,4.4
17078,BuffaloGrid,https://www.crunchbase.com/organization/buffalogrid,United Kingdom,54.5975804,-5.9277097,2011,3.0,True,False,True,True,False,False,False,False,False,True,False,True,False,False,7,1,7,True,False,False,False,1.0,True,1.64118,False,2018-12-12,2018-12-12,Seed,2018,244.28571428571428,False,False,True,True,4.7,42.7,False,False,True,True,True,False,False,False,True,True,False,False,0,0,False,False,False,False,False,False,False,False,False,False,False,False,False,False,False,4,1.0,True,True,False,True,True,True,True,True,False,False,False,True,False,18,0,False,8,1,0.125,0.1177830356563834,0.1404898807118673,1.5431595677528227,0.5183017739431964,7.018981886772044,0.5183017739431964,1.713969200054427,7.018981886772044,0.5183017739431964,0.5183017739431964,0.5183017739431964,2.3133855077079986,0.0,7.853780173015904,1.0,0.0,0.0,0,0,0,0,0,0,0,1.9,7.696667081526462,False,False,False,False,False,False,,,13.400000000000006,28.40000000000001
9923,akvola Technologies,https://www.crunchbase.com/organization/akvolution,Germany,52.510885,13.3989367,2011,3.0,True,True,False,False,True,False,False,False,False,False,False,True,False,False,3,2,2,False,False,False,False,0.0,False,0.0,True,2014-06-26,2014-06-26,Series A,2014,662.0,False,,True,,9.0,125.5,False,,True,,False,,False,,False,,False,,0,0,False,,False,False,,False,,False,,False,,False,,False,,2,,True,,True,False,,False,False,False,False,True,True,True,True,539,3,True,82,37,0.4512195121951219,0.3724042458472762,0.0,0.4771934692096946,0.4771934692096946,0.4771934692096946,0.4771934692096946,0.4771934692096946,0.4771934692096946,0.0,0.0,0.0,0.0,0.0,0.0,35.0,11.0,0.5152050093578937,1,1,1,0,0,0,1,1.9,6.55250788703459,True,False,True,True,True,True,2021-08-01,10.0,18.800000000000068,29.0
20798,Alleantia,https://www.crunchbase.com/organization/alleantia,Italy,43.4714722,10.6797912,2011,3.0,True,False,True,False,True,False,False,False,False,True,False,True,False,False,0,1,2,False,False,False,False,0.0,False,0.298218,True,2011-06-13,2011-06-13,Seed,2011,1.0,True,,True,,0.0,0.0,False,,False,,False,,False,,False,,False,,1,0,True,,True,True,,True,,True,,True,,True,,True,,1,,True,,True,False,,False,False,False,False,False,False,True,True,2,0,False,2,1,0.5,0.4054651081081644,0.25114731053987616,0.0,0.0,0.0,0.0,0.0,0.0,0.0,0.0,0.0,0.0,0.0,0.0,0.0,0.0,0.0,0,0,0,0,1,1,1,1.9,4.680277658474897,False,False,False,False,False,False,,,0.0,0.0
11229,TrashOut.NGO,https://www.crunchbase.com/organization/trashout,Slovakia (Slovak Republic),49.2234674,18.7393139,2011,3.0,False,False,False,False,False,False,False,False,False,True,False,True,True,False,2,2,1,False,True,False,False,0.0,False,0.375455,True,2013-07-01,2015-03-01,Seed,2013,685.0,False,,True,,3.0,53.0,False,,True,,False,,False,,False,,True,,0,0,False,,False,False,,False,,False,,False,,False,,False,,0,,False,,False,True,,False,False,False,False,False,False,True,True,1,0,False,0,0,0.0,0.0,0.20709011583069545,2.0105465504225215,2.0105465504225215,2.0105465504225215,2.0105465504225215,2.0105465504225215,2.0105465504225215,0.0,0.0,0.0,0.0,0.0,0.0,0.0,0.0,0.0,0,0,0,0,1,1,1,1.9,,False,False,False,False,False,False,,,0.0,0.0
7192,SantaFixie,https://www.crunchbase.com/organization/santafixie,Spain,41.3825802,2.177073,2011,2.0,False,True,False,False,False,True,False,False,False,True,True,True,False,False,6,1,1,False,True,False,True,1.0,True,0.600825,False,2017-09-10,2017-09-10,Equity Crowdfunding,2017,74.0,False,False,True,True,11.0,13.0,False,False,False,False,False,False,False,False,False,False,True,True,0,0,False,False,False,False,False,False,False,False,False,False,False,False,False,False,False,1,1.0,True,True,True,True,True,False,False,False,False,False,False,True,True,256,2,True,58,17,0.293103448275862,0.257045102989891,0.0,0.5043657437075568,0.5043657437075568,0.5043657437075568,0.0,0.0,0.0,0.5043657437075568,0.5043657437075568,0.5043657437075568,0.0,0.0,0.0,1.0,0.0,0.0,0,0,0,0,0,0,0,1.9,6.398594934535208,False,False,False,False,False,False,,,11.0,15.600000000000025
11178,Voltia,https://www.crunchbase.com/organization/greenway-operator,Slovakia (Slovak Republic),48.14816,17.10674,2011,2.0,True,False,True,False,True,False,False,False,True,False,False,True,False,False,1,2,4,True,False,False,False,1.0,True,9.573946,False,2012-02-01,2015-11-01,Seed,2012,10.0,True,True,True,False,3.0,1.2,False,False,False,False,False,False,False,False,True,True,False,False,3,1,True,True,False,True,True,True,True,True,True,True,True,True,True,True,True,4,1.0,True,True,True,False,False,False,False,False,False,False,False,True,True,20,0,False,0,0,0.0,0.0,0.05485068933799905,0.04231621451047402,0.0,0.1692648580418961,0.0,0.056421619347298696,0.1692648580418961,0.0,0.0,0.0,0.08463242902094804,0.0,0.1692648580418961,6.0,1.0,0.1880081363765889,1,0,0,0,1,0,0,1.9,,False,False,False,False,False,False,,,1.400000000000002,7.0
11994,Breezy Gardens,https://www.crunchbase.com/organization/breezy-gardens,Ireland,53.2743768,-7.4927486,2011,1.0,False,False,False,False,False,True,False,False,False,False,False,True,True,False,1,1,1,False,True,False,True,1.0,True,0.0,True,2012-02-21,2012-02-21,Seed,2012,0.0,False,False,True,True,17.0,81.0,True,True,True,True,True,True,False,False,False,False,False,False,0,0,False,False,False,False,False,False,False,False,False,False,False,False,False,False,False,0,0.0,False,False,False,False,False,True,True,True,True,False,False,False,False,0,0,False,0,0,0.0,0.0,0.08228245199353286,5.105016899930928,5.105016899930928,5.105016899930928,0.0,0.0,0.0,5.105016899930928,5.105016899930928,5.105016899930928,0.0,0.0,0.0,0.0,0.0,0.0,0,0,0,0,1,1,1,1.9,4.415219602029645,False,False,False,False,False,False,,,0.0,0.0
7651,Mirubee,https://www.crunchbase.com/organization/mirubee,Spain,40.4237276,-3.6899043,2011,3.0,True,True,True,False,False,False,False,False,False,False,False,True,False,False,0,2,2,False,False,False,False,0.0,False,0.939983,False,2011-12-01,2014-06-01,Seed,2011,457.3333333333333,True,,True,,18.3,35.7,False,,True,,False,,False,,False,,True,,2,0,True,,False,True,,True,,True,,True,,True,,True,,2,,True,,False,True,,False,False,False,False,False,False,True,True,248,2,True,48,9,0.1875,0.1718502569266592,0.0013966316113990815,0.453905394702268,0.0,1.361716184106804,0.0,0.453905394702268,1.361716184106804,0.0,0.0,0.0,0.907810789404536,0.0,1.361716184106804,18.0,7.0,0.4145264852328885,1,0,0,0,0,0,1,1.9,5.743644008081332,False,False,False,False,False,False,,,8.0,14.0
7632,Hot Hotels,https://www.crunchbase.com/organization/hot,Spain,36.7213028,-4.4216366,2011,3.0,False,False,False,False,False,True,False,False,False,True,False,True,False,False,3,2,2,True,False,False,False,1.0,True,1.0,False,2014-04-01,2015-06-04,Seed,2014,74.0,False,False,True,True,8.5,279.0,False,False,True,True,True,True,False,False,False,False,True,False,0,0,False,False,False,False,False,False,False,False,False,False,False,False,False,False,False,1,0.0,True,False,False,True,False,True,True,True,False,False,False,True,False,13,0,False,0,0,0.0,0.0,0.4156201605438043,4.3447659956164095,0.41657150267500714,8.272960488557812,0.41657150267500714,0.41657150267500714,0.41657150267500714,8.272960488557812,8.272960488557812,8.272960488557812,8.067062198915803,8.067062198915803,8.067062198915803,0.0,0.0,0.0,0,0,0,0,1,0,0,1.9,5.707110264748875,False,False,False,False,False,False,,,0.6000000000000005,1.0
21002,Grow the Planet,https://www.crunchbase.com/organization/grow-the-planet,Italy,45.6279075,12.3747797,2011,3.0,False,False,False,False,False,True,False,False,False,True,True,True,False,False,0,1,1,False,True,False,False,0.0,False,0.043,True,2011-04-30,2011-04-30,Venture - Series Unknown,2011,78.0,True,,False,,6.0,19.0,False,,False,,True,,False,,False,,True,,1,0,True,,True,True,,True,,True,,True,,True,,True,,1,,True,,True,False,,False,False,False,False,False,False,True,True,10,0,False,9,1,0.1111111111111111,0.1053605156578263,0.24868984341073422,0.0,0.0,0.0,0.0,0.0,0.0,0.0,0.0,0.0,0.0,0.0,0.0,7.0,0.0,0.1375239062843998,0,0,0,0,0,0,0,1.9,4.680277658474897,False,False,True,False,True,True,,,3.0,23.0
11918,Wattics,https://www.crunchbase.com/organization/wattics,Ireland,53.3436671,-6.2544366,2011,5.0,True,True,True,False,False,False,False,False,False,True,False,True,False,False,2,1,2,False,False,False,False,0.0,False,0.879063,False,2013-10-01,2013-10-01,Seed,2013,348.0,True,,True,,9.0,58.5,False,,True,,False,,True,,False,,False,,1,0,True,,False,True,,True,,True,,True,,True,,True,,2,,True,,True,True,,False,False,False,False,False,False,True,True,100,0,False,38,11,0.2894736842105263,0.2542341383842408,0.0007540886496293537,0.08806944360001208,0.0,0.17613888720002416,0.0,0.08806944360001208,0.17613888720002416,0.0,0.0,0.0,0.17613888720002416,0.17613888720002416,0.17613888720002416,16.0,12.0,0.4481322619278014,1,0,0,1,0,0,0,1.9,4.742320024135325,True,False,False,True,True,True,2022-08-23,11.0,21.0,60.0
5084,Solease,https://www.crunchbase.com/organization/solease,The Netherlands,52.0907006,5.1215634,2011,2.0,True,False,True,True,False,False,False,False,False,False,False,True,False,False,4,1,1,False,True,False,True,1.0,True,0.89533,False,2015-10-01,2015-10-01,Venture - Series Unknown,2015,1.0,True,True,False,False,1.0,0.0,False,False,False,False,False,False,False,False,False,False,False,False,1,1,True,True,True,True,True,True,True,True,True,True,True,True,True,True,True,1,1.0,True,True,True,False,False,False,False,False,False,False,False,True,True,381,1,True,7,1,0.1428571428571428,0.1335313926245225,0.035062214289133406,0.0,0.0,0.0,0.0,0.0,0.0,0.0,0.0,0.0,0.0,0.0,0.0,0.0,0.0,0.0,0,0,0,0,0,0,0,1.9,5.303304908059076,False,False,True,False,True,True,,,2.0,4.200000000000003
9781,Solandeo,https://www.crunchbase.com/organization/solandeo-2,Germany,52.510885,13.3989367,2011,1.0,False,True,True,True,False,False,False,False,False,True,False,True,False,False,4,3,3,False,False,False,False,0.0,False,0.0,True,2015-06-22,2022-03-22,Seed,2015,460.6666666666667,True,,True,,16.3,85.7,False,,True,,False,,False,,False,,False,,0,0,False,,False,True,,True,,True,,True,,True,,False,,3,,True,,True,False,,False,False,False,False,True,True,True,True,539,3,True,82,37,0.4512195121951219,0.3724042458472762,0.0,0.32681869736710883,0.026069153681937376,0.4771934692096946,0.026069153681937376,0.32681869736710883,0.4771934692096946,0.0,0.0,0.0,0.30084680364132044,0.0,0.45127020546198066,62.0,19.0,0.6176877779345755,1,1,1,1,0,1,1,1.9,6.803505257608338,True,False,False,True,True,True,2024-06-27,13.0,18.800000000000068,29.0
5225,SolarNow,https://www.crunchbase.com/organization/solarnow,The Netherlands,51.8474946,5.8637771,2011,1.0,True,False,True,True,False,False,False,False,False,False,False,True,False,False,2,1,1,False,True,False,True,1.0,True,0.0,True,2013-02-14,2013-02-14,Series B,2013,18.0,False,False,True,True,4.0,4.0,True,True,False,False,False,False,False,False,False,False,False,False,0,0,False,False,False,False,False,False,False,False,False,False,False,False,False,False,False,0,0.0,False,False,False,False,False,True,True,True,True,False,False,False,False,22,1,True,2,1,0.5,0.4054651081081644,0.08840311608630631,7.143219104918862,7.143219104918862,7.143219104918862,0.0,0.0,0.0,7.143219104918862,7.143219104918862,7.143219104918862,0.0,0.0,0.0,0.0,0.0,0.0,0,0,0,0,0,1,0,1.9,5.303304908059076,False,False,True,False,True,True,,,0.0,6.0
2090,Zenpark,https://www.crunchbase.com/organization/zenpark,France,48.8534951,2.3483915,2011,3.0,True,True,False,False,True,False,False,False,False,True,False,True,False,False,2,2,4,True,False,True,False,2.0,True,2.318158,False,2013-03-01,2015-01-01,Series B,2013,23.2,True,True,True,True,6.7,5.2,True,True,False,False,False,False,False,False,False,False,False,False,3,1,True,True,False,True,True,True,True,True,True,True,True,True,True,True,True,4,2.0,True,True,True,True,True,False,False,False,False,False,False,True,True,841,4,True,99,39,0.3939393939393939,0.3321338350226147,0.0006205248203236772,0.1281732828515777,0.0,0.5126931314063108,0.0,0.0,0.0,0.0,0.2563465657031554,0.5126931314063108,0.2563465657031554,0.0,0.5126931314063108,6.0,1.0,0.1880081363765889,1,0,0,0,0,0,0,1.9,6.2166061010848646,True,False,True,True,True,True,2025-03-17,14.0,28.0,37.0
9725,FuelSave,https://www.crunchbase.com/organization/fuelsave-gmbh,Germany,49.3038134,8.6433518,2012,4.0,True,False,True,False,False,False,False,False,False,False,False,True,False,False,7,2,3,True,False,True,False,2.0,True,4.12129,False,2019-08-27,2021-09-16,Seed,2019,40.5,False,False,True,True,8.0,185.7,False,False,True,True,True,True,False,False,False,False,False,False,0,0,False,False,False,False,False,False,False,False,False,False,False,False,False,False,False,0,0.0,False,False,False,True,True,True,True,True,False,False,False,True,False,55,1,True,2,0,0.0,0.0,0.2146687181749016,3.5873590537728415,0.7575917847594655,8.165847822629939,1.8386375539291195,1.8386375539291195,1.8386375539291195,0.7575917847594655,4.461719803694702,8.165847822629939,6.05247001411887,2.4794932184516805,7.868598585779381,0.0,0.0,0.0,0,0,0,0,1,1,0,-0.7,7.650168700845001,False,False,False,False,False,False,,,0.0,0.8000000000000007
17247,Farmhopping,https://www.crunchbase.com/organization/farmhopping,United Kingdom,51.4893335,-0.1440551,2012,5.0,False,True,False,False,False,True,True,False,True,True,False,True,False,False,0,3,2,False,False,False,False,0.0,False,0.245702,True,2012-09-01,2014-01-01,Seed,2012,249.66666666666663,True,,True,,2.3,30.0,True,,True,,True,,False,,True,,False,,1,0,True,,False,True,,True,,True,,True,,True,,True,,1,,True,,False,True,,False,False,False,False,False,False,True,True,1939,5,True,445,132,0.2966292134831461,0.2597679843418594,0.004639509600861782,1.3431979829731446,0.0,2.014796974459717,0.0,1.3431979829731446,2.014796974459717,0.0,0.0,0.0,1.3431979829731446,0.0,2.014796974459717,58.0,31.0,0.6543944821440051,1,1,1,1,0,0,0,-0.7,6.55250788703459,False,False,False,False,False,False,,,45.0,65.0
9942,SecondSol,https://www.crunchbase.com/organization/secondsol,Germany,50.56761,10.4153029,2012,2.0,True,False,True,True,False,True,False,False,False,True,False,True,False,False,0,1,1,False,True,False,True,1.0,True,0.0,True,2012-02-28,2012-02-28,Seed,2012,47.0,True,True,False,False,9.0,7.0,False,False,False,False,False,False,False,False,False,False,False,False,0,0,False,False,False,True,True,True,True,False,False,False,False,False,False,False,False,1,1.0,True,True,True,False,False,False,False,False,False,True,True,True,True,2,0,False,1,0,0.0,0.0,0.28301129583454426,0.06277762510103016,0.06277762510103016,0.06277762510103016,0.0,0.0,0.0,0.06277762510103016,0.06277762510103016,0.06277762510103016,0.0,0.0,0.0,0.0,0.0,0.0,0,0,0,0,1,1,1,-0.7,6.398594934535208,False,False,False,False,False,False,,,0.0,0.0
11483,Watt IS,https://www.crunchbase.com/organization/watt-is,Portugal,39.0930856,-9.260741,2012,1.0,True,False,True,False,False,False,False,False,False,True,False,True,False,False,4,2,2,False,False,False,False,0.0,False,0.054263,True,2016-01-12,2016-04-24,Seed,2016,230.0,False,,True,,9.0,164.0,False,,False,,True,,False,,False,,False,,0,0,False,,False,False,,False,,False,,False,,False,,False,,0,,False,,False,True,,False,False,False,False,False,False,True,True,93,0,False,0,0,0.0,0.0,0.04417362351640521,1.684045966671114,1.684045966671114,1.684045966671114,1.684045966671114,1.684045966671114,1.684045966671114,0.0,0.0,0.0,0.0,0.0,0.0,1.0,0.0,0.0,0,0,0,0,1,0,0,-0.7,3.0155349008501706,False,False,False,False,False,False,,,4.0,3.0
11563,Friday,https://www.crunchbase.com/organization/friday-3,Portugal,39.3369957,-9.3148261,2012,1.0,True,False,False,False,True,True,False,False,False,False,False,True,False,False,2,1,1,False,True,False,False,0.0,False,1.655218,False,2014-03-21,2014-03-21,Seed,2014,257.0,True,,False,,2.0,32.0,True,,False,,False,,False,,False,,False,,0,0,False,,False,True,,True,,False,,False,,False,,False,,1,,True,,True,True,,False,False,False,False,False,False,True,True,0,0,False,3,2,0.6666666666666666,0.5108256237659906,0.07164290779130321,0.06155215180515246,0.06155215180515246,0.06155215180515246,0.06155215180515246,0.06155215180515246,0.06155215180515246,0.0,0.0,0.0,0.0,0.0,0.0,1.0,0.0,0.0,0,0,0,0,1,0,0,-0.7,3.629660094453965,True,False,False,True,True,True,2021-04-28,9.0,1.200000000000001,1.6000000000000003
11270,Eneida,https://www.crunchbase.com/organization/eneida-wireless-sensors,Portugal,40.2111931,-8.4294632,2012,1.0,True,False,True,False,True,False,False,False,False,True,False,True,False,False,0,1,1,False,True,False,False,0.0,False,0.0,True,2012-01-31,2012-01-31,Series B,2012,257.0,False,,True,,0.0,32.0,True,,False,,False,,False,,False,,False,,0,0,False,,False,False,,False,,False,,False,,False,,False,,1,,True,,True,True,,False,False,False,False,False,False,True,True,5,0,False,5,1,0.2,0.1823215567939546,0.17785466043470477,0.17085231249139549,0.17085231249139549,0.17085231249139549,0.17085231249139549,0.17085231249139549,0.17085231249139549,0.0,0.0,0.0,0.0,0.0,0.0,0.0,0.0,0.0,0,0,0,0,1,0,0,-0.7,2.549445170925571,False,False,True,False,True,True,,,1.0,8.0
11310,Omniflow,https://www.crunchbase.com/organization/omniflow,Portugal,38.7917383,-9.1918696,2012,1.0,True,True,True,False,False,False,False,False,False,True,False,True,True,False,0,4,3,False,False,False,False,0.0,False,1.111983,False,2011-06-08,2021-03-01,Seed,2011,150.0,True,,True,,5.0,17.5,True,,False,,True,,False,,False,,True,,3,0,True,,False,True,,True,,True,,True,,True,,True,,3,,True,,False,True,,False,False,False,False,False,False,True,True,93,0,False,8,2,0.25,0.2231435513142097,0.01049742554763717,0.39435344365752406,0.0,1.5774137746300962,0.0,0.39435344365752406,1.5774137746300962,0.0,0.0,0.0,0.788706887315048,0.0,1.5774137746300962,25.0,6.0,0.4333646675347694,1,0,1,0,0,0,0,-0.7,2.388762789235098,False,False,False,False,False,False,,,10.0,37.0
9534,Thermondo,https://www.crunchbase.com/organization/thermondo,Germany,52.510885,13.3989367,2012,3.0,True,True,True,False,False,False,False,False,False,False,False,True,False,False,1,1,2,False,False,False,False,0.0,False,0.787273,False,2013-07-17,2013-07-17,Venture - Series Unknown,2013,120.0,True,,True,,11.5,27.5,False,,True,,False,,False,,False,,False,,1,0,True,,False,True,,True,,True,,True,,True,,True,,2,,True,,True,True,,False,False,False,False,True,True,True,True,539,3,True,150,67,0.4466666666666666,0.3692620594442037,0.0,0.2516163568900715,0.0,0.503232713780143,0.0,0.2516163568900715,0.503232713780143,0.0,0.0,0.0,0.503232713780143,0.503232713780143,0.503232713780143,4.0,3.0,0.2183601215474815,1,0,0,0,0,0,0,-0.7,6.55250788703459,True,True,True,True,True,True,2021-01-08,9.0,18.800000000000068,29.0
17046,Farmdrop,https://www.crunchbase.com/organization/farmdrop,United Kingdom,51.4893335,-0.1440551,2012,3.0,False,True,False,False,False,True,True,False,False,True,False,True,False,False,1,2,7,True,False,False,False,1.0,True,4.376885,False,2013-08-06,2016-02-03,Series C,2013,41.0,True,True,True,False,7.0,10.1,True,False,True,True,False,False,False,False,False,False,False,False,6,1,True,True,True,True,True,True,True,True,True,True,True,True,True,True,True,6,1.0,True,True,True,True,True,False,False,False,False,False,False,True,True,1939,5,True,445,131,0.2943820224719101,0.258033378529651,0.004639509600861782,0.0,0.0,0.0,0.0,0.0,0.0,0.0,0.0,0.0,0.0,0.0,0.0,22.0,18.0,0.5130111688576771,1,1,0,1,0,0,0,-0.7,6.55250788703459,False,True,True,True,True,True,,,45.0,65.0
7145,Kunak,https://www.crunchbase.com/organization/kunak,Spain,42.8234903,-1.7022679,2012,1.0,True,False,False,False,True,True,False,False,False,True,False,True,True,False,5,1,1,False,True,False,False,0.0,False,0.179579,True,2017-09-12,2017-09-12,Seed,2017,5.0,False,,True,,17.0,0.0,True,,False,,False,,False,,False,,False,,0,0,False,,False,False,,False,,False,,False,,False,,False,,1,,True,,True,False,,False,False,False,False,False,False,True,True,7,0,False,2,1,0.5,0.4054651081081644,0.3150912282298348,0.422299726271442,0.422299726271442,0.422299726271442,0.422299726271442,0.422299726271442,0.422299726271442,0.0,0.0,0.0,0.0,0.0,0.0,1.0,0.0,0.0,0,0,0,0,1,1,0,-0.7,6.398594934535208,False,False,False,False,False,False,,,0.0,3.2
17061,Zero Carbon Farms,https://www.crunchbase.com/organization/zero-carbon-food,United Kingdom,51.4893335,-0.1440551,2012,2.0,True,True,False,False,False,False,True,False,False,False,False,True,False,False,1,2,3,True,False,False,False,1.0,True,0.960818,False,2013-02-04,2013-02-04,Equity Crowdfunding,2013,13.333333333333334,False,False,True,True,1.5,1.7,False,False,False,False,False,False,False,False,False,False,False,False,0,0,False,False,False,False,False,False,False,False,False,False,False,False,False,False,False,0,0.0,False,False,False,True,True,True,True,True,False,True,False,True,False,1939,5,True,445,132,0.2966292134831461,0.2597679843418594,0.004639509600861782,4.774685552674353,0.9326577677712301,8.616713337577476,8.616713337577476,8.616713337577476,8.616713337577476,0.9326577677712301,0.9326577677712301,0.9326577677712301,9.105379103297077,9.105379103297077,9.105379103297077,2.0,0.0,0.0402231640645322,0,0,0,0,0,0,0,-0.7,6.55250788703459,False,False,False,False,False,False,,,45.0,65.0
17021,Powervault,https://www.crunchbase.com/organization/powervault,United Kingdom,51.4893335,-0.1440551,2012,1.0,True,True,True,False,False,False,False,False,False,False,False,True,False,False,3,1,3,False,False,True,False,0.0,False,0.0,True,2015-04-10,2015-04-10,Venture - Series Unknown,2015,52.666666666666664,True,,False,,1.7,6.7,False,,False,,True,,False,,False,,False,,3,0,True,,True,True,,True,,True,,True,,True,,True,,3,,True,,True,True,,False,False,False,False,False,False,True,True,1939,5,True,445,132,0.2966292134831461,0.2597679843418594,0.004639509600861782,0.0,0.0,0.0,0.0,0.0,0.0,0.0,0.0,0.0,0.0,0.0,0.0,17.0,49.0,0.5776581667877692,1,1,0,1,0,1,0,-0.7,7.170888478512505,False,False,True,False,True,True,,,45.0,65.0
4965,Peerby Classic,https://www.crunchbase.com/organization/peerby,The Netherlands,52.3730796,4.8924534,2012,2.0,False,True,False,False,False,True,False,False,True,True,False,True,False,True,0,6,7,True,False,False,False,2.0,True,0.245,True,2012-03-01,2022-05-31,Seed,2012,96.57142857142856,True,False,True,True,2.1,89.2,True,False,True,True,True,True,False,False,True,False,False,False,2,0,True,False,False,True,False,True,False,True,False,True,False,True,False,True,False,3,0.0,True,False,False,True,False,True,True,True,False,False,False,True,False,337,1,True,72,22,0.3055555555555556,0.2666286632539486,0.0,3.9518503128753344,0.0,8.772086474740108,0.0,3.1204462737963543,8.772086474740108,5.980996871032587,6.8617644496517665,7.742532028270947,4.563928701544116,0.0,9.398078547705063,9.0,8.0,0.361682426805703,1,0,0,0,0,1,0,-0.7,4.9473404437239425,False,False,False,False,False,False,,,6.0,14.0
16994,Beryl,https://www.crunchbase.com/organization/blaze-2,United Kingdom,51.4893335,-0.1440551,2012,2.0,True,True,False,False,True,False,False,False,False,True,False,True,False,False,0,3,6,False,False,True,False,0.0,False,2.921331,False,2012-11-01,2014-11-01,Venture - Series Unknown,2012,181.83333333333337,True,,True,,4.6,53.5,True,,True,,True,,False,,False,,False,,3,0,True,,False,True,,True,,True,,True,,True,,True,,4,,True,,False,True,,True,True,True,False,False,False,True,False,1939,5,True,445,132,0.2966292134831461,0.2597679843418594,0.004639509600861782,4.275808910157487,0.0,16.9959239764173,0.0,4.275808910157487,16.9959239764173,0.0,0.0,0.0,7.638457958090116,0.0,17.018532169986383,12.0,17.0,0.4514405072223935,1,0,0,1,0,0,0,-0.7,6.55250788703459,False,False,True,False,True,True,,,45.0,65.0
9977,Veodin,https://www.crunchbase.com/organization/veodin,Germany,52.510885,13.3989367,2012,2.0,True,True,True,False,False,True,False,False,False,True,True,True,False,False,0,4,4,False,False,False,False,0.0,False,0.0,True,2012-06-12,2014-03-01,Seed,2012,303.6666666666667,False,,True,,5.2,59.5,False,,True,,True,,False,,False,,False,,0,0,False,,False,False,,False,,False,,False,,False,,False,,4,,True,,False,True,,False,False,False,False,True,False,True,True,539,3,True,150,67,0.4466666666666666,0.3692620594442037,0.0,0.5435300033120126,0.4771934692096946,0.6501638269462,0.4771934692096946,0.5435300033120126,0.6501638269462,0.0,0.0,0.0,0.3278327628542923,0.0,0.602097123261419,29.0,7.0,0.4598380738111532,1,0,1,0,0,0,1,-0.7,6.398594934535208,True,False,False,True,True,True,2018-08-15,6.0,18.800000000000068,29.0
17175,Tempus Energy,https://www.crunchbase.com/organization/tempus-energy,United Kingdom,51.4893335,-0.1440551,2012,1.0,True,True,True,False,True,False,False,False,False,True,False,True,False,True,7,1,1,False,True,False,True,1.0,True,0.12,True,2019-12-05,2019-12-05,Seed,2019,0.0,False,False,True,True,13.0,545.0,False,False,True,True,True,True,False,False,False,False,False,False,0,0,False,False,False,False,False,False,False,False,False,False,False,False,False,False,False,0,0.0,False,False,False,False,False,True,True,True,True,False,False,False,False,1939,5,True,445,132,0.2966292134831461,0.2597679843418594,0.004639509600861782,7.533167020908819,7.533167020908819,7.533167020908819,0.0,0.0,0.0,7.533167020908819,7.533167020908819,7.533167020908819,0.0,0.0,0.0,147.0,44.0,0.7769747825413369,1,1,1,1,0,0,1,-0.7,8.006700845440367,False,False,False,False,False,False,,,45.0,65.0
12715,CleanGreens Solutions SA,https://www.crunchbase.com/organization/combagroup,Switzerland,46.5228203,6.6261636,2012,2.0,True,True,False,False,False,False,True,False,False,False,False,True,False,False,1,3,4,True,False,True,False,1.0,True,1.56759,False,2013-03-27,2014-02-21,Venture - Series Unknown,2013,260.0,True,False,True,True,6.2,26.2,False,False,True,False,False,False,False,False,True,False,False,False,0,0,False,False,False,True,False,True,False,True,False,True,False,False,False,False,False,4,1.0,True,True,True,True,True,False,False,False,False,True,True,True,True,47,1,True,5,2,0.4,0.3364722366212129,0.0005123413417637446,0.10463173730818993,0.03347105649977037,0.16875612469389625,0.03347105649977037,0.0832569415129545,0.16072526708118853,0.16875612469389625,0.16875612469389625,0.16875612469389625,0.08862717955055963,0.022447322135042636,0.1354717726630925,2.0,0.0,0.0402231640645322,0,0,0,0,0,0,0,-0.7,5.303304908059076,False,False,True,False,True,True,,,7.0,14.0
7407,Tecnoturbines,https://www.crunchbase.com/organization/tecnoturbines,Spain,41.3825802,2.177073,2012,1.0,True,True,True,False,True,False,False,False,False,False,False,True,False,False,4,1,1,False,True,False,True,1.0,True,0.0,True,2016-01-01,2016-01-01,Seed,2016,138.0,True,True,False,False,12.0,45.0,False,False,False,False,False,False,False,False,False,False,False,False,1,1,True,True,True,True,True,True,True,True,True,True,True,True,True,True,True,1,1.0,True,True,True,True,True,False,False,False,False,False,False,True,True,256,2,True,87,25,0.2873563218390804,0.2525907526405108,0.0,0.0,0.0,0.0,0.0,0.0,0.0,0.0,0.0,0.0,0.0,0.0,0.0,22.0,3.0,0.3697487659455098,1,0,0,0,0,0,1,-0.7,5.993961427306569,False,False,False,False,False,False,,,11.0,15.600000000000025
7334,Green Momit,https://www.crunchbase.com/organization/green-momit,Spain,40.4237276,-3.6899043,2012,3.0,True,True,True,False,True,False,False,False,False,True,False,True,False,False,1,4,8,False,False,False,False,0.0,False,2.355459,False,2013-05-01,2015-07-08,Series A,2013,205.08333333333337,True,,True,,3.8,20.6,False,,True,,False,,False,,True,,True,,9,0,True,,False,True,,True,,True,,True,,True,,True,,12,,True,,True,True,,False,False,False,False,False,False,True,True,248,2,True,84,17,0.2023809523809523,0.1843037179979457,0.0013966316113990815,0.1260914359268892,0.0,0.5043657437075568,0.0,0.1260914359268892,0.5043657437075568,0.0,0.0,0.0,0.2063314406076369,0.0,0.5043657437075568,32.0,23.0,0.5703041426408839,1,1,1,1,1,1,1,-0.7,5.303304908059076,False,False,True,False,True,True,,,8.0,14.0
22052,Norsepower Oy,https://www.crunchbase.com/organization/norsepower-oy,Finland,60.1717794,24.9413548,2012,1.0,True,True,True,False,False,False,False,False,False,False,False,True,False,False,4,1,2,True,False,False,False,1.0,True,3.249137,False,2016-01-31,2016-01-31,Series C,2016,13.0,True,False,True,True,11.5,3.0,True,True,False,False,False,False,False,False,False,False,False,False,1,0,True,False,False,True,False,True,False,True,False,True,False,True,False,True,False,2,1.0,True,True,True,True,False,False,False,False,False,False,False,True,True,147,2,True,65,19,0.2923076923076923,0.2564295289476765,0.0004833470476976217,0.10474408409159285,0.0,0.20948816818318572,0.0,0.0,0.0,0.20948816818318572,0.20948816818318572,0.20948816818318572,0.20948816818318572,0.20948816818318572,0.20948816818318572,2.0,0.0,0.0402231640645322,0,0,0,0,0,0,0,-0.7,4.6709579265260945,False,True,True,True,True,True,,,9.0,19.0
20761,eco4cloud,https://www.crunchbase.com/organization/eco4cloud,Italy,39.3319934,16.1843828,2012,2.0,True,False,True,False,False,False,False,False,False,True,False,True,False,False,0,1,2,False,False,False,False,0.0,False,0.395269,True,2012-04-12,2012-04-12,Venture - Series Unknown,2012,26.0,False,,True,,8.0,4.0,False,,False,,True,,False,,False,,False,,0,0,False,,False,False,,False,,False,,False,,False,,False,,2,,True,,True,True,,False,False,False,False,False,False,True,True,0,0,False,0,0,0.0,0.0,0.8908207146152914,0.8908207146152916,0.8908207146152916,0.8908207146152916,0.8908207146152916,0.8908207146152916,0.8908207146152916,0.0,0.0,0.0,0.0,0.0,0.0,0.0,0.0,0.0,0,0,0,0,1,1,1,-0.7,4.624972813284271,False,False,True,False,True,True,,,0.0,0.0
22393,Fourdeg,https://www.crunchbase.com/organization/fourdeg,Finland,60.1717794,24.9413548,2012,1.0,True,True,True,True,True,False,False,False,False,True,False,True,False,False,1,1,1,False,True,False,False,0.0,False,0.0,True,2013-06-11,2013-06-11,Seed,2013,66.0,False,,True,,1.0,2.0,False,,False,,False,,False,,False,,False,,0,0,False,,False,False,,False,,False,,False,,False,,False,,1,,True,,True,False,,False,False,False,False,False,False,True,True,147,2,True,65,20,0.3076923076923077,0.2682639865946793,0.0004833470476976217,0.5388457224376022,0.5388457224376022,0.5388457224376022,0.5388457224376022,0.5388457224376022,0.5388457224376022,0.0,0.0,0.0,0.0,0.0,0.0,1.0,2.0,0.1010110579727503,0,0,0,0,0,0,0,-0.7,4.79081953287472,False,False,False,False,False,False,,,9.0,19.0
1273,SeaTwirl,https://www.crunchbase.com/organization/seatwirl,Sweden,57.7072326,11.9670171,2012,1.0,False,False,True,True,True,False,False,False,False,False,False,True,False,False,2,1,1,False,True,False,True,1.0,True,0.338849,True,2014-02-07,2014-02-07,Seed,2014,543.0,False,False,True,True,5.0,50.0,False,False,True,True,False,False,False,False,False,False,False,False,0,0,False,False,False,False,False,False,False,False,False,False,False,False,False,False,False,1,1.0,True,True,True,True,True,False,False,False,False,False,False,True,True,25,2,True,9,3,0.3333333333333333,0.2876820724517809,0.22766469926136576,0.39731307421247714,0.39731307421247714,0.39731307421247714,0.0,0.0,0.0,0.39731307421247714,0.39731307421247714,0.39731307421247714,0.0,0.0,0.0,3.0,0.0,0.0687619531421999,0,0,0,0,0,0,0,-0.7,,False,False,False,False,False,False,,,8.0,41.0
1542,Viva Labs,https://www.crunchbase.com/organization/viva-labs,Norway,59.9723975,10.7757292,2012,2.0,False,True,True,False,True,True,False,False,False,True,False,True,True,False,3,1,2,False,False,False,False,0.0,False,0.435,True,2015-03-20,2015-03-20,Venture - Series Unknown,2015,68.5,True,,True,,5.0,14.0,False,,False,,True,,False,,True,,False,,1,0,True,,False,True,,True,,True,,True,,True,,True,,2,,True,,True,True,,False,False,False,False,False,False,True,True,117,1,True,12,5,0.4166666666666667,0.3483066942682158,0.0068796624669323235,0.19621428793393864,0.0,0.39242857586787727,0.0,0.19621428793393864,0.39242857586787727,0.0,0.0,0.0,0.39242857586787727,0.39242857586787727,0.39242857586787727,2.0,0.0,0.0402231640645322,0,0,0,0,0,0,0,-0.7,4.330733340286331,False,False,True,False,True,True,,,6.0,7.600000000000008
21821,LineMetrics,https://www.crunchbase.com/organization/linemetrics,Austria,48.1118898,14.5660884,2012,3.0,True,False,True,False,True,False,False,False,False,False,False,True,False,False,2,3,2,True,False,False,False,1.0,True,1.0,False,2014-01-01,2015-08-26,Seed,2014,167.0,False,False,True,True,4.0,32.7,False,False,False,False,True,False,False,False,False,False,False,False,0,0,False,False,False,False,False,False,False,False,False,False,False,False,False,False,False,1,1.0,True,True,False,True,True,False,False,False,False,True,False,True,True,18,0,False,0,0,0.0,0.0,0.1344122623108068,0.577507345099253,0.13794124397758536,0.7972903956600867,0.7972903956600867,0.7972903956600867,0.7972903956600867,0.13794124397758536,0.13794124397758536,0.13794124397758536,0.6126545194539444,0.0,0.9189817791809166,0.0,0.0,0.0,0,0,0,0,1,0,0,-0.7,4.09933210373314,False,False,False,False,False,False,,,3.0,4.0
22400,Convion,https://www.crunchbase.com/organization/convion,Finland,60.83333,26.0,2012,1.0,True,False,True,False,True,False,False,False,False,False,False,True,True,False,1,1,1,False,True,False,True,1.0,True,0.0,True,2013-01-01,2013-01-01,Series A,2013,16.0,False,False,True,True,11.0,5.0,True,True,False,False,False,False,False,False,False,False,False,False,0,0,False,False,False,False,False,False,False,False,False,False,False,False,False,False,False,1,1.0,True,True,True,False,False,False,False,False,False,False,False,True,True,32,0,False,15,2,0.1333333333333333,0.125163142954006,0.09398058736034391,0.16776442853543902,0.16776442853543902,0.16776442853543902,0.0,0.0,0.0,0.16776442853543902,0.16776442853543902,0.16776442853543902,0.0,0.0,0.0,1.0,0.0,0.0,0,0,0,0,0,0,0,-0.7,4.79081953287472,True,False,True,True,True,True,2024-08-26,12.0,2.0,5.0
17612,Sembraire,https://www.crunchbase.com/organization/sembraire,United Kingdom,55.861155,-4.2501687,2012,3.0,True,False,False,False,True,False,False,False,False,True,False,True,False,False,0,1,1,False,True,False,False,0.0,False,0.05,True,2012-12-01,2012-12-01,Seed,2012,685.0,False,,True,,1.0,53.0,False,,True,,False,,False,,False,,True,,0,0,False,,False,False,,False,,False,,False,,False,,False,,0,,False,,False,True,,False,False,False,False,False,False,True,True,21,1,True,6,0,0.0,0.0,0.29451529660424647,1.7170524016572237,1.7170524016572237,1.7170524016572237,1.7170524016572237,1.7170524016572237,1.7170524016572237,0.0,0.0,0.0,0.0,0.0,0.0,0.0,0.0,0.0,0,0,0,0,0,0,0,-0.7,6.55250788703459,False,False,False,False,False,False,,,4.400000000000002,5.400000000000002
17627,Sian's Plan,https://www.crunchbase.com/organization/sians-plan,United Kingdom,54.5975804,-5.9277097,2012,2.0,False,False,False,False,False,True,False,False,False,False,False,True,False,False,1,2,3,True,False,False,False,1.0,True,0.4,True,2013-01-01,2014-08-29,Seed,2013,55.0,False,False,True,True,11.0,30.3,True,True,True,True,True,True,False,False,True,False,False,False,0,0,False,False,False,False,False,False,False,False,False,False,False,False,False,False,False,0,0.0,False,False,False,False,False,True,True,True,True,False,False,False,False,18,0,False,14,1,0.0714285714285714,0.0689928714869514,0.1404898807118673,6.173099952331274,5.106588996439273,8.238024895671316,5.106588996439273,6.672306946055294,8.238024895671316,5.17468596488323,5.17468596488323,5.17468596488323,2.629045729646313,0.06842436961189535,3.9355992910107522,1.0,0.0,0.0,0,0,0,0,0,0,0,-0.7,6.55250788703459,False,False,False,False,False,False,,,13.400000000000006,28.40000000000001
22484,StepOne Tech,https://www.crunchbase.com/organization/stepone-tech,Finland,62.0,24.0,2012,1.0,True,False,True,True,True,False,False,False,False,False,False,True,False,False,8,1,1,False,True,False,False,0.0,False,0.0,True,2020-03-05,2020-03-05,Seed,2020,60.0,False,,True,,6.0,12.0,False,,False,,False,,False,,False,,False,,0,0,False,,False,False,,False,,False,,False,,False,,False,,0,,False,,False,False,,True,True,True,True,False,False,False,False,12,0,False,5,1,0.2,0.1823215567939546,0.20997009474927936,6.47604717824976,6.47604717824976,6.47604717824976,6.47604717824976,6.47604717824976,6.47604717824976,0.0,0.0,0.0,0.0,0.0,0.0,0.0,0.0,0.0,0,0,0,0,1,1,0,-0.7,5.993961427306569,False,False,False,False,False,False,,,0.0,0.8000000000000007
17386,Sustainable Marine Energy,https://www.crunchbase.com/organization/sustainable-marine-energy,United Kingdom,55.9519018,-3.1904199,2012,1.0,True,False,True,False,False,False,False,False,False,False,False,True,False,False,1,2,3,False,False,True,False,0.0,False,0.235545,True,2013-02-07,2014-01-01,Seed,2013,68.66666666666667,False,,True,,15.3,11.0,True,,False,,False,,True,,True,,False,,0,0,False,,False,False,,False,,False,,False,,False,,False,,3,,True,,True,True,,False,False,False,False,False,False,True,True,45,1,True,16,6,0.375,0.3184537311185346,0.28153747747239416,0.4590141179486505,0.30696559509964866,0.5350383793731515,0.30696559509964866,0.4590141179486505,0.5350383793731515,0.0,0.0,0.0,0.1521718622287188,0.0,0.22825779334307825,0.0,0.0,0.0,0,0,0,0,0,0,0,-0.7,6.55250788703459,False,False,False,False,False,False,,,9.0,13.0
17481,Homely,https://www.crunchbase.com/organization/homely,United Kingdom,51.4893335,-0.1440551,2012,1.0,True,True,True,False,False,False,False,False,False,False,False,True,False,False,0,1,1,False,True,False,False,0.0,False,0.019564,True,2012-07-01,2012-07-01,Seed,2012,165.0,True,,False,,0.0,4.0,True,,False,,True,,False,,False,,False,,1,0,True,,True,True,,True,,True,,True,,True,,True,,1,,True,,True,True,,False,False,False,False,False,False,True,True,1939,5,True,445,132,0.2966292134831461,0.2597679843418594,0.004639509600861782,0.0,0.0,0.0,0.0,0.0,0.0,0.0,0.0,0.0,0.0,0.0,0.0,2.0,0.0,0.0402231640645322,0,0,0,0,0,0,0,-0.7,6.55250788703459,False,False,False,False,False,False,,,45.0,65.0
16429,Carbon Analytics,https://www.crunchbase.com/organization/carbon-analytics,United Kingdom,51.4893335,-0.1440551,2013,4.0,True,True,True,False,True,False,False,False,False,True,False,True,False,False,0,3,4,False,False,False,False,0.0,False,0.106175,True,2013-11-26,2016-09-16,Seed,2013,312.6666666666667,False,,True,,7.5,87.5,False,,False,,True,,False,,False,,False,,0,0,False,,False,False,,False,,False,,False,,False,,False,,1,,True,,False,True,,True,True,True,False,False,False,True,False,1939,5,True,680,185,0.2720588235294117,0.2406367087617268,0.004639509600861782,2.360254483454745,0.16239646057450785,8.635723834817247,0.16239646057450785,2.360254483454745,8.635723834817247,0.0,0.0,0.0,4.534613265765667,0.0,8.898446036188055,8.0,4.0,0.2971868065010471,1,0,0,0,0,0,0,-0.08,6.55250788703459,False,False,False,False,False,False,,,45.0,65.0
16106,Brilliant Planet,https://www.crunchbase.com/organization/brilliant-planet,United Kingdom,51.4893335,-0.1440551,2013,2.0,True,True,False,False,False,False,False,False,False,False,False,True,False,False,4,2,2,False,False,False,False,2.0,True,8.2,False,2017-01-01,2018-01-01,Series A,2017,27.5,True,True,True,True,49.0,2.0,False,False,False,False,False,False,False,False,False,False,False,False,1,1,True,True,False,True,True,True,True,True,True,True,True,True,True,True,True,1,1.0,True,True,False,True,True,False,False,False,False,False,False,True,True,1939,5,True,680,185,0.2720588235294117,0.2406367087617268,0.004639509600861782,0.4253442167266081,0.0,0.8506884334532162,0.0,0.0,0.0,0.0,0.4253442167266081,0.8506884334532162,0.8506884334532162,0.8506884334532162,0.8506884334532162,0.0,0.0,0.0,0,0,0,0,0,0,0,-0.08,7.696667081526462,False,False,True,False,True,True,,,45.0,65.0
16350,CRU Kafe,https://www.crunchbase.com/organization/cru-kafe,United Kingdom,51.4893335,-0.1440551,2013,3.0,False,True,False,False,False,True,True,False,False,False,False,True,False,False,1,5,15,False,False,False,False,0.0,False,2.806051,False,2014-01-24,2016-10-22,Seed,2014,23.1,True,,True,,9.0,3.8,False,,True,,True,,False,,True,,False,,16,0,True,,False,True,,True,,True,,True,,True,,True,,16,,True,,False,True,,True,True,True,False,False,False,True,False,1939,5,True,680,185,0.2720588235294117,0.2406367087617268,0.004639509600861782,1.2239050775137221,0.0,6.352774091655088,0.0,1.2239050775137221,6.352774091655088,0.0,0.0,0.0,2.0803182046918294,0.0,6.352774091655088,89.0,66.0,0.7642277591550091,1,1,1,1,0,1,1,-0.08,6.803505257608338,False,False,False,False,False,False,,,45.0,65.0
16279,Limejump,https://www.crunchbase.com/organization/limejump,United Kingdom,51.4893335,-0.1440551,2013,2.0,True,True,True,False,False,False,False,False,False,True,False,True,False,False,2,1,3,False,False,False,False,0.0,False,2.148112,False,2015-09-15,2015-09-15,Series A,2015,97.33333333333331,True,,True,,3.7,22.3,True,,True,,False,,True,,True,,False,,2,0,True,,False,True,,True,,True,,True,,True,,True,,3,,True,,True,True,,False,False,False,False,False,False,True,True,1939,5,True,680,184,0.2705882352941176,0.2394799706339032,0.004639509600861782,0.0760859311143594,0.0,0.22825779334307825,0.0,0.0760859311143594,0.22825779334307825,0.0,0.0,0.0,0.1521718622287188,0.0,0.22825779334307825,32.0,42.0,0.6239210772439476,1,1,1,1,0,0,0,-0.08,7.170888478512505,True,False,True,True,True,True,2019-02-28,6.0,45.0,65.0
16145,Belltown Power,https://www.crunchbase.com/organization/belltown-power,United Kingdom,51.4893335,-0.1440551,2013,1.0,True,True,True,True,False,False,False,False,False,False,False,True,False,False,1,1,1,False,True,False,True,1.0,True,0.0,True,2014-01-01,2014-01-01,Venture - Series Unknown,2014,8.0,True,True,False,False,3.0,3.0,True,True,False,False,False,False,False,False,False,False,False,False,1,1,True,True,True,True,True,True,True,True,True,True,True,True,True,True,True,1,1.0,True,True,True,True,True,False,False,False,False,False,False,True,True,1939,5,True,680,184,0.2705882352941176,0.2394799706339032,0.004639509600861782,0.0,0.0,0.0,0.0,0.0,0.0,0.0,0.0,0.0,0.0,0.0,0.0,0.0,0.0,0.0,0,0,0,0,0,0,0,-0.08,6.803505257608338,False,True,True,True,True,True,,,45.0,65.0
7479,Nnergix,https://www.crunchbase.com/organization/nnergix,Spain,41.3825802,2.177073,2013,3.0,True,True,True,False,True,False,False,False,False,True,False,True,False,False,2,2,2,True,False,True,False,1.0,True,1.033264,False,2015-03-01,2016-05-18,Seed,2015,103.66666666666669,True,True,True,False,4.0,4.7,True,False,False,False,True,False,False,False,False,False,False,False,1,1,True,True,False,True,True,True,True,True,True,True,True,True,True,True,True,1,1.0,True,True,False,True,True,False,False,False,False,False,False,True,True,256,2,True,122,34,0.2786885245901639,0.2458349625162804,0.0,0.7641518834120407,0.0,1.146227825118061,1.146227825118061,1.146227825118061,1.146227825118061,0.0,0.0,0.0,0.7641518834120407,0.0,1.146227825118061,1.0,2.0,0.1010110579727503,0,0,0,0,0,0,0,-0.08,6.2166061010848646,False,False,False,False,False,False,,,11.0,15.600000000000025
16426,Firglas,https://www.crunchbase.com/organization/firglas-ltd,United Kingdom,51.4893335,-0.1440551,2013,1.0,True,True,True,True,True,False,False,True,False,False,False,True,False,False,5,1,1,False,True,False,False,0.0,False,3.951856,False,2018-06-20,2018-06-20,Seed,2018,24.0,False,,True,,3.0,2.0,False,,False,,False,,False,,False,,False,,0,0,False,,False,False,,False,,False,,False,,False,,False,,1,,True,,True,False,,False,False,False,False,False,False,True,True,1939,5,True,680,185,0.2720588235294117,0.2406367087617268,0.004639509600861782,0.1701966800850627,0.1701966800850627,0.1701966800850627,0.1701966800850627,0.1701966800850627,0.1701966800850627,0.0,0.0,0.0,0.0,0.0,0.0,0.0,0.0,0.0,0,0,0,0,0,0,0,-0.08,7.696667081526462,False,False,False,False,False,False,,,45.0,65.0
16132,Winnow,https://www.crunchbase.com/organization/winnow-solutions,United Kingdom,51.4893335,-0.1440551,2013,2.0,True,True,False,False,True,False,False,False,False,True,False,True,False,False,1,2,5,True,False,False,False,1.0,True,4.2,False,2014-12-29,2016-01-20,Private Equity,2014,96.2,True,True,True,False,3.8,17.4,True,False,True,False,True,False,False,False,True,False,True,False,2,1,True,True,False,True,True,True,True,True,True,True,True,True,True,True,True,2,1.0,True,True,False,True,True,False,False,False,False,False,False,True,True,1939,5,True,680,184,0.2705882352941176,0.2394799706339032,0.004639509600861782,0.8609300438591155,0.0,1.4348834064318592,0.0,1.0761625548238944,1.4348834064318592,0.0,0.0,0.0,0.8609300438591155,0.0,1.4348834064318592,59.0,32.0,0.6588910671613748,1,1,1,1,0,0,0,-0.08,6.803505257608338,False,True,True,True,True,True,,,45.0,65.0
9976,OneShore Energy,https://www.crunchbase.com/organization/oneshore-energy-gmbh,Germany,52.510885,13.3989367,2013,3.0,True,True,True,True,False,False,False,False,False,False,False,True,False,False,2,3,3,False,False,True,False,0.0,False,0.0,True,2015-01-27,2021-06-05,Pre-Seed,2015,445.0,True,,True,,13.3,84.0,False,,True,,False,,False,,True,,False,,1,0,True,,False,True,,True,,True,,True,,True,,True,,3,,True,,True,True,,False,False,False,False,True,True,True,True,539,3,True,226,99,0.4380530973451327,0.3632901830574516,0.0,0.31812897947312974,0.0,0.4771934692096946,0.0,0.31812897947312974,0.4771934692096946,0.0,0.0,0.0,0.31812897947312974,0.0,0.4771934692096946,50.0,19.0,0.5967253814843333,1,1,1,1,0,1,1,-0.08,6.803505257608338,True,False,False,True,True,True,2017-05-29,4.0,18.800000000000068,29.0
665,SunRoof,https://www.crunchbase.com/organization/sunroof,Sweden,59.3251172,18.0710935,2013,5.0,False,True,True,True,False,False,False,False,False,False,False,True,False,False,7,2,6,True,False,False,False,2.0,True,5.396201,False,2020-10-12,2021-04-28,Series A,2020,53.77777777777778,True,False,True,True,7.6,2.2,True,False,True,True,True,False,False,False,True,False,False,False,1,0,True,False,False,True,False,True,False,True,False,True,False,True,False,True,False,1,0.0,True,False,False,True,True,False,False,False,False,False,False,True,True,334,2,True,68,22,0.3235294117647059,0.2803019651541584,0.0,0.8524841793508627,0.0,1.1801038489997409,0.0,0.8647356505858059,1.1801038489997409,0.8096040300285617,0.8096040300285617,0.8096040300285617,0.6207905542934768,0.0,1.1801038489997409,4.0,1.0,0.154629239632742,0,0,0,0,0,0,0,-0.08,,False,True,True,True,True,True,,,12.0,18.200000000000017
22348,Ambronite,https://www.crunchbase.com/organization/ambro,Finland,60.83333,26.0,2013,3.0,False,False,False,False,False,False,True,True,False,False,False,True,False,False,2,1,3,False,False,False,False,0.0,False,0.6,False,2015-09-30,2015-09-30,Seed,2015,47.666666666666664,True,,True,,6.0,11.0,False,,True,,False,,False,,True,,False,,0,0,False,,False,True,,False,,False,,False,,False,,False,,1,,True,,False,True,,True,True,True,False,False,False,True,False,32,0,False,22,3,0.1363636363636363,0.1278333715098848,0.09398058736034391,5.828175654604682,0.09364994887113248,8.710420093014479,0.09364994887113248,5.828175654604682,8.710420093014479,0.0,0.0,0.0,5.839095242311092,0.04369680386313251,8.75156057526121,0.0,0.0,0.0,0,0,0,0,0,0,0,-0.08,4.704110133842995,False,False,False,False,False,False,,,2.0,5.0
256,Vortex Oil Engineering,https://www.crunchbase.com/organization/vortex-oil,Poland,52.2319581,21.0067249,2013,2.0,True,True,True,True,False,False,False,False,False,False,False,True,False,False,1,2,2,False,False,False,False,0.0,False,0.858259,False,2014-04-01,2018-02-08,Seed,2014,11.5,True,,True,,1.0,0.5,True,,False,,False,,True,,False,,False,,1,0,True,,False,True,,True,,True,,True,,True,,True,,1,,True,,False,True,,False,False,False,False,False,False,True,True,109,0,False,48,5,0.1041666666666666,0.0990909026442308,0.0,0.2776649546151653,0.0,0.5553299092303307,0.0,0.2776649546151653,0.5553299092303307,0.0,0.0,0.0,0.5553299092303307,0.5553299092303307,0.5553299092303307,0.0,0.0,0.0,0,0,0,0,0,0,0,-0.08,3.214867803470662,False,False,False,False,False,False,,,2.0,5.0
1147,PackBud,https://www.crunchbase.com/organization/packbud,Sweden,55.6052931,13.0001566,2013,3.0,False,False,False,False,True,True,False,False,False,False,False,True,False,False,2,1,1,False,True,False,False,0.0,False,0.478892,True,2015-01-16,2015-01-16,Seed,2015,40.0,False,,True,,13.0,1.0,False,,False,,False,,False,,False,,False,,0,0,False,,False,False,,False,,False,,False,,False,,False,,1,,True,,True,True,,False,False,False,False,False,False,True,True,229,1,True,10,3,0.3,0.262364264467491,0.028465307004047598,0.512576505756072,0.512576505756072,0.512576505756072,0.512576505756072,0.512576505756072,0.512576505756072,0.0,0.0,0.0,0.0,0.0,0.0,0.0,0.0,0.0,0,0,0,0,0,0,0,-0.08,,False,False,False,False,False,False,,,14.0,34.0
11507,B-PARTS.com,https://www.crunchbase.com/organization/b-parts,Portugal,38.7917383,-9.1918696,2013,2.0,False,True,False,False,True,True,False,False,False,False,False,True,False,False,1,1,2,False,False,False,False,0.0,False,0.884474,False,2014-07-10,2014-07-10,Seed,2014,129.0,True,,True,,21.0,16.5,True,,False,,False,,False,,False,,False,,1,0,True,,False,True,,True,,True,,True,,True,,True,,1,,True,,False,True,,True,True,False,False,False,False,True,False,93,0,False,12,2,0.1666666666666666,0.1541506798272582,0.01049742554763717,2.8589928417608337,0.0,5.717985683521667,0.0,2.8589928417608337,5.717985683521667,0.0,0.0,0.0,5.717985683521667,5.717985683521667,5.717985683521667,25.0,5.0,0.4191914023918432,1,0,1,0,0,0,0,-0.08,3.629660094453965,True,False,False,True,True,True,2020-07-23,7.0,10.0,37.0
9577,Lumenaza,https://www.crunchbase.com/organization/lumenaza,Germany,52.510885,13.3989367,2013,2.0,True,True,True,False,False,True,False,False,False,True,True,True,False,True,3,1,2,True,False,False,False,1.0,True,1.47978,False,2016-04-05,2016-04-05,Series B,2016,97.0,True,False,True,True,10.0,22.0,True,True,True,False,False,False,False,False,False,False,True,True,1,0,True,False,False,True,False,True,False,True,False,True,False,True,False,True,False,2,1.0,True,True,True,True,False,False,False,False,False,True,True,True,True,539,3,True,226,100,0.4424778761061947,0.3663623820944218,0.0,0.26221373011336746,0.0,0.5244274602267349,0.0,0.0,0.0,0.5244274602267349,0.5244274602267349,0.5244274602267349,0.5244274602267349,0.5244274602267349,0.5244274602267349,19.0,22.0,0.51671285685788,1,1,0,1,0,1,0,-0.08,7.244941546337007,False,False,True,False,True,True,,,18.800000000000068,29.0
21903,Flatout Technologies,https://www.crunchbase.com/organization/flatout-technologies,Austria,48.1857192,16.4221587,2013,3.0,True,True,True,False,False,True,False,False,False,True,False,True,True,False,1,1,3,False,False,False,False,0.0,False,1.0,False,2014-08-22,2014-08-22,Seed,2014,5.333333333333333,True,,True,,12.0,0.0,False,,False,,False,,False,,False,,False,,2,0,True,,False,True,,True,,True,,True,,True,,True,,2,,True,,False,True,,True,True,True,False,True,False,True,False,127,2,True,40,14,0.35,0.300104592450338,0.004458645788406763,2.2668964389076023,0.0,6.800689316722806,0.0,2.2668964389076023,6.800689316722806,0.0,0.0,0.0,4.533792877815205,0.0,6.800689316722806,0.0,0.0,0.0,0,0,0,0,0,0,0,-0.08,4.09933210373314,False,False,False,False,False,False,,,7.0,8.0
21624,Vaavud,https://www.crunchbase.com/organization/vaavud,Denmark,55.6867243,12.5700724,2013,4.0,True,True,True,True,False,False,False,False,False,True,False,True,False,True,2,1,2,False,False,False,False,0.0,False,0.7,False,2015-04-15,2015-04-15,Seed,2015,80.0,True,,True,,11.0,19.0,False,,True,,False,,False,,False,,False,,1,0,True,,False,True,,True,,True,,True,,True,,True,,2,,True,,True,True,,False,False,False,False,False,False,True,True,234,2,True,58,21,0.3620689655172414,0.3090048419206022,0.0,0.12839966511202053,0.0,0.25679933022404106,0.0,0.12839966511202053,0.25679933022404106,0.0,0.0,0.0,0.25679933022404106,0.25679933022404106,0.25679933022404106,21.0,4.0,0.3858558000891654,1,0,0,0,0,0,0,-0.08,4.330733340286331,False,False,False,False,False,False,,,14.400000000000006,35.0
11399,BioMimetx,https://www.crunchbase.com/organization/biomimetx,Portugal,40.3461879,-8.5940128,2013,3.0,True,False,True,True,True,False,False,True,False,False,False,True,False,False,1,3,5,True,False,False,False,2.0,True,2.618666,False,2014-03-20,2022-12-23,Seed,2014,21.833333333333332,False,False,True,True,12.4,1.8,False,False,True,True,True,True,False,False,True,True,False,False,0,0,False,False,False,False,False,False,False,False,False,False,False,False,False,False,False,4,2.0,True,True,False,True,True,True,True,True,False,False,False,True,False,6,0,False,4,0,0.0,0.0,0.18803407131044944,3.3163299940651667,0.18803407131044944,11.474822683476885,0.18803407131044944,4.880477955442526,11.474822683476885,0.18803407131044944,0.18803407131044944,0.18803407131044944,6.199410635908443,0.0,15.929902031065039,3.0,0.0,0.0687619531421999,0,0,0,0,1,0,0,-0.08,3.629660094453965,False,False,False,False,False,False,,,1.0,8.4
986,SenseNode,https://www.crunchbase.com/organization/sensenode,Sweden,55.7029296,13.1929449,2013,1.0,False,False,True,False,False,False,False,False,False,True,False,True,False,False,2,1,1,False,True,False,True,1.0,True,0.182199,True,2015-06-23,2015-06-23,Undisclosed,2015,543.0,False,False,True,True,6.0,50.0,False,False,True,True,False,False,False,False,False,False,False,False,0,0,False,False,False,False,False,False,False,False,False,False,False,False,False,False,False,1,1.0,True,True,True,True,True,False,False,False,False,False,False,True,True,229,1,True,6,2,0.3333333333333333,0.2876820724517809,0.03907656422507779,0.49681358519952573,0.49681358519952573,0.49681358519952573,0.0,0.0,0.0,0.49681358519952573,0.49681358519952573,0.49681358519952573,0.0,0.0,0.0,5.0,3.0,0.2364468810362113,1,0,0,0,0,1,0,-0.08,,False,False,False,False,False,False,,,3.0,11.400000000000013
21776,GLEAM,https://www.crunchbase.com/organization/gleam-technologies-2,Austria,48.1857192,16.4221587,2013,2.0,True,True,False,False,True,False,False,False,False,False,False,True,False,False,5,4,7,True,False,True,False,3.0,True,2.877755,False,2018-12-15,2022-02-21,Undisclosed,2018,59.5,True,True,True,True,7.7,2.7,True,True,False,False,True,True,False,False,True,False,True,True,5,1,True,True,False,True,True,True,True,True,True,True,True,True,True,True,True,6,1.0,True,True,False,True,True,False,False,False,False,True,False,True,True,127,2,True,40,14,0.35,0.300104592450338,0.004458645788406763,0.4415822891069245,0.0,1.3601849216472057,0.0,0.4437747503349702,1.3601849216472057,0.0,0.4317162135807183,0.8634324271614366,0.6035183165481091,0.0,1.397549726948513,0.0,0.0,0.0,0,0,0,0,0,0,0,-0.08,4.439115601658009,False,False,False,False,False,False,,,7.0,8.0
16774,Solstice Renewables,https://www.crunchbase.com/organization/solstice-renewables,United Kingdom,51.420633,-1.7251743,2013,1.0,True,False,True,False,False,False,False,False,False,False,False,True,False,False,1,1,1,False,True,False,True,1.0,True,0.0,True,2014-01-01,2014-01-01,Seed,2014,8.0,False,False,True,True,3.0,3.0,True,True,False,False,False,False,False,False,False,False,False,False,0,0,False,False,False,False,False,False,False,False,False,False,False,False,False,False,False,1,1.0,True,True,True,True,True,False,False,False,False,False,False,True,True,57,0,False,0,0,0.0,0.0,0.04899179819159914,0.10981773978710543,0.10981773978710543,0.10981773978710543,0.0,0.0,0.0,0.10981773978710543,0.10981773978710543,0.10981773978710543,0.0,0.0,0.0,0.0,0.0,0.0,0,0,0,0,1,0,0,-0.08,6.803505257608338,False,False,False,False,False,False,,,1.0,4.0
16748,MSF Technologies,https://www.crunchbase.com/organization/msf-technologies,United Kingdom,52.6285576,1.2923954,2013,1.0,True,False,True,False,False,False,False,False,False,False,False,True,False,False,1,2,2,False,False,False,False,2.0,True,0.0,True,2014-01-01,2017-01-01,Seed,2014,39.5,True,True,False,False,3.5,3.0,False,False,False,False,False,False,True,True,False,False,False,False,2,2,True,True,True,True,True,True,True,True,True,True,True,True,True,True,True,2,2.0,True,True,True,False,False,False,False,False,False,False,False,True,True,8,0,False,4,0,0.0,0.0,0.09245881349671337,0.0,0.0,0.0,0.0,0.0,0.0,0.0,0.0,0.0,0.0,0.0,0.0,3.0,7.0,0.2599545988864186,1,0,0,0,1,1,0,-0.08,6.803505257608338,False,False,False,False,False,False,,,7.0,4.2
5434,Clean Electricity Generation,https://www.crunchbase.com/organization/clean-electricity-generation,The Netherlands,52.3730796,4.8924534,2013,1.0,True,True,True,True,False,False,False,False,False,False,False,True,False,False,0,1,2,False,False,True,False,0.0,False,0.0,True,2013-06-04,2013-06-04,Pre-Seed,2013,3.5,True,,True,,4.0,1.0,True,,False,,False,,False,,False,,False,,1,0,True,,False,True,,True,,True,,True,,True,,True,,1,,True,,False,True,,True,True,True,False,False,False,True,False,337,1,True,103,29,0.2815533980582524,0.248072934356735,0.0,4.316285353274127,0.0,8.632570706548254,0.0,4.316285353274127,8.632570706548254,0.0,0.0,0.0,8.632570706548254,8.632570706548254,8.632570706548254,0.0,0.0,0.0,0,0,0,0,0,0,0,-0.08,5.303304908059076,True,False,False,True,True,True,2019-06-17,6.0,6.0,14.0
5389,WeShareSolar,https://www.crunchbase.com/organization/wesharesolar,The Netherlands,52.3730796,4.8924534,2013,2.0,True,True,True,True,False,False,False,False,True,False,False,True,False,False,1,2,3,False,False,False,False,0.0,False,0.570157,False,2014-05-15,2015-02-18,Seed,2014,82.66666666666667,True,,False,,9.3,5.0,True,,True,,True,,False,,False,,False,,2,0,True,,False,True,,True,,True,,True,,True,,True,,3,,True,,True,True,,False,False,False,False,False,False,True,True,337,1,True,103,30,0.2912621359223301,0.2556201399921179,0.0,0.01911729858302996,0.0,0.057351895749089894,0.0,0.01911729858302996,0.057351895749089894,0.0,0.0,0.0,0.03823459716605992,0.0,0.057351895749089894,25.0,4.0,0.402427987734136,1,0,1,0,0,0,1,-0.08,5.303304908059076,False,False,False,False,False,False,,,6.0,14.0
16761,Loogun,https://www.crunchbase.com/organization/loogun,United Kingdom,51.4893335,-0.1440551,2013,2.0,False,True,False,True,False,False,False,False,False,False,False,True,False,True,2,1,1,False,True,False,False,0.0,False,0.0,True,2015-11-10,2015-11-10,Seed,2015,64.0,True,,False,,2.0,5.0,False,,True,,True,,False,,False,,False,,1,0,True,,True,True,,True,,True,,True,,True,,True,,1,,True,,True,True,,False,False,False,False,False,False,True,True,1939,5,True,680,185,0.2720588235294117,0.2406367087617268,0.004639509600861782,0.0,0.0,0.0,0.0,0.0,0.0,0.0,0.0,0.0,0.0,0.0,0.0,11.0,6.0,0.3566622753793482,1,0,0,0,0,0,0,-0.08,7.170888478512505,False,False,False,False,False,False,,,45.0,65.0
5486,Capacity Energy Storage,https://www.crunchbase.com/organization/capacity-energy-storage,The Netherlands,52.3730796,4.8924534,2013,2.0,True,True,True,False,False,False,False,False,False,False,False,True,False,False,1,1,1,False,True,False,False,0.0,False,0.0,True,2014-11-01,2014-11-01,Seed,2014,215.0,True,,False,,3.0,13.0,True,,True,,True,,False,,False,,False,,1,0,True,,True,True,,True,,True,,True,,True,,True,,1,,True,,True,True,,False,False,False,False,False,False,True,True,337,1,True,103,30,0.2912621359223301,0.2556201399921179,0.0,0.0,0.0,0.0,0.0,0.0,0.0,0.0,0.0,0.0,0.0,0.0,0.0,25.0,4.0,0.402427987734136,1,0,1,0,0,0,1,-0.08,5.303304908059076,False,False,False,False,False,False,,,6.0,14.0
5236,Afval Loont,https://www.crunchbase.com/organization/afval-loont,The Netherlands,51.9244424,4.47775,2013,1.0,False,False,False,False,False,True,False,False,False,False,False,True,False,False,3,1,4,True,False,False,False,1.0,True,0.552914,False,2016-11-01,2016-11-01,Seed,2016,11.75,True,True,True,False,22.7,0.8,True,True,True,True,False,False,False,False,False,False,False,False,1,0,True,False,False,True,True,True,True,True,False,True,False,True,False,True,False,3,1.0,True,True,True,True,True,False,False,False,False,False,False,True,True,118,2,True,9,3,0.3333333333333333,0.2876820724517809,0.05735189574909011,0.04831385044825131,0.0,0.08758965559566403,0.0,0.04379482779783202,0.08758965559566403,0.057351895749089894,0.057351895749089894,0.057351895749089894,0.08543028901349435,0.057351895749089894,0.1113493156957291,0.0,0.0,0.0,0,0,0,0,0,0,0,-0.08,5.303304908059076,False,False,False,False,False,False,,,1.0,5.0
4544,Zensor,https://www.crunchbase.com/organization/zensor,Belgium,50.8465573,4.351697,2013,1.0,True,True,True,False,False,False,False,False,True,True,False,True,True,False,4,1,1,False,True,False,True,1.0,True,0.0,True,2017-03-09,2017-03-09,Seed,2017,4.0,False,False,True,True,1.0,0.0,False,False,False,False,False,False,False,False,False,False,False,False,0,0,False,False,False,False,False,False,False,False,False,False,False,False,False,False,False,0,0.0,False,False,False,False,False,False,False,False,False,True,True,True,True,184,0,False,17,1,0.0588235294117647,0.0571584138399486,0.0,0.26036950418996324,0.26036950418996324,0.26036950418996324,0.0,0.0,0.0,0.26036950418996324,0.26036950418996324,0.26036950418996324,0.0,0.0,0.0,0.0,0.0,0.0,0,0,0,0,0,0,0,-0.08,5.303304908059076,False,False,False,False,False,False,,,4.0,18.80000000000001
16496,Papertrail.io,https://www.crunchbase.com/organization/papertrail-io,United Kingdom,53.2234878,-4.2733853,2013,2.0,True,False,True,True,False,False,False,False,False,False,False,True,False,False,0,4,3,False,False,False,False,0.0,False,0.871668,False,2013-10-21,2016-05-06,Seed,2013,224.0,False,,True,,10.6,24.5,False,,True,,False,,False,,True,,False,,0,0,False,,False,False,,False,,False,,False,,False,,False,,6,,True,,True,True,,False,False,False,False,False,False,True,True,1,0,False,0,0,0.0,0.0,0.13283064891319535,0.285953415677718,0.25880724882821193,0.34024574937673013,0.25880724882821193,0.285953415677718,0.34024574937673013,0.0,0.0,0.0,0.21281421535145106,0.0,0.3990266537839707,0.0,0.0,0.0,0,0,0,0,1,1,1,-0.08,6.55250788703459,False,False,False,False,False,False,,,0.0,0.0
16488,Vizibl,https://www.crunchbase.com/organization/Vizibl,United Kingdom,51.4893335,-0.1440551,2013,2.0,True,True,False,False,True,False,False,False,False,True,False,True,False,True,1,2,6,True,False,False,False,1.0,True,0.0,True,2014-12-01,2015-10-01,Series A,2014,80.5,True,True,True,False,1.5,16.3,False,False,True,False,False,False,False,False,True,True,False,False,4,1,True,True,False,True,True,True,True,True,True,True,True,True,True,True,True,4,1.0,True,True,False,True,True,True,True,True,False,False,False,True,False,1939,5,True,680,185,0.2720588235294117,0.2406367087617268,0.004639509600861782,2.9065214731729205,0.0,8.822415501460048,0.0,3.4878257678075046,8.822415501460048,0.0,0.0,0.0,4.6996156356874295,0.0,8.822415501460048,44.0,60.0,0.686839713059024,1,1,1,1,0,1,0,-0.08,6.803505257608338,False,False,True,False,True,True,,,45.0,65.0
2595,GreenPriz,https://www.crunchbase.com/organization/greenpriz,France,43.6857041,7.0976053,2013,1.0,True,False,True,False,False,False,False,False,False,False,False,True,False,False,3,1,1,False,True,False,False,0.0,False,0.291032,True,2016-06-30,2016-06-30,Seed,2016,90.0,False,,True,,8.0,10.0,False,,False,,False,,False,,False,,False,,0,0,False,,False,False,,False,,False,,False,,False,,False,,1,,True,,True,True,,False,False,False,False,False,False,True,True,11,0,False,5,1,0.2,0.1823215567939546,0.257985845650445,0.6804680427449391,0.6804680427449391,0.6804680427449391,0.6804680427449391,0.6804680427449391,0.6804680427449391,0.0,0.0,0.0,0.0,0.0,0.0,3.0,1.0,0.1324928350569394,0,0,0,0,1,1,1,-0.08,6.398594934535208,False,False,False,False,False,False,,,0.0,2.8000000000000007
21568,Seneco,https://www.crunchbase.com/organization/seneco,Denmark,56.112696,10.1015583,2014,1.0,True,False,True,True,False,False,False,False,False,False,False,True,False,False,0,1,2,False,False,False,False,0.0,False,1.068402,False,2014-03-04,2014-03-04,Seed,2014,35.5,True,,True,,6.0,5.5,False,,False,,True,,False,,False,,False,,0,0,False,,False,True,,False,,False,,False,,False,,False,,2,,True,,True,True,,False,False,False,False,False,False,True,True,18,1,True,15,2,0.1333333333333333,0.125163142954006,0.1610030081961438,0.12840566676166135,0.09580832532717877,0.16100300819614388,0.09580832532717877,0.12840566676166135,0.16100300819614388,0.0,0.0,0.0,0.25679933022404106,0.25679933022404106,0.25679933022404106,7.0,0.0,0.1375239062843998,0,0,0,0,1,1,1,1.6,4.23410650459726,True,False,False,True,True,True,2021-04-08,7.0,0.0,5.0
16819,Washbox,https://www.crunchbase.com/organization/washbox,United Kingdom,54.9683364,-1.616046,2014,3.0,False,False,False,False,False,True,False,False,False,True,False,True,False,True,0,1,2,False,False,False,False,0.0,False,0.04647,True,2014-08-20,2014-08-20,Seed,2014,152.0,True,,True,,5.0,15.0,False,,True,,True,,False,,False,,False,,1,0,True,,False,True,,True,,True,,True,,True,,True,,2,,True,,True,False,,False,False,False,False,False,False,True,True,22,0,False,65,4,0.0615384615384615,0.0597192347016222,0.1705262236329924,0.21118166113263387,0.0015172686719684733,0.4208460535932993,0.0015172686719684733,0.21118166113263387,0.4208460535932993,0.0,0.0,0.0,0.4207049590393971,0.4207049590393971,0.4207049590393971,41.0,8.0,0.5040464407562821,1,1,1,0,0,0,0,1.6,6.803505257608338,True,False,False,True,True,True,2015-07-10,1.0,12.0,67.0
9524,Kraftblock,https://www.crunchbase.com/organization/kraftblock,Germany,49.4305056,7.089351,2014,2.0,True,False,True,False,True,False,False,False,False,False,False,True,False,False,4,2,2,True,False,False,False,1.0,True,2.828361,False,2018-10-01,2018-12-05,Series B,2018,21.5,False,False,True,True,1.0,5.0,True,True,False,False,False,False,False,False,False,False,False,False,0,0,False,False,False,False,False,False,False,False,False,False,False,False,False,False,False,2,1.0,True,True,True,False,False,False,False,False,False,True,True,True,True,4,0,False,0,0,0.0,0.0,0.250690635155534,0.1565019843685194,0.1450853192842389,0.16791864945279988,0.16791864945279988,0.16791864945279988,0.16791864945279988,0.1450853192842389,0.1450853192842389,0.1450853192842389,0.024700970716888863,0.024700970716888863,0.024700970716888863,0.0,0.0,0.0,0,0,0,0,1,1,0,1.6,7.244941546337007,False,False,True,False,True,True,,,0.0,2.0
9537,Wunder Mobility,https://www.crunchbase.com/organization/wundermobility,Germany,53.550341,10.000654,2014,1.0,True,True,False,False,True,False,False,False,False,True,False,True,False,True,0,3,15,True,False,False,False,1.0,True,2.0,False,2013-12-23,2015-03-01,Series B,2013,89.2,True,False,True,True,12.1,39.2,True,False,True,False,False,False,False,False,True,False,False,False,1,0,True,False,False,True,False,True,False,True,False,True,False,True,False,True,False,8,0.0,True,False,False,True,True,True,True,True,False,True,False,True,False,116,1,True,58,19,0.3275862068965517,0.2833624113072645,0.0,1.7977580006515697,0.0,6.130377862216663,0.0,1.9513099053655802,6.130377862216663,0.7228946676534945,0.7228946676534945,0.7228946676534945,2.713640344079144,0.0,6.48811614666237,3.0,3.0,0.196223716971679,1,0,0,0,0,1,0,1.6,6.55250788703459,False,True,True,True,True,True,,,2.4000000000000057,10.0
1089,Urb-IT,https://www.crunchbase.com/organization/urb-it,Sweden,59.3251172,18.0710935,2014,1.0,False,True,False,False,True,True,False,False,False,True,False,True,False,False,1,1,1,False,True,False,False,0.0,False,1.8,False,2015-12-09,2015-12-09,Venture - Series Unknown,2015,21.0,True,,False,,0.0,3.0,False,,False,,False,,False,,False,,False,,1,0,True,,True,True,,True,,True,,True,,True,,True,,1,,True,,True,True,,False,False,False,False,False,False,True,True,334,2,True,115,34,0.2956521739130435,0.259014177582209,0.0,0.0,0.0,0.0,0.0,0.0,0.0,0.0,0.0,0.0,0.0,0.0,0.0,1.0,0.0,0.0,0,0,0,0,0,0,0,1.6,,True,False,True,True,True,True,2024-01-23,10.0,12.0,18.200000000000017
1071,RaceOne,https://www.crunchbase.com/organization/raceone,Sweden,57.7072326,11.9670171,2014,3.0,False,False,False,False,False,False,False,False,False,True,False,True,False,False,2,4,3,True,False,False,False,1.0,True,2.53991,False,2016-01-13,2022-01-18,Seed,2016,76.33333333333333,True,True,True,False,4.2,9.8,False,False,False,False,False,False,False,False,False,False,False,False,4,1,True,True,False,True,True,True,True,True,True,True,True,True,True,True,True,5,1.0,True,True,False,True,False,True,True,True,False,False,False,True,False,25,2,True,27,5,0.1851851851851851,0.1698990367953974,0.22766469926136576,1.5002086902774008,0.0,8.603939067451927,0.0,1.800250428332881,8.603939067451927,0.0,0.0,0.0,2.976974122639329,0.0,8.649603272932318,41.0,10.0,0.5224969527902714,1,1,1,0,1,1,1,1.6,,False,False,False,False,False,False,,,8.0,41.0
2147,Deepki,https://www.crunchbase.com/organization/deepki,France,48.8534951,2.3483915,2014,2.0,True,True,True,False,False,False,False,False,False,True,False,True,True,False,1,1,1,False,True,False,False,0.0,False,0.090418,True,2015-09-01,2015-09-01,Series C,2015,72.0,False,,True,,0.0,14.0,False,,True,,False,,False,,False,,False,,0,0,False,,False,False,,False,,False,,False,,False,,False,,1,,True,,True,False,,False,False,False,False,False,False,True,True,841,4,True,306,120,0.392156862745098,0.3308542443169896,0.0006205248203236772,0.391812013689019,0.391812013689019,0.391812013689019,0.391812013689019,0.391812013689019,0.391812013689019,0.0,0.0,0.0,0.0,0.0,0.0,1.0,1.0,0.0637308819147395,0,0,0,0,0,0,0,1.6,6.2166061010848646,False,True,True,True,True,True,,,28.0,37.0
11368,C2C NewCap,https://www.crunchbase.com/organization/charge2c-newcap,Portugal,38.7077507,-9.1365919,2014,3.0,True,True,True,False,False,False,False,False,False,False,False,True,False,False,2,1,2,False,False,True,False,0.0,False,0.217306,True,2016-03-01,2016-03-01,Venture - Series Unknown,2016,97.5,True,,True,,15.5,6.0,True,,False,,True,,False,,True,,False,,1,0,True,,False,True,,True,,True,,True,,True,,True,,1,,True,,False,True,,False,False,False,False,False,False,True,True,93,0,False,32,14,0.4375,0.3629054936893685,0.0,0.9077292926834105,0.0,1.815458585366821,0.0,0.9077292926834105,1.815458585366821,0.0,0.0,0.0,1.815458585366821,1.815458585366821,1.815458585366821,8.0,2.0,0.2502193392440147,1,0,0,0,0,0,0,1.6,3.0155349008501706,False,False,True,False,True,True,,,11.0,39.0
2790,BIOMAE,https://www.crunchbase.com/organization/biomae,France,46.1838437,6.211169,2014,4.0,True,False,False,False,True,False,True,True,False,True,False,True,False,False,1,1,3,False,False,False,False,0.0,False,0.892191,False,2015-03-13,2015-03-13,Seed,2015,15.0,False,,True,,14.0,3.7,False,,False,,False,,False,,True,,False,,0,0,False,,False,False,,False,,False,,False,,False,,False,,2,,True,,True,False,,False,False,False,False,False,False,True,True,106,1,True,16,4,0.25,0.2231435513142097,0.0495887818890208,0.11503413427125167,0.11204959613624264,0.11801867240626072,0.11204959613624264,0.11503413427125167,0.11801867240626072,0.0,0.0,0.0,0.007942645596400367,0.007942645596400367,0.007942645596400367,1.0,0.0,0.0,0,0,0,0,0,0,0,1.6,6.2166061010848646,False,False,False,False,False,False,,,1.8000000000000007,3.8000000000000007
11219,Ecocapsule,https://www.crunchbase.com/organization/ecocapsule,Slovakia (Slovak Republic),48.14816,17.10674,2014,3.0,False,False,True,False,False,True,False,False,False,False,False,True,False,False,6,1,1,False,True,False,True,1.0,True,0.0,True,2020-01-01,2020-01-01,Seed,2020,36.0,True,True,False,False,1.0,0.0,False,False,False,False,False,False,False,False,False,False,False,False,1,1,True,True,True,True,True,True,True,True,True,True,True,True,True,True,True,1,1.0,True,True,True,False,False,False,False,False,False,False,False,True,True,20,0,False,15,3,0.2,0.1823215567939546,0.05485068933799905,0.0,0.0,0.0,0.0,0.0,0.0,0.0,0.0,0.0,0.0,0.0,0.0,3.0,1.0,0.1324928350569394,0,0,0,0,1,0,0,1.6,,False,False,False,False,False,False,,,1.400000000000002,7.0
5243,Desolenator,https://www.crunchbase.com/organization/desolenator,The Netherlands,50.8512438,5.6909768,2014,2.0,True,False,True,True,False,False,False,False,False,False,False,True,False,False,6,2,3,False,False,False,False,0.0,False,0.0,True,2020-01-01,2020-08-12,Venture - Series Unknown,2020,43.666666666666664,False,,True,,3.3,1.3,True,,True,,True,,False,,False,,False,,0,0,False,,False,False,,False,,False,,False,,False,,False,,0,,False,,False,True,,True,True,True,False,False,False,True,False,45,0,False,1,0,0.0,0.0,0.09402413760919519,5.503489692657448,1.0630298245785088,8.93776394394281,1.0630298245785088,5.503489692657448,8.93776394394281,0.0,0.0,0.0,10.31995710803725,7.182160550449752,15.443716378236532,0.0,0.0,0.0,0,0,0,0,1,0,0,1.6,6.55250788703459,False,False,True,False,True,True,,,1.0,4.0
9509,INERATEC,https://www.crunchbase.com/organization/ineratec,Germany,49.0068705,8.4034195,2014,3.0,True,False,True,False,True,False,False,False,False,False,False,True,False,False,4,2,2,False,False,False,False,2.0,True,0.0,True,2018-08-22,2018-08-22,Series B,2018,662.0,False,False,True,True,13.0,125.5,False,False,True,True,False,False,False,False,False,False,False,False,0,0,False,False,False,False,False,False,False,False,False,False,False,False,False,False,False,2,2.0,True,True,True,False,False,False,False,False,False,True,True,True,True,32,1,True,8,0,0.0,0.0,0.1818033661707212,0.2136010358393449,0.2136010358393449,0.2136010358393449,0.0,0.0,0.0,0.2136010358393449,0.2136010358393449,0.2136010358393449,0.0,0.0,0.0,4.0,1.0,0.154629239632742,0,0,0,0,1,1,1,1.6,7.244941546337007,False,True,True,True,True,True,,,1.0,4.0
5180,Bleeve,https://www.crunchbase.com/organization/bleeve,The Netherlands,52.3730796,4.8924534,2014,4.0,False,True,True,True,False,False,False,False,False,True,False,True,False,False,0,2,2,False,False,False,False,0.0,False,0.682392,False,2014-11-01,2016-04-07,Seed,2014,122.5,True,,False,,14.0,7.5,True,,True,,True,,False,,False,,False,,2,0,True,,True,True,,True,,True,,True,,True,,True,,2,,True,,True,True,,False,False,False,False,False,False,True,True,337,1,True,140,37,0.2642857142857143,0.2345073099645248,0.0,0.0,0.0,0.0,0.0,0.0,0.0,0.0,0.0,0.0,0.0,0.0,0.0,26.0,5.0,0.4229353383654865,1,0,1,0,0,0,1,1.6,5.303304908059076,False,False,False,False,False,False,,,6.0,14.0
9518,HPS,https://www.crunchbase.com/organization/hps-fcbb,Germany,52.510885,13.3989367,2014,2.0,True,True,True,True,True,True,False,False,False,True,False,True,False,False,5,1,1,False,True,False,False,0.0,False,0.0,True,2019-08-12,2019-08-12,Venture - Series Unknown,2019,24.0,False,,True,,1.0,2.0,True,,False,,False,,False,,False,,False,,0,0,False,,False,False,,False,,False,,False,,False,,False,,1,,True,,True,False,,False,False,False,False,True,True,True,True,539,3,True,309,131,0.4239482200647249,0.3534334500145613,0.0,0.4528068331330033,0.4528068331330033,0.4528068331330033,0.4528068331330033,0.4528068331330033,0.4528068331330033,0.0,0.0,0.0,0.0,0.0,0.0,1.0,0.0,0.0,0,0,0,0,0,0,0,1.6,7.650168700845001,False,False,True,False,True,True,,,18.800000000000068,29.0
12269,Hydromea,https://www.crunchbase.com/organization/hydromea,Switzerland,46.5349093,6.5928442,2014,3.0,True,True,True,True,True,True,False,False,False,True,False,True,False,False,5,1,1,False,True,False,False,0.0,False,1.424592,False,2019-11-13,2019-11-13,Venture - Series Unknown,2019,215.0,False,,True,,5.0,17.0,False,,False,,False,,True,,False,,False,,0,0,False,,False,False,,False,,False,,False,,False,,False,,1,,True,,True,True,,False,False,False,False,True,True,True,True,46,1,True,13,3,0.2307692307692307,0.2076393647782444,0.0033784471203716724,0.17486082257673,0.17486082257673,0.17486082257673,0.17486082257673,0.17486082257673,0.17486082257673,0.0,0.0,0.0,0.0,0.0,0.0,6.0,1.0,0.1880081363765889,1,0,0,0,0,0,0,1.6,5.993961427306569,False,False,True,False,True,True,,,7.0,14.0
12522,INERGIO,https://www.crunchbase.com/organization/inergio,Switzerland,46.5218269,6.6327025,2014,2.0,True,True,True,False,True,False,False,False,False,False,False,True,False,False,5,2,4,True,False,True,False,2.0,True,1.40331,False,2019-11-19,2022-01-18,Pre-Seed,2019,223.0,False,False,True,True,10.0,19.2,True,False,False,False,False,False,True,False,True,False,False,False,0,0,False,False,False,False,False,False,False,False,False,False,False,False,False,False,False,4,2.0,True,True,True,True,True,False,False,False,False,True,True,True,True,46,1,True,13,3,0.2307692307692307,0.2076393647782444,0.0,0.1754926573574918,0.16841544140987436,0.18731967503758845,0.17311775649125224,0.17311775649125224,0.17311775649125224,0.16841544140987436,0.1778675582237314,0.18731967503758845,0.08096221818417502,0.0,0.1594946038614446,19.0,9.0,0.4401316711469246,1,0,0,0,1,1,1,1.6,5.993961427306569,False,False,False,False,False,False,,,7.0,14.0
12550,CodeCheck,https://www.crunchbase.com/organization/codecheck-info,Switzerland,47.3744489,8.5410422,2014,2.0,False,True,False,False,True,True,True,True,False,True,False,True,False,True,0,1,3,True,False,True,False,2.0,True,1.214395,False,2014-08-18,2014-08-18,Venture - Series Unknown,2014,123.33333333333331,True,True,True,True,7.3,19.0,False,False,False,False,False,False,True,False,False,False,False,False,1,0,True,False,False,True,True,True,True,True,True,True,False,True,False,True,False,2,1.0,True,True,False,True,True,False,False,False,False,True,True,True,True,321,2,True,44,15,0.3409090909090909,0.2933478099874582,0.0,0.23615414698193865,0.0,0.668271913917405,0.0,0.0,0.0,0.040190527028410826,0.35423122047290795,0.668271913917405,0.46907771011354765,0.040190527028410826,0.698770689394827,2.0,3.0,0.1676849278940113,0,0,0,0,0,0,0,1.6,4.61512051684126,True,False,True,True,True,True,2022-05-02,8.0,10.800000000000011,22.80000000000001
5395,VIGGA,https://www.crunchbase.com/organization/vigga-us,The Netherlands,52.3730796,4.8924534,2014,1.0,False,True,False,False,True,True,False,False,False,False,False,True,False,False,2,1,2,False,False,False,False,0.0,False,0.0,True,2016-02-01,2016-02-01,Series A,2016,26.0,True,,False,,23.5,1.5,True,,True,,False,,False,,False,,False,,2,0,True,,True,True,,True,,True,,True,,True,,True,,2,,True,,True,True,,False,False,False,False,False,False,True,True,337,1,True,140,37,0.2642857142857143,0.2345073099645248,0.0,0.0,0.0,0.0,0.0,0.0,0.0,0.0,0.0,0.0,0.0,0.0,0.0,3.0,0.0,0.0687619531421999,0,0,0,0,0,0,0,1.6,5.303304908059076,False,False,True,False,True,True,,,6.0,14.0
11772,Ambisense,https://www.crunchbase.com/organization/ambisense,Ireland,53.3782873,-6.2662007,2014,3.0,True,True,True,True,True,False,False,False,False,False,False,True,False,False,3,1,2,True,False,False,False,1.0,True,1.129559,False,2017-03-23,2017-03-23,Venture - Series Unknown,2017,347.0,True,True,False,False,10.0,57.5,False,False,True,False,False,False,False,False,False,False,False,False,2,1,True,True,True,True,True,True,True,True,True,True,True,True,True,True,True,2,1.0,True,True,True,True,True,False,False,False,False,False,False,True,True,100,0,False,99,28,0.2828282828282828,0.2490672363240013,0.0032361230424316186,0.00392794465121546,0.00392794465121546,0.00392794465121546,0.00392794465121546,0.00392794465121546,0.00392794465121546,0.00392794465121546,0.00392794465121546,0.00392794465121546,0.0,0.0,0.0,51.0,17.0,0.5889644135067935,1,1,1,1,0,0,0,1.6,5.17105201550216,False,False,True,False,True,True,,,21.0,60.0
20486,Airlite,https://www.crunchbase.com/organization/airlite,Italy,46.6559455,11.2302129,2014,3.0,True,False,True,False,True,False,False,False,False,False,False,True,True,False,2,1,1,False,True,False,False,0.0,False,0.0,True,2016-08-04,2016-08-04,Seed,2016,17.0,False,,True,,0.0,2.0,False,,False,,False,,False,,False,,False,,0,0,False,,False,False,,False,,False,,False,,False,,False,,0,,False,,False,True,,False,False,False,False,False,False,True,True,1,0,False,0,0,0.0,0.0,0.16673387242466603,0.9859113955237784,0.9859113955237784,0.9859113955237784,0.9859113955237784,0.9859113955237784,0.9859113955237784,0.0,0.0,0.0,0.0,0.0,0.0,0.0,0.0,0.0,0,0,0,0,1,1,1,1.6,4.35799005684564,False,False,False,False,False,False,,,0.0,0.0
16776,HelloHungry,https://www.crunchbase.com/organization/hellohungry,United Kingdom,51.5973246,-0.1805587,2014,4.0,False,True,False,False,False,True,False,True,False,False,False,True,False,True,0,1,1,False,True,False,True,1.0,True,0.273583,True,2014-07-01,2014-07-01,Seed,2014,72.0,False,False,True,True,3.0,4.0,False,False,True,True,False,False,False,False,False,False,False,False,0,0,False,False,False,False,False,False,False,False,False,False,False,False,False,False,False,0,0.0,False,False,False,False,False,False,False,False,False,False,False,True,True,1935,5,True,5,1,0.2,0.1823215567939546,0.010955841992226179,1.722671944258226,1.722671944258226,1.722671944258226,0.0,0.0,0.0,1.722671944258226,1.722671944258226,1.722671944258226,0.0,0.0,0.0,3.0,0.0,0.0687619531421999,0,0,0,0,0,0,0,1.6,6.803505257608338,False,False,False,False,False,False,,,45.0,65.0
5332,Hyko,https://www.crunchbase.com/organization/hyko,The Netherlands,52.3730796,4.8924534,2014,2.0,True,True,True,False,False,True,False,False,False,True,True,True,False,False,0,1,2,False,False,False,False,0.0,False,0.027,True,2014-01-15,2014-01-15,Venture - Series Unknown,2014,128.5,True,,True,,2.0,8.0,True,,True,,True,,False,,False,,False,,1,0,True,,False,True,,True,,True,,True,,True,,True,,1,,True,,False,True,,False,False,False,False,True,False,True,True,337,1,True,140,37,0.2642857142857143,0.2345073099645248,0.0,0.08881738762414801,0.0,0.17763477524829602,0.0,0.08881738762414801,0.17763477524829602,0.0,0.0,0.0,0.17763477524829602,0.17763477524829602,0.17763477524829602,25.0,3.0,0.3819112263338324,1,0,1,0,0,0,1,1.6,5.303304908059076,False,False,True,False,True,True,,,6.0,14.0
21437,Visblue,https://www.crunchbase.com/organization/visblue,Denmark,56.1496278,10.2134046,2014,4.0,True,False,True,False,True,False,False,False,False,False,False,True,False,False,1,1,1,False,True,False,True,1.0,True,0.0,True,2015-06-01,2015-06-01,Seed,2015,48.0,False,False,True,True,1.0,3.0,False,False,False,False,False,False,False,False,False,False,False,False,0,0,False,False,False,False,False,False,False,False,False,False,False,False,False,False,False,1,1.0,True,True,True,False,False,False,False,False,False,False,False,True,True,18,1,True,16,3,0.1875,0.1718502569266592,0.1555965689136978,0.1012892712820446,0.1012892712820446,0.1012892712820446,0.0,0.0,0.0,0.1012892712820446,0.1012892712820446,0.1012892712820446,0.0,0.0,0.0,2.0,0.0,0.0402231640645322,0,0,0,0,0,1,0,1.6,4.330733340286331,False,False,False,False,False,False,,,0.0,5.0
21819,Aero Enterprise,https://www.crunchbase.com/organization/aero-enterprise-gmbh,Austria,48.3059078,14.286198,2014,1.0,True,False,True,True,True,True,False,False,False,True,False,True,False,False,6,1,1,False,True,False,False,0.0,False,0.0,True,2020-08-20,2020-08-20,Seed,2020,14.0,True,,False,,9.0,0.0,False,,False,,False,,False,,False,,False,,1,0,True,,True,True,,True,,True,,True,,True,,True,,1,,True,,True,False,,False,False,False,False,True,True,True,True,18,0,False,6,3,0.5,0.4054651081081644,0.15482974722241377,0.0,0.0,0.0,0.0,0.0,0.0,0.0,0.0,0.0,0.0,0.0,0.0,1.0,0.0,0.0,0,0,0,0,1,1,0,1.6,4.387014176184921,False,False,False,False,False,False,,,0.0,3.6000000000000014
4927,Solar Monkey,https://www.crunchbase.com/organization/solar-monkey,The Netherlands,52.3730796,4.8924534,2014,2.0,True,True,True,True,False,False,False,False,False,False,False,True,False,False,2,2,1,False,True,False,False,0.0,False,0.218274,True,2016-01-15,2017-06-30,Venture - Series Unknown,2016,59.0,True,,False,,2.5,8.0,False,,True,,False,,False,,False,,False,,0,0,False,,False,True,,True,,False,,False,,False,,False,,2,,True,,True,False,,False,False,False,False,False,False,True,True,337,1,True,140,37,0.2642857142857143,0.2345073099645248,0.0,0.05127095594048744,0.05127095594048744,0.05127095594048744,0.05127095594048744,0.05127095594048744,0.05127095594048744,0.0,0.0,0.0,0.0,0.0,0.0,1.0,1.0,0.0637308819147395,0,0,0,0,0,0,0,1.6,5.303304908059076,False,False,True,False,True,True,,,6.0,14.0
2259,Glowee,https://www.crunchbase.com/organization/glowee,France,48.8534951,2.3483915,2014,2.0,False,True,True,False,True,True,False,True,False,True,False,True,False,False,1,2,2,False,False,False,False,0.0,False,0.0,True,2015-04-01,2016-05-01,Venture - Series Unknown,2015,37.5,True,,False,,3.0,4.0,True,,False,,True,,False,,False,,False,,2,0,True,,True,True,,True,,True,,True,,True,,True,,2,,True,,True,True,,False,False,False,False,False,False,True,True,841,4,True,306,121,0.3954248366013072,0.3331989112762438,0.0006205248203236772,0.0,0.0,0.0,0.0,0.0,0.0,0.0,0.0,0.0,0.0,0.0,0.0,10.0,3.0,0.2965770855466619,1,0,0,0,0,0,0,1.6,6.2166061010848646,False,False,True,False,True,True,,,28.0,37.0
2257,Ween,https://www.crunchbase.com/organization/ween,France,43.5298424,5.4474738,2014,3.0,False,False,True,False,True,True,False,False,False,True,False,True,True,False,2,2,5,True,False,True,False,1.0,True,1.965159,False,2016-01-05,2023-05-02,Pre-Seed,2016,88.25,True,False,True,True,7.8,29.8,False,False,True,True,False,False,True,False,True,False,False,False,0,0,False,False,False,True,False,True,False,True,False,True,False,True,False,False,False,4,0.0,True,False,False,True,False,True,True,False,False,False,False,True,False,18,0,False,0,0,0.0,0.0,0.34547585509730944,2.5050680672297667,0.02672657657081377,10.584376612911367,0.02672657657081377,0.4852409308093671,0.6380790488888849,10.584376612911367,10.584376612911367,10.584376612911367,4.47850155285446,0.0,10.736821645013782,1.0,0.0,0.0,0,0,0,0,1,1,1,1.6,6.398594934535208,False,False,False,False,False,False,,,0.0,0.200000000000001
22303,Hypermemo,https://www.crunchbase.com/organization/hypermemo,Finland,62.5,28.0,2014,1.0,True,False,False,False,True,False,False,False,False,True,False,True,False,False,5,2,2,True,False,True,False,1.0,True,1.147735,False,2019-03-31,2020-05-01,Seed,2019,364.5,False,False,True,True,35.0,16.0,False,False,True,False,True,False,False,False,False,False,False,False,0,0,False,False,False,False,False,False,False,False,False,False,False,False,False,False,False,1,1.0,True,True,False,True,False,False,False,False,False,False,False,True,True,5,0,False,2,0,0.0,0.0,0.3062973576418355,1.1129758432673764,0.3053607252268136,1.920590961307939,1.920590961307939,1.920590961307939,1.920590961307939,0.3053607252268136,0.3053607252268136,0.3053607252268136,1.989068613724117,1.989068613724117,1.989068613724117,0.0,0.0,0.0,0,0,0,0,1,1,0,1.6,5.707110264748875,False,False,False,False,False,False,,,0.0,0.6000000000000005
2355,Sensewaves,https://www.crunchbase.com/organization/sensewaves,France,48.8534951,2.3483915,2014,2.0,True,True,True,False,True,False,False,False,False,True,False,True,True,False,1,3,3,True,False,False,False,1.0,True,0.15,True,2015-04-27,2017-07-31,Seed,2015,127.33333333333331,False,False,True,True,3.0,19.0,True,True,True,True,True,False,False,False,False,False,False,False,0,0,False,False,False,False,False,False,False,False,False,False,False,False,False,False,False,0,0.0,False,False,False,True,False,False,False,False,False,True,False,True,True,841,4,True,306,121,0.3954248366013072,0.3331989112762438,0.0006205248203236772,0.7014294326887224,0.26406959986596473,1.3487797171985454,0.26406959986596473,0.8064246585322551,1.3487797171985454,0.491438981001657,0.491438981001657,0.491438981001657,1.017222494645537,0.5143673852759734,1.4457412350488228,11.0,4.0,0.3257255955787148,1,0,0,0,0,0,0,1.6,6.2166061010848646,False,False,False,False,False,False,,,28.0,37.0
723,Greenely,https://www.crunchbase.com/organization/greenely,Sweden,59.3251172,18.0710935,2014,3.0,False,True,True,False,False,False,False,False,False,True,False,True,False,True,5,1,2,False,False,False,False,2.0,True,2.751213,False,2019-07-25,2019-07-25,Series A,2019,47.5,True,True,True,True,2.0,5.0,False,False,True,True,False,False,False,False,True,True,False,False,1,1,True,True,False,True,True,True,True,True,True,True,True,True,True,True,True,1,1.0,True,True,False,True,True,False,False,False,False,False,False,True,True,334,2,True,115,35,0.3043478260869565,0.2657031657330057,0.0,0.26043006284829134,0.0,0.5208601256965827,0.0,0.0,0.0,0.0,0.26043006284829134,0.5208601256965827,0.5208601256965827,0.5208601256965827,0.5208601256965827,6.0,6.0,0.3031924594922654,1,0,0,0,0,0,0,1.6,,False,False,True,False,True,True,,,12.0,18.200000000000017
9640,Green City Solutions,https://www.crunchbase.com/organization/green-city-solutions-gmbh,Germany,52.242895,13.6279176,2014,4.0,True,False,True,False,True,False,False,False,False,True,False,True,False,False,2,2,4,True,False,False,False,3.0,True,0.0,True,2016-12-21,2017-02-06,Seed,2016,17.0,True,True,True,True,6.3,3.5,False,False,False,False,True,True,False,False,True,True,False,False,0,0,False,False,False,True,True,True,True,True,True,True,True,False,False,False,False,4,3.0,True,True,True,True,True,False,False,False,False,True,True,True,True,538,0,False,1,0,0.0,0.0,0.033609240972355375,0.3663033447807682,0.03360924097235552,0.48500227498243026,0.46386930545851945,0.46386930545851945,0.46386930545851945,0.03360924097235552,0.3337813578881846,0.48500227498243026,0.33490558226070205,0.03439935566152479,0.47652351111218005,3.0,8.0,0.2707840690877006,1,0,0,0,1,1,1,1.6,7.244941546337007,False,False,False,False,False,False,,,8.0,3.0
2700,PowiDian,https://www.crunchbase.com/organization/powidian,France,47.3390872,0.714368,2014,2.0,True,False,True,False,False,False,False,False,False,False,False,True,False,False,0,1,1,False,True,False,True,1.0,True,0.0,True,2014-06-01,2014-06-01,Series A,2014,10.0,False,False,True,True,5.0,3.0,False,False,False,False,False,False,False,False,False,False,False,False,0,0,False,False,False,False,False,False,False,False,False,False,False,False,False,False,False,1,1.0,True,True,True,True,True,False,False,False,False,False,False,True,True,1,0,False,0,0,0.0,0.0,0.20798544370641953,0.20755259746617108,0.20755259746617108,0.20755259746617108,0.0,0.0,0.0,0.20755259746617108,0.20755259746617108,0.20755259746617108,0.0,0.0,0.0,0.0,0.0,0.0,0,0,0,0,1,1,1,1.6,5.993961427306569,False,False,True,False,True,True,,,0.0,0.0
900,ReVibe Energy,https://www.crunchbase.com/organization/revibe-energy,Sweden,57.7072326,11.9670171,2014,2.0,False,False,True,False,False,False,False,False,False,True,False,True,False,False,2,4,4,False,False,False,False,0.0,False,2.615761,False,2016-09-27,2023-10-18,Seed,2016,141.14285714285714,True,,True,,17.7,15.4,False,,True,,False,,False,,False,,False,,5,0,True,,False,True,,True,,True,,True,,True,,True,,7,,True,,True,True,,False,False,False,False,False,False,True,True,25,2,True,27,5,0.1851851851851851,0.1698990367953974,0.22766469926136576,0.09675412787557024,0.0,0.39731307421247714,0.0,0.09675412787557024,0.39731307421247714,0.0,0.0,0.0,0.16699393471305096,0.0,0.39731307421247714,46.0,15.0,0.5681059528600021,1,1,1,1,1,1,1,1.6,,False,False,False,False,False,False,,,8.0,41.0
2230,MyLight Systems,https://www.crunchbase.com/organization/mylight-systems,France,46.08748,2.34256,2014,2.0,True,False,True,True,True,False,False,False,False,False,False,True,False,False,2,1,1,False,True,False,True,1.0,True,2.231172,False,2016-05-25,2016-05-25,Series A,2016,32.0,False,False,True,True,1.0,1.0,False,False,False,False,False,False,False,False,False,False,False,False,0,0,False,False,False,False,False,False,False,False,False,False,False,False,False,False,False,1,1.0,True,True,True,True,True,False,False,False,False,False,False,True,True,0,0,False,0,0,0.0,0.0,0.3081791436138195,0.30756715819652475,0.30756715819652475,0.30756715819652475,0.0,0.0,0.0,0.30756715819652475,0.30756715819652475,0.30756715819652475,0.0,0.0,0.0,0.0,0.0,0.0,0,0,0,0,1,1,1,1.6,6.398594934535208,False,False,True,False,True,True,,,0.0,0.0
768,Swedish Algae Factory,https://www.crunchbase.com/organization/swedish-algae-factory,Sweden,57.7072326,11.9670171,2014,1.0,False,False,False,False,True,False,False,False,False,False,False,True,False,True,3,2,3,True,False,False,False,2.0,True,0.739052,False,2017-05-09,2018-05-15,Venture - Series Unknown,2017,229.0,True,True,True,True,5.0,21.2,True,False,True,True,True,False,False,False,False,False,False,False,2,2,True,True,False,True,True,True,True,True,True,True,True,True,True,True,True,3,3.0,True,True,False,True,True,False,False,False,False,False,False,True,True,25,2,True,27,5,0.1851851851851851,0.1698990367953974,0.22766469926136576,0.30232606196202605,0.0,0.811991173635627,0.811991173635627,0.811991173635627,0.811991173635627,0.0,0.13243769140415904,0.39731307421247714,0.5997853907826581,0.0,1.1801038489997409,22.0,7.0,0.4334796478602494,1,0,0,0,0,0,0,1.6,,False,False,True,False,True,True,,,8.0,41.0
5033,Sustonable,https://www.crunchbase.com/organization/innovative-stone-technologies-b-v-sustonable,The Netherlands,52.1131403,4.6408412,2014,3.0,False,False,False,False,True,False,False,True,False,False,False,True,True,False,3,4,5,True,False,False,False,1.0,True,2.785873,False,2017-03-16,2021-09-21,Seed,2017,16.571428571428573,True,False,True,True,52.0,1.9,True,True,False,False,False,False,False,False,False,False,False,False,0,0,False,False,False,True,False,True,False,True,False,True,False,True,False,True,False,3,0.0,True,False,False,True,False,False,False,False,False,True,False,True,True,403,1,True,0,0,0.0,0.0,0.03359932330131633,0.3032142751298234,0.012024741201163869,0.6663335167252643,0.012024741201163869,0.23059042681073524,0.6663335167252643,0.6663335167252643,0.6663335167252643,0.6663335167252643,0.3931904572937912,0.0,0.6559702076477976,1.0,0.0,0.0,0,0,0,0,0,0,0,1.6,5.993961427306569,False,False,False,False,False,False,,,1.0,6.0
16127,Mixergy,https://www.crunchbase.com/organization/mixergy-ltd,United Kingdom,51.7990507,-1.3455942,2014,2.0,True,True,True,False,False,False,False,False,False,False,False,True,False,False,2,1,2,False,False,False,False,0.0,False,0.0,True,2016-01-01,2016-01-01,Venture - Series Unknown,2016,126.5,True,,False,,8.0,24.0,True,,False,,False,,False,,False,,False,,1,0,True,,False,True,,True,,True,,True,,True,,True,,2,,True,,True,True,,False,False,False,False,False,False,True,True,61,1,True,17,6,0.3529411764705882,0.3022808718729335,0.007987538566840357,0.04888106695017099,0.007987538566840473,0.0897745953335015,0.007987538566840473,0.04888106695017099,0.0897745953335015,0.0,0.0,0.0,0.08225276663828812,0.08225276663828812,0.08225276663828812,18.0,3.0,0.3507956033181489,1,0,0,0,0,0,0,1.6,6.803505257608338,False,True,True,True,True,True,,,6.200000000000003,26.80000000000001
16125,Entocycle,https://www.crunchbase.com/organization/entocycle,United Kingdom,51.4893335,-0.1440551,2014,1.0,True,True,False,False,True,False,True,True,False,False,False,True,False,False,3,2,4,False,False,False,False,0.0,False,3.0,False,2017-08-22,2018-12-01,Series A,2017,123.66666666666669,False,,True,,10.7,280.0,False,,True,,True,,False,,False,,False,,0,0,False,,False,False,,False,,False,,False,,False,,False,,0,,False,,False,False,,True,True,True,False,False,False,True,False,1939,5,True,962,254,0.264033264033264,0.2343076118604058,0.004639509600861782,7.117148470898867,1.058897320693363,8.637203930703125,1.058897320693363,7.117148470898867,8.637203930703125,0.0,0.0,0.0,3.8847448464735606,0.0,9.676090842469712,22.0,53.0,0.6090510579490211,1,1,0,1,0,1,0,1.6,7.696667081526462,False,False,True,False,True,True,,,45.0,65.0
7539,Lucera,https://www.crunchbase.com/organization/lucera,Spain,39.4697065,-0.3763353,2014,4.0,True,False,True,False,False,False,False,False,False,False,False,True,False,False,2,1,3,True,False,False,False,1.0,True,0.0,True,2016-09-22,2016-09-22,Seed,2016,31.333333333333332,False,False,True,True,2.7,4.7,False,False,True,True,False,False,False,False,True,True,False,False,0,0,False,False,False,False,False,False,False,False,False,False,False,False,False,False,False,3,1.0,True,True,True,True,True,False,False,False,False,False,False,True,True,40,0,False,44,3,0.0681818181818181,0.0659579677917973,0.3025416859136113,0.3017089752238981,0.3017089752238981,0.3017089752238981,0.3017089752238981,0.3017089752238981,0.3017089752238981,0.3017089752238981,0.3017089752238981,0.3017089752238981,0.0,0.0,0.0,2.0,0.0,0.0402231640645322,0,0,0,0,0,0,0,1.6,5.993961427306569,True,False,False,True,True,True,2021-02-08,7.0,7.400000000000006,11.0
16175,Silicon MicroGravity,https://www.crunchbase.com/organization/silicon-microgravity,United Kingdom,52.2055314,0.1186637,2014,3.0,True,True,True,True,False,False,False,False,False,True,False,True,False,False,2,1,5,False,False,False,False,0.0,False,4.273693,False,2016-01-18,2016-01-18,Undisclosed,2016,94.6,True,,True,,15.2,19.6,False,,True,,False,,False,,True,,True,,1,0,True,,False,True,,True,,True,,True,,True,,True,,4,,True,,False,True,,True,True,True,False,False,False,True,False,54,1,True,36,11,0.3055555555555556,0.2666286632539486,0.0,1.779117999818571,0.0,8.590406885068733,0.0,1.779117999818571,8.590406885068733,0.0,0.0,0.0,3.4965693721725453,0.0,8.635723834817247,9.0,6.0,0.3385755158906184,1,0,0,0,0,0,0,1.6,6.803505257608338,False,False,False,False,False,False,,,10.0,17.0
16045,Notpla,https://www.crunchbase.com/organization/notpla,United Kingdom,51.4893335,-0.1440551,2014,2.0,True,True,False,False,True,False,False,False,False,False,False,True,False,False,6,1,5,True,False,True,False,2.0,True,6.265573,False,2020-01-20,2020-01-20,Series A,2020,25.8,False,False,True,True,9.6,2.8,True,True,True,True,False,False,False,False,False,False,True,False,0,0,False,False,False,False,False,False,False,False,False,False,False,False,False,False,False,0,0.0,False,False,False,True,False,True,True,True,False,False,False,True,False,1939,5,True,962,253,0.262993762993763,0.2334849051089423,0.004639509600861782,4.116947753427255,0.35894534086299357,8.616713337577476,0.35894534086299357,4.848483527072824,8.616713337577476,0.4694962831397988,3.0196440929589015,5.569791902778005,5.019277847902231,0.0,9.05034262409997,3.0,0.0,0.0687619531421999,0,0,0,0,0,0,0,1.6,7.901377353792616,False,True,True,True,True,True,,,45.0,65.0
5573,EnWake,https://www.crunchbase.com/organization/enwake,The Netherlands,51.9244424,4.47775,2014,1.0,True,False,True,False,False,False,False,False,False,False,False,True,False,False,0,1,1,False,True,False,False,0.0,False,0.0,True,2014-08-01,2014-08-01,Seed,2014,230.0,False,,True,,4.0,44.0,False,,False,,True,,False,,False,,False,,0,0,False,,False,False,,False,,False,,False,,False,,False,,0,,False,,False,True,,False,False,False,False,False,False,True,True,118,2,True,14,3,0.2142857142857142,0.1941560144409574,0.05735189574909011,0.12017407917364818,0.12017407917364818,0.12017407917364818,0.12017407917364818,0.12017407917364818,0.12017407917364818,0.0,0.0,0.0,0.0,0.0,0.0,1.0,0.0,0.0,0,0,0,0,0,0,0,1.6,5.303304908059076,False,False,False,False,False,False,,,1.0,5.0
1435,Tise,https://www.crunchbase.com/organization/tise,Norway,59.9723975,10.7757292,2014,2.0,False,True,False,False,False,True,False,False,False,True,True,True,False,False,4,2,2,False,False,False,False,0.0,False,0.0,True,2018-05-15,2019-11-01,Venture - Series Unknown,2018,24.5,True,,False,,2.0,1.5,False,,False,,False,,False,,False,,False,,2,0,True,,True,True,,True,,True,,True,,True,,True,,2,,True,,True,True,,False,False,False,False,False,False,True,True,117,1,True,25,12,0.48,0.3920420877760237,0.0068796624669323235,0.0,0.0,0.0,0.0,0.0,0.0,0.0,0.0,0.0,0.0,0.0,0.0,4.0,3.0,0.2183601215474815,1,0,0,0,0,0,0,1.6,4.61512051684126,False,True,True,True,True,True,,,6.0,7.600000000000008
1434,Shoreline,https://www.crunchbase.com/organization/shoreline,Norway,58.9699675,5.7318101,2014,1.0,True,False,False,False,False,False,False,False,False,True,False,True,False,True,3,1,3,True,False,False,False,1.0,True,0.0,True,2017-10-17,2017-10-17,Series A,2017,56.0,False,False,True,True,8.7,12.0,True,True,True,True,False,False,False,False,False,False,False,False,0,0,False,False,False,False,False,False,False,False,False,False,False,False,False,False,False,2,0.0,True,False,False,True,False,True,True,True,False,False,False,True,False,15,0,False,1,0,0.0,0.0,0.3017902841292199,3.112797315757207,0.3058328175538439,8.455758310194073,0.3058328175538439,0.4413168185387742,0.5768008195237047,8.455758310194073,8.455758310194073,8.455758310194073,5.748604153929882,0.39242857586787727,8.569591606395273,0.0,0.0,0.0,0,0,0,0,1,1,1,1.6,4.330733340286331,False,False,True,False,True,True,,,0.0,0.0
16092,Dendra Systems,https://www.crunchbase.com/organization/dendra,United Kingdom,51.7520131,-1.2578499,2014,5.0,True,True,False,False,True,False,False,False,False,True,False,True,False,False,1,3,3,True,False,False,False,2.0,True,3.68104,False,2015-12-22,2018-05-31,Series B,2015,22.333333333333332,True,True,True,True,8.0,1.7,True,True,True,True,True,False,False,False,False,False,False,False,0,0,False,False,False,True,True,False,False,False,False,False,False,False,False,False,False,1,1.0,True,True,False,True,True,True,True,False,False,False,False,True,False,65,1,True,24,8,0.3333333333333333,0.2876820724517809,0.0,5.788583072688219,0.08225276663828812,16.871924327396332,16.871924327396332,16.871924327396332,16.871924327396332,0.08225276663828812,0.24691244533416185,0.41157212403003557,11.310968079343308,0.34260840402510934,16.8179861708355,0.0,0.0,0.0,0,0,0,0,0,0,0,1.6,7.170888478512505,False,True,True,True,True,True,,,6.6000000000000085,28.40000000000003
16104,Switchee,https://www.crunchbase.com/organization/switchee,United Kingdom,51.4893335,-0.1440551,2014,2.0,True,True,True,False,False,True,False,False,False,True,False,True,True,False,1,4,13,True,False,True,False,5.0,True,3.19779,False,2015-05-02,2018-06-06,Venture - Series Unknown,2015,64.53846153846153,True,True,True,False,4.2,6.2,True,False,True,True,True,True,True,True,True,False,True,False,11,5,True,True,False,True,True,True,True,True,True,True,True,True,True,True,True,11,5.0,True,True,False,True,True,True,True,False,False,False,False,True,False,1939,5,True,962,254,0.264033264033264,0.2343076118604058,0.004639509600861782,0.9678211882437902,0.0,10.856912543700851,0.0,1.572709430896159,10.856912543700851,0.0,0.0,0.0,1.8917519533582314,0.0,10.856912543700851,95.0,53.0,0.7507969856085225,1,1,1,1,0,1,1,1.6,7.170888478512505,False,False,True,False,True,True,,,45.0,65.0
7156,HOPU Smart Cities,https://www.crunchbase.com/organization/hop-ubiquitous,Spain,38.0776952,-1.2741301,2014,3.0,True,False,False,False,True,False,False,False,False,True,False,True,True,False,4,5,7,True,False,True,False,6.0,True,0.536364,False,2018-01-01,2020-11-20,Seed,2018,123.28571428571428,False,False,True,True,3.0,10.3,False,False,True,True,True,True,False,False,False,False,True,True,0,0,False,False,False,False,False,False,False,False,False,False,False,False,False,False,False,4,3.0,True,True,False,True,True,False,False,False,False,False,False,True,True,7,0,False,0,0,0.0,0.0,0.33375223102289986,0.7240900092646988,0.33361916930428165,1.4939224856710096,0.47123747795341103,0.47123747795341103,0.47123747795341103,0.33361916930428165,0.7746605155269564,1.4939224856710096,0.6830726798196872,0.0,1.2602051636283356,0.0,0.0,0.0,0,0,0,0,1,1,1,1.6,6.2166061010848646,True,False,False,True,True,True,2022-06-28,8.0,0.0,0.0
16534,CoControl,https://www.crunchbase.com/organization/cocontrol,United Kingdom,51.4893335,-0.1440551,2014,1.0,True,True,True,False,True,True,False,False,False,True,False,True,False,False,0,1,1,False,True,True,False,0.0,False,0.0,True,2014-04-30,2014-04-30,Equity Crowdfunding,2014,52.0,True,,False,,3.0,5.0,False,,False,,True,,False,,False,,False,,1,0,True,,True,True,,True,,True,,True,,True,,True,,1,,True,,True,True,,False,False,False,False,False,False,True,True,1939,5,True,962,254,0.264033264033264,0.2343076118604058,0.004639509600861782,0.0,0.0,0.0,0.0,0.0,0.0,0.0,0.0,0.0,0.0,0.0,0.0,1.0,0.0,0.0,0,0,0,0,0,0,0,1.6,6.803505257608338,False,False,False,False,False,False,,,45.0,65.0
7293,Ciclogreen,https://www.crunchbase.com/organization/ciclogreen,Spain,43.2630018,-2.9350039,2014,2.0,False,False,False,False,False,True,False,False,False,True,False,True,False,False,4,2,5,True,False,True,False,2.0,True,0.395385,True,2018-07-14,2023-05-15,Pre-Seed,2018,109.4,False,False,True,True,39.5,6.0,False,False,True,True,True,True,False,False,True,False,False,False,0,0,False,False,False,False,False,False,False,False,False,False,False,False,False,False,False,3,1.0,True,True,False,True,True,False,False,False,False,False,False,True,True,21,0,False,12,2,0.1666666666666666,0.1541506798272582,0.3228302338508456,1.0490886540018156,0.4693059866220068,2.5973616082182804,0.4693059866220068,0.7262585583895967,1.0067731199029928,0.4693059866220068,1.5333337974201435,2.5973616082182804,1.5461094081338609,0.0,3.283575589186593,1.0,0.0,0.0,0,0,0,0,1,1,0,1.6,6.2166061010848646,False,False,False,False,False,False,,,0.0,1.400000000000002
16228,Terrabotics,https://www.crunchbase.com/organization/terrabotics,United Kingdom,51.4893335,-0.1440551,2014,1.0,True,True,True,True,True,False,False,False,False,True,False,True,False,False,4,1,1,False,True,False,True,1.0,True,0.705,False,2018-11-15,2018-11-15,Seed,2018,45.0,True,True,False,False,1.0,5.0,False,False,False,False,False,False,False,False,False,False,False,False,1,1,True,True,True,True,True,True,True,True,True,True,True,True,True,True,True,1,1.0,True,True,True,True,True,False,False,False,False,False,False,True,True,1939,5,True,962,254,0.264033264033264,0.2343076118604058,0.004639509600861782,0.0,0.0,0.0,0.0,0.0,0.0,0.0,0.0,0.0,0.0,0.0,0.0,15.0,32.0,0.52776954537884,1,1,0,1,0,0,0,1.6,7.696667081526462,False,False,False,False,False,False,,,45.0,65.0
16542,Takestock,https://www.crunchbase.com/organization/takestock-com,United Kingdom,51.4020243,-1.3242212,2014,2.0,True,False,False,False,False,True,True,False,True,True,False,True,False,False,1,1,3,False,False,False,False,0.0,False,0.459138,True,2015-09-01,2015-09-01,Seed,2015,139.0,True,,True,,7.0,13.3,False,,True,,False,,False,,True,,False,,0,0,False,,False,True,,True,,True,,True,,False,,False,,3,,True,,True,True,,False,False,False,False,False,False,True,True,65,0,False,0,0,0.0,0.0,0.03918630769451356,0.08090567688604913,0.03669097444213837,0.123663822280772,0.03669097444213837,0.08090567688604913,0.123663822280772,0.0,0.0,0.0,0.12180270579515064,0.05294940182194702,0.16239646057450785,1.0,0.0,0.0,0,0,0,0,1,0,0,1.6,7.170888478512505,False,False,False,False,False,False,,,1.0,3.0
16449,Ecoisme,https://www.crunchbase.com/organization/ecoisme,United Kingdom,51.4893335,-0.1440551,2014,4.0,True,True,True,True,False,True,False,False,False,False,False,True,True,False,0,3,9,True,False,False,False,1.0,True,0.303786,True,2014-06-02,2017-09-02,Seed,2014,33.125,False,False,True,True,8.4,70.3,True,False,True,False,True,True,False,False,False,False,True,False,0,0,False,False,False,False,False,False,False,False,False,False,False,False,False,False,False,1,0.0,True,False,False,True,False,True,True,True,False,True,False,True,False,1939,5,True,962,254,0.264033264033264,0.2343076118604058,0.004639509600861782,6.306860586376182,0.26322150438581265,8.996578627931791,0.26322150438581265,6.410310220272058,8.996578627931791,5.479263515209163,5.479263515209163,5.479263515209163,6.7172351643351895,0.04369680386313251,13.403852256949753,81.0,33.0,0.6926242334797988,1,1,1,1,0,0,1,1.6,6.803505257608338,False,False,False,False,False,False,,,45.0,65.0
16401,Stuffstr,https://www.crunchbase.com/organization/stuffstr,United Kingdom,51.4893335,-0.1440551,2014,2.0,True,True,False,False,False,True,False,False,False,True,False,True,False,True,5,2,5,True,False,False,False,1.0,True,2.942126,False,2019-04-18,2019-11-01,Seed,2019,39.0,True,True,True,False,4.0,4.8,True,False,False,False,True,False,False,False,False,False,True,False,2,1,True,True,False,True,True,True,True,True,True,True,True,True,True,True,True,2,1.0,True,True,False,True,True,False,False,False,False,True,False,True,True,1939,5,True,962,254,0.264033264033264,0.2343076118604058,0.004639509600861782,0.3272686504499981,0.0,0.918452570524003,0.0,0.40908581306249747,0.918452570524003,0.0,0.0,0.0,0.4609695695412192,0.0,0.918452570524003,70.0,34.0,0.6810004003857588,1,1,1,1,0,0,1,1.6,8.006700845440367,False,False,False,False,False,False,,,45.0,65.0
20347,greenchic,https://www.crunchbase.com/organization/wardrobe-green-armadio-verde,Italy,45.4641943,9.1896346,2015,2.0,False,True,False,False,True,True,False,False,False,False,False,True,False,False,0,7,4,True,False,False,False,2.0,True,4.30362,False,2014-12-09,2019-08-02,Series A,2014,28.6,True,True,True,True,10.6,7.4,True,False,False,False,False,False,False,False,False,False,False,False,7,6,True,True,False,True,True,True,True,True,True,True,True,True,True,True,True,10,7.0,True,True,True,True,True,False,False,False,False,False,False,True,True,185,1,True,86,19,0.2209302325581395,0.1996130539040156,0.0,0.04278025664916359,0.0,0.18932747836138406,0.0,0.10285500747550332,0.18932747836138406,0.0,0.01703393486644656,0.11923754406512592,0.0722667586140584,0.0,0.18932747836138406,6.0,6.0,0.3031924594922654,1,0,0,0,0,1,0,2.31,3.977810745966149,False,False,True,False,True,True,,,4.0,8.0
22653,DTWISE,https://www.crunchbase.com/organization/dtwise,Greece,37.9755648,23.7348324,2015,2.0,True,False,True,False,False,False,False,False,False,False,False,True,False,False,4,1,1,False,True,False,True,1.0,True,0.0,True,2019-07-30,2019-07-30,Seed,2019,27.0,True,True,False,False,2.0,0.0,False,False,False,False,False,False,False,False,False,False,False,False,1,1,True,True,True,True,True,True,True,True,True,True,True,True,True,True,True,1,1.0,True,True,True,False,False,False,False,False,False,False,False,True,True,31,0,False,22,2,0.0909090909090909,0.0870113769896297,1.2838943575597856,0.0,0.0,0.0,0.0,0.0,0.0,0.0,0.0,0.0,0.0,0.0,0.0,6.0,1.0,0.1880081363765889,1,0,0,0,0,0,0,2.31,3.258096538021482,False,False,False,False,False,False,,,5.0,8.0
20682,My Foody,https://www.crunchbase.com/organization/my-foody,Italy,45.4641943,9.1896346,2015,3.0,False,True,False,False,False,False,True,False,False,True,True,True,False,False,3,1,2,True,False,True,False,1.0,True,0.571988,False,2018-10-01,2018-10-01,Seed,2018,46.0,True,True,False,False,2.5,7.5,False,False,False,False,False,False,False,False,False,False,False,False,2,1,True,True,True,True,True,True,True,True,True,True,True,True,True,True,True,2,1.0,True,True,True,True,True,False,False,False,False,False,False,True,True,185,1,True,86,18,0.2093023255813953,0.1900436028878649,0.0,0.0,0.0,0.0,0.0,0.0,0.0,0.0,0.0,0.0,0.0,0.0,0.0,12.0,1.0,0.2494183912768929,1,0,0,0,0,0,1,2.31,4.61512051684126,True,False,False,True,True,True,2021-10-14,6.0,4.0,8.0
19844,Platio,https://www.crunchbase.com/organization/platio,Hungary,47.4978789,19.0402383,2015,2.0,True,False,True,True,False,False,False,False,False,False,False,True,True,False,1,2,2,True,False,False,False,1.0,True,0.593466,False,2016-12-01,2020-12-17,Seed,2016,217.0,True,False,True,True,12.0,5.0,False,False,False,False,True,True,False,False,False,False,False,False,1,0,True,False,False,True,False,True,False,True,False,True,False,True,False,True,False,1,0.0,True,False,False,False,False,False,False,False,False,True,False,True,True,54,0,False,52,7,0.1346153846153846,0.1262937253242921,0.21414371872684834,0.4861825743448141,0.0,0.972365148689628,0.0,0.0,0.0,0.972365148689628,0.972365148689628,0.972365148689628,0.972365148689628,0.972365148689628,0.972365148689628,81.0,6.0,0.5473109449288641,1,1,1,0,0,0,1,2.31,3.9740583963475986,False,False,False,False,False,False,,,7.0,81.0
22517,Masar,https://www.crunchbase.com/organization/masar,Finland,62.0,24.0,2015,1.0,True,False,True,True,False,False,False,False,False,False,False,True,False,False,0,1,1,False,True,False,False,0.0,False,0.0,True,2015-05-01,2015-05-01,Seed,2015,215.0,False,,True,,4.0,13.0,True,,True,,True,,False,,False,,False,,0,0,False,,False,False,,False,,False,,False,,False,,False,,0,,False,,False,True,,False,False,False,False,False,False,True,True,12,0,False,13,1,0.0769230769230769,0.0741079721537218,0.20997009474927936,1.5611807659463397,1.5611807659463397,1.5611807659463397,1.5611807659463397,1.5611807659463397,1.5611807659463397,0.0,0.0,0.0,0.0,0.0,0.0,0.0,0.0,0.0,0,0,0,0,1,1,0,2.31,4.704110133842995,False,False,False,False,False,False,,,0.0,0.8000000000000007
21972,Paptic,https://www.crunchbase.com/organization/paptic,Finland,60.83333,26.0,2015,3.0,True,False,True,False,True,False,False,False,False,False,False,True,False,False,0,1,3,True,False,False,False,1.0,True,1.222089,False,2015-08-14,2015-08-14,Venture - Series Unknown,2015,11.666666666666666,True,True,True,False,9.0,1.3,True,True,False,False,False,False,False,False,False,False,False,False,1,1,True,True,False,True,True,True,True,True,True,True,True,True,True,True,True,2,1.0,True,True,False,True,False,False,False,False,False,False,False,True,True,32,0,False,40,6,0.15,0.1397619423751586,0.09398058736034391,0.665810282637052,0.0,1.9037808990400231,0.09364994887113248,0.998715423955578,1.9037808990400231,0.0,0.0,0.0,1.273576791489204,0.09364994887113248,1.9037808990400231,1.0,0.0,0.0,0,0,0,0,0,0,0,2.31,4.704110133842995,False,True,True,True,True,True,,,2.0,5.0
22105,ResQ Club,https://www.crunchbase.com/organization/resq-club,Finland,60.1717794,24.9413548,2015,5.0,False,True,False,False,True,False,True,False,False,True,False,True,False,True,1,1,2,True,False,False,False,1.0,True,0.362565,True,2016-05-25,2016-05-25,Venture - Series Unknown,2016,10.0,True,True,True,False,11.0,1.5,True,True,False,False,False,False,False,False,False,False,False,False,1,1,True,True,False,True,True,True,True,True,True,True,True,True,True,True,True,1,1.0,True,True,False,True,True,True,True,True,False,False,False,True,False,147,2,True,148,35,0.2364864864864864,0.2122738790773058,0.0004833470476976217,4.375780287630605,0.0,8.75156057526121,8.75156057526121,8.75156057526121,8.75156057526121,0.0,0.0,0.0,8.75156057526121,8.75156057526121,8.75156057526121,0.0,0.0,0.0,0,0,0,0,0,0,0,2.31,4.6709579265260945,False,False,True,False,True,True,,,9.0,19.0
22102,SpinDrive,https://www.crunchbase.com/organization/spindrive,Finland,60.83333,26.0,2015,3.0,True,False,True,False,False,True,False,False,False,True,False,True,False,False,4,3,5,True,False,True,False,3.0,True,2.775242,False,2019-06-10,2022-01-12,Series A,2019,45.5,True,True,True,True,6.2,4.5,False,False,True,True,True,True,False,False,True,False,False,False,0,0,False,False,False,True,True,False,False,False,False,False,False,False,False,False,False,4,3.0,True,True,False,True,True,True,True,False,False,True,False,True,False,32,0,False,40,7,0.175,0.1612681475961222,0.09398058736034391,2.003164603403909,0.09364994887113248,9.227052974901497,0.46530115975652886,3.788795520974886,9.227052974901497,0.09364994887113248,0.21753368583293126,0.46530115975652886,3.785172760314148,0.0,10.235584438930509,11.0,1.0,0.2414779522636717,1,0,0,0,1,0,1,2.31,5.707110264748875,False,False,True,False,True,True,,,2.0,5.0
15680,Envopap,https://www.crunchbase.com/organization/paper-plus-europe,United Kingdom,51.4893335,-0.1440551,2015,1.0,True,True,False,False,True,True,False,False,False,False,False,True,False,False,5,1,2,True,False,False,False,1.0,True,1.45772,False,2020-01-01,2020-01-01,Seed,2020,473.5,True,True,True,False,7.5,27.0,False,False,False,False,True,True,False,False,False,False,False,False,1,1,True,True,False,True,True,True,True,True,True,True,True,True,True,True,True,2,1.0,True,True,True,True,True,False,False,False,False,False,False,True,True,1939,5,True,1314,331,0.2519025875190259,0.2246644641549164,0.004639509600861782,0.12547490600348093,0.0,0.25094981200696187,0.25094981200696187,0.25094981200696187,0.25094981200696187,0.0,0.0,0.0,0.25094981200696187,0.25094981200696187,0.25094981200696187,39.0,25.0,0.5967473857688039,1,1,1,1,0,0,0,2.31,7.901377353792616,False,False,False,False,False,False,,,45.0,65.0
15702,Bodle Technologies,https://www.crunchbase.com/organization/bodle-technologies,United Kingdom,51.8046148,-1.308937,2015,3.0,True,True,True,False,True,True,False,False,False,True,False,True,False,False,0,2,3,True,False,False,False,1.0,True,0.0,True,2015-11-05,2017-03-16,Series A,2015,89.8,True,True,False,False,13.2,13.6,True,True,True,False,False,False,False,False,False,False,False,False,4,1,True,True,False,True,True,True,True,True,True,True,True,True,True,True,True,5,1.0,True,True,True,True,True,False,False,False,False,False,False,True,True,65,1,True,32,11,0.34375,0.2954642128938359,0.006823778859851226,0.022996056897157825,0.006823778859851405,0.0876851690463835,0.006823778859851405,0.02703912640648443,0.0876851690463835,0.006823778859851405,0.006823778859851405,0.006823778859851405,0.032901106655315246,0.0,0.08225276663828812,31.0,5.0,0.4397897524562896,1,0,1,0,0,0,1,2.31,7.170888478512505,False,False,True,False,True,True,,,6.200000000000003,26.80000000000001
12501,Younergy,https://www.crunchbase.com/organization/younergy,Switzerland,46.5218269,6.6327025,2015,3.0,False,True,True,False,False,False,False,False,False,False,False,True,False,False,0,4,2,True,False,True,False,2.0,True,1.051318,False,2015-06-18,2018-12-21,Venture - Series Unknown,2015,636.75,True,True,True,True,11.8,56.8,True,True,False,False,False,False,False,False,False,False,False,False,0,0,False,False,False,True,True,True,True,False,False,False,False,False,False,False,False,4,3.0,True,True,True,True,True,False,False,False,False,True,True,True,True,46,1,True,21,4,0.1904761904761904,0.1743533871447777,0.0,0.1392006303737566,0.05155619726540343,0.16841544140987436,0.16841544140987436,0.16841544140987436,0.16841544140987436,0.05155619726540343,0.12946236002838404,0.16841544140987436,0.1098147531416642,0.0,0.2196295062833284,6.0,4.0,0.272255779691632,1,0,0,0,0,0,0,2.31,5.707110264748875,False,False,True,False,True,True,,,7.0,14.0
15668,Utonomy,https://www.crunchbase.com/organization/utonomy,United Kingdom,50.9058615,-1.3908774,2015,1.0,True,False,True,True,True,False,False,False,False,False,False,True,False,False,2,3,4,True,False,False,False,2.0,True,1.997443,False,2017-01-12,2019-01-08,Venture - Series Unknown,2017,123.5,True,True,True,False,22.8,19.0,False,False,True,False,False,False,False,False,True,False,False,False,0,0,False,False,False,True,True,True,True,False,False,False,False,False,False,False,False,4,2.0,True,True,True,True,False,False,False,False,False,False,False,True,True,16,1,True,4,1,0.25,0.2231435513142097,0.09454061068473324,0.10181999587157622,0.057293508054558843,0.1756226360963481,0.10842683825083807,0.14202473717359307,0.1756226360963481,0.057293508054558843,0.06161525456955938,0.06593700108455992,0.094467799052129,0.00864355576901858,0.16239646057450785,2.0,0.0,0.0402231640645322,0,0,0,0,1,0,1,2.31,7.696667081526462,False,False,True,False,True,True,,,0.6000000000000014,1.0
15744,Globechain,https://www.crunchbase.com/organization/globechain,United Kingdom,51.4893335,-0.1440551,2015,1.0,True,True,False,False,True,True,False,False,False,False,False,True,False,True,4,1,3,True,False,False,False,1.0,True,0.984521,False,2019-04-02,2019-04-02,Seed,2019,128.33333333333334,True,True,False,False,5.7,16.0,False,False,True,True,False,False,False,False,True,False,False,False,3,1,True,True,True,True,True,True,True,True,True,True,True,True,True,True,True,3,1.0,True,True,True,True,True,False,False,False,False,False,False,True,True,1939,5,True,1314,331,0.2519025875190259,0.2246644641549164,0.004639509600861782,0.0,0.0,0.0,0.0,0.0,0.0,0.0,0.0,0.0,0.0,0.0,0.0,133.0,87.0,0.8287814143943715,1,1,1,1,0,1,1,2.31,8.006700845440367,False,False,False,False,False,False,,,45.0,65.0
15758,Vidrona,https://www.crunchbase.com/organization/vidrona,United Kingdom,51.6063587,-1.245999,2015,1.0,True,True,True,True,True,False,False,False,True,True,False,True,False,False,3,1,1,False,True,True,False,0.0,False,0.0,True,2018-10-12,2018-10-12,Pre-Seed,2018,104.0,True,,False,,12.0,7.0,False,,True,,False,,False,,False,,False,,0,0,False,,False,True,,False,,False,,False,,False,,False,,1,,True,,True,True,,False,False,False,False,False,False,True,True,68,1,True,10,2,0.2,0.1823215567939546,0.016216628545870526,0.07729931925287968,0.07729931925287968,0.07729931925287968,0.07729931925287968,0.07729931925287968,0.07729931925287968,0.0,0.0,0.0,0.0,0.0,0.0,0.0,0.0,0.0,0,0,0,0,0,0,0,2.31,7.696667081526462,False,False,False,False,False,False,,,5.400000000000006,22.0
12290,Insolight,https://www.crunchbase.com/organization/insolight,Switzerland,46.5218269,6.6327025,2015,3.0,True,True,True,True,True,False,False,False,False,False,False,True,False,False,1,2,4,True,False,True,False,2.0,True,2.490016,False,2016-12-07,2018-01-22,Venture - Series Unknown,2016,292.0,False,False,True,True,44.0,30.0,False,False,True,True,False,False,False,False,True,False,False,False,0,0,False,False,False,False,False,False,False,False,False,False,False,False,False,False,False,4,2.0,True,True,True,True,True,False,False,False,False,True,True,True,True,46,1,True,21,4,0.1904761904761904,0.1743533871447777,0.0,0.18111687181547692,0.16033108908507668,0.2226032002757044,0.17311775649125224,0.1978604783834783,0.2226032002757044,0.16033108908507668,0.1643732652474755,0.16841544140987436,0.039566064939303605,0.007672228735284499,0.06281377142386387,12.0,10.0,0.4061601373416433,1,0,0,0,1,1,0,2.31,5.707110264748875,False,False,True,False,True,True,,,7.0,14.0
15726,GridDuck,https://www.crunchbase.com/organization/gridduck,United Kingdom,51.4893335,-0.1440551,2015,2.0,True,True,True,False,True,False,False,False,False,True,False,True,False,False,5,1,3,True,False,False,False,1.0,True,0.48226,True,2020-12-10,2020-12-10,Series A,2020,132.33333333333334,True,True,False,False,8.0,16.0,False,False,True,False,True,False,True,True,False,False,False,False,3,1,True,True,True,True,True,True,True,True,True,True,True,True,True,True,True,3,1.0,True,True,True,True,True,False,False,False,False,False,False,True,True,1939,5,True,1314,331,0.2519025875190259,0.2246644641549164,0.004639509600861782,0.0,0.0,0.0,0.0,0.0,0.0,0.0,0.0,0.0,0.0,0.0,0.0,80.0,13.0,0.6098246026298844,1,1,1,1,0,0,1,2.31,7.901377353792616,False,False,True,False,True,True,,,45.0,65.0
15517,Puraffinity,https://www.crunchbase.com/organization/puraffinity,United Kingdom,51.4893335,-0.1440551,2015,2.0,True,True,False,True,True,False,False,True,False,False,False,True,False,False,4,2,8,True,False,False,False,1.0,True,3.55,False,2019-07-31,2021-12-21,Series A,2019,103.875,True,True,True,False,6.5,16.1,False,False,True,True,False,False,False,False,False,False,False,False,3,1,True,True,False,True,True,True,True,True,True,True,True,True,True,True,True,3,1.0,True,True,False,True,True,True,True,True,False,True,False,True,False,1939,5,True,1314,331,0.2519025875190259,0.2246644641549164,0.004639509600861782,3.5965018857036823,0.0,8.996578627931791,0.0,4.195918866654297,8.996578627931791,0.0,0.0,0.0,5.623384672399008,0.0,8.996578627931791,56.0,84.0,0.740795093591796,1,1,1,1,0,1,0,2.31,8.006700845440367,False,False,True,False,True,True,,,45.0,65.0
15500,Hometree,https://www.crunchbase.com/organization/hometree-2,United Kingdom,51.4893335,-0.1440551,2015,1.0,True,True,True,False,True,False,False,False,False,False,False,True,True,True,2,1,5,True,False,False,False,1.0,True,2.458598,False,2017-06-28,2017-06-28,Series B,2017,188.0,True,True,True,False,9.2,70.8,True,False,True,True,False,False,False,False,True,True,False,False,1,1,True,True,False,True,True,True,True,True,True,True,True,True,True,True,True,2,1.0,True,True,False,True,True,True,True,True,False,False,False,True,False,1939,5,True,1314,330,0.2511415525114155,0.2240563765715694,0.004639509600861782,3.9715422817510198,0.0,8.635874836560806,0.08225276663828812,4.964427852188775,8.635874836560806,0.0,0.0,0.0,4.763763621618256,0.0,8.635874836560806,67.0,54.0,0.7182750347120119,1,1,1,1,0,1,1,2.31,7.696667081526462,False,True,True,True,True,True,,,45.0,65.0
15560,Mocean Energy,https://www.crunchbase.com/organization/mocean-energy,United Kingdom,55.9519018,-3.1904199,2015,2.0,True,False,True,False,False,False,False,False,False,False,False,True,False,False,5,2,5,True,False,False,False,1.0,True,1.789739,False,2020-11-18,2022-02-25,Equity Crowdfunding,2020,89.0,True,True,False,False,17.0,11.4,False,False,True,False,False,False,True,True,False,False,False,False,5,2,True,True,False,True,True,True,True,True,True,True,True,True,True,True,True,7,2.0,True,True,True,False,False,False,False,False,False,False,False,True,True,45,1,True,31,7,0.2258064516129032,0.2035989552412395,0.28153747747239416,0.0190912701042009,0.0,0.06681944536470315,0.0,0.026727778145881256,0.06681944536470315,0.0,0.0,0.0,0.03181878350700149,0.0,0.06681944536470315,23.0,14.0,0.4954986066936651,1,1,0,1,1,1,1,2.31,7.901377353792616,False,False,False,False,False,False,,,9.0,13.0
15537,Better Origin,https://www.crunchbase.com/organization/betterorigin,United Kingdom,52.2055314,0.1186637,2015,2.0,True,True,True,True,True,False,True,False,False,True,False,True,False,False,4,2,4,True,False,True,False,3.0,True,3.783301,False,2019-04-09,2021-02-23,Series A,2019,26.2,True,True,True,True,3.0,2.2,True,False,True,True,False,False,False,False,True,True,False,False,0,0,False,False,False,True,True,False,False,False,False,False,False,False,False,False,False,2,1.0,True,True,False,True,True,False,False,False,False,True,False,True,True,54,1,True,57,15,0.2631578947368421,0.2336148511815051,0.0,1.17996233695567,0.0816565725707354,2.4176395465831804,0.0816565725707354,1.249648059576958,2.4176395465831804,0.0816565725707354,1.1335051885414784,2.4176395465831804,1.504283104606213,0.0,2.392723241777171,0.0,0.0,0.0,0,0,0,0,0,0,0,2.31,8.006700845440367,False,False,True,False,True,True,,,10.0,17.0
15631,Solar for Schools,https://www.crunchbase.com/organization/solar-for-schools,United Kingdom,52.4383184,-0.119013,2015,2.0,True,False,True,False,True,False,False,False,False,True,False,True,False,False,0,2,2,False,False,True,False,0.0,False,1.668421,False,2015-10-15,2017-06-01,Seed,2015,30.5,True,,True,,5.0,3.5,False,,False,,False,,False,,False,,False,,0,0,False,,False,True,,False,,False,,False,,False,,False,,1,,True,,False,False,,True,True,False,False,False,False,True,False,46,0,False,0,0,0.0,0.0,0.030511624008655567,4.496660705878294,0.09778100721406568,8.895540404542523,0.09778100721406568,4.496660705878294,8.895540404542523,0.0,0.0,0.0,8.97848925892896,8.97848925892896,8.97848925892896,0.0,0.0,0.0,0,0,0,0,1,0,0,2.31,7.170888478512505,False,False,False,False,False,False,,,7.6,14.8
11360,BladeInsight,https://www.crunchbase.com/organization/pro-drone,Portugal,38.717239,-9.3020403,2015,1.0,True,True,True,True,True,True,False,False,True,True,False,True,False,True,0,3,2,True,False,True,False,1.0,True,0.825099,False,2015-10-01,2021-03-10,Seed,2015,78.0,True,False,True,True,5.8,3.5,True,True,False,False,True,True,False,False,False,False,False,False,0,0,False,False,False,True,False,True,False,True,False,True,False,True,False,True,False,2,0.0,True,False,False,True,False,False,False,False,False,False,False,True,True,93,0,False,3,0,0.0,0.0,0.014393804274428325,0.917645511195485,0.012644741635711353,1.8226462807552588,0.012644741635711353,0.6159785880088938,1.8226462807552588,1.8226462807552588,1.8226462807552588,1.8226462807552588,1.2069468098066434,0.0,1.8104202147099653,1.0,0.0,0.0,0,0,0,0,0,0,0,2.31,3.824284091120139,False,False,False,False,False,False,,,10.400000000000006,37.80000000000001
15952,Cambridge Energy Partners,https://www.crunchbase.com/organization/cambridge-energy-partners,United Kingdom,52.2055314,0.1186637,2015,1.0,True,True,True,True,True,False,False,False,False,False,False,True,False,False,4,2,5,False,False,True,False,0.0,False,0.0,True,2019-02-15,2020-01-01,Seed,2019,30.0,True,,True,,25.2,2.0,False,,False,,True,,False,,False,,False,,2,0,True,,False,True,,True,,True,,True,,True,,True,,3,,True,,False,True,,True,True,False,False,False,False,True,False,54,1,True,57,15,0.2631578947368421,0.2336148511815051,0.0,3.0265084705693663,0.0,7.527237729106829,0.0,3.0265084705693663,7.527237729106829,0.0,0.0,0.0,4.54264068017647,0.0,7.580661048035522,1.0,0.0,0.0,0,0,0,0,0,0,0,2.31,8.006700845440367,False,False,False,False,False,False,,,10.0,17.0
15951,EnergyWiser,https://www.crunchbase.com/organization/energywiser,United Kingdom,51.4893335,-0.1440551,2015,1.0,True,True,True,False,False,False,False,False,False,True,False,True,False,False,0,1,1,False,True,False,False,0.0,False,0.078058,True,2015-07-01,2015-07-01,Seed,2015,83.0,True,,False,,0.0,11.0,False,,True,,True,,False,,False,,False,,1,0,True,,True,True,,True,,True,,True,,True,,True,,1,,True,,True,True,,False,False,False,False,False,False,True,True,1939,5,True,1314,331,0.2519025875190259,0.2246644641549164,0.004639509600861782,0.0,0.0,0.0,0.0,0.0,0.0,0.0,0.0,0.0,0.0,0.0,0.0,9.0,11.0,0.3881331326624319,1,0,0,0,0,0,0,2.31,7.170888478512505,False,False,False,False,False,False,,,45.0,65.0
11288,GRAPHENEST,https://www.crunchbase.com/organization/graphenium---advanced-nanotechnology,Portugal,40.7341518,-8.3700099,2015,3.0,True,False,False,False,True,True,False,False,False,True,False,True,False,False,0,5,4,True,False,True,False,2.0,True,2.880152,False,2015-07-23,2023-06-15,Seed,2015,132.0,False,False,True,True,12.2,122.2,True,True,True,True,True,False,False,False,False,False,False,False,0,0,False,False,False,False,False,False,False,False,False,False,False,False,False,False,False,2,1.0,True,True,False,True,True,True,True,True,False,False,False,True,False,3,0,False,0,0,0.0,0.0,0.23466740425875854,2.1453459171837674,0.2271201547576836,7.730434597808803,0.2271201547576836,3.9787773762832432,7.730434597808803,0.2271201547576836,0.3119144580842917,0.39670876141089984,4.112812648117484,0.0,8.067062198915803,4.0,0.0,0.0908983577180024,0,0,0,0,1,0,0,2.31,3.824284091120139,False,False,False,False,False,False,,,1.0,7.600000000000001
21799,LIVIN farms,https://www.crunchbase.com/organization/livin-farms,Austria,48.1857192,16.4221587,2015,2.0,True,True,False,False,False,False,True,False,False,False,False,True,False,False,0,3,3,True,False,False,False,1.0,True,0.0,True,2015-10-20,2019-12-20,Series A,2015,208.2,True,False,True,True,11.0,35.9,True,True,True,True,True,True,True,False,False,False,False,False,2,0,True,False,False,True,False,True,False,True,False,True,False,True,False,True,False,2,0.0,True,False,False,True,False,True,True,True,False,True,False,True,False,127,2,True,64,18,0.28125,0.2478361639045812,0.004458645788406763,6.18559402302197,0.0,9.626013216013035,0.0,6.087978286494792,9.626013216013035,6.868904178712219,6.868904178712219,6.868904178712219,4.847036872132869,0.0,9.626013216013035,4.0,3.0,0.2183601215474815,1,0,0,0,0,0,0,2.31,4.773223770984341,False,False,True,False,True,True,,,7.0,8.0
16028,DAJIE Ltd,https://www.crunchbase.com/organization/dajie-ltd,United Kingdom,51.4893335,-0.1440551,2015,4.0,True,True,True,False,False,False,False,False,False,True,False,True,False,False,1,1,1,False,True,False,False,0.0,False,0.0,True,2016-07-07,2016-07-07,Seed,2016,215.0,False,,True,,5.0,13.0,True,,True,,True,,False,,False,,False,,0,0,False,,False,False,,False,,False,,False,,False,,False,,0,,False,,False,True,,False,False,False,False,False,False,True,True,1939,5,True,1314,331,0.2519025875190259,0.2246644641549164,0.004639509600861782,0.35894534086299357,0.35894534086299357,0.35894534086299357,0.35894534086299357,0.35894534086299357,0.35894534086299357,0.0,0.0,0.0,0.0,0.0,0.0,0.0,0.0,0.0,0,0,0,0,0,0,0,2.31,6.803505257608338,False,False,False,False,False,False,,,45.0,65.0
11222,Venzeo,https://www.crunchbase.com/organization/venzeo,Slovakia (Slovak Republic),48.14816,17.10674,2015,1.0,True,False,False,False,False,False,False,False,False,True,True,True,False,True,0,1,1,False,True,False,True,1.0,True,0.0,True,2015-11-16,2015-11-16,Seed,2015,1.0,False,False,True,True,1.0,0.0,False,False,False,False,False,False,False,False,False,False,False,False,0,0,False,False,False,False,False,False,False,False,False,False,False,False,False,False,False,0,0.0,False,False,False,True,True,False,False,False,False,False,False,True,True,20,0,False,19,3,0.1578947368421052,0.1466034741918753,0.05485068933799905,1.2887016809975382,1.2887016809975382,1.2887016809975382,0.0,0.0,0.0,1.2887016809975382,1.2887016809975382,1.2887016809975382,0.0,0.0,0.0,0.0,0.0,0.0,0,0,0,0,0,0,0,2.31,,False,False,False,False,False,False,,,1.400000000000002,7.0
15975,ecomo,https://www.crunchbase.com/organization/ecomo,United Kingdom,53.7593363,-2.6992717,2015,1.0,True,False,False,True,False,False,False,False,False,False,False,True,False,True,0,2,4,False,False,True,False,0.0,False,0.0,True,2015-11-01,2016-07-24,Seed,2015,127.0,False,,True,,2.2,17.8,False,,True,,True,,True,,True,,False,,0,0,False,,False,False,,False,,False,,False,,False,,False,,0,,False,,False,False,,True,True,True,False,False,False,False,False,47,0,False,2,1,0.5,0.4054651081081644,0.04319168756185157,7.896243801662174,5.332483561673566,9.60307852415249,5.332483561673566,7.896243801662174,9.60307852415249,0.0,0.0,0.0,7.2436043561468715,0.06251728170655828,12.931949278769622,0.0,0.0,0.0,0,0,0,0,1,1,0,2.31,7.170888478512505,False,False,False,False,False,False,,,0.0,4.0
21662,Necture,https://www.crunchbase.com/organization/necture,Austria,48.1857192,16.4221587,2015,1.0,True,True,True,False,True,False,False,False,False,True,False,True,True,False,0,3,5,False,False,True,False,0.0,False,4.085671,False,2014-01-01,2017-12-30,Series A,2014,94.8,True,,True,,2.5,14.6,False,,True,,True,,False,,False,,False,,2,0,True,,False,True,,True,,True,,True,,True,,True,,2,,True,,False,True,,False,False,False,False,True,False,True,True,127,2,True,64,18,0.28125,0.2478361639045812,0.004458645788406763,0.6015185005255022,0.0,1.8105977030070175,0.0,0.6015185005255022,1.8105977030070175,0.0,0.0,0.0,1.0096233519657987,0.0,1.8105977030070175,12.0,4.0,0.333666034591936,1,0,0,0,0,0,1,2.31,4.09933210373314,False,False,True,False,True,True,,,7.0,8.0
15827,Greengame,https://www.crunchbase.com/organization/greengame,United Kingdom,51.4893335,-0.1440551,2015,2.0,True,True,False,False,False,False,False,False,False,True,False,True,True,False,1,2,2,True,False,True,False,1.0,True,0.153783,True,2016-09-09,2017-04-03,Seed,2016,51.0,True,True,True,False,6.7,1.7,False,False,False,False,True,True,False,False,False,False,False,False,2,2,True,True,False,True,True,True,True,True,True,True,True,True,True,True,True,3,2.0,True,True,True,True,True,False,False,False,False,False,False,True,True,1939,5,True,1314,331,0.2519025875190259,0.2246644641549164,0.004639509600861782,0.0567322266950209,0.0,0.1701966800850627,0.1701966800850627,0.1701966800850627,0.1701966800850627,0.0,0.0,0.0,0.1134644533900418,0.0,0.1701966800850627,21.0,15.0,0.4928008025183409,1,1,0,1,0,0,0,2.31,6.803505257608338,False,False,False,False,False,False,,,45.0,65.0
15785,Cambridge Mask Co,https://www.crunchbase.com/organization/cambridge-mask,United Kingdom,52.2055314,0.1186637,2015,1.0,True,True,False,False,True,False,False,False,False,False,False,True,False,False,0,2,2,True,False,False,False,1.0,True,1.55,False,2015-04-01,2016-10-01,Seed,2015,84.0,True,True,False,False,12.3,13.7,True,True,False,False,False,False,True,False,False,False,False,False,1,1,True,True,False,True,True,True,True,True,True,True,True,True,True,True,True,3,1.0,True,True,True,True,True,False,False,False,False,False,False,True,True,54,1,True,57,15,0.2631578947368421,0.2336148511815051,0.0,0.054437715047156936,0.0,0.0816565725707354,0.0816565725707354,0.0816565725707354,0.0816565725707354,0.0,0.0,0.0,0.054437715047156936,0.0,0.0816565725707354,10.0,26.0,0.4721484956354337,1,0,0,1,0,1,0,2.31,7.170888478512505,False,False,False,False,False,False,,,10.0,17.0
15792,LettUs Grow,https://www.crunchbase.com/organization/lettus-grow-ltd,United Kingdom,51.450363,-2.600511,2015,3.0,True,False,False,False,False,False,True,False,False,False,False,True,False,False,2,4,6,True,False,False,False,1.0,True,4.382408,False,2017-11-01,2020-01-09,Series A,2017,91.88888888888889,True,True,True,False,11.2,5.4,True,True,True,False,True,False,False,False,True,False,False,False,0,0,False,False,False,True,True,False,False,False,False,False,False,False,False,False,False,9,1.0,True,True,True,True,True,False,False,False,False,False,False,True,True,36,1,True,31,5,0.1612903225806451,0.1495317339709637,0.09861106188293778,0.15356687274357292,0.09211403221377973,0.1701966800850627,0.09861106188293778,0.16124847780979706,0.1701966800850627,0.09211403221377973,0.09211403221377973,0.09211403221377973,0.032072817521596096,0.0,0.08225276663828812,7.0,4.0,0.2855024315141825,1,0,0,0,0,1,1,2.31,7.696667081526462,False,False,True,False,True,True,,,2.4000000000000057,7.0
15903,AirPublic,https://www.crunchbase.com/organization/airpublic,United Kingdom,51.4893335,-0.1440551,2015,1.0,True,True,False,False,True,False,False,False,False,False,False,True,False,False,3,1,1,False,True,False,False,0.0,False,0.02625,True,2018-08-01,2018-08-01,Seed,2018,165.0,True,,False,,6.0,4.0,True,,False,,True,,False,,False,,False,,1,0,True,,True,True,,True,,True,,True,,True,,True,,1,,True,,True,True,,False,False,False,False,False,False,True,True,1939,5,True,1314,331,0.2519025875190259,0.2246644641549164,0.004639509600861782,0.0,0.0,0.0,0.0,0.0,0.0,0.0,0.0,0.0,0.0,0.0,0.0,63.0,13.0,0.5864558526561552,1,1,1,1,0,0,0,2.31,7.696667081526462,False,False,False,False,False,False,,,45.0,65.0
15848,Advizzo,https://www.crunchbase.com/organization/advizzo,United Kingdom,51.4893335,-0.1440551,2015,3.0,True,True,True,True,True,False,False,False,False,True,True,True,False,True,1,2,3,True,False,True,False,1.0,True,0.0,True,2016-03-01,2017-02-10,Series A,2016,63.0,True,True,False,False,14.0,9.3,True,False,False,False,True,False,True,True,True,True,False,False,3,1,True,True,True,True,True,True,True,True,True,True,True,True,True,True,True,3,1.0,True,True,True,True,True,False,False,False,False,False,False,True,True,1939,5,True,1314,331,0.2519025875190259,0.2246644641549164,0.004639509600861782,0.0,0.0,0.0,0.0,0.0,0.0,0.0,0.0,0.0,0.0,0.0,0.0,51.0,63.0,0.7055967071349907,1,1,1,1,0,1,0,2.31,6.803505257608338,False,False,True,False,True,True,,,45.0,65.0
20464,ISCLEANAIR,https://www.crunchbase.com/organization/is-clean-air,Italy,41.8933203,12.4829321,2015,2.0,True,False,True,False,True,False,False,False,False,False,False,True,False,False,2,1,2,True,False,False,False,1.0,True,1.296243,False,2017-01-31,2017-01-31,Equity Crowdfunding,2017,127.0,True,True,True,False,4.5,22.5,False,False,False,False,True,False,False,False,False,False,False,False,1,1,True,True,False,True,True,True,True,True,True,True,True,True,True,True,True,1,1.0,True,True,False,True,False,False,False,False,False,False,False,True,True,55,1,True,38,5,0.131578947368421,0.1236139559671766,0.477186331368922,0.586639124732063,0.0,1.173278249464126,1.173278249464126,1.173278249464126,1.173278249464126,0.0,0.0,0.0,1.173278249464126,1.173278249464126,1.173278249464126,4.0,1.0,0.154629239632742,0,0,0,0,0,0,0,2.31,4.906755163608864,False,False,False,False,False,False,,,9.200000000000005,30.200000000000003
7999,NexWafe,https://www.crunchbase.com/organization/nexwafe,Germany,47.9960901,7.8494005,2015,4.0,True,False,True,True,True,False,False,False,False,False,False,True,False,False,0,1,1,False,True,False,False,0.0,False,0.0,True,2015-07-13,2015-07-13,Series D,2015,34.0,False,,True,,14.0,5.0,False,,False,,False,,False,,False,,False,,0,0,False,,False,False,,False,,False,,False,,False,,False,,1,,True,,True,True,,False,False,False,False,True,True,True,True,7,0,False,3,1,0.3333333333333333,0.2876820724517809,0.08636230618585528,0.27728598891551026,0.27728598891551026,0.27728598891551026,0.27728598891551026,0.27728598891551026,0.27728598891551026,0.0,0.0,0.0,0.0,0.0,0.0,0.0,0.0,0.0,0,0,0,0,1,1,0,2.31,6.803505257608338,False,True,True,True,True,True,,,0.0,2.6000000000000005
1102,Karma,https://www.crunchbase.com/organization/karma-crowdsourced-deals-loyalty-platform,Sweden,59.3251172,18.0710935,2015,4.0,False,True,False,False,True,True,True,False,False,True,False,True,False,False,0,3,16,True,False,False,False,2.0,True,4.746655,False,2015-12-17,2017-07-03,Venture - Series Unknown,2015,31.41176470588235,True,True,True,True,4.9,6.0,False,False,True,True,False,False,False,False,False,False,False,False,11,1,True,True,False,True,True,True,True,True,True,True,True,True,True,True,True,11,1.0,True,True,False,True,True,True,True,True,False,False,False,True,False,334,2,True,147,41,0.2789115646258503,0.2460093760512129,0.0,1.6413279194641515,0.0,8.62173839862099,0.0,1.2306292610262521,7.1170373532779205,0.0,4.310869199310495,8.62173839862099,2.925375557142611,0.0,9.87677380694217,6.0,2.0,0.2252883124345997,1,0,0,0,0,0,0,2.31,,False,False,True,False,True,True,,,12.0,18.200000000000017
6982,Submer,https://www.crunchbase.com/organization/submer,Spain,41.3825802,2.177073,2015,2.0,True,True,True,False,True,False,False,False,False,True,False,True,False,False,3,1,2,True,False,False,False,1.0,True,1.751927,False,2018-07-01,2018-07-01,Series C,2018,57.0,False,False,True,True,5.0,5.5,False,False,True,True,False,False,False,False,False,False,False,False,0,0,False,False,False,False,False,False,False,False,False,False,False,False,False,False,False,2,1.0,True,True,True,True,True,False,False,False,False,False,False,True,True,256,2,True,196,51,0.2602040816326531,0.2312736773974599,0.0,0.5043657437075568,0.5043657437075568,0.5043657437075568,0.5043657437075568,0.5043657437075568,0.5043657437075568,0.5043657437075568,0.5043657437075568,0.5043657437075568,0.0,0.0,0.0,4.0,1.0,0.154629239632742,0,0,0,0,0,0,0,2.31,6.2166061010848646,False,True,True,True,True,True,,,11.0,15.600000000000025
7108,NabraWind Technologies,https://www.crunchbase.com/organization/nabrawind-technologies,Spain,42.815686,-1.6522353,2015,2.0,True,False,True,True,True,False,False,False,False,False,False,True,False,False,5,1,1,False,True,False,False,0.0,False,0.302656,True,2020-11-05,2020-11-05,Corporate Round,2020,153.0,False,,True,,10.0,7.0,True,,False,,True,,False,,False,,False,,0,0,False,,False,False,,False,,False,,False,,False,,False,,0,,False,,False,False,,False,False,False,False,False,False,True,True,7,0,False,4,1,0.25,0.2231435513142097,0.3165795575061825,1.0990237928144848,1.0990237928144848,1.0990237928144848,1.0990237928144848,1.0990237928144848,1.0990237928144848,0.0,0.0,0.0,0.0,0.0,0.0,1.0,0.0,0.0,0,0,0,0,1,1,0,2.31,6.68586094706836,False,False,True,False,True,True,,,0.0,3.2
901,Bärta,https://www.crunchbase.com/organization/bärta,Sweden,56.1701723,14.8631279,2015,1.0,False,False,False,False,False,False,True,False,False,False,False,True,False,False,4,1,1,False,True,False,False,0.0,False,1.12237,False,2019-04-23,2019-04-23,Venture - Series Unknown,2019,19.0,False,,True,,1.0,2.0,True,,False,,False,,False,,False,,True,,0,0,False,,False,False,,False,,False,,False,,False,,False,,1,,True,,True,True,,False,False,False,False,False,False,True,True,1,0,False,0,0,0.0,0.0,0.15261598981580313,0.39902572638994976,0.39902572638994976,0.39902572638994976,0.39902572638994976,0.39902572638994976,0.39902572638994976,0.0,0.0,0.0,0.0,0.0,0.0,0.0,0.0,0.0,0,0,0,0,1,1,1,2.31,,False,False,True,False,True,True,,,0.0,0.0
878,Aqua Robur Technologies,https://www.crunchbase.com/organization/aqua-robur,Sweden,57.7072326,11.9670171,2015,2.0,False,False,True,False,True,False,False,False,False,True,False,True,False,False,3,1,2,False,False,False,False,2.0,True,0.8,False,2018-05-02,2018-05-02,Venture - Series Unknown,2018,326.5,True,True,True,True,6.0,32.0,False,False,True,True,False,False,False,False,False,False,False,False,1,1,True,True,False,True,True,True,True,True,True,True,True,True,True,True,True,2,2.0,True,True,True,True,True,False,False,False,False,False,False,True,True,25,2,True,34,7,0.2058823529411764,0.1872115420881463,0.22766469926136576,0.19865653710623857,0.0,0.39731307421247714,0.0,0.0,0.0,0.0,0.19865653710623857,0.39731307421247714,0.39731307421247714,0.39731307421247714,0.39731307421247714,22.0,0.0,0.2422870021160307,1,0,0,0,0,0,0,2.31,,False,False,True,False,True,True,,,8.0,41.0
763,Modvion,https://www.crunchbase.com/organization/modvion,Sweden,57.7072326,11.9670171,2015,2.0,False,False,True,True,True,False,False,False,False,False,False,True,False,False,3,1,1,False,True,True,False,0.0,False,0.592796,False,2018-12-01,2018-12-01,Venture - Series Unknown,2018,110.0,True,,False,,3.0,14.0,False,,False,,False,,False,,False,,False,,1,0,True,,True,True,,True,,True,,True,,True,,True,,1,,True,,True,False,,False,False,False,False,False,False,True,True,25,2,True,34,7,0.2058823529411764,0.1872115420881463,0.22766469926136576,0.0,0.0,0.0,0.0,0.0,0.0,0.0,0.0,0.0,0.0,0.0,0.0,17.0,1.0,0.2817011163282039,1,0,0,0,0,0,0,2.31,,False,False,True,False,True,True,,,8.0,41.0
8456,We-Convert,https://www.crunchbase.com/organization/we-convert,Germany,50.4267,9.0286,2015,2.0,True,False,False,False,False,False,False,False,False,False,True,True,False,False,2,3,3,True,False,True,False,2.0,True,0.035,True,2017-10-17,2020-08-14,Pre-Seed,2017,225.66666666666663,False,False,True,True,4.7,22.0,False,False,True,False,True,True,False,False,False,False,False,False,0,0,False,False,False,False,False,False,False,False,False,False,False,False,False,False,False,0,0.0,False,False,False,False,False,True,True,True,True,False,False,False,False,84,0,False,0,0,0.0,0.0,0.3145114803608678,8.80232218285212,8.163528889472072,9.123787079050565,9.119650580033724,9.119650580033724,9.119650580033724,8.163528889472072,8.643657984261319,9.123787079050565,0.7522459428873084,0.045797047315678754,1.1184739247904367,0.0,0.0,0.0,0,0,0,0,1,0,0,2.31,7.244941546337007,False,False,False,False,False,False,,,1.6,0.8
8488,OEEX,https://www.crunchbase.com/organization/oeex,Germany,52.510885,13.3989367,2015,1.0,True,True,True,False,False,True,False,False,False,True,True,True,False,False,1,1,2,False,False,False,False,0.0,False,0.0,True,2016-04-01,2016-04-01,Seed,2016,98.0,True,,True,,6.5,108.0,False,,True,,True,,False,,False,,False,,1,0,True,,False,True,,True,,True,,True,,True,,True,,1,,True,,False,True,,True,True,True,False,True,False,True,False,539,3,True,402,168,0.417910447761194,0.3491842722095747,0.0,4.566040088994738,0.0,9.132080177989476,0.0,4.566040088994738,9.132080177989476,0.0,0.0,0.0,9.132080177989476,9.132080177989476,9.132080177989476,23.0,14.0,0.4954986066936651,1,1,0,1,0,0,0,2.31,7.244941546337007,False,False,False,False,False,False,,,18.800000000000068,29.0
8444,Ferntech,https://www.crunchbase.com/organization/ferntech,Germany,49.1365626,10.0720195,2015,3.0,True,False,True,False,False,False,False,False,False,False,False,True,False,False,4,1,1,False,True,False,True,1.0,True,0.0,True,2019-03-11,2019-03-11,Seed,2019,23.0,False,False,True,True,6.0,2.0,False,False,False,False,False,False,False,False,False,False,False,False,0,0,False,False,False,False,False,False,False,False,False,False,False,False,False,False,False,0,0.0,False,False,False,False,False,True,True,True,True,False,False,False,False,3,0,False,0,0,0.0,0.0,0.15669142323849797,8.193632053537288,8.193632053537288,8.193632053537288,0.0,0.0,0.0,8.193632053537288,8.193632053537288,8.193632053537288,0.0,0.0,0.0,0.0,0.0,0.0,0,0,0,0,1,1,1,2.31,7.650168700845001,True,False,False,True,True,True,2021-09-16,6.0,0.0,0.0
8251,Volterion,https://www.crunchbase.com/organization/volterion,Germany,51.5142273,7.4652789,2015,5.0,True,False,True,False,True,False,False,False,False,False,False,True,False,False,0,3,1,True,True,False,True,1.0,True,0.5,True,2015-09-14,2017-01-15,Corporate Round,2015,34.0,False,False,True,True,15.0,5.0,False,False,False,False,False,False,False,False,False,False,False,False,0,0,False,False,False,False,False,False,False,False,False,False,False,False,False,False,False,3,2.0,True,True,True,True,True,False,False,False,False,True,True,True,True,39,0,False,3,2,0.6666666666666666,0.5108256237659906,0.2005343823802719,0.4772708219647561,0.4772708219647561,0.4772708219647561,0.4772708219647561,0.4772708219647561,0.4772708219647561,0.4772708219647561,0.4772708219647561,0.4772708219647561,0.0,0.0,0.0,0.0,0.0,0.0,0,0,0,0,1,1,0,2.31,6.803505257608338,False,False,True,False,True,True,,,0.0,1.6000000000000014
8061,klarx,https://www.crunchbase.com/organization/klarx,Germany,48.1371079,11.5753822,2015,3.0,True,True,True,True,False,True,False,False,False,False,False,True,True,False,2,1,1,False,True,False,True,1.0,True,0.0,True,2017-01-01,2017-01-01,Venture - Series Unknown,2017,6.0,False,False,True,True,11.0,0.0,False,False,False,False,False,False,False,False,False,False,False,False,0,0,False,False,False,False,False,False,False,False,False,False,False,False,False,False,False,0,0.0,False,False,False,True,True,False,False,False,False,True,True,True,True,304,2,True,123,45,0.3658536585365853,0.3117796240308413,0.0,0.3594705526783185,0.3594705526783185,0.3594705526783185,0.0,0.0,0.0,0.3594705526783185,0.3594705526783185,0.3594705526783185,0.0,0.0,0.0,0.0,0.0,0.0,0,0,0,0,0,0,0,2.31,7.244941546337007,False,True,True,True,True,True,,,5.0,14.0
8148,FlyNex,https://www.crunchbase.com/organization/flynex-2,Germany,51.3406321,12.3747329,2015,4.0,True,False,True,True,False,False,False,False,False,True,False,True,True,True,2,2,3,False,False,False,False,3.0,True,2.35404,False,2017-08-10,2017-08-10,Venture - Series Unknown,2017,380.5,True,True,True,True,10.5,67.2,False,False,True,True,False,False,False,False,False,False,False,False,2,2,True,True,False,True,True,True,True,True,True,True,True,True,True,True,True,4,4.0,True,True,True,False,False,False,False,False,False,True,True,True,True,9,0,False,14,5,0.3571428571428571,0.3053816495511818,0.14786552184653276,0.18732283687815526,0.0,0.3746456737563105,0.0,0.0,0.0,0.0,0.18732283687815526,0.3746456737563105,0.24976378250420703,0.0,0.3746456737563105,13.0,3.0,0.3205009714335284,1,0,0,0,1,1,1,2.31,7.244941546337007,False,False,True,False,True,True,,,1.0,10.0
1779,MIWA,https://www.crunchbase.com/organization/miwa,Czech Republic,50.0596288,14.4464593,2015,1.0,True,True,False,False,True,False,True,False,False,False,False,True,False,False,4,1,1,False,True,True,False,0.0,False,0.222318,True,2019-12-18,2019-12-18,Venture - Series Unknown,2019,15.0,True,,False,,1.0,1.0,True,,False,,False,,False,,False,,False,,1,0,True,,True,True,,True,,True,,True,,True,,True,,1,,True,,True,True,,False,False,False,False,False,False,True,True,124,0,False,44,12,0.2727272727272727,0.241162056816888,0.0,0.0,0.0,0.0,0.0,0.0,0.0,0.0,0.0,0.0,0.0,0.0,0.0,0.0,0.0,0.0,0,0,0,0,0,0,0,2.31,3.40452517175483,False,False,True,False,True,True,,,2.6000000000000085,6.0
2125,NewHeat,https://www.crunchbase.com/organization/newheat,France,44.8074559,-0.5488542,2015,2.0,True,False,True,True,True,False,False,False,False,False,False,True,False,False,2,1,1,False,True,False,False,0.0,False,2.048213,False,2017-06-28,2017-06-28,Venture - Series Unknown,2017,9.0,False,,True,,12.0,2.0,False,,False,,False,,False,,False,,False,,0,0,False,,False,False,,False,,False,,False,,False,,False,,1,,True,,True,False,,False,False,False,False,False,False,True,True,21,0,False,14,2,0.1428571428571428,0.1335313926245225,0.44041277015552205,0.7072689125258178,0.7072689125258178,0.7072689125258178,0.7072689125258178,0.7072689125258178,0.7072689125258178,0.0,0.0,0.0,0.0,0.0,0.0,0.0,0.0,0.0,0,0,0,0,1,1,0,2.31,6.803505257608338,False,True,True,True,True,True,,,0.0,1.0
2362,Hydrao,https://www.crunchbase.com/organization/hydrao,France,45.1875602,5.7357819,2015,1.0,True,False,False,True,True,False,False,False,False,True,False,True,False,False,3,1,2,True,False,False,False,1.0,True,2.352664,False,2018-09-25,2018-09-25,Seed,2018,20.0,False,False,True,True,5.5,0.0,False,False,False,False,True,True,False,False,False,False,False,False,0,0,False,False,False,False,False,False,False,False,False,False,False,False,False,False,False,2,1.0,True,True,True,True,True,False,False,False,False,False,False,True,True,13,0,False,10,2,0.2,0.1823215567939546,0.16381637173455746,0.4816555457478857,0.4816555457478857,0.4816555457478857,0.4816555457478857,0.4816555457478857,0.4816555457478857,0.4816555457478857,0.4816555457478857,0.4816555457478857,0.0,0.0,0.0,0.0,0.0,0.0,0,0,0,0,1,0,0,2.31,7.0909098220799835,False,False,False,False,False,False,,,1.0,2.4000000000000004
2343,Naoden,https://www.crunchbase.com/organization/naoden,France,47.2186371,-1.5541362,2015,3.0,True,False,True,False,True,False,False,False,False,False,False,True,False,False,5,1,2,False,False,False,False,0.0,False,1.291666,False,2020-03-23,2020-03-23,Seed,2020,84.0,False,,True,,12.5,3.5,True,,False,,True,,False,,False,,False,,0,0,False,,False,False,,False,,False,,False,,False,,False,,1,,True,,False,True,,False,False,False,False,False,False,True,True,14,0,False,16,2,0.125,0.1177830356563834,0.34256202158335125,0.5172942541736674,0.3423375072803381,0.6922510010669966,0.3423375072803381,0.5172942541736674,0.6922510010669966,0.0,0.0,0.0,0.36382697326608865,0.36382697326608865,0.36382697326608865,0.0,0.0,0.0,0,0,0,0,1,1,0,2.31,7.244941546337007,False,False,False,False,False,False,,,0.0,3.0
2054,Pili,https://www.crunchbase.com/organization/pili,France,48.8534951,2.3483915,2015,4.0,True,True,True,False,True,False,False,True,False,False,False,True,False,True,0,3,5,True,False,False,False,1.0,True,3.042651,False,2015-06-05,2018-04-25,Series A,2015,50.25,True,False,True,True,10.9,54.4,True,True,True,True,True,True,False,False,False,False,False,False,1,0,True,False,False,True,False,True,False,True,False,True,False,True,False,True,False,2,0.0,True,False,False,True,False,True,True,True,False,False,False,True,False,841,4,True,398,148,0.371859296482412,0.3161669704604673,0.0006205248203236772,2.4278056331220847,0.008387490944096004,5.905539229743561,0.008387490944096004,1.2685611009149262,5.905539229743561,5.905539229743561,5.905539229743561,5.905539229743561,3.3132140320756873,0.0,6.073346655768876,34.0,37.0,0.6183926139784377,1,1,1,1,0,1,0,2.31,6.2166061010848646,False,False,True,False,True,True,,,28.0,37.0
5264,Newatt,https://www.crunchbase.com/organization/newatt,The Netherlands,52.3730796,4.8924534,2015,4.0,True,True,True,False,False,True,False,False,False,True,False,True,False,False,1,1,1,False,True,False,True,1.0,True,0.022262,True,2016-02-19,2016-02-19,Seed,2016,215.0,True,True,False,False,5.0,13.0,True,True,True,True,True,True,False,False,False,False,False,False,1,1,True,True,True,True,True,True,True,True,True,True,True,True,True,True,True,1,1.0,True,True,True,True,True,False,False,False,False,False,False,True,True,337,1,True,177,43,0.2429378531073446,0.2174778137785323,0.0,0.0,0.0,0.0,0.0,0.0,0.0,0.0,0.0,0.0,0.0,0.0,0.0,42.0,7.0,0.4955512554020155,1,1,1,0,0,1,1,2.31,5.303304908059076,False,False,False,False,False,False,,,6.0,14.0
5367,Hero Balancer,https://www.crunchbase.com/organization/hero-balancer,The Netherlands,52.3730796,4.8924534,2015,1.0,True,True,True,False,False,False,False,False,False,True,False,True,False,False,2,2,2,True,False,False,False,1.0,True,0.0,True,2017-06-01,2018-01-01,Seed,2017,128.5,True,False,True,True,5.5,8.0,True,False,True,False,True,True,False,False,False,False,False,False,1,0,True,False,False,True,False,True,False,True,False,True,False,True,False,True,False,1,0.0,True,False,False,True,False,False,False,False,False,True,False,True,True,337,1,True,177,43,0.2429378531073446,0.2174778137785323,0.0,0.08881738762414801,0.0,0.17763477524829602,0.0,0.0,0.0,0.17763477524829602,0.17763477524829602,0.17763477524829602,0.17763477524829602,0.17763477524829602,0.17763477524829602,56.0,8.0,0.5343410726409026,1,1,1,0,1,1,1,2.31,5.993961427306569,False,False,False,False,False,False,,,6.0,14.0
5135,FoamPlant,https://www.crunchbase.com/organization/foamplant,The Netherlands,53.2190652,6.5680077,2015,1.0,True,False,False,False,True,False,False,True,False,True,False,True,False,False,4,1,2,False,False,False,False,0.0,False,2.257499,False,2019-07-01,2019-07-01,Seed,2019,29.5,False,,True,,6.0,1.0,True,,True,,False,,False,,False,,False,,0,0,False,,False,False,,False,,False,,False,,False,,False,,2,,True,,True,True,,False,False,False,False,False,False,True,True,14,1,True,2,1,0.5,0.4054651081081644,0.14675886108711234,0.17580727546547478,0.1535943513325266,0.19802019959842296,0.1535943513325266,0.17580727546547478,0.19802019959842296,0.0,0.0,0.0,0.04484461594537464,0.04484461594537464,0.04484461594537464,0.0,0.0,0.0,0,0,0,0,1,1,1,2.31,6.2166061010848646,False,False,False,False,False,False,,,0.0,0.0
5444,Peeeks,https://www.crunchbase.com/organization/peeeks,The Netherlands,52.0114017,4.35839,2015,3.0,True,False,True,False,True,True,False,False,False,True,False,True,False,False,0,2,2,False,False,False,False,0.0,False,0.0,True,2015-06-29,2016-11-01,Seed,2015,126.5,True,,True,,13.0,24.5,False,,False,,True,,False,,False,,False,,0,0,False,,False,True,,True,,True,,True,,True,,True,,1,,True,,False,True,,False,False,False,False,False,False,True,True,102,3,True,17,3,0.1764705882352941,0.1625189294977749,0.05424573977957992,0.07109451589894031,0.01266341320341976,0.12952561859446085,0.01266341320341976,0.07109451589894031,0.12952561859446085,0.0,0.0,0.0,0.12017407917364818,0.12017407917364818,0.12017407917364818,3.0,0.0,0.0687619531421999,0,0,0,0,0,0,0,2.31,5.303304908059076,False,False,False,False,False,False,,,1.0,5.200000000000003
5487,Fritts,https://www.crunchbase.com/organization/fritts,The Netherlands,52.0907006,5.1215634,2015,1.0,True,False,True,False,False,False,False,False,False,True,False,True,False,False,2,1,1,False,True,False,False,0.0,False,0.0,True,2017-06-01,2017-06-01,Seed,2017,215.0,True,,False,,6.0,13.0,True,,True,,True,,False,,False,,False,,0,0,False,,False,True,,True,,True,,True,,False,,False,,1,,True,,True,True,,False,False,False,False,False,False,True,True,381,1,True,19,2,0.1052631578947368,0.1000834585569824,0.035062214289133406,0.03506221428913354,0.03506221428913354,0.03506221428913354,0.03506221428913354,0.03506221428913354,0.03506221428913354,0.0,0.0,0.0,0.0,0.0,0.0,57.0,8.0,0.5360663774981607,1,1,1,0,1,1,1,2.31,5.993961427306569,False,False,False,False,False,False,,,2.0,4.200000000000003
4601,InOpSys,https://www.crunchbase.com/organization/inopsys,Belgium,51.0281381,4.4803453,2015,1.0,True,False,False,False,False,False,False,False,False,False,False,True,False,False,0,1,2,True,False,False,False,1.0,True,1.092913,False,2015-12-15,2015-12-15,Seed,2015,25.5,True,True,False,False,9.0,5.0,True,True,False,False,False,False,False,False,True,False,False,False,0,0,False,False,False,True,True,True,True,True,True,True,True,True,True,False,False,2,1.0,True,True,True,True,True,False,False,False,False,False,False,True,True,147,0,False,0,0,0.0,0.0,0.022111844184009858,0.022386426298792447,0.022111844184009743,0.02266100841357515,0.02266100841357515,0.02266100841357515,0.02266100841357515,0.022111844184009743,0.022111844184009743,0.022111844184009743,0.024794310156501468,0.024794310156501468,0.024794310156501468,0.0,0.0,0.0,0,0,0,0,1,0,0,2.31,4.61512051684126,False,False,False,False,False,False,,,3.4000000000000057,8.0
4832,Jedlix,https://www.crunchbase.com/organization/jedlix,The Netherlands,51.9244424,4.47775,2015,3.0,True,False,True,False,True,False,False,False,False,False,False,True,False,False,1,1,1,False,True,False,False,0.0,False,0.0,True,2016-02-01,2016-02-01,Venture - Series Unknown,2016,23.0,True,,False,,21.0,5.0,False,,False,,False,,False,,False,,False,,1,0,True,,True,True,,True,,True,,True,,True,,True,,1,,True,,True,False,,False,False,False,False,False,False,True,True,118,2,True,19,3,0.1578947368421052,0.1466034741918753,0.05735189574909011,0.0,0.0,0.0,0.0,0.0,0.0,0.0,0.0,0.0,0.0,0.0,0.0,1.0,1.0,0.0637308819147395,0,0,0,0,0,1,0,2.31,5.303304908059076,True,False,True,True,True,True,2024-10-21,9.0,1.0,5.0
4928,Green Story,https://www.crunchbase.com/organization/green-story,The Netherlands,52.0907006,5.1215634,2015,2.0,True,False,False,False,True,True,False,False,False,True,False,True,False,False,2,3,6,True,False,True,False,1.0,True,1.429647,False,2017-01-01,2022-03-14,Seed,2017,78.33333333333333,True,True,True,False,11.8,9.7,True,True,False,False,True,False,True,False,False,False,False,False,0,0,False,False,False,True,True,True,True,True,False,True,False,False,False,False,False,4,1.0,True,True,False,True,False,True,True,False,False,False,False,True,False,381,1,True,19,2,0.1052631578947368,0.1000834585569824,0.035062214289133406,2.044264303189841,0.03506221428913354,6.009153919958885,0.03506221428913354,2.442042576560577,6.009153919958885,0.05537293633615812,0.05537293633615812,0.05537293633615812,3.241168347687139,0.0,6.109556599716781,5.0,6.0,0.2879003222371482,1,0,0,0,1,1,1,2.31,5.993961427306569,False,False,False,False,False,False,,,2.0,4.200000000000003
5004,MiniBrew,https://www.crunchbase.com/organization/minibrew,The Netherlands,52.0907006,5.1215634,2015,2.0,False,False,False,False,False,True,True,False,False,True,False,True,True,False,1,2,2,False,False,False,False,0.0,False,6.446,False,2016-04-01,2017-05-16,Seed,2016,7.0,True,,True,,7.0,1.0,False,,False,,False,,False,,False,,False,,0,0,False,,False,True,,True,,True,,True,,False,,False,,1,,True,,False,True,,False,False,False,False,True,False,True,True,381,1,True,19,2,0.1052631578947368,0.1000834585569824,0.035062214289133406,0.3470475689079555,0.03506221428913354,0.6590329235267774,0.03506221428913354,0.3470475689079555,0.6590329235267774,0.0,0.0,0.0,0.6921929664543883,0.6921929664543883,0.6921929664543883,2.0,0.0,0.0402231640645322,0,0,0,0,0,0,0,2.31,5.303304908059076,False,False,False,False,False,False,,,2.0,4.200000000000003
4748,Sympower,https://www.crunchbase.com/organization/sympower,The Netherlands,52.3730796,4.8924534,2015,1.0,True,True,True,False,False,False,False,False,False,True,False,True,True,False,1,2,2,True,False,False,False,1.0,True,1.188778,False,2016-04-28,2017-09-13,Series B,2016,110.5,True,True,False,False,4.5,6.5,True,True,True,False,True,False,False,False,False,False,False,False,2,1,True,True,True,True,True,True,True,True,True,True,True,True,True,True,True,2,1.0,True,True,True,True,True,False,False,False,False,False,False,True,True,337,1,True,177,42,0.2372881355932203,0.2129219972426716,0.0,0.0,0.0,0.0,0.0,0.0,0.0,0.0,0.0,0.0,0.0,0.0,0.0,42.0,7.0,0.4955512554020155,1,1,1,0,0,1,1,2.31,5.303304908059076,False,True,True,True,True,True,,,6.0,14.0
8779,Cycle,https://www.crunchbase.com/organization/cycle-2,Germany,53.550341,10.000654,2015,2.0,True,True,True,False,False,False,False,False,False,False,False,True,False,False,1,2,4,False,False,False,False,0.0,False,0.0,True,2016-03-01,2016-03-01,Seed,2016,245.33333333333337,True,,True,,8.0,43.8,False,,True,,False,,False,,False,,False,,2,0,True,,False,True,,True,,True,,True,,True,,True,,4,,True,,True,True,,False,False,False,False,True,True,True,True,116,1,True,78,25,0.3205128205128205,0.278020161540044,0.0,0.18509775457784353,0.0,0.37019550915568705,0.0,0.18509775457784353,0.37019550915568705,0.0,0.0,0.0,0.24679700610379135,0.0,0.37019550915568705,19.0,2.0,0.3294333219751526,1,0,0,0,0,0,1,2.31,7.244941546337007,False,False,False,False,False,False,,,2.4000000000000057,10.0
8795,easyOptimize GmbH,https://www.crunchbase.com/organization/easyoptimize-gmbh,Germany,52.510885,13.3989367,2015,1.0,True,True,True,False,False,True,False,False,False,False,False,True,False,False,2,1,1,False,True,False,False,0.0,False,0.0,True,2017-02-02,2017-02-02,Seed,2017,60.0,True,,False,,0.0,11.0,False,,True,,False,,False,,False,,False,,1,0,True,,True,True,,True,,True,,True,,True,,True,,1,,True,,True,True,,False,False,False,False,True,True,True,True,539,3,True,402,167,0.4154228855721393,0.3474283455073098,0.0,0.0,0.0,0.0,0.0,0.0,0.0,0.0,0.0,0.0,0.0,0.0,0.0,5.0,1.0,0.1727159991214717,1,0,0,0,0,0,0,2.31,7.244941546337007,True,False,False,True,True,True,2019-05-05,4.0,18.800000000000068,29.0
561,REDS SA,https://www.crunchbase.com/organization/reds-sa,Poland,52.2319581,21.0067249,2015,1.0,False,True,True,False,False,False,False,False,False,True,False,True,False,False,1,1,2,False,False,False,False,0.0,False,0.0,True,2016-01-01,2016-01-01,Seed,2016,12.5,True,,False,,5.0,2.0,False,,False,,False,,False,,True,,False,,2,0,True,,True,True,,True,,True,,True,,True,,True,,2,,True,,True,True,,False,False,False,False,False,False,True,True,109,0,False,75,11,0.1466666666666666,0.1368591827171972,0.0,0.0,0.0,0.0,0.0,0.0,0.0,0.0,0.0,0.0,0.0,0.0,0.0,0.0,0.0,0.0,0,0,0,0,0,0,0,2.31,4.390738575275903,False,False,False,False,False,False,,,2.0,5.0
121,Enelion,https://www.crunchbase.com/organization/enelion,Poland,54.3706858,18.6129831,2015,1.0,True,False,True,False,True,True,False,False,False,True,False,True,True,False,2,2,2,True,False,False,False,1.0,True,1.99989,False,2017-09-26,2021-04-19,Seed,2017,1.5,True,True,True,False,2.0,0.0,False,False,False,False,False,False,False,False,False,False,True,False,1,1,True,True,False,True,True,True,True,True,True,True,True,True,True,True,True,2,1.0,True,True,True,True,False,False,False,False,False,False,False,True,True,8,0,False,13,1,0.0769230769230769,0.0741079721537218,0.2860719384529203,0.14740039924551154,0.008728860038102986,0.2860719384529201,0.2860719384529201,0.2860719384529201,0.2860719384529201,0.008728860038102986,0.008728860038102986,0.008728860038102986,0.29449259892849206,0.29449259892849206,0.29449259892849206,0.0,0.0,0.0,0,0,0,0,1,1,0,2.31,3.843744164674851,False,False,False,False,False,False,,,0.0,6.0
192,Elmodis,https://www.crunchbase.com/organization/elmodis,Poland,50.0619474,19.9368564,2015,3.0,True,False,True,False,True,False,False,False,False,True,False,True,False,False,0,2,3,False,False,False,False,0.0,False,5.15,False,2015-04-02,2017-04-09,Seed,2015,47.333333333333336,True,,True,,12.0,134.8,True,,True,,False,,False,,True,,True,,2,0,True,,False,True,,True,,True,,True,,True,,True,,2,,True,,False,True,,True,True,True,False,False,False,True,False,20,0,False,33,5,0.1515151515151515,0.1410785982599055,0.25256392777356135,2.669556996376454,0.0,9.601521561198366,0.0,2.669556996376454,9.601521561198366,0.0,0.0,0.0,5.024880973463056,0.0,9.601521561198366,5.0,0.0,0.1089851172067322,0,0,0,0,1,1,1,2.31,3.49650756146648,False,False,False,False,False,False,,,0.0,2.0
11548,Undersee,https://www.crunchbase.com/organization/undersee,Portugal,40.2111931,-8.4294632,2016,1.0,True,False,False,True,True,False,True,False,False,False,False,True,False,False,3,1,1,False,True,False,True,1.0,True,0.0,True,2019-03-14,2019-03-14,Seed,2019,39.0,False,False,True,True,1.0,0.0,True,True,False,False,True,True,False,False,False,False,False,False,0,0,False,False,False,False,False,False,False,False,False,False,False,False,False,False,False,0,0.0,False,False,False,True,True,False,False,False,False,False,False,True,True,5,0,False,9,1,0.1111111111111111,0.1053605156578263,0.17785466043470477,2.568273762377335,2.568273762377335,2.568273762377335,0.0,0.0,0.0,2.568273762377335,2.568273762377335,2.568273762377335,0.0,0.0,0.0,0.0,0.0,0.0,0,0,0,0,1,0,0,1.97,3.86702563949741,False,False,False,False,False,False,,,1.0,8.0
4836,Satelligence,https://www.crunchbase.com/organization/satelligence,The Netherlands,52.0907006,5.1215634,2016,1.0,True,False,False,True,False,False,False,False,False,True,False,True,False,False,4,1,2,False,False,False,False,0.0,False,2.264601,False,2020-11-25,2020-11-25,Seed,2020,104.0,True,,True,,25.0,12.0,True,,False,,False,,False,,False,,False,,0,0,False,,False,True,,True,,False,,False,,False,,False,,1,,True,,False,True,,False,False,False,False,False,False,True,True,381,1,True,23,3,0.1304347826086956,0.1226023220923323,0.035062214289133406,0.10181768349926704,0.05537293633615812,0.14826243066237596,0.05537293633615812,0.10181768349926704,0.14826243066237596,0.0,0.0,0.0,0.13717924693646466,0.13717924693646466,0.13717924693646466,1.0,1.0,0.0637308819147395,0,0,0,0,0,0,0,1.97,6.55250788703459,False,False,False,False,False,False,,,2.0,4.200000000000003
4820,Hardt Hyperloop,https://www.crunchbase.com/organization/hardt,The Netherlands,52.0114017,4.35839,2016,3.0,True,False,False,False,True,True,False,False,False,False,False,True,False,True,1,2,6,True,False,False,False,4.0,True,2.187836,False,2017-02-17,2018-02-17,Venture - Series Unknown,2017,13.833333333333334,True,True,True,True,47.5,0.3,True,False,False,False,False,False,False,False,False,False,False,False,1,1,True,True,False,True,True,True,True,True,True,True,True,True,True,True,True,5,3.0,True,True,True,True,True,False,False,False,False,False,False,True,True,102,3,True,25,4,0.16,0.1484200051182732,0.05424573977957992,0.044787912415338776,0.008276857520798984,0.05424573977958012,0.05424573977958012,0.05424573977958012,0.05424573977958012,0.008276857520798984,0.03848269417251121,0.05424573977958012,0.0314372447025021,0.0,0.05537293633615812,4.0,2.0,0.1919094156907527,1,0,0,0,0,1,0,1.97,5.993961427306569,False,True,True,True,True,True,,,1.0,5.200000000000003
4763,Sensorfact,https://www.crunchbase.com/organization/sensorfact,The Netherlands,52.0907006,5.1215634,2016,3.0,True,False,True,False,False,False,False,False,False,True,False,True,False,False,4,1,2,False,False,False,False,0.0,False,0.0,True,2020-07-01,2020-07-01,Series B,2020,90.0,True,,False,,6.5,5.0,True,,True,,True,,False,,False,,False,,0,0,False,,False,True,,True,,True,,True,,True,,False,,2,,True,,True,True,,False,False,False,False,False,False,True,True,381,1,True,23,2,0.0869565217391304,0.083381608939051,0.035062214289133406,0.05303472265672382,0.029578942806982082,0.07649050250646557,0.029578942806982082,0.05303472265672382,0.07649050250646557,0.0,0.0,0.0,0.10500463728541412,0.10500463728541412,0.10500463728541412,4.0,0.0,0.0908983577180024,0,0,0,0,1,0,0,1.97,6.55250788703459,True,True,True,True,True,True,2025-01-22,9.0,2.0,4.200000000000003
4780,Dexter Energy Services,https://www.crunchbase.com/organization/dexter-energy-services,The Netherlands,52.6829908,7.009406,2016,3.0,True,False,True,False,True,False,False,False,False,True,False,True,False,False,3,1,1,False,True,False,False,0.0,False,0.0,True,2019-09-27,2019-09-27,Series B,2019,22.0,False,,True,,9.0,1.0,False,,False,,False,,False,,False,,False,,0,0,False,,False,False,,False,,False,,False,,False,,False,,0,,False,,False,False,,False,False,False,False,False,False,True,True,7,0,False,0,0,0.0,0.0,0.14728944253121748,0.24644354394856702,0.24644354394856702,0.24644354394856702,0.24644354394856702,0.24644354394856702,0.24644354394856702,0.0,0.0,0.0,0.0,0.0,0.0,0.0,0.0,0.0,0,0,0,0,1,1,1,1.97,6.2166061010848646,False,False,True,False,True,True,,,0.0,0.0
291,SEEDiA,https://www.crunchbase.com/organization/seedia,Poland,50.0619474,19.9368564,2016,2.0,True,False,True,True,True,True,False,False,False,True,False,True,False,False,1,1,1,False,True,False,True,1.0,True,0.265,True,2017-07-17,2017-07-17,Seed,2017,36.0,False,False,True,True,1.0,6.0,False,False,False,False,False,False,False,False,False,False,False,False,0,0,False,False,False,False,False,False,False,False,False,False,False,False,False,False,False,1,1.0,True,True,True,True,True,False,False,False,False,False,False,True,True,20,0,False,42,6,0.1428571428571428,0.1335313926245225,0.25256392777356135,0.25256392777356124,0.25256392777356124,0.25256392777356124,0.0,0.0,0.0,0.25256392777356124,0.25256392777356124,0.25256392777356124,0.0,0.0,0.0,1.0,0.0,0.0,0,0,0,0,0,1,0,1.97,3.843744164674851,False,False,False,False,False,False,,,0.0,2.0
4427,Sitemark,https://www.crunchbase.com/organization/sitemark,Belgium,50.879202,4.7011675,2016,3.0,True,False,True,False,True,True,False,False,False,True,False,True,False,False,0,2,3,True,False,True,False,1.0,True,1.162021,False,2016-07-13,2018-06-15,Series A,2016,76.0,True,True,True,False,16.7,10.3,True,True,False,False,True,False,False,False,False,False,False,False,0,0,False,False,False,True,True,True,True,True,True,True,True,True,False,False,False,2,1.0,True,True,False,True,True,False,False,False,False,False,False,True,True,157,1,True,11,2,0.1818181818181818,0.1670540846631661,0.02479431015650143,0.07446140740675512,0.024794310156501468,0.16663541406037036,0.024794310156501468,0.09571486210843592,0.16663541406037036,0.03195449800339353,0.03195449800339353,0.03195449800339353,0.1278119993859122,0.018242870223871693,0.19139420086269449,0.0,0.0,0.0,0,0,0,0,0,0,0,1.97,5.303304908059076,False,False,True,False,True,True,,,3.200000000000003,18.40000000000001
13925,ARROE,https://www.crunchbase.com/organization/arroe,United Kingdom,51.4893335,-0.1440551,2016,4.0,True,True,True,False,False,False,False,False,False,True,False,True,False,False,3,1,1,False,True,True,False,0.0,False,0.823767,False,2019-01-31,2019-01-31,Seed,2019,131.0,False,,True,,1.0,2.0,False,,False,,False,,False,,False,,False,,0,0,False,,False,False,,False,,False,,False,,False,,False,,0,,False,,False,False,,True,True,False,False,False,False,False,False,1939,5,True,1645,419,0.2547112462006079,0.2269054634019811,0.004639509600861782,5.712316248406614,5.712316248406614,5.712316248406614,5.712316248406614,5.712316248406614,5.712316248406614,0.0,0.0,0.0,0.0,0.0,0.0,6.0,8.0,0.32629937040735,1,0,0,0,0,0,0,1.97,8.006700845440367,False,False,False,False,False,False,,,45.0,65.0
5032,hello energy,https://www.crunchbase.com/organization/hello-energy,The Netherlands,51.9244424,4.47775,2016,3.0,True,False,True,False,False,False,False,False,True,True,False,True,True,False,4,1,1,False,True,False,True,1.0,True,1.0,False,2020-02-28,2020-02-28,Seed,2020,6.0,True,True,False,False,7.0,0.0,True,True,False,False,False,False,False,False,False,False,False,False,0,0,False,False,False,True,True,True,True,False,False,False,False,False,False,False,False,1,1.0,True,True,True,True,True,False,False,False,False,False,False,True,True,118,2,True,28,5,0.1785714285714285,0.1643030512912762,0.05735189574909011,0.057351895749089894,0.057351895749089894,0.057351895749089894,0.0,0.0,0.0,0.057351895749089894,0.057351895749089894,0.057351895749089894,0.0,0.0,0.0,1.0,0.0,0.0,0,0,0,0,0,0,0,1.97,6.55250788703459,False,False,False,False,False,False,,,1.0,5.0
13937,SENS Foods,https://www.crunchbase.com/organization/sens-foods,United Kingdom,51.4893335,-0.1440551,2016,2.0,False,True,False,False,False,False,True,False,False,False,False,True,False,False,0,3,4,True,False,False,False,3.0,True,2.100384,False,2016-12-01,2019-11-14,Seed,2016,37.2,True,True,True,True,3.2,3.2,False,False,True,True,True,True,False,False,False,False,False,False,1,1,True,True,False,True,True,True,True,True,True,True,True,True,True,True,True,1,1.0,True,True,False,True,True,False,False,False,False,False,False,True,True,1939,5,True,1645,419,0.2547112462006079,0.2269054634019811,0.004639509600861782,0.8291282963018779,0.0,1.0364103703773473,1.0364103703773473,1.0364103703773473,1.0364103703773473,0.0,0.6909402469182315,1.0364103703773473,0.41456414815093895,0.0,1.0364103703773473,1.0,0.0,0.0,0,0,0,0,0,0,0,1.97,6.803505257608338,False,False,False,False,False,False,,,45.0,65.0
359,EcoLife,https://www.crunchbase.com/organization/ecolife-2,Poland,50.0619474,19.9368564,2016,2.0,True,False,False,False,False,True,False,True,False,True,False,True,False,False,0,2,2,False,False,False,False,0.0,False,0.947047,False,2016-05-07,2018-05-11,Seed,2016,8.0,True,,True,,1.5,0.0,True,,False,,False,,False,,False,,False,,1,0,True,,False,True,,True,,True,,True,,True,,True,,2,,True,,True,True,,False,False,False,False,False,False,True,True,20,0,False,42,6,0.1428571428571428,0.1335313926245225,0.25256392777356135,0.12628196388678062,0.0,0.25256392777356124,0.0,0.12628196388678062,0.25256392777356124,0.0,0.0,0.0,0.25256392777356124,0.25256392777356124,0.25256392777356124,0.0,0.0,0.0,0,0,0,0,0,1,0,1.97,4.390738575275903,False,False,False,False,False,False,,,0.0,2.0
21215,Nordic Harvest,https://www.crunchbase.com/organization/nordic-harvest,Denmark,55.6522136,12.292049,2016,1.0,False,True,False,False,False,True,True,False,False,False,False,True,False,False,4,1,3,True,False,False,False,1.0,True,9.097045,False,2020-04-01,2020-04-01,Seed,2020,78.33333333333333,True,True,False,False,16.5,15.0,False,False,False,False,False,False,False,False,False,False,False,False,0,0,False,False,False,True,True,True,True,True,True,True,True,True,True,True,True,3,1.0,True,True,True,True,True,False,False,False,False,False,False,True,True,214,2,True,6,1,0.1666666666666666,0.1541506798272582,0.017852195831434464,0.019386179166704216,0.019386179166704216,0.019386179166704216,0.019386179166704216,0.019386179166704216,0.019386179166704216,0.019386179166704216,0.019386179166704216,0.019386179166704216,0.0,0.0,0.0,34.0,29.0,0.5966580304393243,1,1,1,1,0,1,0,1.97,5.707110264748875,False,False,False,False,False,False,,,17.400000000000006,35.400000000000006
5193,Wattsun,https://www.crunchbase.com/organization/wattsun-e5c8,The Netherlands,51.984257,5.9108573,2016,2.0,True,False,True,False,False,False,False,False,False,False,False,True,False,False,4,1,1,False,True,False,False,0.0,False,0.293601,True,2020-10-01,2020-10-01,Seed,2020,153.0,True,,False,,10.0,7.0,True,,False,,True,,False,,False,,False,,0,0,False,,False,True,,True,,False,,False,,False,,False,,1,,True,,True,False,,False,False,False,False,False,False,True,True,22,1,True,2,0,0.0,0.0,0.08179828868421847,0.06752173495427961,0.06752173495427961,0.06752173495427961,0.06752173495427961,0.06752173495427961,0.06752173495427961,0.0,0.0,0.0,0.0,0.0,0.0,1.0,0.0,0.0,0,0,0,0,0,1,0,1.97,6.55250788703459,False,False,False,False,False,False,,,0.0,6.0
14047,Farmstand,https://www.crunchbase.com/organization/farmstand-limited,United Kingdom,51.4893335,-0.1440551,2016,1.0,False,True,False,False,True,False,True,True,False,False,False,True,False,True,4,3,5,False,False,True,False,0.0,False,4.997657,False,2020-10-20,2022-10-19,Pre-Seed,2020,133.5,True,,True,,9.0,51.2,True,,True,,True,,False,,True,,False,,2,0,True,,False,True,,True,,True,,True,,True,,True,,2,,True,,False,True,,True,True,True,False,True,False,True,False,1939,5,True,1645,419,0.2547112462006079,0.2269054634019811,0.004639509600861782,2.229658177891703,0.0,8.616713337577476,0.0,2.229658177891703,8.616713337577476,0.0,0.0,0.0,4.236667246266196,0.0,9.362026540896341,45.0,29.0,0.6237694203755032,1,1,1,1,0,0,0,1.97,7.901377353792616,False,False,False,False,False,False,,,45.0,65.0
14002,Prognostic,https://www.crunchbase.com/organization/prognostic,United Kingdom,51.4893335,-0.1440551,2016,1.0,True,True,True,True,True,False,False,True,False,True,False,True,True,True,2,2,2,True,False,True,False,1.0,True,0.12,True,2018-05-30,2021-01-25,Pre-Seed,2018,34.0,False,False,True,True,9.0,273.5,False,False,True,True,True,True,False,False,False,False,False,False,0,0,False,False,False,False,False,False,False,False,False,False,False,False,False,False,False,0,0.0,False,False,False,True,False,True,True,True,False,False,False,True,False,1939,5,True,1645,419,0.2547112462006079,0.2269054634019811,0.004639509600861782,3.9460561808859067,0.35894534086299357,7.533167020908819,0.35894534086299357,0.35894534086299357,0.35894534086299357,7.533167020908819,7.533167020908819,7.533167020908819,7.742532028270947,7.742532028270947,7.742532028270947,175.0,53.0,0.8109271901189731,1,1,1,1,0,1,1,1.97,7.696667081526462,False,False,False,False,False,False,,,45.0,65.0
8285,Hawa Dawa,https://www.crunchbase.com/organization/hawa-dawa-munich-germany,Germany,48.1371079,11.5753822,2016,5.0,True,True,False,False,True,False,False,True,False,False,False,True,False,False,1,2,3,True,False,True,False,2.0,True,0.058706,True,2017-10-09,2019-05-16,Series A,2017,42.333333333333336,True,True,True,True,10.3,3.7,False,False,True,False,True,True,False,False,False,False,False,False,1,1,True,True,False,True,True,True,True,True,True,True,True,True,True,True,True,1,1.0,True,True,False,True,True,True,True,True,False,True,False,True,False,304,2,True,146,51,0.3493150684931507,0.2995971070296521,0.0,2.726923052773127,0.0,7.262316587795379,0.918452570524003,0.918452570524003,0.918452570524003,0.0,3.6311582938976894,7.262316587795379,4.844514416658157,0.918452570524003,7.262316587795379,0.0,0.0,0.0,0,0,0,0,0,0,0,1.97,7.244941546337007,True,False,True,True,True,True,2023-03-20,7.0,5.0,14.0
7315,Zeleros,https://www.crunchbase.com/organization/zeleros,Spain,39.4697065,-0.3763353,2016,3.0,True,False,True,False,True,False,False,False,False,False,False,True,False,False,2,1,1,False,True,True,True,1.0,True,0.178971,True,2018-07-04,2018-07-04,Venture - Series Unknown,2018,60.0,True,True,False,False,11.0,5.0,False,False,False,False,False,False,False,False,True,True,False,False,1,1,True,True,True,True,True,True,True,True,True,True,True,True,True,True,True,1,1.0,True,True,True,False,False,False,False,False,False,False,False,True,True,40,0,False,62,6,0.0967741935483871,0.0923733201310151,0.3025416859136113,0.0,0.0,0.0,0.0,0.0,0.0,0.0,0.0,0.0,0.0,0.0,0.0,8.0,7.0,0.3404009270154831,1,0,0,0,0,0,0,1.97,6.2166061010848646,False,False,True,False,True,True,,,7.400000000000006,11.0
8083,Ecoligo,https://www.crunchbase.com/organization/ecoligo,Germany,52.510885,13.3989367,2016,2.0,True,True,True,True,False,False,False,False,True,False,False,True,False,False,3,1,1,False,True,False,True,1.0,True,3.957338,False,2019-07-18,2019-07-18,Venture - Series Unknown,2019,15.0,True,True,False,False,22.0,0.0,True,True,False,False,False,False,False,False,False,False,False,False,1,1,True,True,True,True,True,True,True,True,True,True,True,True,True,True,True,1,1.0,True,True,True,True,True,False,False,False,False,True,True,True,True,539,3,True,498,202,0.4056224899598393,0.3404802580187517,0.0,0.0,0.0,0.0,0.0,0.0,0.0,0.0,0.0,0.0,0.0,0.0,0.0,0.0,0.0,0.0,0,0,0,0,0,0,0,1.97,7.650168700845001,False,False,True,False,True,True,,,18.800000000000068,29.0
8092,ifesca,https://www.crunchbase.com/organization/ifesca,Germany,50.6867695,10.9142385,2016,3.0,True,False,True,False,True,False,False,False,False,True,False,True,False,False,1,1,1,False,True,False,True,1.0,True,0.836605,False,2017-01-02,2017-01-02,Series B,2017,47.0,True,True,False,False,14.0,7.0,False,False,False,False,False,False,False,False,False,False,False,False,0,0,False,False,False,True,True,True,True,True,True,True,True,False,False,False,False,1,1.0,True,True,True,False,False,False,False,False,False,True,True,True,True,9,0,False,2,0,0.0,0.0,0.2599956456636694,0.033344906195788115,0.033344906195788115,0.033344906195788115,0.0,0.0,0.0,0.033344906195788115,0.033344906195788115,0.033344906195788115,0.0,0.0,0.0,3.0,2.0,0.1697730111149502,1,0,0,0,1,1,0,1.97,7.244941546337007,False,False,True,False,True,True,,,0.8000000000000007,5.000000000000002
8120,vilisto GmbH,https://www.crunchbase.com/organization/vilisto-gmbh,Germany,53.550341,10.000654,2016,3.0,True,True,True,False,True,False,False,False,False,True,False,True,True,False,1,1,1,False,True,False,False,0.0,False,0.0,True,2017-08-07,2017-08-07,Series A,2017,153.0,False,,True,,7.0,7.0,True,,False,,True,,False,,False,,False,,0,0,False,,False,False,,False,,False,,False,,False,,False,,0,,False,,False,False,,False,False,False,False,False,False,True,True,116,1,True,90,28,0.3111111111111111,0.2708749541353997,0.0,0.3856527502766831,0.3856527502766831,0.3856527502766831,0.3856527502766831,0.3856527502766831,0.3856527502766831,0.0,0.0,0.0,0.0,0.0,0.0,0.0,0.0,0.0,0,0,0,0,0,0,0,1.97,7.244941546337007,False,False,True,False,True,True,,,2.4000000000000057,10.0
7976,VoltStorage,https://www.crunchbase.com/organization/volt-storage,Germany,48.1371079,11.5753822,2016,3.0,True,True,True,False,False,True,False,False,False,True,False,True,False,False,0,4,4,True,False,False,False,2.0,True,1.586764,False,2016-08-05,2018-09-27,Series C,2016,210.6,False,False,True,True,13.9,40.8,True,True,True,True,True,True,False,False,False,False,True,True,0,0,False,False,False,False,False,False,False,False,False,False,False,False,False,False,False,0,0.0,False,False,False,True,True,True,True,True,False,True,False,True,False,304,2,True,146,51,0.3493150684931507,0.2995971070296521,0.0,6.1125161837151865,0.2421466990858727,9.434160278898844,0.2421466990858727,6.887718728529815,9.434160278898844,0.2421466990858727,3.399307276863986,6.556467854642099,4.3431995855531405,0.0,9.370082732523388,1.0,0.0,0.0,0,0,0,0,0,0,0,1.97,7.244941546337007,False,True,True,True,True,True,,,5.0,14.0
8049,Metalshub,https://www.crunchbase.com/organization/metalshub,Germany,51.2254018,6.7763137,2016,2.0,True,False,True,True,False,False,False,False,False,True,False,True,False,False,1,2,6,True,False,False,False,2.0,True,3.429826,False,2017-08-01,2018-11-07,Series A,2017,39.857142857142854,True,False,True,True,6.7,7.0,False,False,False,False,False,False,False,False,True,False,False,False,0,0,False,False,False,True,False,True,False,True,False,True,False,False,False,False,False,5,1.0,True,True,False,True,True,True,True,False,False,True,False,True,False,143,0,False,18,4,0.2222222222222222,0.2006706954621511,0.17468247275260293,1.8092207013738058,0.03439935566152479,10.66449933465528,0.03439935566152479,0.3047204555218884,0.486779843647015,0.4764432973519169,5.570471316003598,10.66449933465528,3.414631811663707,0.0,11.104705646032697,1.0,3.0,0.1274617638294791,0,0,0,0,1,1,0,1.97,7.244941546337007,False,False,True,False,True,True,,,0.0,4.0
8198,Mitte,https://www.crunchbase.com/organization/mitte,Germany,52.510885,13.3989367,2016,3.0,True,True,False,True,True,True,False,False,False,True,False,True,True,False,0,2,6,True,False,True,False,3.0,True,10.6,False,2016-05-26,2018-08-29,Venture - Series Unknown,2016,25.166666666666668,True,True,True,True,1.5,2.0,True,True,False,False,False,False,False,False,False,False,True,False,1,1,True,True,False,True,True,True,True,True,True,True,True,True,True,True,True,3,1.0,True,True,False,True,True,True,True,True,False,True,False,True,False,539,3,True,498,202,0.4056224899598393,0.3404802580187517,0.0,4.3323538089416935,0.0,9.92428554337499,0.43989178726606465,3.2282504117899338,8.752238619468603,0.0,5.436457206093452,9.92428554337499,7.224151482838698,0.12391264022863228,15.339585122317537,3.0,6.0,0.2476771581726159,1,0,0,0,0,0,0,1.97,7.244941546337007,False,False,True,False,True,True,,,18.800000000000068,29.0
8194,gridX,https://www.crunchbase.com/organization/gridx-2,Germany,50.776351,6.083862,2016,3.0,True,False,True,False,False,False,False,False,False,True,False,True,False,False,1,1,2,False,False,False,False,0.0,False,0.0,True,2017-02-01,2017-02-01,Series A,2017,11.0,False,,True,,2.0,4.0,False,,False,,False,,False,,True,,False,,0,0,False,,False,False,,False,,False,,False,,False,,False,,1,,True,,False,False,,True,True,True,False,True,False,True,False,35,1,True,9,3,0.3333333333333333,0.2876820724517809,0.1219513284968775,4.5771812803989835,0.19276515337575384,8.961597407422213,0.19276515337575384,4.5771812803989835,8.961597407422213,0.0,0.0,0.0,9.088734658659174,9.088734658659174,9.088734658659174,0.0,0.0,0.0,0,0,0,0,1,1,0,1.97,7.244941546337007,True,False,True,True,True,True,2021-09-24,5.0,0.0,2.0
21949,Carbo Culture,https://www.crunchbase.com/organization/carbo-culture,Finland,60.1717794,24.9413548,2016,3.0,True,True,False,False,True,False,False,False,False,False,False,True,False,False,1,3,16,True,False,True,False,4.0,True,6.874346,False,2017-04-04,2021-04-14,Series A,2017,95.35,True,True,True,True,10.7,12.8,True,False,True,True,True,False,False,False,True,True,False,False,6,2,True,True,False,True,True,True,True,True,True,True,True,True,True,True,True,6,2.0,True,True,False,True,True,True,True,True,False,True,False,True,False,147,2,True,173,41,0.2369942196531791,0.2126844205240724,0.0004833470476976217,3.57989480118356,0.0,8.75156057526121,0.0,3.858731575654831,8.722028347808934,0.0,2.4645477032984737,8.75156057526121,4.620653362077534,0.0,9.39024018472256,30.0,9.0,0.4836076685544044,1,1,1,0,0,1,1,1.97,5.303304908059076,False,False,True,False,True,True,,,9.0,19.0
6235,Calidity,https://www.crunchbase.com/organization/smartvent,Estonia,58.3801207,26.72245,2016,1.0,True,False,True,False,False,False,False,False,False,True,False,True,False,False,2,1,1,False,True,True,False,0.0,False,0.0,True,2018-03-06,2018-03-06,Pre-Seed,2018,448.0,False,,True,,6.0,13.0,False,,True,,True,,False,,False,,False,,0,0,False,,False,False,,False,,False,,False,,False,,False,,1,,True,,True,True,,False,False,False,False,False,False,True,True,5,0,False,14,2,0.1428571428571428,0.1335313926245225,0.1634029903936329,0.16340299039363307,0.16340299039363307,0.16340299039363307,0.16340299039363307,0.16340299039363307,0.16340299039363307,0.0,0.0,0.0,0.0,0.0,0.0,3.0,0.0,0.0687619531421999,0,0,0,0,1,1,1,1.97,3.66612246699132,False,False,False,False,False,False,,,0.0,3.0
21479,Tomorrow,https://www.crunchbase.com/organization/tomorrow-2,Denmark,55.6867243,12.5700724,2016,2.0,True,True,False,False,True,False,False,False,False,True,False,True,False,False,4,1,1,False,True,True,False,0.0,False,0.0,True,2020-09-07,2020-09-07,Pre-Seed,2020,22.0,False,,True,,0.0,1.0,False,,True,,False,,False,,False,,False,,0,0,False,,False,False,,False,,False,,False,,False,,False,,0,,False,,False,True,,False,False,False,False,True,True,True,True,234,2,True,148,39,0.2635135135135135,0.2338963430904715,0.0,0.35724176469164737,0.35724176469164737,0.35724176469164737,0.35724176469164737,0.35724176469164737,0.35724176469164737,0.0,0.0,0.0,0.0,0.0,0.0,0.0,0.0,0.0,0,0,0,0,0,0,0,1.97,5.707110264748875,False,False,False,False,False,False,,,14.400000000000006,35.0
719,Epishine,https://www.crunchbase.com/organization/epishine,Sweden,58.5909124,16.1903511,2016,4.0,False,False,True,False,False,False,False,False,False,False,False,True,False,False,1,1,2,True,False,False,False,1.0,True,0.0,True,2017-06-01,2017-06-01,Venture - Series Unknown,2017,62.0,True,True,True,False,8.5,7.0,False,False,False,False,False,False,False,False,False,False,False,False,0,0,False,False,False,True,True,True,True,True,True,True,True,False,False,False,False,2,1.0,True,True,True,False,False,False,False,False,False,False,False,True,True,3,0,False,0,0,0.0,0.0,0.13524956520986672,0.1525414030306801,0.03855093755831737,0.2665318685030428,0.2665318685030428,0.2665318685030428,0.2665318685030428,0.03855093755831737,0.03855093755831737,0.03855093755831737,0.22887194341369319,0.22887194341369319,0.22887194341369319,0.0,0.0,0.0,0,0,0,0,1,1,1,1.97,,False,False,True,False,True,True,,,0.0,0.0
22018,Sulapac,https://www.crunchbase.com/organization/sulapac,Finland,60.1717794,24.9413548,2016,3.0,True,True,False,False,True,False,False,False,False,False,False,True,False,False,1,1,4,False,False,False,False,0.0,False,1.06435,False,2017-04-06,2017-04-06,Venture - Series Unknown,2017,52.0,True,,True,,6.0,9.2,True,,True,,True,,False,,True,,False,,3,0,True,,False,True,,True,,True,,True,,True,,True,,3,,True,,False,True,,True,True,False,False,False,False,True,False,147,2,True,173,41,0.2369942196531791,0.2126844205240724,0.0004833470476976217,1.9723045292508357,0.0,7.889218117003343,0.0,1.9723045292508357,7.889218117003343,0.0,0.0,0.0,3.9446090585016713,0.0,7.889218117003343,34.0,20.0,0.5638638283252182,1,1,1,1,1,1,1,1.97,5.303304908059076,False,False,True,False,True,True,,,9.0,19.0
13915,Spotless Water,https://www.crunchbase.com/organization/spotless-water,United Kingdom,51.262826,-1.0861976,2016,1.0,False,False,False,True,False,False,False,False,False,False,False,True,False,False,4,1,1,False,True,False,True,1.0,True,0.67447,False,2020-05-27,2020-05-27,Private Equity,2020,37.0,False,False,True,True,2.0,1.0,False,False,False,False,False,False,False,False,False,False,False,False,0,0,False,False,False,False,False,False,False,False,False,False,False,False,False,False,False,1,1.0,True,True,True,False,False,False,False,False,False,False,False,True,True,52,0,False,4,1,0.25,0.2231435513142097,0.05567725704998799,0.10446813565932524,0.10446813565932524,0.10446813565932524,0.0,0.0,0.0,0.10446813565932524,0.10446813565932524,0.10446813565932524,0.0,0.0,0.0,0.0,0.0,0.0,0,0,0,0,1,0,0,1.97,7.901377353792616,False,False,True,False,True,True,,,1.0,4.0
5888,eAgronom,https://www.crunchbase.com/organization/eagronom,Estonia,58.3801207,26.72245,2016,3.0,True,False,False,False,False,False,True,False,False,True,False,True,False,False,2,2,11,True,False,False,False,1.0,True,2.552018,False,2018-11-15,2020-10-09,Series A,2018,27.636363636363637,False,False,True,True,2.4,2.6,False,False,True,True,False,False,True,False,True,False,False,False,0,0,False,False,False,False,False,False,False,False,False,False,False,False,False,False,False,6,0.0,True,False,False,True,False,True,True,False,False,False,False,True,False,5,0,False,14,2,0.1428571428571428,0.1335313926245225,0.1634029903936329,1.133391309949119,0.16340299039363307,8.844891579023628,0.16340299039363307,1.2126564180886226,8.844891579023628,0.42000533669358653,0.42000533669358653,0.42000533669358653,2.0042904726751387,0.0,9.050859326654804,2.0,6.0,0.2191383690949482,1,0,0,0,1,1,0,1.97,3.66612246699132,False,False,True,False,True,True,,,0.0,3.0
22023,Altum Technologies,https://www.crunchbase.com/organization/altum-technologies,Finland,60.1717794,24.9413548,2016,5.0,True,True,False,False,True,False,False,False,False,True,False,True,False,False,0,1,2,True,False,False,False,1.0,True,1.173021,False,2016-12-01,2016-12-01,Venture - Series Unknown,2016,83.0,True,True,False,False,3.5,16.5,False,False,True,True,True,False,False,False,True,True,False,False,2,1,True,True,True,True,True,True,True,True,True,True,True,True,True,True,True,2,1.0,True,True,True,True,True,False,False,False,False,False,False,True,True,147,2,True,173,41,0.2369942196531791,0.2126844205240724,0.0004833470476976217,0.0,0.0,0.0,0.0,0.0,0.0,0.0,0.0,0.0,0.0,0.0,0.0,22.0,10.0,0.4627596300955206,1,0,0,0,0,1,1,1.97,4.6709579265260945,False,False,True,False,True,True,,,9.0,19.0
22071,CollectiveCrunch,https://www.crunchbase.com/organization/collectivecrunch,Finland,60.83333,26.0,2016,3.0,True,False,True,False,True,False,True,False,False,True,False,True,False,False,1,2,4,True,False,False,False,2.0,True,3.096594,False,2017-09-20,2021-06-10,Venture - Series Unknown,2017,20.0,True,True,True,True,21.7,2.0,False,False,False,False,True,False,True,False,False,False,False,False,0,0,False,False,False,True,True,False,False,False,False,False,False,False,False,False,False,3,1.0,True,True,False,True,True,False,False,False,False,False,False,True,True,32,0,False,45,9,0.2,0.1823215567939546,0.09398058736034391,0.18781178728697617,0.09364994887113248,0.4702973025345072,0.09364994887113248,0.09364994887113248,0.09364994887113248,0.09364994887113248,0.28197362570281986,0.4702973025345072,0.19800837711318506,0.0,0.3960167542263701,2.0,2.0,0.1412342220372826,0,0,0,0,0,1,0,1.97,5.303304908059076,False,False,True,False,True,True,,,2.0,5.0
21659,Hydrogrid,https://www.crunchbase.com/organization/hydrogrid,Austria,48.1857192,16.4221587,2016,1.0,True,True,True,False,False,False,False,False,False,True,False,True,False,False,4,2,2,True,False,True,False,2.0,True,3.999966,False,2020-09-23,2022-02-15,Series A,2020,22.666666666666668,True,True,True,True,10.3,3.0,True,True,True,True,False,False,False,False,False,False,False,False,2,1,True,True,False,True,True,True,True,True,True,True,True,True,True,True,True,2,1.0,True,True,False,True,True,False,False,False,False,True,False,True,True,127,2,True,78,21,0.2692307692307692,0.2384110234449981,0.004458645788406763,0.31359625249831274,0.0,0.9407887574949384,0.0,0.0,0.0,0.0,0.47039437874746914,0.9407887574949384,0.6271925049966255,0.0,0.9407887574949384,0.0,0.0,0.0,0,0,0,0,0,0,0,1.97,4.387014176184921,False,False,True,False,True,True,,,7.0,8.0
6938,Delfos Energy,https://www.crunchbase.com/organization/delfos-intelligent-maintenance,Spain,41.3825802,2.177073,2016,2.0,True,True,True,False,True,False,False,False,False,True,False,True,False,False,2,3,6,True,False,False,False,4.0,True,8.151341,False,2018-12-17,2024-01-16,Seed,2018,76.55555555555556,False,False,True,True,9.0,53.7,True,True,True,True,False,False,False,False,False,False,True,False,0,0,False,False,False,False,False,False,False,False,False,False,False,False,False,False,False,0,0.0,False,False,False,True,True,True,True,True,False,False,False,True,False,256,2,True,230,58,0.2521739130434782,0.2248811712127505,0.0,6.058750647758122,1.007064296707642,9.572215345516584,1.007064296707642,6.431607912350043,8.79730144586154,1.007064296707642,5.406250434722262,9.572215345516584,5.778852421715546,0.0,11.041377444935527,1.0,6.0,0.178915205030416,1,0,0,0,0,0,0,1.97,6.2166061010848646,False,False,False,False,False,False,,,11.0,15.600000000000025
11790,Hexafly,https://www.crunchbase.com/organization/hexafly,Ireland,53.7274118,-6.8761704,2016,3.0,True,False,False,False,True,False,True,True,False,False,False,True,False,True,0,7,6,True,False,False,False,3.0,True,3.951992,False,2016-05-01,2022-09-15,Seed,2016,222.36363636363637,True,True,True,True,15.2,49.8,True,True,True,True,True,True,True,True,False,False,False,False,0,0,False,False,False,True,True,True,True,False,False,False,False,False,False,False,False,6,1.0,True,True,False,True,True,True,True,True,False,False,False,True,False,2,0,False,0,0,0.0,0.0,0.05849625218796246,1.9646622823093387,0.05923616375939184,5.1343701866994,0.05923616375939184,1.7619564817859168,5.1343701866994,0.05923616375939184,2.62345613401046,5.1343701866994,2.700624135929127,0.0,5.6381341481032505,2.0,0.0,0.0402231640645322,0,0,0,0,1,1,1,1.97,5.306285536197214,False,False,False,False,False,False,,,0.0,2.0
2396,Ener-Pacte,https://www.crunchbase.com/organization/ener-pacte,France,45.7578137,4.8320114,2016,3.0,True,False,True,True,False,False,False,False,False,False,False,True,False,False,4,1,1,False,True,False,False,0.0,False,1.331316,False,2020-02-01,2020-02-01,Seed,2020,153.0,False,,True,,10.0,7.0,True,,False,,True,,False,,False,,False,,0,0,False,,False,False,,False,,False,,False,,False,,False,,0,,False,,False,False,,False,False,False,False,False,False,True,True,47,1,True,42,12,0.2857142857142857,0.251314428280906,0.1626758580550929,0.6335283990844732,0.6335283990844732,0.6335283990844732,0.6335283990844732,0.6335283990844732,0.6335283990844732,0.0,0.0,0.0,0.0,0.0,0.0,1.0,1.0,0.0637308819147395,0,0,0,0,0,1,0,1.97,7.244941546337007,False,False,False,False,False,False,,,1.0,3.800000000000004
8533,Wiferion,https://www.crunchbase.com/organization/wiferion,Germany,47.9960901,7.8494005,2016,4.0,True,False,True,False,True,False,False,False,False,True,False,True,False,False,1,2,3,False,False,False,False,0.0,False,0.0,True,2017-07-24,2017-07-24,Series A,2017,336.5,False,,True,,7.0,64.2,False,,True,,False,,False,,False,,True,,0,0,False,,False,False,,False,,False,,False,,False,,False,,4,,True,,True,False,,False,False,False,False,True,True,True,True,7,0,False,6,2,0.3333333333333333,0.2876820724517809,0.08636230618585528,0.3786123721282688,0.309342684165774,0.4478820600907638,0.309342684165774,0.3786123721282688,0.4478820600907638,0.0,0.0,0.0,0.12864224580570366,0.0,0.1929633687085555,2.0,0.0,0.0402231640645322,0,0,0,0,1,1,0,1.97,7.244941546337007,True,False,True,True,True,True,2023-10-10,7.0,0.0,2.6000000000000005
2042,Elum Energy,https://www.crunchbase.com/organization/elum-energy,France,48.8534951,2.3483915,2016,1.0,True,True,True,True,True,False,False,False,False,True,False,True,False,False,1,1,2,False,False,False,False,0.0,False,0.0,True,2017-07-17,2017-07-17,Series B,2017,127.5,True,,False,,13.0,35.0,False,,True,,False,,False,,True,,False,,2,0,True,,True,True,,True,,True,,True,,True,,True,,2,,True,,True,True,,False,False,False,False,False,False,True,True,841,4,True,507,179,0.3530571992110454,0.302366624134702,0.0006205248203236772,0.0,0.0,0.0,0.0,0.0,0.0,0.0,0.0,0.0,0.0,0.0,0.0,16.0,33.0,0.5365284687996901,1,1,0,1,0,1,0,1.97,6.803505257608338,False,False,True,False,True,True,,,28.0,37.0
2635,Felix,https://www.crunchbase.com/organization/citybird-hicab,France,48.892956,2.2881683,2016,2.0,False,True,False,False,True,False,False,False,False,False,False,True,False,True,2,1,1,False,True,False,True,1.0,True,0.0,True,2018-05-04,2018-05-04,Seed,2018,39.0,False,False,True,True,8.0,6.0,False,False,False,False,True,True,False,False,False,False,True,True,0,0,False,False,False,False,False,False,False,False,False,False,False,False,False,False,False,1,1.0,True,True,True,False,False,False,False,False,False,False,False,True,True,841,4,True,500,178,0.356,0.3045391895182038,0.005724287006316641,0.20596215691050912,0.20596215691050912,0.20596215691050912,0.0,0.0,0.0,0.20596215691050912,0.20596215691050912,0.20596215691050912,0.0,0.0,0.0,10.0,0.0,0.1691153217171828,1,0,0,0,0,0,0,1.97,7.0909098220799835,False,False,False,False,False,False,,,28.0,37.0
2660,Cleanfox,https://www.crunchbase.com/organization/cleanfox,France,48.8534951,2.3483915,2016,1.0,True,True,False,False,False,False,False,False,False,True,True,True,False,False,0,1,1,False,True,False,False,0.0,False,0.0,True,2016-11-01,2016-11-01,Seed,2016,15.0,False,,True,,1.0,5.0,False,,False,,False,,False,,True,,False,,0,0,False,,False,False,,False,,False,,False,,False,,False,,0,,False,,False,True,,False,False,False,False,False,False,True,True,841,4,True,507,179,0.3530571992110454,0.302366624134702,0.0006205248203236772,0.34260840402510934,0.34260840402510934,0.34260840402510934,0.34260840402510934,0.34260840402510934,0.34260840402510934,0.0,0.0,0.0,0.0,0.0,0.0,7.0,11.0,0.3659967280866293,1,0,0,0,0,0,0,1.97,6.398594934535208,False,False,False,False,False,False,,,28.0,37.0
2454,Syscobat,https://www.crunchbase.com/organization/syscobat,France,43.544386,1.474622,2016,1.0,True,False,False,False,True,False,False,False,False,True,False,True,True,False,2,1,2,False,False,False,False,0.0,False,0.560577,False,2018-03-26,2018-03-26,Series A,2018,1.0,False,,True,,0.0,0.0,True,,False,,False,,False,,False,,False,,0,0,False,,False,False,,False,,False,,False,,False,,False,,0,,False,,False,False,,True,True,True,False,False,False,True,False,15,0,False,6,1,0.1666666666666666,0.1541506798272582,0.24718874295610008,5.0299635046797055,0.8378386863831258,9.222088322976285,0.8378386863831258,5.0299635046797055,9.222088322976285,0.0,0.0,0.0,8.912765713390085,8.912765713390085,8.912765713390085,0.0,0.0,0.0,0,0,0,0,1,1,0,1.97,7.0909098220799835,False,False,True,False,True,True,,,0.0,1.0
2407,Tresorio,https://www.crunchbase.com/organization/tresorio-hub,France,49.1196964,6.1763552,2016,1.0,True,False,True,False,False,True,False,False,False,True,False,True,True,False,3,1,1,False,True,False,False,0.0,False,0.535243,False,2019-07-23,2019-07-23,Seed,2019,3.0,False,,True,,0.0,0.0,False,,False,,False,,False,,False,,False,,0,0,False,,False,False,,False,,False,,False,,False,,False,,1,,True,,True,True,,False,False,False,False,False,False,True,True,6,0,False,0,0,0.0,0.0,0.23212901341054712,0.2808600952895528,0.2808600952895528,0.2808600952895528,0.2808600952895528,0.2808600952895528,0.2808600952895528,0.0,0.0,0.0,0.0,0.0,0.0,0.0,0.0,0.0,0,0,0,0,1,1,1,1.97,7.378383712996715,False,False,False,False,False,False,,,0.0,0.0
26,Airly,https://www.crunchbase.com/organization/airly-ddd4,Poland,50.0619474,19.9368564,2016,3.0,True,False,False,False,True,False,False,False,False,True,False,True,True,False,4,2,15,True,False,True,False,2.0,True,5.3,False,2020-10-02,2021-03-22,Series A,2020,39.266666666666666,False,False,True,True,6.2,5.9,False,False,True,True,True,False,False,False,False,False,False,False,0,0,False,False,False,False,False,False,False,False,False,False,False,False,False,False,False,1,0.0,True,False,False,True,True,True,True,True,False,True,False,True,False,20,0,False,42,6,0.1428571428571428,0.1335313926245225,0.25256392777356135,3.004444918101564,0.25256392777356124,10.30410634676265,0.25256392777356124,3.269126270415567,10.30410634676265,1.4163568042175456,1.4163568042175456,1.4163568042175456,4.357919864859887,0.0,13.940132983140117,0.0,0.0,0.0,0,0,0,0,0,1,0,1.97,4.93806460126142,False,False,True,False,True,True,,,0.0,2.0
12494,SwissDeCode,https://www.crunchbase.com/organization/swissdecode,Switzerland,46.5349093,6.5928442,2016,2.0,True,True,False,False,True,False,True,True,False,False,False,True,False,False,3,1,2,False,False,False,False,0.0,False,0.0,True,2019-01-30,2019-01-30,Series A,2019,20.0,True,,True,,2.5,3.0,True,,False,,False,,False,,False,,False,,0,0,False,,False,True,,True,,True,,True,,True,,False,,1,,True,,False,False,,True,True,False,False,True,False,True,False,46,1,True,28,5,0.1785714285714285,0.1643030512912762,0.0033784471203716724,4.738154686690473,0.027094941629807454,9.449214431751136,0.027094941629807454,4.738154686690473,9.449214431751136,0.0,0.0,0.0,9.459536241862569,9.459536241862569,9.459536241862569,0.0,0.0,0.0,0,0,0,0,0,0,0,1.97,5.993961427306569,False,False,True,False,True,True,,,7.0,14.0
2104,Airthium,https://www.crunchbase.com/organization/airthium,France,48.7645251,2.1396015,2016,2.0,True,True,True,False,False,False,False,False,False,False,False,True,False,False,0,2,2,True,False,True,False,1.0,True,2.072,False,2015-03-01,2017-08-22,Venture - Series Unknown,2015,33.0,True,True,True,False,13.0,321.5,False,False,True,False,True,False,False,False,False,False,False,False,0,0,False,False,False,True,True,True,True,True,True,True,True,True,True,True,True,1,1.0,True,True,False,True,True,True,True,True,False,False,False,True,False,841,4,True,9,3,0.3333333333333333,0.2876820724517809,0.018466174386558468,4.494234206876817,0.018211109677328405,8.970257304076306,8.970257304076306,8.970257304076306,8.970257304076306,0.018211109677328405,0.018211109677328405,0.018211109677328405,8.97303432705667,8.97303432705667,8.97303432705667,8.0,0.0,0.1492082812712644,0,0,0,0,0,0,0,1.97,6.2166061010848646,False,False,True,False,True,True,,,27.399999999999977,36.39999999999998
20103,GreenAdvisor,https://www.crunchbase.com/organization/greenadvisor,Hungary,47.4978789,19.0402383,2016,2.0,False,False,False,False,False,False,False,False,False,True,False,True,False,False,0,1,2,True,False,False,False,1.0,True,0.032,True,2016-07-13,2016-07-13,Seed,2016,814.5,False,False,True,True,6.0,10.5,False,False,True,True,True,True,False,False,True,True,False,False,0,0,False,False,False,False,False,False,False,False,False,False,False,False,False,False,False,0,0.0,False,False,False,False,False,True,True,False,False,False,False,False,False,54,0,False,84,8,0.0952380952380952,0.0909717782057266,0.21414371872684834,4.025564076794034,4.021824250965347,4.029303902622722,4.021824250965347,4.021824250965347,4.021824250965347,4.029303902622722,4.029303902622722,4.029303902622722,0.044951295932390646,0.044951295932390646,0.044951295932390646,0.0,0.0,0.0,0,0,0,0,0,0,0,1.97,3.9740583963475986,False,False,False,False,False,False,,,7.0,81.0
652,TrusTrace,https://www.crunchbase.com/organization/trustrace,Sweden,59.3251172,18.0710935,2016,4.0,False,True,False,False,True,False,False,False,False,True,False,True,False,False,3,1,2,True,False,False,False,1.0,True,1.083915,False,2019-09-05,2019-09-05,Series B,2019,23.5,True,True,True,False,3.0,1.0,False,False,True,True,True,False,False,False,False,False,False,False,1,1,True,True,False,True,True,True,True,True,True,True,True,True,True,True,True,1,1.0,True,True,False,True,True,False,False,False,False,False,False,True,True,334,2,True,193,46,0.238341968911917,0.213773363026625,0.0,0.5625890708748073,0.0,1.1251781417496145,1.1251781417496145,1.1251781417496145,1.1251781417496145,0.0,0.0,0.0,1.1251781417496145,1.1251781417496145,1.1251781417496145,1.0,0.0,0.0,0,0,0,0,0,0,0,1.97,,False,True,True,True,True,True,,,12.0,18.200000000000017
13767,PlanetWatchers,https://www.crunchbase.com/organization/planetwatchers,United Kingdom,51.4893335,-0.1440551,2016,3.0,True,True,False,True,False,False,False,False,False,True,False,True,False,False,1,4,13,True,False,False,False,3.0,True,6.777038,False,2017-07-02,2021-06-03,Series A,2017,41.86666666666667,True,True,True,True,8.9,6.1,True,True,True,True,False,False,False,False,True,False,False,False,3,2,True,True,False,True,True,True,True,True,True,True,True,True,True,True,True,3,2.0,True,True,False,True,True,True,True,True,False,False,False,True,False,1939,5,True,1645,419,0.2547112462006079,0.2269054634019811,0.004639509600861782,4.767262854145905,0.0,8.755918082111087,0.0,4.9517630319958315,8.755918082111087,0.0,4.3060124095210845,8.616713337577476,6.112919904993779,0.0,12.18471588602765,7.0,6.0,0.3164391113148159,1,0,0,0,0,0,0,1.97,7.696667081526462,False,False,True,False,True,True,,,45.0,65.0
13740,Cervest,https://www.crunchbase.com/organization/cervest,United Kingdom,51.4893335,-0.1440551,2016,1.0,True,True,False,True,True,False,False,False,False,True,False,True,False,False,3,1,3,True,False,False,False,1.0,True,5.521804,False,2019-08-01,2019-08-01,Series A,2019,30.666666666666668,False,False,True,True,0.7,3.3,True,True,True,False,False,False,False,False,False,False,False,False,0,0,False,False,False,False,False,False,False,False,False,False,False,False,False,False,False,0,0.0,False,False,False,True,True,True,True,True,False,False,False,True,False,1939,5,True,1645,418,0.2541033434650456,0.2264208498717795,0.004639509600861782,3.142939341580795,0.34260840402510934,8.616713337577476,0.4694962831397988,4.543104810358638,8.616713337577476,0.34260840402510934,0.34260840402510934,0.34260840402510934,6.08945194627612,0.26495434136353685,9.05034262409997,2.0,0.0,0.0402231640645322,0,0,0,0,0,0,0,1.97,8.006700845440367,True,False,True,True,True,True,2023-07-29,7.0,45.0,65.0
13735,Bramble Energy,https://www.crunchbase.com/organization/bramble-energy,United Kingdom,51.4893335,-0.1440551,2016,1.0,True,True,True,False,True,True,False,False,False,True,False,True,False,False,0,3,2,False,False,False,False,0.0,False,3.877246,False,2016-01-01,2020-07-28,Series B,2016,122.66666666666669,True,,False,,14.3,24.0,False,,True,,False,,False,,False,,False,,3,0,True,,True,True,,True,,True,,True,,True,,True,,3,,True,,True,True,,False,False,False,False,False,False,True,True,1939,5,True,1645,418,0.2541033434650456,0.2264208498717795,0.004639509600861782,0.0,0.0,0.0,0.0,0.0,0.0,0.0,0.0,0.0,0.0,0.0,0.0,17.0,22.0,0.5062608272689422,1,1,0,1,0,0,0,1.97,6.803505257608338,False,True,True,True,True,True,,,45.0,65.0
13798,Aceleron,https://www.crunchbase.com/organization/aceleron-energy,United Kingdom,52.4494246,-1.9305743,2016,2.0,True,False,True,False,True,False,False,False,False,False,False,True,False,False,2,2,3,True,False,False,False,3.0,True,2.778933,False,2018-10-03,2020-07-28,Series A,2018,181.5,True,True,True,True,7.0,31.2,False,False,True,True,False,False,False,False,False,False,False,False,0,0,False,False,False,True,True,True,True,True,True,True,True,True,True,False,False,4,3.0,True,True,True,True,True,False,False,False,False,False,False,True,True,27,1,True,32,2,0.0625,0.0606246218164348,0.09013888067316496,0.07777579091223859,0.02037161518297243,0.16239646057450785,0.02037161518297243,0.02037161518297243,0.02037161518297243,0.02037161518297243,0.0969105161553273,0.16239646057450785,0.12677150770925008,0.0,0.22825779334307825,9.0,1.0,0.223391192774942,1,0,0,0,1,0,1,1.97,7.696667081526462,False,False,True,False,True,True,,,1.2000000000000028,6.400000000000006
13780,Axitan,https://www.crunchbase.com/organization/axitan,United Kingdom,51.4893335,-0.1440551,2016,1.0,True,True,False,False,True,False,True,True,False,False,False,True,False,False,1,1,1,False,True,False,False,0.0,False,1.2,False,2017-08-17,2017-08-17,Angel,2017,932.0,False,,True,,58.0,69.0,False,,True,,False,,False,,False,,False,,0,0,False,,False,False,,False,,False,,False,,False,,False,,1,,True,,True,False,,False,False,False,False,False,False,True,True,1939,5,True,1645,419,0.2547112462006079,0.2269054634019811,0.004639509600861782,0.11811359106992332,0.11811359106992332,0.11811359106992332,0.11811359106992332,0.11811359106992332,0.11811359106992332,0.0,0.0,0.0,0.0,0.0,0.0,8.0,8.0,0.3512303972167651,1,0,0,0,0,0,0,1.97,7.696667081526462,False,False,False,False,False,False,,,45.0,65.0
13788,Perceptual Robotics,https://www.crunchbase.com/organization/perceptual-robotics-3,United Kingdom,51.450363,-2.600511,2016,3.0,True,False,True,False,True,True,False,False,False,True,False,True,False,False,3,2,7,True,False,True,False,2.0,True,6.122003,False,2019-06-24,2023-04-19,Venture - Series Unknown,2019,16.5,False,False,True,True,3.9,0.8,True,True,False,False,True,False,False,False,False,False,False,False,0,0,False,False,False,False,False,False,False,False,False,False,False,False,False,False,False,5,1.0,True,True,False,True,True,False,False,False,False,False,False,True,True,36,1,True,42,6,0.1428571428571428,0.1335313926245225,0.09861106188293778,1.0637339897340254,0.1701966800850627,2.5414124376649996,0.1701966800850627,0.9663771333536904,2.5414124376649996,0.1701966800850627,1.3558045588750312,2.5414124376649996,1.2961508511199478,0.0,2.4176395465831804,3.0,0.0,0.0687619531421999,0,0,0,0,0,0,0,1.97,8.006700845440367,False,False,True,False,True,True,,,2.4000000000000057,7.0
13686,Grid Edge,https://www.crunchbase.com/organization/grid-edge,United Kingdom,52.4494246,-1.9305743,2016,3.0,True,False,True,False,True,False,False,False,False,True,False,True,False,False,1,1,1,False,True,False,True,1.0,True,0.256061,True,2017-08-23,2017-08-23,Venture - Series Unknown,2017,17.0,False,False,True,True,10.0,8.0,False,False,False,False,False,False,False,False,False,False,False,False,0,0,False,False,False,False,False,False,False,False,False,False,False,False,False,False,False,0,0.0,False,False,False,False,False,True,True,True,True,False,False,False,False,27,1,True,32,2,0.0625,0.0606246218164348,0.09013888067316496,8.473415679575504,8.473415679575504,8.473415679575504,0.0,0.0,0.0,8.473415679575504,8.473415679575504,8.473415679575504,0.0,0.0,0.0,0.0,0.0,0.0,0,0,0,0,0,0,0,1.97,7.696667081526462,False,False,True,False,True,True,,,1.2000000000000028,6.400000000000006
1606,ClevAir,https://www.crunchbase.com/organization/smart-plants,Norway,58.9699675,5.7318101,2016,2.0,True,False,True,False,True,False,False,False,False,True,False,True,True,False,1,1,1,False,True,False,False,0.0,False,0.65,False,2017-07-31,2017-07-31,Seed,2017,94.0,False,,True,,0.0,4.0,True,,False,,True,,False,,False,,False,,0,0,False,,False,False,,False,,False,,False,,False,,False,,1,,True,,True,True,,False,False,False,False,False,False,True,True,15,0,False,4,0,0.0,0.0,0.3017902841292199,0.3058328175538439,0.3058328175538439,0.3058328175538439,0.3058328175538439,0.3058328175538439,0.3058328175538439,0.0,0.0,0.0,0.0,0.0,0.0,0.0,0.0,0.0,0,0,0,0,1,1,1,1.97,4.330733340286331,False,False,False,False,False,False,,,0.0,0.0
13710,Rovco,https://www.crunchbase.com/organization/rovco,United Kingdom,51.450363,-2.600511,2016,3.0,True,False,True,False,True,True,False,False,False,True,False,True,False,True,1,2,5,False,False,True,False,0.0,False,3.19699,False,2017-10-07,2018-05-14,Series B,2017,46.0,False,,True,,8.2,6.0,True,,False,,True,,True,,False,,False,,0,0,False,,False,False,,False,,False,,False,,False,,False,,4,,True,,False,True,,True,True,True,False,False,False,True,False,36,1,True,42,5,0.119047619047619,0.1124779834266902,0.09861106188293778,1.24440810895997,0.1701966800850627,5.5066026200077065,0.1701966800850627,1.24440810895997,5.5066026200077065,0.0,0.0,0.0,2.290760577826563,0.0,5.667549164000746,2.0,0.0,0.0402231640645322,0,0,0,0,0,0,0,1.97,7.696667081526462,True,False,True,True,True,True,2024-09-16,8.0,2.4000000000000057,7.0
13712,Cheeky Panda,https://www.crunchbase.com/organization/the-cheeky-panda,United Kingdom,51.4893335,-0.1440551,2016,2.0,False,True,False,False,True,True,False,False,False,False,False,True,False,False,4,1,1,False,True,False,False,0.0,False,0.0,True,2020-06-12,2020-06-12,Equity Crowdfunding,2020,12.0,True,,False,,1.0,0.0,True,,False,,False,,False,,False,,False,,1,0,True,,True,True,,True,,True,,True,,True,,True,,1,,True,,True,True,,False,False,False,False,False,False,True,True,1939,5,True,1645,419,0.2547112462006079,0.2269054634019811,0.004639509600861782,0.0,0.0,0.0,0.0,0.0,0.0,0.0,0.0,0.0,0.0,0.0,0.0,0.0,0.0,0.0,0,0,0,0,0,0,0,1.97,7.901377353792616,False,False,False,False,False,False,,,45.0,65.0
13870,OXTO Energy,https://www.crunchbase.com/organization/oxto-energy,United Kingdom,51.2356068,-0.5732063,2016,1.0,True,False,True,True,False,False,False,False,False,False,False,True,False,False,2,2,2,False,False,False,False,0.0,False,0.0,True,2018-05-04,2022-06-09,Seed,2018,87.5,False,,True,,2.5,1.5,False,,False,,True,,True,,True,,False,,0,0,False,,False,False,,False,,False,,False,,False,,False,,0,,False,,False,False,,True,True,True,False,False,False,False,False,1931,0,False,12,3,0.25,0.2231435513142097,0.04566179261324702,11.640511550534537,6.33944939355877,16.9415737075103,6.33944939355877,11.640511550534537,16.9415737075103,0.0,0.0,0.0,15.573151178913346,15.573151178913346,15.573151178913346,0.0,0.0,0.0,0,0,0,0,0,0,0,1.97,7.696667081526462,False,False,False,False,False,False,,,13.0,15.0
13890,GROUNDED,https://www.crunchbase.com/organization/grounded,United Kingdom,51.4893335,-0.1440551,2016,1.0,False,True,False,False,False,False,True,False,False,False,False,True,False,False,3,3,5,True,False,True,False,1.0,True,0.94,False,2019-01-10,2022-12-09,Venture - Series Unknown,2019,154.83333333333334,False,False,True,True,7.8,6.5,True,False,True,False,True,False,False,False,False,False,False,False,0,0,False,False,False,False,False,False,False,False,False,False,False,False,False,False,False,1,0.0,True,False,False,True,True,True,True,True,False,True,False,True,False,1939,5,True,1645,419,0.2547112462006079,0.2269054634019811,0.004639509600861782,6.365153873461789,0.16007841429695,16.905322508871333,0.16007841429695,7.482939311803783,16.905322508871333,0.7762266817518254,0.7762266817518254,0.7762266817518254,9.512840195240233,0.0,16.932347521346962,10.0,1.0,0.2328462036319224,1,0,0,0,0,0,0,1.97,8.006700845440367,False,False,True,False,True,True,,,45.0,65.0
13840,Carbogenics,https://www.crunchbase.com/organization/carbogenics,United Kingdom,55.9519018,-3.1904199,2016,3.0,True,False,True,False,True,False,False,False,False,False,False,True,False,False,3,3,6,True,False,False,False,2.0,True,1.840593,False,2019-11-22,2023-09-26,Venture - Series Unknown,2019,229.5,True,False,True,True,27.2,18.3,True,True,True,False,False,False,False,False,False,False,False,False,1,0,True,False,False,True,False,True,False,True,False,True,False,True,False,True,False,5,2.0,True,True,False,True,True,True,True,False,False,False,False,True,False,45,1,True,41,8,0.1951219512195122,0.1782482314063188,0.28153747747239416,1.1107376852128084,0.0,5.341649761561895,0.0,1.474941425333985,5.341649761561895,0.22962203056775976,0.3823302049704556,0.5350383793731515,2.0521726536543388,0.06681944536470315,5.712316248406614,20.0,9.0,0.4449717788131038,1,0,0,0,1,1,1,1.97,8.006700845440367,False,False,True,False,True,True,,,9.0,13.0
13823,Airex,https://www.crunchbase.com/organization/airex,United Kingdom,51.4893335,-0.1440551,2016,2.0,True,True,True,False,False,True,False,False,False,True,False,True,True,True,1,2,2,True,False,True,False,1.0,True,0.641446,False,2017-11-22,2019-09-11,Series A,2017,31.5,True,True,False,False,6.0,2.5,True,True,False,False,True,False,False,False,False,False,False,False,2,1,True,True,True,True,True,True,True,True,True,True,True,True,True,True,True,2,1.0,True,True,True,True,True,False,False,False,False,False,False,True,True,1939,5,True,1645,419,0.2547112462006079,0.2269054634019811,0.004639509600861782,0.0,0.0,0.0,0.0,0.0,0.0,0.0,0.0,0.0,0.0,0.0,0.0,6.0,1.0,0.1880081363765889,1,0,0,0,0,0,0,1.97,7.696667081526462,False,False,True,False,True,True,,,45.0,65.0
7810,Alternative Plants,https://www.crunchbase.com/organization/alternative-plants,Latvia,56.9222396,23.9726434,2017,2.0,False,False,False,False,True,True,True,True,False,False,False,True,False,False,0,3,3,True,False,True,False,1.0,True,0.593619,False,2017-04-03,2022-05-27,Seed,2017,49.333333333333336,True,False,True,True,13.2,33.2,True,True,True,True,True,True,False,False,False,False,False,False,2,0,True,False,False,True,False,True,False,True,False,True,False,True,False,True,False,2,0.0,True,False,False,True,False,True,True,True,False,False,False,True,False,19,0,False,42,6,0.1428571428571428,0.1335313926245225,0.2832932137158386,3.060871131557137,0.0,6.817226920489354,0.0,2.1217821843240827,6.817226920489354,6.817226920489354,6.817226920489354,6.817226920489354,4.188497961177787,0.0,6.817226920489354,10.0,1.0,0.2328462036319224,1,0,0,0,0,0,1,2.84,2.272125885509337,False,False,False,False,False,False,,,2.0,10.0
7931,Enpal,https://www.crunchbase.com/organization/enpal,Germany,52.510885,13.3989367,2017,3.0,True,True,True,True,True,False,False,False,False,False,False,True,False,False,0,2,1,False,True,True,True,1.0,True,0.0,True,2017-07-25,2018-07-20,Venture - Series Unknown,2017,173.0,False,False,True,True,2.5,15.0,False,False,True,True,False,False,False,False,False,False,False,False,0,0,False,False,False,False,False,False,False,False,False,False,False,False,False,False,False,2,2.0,True,True,True,True,True,False,False,False,False,True,True,True,True,539,3,True,582,224,0.3848797250859107,0.3256132947751904,0.0,0.503232713780143,0.503232713780143,0.503232713780143,0.0,0.0,0.0,0.503232713780143,0.503232713780143,0.503232713780143,0.0,0.0,0.0,7.0,2.0,0.2385349642571501,1,0,0,0,0,0,0,2.84,7.244941546337007,False,True,True,True,True,True,,,18.800000000000068,29.0
4643,Fishtripr,https://www.crunchbase.com/organization/fishtripr,Belgium,50.8465573,4.351697,2017,3.0,False,True,False,True,False,True,False,False,False,False,False,True,False,False,2,1,4,False,False,False,False,0.0,False,0.859154,False,2019-02-11,2019-02-11,Seed,2019,210.25,True,,True,,5.7,30.8,False,,True,,True,,False,,True,,False,,0,0,False,,False,True,,True,,True,,False,,False,,False,,2,,True,,False,True,,False,False,False,False,False,False,True,True,184,0,False,59,8,0.135593220338983,0.1271551754852465,0.0,0.1339054905622082,0.048803690478805825,0.26406959986596473,0.048803690478805825,0.1339054905622082,0.26406959986596473,0.0,0.0,0.0,0.206413219646474,0.08392570334804395,0.30553436676439133,36.0,4.0,0.4374287603114363,1,0,1,0,1,1,1,2.84,5.993961427306569,False,False,False,False,False,False,,,4.0,18.80000000000001
11640,TechMet,https://www.crunchbase.com/organization/techmet-limited,Ireland,53.3436671,-6.2544366,2017,1.0,True,True,True,True,False,False,False,False,False,False,False,True,False,False,1,3,2,True,False,False,False,1.0,True,1.5,False,2018-06-01,2020-10-01,Private Equity,2018,11.666666666666666,False,False,True,True,16.3,2.0,False,False,False,False,False,False,True,False,True,False,False,False,0,0,False,False,False,False,False,False,False,False,False,False,False,False,False,False,False,0,0.0,False,False,False,False,False,True,True,True,False,False,False,False,False,100,0,False,153,37,0.2418300653594771,0.2165861507680506,0.0007540886496293537,6.176474578364326,5.919921321628515,6.689581091835945,5.919921321628515,6.304751206732229,6.689581091835945,5.919921321628515,5.919921321628515,5.919921321628515,8.402457251633697,0.0,12.603685877450546,0.0,0.0,0.0,0,0,0,0,0,0,0,2.84,5.707110264748875,False,True,True,True,True,True,,,21.0,60.0
1623,Think Outside,https://www.crunchbase.com/organization/think-outside-496e,Norway,60.39299,5.32415,2017,3.0,False,False,True,False,False,True,False,False,False,True,False,True,False,True,1,4,4,False,False,False,False,4.0,True,0.22,True,2018-12-06,2021-02-09,Seed,2018,49.0,False,False,True,True,6.0,137.2,False,False,True,True,True,True,False,False,False,False,True,True,0,0,False,False,False,False,False,False,False,False,False,False,False,False,False,False,False,0,0.0,False,False,False,True,True,True,True,True,False,False,False,True,False,7,0,False,6,2,0.3333333333333333,0.2876820724517809,0.30427361317826307,3.753888476859291,1.07762620484318,7.204307344695516,0.0,0.0,0.0,1.07762620484318,3.753888476859291,7.204307344695516,5.214041369494408,0.5388457224376022,7.986986508483883,0.0,0.0,0.0,0,0,0,0,1,1,1,2.84,4.61512051684126,True,False,False,True,True,True,2022-11-08,5.0,0.0,0.0
5358,CEVAP Technology,https://www.crunchbase.com/organization/cevap-technology,The Netherlands,51.4392648,5.478633,2017,2.0,True,False,True,False,True,False,True,True,False,False,False,True,False,False,0,1,1,False,True,False,False,0.0,False,0.0,True,2017-03-07,2017-03-07,Seed,2017,40.0,False,,True,,8.0,2.0,True,,True,,False,,False,,False,,False,,0,0,False,,False,False,,False,,False,,False,,False,,False,,1,,True,,True,True,,False,False,False,False,False,False,True,True,31,1,True,23,4,0.1739130434782608,0.1603426500751793,0.1025854152192535,0.10500463728541412,0.10500463728541412,0.10500463728541412,0.10500463728541412,0.10500463728541412,0.10500463728541412,0.0,0.0,0.0,0.0,0.0,0.0,0.0,0.0,0.0,0,0,0,0,0,0,0,2.84,5.993961427306569,False,False,False,False,False,False,,,1.400000000000002,9.0
3241,MYCOPHYTO,https://www.crunchbase.com/organization/mycophyto,France,43.641141,7.0086255,2017,1.0,True,False,False,False,True,False,True,True,False,False,False,True,False,False,2,1,6,True,False,False,False,5.0,True,1.53319,False,2019-09-25,2019-09-25,Venture - Series Unknown,2019,13.166666666666666,True,True,True,True,6.0,0.8,False,False,False,False,True,False,False,False,False,False,False,False,1,1,True,True,False,True,True,True,True,True,True,True,True,True,True,True,True,4,4.0,True,True,False,False,False,True,True,True,False,False,False,True,False,12,0,False,9,1,0.1111111111111111,0.1053605156578263,0.26636049077673396,1.750962035570201,0.004226338139246888,8.539323597677166,1.6874588792452552,1.6874588792452552,1.6874588792452552,0.004226338139246888,1.7636626668351896,8.539323597677166,3.26645320417013,0.048321511299048055,8.543548181998805,0.0,0.0,0.0,0,0,0,0,1,1,0,2.84,7.378383712996715,False,False,True,False,True,True,,,0.0,2.8000000000000007
5971,FleetFox,https://www.crunchbase.com/organization/upsteam,Estonia,59.4372155,24.7453688,2017,5.0,True,True,False,False,True,True,False,False,False,False,False,True,True,True,1,1,5,True,False,True,False,3.0,True,1.253138,False,2018-09-18,2018-09-18,Seed,2018,19.4,True,True,True,False,5.0,1.8,False,False,True,True,False,False,False,False,False,False,False,False,3,3,True,True,False,True,True,True,True,True,True,True,True,True,True,True,True,3,3.0,True,True,False,True,True,False,False,False,False,False,False,True,True,102,0,False,91,9,0.0989010989010989,0.0943106794712413,0.0,0.4463590659291276,0.0,1.7854362637165104,1.7854362637165104,1.7854362637165104,1.7854362637165104,0.0,0.0,0.0,0.8927181318582552,0.0,1.7854362637165104,4.0,0.0,0.0908983577180024,0,0,0,0,0,0,0,2.84,3.66612246699132,False,False,False,False,False,False,,,19.0,50.0
4602,Shayp,https://www.crunchbase.com/organization/shayp,Belgium,50.8465573,4.351697,2017,3.0,True,True,False,True,False,False,False,False,True,True,False,True,True,False,3,1,3,True,False,False,False,1.0,True,2.307587,False,2020-12-03,2020-12-03,Seed,2020,15.333333333333334,True,False,True,True,12.7,0.7,False,False,False,False,False,False,False,False,False,False,False,False,1,0,True,False,False,True,False,True,False,True,False,True,False,True,False,True,False,2,0.0,True,False,False,True,True,False,False,False,False,True,False,True,True,184,0,False,59,8,0.135593220338983,0.1271551754852465,0.0,0.23381196203478818,0.0,0.6501638269462,0.0,0.025636029579082297,0.05127205915816459,0.6501638269462,0.6501638269462,0.6501638269462,0.4648725841126118,0.05127205915816459,0.6931818662334706,0.0,0.0,0.0,0,0,0,0,0,0,0,2.84,6.2166061010848646,False,False,False,False,False,False,,,4.0,18.80000000000001
5935,Hepta Insights,https://www.crunchbase.com/organization/hepta-group-airborne-ltd,Estonia,59.4372155,24.7453688,2017,3.0,True,True,False,False,True,True,False,False,False,True,False,True,False,False,2,3,7,True,False,False,False,3.0,True,3.144222,False,2019-06-07,2022-10-01,Venture - Series Unknown,2019,37.9,True,False,True,True,6.9,1.7,True,True,False,False,True,True,False,False,False,False,False,False,2,0,True,False,False,True,False,True,False,True,False,True,False,True,False,True,False,2,0.0,True,False,False,True,False,True,True,True,False,False,False,True,False,102,0,False,91,9,0.0989010989010989,0.0943106794712413,0.0,1.380773637964839,0.0,8.355734895037948,0.0,1.5517378924835983,8.355734895037948,0.529189015945934,0.9818570440877336,1.4970026393912623,2.2764588424535575,0.0,8.920091639579802,4.0,4.0,0.2388768829477851,1,0,0,0,0,0,0,2.84,3.616308761279101,False,False,True,False,True,True,,,19.0,50.0
5055,SolarCreed,https://www.crunchbase.com/organization/solarcreed,The Netherlands,52.3730796,4.8924534,2017,2.0,True,True,True,True,True,True,False,False,False,True,True,True,False,False,0,2,2,False,False,True,False,2.0,True,0.31,True,2017-09-01,2018-02-01,Seed,2017,110.5,True,True,False,False,5.5,6.5,True,True,True,True,True,True,False,False,False,False,False,False,2,2,True,True,True,True,True,True,True,True,True,True,True,True,True,True,True,2,2.0,True,True,True,True,True,False,False,False,False,False,False,True,True,337,1,True,228,51,0.2236842105263158,0.2018661528669248,0.0,0.0,0.0,0.0,0.0,0.0,0.0,0.0,0.0,0.0,0.0,0.0,0.0,55.0,7.0,0.521755759632668,1,1,1,0,0,1,1,2.84,5.993961427306569,False,False,False,False,False,False,,,6.0,14.0
21152,Nordsense,https://www.crunchbase.com/organization/nordsense,Denmark,55.6867243,12.5700724,2017,2.0,True,True,False,False,False,False,False,False,False,True,False,True,False,True,0,2,7,True,False,False,False,3.0,True,4.225,False,2017-05-15,2018-06-01,Venture - Series Unknown,2017,26.25,False,False,True,True,19.2,130.1,False,False,True,True,False,False,False,False,True,True,False,False,0,0,False,False,False,False,False,False,False,False,False,False,False,False,False,False,False,0,0.0,False,False,False,False,False,True,True,True,True,False,False,False,False,234,2,True,175,43,0.2457142857142857,0.2197090888655749,0.0,8.835730795604572,8.783078012371726,9.021745803984324,8.783078012371726,8.820687143252329,9.021745803984324,8.783078012371726,8.870832651093135,9.021745803984324,0.16606192611894535,0.0,0.4459526996999351,0.0,0.0,0.0,0,0,0,0,0,0,0,2.84,4.804840381116659,False,False,True,False,True,True,,,14.400000000000006,35.0
21142,WasteHero,https://www.crunchbase.com/organization/wastehero,Denmark,55.6867243,12.5700724,2017,3.0,True,True,False,False,True,False,False,False,False,True,False,True,False,False,3,1,3,True,False,False,False,1.0,True,5.8,False,2020-09-22,2020-09-22,Seed,2020,51.333333333333336,False,False,True,True,4.7,6.3,True,True,True,True,False,False,True,False,False,False,False,False,0,0,False,False,False,False,False,False,False,False,False,False,False,False,False,False,False,1,0.0,True,False,False,False,False,True,True,True,False,True,False,True,False,234,2,True,175,43,0.2457142857142857,0.2197090888655749,0.0,3.321372463618964,0.1776170991160385,8.783078012371726,0.1776170991160385,4.480347555743882,8.783078012371726,1.0034222793691285,1.0034222793691285,1.0034222793691285,6.355230603629342,1.0501749780849199,9.391585911671621,0.0,0.0,0.0,0,0,0,0,0,0,0,2.84,5.707110264748875,False,False,False,False,False,False,,,14.400000000000006,35.0
6929,RatedPower,https://www.crunchbase.com/organization/ratedpower,Spain,40.4237276,-3.6899043,2017,3.0,True,True,True,True,False,False,False,False,False,True,False,True,False,False,1,1,1,False,True,False,True,1.0,True,0.02,True,2018-09-10,2018-09-10,Series A,2018,0.0,False,False,True,True,12.0,545.0,False,False,True,True,True,True,False,False,False,False,False,False,0,0,False,False,False,False,False,False,False,False,False,False,False,False,False,False,False,0,0.0,False,False,False,False,False,True,True,True,True,False,False,False,False,248,2,True,219,38,0.1735159817351598,0.1600043550787189,0.0013966316113990815,8.067062198915803,8.067062198915803,8.067062198915803,0.0,0.0,0.0,8.067062198915803,8.067062198915803,8.067062198915803,0.0,0.0,0.0,4.0,1.0,0.154629239632742,0,0,0,0,0,0,0,2.84,6.2166061010848646,True,False,True,True,True,True,2022-09-14,5.0,8.0,14.0
3435,Dipli,https://www.crunchbase.com/organization/agora-place,France,48.8534951,2.3483915,2017,2.0,True,True,False,False,True,True,False,False,False,True,False,True,False,True,1,1,1,False,True,False,True,1.0,True,0.743483,False,2018-01-25,2018-01-25,Venture - Series Unknown,2018,158.0,True,True,False,False,10.0,34.0,False,False,True,True,False,False,False,False,False,False,False,False,1,1,True,True,True,True,True,True,True,True,True,True,True,True,True,True,True,1,1.0,True,True,True,True,True,False,False,False,False,False,False,True,True,841,4,True,589,200,0.3395585738539898,0.2923401371942875,0.0006205248203236772,0.0,0.0,0.0,0.0,0.0,0.0,0.0,0.0,0.0,0.0,0.0,0.0,10.0,5.0,0.3338572616046727,1,0,0,0,0,0,0,2.84,7.0909098220799835,False,False,True,False,True,True,,,28.0,37.0
6980,X1 Wind,https://www.crunchbase.com/organization/x1-wind,Spain,41.3825802,2.177073,2017,2.0,True,True,True,False,True,False,False,False,False,False,False,True,False,False,2,1,2,True,False,False,False,1.0,True,4.491899,False,2019-03-28,2019-03-28,Seed,2019,427.0,False,False,True,True,55.0,27.0,False,False,True,False,True,False,False,False,False,False,False,False,0,0,False,False,False,False,False,False,False,False,False,False,False,False,False,False,False,0,0.0,False,False,False,True,True,False,False,False,False,False,False,True,True,256,2,True,267,62,0.2322097378277153,0.2088090923651223,0.0,1.0654846400888136,1.0654846400888136,1.0654846400888136,1.0654846400888136,1.0654846400888136,1.0654846400888136,1.0654846400888136,1.0654846400888136,1.0654846400888136,0.0,0.0,0.0,1.0,0.0,0.0,0,0,0,0,0,0,0,2.84,5.993961427306569,False,False,False,False,False,False,,,11.0,15.600000000000025
6936,Flexidao,https://www.crunchbase.com/organization/flexidao,Spain,41.3825802,2.177073,2017,2.0,True,True,True,False,False,False,False,False,False,True,False,True,False,False,2,1,3,True,False,False,False,1.0,True,1.104975,False,2019-09-10,2019-09-10,Venture - Series Unknown,2019,75.66666666666667,False,False,True,True,9.0,6.3,True,True,True,True,True,False,False,False,False,False,False,False,0,0,False,False,False,False,False,False,False,False,False,False,False,False,False,False,False,0,0.0,False,False,False,True,True,False,False,False,False,True,False,True,True,256,2,True,267,62,0.2322097378277153,0.2088090923651223,0.0,1.18829301241183,1.146227825118061,1.23915799528417,1.146227825118061,1.16286052097566,1.1794932168332588,1.23915799528417,1.23915799528417,1.23915799528417,0.13184240732736616,0.10654313103807335,0.17763477524829602,2.0,0.0,0.0402231640645322,0,0,0,0,0,0,0,2.84,5.993961427306569,False,False,True,False,True,True,,,11.0,15.600000000000025
4537,Blue Foot Membranes,https://www.crunchbase.com/organization/blue-foot-membranes,Belgium,51.2305657,5.3076895,2017,2.0,True,False,False,False,True,False,False,True,False,False,False,True,False,False,0,1,4,False,False,False,False,0.0,False,2.836664,False,2017-07-05,2017-07-05,Seed,2017,36.5,True,,True,,37.5,8.2,True,,False,,False,,False,,True,,True,,0,0,False,,False,True,,True,,True,,True,,False,,False,,2,,True,,False,True,,True,True,True,False,True,False,True,False,36,0,False,1,0,0.0,0.0,0.07931570759993599,1.8000185457339792,0.03344607349947533,6.585543966399148,0.03344607349947533,1.8000185457339792,6.585543966399148,0.0,0.0,0.0,3.5392249408845204,0.06979532034143146,7.031827714114461,6.0,0.0,0.1242772544618494,0,0,0,0,1,0,0,2.84,5.303304908059076,False,False,False,False,False,False,,,1.6000000000000014,9.0
4469,SmartEnds,https://www.crunchbase.com/organization/brighterbins,Belgium,51.0538286,3.7250121,2017,2.0,True,False,False,True,False,True,False,False,False,True,False,True,True,False,2,2,4,True,False,True,False,2.0,True,1.135447,False,2019-07-31,2020-05-26,Pre-Seed,2019,44.0,True,True,True,True,4.7,2.8,True,True,False,False,True,True,False,False,False,False,False,False,2,1,True,True,False,True,True,True,True,True,True,True,True,True,True,True,True,3,1.0,True,True,False,True,True,False,False,False,False,False,False,True,True,151,1,True,16,7,0.4375,0.3629054936893685,0.04958265241978795,0.2836692858585047,0.0,1.0850944910142308,0.0,0.024791326209893858,0.049582652419787716,0.0,0.5425472455071154,1.0850944910142308,0.5601521917466422,0.0,1.0915588636118156,0.0,0.0,0.0,0,0,0,0,0,0,0,2.84,5.993961427306569,False,False,False,False,False,False,,,2.0,4.0
21471,Lokalist,https://www.crunchbase.com/organization/lokalist-aps,Denmark,55.6867243,12.5700724,2017,2.0,True,True,False,False,False,False,False,False,False,True,False,True,False,False,1,1,1,False,True,True,False,0.0,False,0.07,True,2018-10-04,2018-10-04,Pre-Seed,2018,29.0,False,,True,,0.0,2.0,False,,False,,True,,True,,False,,False,,0,0,False,,False,False,,False,,False,,False,,False,,False,,0,,False,,False,False,,False,False,False,False,False,False,True,True,234,2,True,175,43,0.2457142857142857,0.2197090888655749,0.0,0.7158068860780711,0.7158068860780711,0.7158068860780711,0.7158068860780711,0.7158068860780711,0.7158068860780711,0.0,0.0,0.0,0.0,0.0,0.0,0.0,0.0,0.0,0,0,0,0,0,0,0,2.84,5.707110264748875,False,False,False,False,False,False,,,14.400000000000006,35.0
13443,Adgero,https://www.crunchbase.com/organization/adgero,United Kingdom,50.7952074,-1.1210853,2017,4.0,True,False,True,False,True,False,False,False,False,False,False,True,False,False,0,2,2,True,False,True,False,1.0,True,0.290796,True,2017-06-01,2021-01-23,Seed,2017,160.0,False,False,True,True,5.5,3.0,False,False,True,False,True,True,False,False,False,False,False,False,0,0,False,False,False,False,False,False,False,False,False,False,False,False,False,False,False,0,0.0,False,False,False,False,False,True,True,True,False,False,False,False,False,12,0,False,1,0,0.0,0.0,0.1068164146481915,7.15274632037196,5.533183801101587,8.772308839642333,8.772308839642333,8.772308839642333,8.772308839642333,5.533183801101587,5.533183801101587,5.533183801101587,13.410334086727842,13.410334086727842,13.410334086727842,0.0,0.0,0.0,0,0,0,0,1,1,0,2.84,7.696667081526462,False,False,False,False,False,False,,,0.0,1.0
13449,PowerMarket,https://www.crunchbase.com/organization/powermarket-2,United Kingdom,51.7520131,-1.2578499,2017,3.0,True,True,True,True,False,False,False,False,False,True,False,True,True,True,3,2,7,True,False,True,False,2.0,True,0.12,True,2020-01-27,2020-07-05,Pre-Seed,2020,41.166666666666664,True,True,True,True,8.5,81.1,False,False,True,True,True,True,True,True,True,True,False,False,0,0,False,False,False,True,True,False,False,False,False,False,False,False,False,False,False,4,1.0,True,True,False,True,True,True,True,True,False,False,False,True,False,65,1,True,65,25,0.3846153846153846,0.3254224004346279,0.0,1.4631517400693292,0.08225276663828812,7.454016812636608,0.08225276663828812,0.3106602152852697,0.9958825612262144,0.08225276663828812,3.768134789637448,7.454016812636608,2.8172317553584176,0.0,8.438299151198482,2.0,0.0,0.0402231640645322,0,0,0,0,0,0,0,2.84,7.901377353792616,False,False,False,False,False,False,,,6.6000000000000085,28.40000000000003
13485,Look After My Bills,https://www.crunchbase.com/organization/look-after-my-bills,United Kingdom,53.3299162,-2.2508629,2017,2.0,False,True,True,False,False,False,False,False,False,True,False,True,False,False,1,1,2,True,False,True,False,1.0,True,0.12,True,2018-01-04,2018-01-04,Series A,2018,6.0,False,False,True,True,10.0,320.5,False,False,True,True,True,True,False,False,True,False,False,False,0,0,False,False,False,False,False,False,False,False,False,False,False,False,False,False,False,0,0.0,False,False,False,False,False,True,True,True,False,False,False,False,False,63,1,True,16,2,0.125,0.1177830356563834,0.016636123077274342,7.588979652115122,6.786860006884222,8.391099297346022,6.786860006884222,6.786860006884222,6.786860006884222,8.391099297346022,8.391099297346022,8.391099297346022,1.6453373703736622,1.6453373703736622,1.6453373703736622,0.0,0.0,0.0,0,0,0,0,0,0,0,2.84,7.696667081526462,True,False,True,True,True,True,2019-07-25,2.0,3.0,7.0
13414,Ichthion,https://www.crunchbase.com/organization/remora-marine-limited,United Kingdom,51.4893335,-0.1440551,2017,2.0,True,True,True,False,True,False,False,False,False,False,False,True,False,False,2,3,4,True,False,True,False,3.0,True,1.885288,False,2019-01-01,2021-01-01,Seed,2019,56.0,True,True,True,True,8.8,5.2,True,True,True,False,True,True,False,False,False,False,False,False,2,2,True,True,False,True,True,True,True,True,True,True,True,True,True,True,True,2,2.0,True,True,False,True,True,True,True,True,False,False,False,True,False,1939,5,True,1934,474,0.2450879007238883,0.219206130415472,0.004639509600861782,2.4446390665811477,0.0,8.616713337577476,8.616713337577476,8.616713337577476,8.616713337577476,0.0,0.3872809762490381,1.1618429287471144,4.648517821345775,0.0,8.616713337577476,39.0,7.0,0.488376862888821,1,1,1,0,0,0,0,2.84,8.006700845440367,False,False,False,False,False,False,,,45.0,65.0
13424,Odqa Renewable Energy Technologies,https://www.crunchbase.com/organization/odqa-renewable-energy-technologies,United Kingdom,51.7520131,-1.2578499,2017,2.0,True,True,True,False,True,False,False,False,False,False,False,True,False,False,1,1,1,False,True,False,True,1.0,True,0.570648,False,2018-02-01,2018-02-01,Seed,2018,86.0,True,True,False,False,3.0,14.0,True,True,False,False,False,False,False,False,False,False,False,False,1,1,True,True,True,True,True,True,True,True,True,True,True,True,True,True,True,1,1.0,True,True,True,True,True,False,False,False,False,False,False,True,True,65,1,True,65,25,0.3846153846153846,0.3254224004346279,0.0,0.0,0.0,0.0,0.0,0.0,0.0,0.0,0.0,0.0,0.0,0.0,0.0,30.0,13.0,0.5145443483550378,1,1,1,1,1,1,1,2.84,7.696667081526462,False,False,False,False,False,False,,,6.6000000000000085,28.40000000000003
13390,WATR,https://www.crunchbase.com/organization/watr,United Kingdom,52.6285576,1.2923954,2017,2.0,True,False,True,True,True,False,False,False,False,False,False,True,False,False,1,3,4,False,False,True,False,0.0,False,0.594073,False,2018-05-10,2022-01-05,Seed,2018,216.25,True,,True,,9.2,8.2,False,,True,,True,,True,,False,,False,,2,0,True,,False,True,,True,,True,,True,,True,,True,,2,,True,,False,False,,True,True,False,False,False,False,True,False,8,0,False,9,1,0.1111111111111111,0.1053605156578263,0.09245881349671337,6.563520703135471,0.0,16.77646068214021,0.0,6.563520703135471,16.77646068214021,0.0,0.0,0.0,9.987631062745569,0.0,16.77646068214021,5.0,0.0,0.1089851172067322,0,0,0,0,1,0,1,2.84,7.696667081526462,False,False,False,False,False,False,,,7.0,4.2
13399,ZuBlu,https://www.crunchbase.com/organization/zublu,United Kingdom,50.3514839,-3.583844,2017,2.0,False,False,False,False,False,True,False,False,False,False,False,True,False,False,3,2,3,True,False,True,False,1.0,True,1.47,False,2020-04-28,2021-04-01,Seed,2020,188.25,False,False,True,True,12.3,38.2,True,False,False,False,False,False,True,False,True,True,False,False,0,0,False,False,False,False,False,False,False,False,False,False,False,False,False,False,False,0,0.0,False,False,False,False,False,True,True,False,False,False,False,False,False,6,0,False,2,0,0.0,0.0,0.22511488449172098,10.814964304836536,9.898570421040196,11.120428932768649,9.898570421040196,10.713142762192497,11.120428932768649,11.120428932768649,11.120428932768649,11.120428932768649,1.2933940007550946,0.0,2.586788001510189,0.0,0.0,0.0,0,0,0,0,1,1,1,2.84,7.901377353792616,False,False,False,False,False,False,,,0.0,0.0
13632,Dai,https://www.crunchbase.com/organization/dai-6a98,United Kingdom,51.4893335,-0.1440551,2017,1.0,False,True,False,False,True,True,False,False,False,False,False,True,False,False,3,1,1,False,True,False,False,0.0,False,0.0,True,2020-03-30,2020-03-30,Seed,2020,112.0,True,,False,,5.0,14.0,False,,False,,False,,True,,True,,False,,1,0,True,,True,True,,True,,True,,True,,True,,True,,1,,True,,True,True,,False,False,False,False,False,False,True,True,1939,5,True,1934,474,0.2450879007238883,0.219206130415472,0.004639509600861782,0.0,0.0,0.0,0.0,0.0,0.0,0.0,0.0,0.0,0.0,0.0,0.0,24.0,11.0,0.4790314903804342,1,1,1,0,0,0,0,2.84,7.901377353792616,False,False,False,False,False,False,,,45.0,65.0
13615,Funder Inc.,https://www.crunchbase.com/organization/matchplus,United Kingdom,51.4893335,-0.1440551,2017,3.0,False,True,False,False,True,True,False,False,False,False,True,True,False,True,1,1,1,False,True,False,False,0.0,False,0.0,True,2018-12-05,2018-12-05,Seed,2018,56.0,True,,False,,7.0,10.0,False,,False,,False,,False,,True,,False,,1,0,True,,True,True,,True,,True,,True,,True,,True,,1,,True,,True,True,,False,False,False,False,False,False,True,True,1939,5,True,1934,473,0.2445708376421923,0.2187907617698322,0.004639509600861782,0.0,0.0,0.0,0.0,0.0,0.0,0.0,0.0,0.0,0.0,0.0,0.0,14.0,10.0,0.4203561029042245,1,0,0,0,0,0,0,2.84,7.696667081526462,True,False,False,True,True,True,2023-09-01,6.0,45.0,65.0
13548,Epic Impact,https://www.crunchbase.com/organization/epic-impact,United Kingdom,51.450363,-2.600511,2017,2.0,False,False,False,False,True,True,False,False,False,False,True,True,False,True,1,3,19,True,False,True,False,2.0,True,0.718688,False,2018-06-01,2021-03-01,Seed,2018,22.863636363636363,False,False,True,True,7.3,0.9,True,False,False,False,True,False,True,False,False,False,False,False,0,0,False,False,False,False,False,False,False,False,False,False,False,False,False,False,False,9,2.0,True,True,False,True,True,True,True,False,False,True,False,True,False,36,1,True,50,8,0.16,0.1484200051182732,0.09861106188293778,4.275203689168693,0.1701966800850627,17.06941934922005,0.1701966800850627,4.906743229027713,17.06941934922005,0.1701966800850627,0.1701966800850627,0.1701966800850627,6.164923537601638,0.0,16.974967682261894,0.0,0.0,0.0,0,0,0,0,0,0,0,2.84,7.696667081526462,False,False,False,False,False,False,,,2.4000000000000057,7.0
13606,EMSOL,https://www.crunchbase.com/organization/emsol,United Kingdom,51.4893335,-0.1440551,2017,1.0,True,True,False,False,True,False,False,False,False,True,False,True,False,False,1,2,2,True,False,False,False,1.0,True,0.0,True,2018-01-01,2018-09-03,Seed,2018,18.0,True,True,False,False,4.0,0.5,False,False,False,False,True,True,False,False,False,False,False,False,2,1,True,True,True,True,True,True,True,True,True,True,True,True,True,True,True,2,1.0,True,True,True,True,True,False,False,False,False,False,False,True,True,1939,5,True,1934,474,0.2450879007238883,0.219206130415472,0.004639509600861782,0.0,0.0,0.0,0.0,0.0,0.0,0.0,0.0,0.0,0.0,0.0,0.0,2.0,0.0,0.0402231640645322,0,0,0,0,0,0,0,2.84,7.696667081526462,False,False,False,False,False,False,,,45.0,65.0
13003,FOROS Green Invest Platform,https://www.crunchbase.com/organization/foros-green-invest,Lithuania,54.6870458,25.2829111,2017,6.0,True,False,False,False,False,False,True,False,True,False,False,True,False,False,3,2,3,True,False,False,False,3.0,True,1.482753,False,2020-08-01,2021-07-05,Seed,2020,26.5,True,True,False,False,2.5,1.8,False,False,True,True,True,True,False,False,False,False,False,False,4,3,True,True,True,True,True,True,True,True,True,True,True,True,True,True,True,4,3.0,True,True,True,False,False,False,False,False,False,False,False,True,True,53,0,False,57,9,0.1578947368421052,0.1466034741918753,0.3931527714736103,0.0,0.0,0.0,0.0,0.0,0.0,0.0,0.0,0.0,0.0,0.0,0.0,15.0,11.0,0.4347586812288292,1,0,0,0,0,1,0,2.84,3.845883202923601,False,False,False,False,False,False,,,8.0,21.0
12916,PVcase,https://www.crunchbase.com/organization/pvcase,Lithuania,54.6870458,25.2829111,2017,2.0,True,False,True,True,False,False,False,False,False,True,False,True,False,True,1,2,3,True,False,True,False,1.0,True,0.862806,False,2018-10-05,2019-02-01,Series B,2018,34.25,True,True,True,False,4.0,1.8,True,False,True,True,True,False,False,False,False,False,False,False,3,1,True,True,False,True,True,True,True,True,True,True,True,True,True,True,True,3,1.0,True,True,False,False,False,False,False,False,False,False,False,True,True,53,0,False,57,8,0.1403508771929824,0.1313360020610869,0.3931527714736103,0.6376247224210142,0.0,2.550498889684057,0.0,0.8501662965613522,2.550498889684057,0.0,0.0,0.0,1.2752494448420284,0.0,2.550498889684057,31.0,5.0,0.4397897524562896,1,0,1,0,0,0,1,2.84,3.66612246699132,False,True,True,True,True,True,,,8.0,21.0
12193,Zaphiro Technologies,https://www.crunchbase.com/organization/zaphiro-technologies,Switzerland,46.5258,6.5621137,2017,3.0,True,True,True,False,False,False,False,False,False,True,False,True,False,False,0,2,2,False,False,True,False,2.0,True,1.495141,False,2017-06-06,2019-03-11,Series A,2017,421.0,True,True,True,True,13.5,36.0,True,True,False,False,False,False,False,False,False,False,False,False,1,1,True,True,False,True,True,True,True,True,True,True,True,True,True,True,True,2,2.0,True,True,True,True,True,False,False,False,False,True,True,True,True,107,1,True,35,7,0.2,0.1823215567939546,0.005418647986290436,0.08899110766876665,0.005418647986290461,0.17256356735124284,0.0,0.0,0.0,0.005418647986290461,0.08899110766876665,0.17256356735124284,0.16841544140987436,0.16841544140987436,0.16841544140987436,8.0,1.0,0.212939163186004,1,0,0,0,0,0,0,2.84,5.707110264748875,False,False,True,False,True,True,,,7.0,13.200000000000005
8526,Plantura,https://www.crunchbase.com/organization/plantura,Germany,48.1371079,11.5753822,2017,3.0,False,True,False,False,False,True,False,False,False,True,False,True,True,False,2,1,2,True,False,False,False,1.0,True,0.0,True,2019-06-06,2019-06-06,Seed,2019,70.5,True,True,True,False,11.5,23.0,False,False,True,True,False,False,False,False,False,False,False,False,1,1,True,True,False,True,True,True,True,True,True,True,True,True,True,True,True,2,1.0,True,True,True,True,True,False,False,False,False,True,True,True,True,304,2,True,174,63,0.3620689655172414,0.3090048419206022,0.0,0.2516163568900715,0.0,0.503232713780143,0.503232713780143,0.503232713780143,0.503232713780143,0.0,0.0,0.0,0.503232713780143,0.503232713780143,0.503232713780143,1.0,0.0,0.0,0,0,0,0,0,0,0,2.84,7.650168700845001,False,False,False,False,False,False,,,5.0,14.0
12471,Gilytics,https://www.crunchbase.com/organization/gilytics,Switzerland,47.3744489,8.5410422,2017,3.0,True,True,True,False,True,False,False,False,False,True,False,True,False,False,3,1,3,False,False,False,False,2.0,True,1.130205,False,2020-12-17,2020-12-17,Seed,2020,224.66666666666663,True,True,True,True,9.0,41.7,False,False,True,True,False,False,False,False,False,False,False,False,1,1,True,True,False,True,True,True,True,True,True,True,True,True,True,True,True,1,1.0,True,True,False,True,True,False,False,False,False,True,True,True,True,321,2,True,110,32,0.2909090909090909,0.2553466918088445,0.0,0.19405466507064145,0.0,0.3881093301412829,0.0,0.0,0.0,0.0,0.19405466507064145,0.3881093301412829,0.3881093301412829,0.3881093301412829,0.3881093301412829,3.0,9.0,0.2804713602867222,1,0,0,0,0,0,0,2.84,6.2166061010848646,False,False,False,False,False,False,,,10.800000000000011,22.80000000000001
8697,ucair,https://www.crunchbase.com/organization/ucair-gmbh,Germany,52.510885,13.3989367,2017,2.0,True,True,True,True,False,True,False,False,False,True,False,True,False,False,0,1,1,False,True,False,False,0.0,False,0.0,True,2017-03-30,2017-03-30,Seed,2017,60.0,True,,False,,0.0,11.0,False,,True,,False,,False,,False,,False,,1,0,True,,True,True,,True,,True,,True,,True,,True,,1,,True,,True,True,,False,False,False,False,True,True,True,True,539,3,True,582,224,0.3848797250859107,0.3256132947751904,0.0,0.0,0.0,0.0,0.0,0.0,0.0,0.0,0.0,0.0,0.0,0.0,0.0,5.0,1.0,0.1727159991214717,1,0,0,0,0,0,0,2.84,7.244941546337007,True,False,False,True,True,True,2020-01-01,3.0,18.800000000000068,29.0
8624,Infrasolid,https://www.crunchbase.com/organization/infrasolid,Germany,51.0493286,13.7381437,2017,3.0,True,False,False,False,True,True,False,True,False,True,False,True,True,False,1,2,4,True,False,True,False,2.0,True,0.0,True,2018-03-28,2018-08-28,Seed,2018,21.166666666666668,True,True,True,True,8.5,2.8,False,False,False,False,False,False,True,True,False,False,False,False,2,0,True,False,False,True,True,True,False,True,False,True,False,True,False,True,False,6,2.0,True,True,True,False,False,False,False,False,False,True,True,True,True,17,0,False,25,3,0.12,0.1133286853070031,0.1208908573177236,0.06658291922580324,0.0,0.10037440672951983,0.0,0.04993718941935243,0.10037440672951983,0.09937435094788988,0.09987437883870486,0.10037440672951983,0.06942181387552986,0.0,0.10037440672951983,11.0,3.0,0.3052088341784112,1,0,0,0,1,1,0,2.84,7.244941546337007,True,False,False,True,True,True,2022-02-25,5.0,2.0,15.0
12218,KITRO,https://www.crunchbase.com/organization/kitro,Switzerland,46.5349093,6.5928442,2017,2.0,True,True,False,False,True,False,True,False,False,True,False,True,False,False,0,2,3,False,False,True,False,0.0,False,0.807232,False,2017-09-09,2018-10-08,Venture - Series Unknown,2017,49.0,False,,True,,6.8,274.8,True,,True,,True,,False,,False,,False,,0,0,False,,False,False,,False,,False,,False,,False,,False,,0,,False,,False,True,,True,True,True,False,True,False,True,False,46,1,True,35,7,0.2,0.1823215567939546,0.0033784471203716724,4.441567888983188,0.4154820699300435,8.2625923561911,0.4154820699300435,4.441567888983188,8.2625923561911,0.0,0.0,0.0,5.606012333952788,0.0,8.41055354107772,0.0,0.0,0.0,0,0,0,0,0,0,0,2.84,5.707110264748875,False,False,True,False,True,True,,,7.0,14.0
12725,CBD Solution,https://www.crunchbase.com/organization/cbd-solution,Switzerland,47.5816927,7.6479737,2017,1.0,True,False,False,False,False,True,True,True,False,False,False,True,False,False,0,1,1,False,True,False,False,0.0,False,0.203245,True,2017-11-30,2017-11-30,Seed,2017,82.0,True,,False,,20.0,5.0,False,,False,,False,,False,,False,,False,,0,0,False,,False,True,,False,,False,,False,,False,,False,,1,,True,,True,True,,False,False,False,False,True,True,True,True,36,0,False,11,3,0.2727272727272727,0.241162056816888,0.07096270749586092,0.0709627074958611,0.0709627074958611,0.0709627074958611,0.0709627074958611,0.0709627074958611,0.0709627074958611,0.0,0.0,0.0,0.0,0.0,0.0,0.0,0.0,0.0,0,0,0,0,1,0,0,2.84,5.707110264748875,False,False,False,False,False,False,,,0.8000000000000007,1.0
13244,Skrap,https://www.crunchbase.com/organization/skrap,United Kingdom,51.4893335,-0.1440551,2017,3.0,True,True,False,False,False,True,False,False,False,True,False,True,True,False,1,4,13,True,False,True,False,1.0,True,4.361093,False,2018-08-31,2021-04-01,Seed,2018,32.94117647058823,True,True,True,False,17.0,4.8,False,False,False,False,False,False,False,False,False,False,False,False,12,1,True,True,False,True,True,True,True,True,True,True,True,True,True,True,True,15,1.0,True,True,False,True,True,True,True,True,False,False,False,True,False,1939,5,True,1934,474,0.2450879007238883,0.219206130415472,0.004639509600861782,0.9316544705146425,0.0,7.6887240419808975,0.0,0.9898828749218076,7.6887240419808975,0.0,0.0,0.0,1.7350552294885597,0.0,7.707421689069832,44.0,83.0,0.7162566189641122,1,1,1,1,0,1,0,2.84,7.696667081526462,False,False,False,False,False,False,,,45.0,65.0
13142,Echion Technologies,https://www.crunchbase.com/organization/echion-technologies,United Kingdom,52.2055314,0.1186637,2017,4.0,True,True,True,False,True,False,False,False,False,False,False,True,False,False,1,1,3,False,False,False,False,0.0,False,1.923003,False,2018-11-23,2018-11-23,Venture - Series Unknown,2018,64.0,True,,True,,6.0,10.7,False,,True,,False,,False,,False,,True,,0,0,False,,False,True,,False,,False,,False,,False,,False,,2,,True,,False,True,,True,True,False,False,False,False,True,False,54,1,True,85,24,0.2823529411764706,0.2486966257388272,0.0,3.662104170490461,0.0816565725707354,10.822999366329912,0.0816565725707354,3.662104170490461,10.822999366329912,0.0,0.0,0.0,7.237941695800568,0.0,10.856912543700851,9.0,4.0,0.3076388360899851,1,0,0,0,0,0,0,2.84,7.696667081526462,False,True,True,True,True,True,,,10.0,17.0
13200,uFraction8,https://www.crunchbase.com/organization/ufraction8,United Kingdom,55.9991959,-3.784376,2017,2.0,True,False,False,False,True,False,False,True,False,False,False,True,False,False,3,2,6,True,False,True,False,2.0,True,3.41674,False,2020-06-02,2022-01-24,Venture - Series Unknown,2020,87.16666666666667,True,False,True,True,11.5,6.8,True,False,True,False,False,False,False,False,False,False,False,False,0,0,False,False,False,True,False,True,False,True,False,True,False,False,False,False,False,1,0.0,True,False,False,True,True,True,True,True,False,True,False,True,False,61,0,False,0,0,0.0,0.0,0.2970721532645262,3.169929162668463,0.0328248518797419,9.252867300903553,0.0328248518797419,4.0925156014280475,9.252867300903553,1.288562241773199,1.3247562851492936,1.3609503285253883,5.320722888202673,0.2241191592544337,9.979987983095413,15.0,8.0,0.4083079753721004,1,0,0,0,1,1,0,2.84,7.901377353792616,False,False,True,False,True,True,,,7.4,20.200000000000003
13198,Signol,https://www.crunchbase.com/organization/signol,United Kingdom,51.4893335,-0.1440551,2017,3.0,True,True,True,False,True,False,False,False,False,False,False,True,False,False,1,5,10,True,False,False,False,2.0,True,7.241404,False,2018-05-01,2023-04-26,Venture - Series Unknown,2018,13.583333333333334,True,True,True,True,5.5,1.1,True,True,True,False,True,False,False,False,False,False,True,False,5,2,True,True,False,True,True,True,True,True,True,True,True,True,True,True,True,6,2.0,True,True,False,True,True,True,True,True,False,True,False,True,False,1939,5,True,1934,474,0.2450879007238883,0.219206130415472,0.004639509600861782,3.050483601567476,0.0,10.856912543700851,0.0,4.395001735437841,10.856912543700851,0.0,0.3614473338267472,0.7228946676534945,5.317935921902732,0.0,15.339585122317537,8.0,16.0,0.4097058929378757,1,0,0,1,0,0,0,2.84,7.696667081526462,False,False,True,False,True,True,,,45.0,65.0
8096,Nuventura,https://www.crunchbase.com/organization/nuventura,Germany,52.510885,13.3989367,2017,3.0,True,True,True,False,False,False,False,False,False,False,False,True,False,False,2,5,10,True,False,False,False,3.0,True,2.981504,False,2019-06-04,2022-04-12,Series A,2019,116.75,True,False,True,True,17.8,13.2,True,True,True,True,True,True,False,False,False,False,True,True,3,0,True,False,False,True,False,True,False,True,False,True,False,True,False,True,False,6,0.0,True,False,False,True,False,True,True,True,False,True,False,True,False,539,3,True,582,225,0.3865979381443299,0.3268532205385109,0.0,2.5269988401261396,0.0,11.763495592017412,0.0,0.8962607705968471,5.99866211402646,0.6017179238381064,7.419213048714018,11.763495592017412,4.431352322434098,0.0,13.210519786484289,58.0,28.0,0.6453434857148315,1,1,1,1,0,1,1,2.84,7.650168700845001,False,False,True,False,True,True,,,18.800000000000068,29.0
12077,MPower Ventures,https://www.crunchbase.com/organization/mpower-ventures-5418,Switzerland,47.3744489,8.5410422,2017,3.0,True,True,True,True,False,False,False,False,False,False,False,True,False,False,3,1,1,False,True,False,False,0.0,False,1.603275,False,2020-03-13,2020-03-13,Venture - Series Unknown,2020,153.0,False,,True,,10.0,7.0,True,,False,,True,,False,,False,,False,,0,0,False,,False,False,,False,,False,,False,,False,,False,,0,,False,,False,False,,False,False,False,False,False,False,True,True,321,2,True,110,32,0.2909090909090909,0.2553466918088445,0.0,0.50326484106299,0.50326484106299,0.50326484106299,0.50326484106299,0.50326484106299,0.50326484106299,0.0,0.0,0.0,0.0,0.0,0.0,0.0,0.0,0.0,0,0,0,0,0,0,0,2.84,6.2166061010848646,False,False,True,False,True,True,,,10.800000000000011,22.80000000000001
21596,Port Safety,https://www.crunchbase.com/organization/port-safety,Denmark,56.0,10.0,2017,2.0,True,False,True,True,True,False,False,False,False,False,False,True,False,False,1,1,1,False,True,False,True,1.0,True,0.0,True,2018-06-01,2018-06-01,Seed,2018,48.0,False,False,True,True,4.0,3.0,False,False,False,False,False,False,False,False,False,False,False,False,0,0,False,False,False,False,False,False,False,False,False,False,False,False,False,False,False,1,1.0,True,True,True,False,False,False,False,False,False,False,False,True,True,21,0,False,5,0,0.0,0.0,0.16418004266816283,0.11643859485090256,0.11643859485090256,0.11643859485090256,0.0,0.0,0.0,0.11643859485090256,0.11643859485090256,0.11643859485090256,0.0,0.0,0.0,6.0,0.0,0.1242772544618494,0,0,0,0,1,1,1,2.84,5.707110264748875,False,False,False,False,False,False,,,0.0,5.0
8304,Solarworx,https://www.crunchbase.com/organization/solarworx,Germany,52.510885,13.3989367,2017,3.0,True,True,True,True,False,False,False,False,False,False,False,True,False,False,3,1,2,False,False,False,False,0.0,False,1.046112,False,2020-07-28,2020-07-28,Series A,2020,77.0,False,,True,,14.5,3.5,True,,True,,True,,False,,False,,False,,0,0,False,,False,False,,False,,False,,False,,False,,False,,0,,False,,False,False,,True,True,False,False,False,False,True,False,539,3,True,582,225,0.3865979381443299,0.3268532205385109,0.0,3.5446378577058746,0.5551378629882436,6.534137852423505,0.5551378629882436,3.5446378577058746,6.534137852423505,0.0,0.0,0.0,6.125102720982008,6.125102720982008,6.125102720982008,0.0,0.0,0.0,0,0,0,0,0,0,0,2.84,7.550135342488429,False,False,True,False,True,True,,,18.800000000000068,29.0
8364,Fresh Energy,https://www.crunchbase.com/organization/fresh-energy-gmbh,Germany,52.510885,13.3989367,2017,2.0,True,True,True,False,False,False,False,False,False,True,False,True,False,False,0,1,1,False,True,False,True,1.0,True,3.5462,False,2017-07-31,2017-07-31,Seed,2017,60.0,True,True,False,False,0.0,11.0,False,False,True,True,False,False,False,False,False,False,False,False,1,1,True,True,True,True,True,True,True,True,True,True,True,True,True,True,True,1,1.0,True,True,True,True,True,False,False,False,False,True,True,True,True,539,3,True,582,224,0.3848797250859107,0.3256132947751904,0.0,0.0,0.0,0.0,0.0,0.0,0.0,0.0,0.0,0.0,0.0,0.0,0.0,5.0,1.0,0.1727159991214717,1,0,0,0,0,0,0,2.84,7.244941546337007,True,False,False,True,True,True,2020-12-04,3.0,18.800000000000068,29.0
8178,Betteries,https://www.crunchbase.com/organization/betteries,Germany,52.510885,13.3989367,2017,2.0,True,True,True,False,False,False,False,False,False,False,False,True,False,False,3,2,3,True,False,False,False,2.0,True,2.471417,False,2020-04-11,2021-03-29,Seed,2020,19.333333333333332,True,True,True,True,3.0,0.7,True,True,True,True,False,False,False,False,False,False,False,False,1,1,True,True,False,True,True,True,True,True,True,True,True,True,True,True,True,1,1.0,True,True,False,True,True,True,True,True,False,True,False,True,False,539,3,True,582,225,0.3865979381443299,0.3268532205385109,0.0,2.9903448118637077,0.0,8.093929262220461,0.8771051733706614,0.8771051733706614,0.8771051733706614,0.0,4.046964631110231,8.093929262220461,5.588810151115694,0.8771051733706614,8.093929262220461,0.0,0.0,0.0,0,0,0,0,0,0,0,2.84,7.550135342488429,False,False,False,False,False,False,,,18.800000000000068,29.0
853,Mimbly,https://www.crunchbase.com/organization/mimbly,Sweden,57.7072326,11.9670171,2017,2.0,False,False,False,False,False,False,False,False,False,False,False,True,False,False,1,1,1,False,True,False,False,0.0,False,0.0,True,2018-08-30,2018-08-30,Series A,2018,110.0,True,,False,,3.0,14.0,False,,False,,False,,False,,False,,False,,1,0,True,,True,True,,True,,True,,True,,True,,True,,1,,True,,True,False,,False,False,False,False,False,False,True,True,25,2,True,48,9,0.1875,0.1718502569266592,0.22766469926136576,0.0,0.0,0.0,0.0,0.0,0.0,0.0,0.0,0.0,0.0,0.0,0.0,17.0,1.0,0.2817011163282039,1,0,0,0,0,0,0,2.84,,False,False,True,False,True,True,,,8.0,41.0
3041,ZE Energy,https://www.crunchbase.com/organization/ze-energy,France,48.8534951,2.3483915,2018,1.0,True,True,True,True,False,False,False,False,False,False,False,True,False,False,2,1,4,True,False,False,False,1.0,True,4.496878,False,2020-06-17,2020-06-17,Series B,2020,181.25,True,True,True,False,15.0,32.5,True,True,True,False,False,False,False,False,False,False,False,False,3,1,True,True,False,True,True,True,True,True,True,True,True,True,True,True,True,3,1.0,True,True,False,True,True,False,False,False,False,True,False,True,True,841,4,True,664,215,0.3237951807228915,0.2805027482087431,0.0006205248203236772,0.10004335684500874,0.0,0.400173427380035,0.0,0.13339114246001166,0.400173427380035,0.0,0.0,0.0,0.2000867136900175,0.0,0.400173427380035,4.0,0.0,0.0908983577180024,0,0,0,0,0,0,0,2.07,7.244941546337007,False,True,True,True,True,True,,,28.0,37.0
915,Spowdi,https://www.crunchbase.com/organization/spowdi,Sweden,59.3120997,18.2073591,2018,1.0,False,True,True,True,True,False,False,False,False,False,False,True,False,False,2,1,2,False,False,False,False,2.0,True,2.233975,False,2020-09-30,2020-09-30,Seed,2020,273.0,True,True,False,False,11.0,25.0,False,False,True,True,False,False,False,False,False,False,False,False,2,2,True,True,True,True,True,True,True,True,True,True,True,True,True,True,True,2,2.0,True,True,True,True,True,False,False,False,False,False,False,True,True,334,2,True,243,58,0.2386831275720164,0.2140488214083272,0.007865865112895241,0.007865865112895186,0.007865865112895186,0.007865865112895186,0.0,0.0,0.0,0.007865865112895186,0.007865865112895186,0.007865865112895186,0.0,0.0,0.0,46.0,25.0,0.6127455938252455,1,1,1,1,0,1,1,2.07,,False,False,False,False,False,False,,,12.0,18.200000000000017
21785,neoom,https://www.crunchbase.com/organization/neoom-group,Austria,48.5112961,14.5047566,2018,1.0,True,False,True,False,False,False,False,False,False,True,False,True,False,False,0,2,6,True,False,True,False,2.0,True,4.81187,False,2018-06-10,2019-08-15,Series B,2018,1.1666666666666667,True,True,True,True,3.7,0.0,True,False,False,False,False,False,False,False,False,False,False,False,1,0,True,False,False,True,True,True,True,True,True,True,True,True,False,True,False,4,1.0,True,True,False,True,False,True,True,True,False,True,False,True,False,17,0,False,1,0,0.0,0.0,0.14204364527272784,1.2133811491838131,0.0,6.65951766438499,0.0,0.1476589161957868,0.4021100592867491,0.030133565934740387,3.3448256151598654,6.65951766438499,2.3625186907706603,0.030133565934740387,6.800689316722806,0.0,0.0,0.0,0,0,0,0,1,0,0,2.07,4.439115601658009,False,True,True,True,True,True,,,1.8000000000000045,4.0
888,Atium,https://www.crunchbase.com/organization/atium,Sweden,57.7072326,11.9670171,2018,3.0,False,False,False,False,True,False,False,False,False,False,False,True,False,False,2,4,5,True,False,True,False,2.0,True,1.002396,False,2020-06-09,2024-06-17,Seed,2020,65.375,True,True,True,False,6.6,7.2,True,True,False,False,True,False,False,False,False,False,False,False,6,3,True,True,False,True,True,True,True,True,True,True,True,True,True,True,True,6,3.0,True,True,False,False,False,False,False,False,False,False,False,True,True,25,2,True,59,11,0.1864406779661017,0.1709577981436395,0.22766469926136576,0.30572798456908085,0.0,1.3645976411335816,0.0,0.4891647753105293,1.3645976411335816,0.0,0.0,0.0,0.6069562407642027,0.0,2.319831482081802,42.0,6.0,0.4832738146882128,1,1,1,0,0,0,1,2.07,,False,False,False,False,False,False,,,8.0,41.0
3245,Zenride,https://www.crunchbase.com/organization/zenride,France,48.8534951,2.3483915,2018,3.0,False,True,False,False,True,True,False,False,False,False,False,True,False,False,1,3,4,True,False,True,False,1.0,True,8.793122,False,2019-12-18,2022-03-28,Seed,2019,36.0,True,True,False,False,5.3,1.8,False,False,False,False,False,False,False,False,False,False,False,False,4,1,True,True,True,True,True,True,True,True,True,True,True,True,True,True,True,4,1.0,True,True,True,True,True,False,False,False,False,False,False,True,True,841,4,True,664,216,0.3253012048192771,0.2816397579958183,0.0006205248203236772,0.0,0.0,0.0,0.0,0.0,0.0,0.0,0.0,0.0,0.0,0.0,0.0,24.0,2.0,0.3515697265509552,1,0,1,0,0,0,0,2.07,7.378383712996715,False,False,False,False,False,False,,,28.0,37.0
1769,Cyrkl,https://www.crunchbase.com/organization/cyrkl,Czech Republic,50.0596288,14.4464593,2018,3.0,True,True,False,False,False,False,False,False,True,True,False,True,False,True,2,1,1,False,True,True,True,1.0,True,2.154061,False,2020-09-17,2020-09-17,Seed,2020,15.0,True,True,False,False,2.0,1.0,True,True,False,False,False,False,False,False,False,False,False,False,1,1,True,True,True,True,True,True,True,True,True,True,True,True,True,True,True,1,1.0,True,True,True,True,True,False,False,False,False,False,False,True,True,124,0,False,101,19,0.1881188118811881,0.1723712259407865,0.0,0.0,0.0,0.0,0.0,0.0,0.0,0.0,0.0,0.0,0.0,0.0,0.0,1.0,0.0,0.0,0,0,0,0,0,0,0,2.07,2.928523523860541,False,False,False,False,False,False,,,2.6000000000000085,6.0
11434,AQVA MORE,https://www.crunchbase.com/organization/aqva-more,Portugal,38.6925777,-9.3123076,2018,2.0,True,True,False,True,True,False,False,False,False,False,False,True,False,False,2,1,1,False,True,False,False,0.0,False,0.12188,True,2020-12-22,2020-12-22,Seed,2020,257.0,True,,False,,8.0,32.0,True,,False,,False,,False,,False,,False,,0,0,False,,False,True,,True,,True,,True,,True,,True,,1,,True,,True,True,,False,False,False,False,False,False,True,True,93,0,False,6,0,0.0,0.0,0.015341606885935333,0.015188255432783128,0.015188255432783128,0.015188255432783128,0.015188255432783128,0.015188255432783128,0.015188255432783128,0.0,0.0,0.0,0.0,0.0,0.0,57.0,7.0,0.5252369072968787,1,1,1,0,0,0,1,2.07,3.7184382563554808,False,False,False,False,False,False,,,10.400000000000006,37.80000000000001
3031,La Fourche,https://www.crunchbase.com/organization/la-fourche,France,48.9267236,2.3896123,2018,3.0,False,True,False,False,False,True,False,False,False,True,False,True,False,False,1,1,3,True,False,False,False,1.0,True,0.0,True,2019-01-16,2019-01-16,Venture - Series Unknown,2019,91.33333333333331,True,False,True,True,5.3,12.7,False,False,True,True,False,False,False,False,False,False,False,False,1,0,True,False,False,True,False,True,False,True,False,True,False,True,False,True,False,1,0.0,True,False,False,True,True,False,False,False,False,False,False,True,True,841,4,True,637,205,0.3218210361067504,0.2790103586701634,0.008149455612308846,0.4552075684505991,0.008682451075254536,1.0197827436470173,0.008682451075254536,0.17291998085239008,0.3371575106295256,1.0197827436470173,1.0197827436470173,1.0197827436470173,0.7762768493472125,0.34260840402510934,1.0280265261410317,19.0,22.0,0.51671285685788,1,1,0,1,0,0,0,2.07,7.378383712996715,False,True,True,True,True,True,,,28.0,37.0
1715,Woltair,https://www.crunchbase.com/organization/topite,Czech Republic,50.0596288,14.4464593,2018,3.0,True,True,True,True,False,False,False,False,False,True,False,True,False,False,1,2,2,False,False,True,False,2.0,True,0.864366,False,2019-01-01,2019-11-22,Series B,2019,49.333333333333336,True,True,False,False,7.0,7.3,False,False,True,True,False,False,False,False,False,False,False,False,3,3,True,True,True,True,True,True,True,True,True,True,True,True,True,True,True,3,3.0,True,True,True,True,True,False,False,False,False,False,False,True,True,124,0,False,101,18,0.1782178217821782,0.1640029762702699,0.0,0.0,0.0,0.0,0.0,0.0,0.0,0.0,0.0,0.0,0.0,0.0,0.0,7.0,5.0,0.3022658461718897,1,0,0,0,1,1,1,2.07,3.40452517175483,False,True,True,True,True,True,,,2.6000000000000085,6.0
955,Bintel,https://www.crunchbase.com/organization/bintel,Sweden,56.0442098,12.703706,2018,1.0,False,False,False,False,True,False,False,False,False,False,False,True,False,False,0,2,6,False,False,False,False,0.0,False,1.23,False,2018-10-18,2019-04-15,Venture - Series Unknown,2018,164.57142857142858,True,,True,,12.0,16.4,False,,True,,False,,False,,False,,False,,2,0,True,,False,True,,True,,True,,True,,True,,True,,6,,True,,True,True,,False,False,False,False,False,False,True,True,216,0,False,4,0,0.0,0.0,0.040615653964174686,0.2502927755407377,0.0,0.48435271021783344,0.0,0.2502927755407377,0.48435271021783344,0.0,0.0,0.0,0.2995969374724953,0.0,0.49681358519952573,9.0,0.0,0.1596603108602024,0,0,0,0,1,0,1,2.07,,False,False,True,False,True,True,,,1.2000000000000002,7.4
6975,Cable Energia,https://www.crunchbase.com/organization/cable-energia,Spain,37.3886303,-5.9953403,2018,2.0,True,False,True,False,True,False,False,False,False,False,False,True,False,False,0,2,2,False,False,False,False,2.0,True,0.107458,True,2018-12-31,2018-12-31,Series B,2018,2.0,True,True,False,False,0.0,1.0,True,True,False,False,True,True,False,False,True,True,False,False,2,2,True,True,True,True,True,True,True,True,True,True,True,True,True,True,True,2,2.0,True,True,True,False,False,False,False,False,False,False,False,True,True,8,0,False,4,0,0.0,0.0,0.31170266658930673,0.0,0.0,0.0,0.0,0.0,0.0,0.0,0.0,0.0,0.0,0.0,0.0,0.0,0.0,0.0,0,0,0,0,1,1,1,2.07,6.2166061010848646,True,False,True,True,True,True,2025-04-25,7.0,0.0,0.0
928,Peafowl Plasmonics,https://www.crunchbase.com/organization/peafowl-solar-power,Sweden,59.8586126,17.6387436,2018,2.0,False,False,True,False,False,False,False,False,False,False,False,True,False,False,1,2,3,False,False,False,False,3.0,True,4.582884,False,2019-05-22,2022-04-27,Seed,2019,228.33333333333337,True,True,False,False,18.0,28.0,True,True,True,True,False,False,False,False,False,False,False,False,0,0,False,False,False,True,True,True,True,False,False,False,False,False,False,False,False,3,3.0,True,True,True,True,True,False,False,False,False,False,False,True,True,5,0,False,11,0,0.0,0.0,0.06411843760759518,0.06411843760759518,0.06411843760759518,0.06411843760759518,0.0,0.0,0.0,0.06411843760759518,0.06411843760759518,0.06411843760759518,0.0,0.0,0.0,3.0,0.0,0.0687619531421999,0,0,0,0,1,1,1,2.07,,False,False,False,False,False,False,,,0.0,1.0
8633,Harvesto,https://www.crunchbase.com/organization/ag-supply,Germany,51.9625101,7.6251879,2018,2.0,True,False,False,False,False,True,True,False,False,False,False,True,False,True,1,3,3,False,False,True,False,3.0,True,0.0,True,2019-10-01,2022-08-02,Seed,2019,73.0,False,False,True,True,4.0,4.3,True,True,True,True,True,True,False,False,False,False,True,True,0,0,False,False,False,False,False,False,False,False,False,False,False,False,False,False,False,0,0.0,False,False,False,True,True,True,True,True,False,False,False,True,False,13,0,False,8,3,0.375,0.3184537311185346,0.1918736231113386,3.4963451250296975,0.19187362311133865,6.800816626948056,0.0,0.0,0.0,0.19187362311133865,3.4963451250296975,6.800816626948056,6.609664369385264,6.609664369385264,6.609664369385264,0.0,0.0,0.0,0,0,0,0,1,1,0,2.07,7.650168700845001,False,False,False,False,False,False,,,0.0,1.0
20214,AWorld,https://www.crunchbase.com/organization/aworld,Italy,45.0677551,7.6824892,2018,3.0,True,False,False,False,False,True,False,False,False,True,True,True,False,False,2,2,2,True,False,True,False,1.0,True,0.805457,False,2020-03-01,2020-08-01,Seed,2020,110.66666666666669,False,False,True,True,13.0,4.3,False,False,True,False,True,True,False,False,False,False,False,False,0,0,False,False,False,False,False,False,False,False,False,False,False,False,False,False,False,3,1.0,True,True,True,True,True,False,False,False,False,False,False,True,True,38,0,False,32,2,0.0625,0.0606246218164348,0.12591627866066715,0.25856373383182535,0.12591627866066704,0.5238586441741419,0.12591627866066704,0.32488746141740443,0.5238586441741419,0.12591627866066704,0.12591627866066704,0.12591627866066704,0.3181242209126146,0.0,0.47718633136892186,0.0,0.0,0.0,0,0,0,0,0,0,0,2.07,5.993961427306569,False,False,False,False,False,False,,,1.0,7.0
12655,AgroSustain,https://www.crunchbase.com/organization/agrosustain,Switzerland,46.3820585,6.2402791,2018,3.0,True,False,False,False,True,False,True,True,False,False,False,True,False,False,0,2,2,False,False,True,False,2.0,True,4.339417,False,2018-06-06,2020-01-14,Series A,2018,420.0,False,False,True,True,6.0,36.0,True,True,False,False,False,False,False,False,False,False,False,False,0,0,False,False,False,False,False,False,False,False,False,False,False,False,False,False,False,1,1.0,True,True,False,True,True,True,True,True,False,True,False,True,False,107,0,False,4,2,0.5,0.4054651081081644,0.0338427724886732,4.785798524115669,0.20193084163592528,9.369666206595411,0.0,0.0,0.0,0.20193084163592528,4.785798524115669,9.369666206595411,9.383887478984352,9.383887478984352,9.383887478984352,12.0,6.0,0.3646027143925694,1,0,0,0,1,1,1,2.07,6.2166061010848646,False,False,True,False,True,True,,,3.0,5.400000000000002
8046,OroraTech,https://www.crunchbase.com/organization/ororatech,Germany,48.1371079,11.5753822,2018,4.0,True,True,False,False,True,False,True,False,False,True,False,True,False,False,1,2,4,True,False,False,False,1.0,True,1.531423,False,2019-01-01,2020-05-06,Series B,2019,1.1666666666666667,True,False,True,True,16.0,0.0,True,False,False,False,False,False,False,False,False,False,False,False,3,0,True,False,False,True,False,True,False,True,False,True,False,True,False,True,False,6,2.0,True,True,True,True,False,False,False,False,False,True,True,True,True,304,2,True,205,74,0.3609756097560975,0.3082018026829574,0.0,0.1773302346271718,0.0,0.4558451250145035,0.0,0.11396128125362588,0.4558451250145035,0.3040681413742637,0.3040681413742637,0.3040681413742637,0.23314415058694268,0.0,0.4558451250145035,0.0,0.0,0.0,0,0,0,0,0,0,0,2.07,7.650168700845001,False,True,True,True,True,True,,,5.0,14.0
22166,Lifetime Group,https://www.crunchbase.com/organization/lifetime-oy,Finland,60.83333,26.0,2018,1.0,True,False,True,False,True,False,False,False,True,True,False,True,False,True,0,1,1,False,True,False,False,0.0,False,0.081949,True,2011-07-01,2011-07-01,Seed,2011,71.0,False,,True,,11.0,19.0,False,,False,,False,,False,,False,,False,,0,0,False,,False,False,,False,,False,,False,,False,,False,,1,,True,,True,False,,False,False,False,False,False,False,True,True,32,0,False,57,10,0.175438596491228,0.1616413515564158,0.09398058736034391,0.21325033205861071,0.21325033205861071,0.21325033205861071,0.21325033205861071,0.21325033205861071,0.21325033205861071,0.0,0.0,0.0,0.0,0.0,0.0,2.0,0.0,0.0402231640645322,0,0,0,0,0,0,0,2.07,4.480740107609915,False,False,False,False,False,False,,,2.0,5.0
20242,Phononic Vibes,https://www.crunchbase.com/organization/phononic-vibes,Italy,45.4641943,9.1896346,2018,5.0,True,True,True,False,False,False,False,False,False,False,False,True,False,False,1,2,2,True,False,False,False,1.0,True,3.279429,False,2019-01-01,2020-10-08,Venture - Series Unknown,2019,76.0,True,False,True,True,11.5,22.5,False,False,True,True,False,False,False,False,False,False,False,False,1,0,True,False,False,True,False,True,False,True,False,True,False,True,False,True,False,1,0.0,True,False,False,True,True,False,False,False,False,False,False,True,True,185,1,True,139,28,0.2014388489208633,0.1835198792860633,0.0,0.31979275447030175,0.0,0.6395855089406035,0.0,0.0,0.0,0.6395855089406035,0.6395855089406035,0.6395855089406035,0.6395855089406035,0.6395855089406035,0.6395855089406035,4.0,3.0,0.2183601215474815,1,0,0,0,0,0,0,2.07,5.303304908059076,False,False,True,False,True,True,,,4.0,8.0
7991,alcemy,https://www.crunchbase.com/organization/alcemy,Germany,52.510885,13.3989367,2018,2.0,True,True,False,False,False,False,False,False,False,False,False,True,True,False,1,1,2,False,False,False,False,0.0,False,3.401245,False,2019-06-07,2019-06-07,Venture - Series Unknown,2019,85.0,True,,False,,2.0,6.5,False,,False,,False,,True,,False,,False,,2,0,True,,True,True,,True,,True,,True,,True,,True,,2,,True,,True,True,,False,False,False,False,True,True,True,True,539,3,True,676,252,0.3727810650887574,0.3168386567432364,0.0,0.0,0.0,0.0,0.0,0.0,0.0,0.0,0.0,0.0,0.0,0.0,0.0,10.0,4.0,0.3170938469469655,1,0,0,0,0,0,0,2.07,7.650168700845001,False,False,True,False,True,True,,,18.800000000000068,29.0
12392,Tinamu,https://www.crunchbase.com/organization/tinamu-labs,Switzerland,47.3744489,8.5410422,2018,4.0,True,True,True,True,True,True,False,False,False,True,False,True,True,False,2,3,4,True,False,False,False,1.0,True,3.943427,False,2020-08-25,2023-06-19,Seed,2020,47.22222222222222,True,False,True,True,4.2,5.9,False,False,False,False,False,False,True,False,False,False,False,False,1,0,True,False,False,True,False,True,False,True,False,True,False,True,False,True,False,9,2.0,True,True,True,True,False,False,False,False,False,True,True,True,True,321,2,True,131,34,0.2595419847328244,0.230748150699429,0.0,0.15452979581486306,0.0,0.2241191592544337,0.0,0.1346471205464143,0.2241191592544337,0.2241191592544337,0.2241191592544337,0.2241191592544337,0.10874513307533899,0.0,0.2241191592544337,38.0,12.0,0.5305049132783477,1,1,1,1,0,1,1,2.07,6.2166061010848646,False,False,False,False,False,False,,,10.800000000000011,22.80000000000001
12303,Droople,https://www.crunchbase.com/organization/droople,Switzerland,46.5008111,6.7823914,2018,2.0,True,True,False,True,False,False,False,False,False,True,False,True,False,False,2,2,2,False,False,True,False,1.0,True,1.642721,False,2020-09-29,2020-09-29,Series A,2020,11.0,False,False,True,True,0.0,1.5,True,False,False,False,False,False,False,False,False,False,False,False,0,0,False,False,False,False,False,False,False,False,False,False,False,False,False,False,False,0,0.0,False,False,False,False,False,False,False,False,False,False,False,True,True,48,1,True,0,0,0.0,0.0,0.011690962531127799,0.34795801719217256,0.34795801719217256,0.34795801719217256,0.34795801719217256,0.34795801719217256,0.34795801719217256,0.0,0.0,0.0,0.0,0.0,0.0,0.0,0.0,0.0,0,0,0,0,0,0,0,2.07,6.2166061010848646,False,False,True,False,True,True,,,7.0,14.0
12330,UniSieve,https://www.crunchbase.com/organization/unisieve,Switzerland,47.3744489,8.5410422,2018,1.0,True,True,True,True,True,False,False,False,False,False,False,True,False,False,0,4,7,True,False,True,False,4.0,True,10.219974,False,2018-08-15,2023-04-25,Seed,2018,291.22222222222223,True,True,True,True,31.8,22.4,False,False,True,True,True,True,False,False,False,False,True,False,5,3,True,True,False,True,True,True,True,True,True,True,True,True,True,True,True,5,3.0,True,True,False,True,True,False,False,False,False,True,False,True,True,321,2,True,131,34,0.2595419847328244,0.230748150699429,0.0,0.3327343461974796,0.0,1.0429547916933388,0.0,0.45479536836129103,1.0429547916933388,0.0,0.2350855284664305,0.668271913917405,0.5543859344903223,0.0,1.4496239477318793,49.0,33.0,0.6435491153017556,1,1,1,1,1,1,1,2.07,6.2166061010848646,False,False,False,False,False,False,,,10.800000000000011,22.80000000000001
12592,iSense,https://www.crunchbase.com/organization/isense,Switzerland,47.3744489,8.5410422,2018,1.0,True,True,False,False,True,True,True,False,False,True,False,True,False,False,1,1,1,False,True,True,False,0.0,False,1.324007,False,2019-04-24,2019-04-24,Seed,2019,215.0,True,,False,,5.0,17.0,False,,False,,False,,True,,False,,False,,1,0,True,,True,True,,True,,True,,True,,True,,True,,1,,True,,True,True,,False,False,False,False,True,True,True,True,321,2,True,131,34,0.2595419847328244,0.230748150699429,0.0,0.0,0.0,0.0,0.0,0.0,0.0,0.0,0.0,0.0,0.0,0.0,0.0,26.0,6.0,0.4371086035084127,1,0,1,0,0,0,1,2.07,5.993961427306569,False,False,False,False,False,False,,,10.800000000000011,22.80000000000001
12621,Enuu,https://www.crunchbase.com/organization/enuu,Switzerland,47.1402077,7.2439029,2018,2.0,True,False,False,False,True,False,False,False,False,False,False,True,False,False,1,1,2,True,False,False,False,1.0,True,2.4,False,2019-09-10,2019-09-10,Seed,2019,14.5,False,False,True,True,2.0,1.5,True,True,False,False,False,False,False,False,False,False,False,False,0,0,False,False,False,False,False,False,False,False,False,False,False,False,False,False,False,1,0.0,True,False,False,True,True,False,False,False,False,True,False,True,True,22,0,False,2,0,0.0,0.0,0.08300530997168909,0.6421767489068547,0.13378402837173609,1.1505694694419732,0.13378402837173609,0.13378402837173609,0.13378402837173609,1.1505694694419732,1.1505694694419732,1.1505694694419732,1.021500619698839,1.021500619698839,1.021500619698839,0.0,0.0,0.0,0,0,0,0,1,1,0,2.07,5.993961427306569,False,False,False,False,False,False,,,0.0,2.2
20322,Quick Algorithm,https://www.crunchbase.com/organization/quick-algorithm,Italy,45.4641943,9.1896346,2018,1.0,True,True,False,False,True,False,False,False,False,True,False,True,False,False,2,2,2,False,False,True,False,2.0,True,1.580345,False,2020-10-07,2021-08-24,Seed,2020,15.0,True,True,False,False,25.5,0.0,False,False,False,False,True,True,False,False,False,False,False,False,2,2,True,True,True,True,True,True,True,True,True,True,True,True,True,True,True,2,2.0,True,True,True,True,True,False,False,False,False,False,False,True,True,185,1,True,139,28,0.2014388489208633,0.1835198792860633,0.0,0.0,0.0,0.0,0.0,0.0,0.0,0.0,0.0,0.0,0.0,0.0,0.0,1.0,0.0,0.0,0,0,0,0,0,0,0,2.07,5.993961427306569,False,False,False,False,False,False,,,4.0,8.0
8131,DABBEL,https://www.crunchbase.com/organization/dabbel-automation-intelligence,Germany,51.2254018,6.7763137,2018,1.0,True,False,True,False,True,False,False,False,False,True,False,True,True,False,0,2,4,True,False,False,False,2.0,True,4.400112,False,2018-12-01,2021-05-18,Seed,2018,60.25,True,True,True,True,6.0,9.0,True,False,True,True,True,True,False,False,False,False,True,False,0,0,False,False,False,True,True,True,True,True,True,True,True,False,False,False,False,2,1.0,True,True,False,True,True,False,False,False,False,True,False,True,True,143,0,False,28,6,0.2142857142857142,0.1941560144409574,0.17468247275260293,0.29690143879338526,0.030772940129451577,0.4928300242574178,0.18275891179430911,0.3377944680258635,0.4928300242574178,0.030772940129451577,0.25600840956090704,0.48124387899236243,0.5024714571954457,0.19018792002065155,0.8475686704926552,1.0,0.0,0.0,0,0,0,0,0,1,0,2.07,7.244941546337007,False,False,False,False,False,False,,,0.0,4.0
8137,Airteam Aerial Intelligence,https://www.crunchbase.com/organization/airteam,Germany,52.510885,13.3989367,2018,1.0,True,True,True,True,True,False,False,False,False,True,False,True,True,False,0,3,3,True,False,True,False,1.0,True,4.105223,False,2018-10-02,2024-01-29,Seed,2018,257.3333333333333,True,False,True,True,29.7,31.0,False,False,True,False,True,False,False,False,False,False,False,False,1,0,True,False,False,True,False,True,False,True,False,True,False,True,False,True,False,1,0.0,True,False,False,True,False,True,True,True,False,True,False,True,False,539,3,True,676,252,0.3727810650887574,0.3168386567432364,0.0,2.4392479475588664,0.0,6.385086074905369,0.0,0.466328883885615,0.9326577677712301,6.385086074905369,6.385086074905369,6.385086074905369,4.295845248484867,0.9326577677712301,6.385086074905369,55.0,24.0,0.6265201643480146,1,1,1,1,0,1,1,2.07,7.244941546337007,False,False,False,False,False,False,,,18.800000000000068,29.0
12995,Viezo,https://www.crunchbase.com/organization/viezo,Lithuania,54.6870458,25.2829111,2018,2.0,True,False,True,False,False,False,False,False,False,True,False,True,False,False,2,1,1,False,True,False,False,0.0,False,0.900112,False,2020-07-01,2020-07-01,Venture - Series Unknown,2020,33.0,True,,False,,3.0,0.0,False,,False,,False,,False,,False,,False,,1,0,True,,True,True,,True,,True,,True,,True,,True,,1,,True,,True,False,,False,False,False,False,False,False,True,True,53,0,False,69,10,0.144927536231884,0.135341347869762,0.3931527714736103,0.0,0.0,0.0,0.0,0.0,0.0,0.0,0.0,0.0,0.0,0.0,0.0,2.0,3.0,0.1676849278940113,0,0,0,0,0,0,0,2.07,3.845883202923601,False,False,True,False,True,True,,,8.0,21.0
13018,Thrust,https://www.crunchbase.com/organization/aerodiagnostika,Lithuania,54.6870458,25.2829111,2018,2.0,True,False,True,False,False,True,False,False,False,True,False,True,False,False,0,2,1,False,True,True,True,1.0,True,0.400045,True,2018-06-07,2019-07-04,Seed,2018,26.0,True,True,False,False,1.5,1.0,True,True,False,False,False,False,False,False,False,False,False,False,2,2,True,True,True,True,True,True,True,True,True,True,True,True,True,True,True,2,2.0,True,True,True,False,False,False,False,False,False,False,False,True,True,53,0,False,69,10,0.144927536231884,0.135341347869762,0.3931527714736103,0.0,0.0,0.0,0.0,0.0,0.0,0.0,0.0,0.0,0.0,0.0,0.0,4.0,3.0,0.2183601215474815,1,0,0,0,0,0,0,2.07,3.66612246699132,False,False,False,False,False,False,,,8.0,21.0
8086,TIER Mobility,https://www.crunchbase.com/organization/tier-mobility,Germany,52.510885,13.3989367,2018,3.0,True,True,False,False,True,False,False,False,False,False,False,True,False,False,0,1,2,True,False,False,False,1.0,True,2.0,False,2018-10-15,2018-10-15,Series D,2018,242.5,True,False,True,True,8.0,45.0,False,False,True,True,False,False,False,False,False,False,False,False,1,0,True,False,False,True,False,True,False,True,False,True,False,True,False,True,False,1,0.0,True,False,False,True,True,False,False,False,False,True,True,True,True,539,3,True,676,251,0.371301775147929,0.3157604895228911,0.0,0.26324547650927577,0.0,0.5264909530185515,0.0,0.0,0.0,0.5264909530185515,0.5264909530185515,0.5264909530185515,0.5264909530185515,0.5264909530185515,0.5264909530185515,23.0,10.0,0.466981651470622,1,0,0,0,0,0,0,2.07,7.244941546337007,False,True,True,True,True,True,,,18.800000000000068,29.0
5140,Greencovery,https://www.crunchbase.com/organization/greencovery,The Netherlands,51.9663016,5.6662814,2018,2.0,True,False,False,False,True,False,True,False,False,False,False,True,False,False,1,3,3,True,False,True,False,1.0,True,0.991088,False,2019-12-01,2022-10-20,Seed,2019,22.0,True,False,True,True,11.7,0.0,False,False,False,False,True,False,False,False,False,False,False,False,1,0,True,False,False,True,False,True,False,True,False,True,False,True,False,True,False,3,1.0,True,True,True,True,False,False,False,False,False,False,False,True,True,58,1,True,2,0,0.0,0.0,0.06950468623652849,0.06304564084138363,0.0,0.11134003605344396,0.0,0.038898443235353464,0.07779688647070693,0.11134003605344396,0.11134003605344396,0.11134003605344396,0.12223039728415096,0.07779688647070693,0.17755426932830198,3.0,0.0,0.0687619531421999,0,0,0,0,1,1,0,2.07,6.2166061010848646,False,False,False,False,False,False,,,0.0,5.200000000000003
14608,WholyMe,https://www.crunchbase.com/organization/wholyme,United Kingdom,51.4893335,-0.1440551,2018,2.0,True,True,False,False,False,True,False,True,False,False,False,True,False,False,2,1,4,False,False,False,False,0.0,False,0.65296,False,2020-01-27,2020-01-27,Seed,2020,115.75,False,,True,,13.0,23.2,False,,False,,False,,False,,True,,False,,0,0,False,,False,False,,False,,False,,False,,False,,False,,0,,False,,False,True,,True,True,True,False,False,False,True,False,1939,5,True,2194,513,0.2338195077484047,0.2101146487791256,0.004639509600861782,4.479660870801292,0.34260840402510934,8.616713337577476,0.34260840402510934,4.479660870801292,8.616713337577476,0.0,0.0,0.0,5.968705915576568,0.0,8.953058873364853,2.0,0.0,0.0402231640645322,0,0,0,0,0,0,0,2.07,7.901377353792616,False,False,False,False,False,False,,,45.0,65.0
14583,Ovon Home,https://www.crunchbase.com/organization/ovon,United Kingdom,53.4794892,-2.2451148,2018,3.0,True,True,True,False,False,False,False,False,False,True,False,True,False,False,1,6,6,False,False,True,False,4.0,True,0.826752,False,2019-08-21,2021-09-21,Seed,2019,298.42857142857144,False,False,True,True,35.6,23.6,False,False,True,True,True,True,False,False,False,False,False,False,0,0,False,False,False,False,False,False,False,False,False,False,False,False,False,False,False,2,2.0,True,True,False,True,True,True,True,True,False,False,False,True,False,56,1,True,71,12,0.1690140845070422,0.1561607307552824,0.0,2.9577553162527916,0.21012254634877311,7.29616666524861,0.0,0.0,0.0,0.21012254634877311,2.9577553162527916,7.29616666524861,4.523056793563938,0.0,7.831301200841819,0.0,0.0,0.0,0,0,0,0,0,0,0,2.07,8.006700845440367,False,False,False,False,False,False,,,3.0,7.0
14654,CLUBZERØ,https://www.crunchbase.com/organization/clubzero,United Kingdom,51.4893335,-0.1440551,2018,1.0,True,True,False,False,True,False,True,False,False,True,False,True,False,False,0,2,5,True,False,True,False,2.0,True,1.09418,False,2018-12-31,2019-08-01,Seed,2018,94.2,True,True,True,False,5.8,15.4,False,False,True,True,True,True,True,False,True,True,False,False,3,2,True,True,False,True,True,True,True,True,True,True,True,True,True,True,True,4,2.0,True,True,False,True,True,True,True,True,False,False,False,True,False,1939,5,True,2194,513,0.2338195077484047,0.2101146487791256,0.004639509600861782,1.1431238780727577,0.0,5.6015690565826715,0.0,1.905206463454596,5.6015690565826715,0.0,0.0,0.0,2.2702539141589324,0.0,5.6015690565826715,114.0,49.0,0.761635245350538,1,1,1,1,0,1,1,2.07,7.696667081526462,False,False,False,False,False,False,,,45.0,65.0
5241,reNature,https://www.crunchbase.com/organization/renature-be7b,The Netherlands,52.3730796,4.8924534,2018,2.0,True,True,False,False,True,False,True,False,False,False,False,True,False,True,0,2,3,False,False,True,False,0.0,False,0.6557,False,2014-10-07,2021-01-07,Venture - Series Unknown,2014,129.0,True,,True,,13.0,10.3,True,,True,,True,,False,,False,,False,,2,0,True,,False,True,,True,,True,,True,,True,,True,,2,,True,,False,True,,True,True,True,False,False,False,True,False,337,1,True,259,53,0.2046332046332046,0.1861751261099445,0.0,2.063279182440139,0.0,6.189837547320418,0.0,2.063279182440139,6.189837547320418,0.0,0.0,0.0,4.126558364880278,0.0,6.189837547320418,6.0,4.0,0.272255779691632,1,0,0,0,0,0,0,2.07,5.303304908059076,False,False,True,False,True,True,,,6.0,14.0
4908,Packaly,https://www.crunchbase.com/organization/packaly,The Netherlands,52.3730796,4.8924534,2018,5.0,True,True,False,False,True,True,False,False,False,True,False,True,False,False,1,3,3,False,False,True,False,3.0,True,2.822704,False,2019-09-16,2022-03-09,Seed,2019,3.3333333333333335,True,True,True,True,2.0,0.3,False,False,False,False,False,False,False,False,False,False,False,False,0,0,False,False,False,True,True,True,True,True,True,True,True,False,False,False,False,3,3.0,True,True,True,False,False,False,False,False,False,False,False,True,True,337,1,True,259,53,0.2046332046332046,0.1861751261099445,0.0,0.08284984673316764,0.03620639707109271,0.1202724366839159,0.0,0.0,0.0,0.03620639707109271,0.08284984673316764,0.1202724366839159,0.09988081611385051,0.03060051421673001,0.14948947460399037,0.0,0.0,0.0,0,0,0,0,0,0,0,2.07,6.2166061010848646,False,False,False,False,False,False,,,6.0,14.0
14472,Nuw (The Nu Wardrobe LTD),https://www.crunchbase.com/organization/the-nu-wardrobe,United Kingdom,51.4893335,-0.1440551,2018,2.0,False,True,False,False,True,True,False,False,False,True,False,True,False,False,0,4,6,True,False,True,False,1.0,True,1.538973,False,2018-05-03,2022-04-01,Pre-Seed,2018,88.14285714285714,True,False,True,True,6.0,9.4,True,True,True,True,True,False,False,False,False,False,False,False,4,0,True,False,False,True,False,True,False,True,False,True,False,True,False,True,False,4,0.0,True,False,False,True,False,True,True,True,False,False,False,True,False,1939,5,True,2194,513,0.2338195077484047,0.2101146487791256,0.004639509600861782,2.9442288913467385,0.0,9.564578678683203,0.0,1.8408372601239944,5.569791902778005,9.564578678683203,9.564578678683203,9.564578678683203,5.350794366744902,0.0,11.021103768874283,87.0,14.0,0.6243907643463157,1,1,1,1,0,0,1,2.07,7.696667081526462,False,False,False,False,False,False,,,45.0,65.0
14441,Compare Ethics,https://www.crunchbase.com/organization/compare-ethics,United Kingdom,51.4893335,-0.1440551,2018,2.0,True,True,False,False,True,True,False,False,False,True,False,True,False,False,2,3,7,True,False,True,False,2.0,True,0.903025,False,2020-10-26,2024-09-13,Seed,2020,93.42857142857144,True,True,True,True,10.6,5.9,True,False,True,True,True,True,False,False,True,True,False,False,5,1,True,True,False,True,True,True,True,True,True,True,True,True,True,True,True,5,1.0,True,True,False,True,True,True,True,True,False,False,False,True,False,1939,5,True,2194,513,0.2338195077484047,0.2101146487791256,0.004639509600861782,1.5918327404449204,0.0,5.569791902778005,0.0,1.1146074560672876,5.569791902778005,0.0,2.7848959513890024,5.569791902778005,2.6527790641408715,0.0,5.569791902778005,84.0,77.0,0.7725345126754937,1,1,1,1,0,1,1,2.07,7.901377353792616,False,False,False,False,False,False,,,45.0,65.0
4910,AMMP Technologies,https://www.crunchbase.com/organization/ammp-technologies,The Netherlands,52.3730796,4.8924534,2018,3.0,True,True,True,False,True,False,False,False,False,True,False,True,False,False,0,3,5,True,False,True,False,1.0,True,1.359182,False,2018-09-11,2020-09-07,Seed,2018,116.6,True,False,True,True,6.8,14.6,True,False,True,False,True,False,True,False,False,False,False,False,1,0,True,False,False,True,False,True,False,True,False,True,False,True,False,True,False,1,0.0,True,False,False,True,True,True,True,True,False,True,False,True,False,337,1,True,259,53,0.2046332046332046,0.1861751261099445,0.0,3.2026525015255354,0.0,9.396917390571115,0.0,3.8592047892227512,9.396917390571115,0.5764433507366697,0.5764433507366697,0.5764433507366697,5.9881375977798,0.17763477524829602,12.392472687874157,60.0,7.0,0.5302397755062136,1,1,1,0,0,1,1,2.07,5.993961427306569,False,False,False,False,False,False,,,6.0,14.0
14522,Zeigo,https://www.crunchbase.com/organization/zeigo,United Kingdom,51.4893335,-0.1440551,2018,1.0,True,True,True,False,False,False,False,False,False,False,False,True,False,False,1,3,7,True,False,True,False,1.0,True,1.009993,False,2019-04-05,2020-12-12,Seed,2019,27.625,True,False,True,True,8.5,3.1,True,False,True,False,True,False,False,False,True,False,False,False,4,0,True,False,False,True,False,True,False,True,False,True,False,True,False,True,False,6,0.0,True,False,False,True,False,True,True,False,False,False,False,True,False,1939,5,True,2194,512,0.2333637192342753,0.2097451678955577,0.004639509600861782,2.3930837923154096,0.0,9.490380499657128,0.0,0.027318223201503924,0.08225276663828812,9.490380499657128,9.490380499657128,9.490380499657128,4.0905938806513085,0.0,9.510470996278682,38.0,19.0,0.5701129156281474,1,1,1,1,0,0,0,2.07,8.006700845440367,True,False,False,True,True,True,2022-01-13,4.0,45.0,65.0
14530,Spintex,https://www.crunchbase.com/organization/spintex,United Kingdom,51.7520131,-1.2578499,2018,3.0,True,True,True,False,True,False,False,True,False,False,False,True,False,False,2,2,4,False,False,False,False,0.0,False,0.211595,True,2020-04-04,2020-06-12,Seed,2020,276.6666666666667,False,,True,,10.8,27.5,True,,True,,True,,True,,True,,False,,0,0,False,,False,False,,False,,False,,False,,False,,False,,1,,True,,False,True,,True,True,True,False,False,False,True,False,65,1,True,73,28,0.3835616438356164,0.3246610756928683,0.0,3.678126954690557,0.18803588486669928,8.54253744330378,0.18803588486669928,3.678126954690557,8.54253744330378,0.0,0.0,0.0,5.513842445691997,0.5072020961052702,8.772086474740108,3.0,1.0,0.1324928350569394,0,0,0,0,0,0,0,2.07,7.901377353792616,False,False,False,False,False,False,,,6.6000000000000085,28.40000000000003
14520,Brenpower,https://www.crunchbase.com/organization/bren-i-leri,United Kingdom,51.4893335,-0.1440551,2018,2.0,True,True,True,True,True,False,True,False,False,True,False,True,False,False,2,2,2,False,False,False,False,2.0,True,0.201,True,2020-07-10,2021-07-13,Seed,2020,69.5,False,False,True,True,8.5,3.0,False,False,False,False,False,False,True,True,False,False,False,False,0,0,False,False,False,False,False,False,False,False,False,False,False,False,False,False,False,0,0.0,False,False,False,False,False,True,True,False,False,False,False,False,False,1939,5,True,2194,513,0.2338195077484047,0.2101146487791256,0.004639509600861782,2.4984789294397642,2.4957024738994806,2.501255384980048,0.0,0.0,0.0,2.4957024738994806,2.4984789294397642,2.501255384980048,0.019282556806512946,0.019282556806512946,0.019282556806512946,0.0,0.0,0.0,0,0,0,0,0,0,0,2.07,7.901377353792616,False,False,False,False,False,False,,,45.0,65.0
4939,CtrlChain,https://www.crunchbase.com/organization/chaincargo,The Netherlands,51.4392648,5.478633,2018,2.0,True,False,False,False,True,False,False,False,False,False,False,True,False,True,1,3,3,True,False,True,False,1.0,True,3.072504,False,2019-10-01,2021-10-01,Seed,2019,92.0,True,True,False,False,40.7,17.7,False,False,True,False,False,False,False,False,False,False,False,False,0,0,False,False,False,True,True,True,True,True,True,True,True,False,False,False,False,3,1.0,True,True,True,False,False,False,False,False,False,False,False,True,True,31,1,True,26,4,0.1538461538461538,0.1431008436406733,0.1025854152192535,0.04740540456215752,0.032862855590003515,0.07649050250646557,0.032862855590003515,0.05467667904823453,0.07649050250646557,0.032862855590003515,0.032862855590003515,0.032862855590003515,0.03752792027505638,0.0,0.056291880412584566,16.0,2.0,0.3133110331910896,1,0,0,0,1,1,1,2.07,6.2166061010848646,False,False,False,False,False,False,,,1.400000000000002,9.0
14513,Thriftify,https://www.crunchbase.com/organization/thriftify,United Kingdom,51.4893335,-0.1440551,2018,4.0,True,True,False,False,False,True,False,False,False,True,False,True,False,False,2,1,2,False,False,False,False,2.0,True,0.587418,False,2020-10-28,2020-10-28,Equity Crowdfunding,2020,363.0,False,False,True,True,15.5,58.5,False,False,True,True,False,False,False,False,False,False,False,False,0,0,False,False,False,False,False,False,False,False,False,False,False,False,False,False,False,0,0.0,False,False,False,True,True,False,False,False,False,False,False,True,True,1939,5,True,2194,513,0.2338195077484047,0.2101146487791256,0.004639509600861782,0.46265857540425226,0.46265857540425226,0.46265857540425226,0.0,0.0,0.0,0.46265857540425226,0.46265857540425226,0.46265857540425226,0.0,0.0,0.0,4.0,2.0,0.1919094156907527,1,0,0,0,0,0,0,2.07,7.901377353792616,False,False,False,False,False,False,,,45.0,65.0
14777,hiber,https://www.crunchbase.com/organization/hiber-f2f0,United Kingdom,51.4893335,-0.1440551,2018,1.0,True,True,True,False,False,False,False,False,False,False,False,True,False,False,0,1,2,False,False,False,False,0.0,False,0.0,True,2018-09-06,2018-09-06,Series A,2018,436.5,False,,True,,4.0,60.0,False,,True,,False,,False,,False,,False,,0,0,False,,False,False,,False,,False,,False,,False,,False,,0,,False,,False,True,,False,False,False,False,True,True,True,True,1939,5,True,2194,513,0.2338195077484047,0.2101146487791256,0.004639509600861782,0.9255551691476164,0.918452570524003,0.9326577677712301,0.918452570524003,0.9255551691476164,0.9326577677712301,0.0,0.0,0.0,0.503232713780143,0.503232713780143,0.503232713780143,14.0,15.0,0.4548070025836928,1,0,0,1,0,0,0,2.07,7.696667081526462,False,False,True,False,True,True,,,45.0,65.0
5904,Gridio,https://www.crunchbase.com/organization/gridio,Estonia,59.4372155,24.7453688,2018,1.0,True,True,True,False,True,False,False,False,False,True,False,True,False,False,1,3,9,False,False,True,False,1.0,True,4.444682,False,2019-12-06,2025-01-27,Seed,2019,17.1,True,False,True,True,4.8,2.6,False,False,True,False,False,False,True,False,True,False,True,False,5,0,True,False,False,True,False,True,False,True,False,True,False,True,False,True,False,5,0.0,True,False,False,True,False,True,True,False,False,False,False,True,False,102,0,False,114,11,0.0964912280701754,0.0921152889078056,0.0,1.4930813568399883,0.0,9.270261216011441,0.0,1.4930813568399883,9.270261216011441,0.0,0.0,0.0,2.795004528925931,0.0,10.499939089445965,12.0,19.0,0.4611277984214151,1,0,0,1,0,1,0,2.07,3.616308761279101,False,False,False,False,False,False,,,19.0,50.0
690,ClimateView,https://www.crunchbase.com/organization/climateview,Sweden,59.3251172,18.0710935,2018,3.0,False,True,False,False,False,False,False,False,False,True,False,True,False,False,1,2,8,True,False,True,False,2.0,True,4.697128,False,2019-01-01,2020-04-09,Series A,2019,227.375,True,True,True,False,8.3,33.4,True,False,True,True,False,False,False,False,True,True,False,False,3,2,True,True,False,True,True,True,True,True,True,True,True,True,True,True,True,4,2.0,True,True,False,True,True,True,True,True,False,False,False,True,False,334,2,True,250,59,0.236,0.211880359035499,0.0,3.7569589959824228,0.0,8.648972677387835,0.0,5.009278661309897,8.648972677387835,0.0,0.0,0.0,4.887561500985949,0.0,8.830529952893013,47.0,33.0,0.6394994702146828,1,1,1,1,1,1,1,2.07,,False,True,True,True,True,True,,,12.0,18.200000000000017
22040,Vapaus,https://www.crunchbase.com/organization/vapaus,Finland,60.1717794,24.9413548,2018,3.0,False,True,False,False,True,True,False,False,False,False,False,True,False,False,2,2,3,False,False,True,False,0.0,False,3.71118,False,2020-12-21,2021-11-30,Seed,2020,19.5,True,,False,,6.0,1.2,False,,True,,False,,False,,False,,False,,4,0,True,,True,True,,True,,True,,True,,True,,True,,4,,True,,True,True,,False,False,False,False,False,False,True,True,147,2,True,216,49,0.2268518518518518,0.2044514183020571,0.0004833470476976217,0.0,0.0,0.0,0.0,0.0,0.0,0.0,0.0,0.0,0.0,0.0,0.0,13.0,4.0,0.341017732833832,1,0,0,0,0,0,0,2.07,5.993961427306569,False,False,False,False,False,False,,,9.0,19.0
14690,Lumi Space,https://www.crunchbase.com/organization/lumi-space,United Kingdom,51.4893335,-0.1440551,2018,1.0,True,True,False,False,True,False,False,False,False,True,False,True,False,False,1,1,1,False,True,True,True,1.0,True,0.0,True,2019-01-19,2019-01-19,Pre-Seed,2019,354.0,True,True,False,False,8.0,40.0,False,False,True,True,True,True,False,False,False,False,False,False,1,1,True,True,True,True,True,True,True,True,True,True,True,True,True,True,True,1,1.0,True,True,True,True,True,False,False,False,False,False,False,True,True,1939,5,True,2194,513,0.2338195077484047,0.2101146487791256,0.004639509600861782,0.0,0.0,0.0,0.0,0.0,0.0,0.0,0.0,0.0,0.0,0.0,0.0,70.0,37.0,0.688561718781946,1,1,1,1,0,0,1,2.07,8.006700845440367,False,False,False,False,False,False,,,45.0,65.0
14240,OCEANIUM,https://www.crunchbase.com/organization/oceanium,United Kingdom,56.4120166,-5.4723731,2018,2.0,True,False,False,False,True,False,True,False,True,False,False,True,False,False,2,4,8,True,False,False,False,2.0,True,8.047498,False,2020-08-01,2022-10-01,Undisclosed,2020,13.818181818181818,False,False,True,True,16.4,0.8,True,True,True,False,False,False,False,False,False,False,False,False,0,0,False,False,False,False,False,False,False,False,False,False,False,False,False,False,False,3,1.0,True,True,False,True,True,True,True,True,False,False,False,True,False,1,0,False,0,0,0.0,0.0,0.3442555286520464,4.689433575273927,0.6485625446117187,9.607103570306679,0.6485625446117187,5.014002859814598,9.607103570306679,0.6485625446117187,3.228871794840903,5.809181045070087,5.129619528229081,0.0,13.112991460851532,0.0,0.0,0.0,0,0,0,0,1,1,1,2.07,7.901377353792616,False,False,False,False,False,False,,,0.0,0.0
1484,Intoto,https://www.crunchbase.com/organization/intoto-74fc,Norway,58.31215,6.96187,2018,3.0,True,False,True,True,True,True,False,False,False,True,False,True,False,False,2,2,8,False,False,True,False,0.0,False,2.322406,False,2020-09-20,2021-09-06,Pre-Seed,2020,2.6,True,,True,,3.2,0.3,False,,False,,True,,False,,False,,False,,0,0,False,,False,True,,True,,False,,False,,False,,False,,9,,True,,True,True,,False,False,False,False,False,False,True,True,0,0,False,0,0,0.0,0.0,0.279542080427232,0.11378680848247084,0.06325437929749463,0.2852192339125681,0.06325437929749463,0.11378680848247084,0.2852192339125681,0.0,0.0,0.0,0.11864413460550265,0.0,0.3058328175538439,0.0,0.0,0.0,0,0,0,0,1,1,1,2.07,4.61512051684126,False,False,False,False,False,False,,,0.0,0.0
14228,THIS,https://www.crunchbase.com/organization/this-co,United Kingdom,51.4893335,-0.1440551,2018,2.0,False,True,False,False,False,False,True,False,False,False,False,True,False,False,2,1,5,True,False,False,False,1.0,True,7.142779,False,2020-01-09,2020-01-09,Series C,2020,169.8,True,True,True,False,9.6,44.8,True,False,True,True,True,False,False,False,True,False,False,False,3,1,True,True,False,True,True,True,True,True,True,True,True,True,True,True,True,3,1.0,True,True,False,True,True,False,False,False,False,False,False,True,True,1939,5,True,2194,512,0.2333637192342753,0.2097451678955577,0.004639509600861782,0.13704336161004374,0.0,0.34260840402510934,0.0,0.17130420201255467,0.34260840402510934,0.0,0.0,0.0,0.2055650424150656,0.0,0.34260840402510934,151.0,100.0,0.8539533886858872,1,1,1,1,0,1,1,2.07,7.901377353792616,False,True,True,True,True,True,,,45.0,65.0
3726,Harold Waste,https://www.crunchbase.com/organization/harold-waste,France,47.4739884,-0.5515588,2018,1.0,True,False,False,False,False,False,False,False,False,False,False,True,False,False,0,1,1,False,True,False,True,1.0,True,0.0,True,2018-12-01,2018-12-01,Seed,2018,53.0,False,False,True,True,2.0,7.0,False,False,True,True,False,False,False,False,True,True,False,False,0,0,False,False,False,False,False,False,False,False,False,False,False,False,False,False,False,0,0.0,False,False,False,True,True,False,False,False,False,True,True,True,True,3,0,False,0,0,0.0,0.0,0.26441009238194896,1.1410394769045216,1.1410394769045216,1.1410394769045216,0.0,0.0,0.0,1.1410394769045216,1.1410394769045216,1.1410394769045216,0.0,0.0,0.0,0.0,0.0,0.0,0,0,0,0,1,1,1,2.07,7.0909098220799835,False,False,False,False,False,False,,,0.0,0.0
1423,Chooose,https://www.crunchbase.com/organization/chooose,Norway,59.9723975,10.7757292,2018,2.0,True,True,False,False,False,False,False,False,False,True,False,True,False,False,0,3,6,True,False,True,False,2.0,True,8.7,False,2017-07-31,2021-07-01,Series B,2017,44.333333333333336,True,False,True,True,6.6,5.3,True,True,False,False,True,False,False,False,True,False,True,True,1,0,True,False,False,True,False,True,False,True,False,True,False,True,False,True,False,2,0.0,True,False,False,True,False,False,False,False,False,True,False,True,True,117,1,True,77,21,0.2727272727272727,0.241162056816888,0.0068796624669323235,0.6896531006459176,0.0,1.047050249190068,0.0,0.4778907042321751,1.0412435368286481,0.9675431413429948,1.0072966952665314,1.047050249190068,1.043810235224646,0.34750477592624834,1.4320933109157508,1.0,0.0,0.0,0,0,0,0,0,0,0,2.07,4.330733340286331,False,True,True,True,True,True,,,6.0,7.600000000000008
14267,Xampla,https://www.crunchbase.com/organization/xampla,United Kingdom,52.2055314,0.1186637,2018,1.0,True,True,False,False,True,False,False,True,False,False,False,True,False,False,2,2,6,True,False,False,False,3.0,True,10.803507,False,2020-04-29,2021-01-08,Series B,2020,93.42857142857144,True,True,True,True,17.3,23.3,False,False,True,True,False,False,False,False,False,False,True,False,2,2,True,True,False,True,True,True,True,True,True,True,True,True,True,True,True,5,2.0,True,True,False,True,True,True,True,True,False,False,False,True,False,54,1,True,97,27,0.2783505154639175,0.245570587101654,0.0,2.6265314476130603,0.0,9.569781875115934,0.0816565725707354,2.203984564543872,8.570968540463282,0.0,3.1899272917053114,9.569781875115934,4.885876236194002,0.0,11.099267718043876,32.0,12.0,0.513932725633377,1,1,1,1,1,1,1,2.07,7.901377353792616,False,False,True,False,True,True,,,10.0,17.0
3471,TechnoCarbon,https://www.crunchbase.com/organization/technocarbon,France,48.8534951,2.3483915,2018,2.0,True,True,True,False,False,False,False,False,False,False,False,True,True,False,2,2,2,False,False,True,False,2.0,True,1.440418,False,2020-02-07,2022-09-06,Seed,2020,3.5,True,True,False,False,8.0,0.0,False,False,False,False,False,False,False,False,False,False,False,False,2,2,True,True,True,True,True,True,True,True,True,True,True,True,True,True,True,2,2.0,True,True,True,True,True,False,False,False,False,False,False,True,True,841,4,True,664,216,0.3253012048192771,0.2816397579958183,0.0006205248203236772,0.004299142926795436,0.0,0.008598285853590872,0.0,0.0,0.0,0.0,0.004299142926795436,0.008598285853590872,0.008598285853590872,0.008598285853590872,0.008598285853590872,0.0,0.0,0.0,0,0,0,0,0,0,0,2.07,7.244941546337007,False,False,False,False,False,False,,,28.0,37.0
3506,WIND my ROOF,https://www.crunchbase.com/organization/wind-my-roof,France,48.8474508,2.4396714,2018,2.0,True,True,True,False,False,False,False,False,False,False,False,True,False,False,2,1,2,False,False,False,False,0.0,False,0.220548,True,2020-02-28,2020-02-28,Venture - Series Unknown,2020,77.0,False,,True,,7.0,3.5,True,,False,,True,,False,,False,,False,,0,0,False,,False,False,,False,,False,,False,,False,,False,,0,,False,,False,False,,True,True,False,False,False,False,True,False,841,4,True,633,208,0.3285939968404423,0.2841212378287718,0.006900863842835413,4.931336056608323,0.3604259127967867,9.50224620041986,0.3604259127967867,4.931336056608323,9.50224620041986,0.0,0.0,0.0,9.143449540022575,9.143449540022575,9.143449540022575,1.0,1.0,0.0637308819147395,0,0,0,0,0,0,0,2.07,7.244941546337007,False,False,True,False,True,True,,,28.0,37.0
6889,Mitiga Solutions,https://www.crunchbase.com/organization/mitiga-solutions,Spain,41.3825802,2.177073,2018,2.0,True,True,True,False,True,False,False,False,True,True,False,True,True,True,1,1,1,False,True,True,False,0.0,False,1.364219,False,2019-01-21,2019-01-21,Series A,2019,58.0,True,,False,,4.0,13.0,False,,False,,False,,False,,False,,False,,1,0,True,,True,True,,True,,True,,True,,True,,True,,1,,True,,True,True,,False,False,False,False,False,False,True,True,256,2,True,291,66,0.2268041237113402,0.2044125146081465,0.0,0.0,0.0,0.0,0.0,0.0,0.0,0.0,0.0,0.0,0.0,0.0,0.0,4.0,4.0,0.2388768829477851,1,0,0,0,0,0,0,2.07,5.993961427306569,False,False,True,False,True,True,,,11.0,15.600000000000025
1548,Loopfront,https://www.crunchbase.com/organization/loopfront,Norway,63.5,11.0,2018,2.0,True,False,False,False,False,False,False,False,False,True,False,True,True,False,2,1,1,False,True,True,True,1.0,True,1.197114,False,2020-05-18,2020-05-18,Pre-Seed,2020,5.0,False,False,True,True,0.0,0.0,False,False,False,False,False,False,False,False,False,False,False,False,0,0,False,False,False,False,False,False,False,False,False,False,False,False,False,False,False,1,1.0,True,True,True,True,True,False,False,False,False,False,False,True,True,7,0,False,12,2,0.1666666666666666,0.1541506798272582,0.3990558334953436,0.39242857586787727,0.39242857586787727,0.39242857586787727,0.0,0.0,0.0,0.39242857586787727,0.39242857586787727,0.39242857586787727,0.0,0.0,0.0,0.0,0.0,0.0,0,0,0,0,1,1,0,2.07,4.61512051684126,False,False,False,False,False,False,,,0.0,1.2000000000000002
813,Volta Greentech,https://www.crunchbase.com/organization/volta-greentech,Sweden,59.3251172,18.0710935,2018,4.0,False,True,False,False,False,False,True,False,False,False,False,True,False,False,2,1,8,False,False,False,False,0.0,False,0.511194,False,2020-05-12,2020-05-12,Angel,2020,9.0,True,,True,,4.0,1.0,False,,False,,False,,False,,False,,False,,4,0,True,,False,True,,True,,True,,True,,True,,True,,5,,True,,False,True,,True,True,True,False,False,False,True,False,334,2,True,250,60,0.24,0.2151113796169455,0.0,1.365404531464052,0.0,8.649238460265922,0.0,1.365404531464052,8.649238460265922,0.0,0.0,0.0,2.699094285998586,0.0,8.830657419318195,7.0,27.0,0.443900875144295,1,0,0,1,0,1,0,2.07,,False,False,False,False,False,False,,,12.0,18.200000000000017
3686,Heuristech,https://www.crunchbase.com/organization/heuristech,France,48.8534951,2.3483915,2018,1.0,True,True,True,False,True,False,False,False,False,False,False,True,False,False,1,1,1,False,True,False,False,0.0,False,0.12,True,2019-12-04,2019-12-04,Seed,2019,0.0,False,,True,,13.0,545.0,False,,True,,True,,False,,False,,False,,0,0,False,,False,False,,False,,False,,False,,False,,False,,0,,False,,False,False,,True,True,True,True,False,False,False,False,841,4,True,664,216,0.3253012048192771,0.2816397579958183,0.0006205248203236772,7.853780173015904,7.853780173015904,7.853780173015904,7.853780173015904,7.853780173015904,7.853780173015904,0.0,0.0,0.0,0.0,0.0,0.0,24.0,12.0,0.4863909552876669,1,1,1,1,0,0,0,2.07,7.378383712996715,False,False,False,False,False,False,,,28.0,37.0
14301,Continuum Industries,https://www.crunchbase.com/organization/continuum-industries,United Kingdom,55.9519018,-3.1904199,2018,3.0,True,False,True,False,True,False,False,False,False,True,False,True,False,False,0,3,7,True,False,True,False,2.0,True,5.447405,False,2018-10-01,2022-03-31,Series A,2018,69.5,True,False,True,True,10.6,10.0,False,False,True,True,False,False,False,False,True,True,False,False,1,0,True,False,False,True,False,True,False,True,False,True,False,True,False,True,False,8,2.0,True,True,False,True,True,False,False,False,False,False,False,True,True,45,1,True,56,11,0.1964285714285714,0.1793409286558168,0.28153747747239416,0.5823034832630732,0.0,1.3442994373147277,0.0,0.4869512337956716,1.3442994373147277,0.5350383793731515,0.8047920653536768,1.3442994373147277,0.605314208785632,0.0,1.4672457798793177,13.0,9.0,0.4047486147485716,1,0,0,0,0,1,1,2.07,7.696667081526462,False,False,True,False,True,True,,,9.0,13.0
14385,Minviro,https://www.crunchbase.com/organization/minviro,United Kingdom,51.4893335,-0.1440551,2018,2.0,True,True,False,True,True,False,False,False,False,True,False,True,False,False,2,1,1,False,True,True,False,0.0,False,2.607086,False,2020-04-03,2020-04-03,Seed,2020,52.0,True,,False,,9.0,5.0,False,,False,,True,,False,,False,,False,,1,0,True,,True,True,,True,,True,,True,,True,,True,,1,,True,,True,True,,False,False,False,False,False,False,True,True,1939,5,True,2194,513,0.2338195077484047,0.2101146487791256,0.004639509600861782,0.0,0.0,0.0,0.0,0.0,0.0,0.0,0.0,0.0,0.0,0.0,0.0,12.0,11.0,0.4141603311643828,1,0,0,0,0,0,0,2.07,7.901377353792616,False,False,False,False,False,False,,,45.0,65.0
14349,Ocean Bottle,https://www.crunchbase.com/organization/the-ocean-bottle,United Kingdom,51.4893335,-0.1440551,2018,3.0,False,True,False,False,True,False,False,False,False,True,True,True,False,False,1,1,1,False,True,True,True,1.0,True,0.15,True,2019-03-18,2019-03-18,Series A,2019,39.0,False,False,True,True,1.0,0.0,True,True,False,False,True,True,False,False,False,False,False,False,0,0,False,False,False,False,False,False,False,False,False,False,False,False,False,False,False,0,0.0,False,False,False,True,True,False,False,False,False,False,False,True,True,1939,5,True,2194,513,0.2338195077484047,0.2101146487791256,0.004639509600861782,1.1618429287471144,1.1618429287471144,1.1618429287471144,0.0,0.0,0.0,1.1618429287471144,1.1618429287471144,1.1618429287471144,0.0,0.0,0.0,1.0,2.0,0.1010110579727503,0,0,0,0,0,0,0,2.07,8.006700845440367,False,False,True,False,True,True,,,45.0,65.0
21092,Blue World Technologies,https://www.crunchbase.com/organization/blue-world-technologies,Denmark,57.0462626,9.9215263,2018,3.0,True,False,True,False,True,False,False,False,False,False,False,True,False,False,1,2,3,True,False,True,False,2.0,True,7.847484,False,2019-11-01,2020-12-17,Series C,2019,76.33333333333333,False,False,True,True,16.3,15.7,True,True,False,False,False,False,False,False,False,False,False,False,0,0,False,False,False,False,False,False,False,False,False,False,False,False,False,False,False,1,0.0,True,False,False,True,True,False,False,False,False,False,False,True,True,3,0,False,14,0,0.0,0.0,0.22237046823451823,0.6604629938341419,0.2185744935289241,0.8977980067361615,0.2185744935289241,0.2185744935289241,0.2185744935289241,0.8650164812373401,0.8814072439867509,0.8977980067361615,0.7527297307011204,0.490648285456745,0.9600589589142212,0.0,0.0,0.0,0,0,0,0,1,1,0,2.07,5.707110264748875,False,True,True,True,True,True,,,0.0,1.0
14316,Naturbeads,https://www.crunchbase.com/organization/naturbeads,United Kingdom,51.3813864,-2.3596963,2018,1.0,True,False,False,False,True,False,False,True,False,False,False,True,False,False,2,2,4,True,False,True,False,1.0,True,1.724339,False,2020-07-01,2022-06-13,Series A,2020,9.0,False,False,True,True,10.8,0.0,False,False,False,False,False,False,False,False,False,False,True,False,0,0,False,False,False,False,False,False,False,False,False,False,False,False,False,False,False,1,0.0,True,False,False,False,False,True,True,True,False,True,False,True,False,32,1,True,8,0,0.0,0.0,0.08659288075843347,2.7711597860967396,0.5521533745418462,8.518782732438735,0.5521533745418462,3.4841276089656694,8.518782732438735,0.6322563174899504,0.6322563174899504,0.6322563174899504,5.034673301663129,0.7495212761662918,9.70053676848808,0.0,0.0,0.0,0,0,0,0,0,0,0,2.07,7.901377353792616,False,False,True,False,True,True,,,2.0,7.0
14317,Oxwash,https://www.crunchbase.com/organization/oxwash,United Kingdom,51.7520131,-1.2578499,2018,3.0,False,True,False,False,True,True,False,False,False,False,False,True,True,False,2,4,17,True,False,False,False,2.0,True,6.970665,False,2020-05-04,2022-02-01,Series A,2020,46.958333333333336,True,False,True,True,16.9,7.3,True,False,True,False,True,False,False,False,True,False,True,True,1,0,True,False,False,True,False,True,False,True,False,True,False,True,False,True,False,15,0.0,True,False,False,True,False,True,True,True,False,False,False,True,False,65,1,True,73,28,0.3835616438356164,0.3246610756928683,0.0,2.1737366203172077,0.0,8.54253744330378,0.0,1.8704603906511805,8.54253744330378,8.54253744330378,8.54253744330378,8.54253744330378,3.2950916430374075,0.0,8.616713337577476,9.0,0.0,0.1596603108602024,0,0,0,0,0,0,0,2.07,7.901377353792616,False,False,True,False,True,True,,,6.6000000000000085,28.40000000000003
20622,Bi-rex,https://www.crunchbase.com/organization/bi-rex,Italy,45.4641943,9.1896346,2019,2.0,True,True,False,False,True,False,False,False,False,False,False,True,False,False,1,1,1,False,True,True,True,1.0,True,0.17567,True,2020-05-20,2020-05-20,Pre-Seed,2020,136.0,False,False,True,True,23.0,45.0,False,False,True,True,False,False,False,False,False,False,False,False,0,0,False,False,False,False,False,False,False,False,False,False,False,False,False,False,False,0,0.0,False,False,False,True,True,False,False,False,False,False,False,True,True,185,1,True,148,29,0.1959459459459459,0.178937458809714,0.0,0.6395855089406035,0.6395855089406035,0.6395855089406035,0.0,0.0,0.0,0.6395855089406035,0.6395855089406035,0.6395855089406035,0.0,0.0,0.0,6.0,7.0,0.3154699002060681,1,0,0,0,0,1,0,1.81,5.993961427306569,False,False,False,False,False,False,,,4.0,8.0
703,AirForestry,https://www.crunchbase.com/organization/airforestry,Sweden,59.8586126,17.6387436,2019,4.0,False,False,False,False,True,True,True,False,False,True,False,True,False,False,1,2,8,True,False,True,False,2.0,True,9.633358,False,2020-09-01,2024-10-10,Venture - Series Unknown,2020,29.444444444444443,True,True,True,True,15.2,8.0,True,True,True,True,False,False,False,False,True,True,False,False,0,0,False,False,False,True,True,True,True,False,False,False,False,False,False,False,False,5,1.0,True,True,False,True,True,False,False,False,False,False,False,True,True,5,0,False,12,0,0.0,0.0,0.06411843760759518,0.7111963922819414,0.06411843760759518,1.4443464412910207,0.06411843760759518,0.6989003788055509,1.4443464412910207,0.06411843760759518,0.754232439449308,1.4443464412910207,1.0324945433631334,0.0,2.0704716242388597,1.0,0.0,0.0,0,0,0,0,1,1,1,1.81,,False,False,True,False,True,True,,,0.0,1.0
20755,Squiseat,https://www.crunchbase.com/organization/squiseat,Italy,44.4938203,11.3426327,2019,1.0,False,False,False,False,False,False,True,False,False,True,False,True,False,False,1,1,1,False,True,True,False,0.0,False,0.054758,True,2020-04-01,2020-04-01,Pre-Seed,2020,43.0,True,,False,,8.0,5.0,False,,False,,True,,False,,False,,False,,0,0,False,,False,True,,False,,False,,False,,False,,False,,1,,True,,True,False,,False,False,False,False,False,False,True,True,16,1,True,9,1,0.1111111111111111,0.1053605156578263,0.2007881922946392,0.08080667722277089,0.08080667722277089,0.08080667722277089,0.08080667722277089,0.08080667722277089,0.08080667722277089,0.0,0.0,0.0,0.0,0.0,0.0,2.0,0.0,0.0402231640645322,0,0,0,0,1,0,0,1.81,5.993961427306569,False,False,False,False,False,False,,,2.0,2.2
767,Bower,https://www.crunchbase.com/organization/pantapåsen-sugi-group,Sweden,59.3251172,18.0710935,2019,2.0,False,True,False,False,True,False,False,False,False,False,True,True,False,False,1,2,5,True,False,True,False,1.0,True,5.542606,False,2020-06-08,2022-03-23,Seed,2020,111.71428571428572,True,True,True,False,10.1,15.4,False,False,True,False,False,False,False,False,False,False,False,False,3,1,True,True,False,True,True,True,True,True,True,True,True,True,True,True,True,3,1.0,True,True,False,True,True,False,False,False,False,False,False,True,True,334,2,True,291,61,0.2096219931271477,0.1903079084266045,0.0,0.2376855548185091,0.0,0.4159497209323909,0.0,0.2772998139549273,0.4159497209323909,0.0,0.0,0.0,0.23768555481850911,0.0,0.4159497209323909,46.0,24.0,0.6091394756606092,1,1,1,1,0,1,1,1.81,,False,False,False,False,False,False,,,12.0,18.200000000000017
22017,Origin by Ocean,https://www.crunchbase.com/organization/origin-by-ocean,Finland,60.83333,26.0,2019,2.0,True,False,False,False,True,False,False,True,False,False,False,True,False,False,1,2,10,True,False,False,False,1.0,True,5.509522,False,2020-05-20,2023-04-26,Seed,2020,18.6,True,True,True,False,11.8,3.0,True,True,True,True,False,False,False,False,True,False,False,False,1,0,True,False,False,True,True,True,False,True,False,True,False,True,False,True,False,8,1.0,True,True,False,True,True,False,False,False,False,False,False,True,True,32,0,False,60,11,0.1833333333333333,0.1683353148192147,0.09398058736034391,0.28437006012643895,0.0,1.9037808990400231,0.0,0.30821007403335227,1.9037808990400231,0.09364994887113248,0.09364994887113248,0.09364994887113248,0.4256229785286984,0.0,1.9037808990400231,4.0,0.0,0.0908983577180024,0,0,0,0,0,0,0,1.81,5.993961427306569,False,False,False,False,False,False,,,2.0,5.0
21990,Skyfora,https://www.crunchbase.com/organization/skyfora,Finland,60.1717794,24.9413548,2019,1.0,True,True,True,True,True,False,False,False,True,True,False,True,False,False,0,3,5,True,False,True,False,3.0,True,4.377629,False,2019-02-19,2025-03-03,Seed,2019,147.66666666666666,True,True,True,True,15.2,6.7,True,True,True,True,True,True,False,False,True,True,False,False,3,2,True,True,False,True,True,True,True,True,True,True,True,True,True,True,True,3,2.0,True,True,False,True,True,False,False,False,False,False,False,True,True,147,2,True,233,49,0.2103004291845493,0.1908686173724129,0.0004833470476976217,0.6794530066224962,0.0,1.6481780695433328,0.0,0.8240890347716664,1.6481780695433328,0.0,0.607134992547911,1.546284018649189,0.9175572768803274,0.0,1.6481780695433328,23.0,1.0,0.3102399054058716,1,0,0,0,0,0,1,1.81,5.707110264748875,False,False,False,False,False,False,,,9.0,19.0
20668,Piantando,https://www.crunchbase.com/organization/piantando,Italy,45.4641943,9.1896346,2019,2.0,True,True,False,False,True,True,False,False,False,False,False,True,False,True,1,2,6,False,False,True,False,0.0,False,0.15242,True,2020-05-15,2020-05-15,Seed,2020,3.6666666666666665,True,,True,,7.0,0.3,False,,False,,False,,False,,False,,False,,2,0,True,,True,True,,True,,True,,True,,True,,True,,2,,True,,True,True,,False,False,False,False,False,False,True,True,185,1,True,148,29,0.1959459459459459,0.178937458809714,0.0,0.0,0.0,0.0,0.0,0.0,0.0,0.0,0.0,0.0,0.0,0.0,0.0,5.0,0.0,0.1089851172067322,0,0,0,0,0,0,0,1.81,5.993961427306569,False,False,False,False,False,False,,,4.0,8.0
1059,Celcibus,https://www.crunchbase.com/organization/celcibus,Sweden,57.7072326,11.9670171,2019,2.0,False,False,True,False,False,False,False,False,False,False,False,True,False,False,1,2,1,False,True,False,False,0.0,False,0.393477,True,2020-05-28,2020-12-01,Seed,2020,153.0,False,,True,,10.0,7.0,True,,False,,True,,False,,False,,False,,0,0,False,,False,False,,False,,False,,False,,False,,False,,0,,False,,False,False,,False,False,False,False,False,False,True,True,25,2,True,68,13,0.1911764705882352,0.1749414494963319,0.22766469926136576,0.811991173635627,0.811991173635627,0.811991173635627,0.811991173635627,0.811991173635627,0.811991173635627,0.0,0.0,0.0,0.0,0.0,0.0,1.0,0.0,0.0,0,0,0,0,0,0,0,1.81,,False,False,False,False,False,False,,,8.0,41.0
21639,Gropyus,https://www.crunchbase.com/organization/gropyus,Austria,48.1857192,16.4221587,2019,4.0,True,True,False,False,False,False,False,False,False,True,False,True,True,False,1,2,3,False,False,True,False,0.0,False,0.0,True,2020-01-01,2022-05-01,Venture - Series Unknown,2020,27.0,False,,True,,13.5,2.0,True,,False,,False,,False,,False,,False,,0,0,False,,False,False,,False,,False,,False,,False,,False,,0,,False,,False,True,,True,True,False,False,True,False,True,False,127,2,True,110,30,0.2727272727272727,0.241162056816888,0.004458645788406763,0.7038420382402117,0.5264909530185515,1.05113397672789,0.5264909530185515,0.7038420382402117,1.05113397672789,0.0,0.0,0.0,0.8394536192921516,0.5190277859466533,1.2050929087079436,0.0,0.0,0.0,0,0,0,0,0,0,0,1.81,4.387014176184921,False,True,True,True,True,True,,,7.0,8.0
125,DAC - Dynamic Air Cooling,https://www.crunchbase.com/organization/dac-sp-z-o-o,Poland,54.1558708,19.4044583,2019,3.0,True,False,False,False,True,True,False,False,False,True,False,True,False,False,1,1,1,False,True,False,True,1.0,True,0.282274,True,2020-06-05,2020-06-05,Seed,2020,21.0,False,False,True,True,2.0,0.0,False,False,False,False,False,False,False,False,False,False,False,False,0,0,False,False,False,False,False,False,False,False,False,False,False,False,False,False,False,1,1.0,True,True,True,False,False,False,False,False,False,False,False,True,True,1,0,False,1,0,0.0,0.0,0.2390644388313465,0.45666949073020346,0.45666949073020346,0.45666949073020346,0.0,0.0,0.0,0.45666949073020346,0.45666949073020346,0.45666949073020346,0.0,0.0,0.0,0.0,0.0,0.0,0,0,0,0,1,1,1,1.81,4.93806460126142,False,False,False,False,False,False,,,0.0,0.0
20817,EXE Engineering,https://www.crunchbase.com/organization/exe-engineering-d865,Italy,43.4677215,11.148762,2019,1.0,True,False,True,True,True,False,False,False,False,True,False,True,False,False,0,2,2,True,False,True,False,1.0,True,0.0,True,2019-06-01,2020-05-01,Pre-Seed,2019,25.5,True,True,False,False,7.0,1.0,False,False,False,False,True,True,False,False,True,True,False,False,0,0,False,False,False,True,True,True,True,True,True,False,False,False,False,False,False,2,1.0,True,True,True,False,False,False,False,False,False,False,False,True,True,12,0,False,0,0,0.0,0.0,0.27100335623707306,0.0422113754423341,0.0422113754423341,0.0422113754423341,0.0422113754423341,0.0422113754423341,0.0422113754423341,0.0422113754423341,0.0422113754423341,0.0422113754423341,0.0,0.0,0.0,0.0,0.0,0.0,0,0,0,0,1,1,0,1.81,5.303304908059076,False,False,False,False,False,False,,,0.0,0.6000000000000001
21651,Metaloop,https://www.crunchbase.com/organization/metaloop,Austria,47.0708678,15.4382786,2019,2.0,True,False,False,False,True,False,False,False,False,False,False,True,False,False,1,1,2,True,False,False,False,1.0,True,3.308113,False,2020-10-22,2020-10-22,Series A,2020,28.0,False,False,True,True,5.0,60.5,True,True,True,False,False,False,False,False,True,False,False,False,0,0,False,False,False,False,False,False,False,False,False,False,False,False,False,False,False,0,0.0,False,False,False,False,False,True,True,True,False,True,False,True,False,10,0,False,13,2,0.1538461538461538,0.1431008436406733,0.14455538235517748,3.7897058954330007,0.7803983003558435,6.799013490510158,6.799013490510158,6.799013490510158,6.799013490510158,0.7803983003558435,0.7803983003558435,0.7803983003558435,6.029911056245121,6.029911056245121,6.029911056245121,1.0,1.0,0.0637308819147395,0,0,0,0,1,1,0,1.81,4.387014176184921,False,False,True,False,True,True,,,1.0,2.0
15202,Inhabit,https://www.crunchbase.com/organization/inhabit-5276,United Kingdom,51.4893335,-0.1440551,2019,4.0,True,True,True,False,True,False,False,False,False,False,False,True,False,False,1,1,1,False,True,True,False,0.0,False,1.724057,False,2020-10-01,2020-10-01,Seed,2020,165.0,True,,False,,8.0,4.0,True,,False,,True,,False,,False,,False,,1,0,True,,True,True,,True,,True,,True,,True,,True,,1,,True,,True,True,,False,False,False,False,False,False,True,True,1939,5,True,2413,541,0.2242022378781599,0.2022893974662933,0.004639509600861782,0.0,0.0,0.0,0.0,0.0,0.0,0.0,0.0,0.0,0.0,0.0,0.0,89.0,3.0,0.5050923091031458,1,1,1,0,0,0,1,1.81,7.901377353792616,False,False,False,False,False,False,,,45.0,65.0
14949,Net Purpose,https://www.crunchbase.com/organization/net-purpose,United Kingdom,51.4893335,-0.1440551,2019,3.0,True,True,False,False,False,False,False,False,True,False,False,True,False,False,1,2,2,True,False,True,False,1.0,True,0.0,True,2020-05-12,2020-12-10,Series A,2020,35.5,True,True,True,False,3.0,4.0,True,True,True,True,False,False,False,False,False,False,False,False,1,1,True,True,False,True,True,True,True,True,True,True,True,True,True,True,True,1,1.0,True,True,False,True,True,False,False,False,False,True,False,True,True,1939,5,True,2413,541,0.2242022378781599,0.2022893974662933,0.004639509600861782,0.466328883885615,0.0,0.9326577677712301,0.9326577677712301,0.9326577677712301,0.9326577677712301,0.0,0.0,0.0,0.9326577677712301,0.9326577677712301,0.9326577677712301,4.0,0.0,0.0908983577180024,0,0,0,0,0,0,0,1.81,7.901377353792616,False,False,True,False,True,True,,,45.0,65.0
14935,Clim8 Invest,https://www.crunchbase.com/organization/clim8-invest,United Kingdom,51.4893335,-0.1440551,2019,1.0,True,True,True,False,False,False,False,False,True,False,False,True,False,False,1,3,13,True,False,True,False,2.0,True,11.687994,False,2020-05-01,2021-06-02,Equity Crowdfunding,2020,24.142857142857142,True,True,True,False,6.8,2.6,False,False,True,True,False,False,False,False,True,True,True,True,11,2,True,True,False,True,True,True,True,True,True,True,True,True,True,True,True,13,2.0,True,True,False,True,True,False,False,False,False,True,False,True,True,1939,5,True,2413,541,0.2242022378781599,0.2022893974662933,0.004639509600861782,0.05436033237580091,0.0,0.4984019662711483,0.0,0.06342038777176773,0.4984019662711483,0.0,0.0,0.0,0.10662864400205337,0.0,0.6348389694048349,20.0,47.0,0.5891969573002902,1,1,0,1,0,1,0,1.81,7.901377353792616,False,False,False,False,False,False,,,45.0,65.0
14929,Protium Green Solutions,https://www.crunchbase.com/organization/protium-green-solutions,United Kingdom,51.4893335,-0.1440551,2019,1.0,True,True,True,False,True,False,False,False,False,False,False,True,False,False,1,1,2,False,False,False,False,0.0,False,0.0,True,2020-05-29,2020-05-29,Venture - Series Unknown,2020,11.5,True,,True,,15.5,3.5,False,,False,,False,,False,,False,,False,,1,0,True,,False,True,,True,,True,,True,,True,,True,,1,,True,,False,True,,False,False,False,False,False,False,True,True,1939,5,True,2413,540,0.2237878159966846,0.2019508161188909,0.004639509600861782,0.5002160355203814,0.0,1.0004320710407628,0.0,0.5002160355203814,1.0004320710407628,0.0,0.0,0.0,1.0004320710407628,1.0004320710407628,1.0004320710407628,1.0,0.0,0.0,0,0,0,0,0,0,0,1.81,7.901377353792616,False,True,True,True,True,True,,,45.0,65.0
15020,PF Nexus,https://www.crunchbase.com/organization/pf-nexus,United Kingdom,51.4893335,-0.1440551,2019,2.0,True,True,True,True,False,False,False,False,True,False,False,True,False,True,1,2,3,True,False,True,False,1.0,True,0.698151,False,2020-10-15,2022-11-03,Seed,2020,38.0,True,True,False,False,13.5,6.0,False,False,False,False,False,False,True,True,True,False,False,False,3,1,True,True,True,True,True,True,True,True,True,True,True,True,True,True,True,3,1.0,True,True,True,True,True,False,False,False,False,False,False,True,True,1939,5,True,2413,541,0.2242022378781599,0.2022893974662933,0.004639509600861782,0.0,0.0,0.0,0.0,0.0,0.0,0.0,0.0,0.0,0.0,0.0,0.0,38.0,2.0,0.3956836845416359,1,0,1,0,0,0,0,1.81,7.901377353792616,False,False,False,False,False,False,,,45.0,65.0
15066,Yayzy,https://www.crunchbase.com/organization/yayzy,United Kingdom,51.4893335,-0.1440551,2019,3.0,True,True,False,False,False,False,False,False,False,True,False,True,False,False,0,2,3,True,False,True,False,1.0,True,0.834432,False,2019-11-28,2021-06-01,Seed,2019,68.5,True,False,True,True,4.7,11.0,False,False,True,True,True,False,True,False,False,False,False,False,1,0,True,False,False,True,False,True,False,True,False,True,False,True,False,True,False,1,0.0,True,False,False,True,False,True,True,False,False,False,False,True,False,1939,5,True,2413,541,0.2242022378781599,0.2022893974662933,0.004639509600861782,4.146996707450441,0.0,10.856912543700851,0.0,0.7920387893252363,1.5840775786504726,10.856912543700851,10.856912543700851,10.856912543700851,8.108985179268856,1.5840775786504726,11.885965415455246,18.0,2.0,0.3243448974614201,1,0,0,0,0,0,0,1.81,8.006700845440367,False,False,False,False,False,False,,,45.0,65.0
15040,Thermulon,https://www.crunchbase.com/organization/thermulon,United Kingdom,54.6531916,-1.4496577,2019,3.0,True,False,True,False,True,False,False,False,False,False,False,True,True,False,1,2,2,False,False,True,False,0.0,False,0.0,True,2020-04-01,2020-04-02,Venture - Series Unknown,2020,32.0,False,,True,,5.0,2.5,True,,False,,True,,False,,False,,False,,0,0,False,,False,False,,False,,False,,False,,False,,False,,2,,True,,True,True,,False,False,False,False,False,False,True,True,26,1,True,2,1,0.5,0.4054651081081644,0.1404510248849264,0.3624396970614614,0.3624396970614614,0.3624396970614614,0.3624396970614614,0.3624396970614614,0.3624396970614614,0.0,0.0,0.0,0.0,0.0,0.0,0.0,0.0,0.0,0,0,0,0,0,0,0,1.81,7.901377353792616,False,False,True,False,True,True,,,6.0,69.0
14995,Arloid Automation,https://www.crunchbase.com/organization/arloid-automation,United Kingdom,51.4893335,-0.1440551,2019,3.0,True,True,True,False,True,False,False,False,False,True,False,True,True,False,0,1,1,False,True,True,False,0.0,False,2.6,False,2019-12-15,2019-12-15,Pre-Seed,2019,34.0,False,,True,,8.0,3.0,False,,False,,False,,False,,False,,False,,0,0,False,,False,False,,False,,False,,False,,False,,False,,0,,False,,False,False,,True,True,False,False,False,False,False,False,1939,5,True,2413,541,0.2242022378781599,0.2022893974662933,0.004639509600861782,10.856912543700851,10.856912543700851,10.856912543700851,10.856912543700851,10.856912543700851,10.856912543700851,0.0,0.0,0.0,0.0,0.0,0.0,1.0,0.0,0.0,0,0,0,0,0,0,0,1.81,8.006700845440367,False,False,False,False,False,False,,,45.0,65.0
7838,The Littery,https://www.crunchbase.com/organization/the-littery,Latvia,56.9222396,23.9726434,2019,1.0,False,False,False,False,False,False,False,False,False,True,False,True,False,False,0,1,2,False,False,True,False,0.0,False,0.141058,True,2019-04-16,2019-04-16,Pre-Seed,2019,19.5,True,,True,,36.0,0.5,True,,False,,False,,False,,False,,False,,1,0,True,,False,True,,True,,True,,True,,True,,True,,1,,True,,False,True,,False,False,False,False,False,False,True,True,19,0,False,60,6,0.1,0.0953101798043248,0.2832932137158386,0.21866102185904354,0.0,0.4373220437180871,0.0,0.21866102185904354,0.4373220437180871,0.0,0.0,0.0,0.4373220437180871,0.4373220437180871,0.4373220437180871,5.0,1.0,0.1727159991214717,1,0,0,0,0,0,0,1.81,3.616308761279101,False,False,False,False,False,False,,,2.0,10.0
15419,CorNatural,https://www.crunchbase.com/organization/cornatural,United Kingdom,51.4893335,-0.1440551,2019,2.0,True,True,False,True,True,False,False,True,False,False,False,True,False,False,0,1,2,False,False,False,False,0.0,False,0.0,True,2019-08-13,2019-08-13,Seed,2019,72.0,True,,True,,14.5,41.5,True,,True,,True,,False,,False,,False,,1,0,True,,False,True,,True,,True,,True,,True,,True,,1,,True,,False,True,,True,True,True,False,False,False,True,False,1939,5,True,2413,541,0.2242022378781599,0.2022893974662933,0.004639509600861782,2.8190670740516253,0.0,5.6381341481032505,0.0,2.8190670740516253,5.6381341481032505,0.0,0.0,0.0,5.6381341481032505,5.6381341481032505,5.6381341481032505,19.0,12.0,0.4642545507118644,1,0,0,1,0,0,0,1.81,8.006700845440367,False,False,False,False,False,False,,,45.0,65.0
6589,Clever Solar Devices,https://www.crunchbase.com/organization/clever-solar-devices,Spain,27.9064458,-15.6687052,2019,1.0,True,False,True,True,False,False,False,False,False,False,False,True,False,False,1,2,4,False,False,True,False,0.0,False,0.74265,False,2020-11-18,2023-01-01,Seed,2020,51.0,True,,True,,28.7,5.2,False,,True,,False,,False,,True,,False,,2,0,True,,False,True,,True,,True,,True,,True,,True,,3,,True,,False,True,,False,False,False,False,False,False,True,True,4,0,False,1,0,0.0,0.0,1.3447586302911796,1.1870363959827144,0.0,2.9255757862051497,0.0,1.1870363959827144,2.9255757862051497,0.0,0.0,0.0,1.7740523504616066,0.0,2.9255757862051497,0.0,0.0,0.0,0,0,0,0,1,1,1,1.81,6.68586094706836,False,False,False,False,False,False,,,0.0,0.0
15302,CompAir,https://www.crunchbase.com/organization/compair-a0b3,United Kingdom,51.4893335,-0.1440551,2019,2.0,True,True,False,False,True,False,False,False,False,False,False,True,False,False,1,2,2,True,False,True,False,1.0,True,0.038882,True,2020-09-16,2021-06-15,Pre-Seed,2020,108.5,True,True,False,False,9.0,4.5,True,True,False,False,True,True,False,False,False,False,False,False,2,1,True,True,True,True,True,True,True,True,True,True,True,True,True,True,True,2,1.0,True,True,True,True,True,False,False,False,False,False,False,True,True,1939,5,True,2413,541,0.2242022378781599,0.2022893974662933,0.004639509600861782,0.0,0.0,0.0,0.0,0.0,0.0,0.0,0.0,0.0,0.0,0.0,0.0,101.0,5.0,0.5547889854547614,1,1,1,0,0,0,1,1.81,7.901377353792616,False,False,False,False,False,False,,,45.0,65.0
15356,Phycobloom,https://www.crunchbase.com/organization/phycobloom,United Kingdom,51.4893335,-0.1440551,2019,2.0,True,True,True,True,True,False,False,True,False,False,False,True,False,False,1,2,2,True,False,True,False,1.0,True,0.0,True,2020-12-02,2021-01-14,Seed,2020,27.0,True,True,False,False,1.5,0.0,True,True,False,False,True,False,False,False,False,False,True,False,2,1,True,True,True,True,True,True,True,True,True,True,True,True,True,True,True,2,1.0,True,True,True,True,True,False,False,False,False,False,False,True,True,1939,5,True,2413,541,0.2242022378781599,0.2022893974662933,0.004639509600861782,0.0,0.0,0.0,0.0,0.0,0.0,0.0,0.0,0.0,0.0,0.0,0.0,3.0,2.0,0.1697730111149502,1,0,0,0,0,0,0,1.81,7.901377353792616,False,False,False,False,False,False,,,45.0,65.0
9150,Kitekraft,https://www.crunchbase.com/organization/kitekraft,Germany,48.1371079,11.5753822,2019,4.0,True,True,True,True,False,False,False,False,False,False,False,True,False,False,0,2,2,True,False,True,False,1.0,True,1.566454,False,2019-01-01,2020-08-24,Venture - Series Unknown,2019,5.0,False,False,True,True,10.0,427.0,False,False,True,True,True,True,False,False,False,False,False,False,0,0,False,False,False,False,False,False,False,False,False,False,False,False,False,False,False,0,0.0,False,False,False,True,False,True,True,True,False,True,False,True,False,304,2,True,222,80,0.3603603603603603,0.3077496355025901,0.0,6.3859134396269255,0.2421466990858727,9.457796809897452,0.2421466990858727,4.849971754491663,9.457796809897452,9.457796809897452,9.457796809897452,9.457796809897452,6.261319740473701,0.0,9.391979610710552,1.0,11.0,0.2284728218022294,1,0,0,0,0,1,0,1.81,7.650168700845001,False,False,True,False,True,True,,,5.0,14.0
9122,Pionierkraft,https://www.crunchbase.com/organization/pionierkraft,Germany,48.1371079,11.5753822,2019,2.0,True,True,True,False,False,False,False,False,False,False,False,True,False,False,1,2,1,True,True,False,True,1.0,True,1.087381,False,2020-06-23,2021-03-17,Series A,2020,153.0,False,False,True,True,10.5,7.0,True,True,False,False,True,True,False,False,False,False,False,False,0,0,False,False,False,False,False,False,False,False,False,False,False,False,False,False,False,0,0.0,False,False,False,False,False,False,False,False,False,False,False,True,True,304,2,True,222,80,0.3603603603603603,0.3077496355025901,0.0,0.5709697495847224,0.5709697495847224,0.5709697495847224,0.5709697495847224,0.5709697495847224,0.5709697495847224,0.5709697495847224,0.5709697495847224,0.5709697495847224,0.0,0.0,0.0,0.0,0.0,0.0,0,0,0,0,0,0,0,1.81,7.550135342488429,False,False,True,False,True,True,,,5.0,14.0
9467,Kalea,https://www.crunchbase.com/organization/kalea,Germany,48.7784485,9.1800132,2019,3.0,False,False,False,False,True,False,True,False,False,False,False,True,False,False,0,1,1,False,True,True,False,0.0,False,0.0,True,2019-11-01,2019-11-01,Pre-Seed,2019,9.0,True,,False,,1.0,2.0,True,,False,,False,,False,,False,,True,,0,0,False,,False,True,,True,,True,,True,,True,,True,,1,,True,,True,False,,False,False,False,False,True,True,True,True,62,0,False,33,8,0.2424242424242424,0.2170645052378275,0.16317386253745605,0.019251998398846695,0.019251998398846695,0.019251998398846695,0.019251998398846695,0.019251998398846695,0.019251998398846695,0.0,0.0,0.0,0.0,0.0,0.0,1.0,0.0,0.0,0,0,0,0,0,0,0,1.81,7.650168700845001,False,False,False,False,False,False,,,0.4000000000000021,3.0
11319,Fibersail,https://www.crunchbase.com/organization/fibersail,Portugal,41.1494512,-8.6107884,2019,3.0,True,False,True,True,False,False,False,False,False,True,False,True,False,False,0,3,6,True,False,False,False,2.0,True,6.115833,False,2016-04-01,2022-04-06,Venture - Series Unknown,2016,94.33333333333331,False,False,True,True,14.4,5.9,True,True,True,True,True,True,False,False,True,False,False,False,0,0,False,False,False,False,False,False,False,False,False,False,False,False,False,False,False,2,0.0,True,False,False,True,True,False,False,False,False,False,False,True,True,9,0,False,14,4,0.2857142857142857,0.251314428280906,0.2751799827428438,1.2662782902259253,0.27517998274284416,1.6118367600019867,0.27517998274284416,1.1592816954006848,1.6118367600019867,1.5698199269124604,1.587268074701647,1.6047162224908333,0.8237669461752888,0.0,1.8644845810056878,2.0,2.0,0.1412342220372826,0,0,0,0,1,0,0,1.81,3.0155349008501706,False,False,True,False,True,True,,,6.0,15.0
14820,Greyparrot,https://www.crunchbase.com/organization/greyparrot-ai,United Kingdom,51.4893335,-0.1440551,2019,3.0,True,True,False,False,True,False,False,False,False,True,False,True,False,True,0,3,5,True,False,True,False,1.0,True,4.759505,False,2019-03-01,2020-11-13,Corporate Round,2019,325.75,True,False,True,True,15.4,70.2,False,False,True,True,True,False,False,False,False,False,False,False,1,0,True,False,False,True,False,True,False,True,False,True,False,True,False,True,False,1,0.0,True,False,False,True,True,True,True,True,False,True,False,True,False,1939,5,True,2413,540,0.2237878159966846,0.2019508161188909,0.004639509600861782,4.231883223906255,0.0,8.63688646175922,0.0,4.97974865323596,8.63688646175922,1.2404215065874356,1.2404215065874356,1.2404215065874356,5.28288275077872,0.5505141601782939,9.652076960116252,114.0,69.0,0.7925719251511714,1,1,1,1,0,1,1,1.81,8.006700845440367,False,True,True,True,True,True,,,45.0,65.0
13008,Inion software,https://www.crunchbase.com/organization/inion-5456,Lithuania,54.6870458,25.2829111,2019,3.0,True,False,True,True,False,False,False,False,False,True,False,True,False,False,0,2,3,True,False,True,False,1.0,True,0.64784,False,2019-08-14,2020-08-14,Seed,2019,30.5,True,True,False,False,2.2,1.2,True,True,False,False,True,False,False,False,False,False,False,False,4,2,True,True,True,True,True,True,True,True,True,True,True,True,True,True,True,4,2.0,True,True,True,False,False,False,False,False,False,False,False,True,True,53,0,False,82,10,0.1219512195121951,0.1150693297847871,0.3931527714736103,0.0,0.0,0.0,0.0,0.0,0.0,0.0,0.0,0.0,0.0,0.0,0.0,12.0,7.0,0.3768801551063721,1,0,0,0,0,0,0,1.81,3.616308761279101,False,False,False,False,False,False,,,8.0,21.0
14859,Recycleye,https://www.crunchbase.com/organization/recycleye,United Kingdom,51.4893335,-0.1440551,2019,2.0,True,True,False,False,False,False,False,False,False,True,False,True,False,False,1,2,7,True,False,False,False,3.0,True,6.379388,False,2020-12-15,2021-09-22,Series A,2020,69.54545454545455,True,True,True,True,7.7,12.2,True,False,True,True,False,False,False,False,True,True,False,False,6,2,True,True,False,True,True,True,True,True,True,True,True,True,True,True,True,7,2.0,True,True,False,True,True,True,True,True,False,True,False,True,False,1939,5,True,2413,541,0.2242022378781599,0.2022893974662933,0.004639509600861782,1.6824789483291467,0.0,6.352774091655088,0.0,1.519311792495691,5.569791902778005,0.0,2.117591363885029,6.352774091655088,2.7533389262939716,0.0,7.0836060954368865,57.0,35.0,0.6635281413276397,1,1,1,1,0,0,0,1.81,7.901377353792616,False,False,True,False,True,True,,,45.0,65.0
14831,Shellworks,https://www.crunchbase.com/organization/shellworks,United Kingdom,51.4893335,-0.1440551,2019,2.0,True,True,False,False,True,False,False,True,False,False,False,True,False,False,1,2,12,True,False,True,False,1.0,True,7.02,False,2020-09-01,2022-05-05,Seed,2020,163.30769230769232,True,True,True,False,9.2,42.5,True,False,True,True,True,False,False,False,True,True,False,False,7,1,True,True,False,True,True,True,True,True,True,True,True,True,True,True,True,7,1.0,True,True,False,True,True,True,True,True,False,False,False,True,False,1939,5,True,2413,541,0.2242022378781599,0.2022893974662933,0.004639509600861782,2.5343911313436593,0.0,8.616713337577476,0.0,2.7455903922889644,8.616713337577476,0.0,0.0,0.0,3.730879867287427,0.0,8.953058873364853,198.0,76.0,0.8557351041900988,1,1,1,1,0,1,1,1.81,7.901377353792616,False,False,False,False,False,False,,,45.0,65.0
14843,Emitwise,https://www.crunchbase.com/organization/emitwise,United Kingdom,51.4893335,-0.1440551,2019,3.0,True,True,False,False,True,False,False,False,False,True,False,True,False,False,0,3,9,True,False,True,False,1.0,True,6.6,False,2019-09-27,2021-05-24,Series A,2019,77.46153846153847,True,False,True,True,6.9,19.8,True,True,True,False,False,False,False,False,False,False,False,False,4,0,True,False,False,True,False,True,False,True,False,True,False,True,False,True,False,4,0.0,True,False,False,True,False,True,True,True,False,True,False,True,False,1939,5,True,2413,541,0.2242022378781599,0.2022893974662933,0.004639509600861782,4.900580341650049,0.0,11.63361515931396,0.0,4.83293568275367,11.63361515931396,5.712316248406614,5.712316248406614,5.712316248406614,5.5816710637277644,0.0,12.28367507222579,12.0,22.0,0.4739781022176311,1,0,0,1,0,0,0,1.81,8.006700845440367,False,False,True,False,True,True,,,45.0,65.0
8948,Circunomics,https://www.crunchbase.com/organization/circunomics,Germany,49.9995205,8.2736253,2019,3.0,True,False,True,False,False,False,False,False,False,True,False,True,False,True,1,2,5,False,False,True,False,0.0,False,2.558556,False,2020-03-01,2021-06-21,Series A,2020,4.0,False,,True,,7.7,0.0,False,,False,,False,,False,,False,,False,,0,0,False,,False,False,,False,,False,,False,,False,,False,,1,,True,,False,True,,True,True,False,False,True,False,True,False,104,0,False,5,0,0.0,0.0,0.2925534304625233,3.0684367876696874,0.4528068331330033,10.295646239359225,0.4528068331330033,3.0684367876696874,10.295646239359225,0.0,0.0,0.0,5.093900254151898,0.5264909530185515,10.937077436048934,0.0,0.0,0.0,0,0,0,0,1,1,0,1.81,7.550135342488429,False,False,True,False,True,True,,,0.0,1.0
8959,Klima,https://www.crunchbase.com/organization/klima,Germany,52.510885,13.3989367,2019,3.0,True,True,False,False,False,False,False,False,False,True,False,True,False,True,0,2,7,True,False,True,False,1.0,True,6.779202,False,2019-10-14,2020-08-12,Series A,2019,129.75,True,False,True,True,13.0,34.2,False,False,True,True,False,False,False,False,True,False,False,False,5,0,True,False,False,True,False,True,False,True,False,True,False,True,False,True,False,6,0.0,True,False,False,True,False,True,True,True,False,True,False,True,False,539,3,True,748,272,0.3636363636363636,0.3101549283038395,0.0,2.3392488650467866,0.0,9.105379103297077,0.0,0.08387211896335718,0.503232713780143,9.105379103297077,9.105379103297077,9.105379103297077,4.015652684273898,0.0,9.434160278898844,43.0,43.0,0.6545736198105516,1,1,1,1,0,1,1,1.81,7.650168700845001,False,False,True,False,True,True,,,18.800000000000068,29.0
8991,Tvarit,https://www.crunchbase.com/organization/tvarit,Germany,50.1106444,8.6820917,2019,2.0,True,False,True,False,True,False,False,False,False,False,False,True,False,True,0,3,3,True,False,False,False,2.0,True,3.00522,False,2019-12-09,2022-05-24,Series A,2019,26.2,True,True,True,True,6.0,1.0,True,True,False,False,False,False,False,False,False,False,False,False,3,2,True,True,False,True,True,True,True,True,True,True,True,True,True,True,True,5,3.0,True,True,True,True,True,False,False,False,False,True,True,True,True,105,0,False,35,15,0.4285714285714285,0.3566749439387323,0.30406814137426386,0.06712912555594445,0.0,0.3040681413742637,0.0,0.01578874320272932,0.03157748640545864,0.0,0.10135604712475456,0.3040681413742637,0.13319259751589668,0.0,0.3249890918197995,4.0,2.0,0.1919094156907527,1,0,0,0,1,1,1,1.81,7.650168700845001,False,False,True,False,True,True,,,0.0,2.0
12216,SmartHelio,https://www.crunchbase.com/organization/smarthelio,Switzerland,46.5218269,6.6327025,2019,2.0,True,True,True,True,False,False,False,False,False,True,False,True,False,False,1,3,6,True,False,True,False,1.0,True,5.58,False,2020-09-09,2022-12-14,Seed,2020,305.6,True,True,True,False,13.3,208.9,False,False,True,False,True,False,False,False,False,False,False,False,1,1,True,True,False,True,True,True,True,True,True,True,True,True,True,True,True,2,1.0,True,True,False,True,True,True,True,True,False,True,False,True,False,46,1,True,51,9,0.1764705882352941,0.1625189294977749,0.0,6.229611011868741,0.0,9.377759643238843,0.17311775649125224,7.267879513846864,9.377759643238843,0.0,0.0,0.0,4.945253752652408,0.0,9.391979610710552,0.0,0.0,0.0,0,0,0,0,0,0,0,1.81,6.2166061010848646,False,False,False,False,False,False,,,7.0,14.0
12276,Helio,https://www.crunchbase.com/organization/helio-2e2e,Switzerland,47.3744489,8.5410422,2019,2.0,True,True,False,False,False,False,False,False,False,True,False,True,False,False,1,2,8,True,False,True,False,1.0,True,5.325384,False,2020-05-31,2023-10-05,Seed,2020,63.888888888888886,True,True,True,False,8.6,3.9,True,False,True,False,True,False,True,False,False,False,False,False,3,1,True,True,False,True,True,True,True,True,True,True,True,True,True,True,True,3,1.0,True,True,False,True,True,True,True,True,False,True,False,True,False,321,2,True,145,37,0.2551724137931034,0.2272729446562209,0.0,1.2601665059002598,0.0,8.56889829349077,0.0,1.4176873191377921,8.56889829349077,0.0,0.0,0.0,2.2113012406936283,0.0,8.569124507606503,4.0,1.0,0.154629239632742,0,0,0,0,0,0,0,1.81,6.2166061010848646,False,False,False,False,False,False,,,10.800000000000011,22.80000000000001
11848,Fincovi,https://www.crunchbase.com/organization/fincovi,Ireland,53.4228434,-7.9425897,2019,3.0,True,False,True,False,False,False,False,False,True,True,False,True,False,False,1,1,3,True,False,False,False,1.0,True,0.702281,False,2020-04-03,2020-04-03,Seed,2020,77.0,True,True,True,False,17.0,8.7,True,True,False,False,True,False,False,False,False,False,False,False,0,0,False,False,False,True,True,True,True,False,False,False,False,False,False,False,False,2,1.0,True,True,True,True,False,False,False,False,False,False,False,True,True,0,0,False,0,0,0.0,0.0,0.11184634601688995,0.09002334441561552,0.0677399103300523,0.11230677850117873,0.11230677850117873,0.11230677850117873,0.11230677850117873,0.0677399103300523,0.0677399103300523,0.0677399103300523,0.16535425432413364,0.16535425432413364,0.16535425432413364,0.0,0.0,0.0,0,0,0,0,1,1,1,1.81,5.303304908059076,True,False,False,True,True,True,2021-05-17,2.0,0.0,0.0
4737,SolarDuck,https://www.crunchbase.com/organization/solarduck,The Netherlands,51.8474946,5.8637771,2019,5.0,True,False,True,True,True,False,False,False,False,False,False,True,False,False,1,2,2,False,False,True,False,2.0,True,4.500943,False,2020-06-01,2022-04-21,Venture - Series Unknown,2020,52.0,False,False,True,True,2.0,2.0,True,True,False,False,True,True,False,False,False,False,False,False,0,0,False,False,False,False,False,False,False,False,False,False,False,False,False,False,False,0,0.0,False,False,False,True,True,False,False,False,False,False,False,True,True,22,1,True,15,2,0.1333333333333333,0.125163142954006,0.08840311608630631,0.8726444238604525,0.7920262524115845,0.9532625953093202,0.0,0.0,0.0,0.7920262524115845,0.8726444238604525,0.9532625953093202,0.3058328175538439,0.3058328175538439,0.3058328175538439,0.0,0.0,0.0,0,0,0,0,0,1,0,1.81,6.55250788703459,False,False,True,False,True,True,,,0.0,6.0
4776,Orbisk,https://www.crunchbase.com/organization/orbisk,The Netherlands,52.0907006,5.1215634,2019,3.0,True,False,False,False,True,False,True,False,False,True,False,True,False,False,1,3,4,True,False,True,False,3.0,True,2.732999,False,2020-02-01,2022-12-22,Series A,2020,36.25,True,True,True,True,22.5,1.9,True,True,True,True,False,False,False,False,False,False,False,False,0,0,False,False,False,True,True,True,True,True,True,True,True,False,False,False,False,5,2.0,True,True,False,True,True,True,True,True,False,False,False,True,False,381,1,True,35,5,0.1428571428571428,0.1335313926245225,0.035062214289133406,1.9009787866061572,0.03506221428913354,6.523622471873527,0.03506221428913354,2.6347322505475814,6.523622471873527,0.03506221428913354,0.6780563467037835,1.942814945409632,3.2796680341913462,0.0,8.207398865936705,7.0,4.0,0.2855024315141825,1,0,0,0,1,1,1,1.81,6.55250788703459,False,False,True,False,True,True,,,2.0,4.200000000000003
5063,Project Cece,https://www.crunchbase.com/organization/project-cece,The Netherlands,52.3730796,4.8924534,2019,3.0,True,True,False,False,True,True,False,False,False,True,True,True,False,False,0,3,3,True,False,True,False,2.0,True,0.257541,True,2019-04-03,2022-04-14,Pre-Seed,2019,35.0,True,True,True,True,6.7,183.3,False,False,True,True,True,True,False,False,False,False,False,False,1,1,True,True,False,True,True,True,True,True,True,True,True,True,True,True,True,1,1.0,True,True,False,True,True,True,True,True,False,False,False,True,False,337,1,True,296,62,0.2094594594594594,0.1901735320766399,0.0,2.625010173599602,0.0,7.742532028270947,0.1324984925278587,0.1324984925278587,0.1324984925278587,0.0,3.8712660141354736,7.742532028270947,5.224597230311744,0.1324984925278587,7.7987611701364274,10.0,14.0,0.4181049049197158,1,0,0,1,0,1,0,1.81,6.2166061010848646,False,False,False,False,False,False,,,6.0,14.0
4975,Susphos,https://www.crunchbase.com/organization/susphos,The Netherlands,52.3730796,4.8924534,2019,1.0,True,True,False,False,True,False,False,False,False,False,False,True,False,False,0,1,1,False,True,True,False,0.0,False,0.332344,True,2019-11-19,2019-11-19,Venture - Series Unknown,2019,47.0,True,,False,,1.0,0.0,False,,False,,False,,False,,False,,False,,1,0,True,,True,True,,True,,True,,True,,True,,True,,1,,True,,True,True,,False,False,False,False,False,False,True,True,337,1,True,296,62,0.2094594594594594,0.1901735320766399,0.0,0.0,0.0,0.0,0.0,0.0,0.0,0.0,0.0,0.0,0.0,0.0,0.0,6.0,3.0,0.2517390182913285,1,0,0,0,0,0,0,1.81,6.2166061010848646,False,False,True,False,True,True,,,6.0,14.0
4926,Bringly,https://www.crunchbase.com/organization/bringly,The Netherlands,52.3730796,4.8924534,2019,2.0,True,True,False,False,True,True,False,False,False,False,False,True,False,False,1,3,5,True,False,False,False,3.0,True,1.643674,False,2020-02-13,2023-04-04,Seed,2020,13.0,True,True,True,False,4.4,0.5,True,True,False,False,False,False,False,False,False,False,False,False,5,3,True,True,False,True,True,True,True,True,True,True,True,True,True,True,True,5,3.0,True,True,False,True,True,False,False,False,False,False,False,True,True,337,1,True,296,62,0.2094594594594594,0.1901735320766399,0.0,0.13602730455889397,0.0,0.8161638273533639,0.0,0.27205460911778795,0.8161638273533639,0.0,0.0,0.0,0.27205460911778795,0.0,0.8161638273533639,8.0,3.0,0.2766700451007435,1,0,0,0,0,0,0,1.81,6.55250788703459,False,False,False,False,False,False,,,6.0,14.0
3211,Futura gaia,https://www.crunchbase.com/organization/futura-gaia,France,43.83093,4.436729,2019,1.0,True,False,False,False,False,False,True,False,False,False,False,True,False,False,1,1,1,False,True,False,False,0.0,False,2.737911,False,2020-04-01,2020-04-01,Series A,2020,14.0,False,,True,,0.0,0.0,True,,False,,False,,False,,False,,False,,0,0,False,,False,False,,False,,False,,False,,False,,False,,1,,True,,True,True,,False,False,False,False,False,False,True,True,1,0,False,0,0,0.0,0.0,0.3290847115809506,0.5809737556421405,0.5809737556421405,0.5809737556421405,0.5809737556421405,0.5809737556421405,0.5809737556421405,0.0,0.0,0.0,0.0,0.0,0.0,0.0,0.0,0.0,0,0,0,0,1,1,1,1.81,7.244941546337007,False,False,True,False,True,True,,,0.0,0.0
2937,Greenly,https://www.crunchbase.com/organization/greenly,France,48.8534951,2.3483915,2019,4.0,True,True,False,False,True,False,False,False,True,True,False,True,False,False,1,2,7,True,False,True,False,2.0,True,3.510524,False,2020-05-02,2021-09-09,Series B,2020,11.166666666666666,True,True,True,True,7.0,27.4,False,False,True,False,False,False,False,False,False,False,False,False,5,1,True,True,False,True,True,True,True,True,True,True,True,True,True,True,True,5,1.0,True,True,False,True,True,False,False,False,False,True,False,True,True,841,4,True,732,235,0.3210382513661202,0.2784179814919827,0.0006205248203236772,0.10961704495164196,0.0,0.41010629119478453,0.0,0.0836987564277761,0.41010629119478453,0.006217128497503843,0.17441276626130658,0.34260840402510934,0.21752528379930663,0.0,0.7461412881645282,51.0,18.0,0.5939355823881997,1,1,1,1,0,0,1,1.81,7.244941546337007,False,True,True,True,True,True,,,28.0,37.0
5995,DUCKT,https://www.crunchbase.com/organization/duckt,Estonia,59.4372155,24.7453688,2019,3.0,True,True,False,False,True,False,False,False,False,True,False,True,False,True,0,3,2,True,False,True,False,1.0,True,1.333389,False,2019-05-01,2021-04-07,Seed,2019,105.33333333333331,False,False,True,True,8.0,6.3,True,True,False,False,True,False,False,False,False,False,True,True,0,0,False,False,False,False,False,False,False,False,False,False,False,False,False,False,False,0,0.0,False,False,False,False,False,True,True,False,False,False,False,True,False,102,0,False,138,15,0.108695652173913,0.1031842362352307,0.0,1.688128412944596,1.4970026393912623,2.070379960051264,1.4970026393912623,1.4970026393912623,1.4970026393912623,2.070379960051264,2.070379960051264,2.070379960051264,1.422189194835408,0.0,2.133283792253112,1.0,5.0,0.1647419398874898,0,0,0,0,0,0,0,1.81,3.616308761279101,True,False,False,True,True,True,2022-02-10,3.0,19.0,50.0
6397,Hoop Carpool,https://www.crunchbase.com/organization/hoop-carpool,Spain,40.4237276,-3.6899043,2019,4.0,True,True,False,False,True,False,False,False,False,True,False,True,False,False,0,2,15,True,False,True,False,2.0,True,1.321708,False,2019-04-04,2023-07-11,Venture - Series Unknown,2019,17.4,True,False,True,True,23.9,1.7,True,True,True,False,True,False,True,False,False,False,True,False,2,0,True,False,False,True,False,True,False,True,False,True,False,True,False,True,False,11,1.0,True,True,False,True,True,True,True,False,False,False,False,True,False,248,2,True,257,44,0.1712062256809338,0.1580341798536559,0.0013966316113990815,1.2491414555058467,0.0,10.538200013734697,0.0,0.3947131708627905,0.5043657437075568,0.5043657437075568,5.521282878721126,10.538200013734697,1.931728387612614,0.0,10.825968214498088,8.0,0.0,0.1492082812712644,0,0,0,0,0,0,0,1.81,5.993961427306569,False,False,True,False,True,True,,,8.0,14.0
20356,Wiseair,https://www.crunchbase.com/organization/wiseair,Italy,45.4641943,9.1896346,2019,4.0,True,True,False,False,False,False,False,False,False,True,False,True,True,False,1,3,3,True,False,True,False,2.0,True,1.344371,False,2020-06-26,2021-12-14,Seed,2020,2.5,False,False,True,True,12.3,181.7,False,False,True,True,True,True,False,False,False,False,False,False,0,0,False,False,False,False,False,False,False,False,False,False,False,False,False,False,False,1,0.0,True,False,False,False,False,True,True,True,False,True,False,True,False,185,1,True,148,29,0.1959459459459459,0.178937458809714,0.0,3.072333201527219,0.24959767179370404,8.490215601419033,0.47718633136892186,0.47718633136892186,0.47718633136892186,0.24959767179370404,4.369906636606369,8.490215601419033,5.97256836949578,0.6966964943188362,8.958795872897534,2.0,0.0,0.0402231640645322,0,0,0,0,0,0,0,1.81,5.993961427306569,False,False,False,False,False,False,,,4.0,8.0
6347,APLANET,https://www.crunchbase.com/organization/aplanet,Spain,43.2630018,-2.9350039,2019,2.0,True,False,False,False,False,False,False,False,False,True,False,True,False,False,1,2,6,True,False,False,False,2.0,True,2.013979,False,2020-09-17,2021-12-03,Series A,2020,49.2,True,True,True,False,11.4,22.2,True,False,True,True,False,False,False,False,True,False,False,False,2,2,True,True,False,True,True,True,True,True,True,True,True,True,True,True,True,4,2.0,True,True,False,True,False,True,True,True,False,False,False,True,False,21,0,False,24,3,0.125,0.1177830356563834,0.3228302338508456,1.2255992011605974,0.0,5.697380026368586,0.4575964596428687,1.838398801740896,5.697380026368586,0.0,0.0,0.0,2.2947415778819673,0.0,6.154919514330433,8.0,0.0,0.1492082812712644,0,0,0,0,1,1,1,1.81,6.68586094706836,False,False,True,False,True,True,,,0.0,1.400000000000002
20240,Finapp,https://www.crunchbase.com/organization/finapp,Italy,45.391408,11.8058487,2019,1.0,True,False,True,True,False,False,True,False,False,False,False,True,False,False,1,1,1,False,True,True,True,1.0,True,0.2,True,2020-01-01,2020-01-01,Pre-Seed,2020,9.0,False,False,True,True,1.0,0.0,False,False,False,False,False,False,False,False,False,False,False,False,0,0,False,False,False,False,False,False,False,False,False,False,False,False,False,False,False,0,0.0,False,False,False,False,False,False,False,False,False,False,False,True,True,12,0,False,6,1,0.1666666666666666,0.1541506798272582,0.20431393613843182,0.6325362174850891,0.6325362174850891,0.6325362174850891,0.0,0.0,0.0,0.6325362174850891,0.6325362174850891,0.6325362174850891,0.0,0.0,0.0,0.0,0.0,0.0,0,0,0,0,1,1,1,1.81,5.993961427306569,False,False,False,False,False,False,,,0.0,0.0
5919,Single.Earth,https://www.crunchbase.com/organization/single-earth,Estonia,59.4372155,24.7453688,2019,2.0,True,True,False,False,False,False,False,False,True,True,False,True,False,False,1,2,3,True,False,True,False,2.0,True,8.237542,False,2020-07-01,2021-07-06,Seed,2020,76.0,True,True,True,True,4.0,8.0,False,False,True,True,False,False,False,False,True,True,False,False,0,0,False,False,False,True,True,False,False,False,False,False,False,False,False,False,False,0,0.0,False,False,False,True,True,False,False,False,False,False,False,True,True,102,0,False,138,16,0.1159420289855072,0.1096989172564244,0.0,0.18095435291128464,0.08241180752014504,0.3780394436935638,0.08241180752014504,0.08241180752014504,0.08241180752014504,0.08241180752014504,0.23022562560685442,0.3780394436935638,0.2640111694842467,0.0,0.3960167542263701,4.0,10.0,0.3113709856974924,1,0,0,0,0,0,0,1.81,3.845883202923601,False,False,False,False,False,False,,,19.0,50.0
5368,Global Sustainable Enterprise System,https://www.crunchbase.com/organization/global-sustainable-enterprise-system,The Netherlands,51.9244424,4.47775,2019,1.0,True,False,False,False,True,False,False,False,False,True,False,True,False,False,1,1,1,False,True,True,True,1.0,True,0.0,True,2020-06-09,2020-06-09,Undisclosed,2020,0.0,False,False,True,True,14.0,545.0,False,False,True,True,True,True,False,False,False,False,False,False,0,0,False,False,False,False,False,False,False,False,False,False,False,False,False,False,False,0,0.0,False,False,False,False,False,True,True,True,True,False,False,False,False,118,2,True,43,5,0.1162790697674418,0.1100008952143284,0.05735189574909011,7.752778909584272,7.752778909584272,7.752778909584272,0.0,0.0,0.0,7.752778909584272,7.752778909584272,7.752778909584272,0.0,0.0,0.0,5.0,0.0,0.1089851172067322,0,0,0,0,0,0,1,1.81,6.55250788703459,False,False,False,False,False,False,,,1.0,5.0
18859,Scindo,https://www.crunchbase.com/organization/scindo,United Kingdom,51.4893335,-0.1440551,2020,3.0,True,True,False,False,True,False,False,True,False,False,False,True,False,False,0,2,8,True,False,True,False,1.0,True,0.0,True,2020-05-05,2022-04-28,Seed,2020,104.0,True,True,True,False,8.7,14.0,True,False,True,False,True,False,False,False,True,False,False,False,1,1,True,True,False,True,True,True,True,True,True,True,True,True,True,True,True,1,1.0,True,True,False,True,True,True,True,True,False,False,False,True,False,1939,5,True,2516,555,0.2205882352941176,0.1993329026204912,0.004639509600861782,6.6940954575398335,0.0,8.616713337577476,5.537858436570721,7.650394808616953,8.616713337577476,0.0,0.0,0.0,3.6061523715243666,0.0,8.616713337577476,26.0,4.0,0.4061719237077793,1,0,1,0,0,0,0,-5.65,7.901377353792616,False,False,False,False,False,False,,,45.0,65.0
9094,Klim,https://www.crunchbase.com/organization/klim,Germany,52.510885,13.3989367,2020,3.0,True,True,False,False,False,False,True,False,True,True,False,True,False,False,0,3,10,True,False,True,False,3.0,True,6.506396,False,2020-09-01,2022-09-08,Series A,2020,35.07692307692308,True,True,True,True,7.6,2.5,True,True,True,True,False,False,False,False,True,False,False,False,5,2,True,True,False,True,True,True,True,True,True,True,True,True,True,True,True,10,3.0,True,True,False,True,True,True,True,True,False,True,False,True,False,539,3,True,787,282,0.3583227445997459,0.306250662607642,0.0,1.4279345519995676,0.0,9.105379103297077,0.0,1.8059916462214236,9.105379103297077,0.0,0.16774423792671436,0.503232713780143,2.485889033313779,0.0,9.434160278898844,22.0,11.0,0.4707598239182601,1,0,0,0,0,0,0,-5.65,7.550135342488429,False,False,True,False,True,True,,,18.800000000000068,29.0
9031,ACCURE Battery Intelligence,https://www.crunchbase.com/organization/accure-battery-intelligence,Germany,50.776351,6.083862,2020,3.0,True,False,True,False,True,False,False,False,False,True,False,True,False,False,0,1,2,True,False,False,False,1.0,True,2.685347,False,2020-09-24,2020-09-24,Series B,2020,60.0,True,True,True,False,6.0,12.0,False,False,True,True,False,False,False,False,True,False,False,False,0,0,False,False,False,True,True,True,True,False,False,False,False,False,False,False,False,2,1.0,True,True,True,True,False,False,False,False,False,True,True,True,True,35,1,True,14,4,0.2857142857142857,0.251314428280906,0.1219513284968775,0.2787486692157611,0.06408004557154459,0.4934172928599776,0.4934172928599776,0.4934172928599776,0.4934172928599776,0.06408004557154459,0.06408004557154459,0.06408004557154459,0.4558451250145035,0.4558451250145035,0.4558451250145035,2.0,3.0,0.1676849278940113,0,0,0,0,1,1,1,-5.65,7.550135342488429,False,True,True,True,True,True,,,0.0,2.0
9049,HeyCharge,https://www.crunchbase.com/organization/heycharge,Germany,48.1371079,11.5753822,2020,2.0,True,True,True,False,True,False,False,False,False,False,False,True,True,False,0,3,9,True,False,True,False,3.0,True,4.848845,False,2020-09-01,2022-01-13,Seed,2020,29.25,False,False,True,True,6.2,74.4,True,False,True,True,True,True,True,False,False,False,True,True,0,0,False,False,False,False,False,False,False,False,False,False,False,False,False,False,False,4,1.0,True,True,False,True,True,True,True,True,False,True,False,True,False,304,2,True,232,82,0.3534482758620689,0.3026556142419433,0.0,4.466074635359702,0.2525982478148549,9.457796809897452,0.2525982478148549,3.462640897443711,9.434160278898844,0.503232713780143,6.472942111191682,9.457796809897452,5.142027432367879,0.0,9.241567042381734,2.0,0.0,0.0402231640645322,0,0,0,0,0,0,0,-5.65,7.550135342488429,False,False,False,False,False,False,,,5.0,14.0
9400,HARPOCRATES Solutions,https://www.crunchbase.com/organization/harpocrates-solutions,Germany,52.510885,13.3989367,2020,3.0,True,True,False,False,True,False,False,False,True,True,False,True,False,False,0,2,2,False,False,True,False,0.0,False,0.0,True,2020-08-28,2020-11-19,Pre-Seed,2020,67.0,False,,True,,6.0,1.5,False,,False,,True,,True,,False,,False,,0,0,False,,False,False,,False,,False,,False,,False,,False,,0,,False,,False,False,,True,True,False,False,False,False,False,False,539,3,True,787,282,0.3583227445997459,0.306250662607642,0.0,15.973808745975061,15.973808745975061,15.973808745975061,15.973808745975061,15.973808745975061,15.973808745975061,0.0,0.0,0.0,0.0,0.0,0.0,0.0,0.0,0.0,0,0,0,0,0,0,0,-5.65,7.550135342488429,False,False,False,False,False,False,,,18.800000000000068,29.0
11487,S&DG Consulting,https://www.crunchbase.com/organization/s-dg-consulting,Portugal,40.2111931,-8.4294632,2020,1.0,True,False,True,False,False,False,False,False,False,False,False,True,False,False,0,1,1,False,True,False,False,0.0,False,0.122535,True,2020-12-29,2020-12-29,Seed,2020,257.0,False,,True,,8.0,32.0,True,,False,,False,,False,,False,,False,,0,0,False,,False,False,,False,,False,,False,,False,,False,,1,,True,,True,True,,False,False,False,False,False,False,True,True,5,0,False,12,1,0.0833333333333333,0.0800427076735364,0.17785466043470477,0.17085231249139549,0.17085231249139549,0.17085231249139549,0.17085231249139549,0.17085231249139549,0.17085231249139549,0.0,0.0,0.0,0.0,0.0,0.0,11.0,0.0,0.1777470703489321,1,0,0,0,1,0,1,-5.65,3.7184382563554808,False,False,False,False,False,False,,,1.0,8.0
9254,Sunvigo,https://www.crunchbase.com/organization/sunvigo,Germany,50.938361,6.959974,2020,3.0,False,False,True,True,False,False,False,False,False,False,False,True,False,False,0,4,5,True,False,False,False,3.0,True,8.226426,False,2020-10-12,2021-08-11,Series B,2020,230.0,True,True,True,True,8.8,41.8,True,True,True,True,True,False,False,False,False,False,False,False,0,0,False,False,False,True,True,True,True,True,True,True,True,True,True,False,False,8,2.0,True,True,False,True,True,False,False,False,False,True,True,True,True,135,0,False,66,18,0.2727272727272727,0.241162056816888,0.1832177169298696,0.25062403482131845,0.024700970716888863,0.47652351111218005,0.024700970716888863,0.2666095922247018,0.47652351111218005,0.024700970716888863,0.2186529200145517,0.41260486931221446,0.31140823855154764,0.0,0.668271913917405,10.0,0.0,0.1691153217171828,1,0,0,0,1,1,1,-5.65,7.550135342488429,False,False,True,False,True,True,,,0.0,3.0
19864,Water MiniLab,https://www.crunchbase.com/organization/water-minilab-kft,Hungary,47.4978789,19.0402383,2020,3.0,True,False,False,False,True,False,False,False,False,True,False,True,False,False,0,2,1,False,True,True,False,0.0,False,0.655884,False,2020-03-03,2021-04-27,Seed,2020,392.0,True,,False,,21.5,7.0,False,,False,,False,,False,,False,,False,,2,0,True,,True,True,,True,,True,,True,,True,,True,,2,,True,,True,False,,False,False,False,False,False,False,True,True,54,0,False,153,13,0.0849673202614379,0.0815498669641077,0.21414371872684834,0.0,0.0,0.0,0.0,0.0,0.0,0.0,0.0,0.0,0.0,0.0,0.0,81.0,6.0,0.5473109449288641,1,1,1,0,0,0,1,-5.65,4.873669439023098,False,False,False,False,False,False,,,7.0,81.0
5054,BeeSage,https://www.crunchbase.com/organization/beesage,The Netherlands,52.0799838,4.3113461,2020,2.0,True,False,False,False,False,False,True,False,False,True,False,True,False,False,0,2,3,True,False,True,False,2.0,True,0.272489,True,2020-07-21,2022-02-14,Pre-Seed,2020,243.0,False,False,True,True,11.0,186.3,True,True,True,True,True,True,False,False,False,False,False,False,0,0,False,False,False,False,False,False,False,False,False,False,False,False,False,False,False,0,0.0,False,False,False,True,False,True,True,True,False,False,False,True,False,100,2,True,41,7,0.1707317073170731,0.157628944203583,0.05127095594048748,3.5380420319922834,1.3727705587964265,7.732965863796111,1.5083896733843125,1.5083896733843125,1.5083896733843125,1.3727705587964265,4.552868211296269,7.732965863796111,5.521623072258709,0.28329321371583815,8.23696486752183,5.0,0.0,0.1089851172067322,0,0,0,0,0,0,0,-5.65,6.55250788703459,False,False,False,False,False,False,,,1.0,5.200000000000003
5058,geoFluxus,https://www.crunchbase.com/organization/geofluxus,The Netherlands,51.9244424,4.47775,2020,1.0,True,False,False,False,True,False,False,False,False,True,False,True,False,False,0,2,2,True,False,True,False,1.0,True,0.12,True,2020-03-02,2021-12-01,Seed,2020,53.0,False,False,True,True,8.0,274.0,False,False,True,True,True,True,False,False,False,False,False,False,0,0,False,False,False,False,False,False,False,False,False,False,False,False,False,False,False,0,0.0,False,False,False,True,False,True,True,True,False,False,False,True,False,118,2,True,46,5,0.108695652173913,0.1031842362352307,0.05735189574909011,4.468949327693688,1.1851197458031035,7.752778909584272,1.1851197458031035,1.1851197458031035,1.1851197458031035,7.752778909584272,7.752778909584272,7.752778909584272,8.379480611983825,8.379480611983825,8.379480611983825,6.0,0.0,0.1242772544618494,0,0,0,0,0,0,1,-5.65,6.55250788703459,False,False,False,False,False,False,,,1.0,5.0
1481,Ocean Oasis,https://www.crunchbase.com/organization/ocean-oasis,Norway,59.9723975,10.7757292,2020,2.0,True,True,True,True,True,False,False,False,False,False,False,True,False,False,0,2,2,False,False,True,False,0.0,False,0.11,True,2020-05-05,2023-02-17,Seed,2020,50.0,False,,True,,1.5,6.0,False,,True,,False,,False,,False,,False,,0,0,False,,False,False,,False,,False,,False,,False,,False,,0,,False,,False,True,,True,True,False,False,False,False,True,False,117,1,True,96,24,0.25,0.2231435513142097,0.0068796624669323235,5.608091193887587,1.1618429287471144,10.05433945902806,1.1618429287471144,5.608091193887587,10.05433945902806,0.0,0.0,0.0,10.856912543700851,10.856912543700851,10.856912543700851,11.0,9.0,0.3894564774934544,1,0,0,0,1,1,1,-5.65,4.61512051684126,False,False,False,False,False,False,,,6.0,7.600000000000008
1453,Spoor,https://www.crunchbase.com/organization/spoor,Norway,59.9723975,10.7757292,2020,3.0,True,True,True,True,True,False,False,False,False,True,False,True,False,False,0,2,10,False,False,False,False,0.0,False,4.129086,False,2020-12-31,2024-05-16,Seed,2020,5.0,True,,True,,4.0,1.4,True,,True,,False,,False,,False,,True,,3,0,True,,False,True,,True,,True,,True,,True,,True,,4,,True,,False,True,,True,True,True,False,False,False,True,False,117,1,True,96,24,0.25,0.2231435513142097,0.0068796624669323235,2.7123622975833572,0.0,10.05433945902806,0.0,2.7123622975833572,10.05433945902806,0.0,0.0,0.0,5.345864799143181,0.0,15.339585122317537,11.0,8.0,0.3797691862944328,1,0,0,0,0,1,1,-5.65,4.61512051684126,False,False,False,False,False,False,,,6.0,7.600000000000008
1420,Glint Solar,https://www.crunchbase.com/organization/glint-solar,Norway,59.9723975,10.7757292,2020,3.0,True,True,True,False,True,False,False,False,False,True,False,True,False,False,0,2,6,False,False,True,False,0.0,False,3.11,False,2020-03-25,2022-06-13,Series A,2020,11.8,False,,True,,4.4,3.7,True,,True,,False,,False,,False,,False,,0,0,False,,False,False,,False,,False,,False,,False,,False,,3,,True,,False,False,,True,True,True,False,True,False,True,False,117,1,True,96,24,0.25,0.2231435513142097,0.0068796624669323235,4.303210941354401,0.3049337743417283,10.05433945902806,0.3049337743417283,4.303210941354401,10.05433945902806,0.0,0.0,0.0,7.156492249943395,0.0,16.00501508649074,12.0,18.0,0.4564116761037997,1,0,0,1,1,1,1,-5.65,4.61512051684126,False,False,True,False,True,True,,,6.0,7.600000000000008
7826,HyMet Thermal Interfaces,https://www.crunchbase.com/organization/hymet-thermal-interfaces,Latvia,56.9222396,23.9726434,2020,1.0,True,False,True,False,True,True,False,False,False,True,False,True,False,False,0,1,1,False,True,True,True,1.0,True,0.055627,True,2020-06-01,2020-06-01,Pre-Seed,2020,5.0,True,True,False,False,11.0,0.0,False,False,False,False,True,True,False,False,False,False,False,False,1,1,True,True,True,True,True,True,True,True,True,True,True,True,True,True,True,1,1.0,True,True,True,False,False,False,False,False,False,False,False,True,True,19,0,False,67,6,0.0895522388059701,0.085766821757425,0.2832932137158386,0.0,0.0,0.0,0.0,0.0,0.0,0.0,0.0,0.0,0.0,0.0,0.0,1.0,0.0,0.0,0,0,0,0,0,0,0,-5.65,3.845883202923601,False,False,False,False,False,False,,,2.0,10.0
1040,Envar,https://www.crunchbase.com/organization/envar-630e,Sweden,59.3251172,18.0710935,2020,2.0,False,True,False,False,False,True,False,False,False,False,False,True,False,False,0,1,1,False,True,True,True,1.0,True,0.1,True,2020-11-06,2020-11-06,Pre-Seed,2020,0.0,False,False,True,True,2.0,11.0,False,False,True,True,False,False,False,False,False,False,False,False,0,0,False,False,False,False,False,False,False,False,False,False,False,False,False,False,False,0,0.0,False,False,False,False,False,True,True,False,False,False,False,False,False,334,2,True,310,64,0.2064516129032258,0.18768349993534,0.0,9.6448464348296,9.6448464348296,9.6448464348296,0.0,0.0,0.0,9.6448464348296,9.6448464348296,9.6448464348296,0.0,0.0,0.0,28.0,17.0,0.5310353062707003,1,1,1,1,0,1,1,-5.65,,False,False,False,False,False,False,,,12.0,18.200000000000017
18363,TreeCard,https://www.crunchbase.com/organization/treecard,United Kingdom,51.4893335,-0.1440551,2020,4.0,True,True,False,False,False,False,False,False,True,False,False,True,False,False,0,3,10,True,False,False,False,2.0,True,6.181383,False,2020-10-16,2021-06-01,Series A,2020,81.2,True,False,True,True,10.7,13.1,True,False,True,True,True,False,False,False,True,False,False,False,4,0,True,False,False,True,False,True,False,True,False,True,False,True,False,True,False,4,0.0,True,False,False,True,True,True,True,True,False,True,False,True,False,1939,5,True,2516,555,0.2205882352941176,0.1993329026204912,0.004639509600861782,2.4183856770954106,0.0,8.03547866867081,0.0,2.7270394495938772,8.03547866867081,0.9326577677712301,1.1837705871015447,1.4348834064318592,4.248430615073452,0.0,13.08057695348447,186.0,102.0,0.8763138255984797,1,1,1,1,0,1,1,-5.65,7.901377353792616,False,False,True,False,True,True,,,45.0,65.0
8890,Dryad Networks,https://www.crunchbase.com/organization/dryad-3351,Germany,52.510885,13.3989367,2020,4.0,True,True,False,False,False,False,False,False,False,True,False,True,False,False,0,1,2,True,False,False,False,1.0,True,2.112701,False,2020-10-06,2020-10-06,Venture - Series Unknown,2020,10.5,True,True,True,False,15.0,0.0,False,False,False,False,False,False,False,False,False,False,True,False,0,0,False,False,False,True,True,True,True,True,True,True,True,True,True,False,False,2,1.0,True,True,True,False,False,False,False,False,False,True,True,True,True,539,3,True,787,282,0.3583227445997459,0.306250662607642,0.0,0.26297746180668996,0.026069153681937376,0.49988576993144257,0.49988576993144257,0.49988576993144257,0.49988576993144257,0.026069153681937376,0.026069153681937376,0.026069153681937376,0.4764770866591153,0.4764770866591153,0.4764770866591153,1.0,0.0,0.0,0,0,0,0,0,0,0,-5.65,7.550135342488429,False,False,True,False,True,True,,,18.800000000000068,29.0
3074,Helios.do,https://www.crunchbase.com/organization/helios-do,France,48.8534951,2.3483915,2020,3.0,True,True,False,False,False,False,False,False,True,False,False,True,False,False,0,2,11,True,False,True,False,2.0,True,11.484867,False,2020-09-11,2022-04-22,Seed,2020,103.63636363636364,True,True,True,False,11.6,30.8,False,False,True,True,True,False,False,False,True,False,False,False,10,2,True,True,False,True,True,True,True,True,True,True,True,True,True,True,True,10,2.0,True,True,False,True,True,True,True,True,False,True,False,True,False,841,4,True,758,241,0.3179419525065963,0.2760713930061818,0.0006205248203236772,0.7890147708429057,0.0,8.97266563802999,0.0,0.9468177250114868,8.97266563802999,0.0,0.0,0.0,1.5771324263889586,0.0,9.408967640522562,93.0,77.0,0.7825186049401958,1,1,1,1,0,1,1,-5.65,7.244941546337007,False,False,False,False,False,False,,,28.0,37.0
3115,BeFC Bioenzymatic Fuel Cells,https://www.crunchbase.com/organization/befc-bioenzymatic-fuel-cells,France,45.1875602,5.7357819,2020,1.0,True,False,True,False,False,True,False,False,False,True,False,True,False,False,0,1,3,False,False,False,False,3.0,True,3.496948,False,2020-07-24,2020-07-24,Series A,2020,75.0,False,False,True,True,16.7,10.3,True,True,True,True,False,False,False,False,False,False,False,False,0,0,False,False,False,False,False,False,False,False,False,False,False,False,False,False,False,3,3.0,True,True,True,True,True,False,False,False,False,False,False,True,True,13,0,False,18,3,0.1666666666666666,0.1541506798272582,0.16381637173455746,0.4816555457478857,0.4816555457478857,0.4816555457478857,0.0,0.0,0.0,0.4816555457478857,0.4816555457478857,0.4816555457478857,0.0,0.0,0.0,3.0,3.0,0.196223716971679,1,0,0,0,1,1,1,-5.65,7.244941546337007,False,False,True,False,True,True,,,1.0,2.4000000000000004
18290,Nyobolt,https://www.crunchbase.com/organization/cb2tech,United Kingdom,52.2055314,0.1186637,2020,3.0,True,True,True,False,True,False,False,False,False,False,False,True,False,False,0,1,1,False,True,False,False,0.0,False,1.92972,False,2020-09-29,2020-09-29,Venture - Series Unknown,2020,165.0,True,,False,,11.0,30.0,False,,True,,False,,False,,False,,False,,0,0,False,,False,True,,False,,False,,False,,False,,False,,1,,True,,True,True,,False,False,False,False,False,False,True,True,54,1,True,108,29,0.2685185185185185,0.2378496987039052,0.0,0.0816565725707354,0.0816565725707354,0.0816565725707354,0.0816565725707354,0.0816565725707354,0.0816565725707354,0.0,0.0,0.0,0.0,0.0,0.0,22.0,13.0,0.4849330890611862,1,1,0,1,0,1,1,-5.65,7.901377353792616,False,True,True,True,True,True,,,10.0,17.0
18293,44.01,https://www.crunchbase.com/organization/44-01,United Kingdom,51.4893335,-0.1440551,2020,3.0,True,True,False,False,True,False,False,False,False,False,False,True,False,False,0,2,5,True,False,True,False,2.0,True,5.0,False,2020-10-18,2021-08-10,Series A,2020,42.4,True,False,True,True,2.6,2.6,True,False,True,False,False,False,False,False,False,False,False,False,1,0,True,False,False,True,False,True,False,True,False,True,False,True,False,True,False,1,0.0,True,False,False,True,False,True,True,True,False,False,False,True,False,1939,5,True,2516,554,0.2201907790143084,0.1990072227609116,0.004639509600861782,4.198354942929283,0.0,8.616713337577476,0.0,2.9864405805341954,8.616713337577476,5.479263515209163,6.016226486521915,6.5531894578346686,7.060342145434358,0.34260840402510934,13.021626145332123,15.0,37.0,0.5407409080829857,1,1,0,1,0,0,0,-5.65,7.901377353792616,False,True,True,True,True,True,,,45.0,65.0
2962,Cycloid,https://www.crunchbase.com/organization/cycloid,France,48.8534951,2.3483915,2020,1.0,True,True,False,False,False,False,False,False,True,True,False,True,False,False,0,1,1,False,True,False,True,1.0,True,3.368924,False,2019-03-28,2019-03-28,Series A,2019,58.0,True,True,False,False,4.0,9.0,False,False,True,True,False,False,False,False,False,False,True,True,1,1,True,True,True,True,True,True,True,True,True,True,True,True,True,True,True,1,1.0,True,True,True,True,True,False,False,False,False,False,False,True,True,841,4,True,758,241,0.3179419525065963,0.2760713930061818,0.0006205248203236772,0.0,0.0,0.0,0.0,0.0,0.0,0.0,0.0,0.0,0.0,0.0,0.0,0.0,0.0,0.0,0,0,0,0,0,0,0,-5.65,7.378383712996715,False,False,True,False,True,True,,,28.0,37.0
